solid OpenSCAD_Model
  facet normal 0 0 -1
    outer loop
      vertex -66.8 0 0
      vertex -66.7593072448756 2.3312863797270644 0
      vertex -66.63727855735625 4.65973244610757 0
    endloop
  endfacet
  facet normal 0 0 -1
    outer loop
      vertex -66.8 0 0
      vertex -66.63727855735625 4.65973244610757 0
      vertex -66.43406261060065 6.982501346279252 0
    endloop
  endfacet
  facet normal 0 0 -1
    outer loop
      vertex -66.8 0 0
      vertex -66.43406261060065 6.982501346279252 0
      vertex -66.1499069919369 9.29676314413237 0
    endloop
  endfacet
  facet normal 0 0 -1
    outer loop
      vertex -66.8 0 0
      vertex -66.1499069919369 9.29676314413237 0
      vertex -65.7851579012155 11.599698268150945 0
    endloop
  endfacet
  facet normal 0 0 -1
    outer loop
      vertex -66.8 0 0
      vertex -65.7851579012155 11.599698268150945 0
      vertex -65.34025972901821 13.888500946626323 0
    endloop
  endfacet
  facet normal 0 0 -1
    outer loop
      vertex -66.8 0 0
      vertex -65.34025972901821 13.888500946626323 0
      vertex -64.81575451523656 16.160382626057803 0
    endloop
  endfacet
  facet normal 0 0 -1
    outer loop
      vertex -66.8 0 0
      vertex -64.81575451523656 16.160382626057803 0
      vertex -64.2122812886797 18.412575368575542 0
    endloop
  endfacet
  facet normal 0 0 -1
    outer loop
      vertex -66.8 0 0
      vertex -57.85049697280049 33.4 0
      vertex -57.8 0 0
    endloop
  endfacet
  facet normal 0 0 -1
    outer loop
      vertex -66.8 0 0
      vertex -64.2122812886797 18.412575368575542 0
      vertex -63.53057528851625 20.642335224246484 0
    endloop
  endfacet
  facet normal 0 0 -1
    outer loop
      vertex -66.8 0 0
      vertex -63.53057528851625 20.642335224246484 0
      vertex -62.77146706849868 22.84694557415467 0
    endloop
  endfacet
  facet normal 0 0 -1
    outer loop
      vertex -66.8 0 0
      vertex -62.77146706849868 22.84694557415467 0
      vertex -61.935881485061394 25.02372044018292 0
    endloop
  endfacet
  facet normal 0 0 -1
    outer loop
      vertex -66.8 0 0
      vertex -61.935881485061394 25.02372044018292 0
      vertex -61.024836570525736 27.170007757463452 0
    endloop
  endfacet
  facet normal 0 0 -1
    outer loop
      vertex -66.8 0 0
      vertex -61.024836570525736 27.170007757463452 0
      vertex -60.03944229278436 29.283192605510372 0
    endloop
  endfacet
  facet normal 0 0 -1
    outer loop
      vertex -66.8 0 0
      vertex -60.03944229278436 29.283192605510372 0
      vertex -58.98089920297632 31.360700394097506 0
    endloop
  endfacet
  facet normal 0 0 -1
    outer loop
      vertex -66.8 0 0
      vertex -58.98089920297632 31.360700394097506 0
      vertex -57.85049697280049 33.4 0
    endloop
  endfacet
  facet normal 0 0 -1
    outer loop
      vertex -57.8 0 0
      vertex -57.85049697280049 33.4 0
      vertex -57.764789801703735 2.017190909404556 0
    endloop
  endfacet
  facet normal 0 0 -1
    outer loop
      vertex -57.764789801703735 2.017190909404556 0
      vertex -57.85049697280049 33.4 0
      vertex -57.65920210501783 4.031924182410442 0
    endloop
  endfacet
  facet normal 0 0 -1
    outer loop
      vertex -57.65920210501783 4.031924182410442 0
      vertex -57.85049697280049 33.4 0
      vertex -57.483365552286195 6.0417451768703705 0
    endloop
  endfacet
  facet normal 0 0 -1
    outer loop
      vertex -57.483365552286195 6.0417451768703705 0
      vertex -57.85049697280049 33.4 0
      vertex -57.23749437326276 8.044205235491782 0
    endloop
  endfacet
  facet normal 0 0 -1
    outer loop
      vertex -57.23749437326276 8.044205235491782 0
      vertex -56.64961282324925 35.39860685077809 0
      vertex -56.92188812410562 10.036864669148573 0
    endloop
  endfacet
  facet normal 0 0 -1
    outer loop
      vertex -56.92188812410562 10.036864669148573 0
      vertex -56.64961282324925 35.39860685077809 0
      vertex -56.53693132241396 12.01729572926649 0
    endloop
  endfacet
  facet normal 0 0 -1
    outer loop
      vertex -56.53693132241396 12.01729572926649 0
      vertex -56.64961282324925 35.39860685077809 0
      vertex -56.083092978752596 13.983085565660794 0
    endloop
  endfacet
  facet normal 0 0 -1
    outer loop
      vertex -56.083092978752596 13.983085565660794 0
      vertex -55.37970984667678 37.35408595184589 0
      vertex -55.56092602523483 15.93183916622255 0
    endloop
  endfacet
  facet normal 0 0 -1
    outer loop
      vertex -55.56092602523483 15.93183916622255 0
      vertex -55.37970984667678 37.35408595184589 0
      vertex -54.97106664185987 17.861182274871958 0
    endloop
  endfacet
  facet normal 0 0 -1
    outer loop
      vertex -57.23749437326276 8.044205235491782 0
      vertex -57.85049697280049 33.4 0
      vertex -56.64961282324925 35.39860685077809 0
    endloop
  endfacet
  facet normal 0 0 -1
    outer loop
      vertex -54.97106664185987 17.861182274871958 0
      vertex -54.042335224246486 39.2640548531372 0
      vertex -54.314233481425504 19.76876428422365 0
    endloop
  endfacet
  facet normal 0 0 -1
    outer loop
      vertex -56.083092978752596 13.983085565660794 0
      vertex -56.64961282324925 35.39860685077809 0
      vertex -55.37970984667678 37.35408595184589 0
    endloop
  endfacet
  facet normal 0 0 -1
    outer loop
      vertex -54.97106664185987 17.861182274871958 0
      vertex -55.37970984667678 37.35408595184589 0
      vertex -54.042335224246486 39.2640548531372 0
    endloop
  endfacet
  facet normal 0 0 -1
    outer loop
      vertex -54.314233481425504 19.76876428422365 0
      vertex -54.042335224246486 39.2640548531372 0
      vertex -53.59122679396031 21.652261099439713 0
    endloop
  endfacet
  facet normal 0 0 -1
    outer loop
      vertex -53.59122679396031 21.652261099439713 0
      vertex -52.63911834092902 41.126186551753975 0
      vertex -52.80292745174233 23.50937796978125 0
    endloop
  endfacet
  facet normal 0 0 -1
    outer loop
      vertex -52.80292745174233 23.50937796978125 0
      vertex -52.63911834092902 41.126186551753975 0
      vertex -51.95029587609185 25.337852284408676 0
    endloop
  endfacet
  facet normal 0 0 -1
    outer loop
      vertex -53.59122679396031 21.652261099439713 0
      vertex -54.042335224246486 39.2640548531372 0
      vertex -52.63911834092902 41.126186551753975 0
    endloop
  endfacet
  facet normal 0 0 -1
    outer loop
      vertex -51.95029587609185 25.337852284408676 0
      vertex -51.17176880034773 42.93821232706082 0
      vertex -51.034370867245975 27.13545632902449 0
    endloop
  endfacet
  facet normal 0 0 -1
    outer loop
      vertex -51.034370867245975 27.13545632902449 0
      vertex -51.17176880034773 42.93821232706082 0
      vertex -50.05626833874055 28.9 0
    endloop
  endfacet
  facet normal 0 0 -1
    outer loop
      vertex -51.95029587609185 25.337852284408676 0
      vertex -52.63911834092902 41.126186551753975 0
      vertex -51.17176880034773 42.93821232706082 0
    endloop
  endfacet
  facet normal 0 0 -1
    outer loop
      vertex -50.05626833874055 28.9 0
      vertex -51.17176880034773 42.93821232706082 0
      vertex -49.64207434188993 44.69792450477173 0
    endloop
  endfacet
  facet normal 0 0 -1
    outer loop
      vertex -50.05626833874055 28.9 0
      vertex -49.64207434188993 44.69792450477173 0
      vertex -49.01717995784142 30.629333472679242 0
    endloop
  endfacet
  facet normal 0 0 -1
    outer loop
      vertex -49.01717995784142 30.629333472679242 0
      vertex -48.051898662621895 46.40317914666102 0
      vertex -47.91837169368141 32.32134982060917 0
    endloop
  endfacet
  facet normal 0 0 -1
    outer loop
      vertex -49.01717995784142 30.629333472679242 0
      vertex -49.64207434188993 44.69792450477173 0
      vertex -48.051898662621895 46.40317914666102 0
    endloop
  endfacet
  facet normal 0 0 -1
    outer loop
      vertex -47.91837169368141 32.32134982060917 0
      vertex -48.051898662621895 46.40317914666102 0
      vertex -46.76118227487196 33.97398758250495 0
    endloop
  endfacet
  facet normal 0 0 -1
    outer loop
      vertex -46.76118227487196 33.97398758250495 0
      vertex -46.40317914666102 48.051898662621895 0
      vertex -45.54702155846852 35.58523327382305 0
    endloop
  endfacet
  facet normal 0 0 -1
    outer loop
      vertex -46.76118227487196 33.97398758250495 0
      vertex -48.051898662621895 46.40317914666102 0
      vertex -46.40317914666102 48.051898662621895 0
    endloop
  endfacet
  facet normal 0 0 -1
    outer loop
      vertex -45.54702155846852 35.58523327382305 0
      vertex -44.69792450477173 49.64207434188993 0
      vertex -44.277368812276926 37.153123839881964 0
    endloop
  endfacet
  facet normal 0 0 -1
    outer loop
      vertex -44.277368812276926 37.153123839881964 0
      vertex -42.93821232706082 51.17176880034773 0
      vertex -42.953770912593384 38.675749047542006 0
    endloop
  endfacet
  facet normal 0 0 -1
    outer loop
      vertex -45.54702155846852 35.58523327382305 0
      vertex -46.40317914666102 48.051898662621895 0
      vertex -44.69792450477173 49.64207434188993 0
    endloop
  endfacet
  facet normal 0 0 -1
    outer loop
      vertex -44.277368812276926 37.153123839881964 0
      vertex -44.69792450477173 49.64207434188993 0
      vertex -42.93821232706082 51.17176880034773 0
    endloop
  endfacet
  facet normal 0 0 -1
    outer loop
      vertex -42.953770912593384 38.675749047542006 0
      vertex -42.93821232706082 51.17176880034773 0
      vertex -41.577840459574034 40.15125381253004 0
    endloop
  endfacet
  facet normal 0 0 -1
    outer loop
      vertex -41.577840459574034 40.15125381253004 0
      vertex -42.93821232706082 51.17176880034773 0
      vertex -41.126186551753975 52.63911834092902 0
    endloop
  endfacet
  facet normal 0 0 -1
    outer loop
      vertex -40.10060433413616 41.62507186228133 0
      vertex -40.09421879957059 42.379140565834916 0
      vertex -38.74973728025372 42.884775769393045 0
    endloop
  endfacet
  facet normal 0 0 -1
    outer loop
      vertex -41.577840459574034 40.15125381253004 0
      vertex -41.126186551753975 52.63911834092902 0
      vertex -41.01948905537342 40.70960521673065 0
    endloop
  endfacet
  facet normal 0 0 -1
    outer loop
      vertex -41.01948905537342 40.70960521673065 0
      vertex -41.126186551753975 52.63911834092902 0
      vertex -40.204440085547006 41.524654186557065 0
    endloop
  endfacet
  facet normal 0 0 -1
    outer loop
      vertex -40.204440085547006 41.524654186557065 0
      vertex -41.126186551753975 52.63911834092902 0
      vertex -40.283365231738934 43.076734752869655 0
    endloop
  endfacet
  facet normal 0 0 -1
    outer loop
      vertex -40.09421879957059 42.379140565834916 0
      vertex -40.283365231738934 43.076734752869655 0
      vertex -41.126186551753975 52.63911834092902 0
    endloop
  endfacet
  facet normal 0 0 -1
    outer loop
      vertex -38.28735016794371 43.291400907610864 0
      vertex -38.40136265046663 45.53348175229567 0
      vertex -37.237129093929944 44.204344159026135 0
    endloop
  endfacet
  facet normal 0 0 -1
    outer loop
      vertex -38.40136265046663 45.53348175229567 0
      vertex -37.209933522121496 47.41587318066454 0
      vertex -37.237129093929944 44.204344159026135 0
    endloop
  endfacet
  facet normal 0 0 -1
    outer loop
      vertex -40.09421879957059 42.379140565834916 0
      vertex -39.2640548531372 54.042335224246486 0
      vertex -38.74973728025372 42.884775769393045 0
    endloop
  endfacet
  facet normal 0 0 -1
    outer loop
      vertex -38.74973728025372 42.884775769393045 0
      vertex -39.2640548531372 54.042335224246486 0
      vertex -38.739049649413076 44.14687964641525 0
    endloop
  endfacet
  facet normal 0 0 -1
    outer loop
      vertex -38.739049649413076 44.14687964641525 0
      vertex -39.2640548531372 54.042335224246486 0
      vertex -38.40136265046663 45.53348175229567 0
    endloop
  endfacet
  facet normal 0 0 -1
    outer loop
      vertex -38.40136265046663 45.53348175229567 0
      vertex -37.35408595184589 55.37970984667678 0
      vertex -37.209933522121496 47.41587318066454 0
    endloop
  endfacet
  facet normal 0 0 -1
    outer loop
      vertex -36.82040066563767 44.546802726253915 0
      vertex -36.898134841854606 46.07546260293274 0
      vertex -35.64752970480008 45.49657490333829 0
    endloop
  endfacet
  facet normal 0 0 -1
    outer loop
      vertex -35.64752970480008 45.49657490333829 0
      vertex -36.898134841854606 46.07546260293274 0
      vertex -35.51065746449156 49.983610524481634 0
    endloop
  endfacet
  facet normal 0 0 -1
    outer loop
      vertex -35.29612981946478 45.764876637398906 0
      vertex -35.51065746449156 49.983610524481634 0
      vertex -34.06988590147862 46.6889177082113 0
    endloop
  endfacet
  facet normal 0 0 -1
    outer loop
      vertex -34.06988590147862 46.6889177082113 0
      vertex -35.51065746449156 49.983610524481634 0
      vertex -34.0639841386777 47.38585773387098 0
    endloop
  endfacet
  facet normal -0.9998476951563913 0.017452406437279876 1.3960027600482484e-19
    outer loop
      vertex -66.8 0 0
      vertex -66.7593072448756 2.3312863797270644 14
      vertex -66.7593072448756 2.3312863797270644 0
    endloop
  endfacet
  facet normal -0.9986295347545735 0.05233595624294876 -6.323170511559222e-19
    outer loop
      vertex -66.7593072448756 2.3312863797270644 0
      vertex -66.63727855735625 4.65973244610757 14
      vertex -66.63727855735625 4.65973244610757 0
    endloop
  endfacet
  facet normal -0.9961946980917453 0.08715574274766023 -1.1227687734849416e-19
    outer loop
      vertex -66.63727855735625 4.65973244610757 0
      vertex -66.43406261060065 6.982501346279252 14
      vertex -66.43406261060065 6.982501346279252 0
    endloop
  endfacet
  facet normal -0.9925461516413229 0.12186934340514091 -8.265994667361957e-20
    outer loop
      vertex -66.43406261060065 6.982501346279252 0
      vertex -66.1499069919369 9.29676314413237 14
      vertex -66.1499069919369 9.29676314413237 0
    endloop
  endfacet
  facet normal -0.9876883405951374 0.15643446504023295 -9.712315869849436e-19
    outer loop
      vertex -66.1499069919369 9.29676314413237 0
      vertex -65.7851579012155 11.599698268150945 14
      vertex -65.7851579012155 11.599698268150945 0
    endloop
  endfacet
  facet normal -0.9816271834476638 0.19080899537654572 1.8817780003458487e-18
    outer loop
      vertex -65.7851579012155 11.599698268150945 0
      vertex -65.34025972901821 13.888500946626323 14
      vertex -65.34025972901821 13.888500946626323 0
    endloop
  endfacet
  facet normal -0.9743700647852352 0.22495105434386464 -7.346281829146122e-19
    outer loop
      vertex -65.34025972901821 13.888500946626323 0
      vertex -64.81575451523656 16.160382626057803 14
      vertex -64.81575451523656 16.160382626057803 0
    endloop
  endfacet
  facet normal -0.965925826289069 0.2588190451025185 -1.4670246032735946e-18
    outer loop
      vertex -64.81575451523656 16.160382626057803 0
      vertex -64.2122812886797 18.412575368575542 14
      vertex -64.2122812886797 18.412575368575542 0
    endloop
  endfacet
  facet normal -0.9563047559630342 0.2923717047227408 2.699867620212636e-19
    outer loop
      vertex -64.2122812886797 18.412575368575542 0
      vertex -63.53057528851625 20.642335224246484 14
      vertex -63.53057528851625 20.642335224246484 0
    endloop
  endfacet
  facet normal -0.9455185755993176 0.32556815445715426 -2.7015061095543725e-18
    outer loop
      vertex -63.53057528851625 20.642335224246484 0
      vertex -62.77146706849868 22.84694557415467 14
      vertex -62.77146706849868 22.84694557415467 0
    endloop
  endfacet
  facet normal -0.9335804264972009 0.35836794954530227 -1.111934628309531e-18
    outer loop
      vertex -62.77146706849868 22.84694557415467 0
      vertex -61.935881485061394 25.02372044018292 14
      vertex -61.935881485061394 25.02372044018292 0
    endloop
  endfacet
  facet normal -0.9205048534524406 0.3907311284892734 -4.355219185023654e-19
    outer loop
      vertex -61.935881485061394 25.02372044018292 0
      vertex -61.024836570525736 27.170007757463452 14
      vertex -61.024836570525736 27.170007757463452 0
    endloop
  endfacet
  facet normal -0.9063077870366514 0.4226182617406966 -3.0436191962059336e-18
    outer loop
      vertex -61.024836570525736 27.170007757463452 0
      vertex -60.03944229278436 29.283192605510372 14
      vertex -60.03944229278436 29.283192605510372 0
    endloop
  endfacet
  facet normal -0.8910065241883671 0.45399049973954814 1.0095135799839764e-18
    outer loop
      vertex -60.03944229278436 29.283192605510372 0
      vertex -58.98089920297632 31.360700394097506 14
      vertex -58.98089920297632 31.360700394097506 0
    endloop
  endfacet
  facet normal -0.8746197071393942 0.4848096202463401 -1.857699495284679e-18
    outer loop
      vertex -58.98089920297632 31.360700394097506 0
      vertex -57.85049697280049 33.4 14
      vertex -57.85049697280049 33.4 0
    endloop
  endfacet
  facet normal -0.8571673007021128 0.5150380749100534 -4.755932685250609e-18
    outer loop
      vertex -57.85049697280049 33.4 0
      vertex -56.64961282324925 35.39860685077809 14
      vertex -56.64961282324925 35.39860685077809 0
    endloop
  endfacet
  facet normal -0.838670567945425 0.5446390350150255 5.108682358545649e-18
    outer loop
      vertex -56.64961282324925 35.39860685077809 0
      vertex -55.37970984667678 37.35408595184589 14
      vertex -55.37970984667678 37.35408595184589 0
    endloop
  endfacet
  facet normal -0.8191520442889916 0.5735764363510463 4.180007338300347e-18
    outer loop
      vertex -55.37970984667678 37.35408595184589 0
      vertex -54.042335224246486 39.2640548531372 14
      vertex -54.042335224246486 39.2640548531372 0
    endloop
  endfacet
  facet normal -0.798635510047293 0.6018150231520478 -1.9520704766704016e-18
    outer loop
      vertex -54.042335224246486 39.2640548531372 0
      vertex -52.63911834092902 41.126186551753975 14
      vertex -52.63911834092902 41.126186551753975 0
    endloop
  endfacet
  facet normal -0.7771459614569686 0.6293203910498402 -1.2613086159852756e-18
    outer loop
      vertex -52.63911834092902 41.126186551753975 0
      vertex -51.17176880034773 42.93821232706082 14
      vertex -51.17176880034773 42.93821232706082 0
    endloop
  endfacet
  facet normal -0.7547095802227736 0.6560590289905055 5.171403890279123e-18
    outer loop
      vertex -51.17176880034773 42.93821232706082 0
      vertex -49.64207434188993 44.69792450477173 14
      vertex -49.64207434188993 44.69792450477173 0
    endloop
  endfacet
  facet normal -0.7313537016191711 0.6819983600624978 -5.9194889070288804e-18
    outer loop
      vertex -49.64207434188993 44.69792450477173 0
      vertex -48.051898662621895 46.40317914666102 14
      vertex -48.051898662621895 46.40317914666102 0
    endloop
  endfacet
  facet normal -0.7071067811865476 0.7071067811865476 1.6841547373411498e-19
    outer loop
      vertex -48.051898662621895 46.40317914666102 0
      vertex -46.40317914666102 48.051898662621895 14
      vertex -46.40317914666102 48.051898662621895 0
    endloop
  endfacet
  facet normal -0.6819983600624978 0.7313537016191711 0
    outer loop
      vertex -46.40317914666102 48.051898662621895 0
      vertex -46.40317914666102 48.051898662621895 14
      vertex -44.69792450477173 49.64207434188993 0
    endloop
  endfacet
  facet normal 0 0 -1
    outer loop
      vertex -40.09421879957059 42.379140565834916 0
      vertex -41.126186551753975 52.63911834092902 0
      vertex -39.2640548531372 54.042335224246486 0
    endloop
  endfacet
  facet normal 0 0 -1
    outer loop
      vertex -38.40136265046663 45.53348175229567 0
      vertex -39.2640548531372 54.042335224246486 0
      vertex -37.35408595184589 55.37970984667678 0
    endloop
  endfacet
  facet normal 0 0 -1
    outer loop
      vertex -36.898134841854606 46.07546260293274 0
      vertex -37.209933522121496 47.41587318066454 0
      vertex -37.35408595184589 55.37970984667678 0
    endloop
  endfacet
  facet normal 0 0 -1
    outer loop
      vertex -36.898134841854606 46.07546260293274 0
      vertex -35.39860685077809 56.64961282324925 0
      vertex -35.51065746449156 49.983610524481634 0
    endloop
  endfacet
  facet normal 0 0 -1
    outer loop
      vertex -36.898134841854606 46.07546260293274 0
      vertex -37.35408595184589 55.37970984667678 0
      vertex -35.39860685077809 56.64961282324925 0
    endloop
  endfacet
  facet normal 0 0 -1
    outer loop
      vertex -34.0639841386777 47.38585773387098 0
      vertex -35.39860685077809 56.64961282324925 0
      vertex -33.88315286583557 48.516089156738566 0
    endloop
  endfacet
  facet normal 0 0 -1
    outer loop
      vertex -34.0639841386777 47.38585773387098 0
      vertex -35.51065746449156 49.983610524481634 0
      vertex -35.39860685077809 56.64961282324925 0
    endloop
  endfacet
  facet normal 0 0 -1
    outer loop
      vertex -33.88315286583557 48.516089156738566 0
      vertex -35.39860685077809 56.64961282324925 0
      vertex -33.4 57.85049697280049 0
    endloop
  endfacet
  facet normal -0.6560590289905055 0.7547095802227736 0
    outer loop
      vertex -44.69792450477173 49.64207434188993 0
      vertex -44.69792450477173 49.64207434188993 14
      vertex -42.93821232706082 51.17176880034773 0
    endloop
  endfacet
  facet normal -0.6293203910498402 0.7771459614569686 0
    outer loop
      vertex -42.93821232706082 51.17176880034773 0
      vertex -42.93821232706082 51.17176880034773 14
      vertex -41.126186551753975 52.63911834092902 0
    endloop
  endfacet
  facet normal -0.6018150231520478 0.798635510047293 0
    outer loop
      vertex -41.126186551753975 52.63911834092902 0
      vertex -41.126186551753975 52.63911834092902 14
      vertex -39.2640548531372 54.042335224246486 0
    endloop
  endfacet
  facet normal -0.5735764363510463 0.8191520442889916 0
    outer loop
      vertex -39.2640548531372 54.042335224246486 0
      vertex -39.2640548531372 54.042335224246486 14
      vertex -37.35408595184589 55.37970984667678 0
    endloop
  endfacet
  facet normal -0.5446390350150255 0.838670567945425 0
    outer loop
      vertex -37.35408595184589 55.37970984667678 0
      vertex -37.35408595184589 55.37970984667678 14
      vertex -35.39860685077809 56.64961282324925 0
    endloop
  endfacet
  facet normal -0.5150380749100534 0.8571673007021128 0
    outer loop
      vertex -35.39860685077809 56.64961282324925 0
      vertex -35.39860685077809 56.64961282324925 14
      vertex -33.4 57.85049697280049 0
    endloop
  endfacet
  facet normal 0 0 -1
    outer loop
      vertex -33.80010508734749 46.88293610874393 0
      vertex -33.88315286583557 48.516089156738566 0
      vertex -32.416705604779146 47.85160285479369 0
    endloop
  endfacet
  facet normal 0 0 -1
    outer loop
      vertex -33.88315286583557 48.516089156738566 0
      vertex -32.5070537025305 49.62831830593992 0
      vertex -32.416705604779146 47.85160285479369 0
    endloop
  endfacet
  facet normal 0 0 -1
    outer loop
      vertex -31.91724726929914 48.18079895893263 0
      vertex -32.09771477541496 50.4936804080029 0
      vertex -30.721756619172176 48.95715966472171 0
    endloop
  endfacet
  facet normal 0 0 -1
    outer loop
      vertex -33.88315286583557 48.516089156738566 0
      vertex -33.4 57.85049697280049 0
      vertex -32.5070537025305 49.62831830593992 0
    endloop
  endfacet
  facet normal 0 0 -1
    outer loop
      vertex -32.5070537025305 49.62831830593992 0
      vertex -33.4 57.85049697280049 0
      vertex -32.09771477541496 50.4936804080029 0
    endloop
  endfacet
  facet normal 0 0 -1
    outer loop
      vertex -30.639373166776966 49.15395493407739 0
      vertex -32.09771477541496 50.4936804080029 0
      vertex -31.360700394097506 58.98089920297632 0
    endloop
  endfacet
  facet normal 0 0 -1
    outer loop
      vertex -30.721756619172176 48.95715966472171 0
      vertex -32.09771477541496 50.4936804080029 0
      vertex -30.639373166776966 49.15395493407739 0
    endloop
  endfacet
  facet normal 0 0 -1
    outer loop
      vertex -30.565533794690452 49.055514671851526 0
      vertex -30.639373166776966 49.15395493407739 0
      vertex -31.360700394097506 58.98089920297632 0
    endloop
  endfacet
  facet normal 0 0 -1
    outer loop
      vertex -30.565533794690452 49.055514671851526 0
      vertex -29.283192605510372 60.03944229278436 0
      vertex -28.9 50.05626833874055 0
    endloop
  endfacet
  facet normal 0 0 -1
    outer loop
      vertex -32.09771477541496 50.4936804080029 0
      vertex -33.4 57.85049697280049 0
      vertex -31.360700394097506 58.98089920297632 0
    endloop
  endfacet
  facet normal 0 0 -1
    outer loop
      vertex -30.565533794690452 49.055514671851526 0
      vertex -31.360700394097506 58.98089920297632 0
      vertex -29.283192605510372 60.03944229278436 0
    endloop
  endfacet
  facet normal 0 0 -1
    outer loop
      vertex -28.9 50.05626833874055 0
      vertex -27.170007757463452 61.024836570525736 0
      vertex -27.13545632902449 51.034370867245975 0
    endloop
  endfacet
  facet normal 0 0 -1
    outer loop
      vertex -27.13545632902449 51.034370867245975 0
      vertex -27.170007757463452 61.024836570525736 0
      vertex -25.337852284408676 51.95029587609185 0
    endloop
  endfacet
  facet normal 0 0 -1
    outer loop
      vertex -28.9 50.05626833874055 0
      vertex -29.283192605510372 60.03944229278436 0
      vertex -27.170007757463452 61.024836570525736 0
    endloop
  endfacet
  facet normal 0 0 -1
    outer loop
      vertex -25.337852284408676 51.95029587609185 0
      vertex -27.170007757463452 61.024836570525736 0
      vertex -25.02372044018292 61.935881485061394 0
    endloop
  endfacet
  facet normal 0 0 -1
    outer loop
      vertex -25.337852284408676 51.95029587609185 0
      vertex -25.02372044018292 61.935881485061394 0
      vertex -23.50937796978125 52.80292745174233 0
    endloop
  endfacet
  facet normal 0 0 -1
    outer loop
      vertex -23.50937796978125 52.80292745174233 0
      vertex -25.02372044018292 61.935881485061394 0
      vertex -22.84694557415467 62.77146706849868 0
    endloop
  endfacet
  facet normal 0 0 -1
    outer loop
      vertex -23.50937796978125 52.80292745174233 0
      vertex -22.84694557415467 62.77146706849868 0
      vertex -21.652261099439713 53.59122679396031 0
    endloop
  endfacet
  facet normal 0 0 -1
    outer loop
      vertex -21.652261099439713 53.59122679396031 0
      vertex -22.84694557415467 62.77146706849868 0
      vertex -20.642335224246484 63.53057528851625 0
    endloop
  endfacet
  facet normal 0 0 -1
    outer loop
      vertex -19.2945034423556 54.477534585182674 0
      vertex -19.76876428422365 54.314233481425504 0
      vertex -18.997336749235856 57.75766884129887 0
    endloop
  endfacet
  facet normal 0 0 -1
    outer loop
      vertex -21.652261099439713 53.59122679396031 0
      vertex -20.642335224246484 63.53057528851625 0
      vertex -19.76876428422365 54.314233481425504 0
    endloop
  endfacet
  facet normal 0 0 -1
    outer loop
      vertex -19.2945034423556 54.477534585182674 0
      vertex -18.997336749235856 57.75766884129887 0
      vertex -18.739428046342734 54.6686623714876 0
    endloop
  endfacet
  facet normal 0 0 -1
    outer loop
      vertex -19.76876428422365 54.314233481425504 0
      vertex -18.98003040896907 57.94869670838967 0
      vertex -18.997336749235856 57.75766884129887 0
    endloop
  endfacet
  facet normal 0 0 -1
    outer loop
      vertex -19.76876428422365 54.314233481425504 0
      vertex -18.818369293063665 61.250623352877106 0
      vertex -18.98003040896907 57.94869670838967 0
    endloop
  endfacet
  facet normal 0 0 -1
    outer loop
      vertex -19.76876428422365 54.314233481425504 0
      vertex -20.642335224246484 63.53057528851625 0
      vertex -18.818369293063665 61.250623352877106 0
    endloop
  endfacet
  facet normal 0 0 -1
    outer loop
      vertex -18.818369293063665 61.250623352877106 0
      vertex -18.75975382433201 61.6784241592812 0
      vertex -18.98003040896907 57.94869670838967 0
    endloop
  endfacet
  facet normal 0 0 -1
    outer loop
      vertex -20.642335224246484 63.53057528851625 0
      vertex -18.638644564811962 64.14316499925754 0
      vertex -18.818369293063665 61.250623352877106 0
    endloop
  endfacet
  facet normal 0 0 -1
    outer loop
      vertex -12.180812047702782 56.49918060575707 0
      vertex -13.782058806192397 56.1295036630789 0
      vertex -13.490785116043401 61.144318660122515 0
    endloop
  endfacet
  facet normal -0.4848096202463401 0.8746197071393942 0
    outer loop
      vertex -33.4 57.85049697280049 0
      vertex -33.4 57.85049697280049 14
      vertex -31.360700394097506 58.98089920297632 0
    endloop
  endfacet
  facet normal -0.45399049973954814 0.8910065241883671 0
    outer loop
      vertex -31.360700394097506 58.98089920297632 0
      vertex -31.360700394097506 58.98089920297632 14
      vertex -29.283192605510372 60.03944229278436 0
    endloop
  endfacet
  facet normal -0.4226182617406966 0.9063077870366514 0
    outer loop
      vertex -29.283192605510372 60.03944229278436 0
      vertex -29.283192605510372 60.03944229278436 14
      vertex -27.170007757463452 61.024836570525736 0
    endloop
  endfacet
  facet normal -0.3907311284892734 0.9205048534524406 0
    outer loop
      vertex -27.170007757463452 61.024836570525736 0
      vertex -27.170007757463452 61.024836570525736 14
      vertex -25.02372044018292 61.935881485061394 0
    endloop
  endfacet
  facet normal -0.35836794954530227 0.9335804264972009 0
    outer loop
      vertex -25.02372044018292 61.935881485061394 0
      vertex -25.02372044018292 61.935881485061394 14
      vertex -22.84694557415467 62.77146706849868 0
    endloop
  endfacet
  facet normal -0.32556815445715426 0.9455185755993176 0
    outer loop
      vertex -22.84694557415467 62.77146706849868 0
      vertex -22.84694557415467 62.77146706849868 14
      vertex -20.642335224246484 63.53057528851625 0
    endloop
  endfacet
  facet normal -0.2923717047227427 0.9563047559630338 0
    outer loop
      vertex -20.642335224246484 63.53057528851625 0
      vertex -20.642335224246484 63.53057528851625 14
      vertex -18.638644564811962 64.14316499925754 0
    endloop
  endfacet
  facet normal -0.9998476951563913 0.017452406437279876 0
    outer loop
      vertex -66.8 0 0
      vertex -66.8 0 14
      vertex -66.7593072448756 2.3312863797270644 14
    endloop
  endfacet
  facet normal -0.9986295347545735 0.05233595624294876 0
    outer loop
      vertex -66.7593072448756 2.3312863797270644 0
      vertex -66.7593072448756 2.3312863797270644 14
      vertex -66.63727855735625 4.65973244610757 14
    endloop
  endfacet
  facet normal -0.9961946980917453 0.08715574274766023 0
    outer loop
      vertex -66.63727855735625 4.65973244610757 0
      vertex -66.63727855735625 4.65973244610757 14
      vertex -66.43406261060065 6.982501346279252 14
    endloop
  endfacet
  facet normal -0.9925461516413229 0.12186934340514091 0
    outer loop
      vertex -66.43406261060065 6.982501346279252 0
      vertex -66.43406261060065 6.982501346279252 14
      vertex -66.1499069919369 9.29676314413237 14
    endloop
  endfacet
  facet normal -0.9876883405951374 0.15643446504023295 0
    outer loop
      vertex -66.1499069919369 9.29676314413237 0
      vertex -66.1499069919369 9.29676314413237 14
      vertex -65.7851579012155 11.599698268150945 14
    endloop
  endfacet
  facet normal -0.9816271834476638 0.19080899537654572 0
    outer loop
      vertex -65.7851579012155 11.599698268150945 0
      vertex -65.7851579012155 11.599698268150945 14
      vertex -65.34025972901821 13.888500946626323 14
    endloop
  endfacet
  facet normal -0.9743700647852352 0.22495105434386464 0
    outer loop
      vertex -65.34025972901821 13.888500946626323 0
      vertex -65.34025972901821 13.888500946626323 14
      vertex -64.81575451523656 16.160382626057803 14
    endloop
  endfacet
  facet normal -0.965925826289069 0.2588190451025185 0
    outer loop
      vertex -64.81575451523656 16.160382626057803 0
      vertex -64.81575451523656 16.160382626057803 14
      vertex -64.2122812886797 18.412575368575542 14
    endloop
  endfacet
  facet normal -0.9563047559630342 0.2923717047227408 0
    outer loop
      vertex -64.2122812886797 18.412575368575542 0
      vertex -64.2122812886797 18.412575368575542 14
      vertex -63.53057528851625 20.642335224246484 14
    endloop
  endfacet
  facet normal -0.9455185755993176 0.32556815445715426 0
    outer loop
      vertex -63.53057528851625 20.642335224246484 0
      vertex -63.53057528851625 20.642335224246484 14
      vertex -62.77146706849868 22.84694557415467 14
    endloop
  endfacet
  facet normal -0.9335804264972009 0.35836794954530227 0
    outer loop
      vertex -62.77146706849868 22.84694557415467 0
      vertex -62.77146706849868 22.84694557415467 14
      vertex -61.935881485061394 25.02372044018292 14
    endloop
  endfacet
  facet normal -0.9205048534524406 0.3907311284892734 0
    outer loop
      vertex -61.935881485061394 25.02372044018292 0
      vertex -61.935881485061394 25.02372044018292 14
      vertex -61.024836570525736 27.170007757463452 14
    endloop
  endfacet
  facet normal -0.9063077870366514 0.4226182617406966 0
    outer loop
      vertex -61.024836570525736 27.170007757463452 0
      vertex -61.024836570525736 27.170007757463452 14
      vertex -60.03944229278436 29.283192605510372 14
    endloop
  endfacet
  facet normal -0.8910065241883671 0.45399049973954814 0
    outer loop
      vertex -60.03944229278436 29.283192605510372 0
      vertex -60.03944229278436 29.283192605510372 14
      vertex -58.98089920297632 31.360700394097506 14
    endloop
  endfacet
  facet normal -0.8746197071393942 0.4848096202463401 0
    outer loop
      vertex -58.98089920297632 31.360700394097506 0
      vertex -58.98089920297632 31.360700394097506 14
      vertex -57.85049697280049 33.4 14
    endloop
  endfacet
  facet normal -0.8571673007021128 0.5150380749100534 0
    outer loop
      vertex -57.85049697280049 33.4 0
      vertex -57.85049697280049 33.4 14
      vertex -56.64961282324925 35.39860685077809 14
    endloop
  endfacet
  facet normal -0.838670567945425 0.5446390350150255 0
    outer loop
      vertex -56.64961282324925 35.39860685077809 0
      vertex -56.64961282324925 35.39860685077809 14
      vertex -55.37970984667678 37.35408595184589 14
    endloop
  endfacet
  facet normal -0.8191520442889916 0.5735764363510463 0
    outer loop
      vertex -55.37970984667678 37.35408595184589 0
      vertex -55.37970984667678 37.35408595184589 14
      vertex -54.042335224246486 39.2640548531372 14
    endloop
  endfacet
  facet normal -0.798635510047293 0.6018150231520478 0
    outer loop
      vertex -54.042335224246486 39.2640548531372 0
      vertex -54.042335224246486 39.2640548531372 14
      vertex -52.63911834092902 41.126186551753975 14
    endloop
  endfacet
  facet normal -0.7771459614569686 0.6293203910498402 0
    outer loop
      vertex -52.63911834092902 41.126186551753975 0
      vertex -52.63911834092902 41.126186551753975 14
      vertex -51.17176880034773 42.93821232706082 14
    endloop
  endfacet
  facet normal -0.7547095802227736 0.6560590289905055 0
    outer loop
      vertex -51.17176880034773 42.93821232706082 0
      vertex -51.17176880034773 42.93821232706082 14
      vertex -49.64207434188993 44.69792450477173 14
    endloop
  endfacet
  facet normal -0.7313537016191711 0.6819983600624978 0
    outer loop
      vertex -49.64207434188993 44.69792450477173 0
      vertex -49.64207434188993 44.69792450477173 14
      vertex -48.051898662621895 46.40317914666102 14
    endloop
  endfacet
  facet normal -0.7071067811865476 0.7071067811865476 0
    outer loop
      vertex -48.051898662621895 46.40317914666102 0
      vertex -48.051898662621895 46.40317914666102 14
      vertex -46.40317914666102 48.051898662621895 14
    endloop
  endfacet
  facet normal -0.6819983600624978 0.7313537016191711 0
    outer loop
      vertex -44.69792450477173 49.64207434188993 0
      vertex -46.40317914666102 48.051898662621895 14
      vertex -44.69792450477173 49.64207434188993 14
    endloop
  endfacet
  facet normal 0 0 1
    outer loop
      vertex -66.8 0 14
      vertex -57.8 0 14
      vertex -66.7593072448756 2.3312863797270644 14
    endloop
  endfacet
  facet normal 0 0 1
    outer loop
      vertex -66.7593072448756 2.3312863797270644 14
      vertex -57.8 0 14
      vertex -66.63727855735625 4.65973244610757 14
    endloop
  endfacet
  facet normal 0 0 1
    outer loop
      vertex -66.63727855735625 4.65973244610757 14
      vertex -57.8 0 14
      vertex -66.43406261060065 6.982501346279252 14
    endloop
  endfacet
  facet normal 0 0 1
    outer loop
      vertex -66.43406261060065 6.982501346279252 14
      vertex -57.8 0 14
      vertex -66.1499069919369 9.29676314413237 14
    endloop
  endfacet
  facet normal 0 0 1
    outer loop
      vertex -57.8 0 14
      vertex -65.7851579012155 11.599698268150945 14
      vertex -66.1499069919369 9.29676314413237 14
    endloop
  endfacet
  facet normal 0 0 1
    outer loop
      vertex -57.8 0 14
      vertex -65.34025972901821 13.888500946626323 14
      vertex -65.7851579012155 11.599698268150945 14
    endloop
  endfacet
  facet normal 0 0 1
    outer loop
      vertex -57.8 0 14
      vertex -64.81575451523656 16.160382626057803 14
      vertex -65.34025972901821 13.888500946626323 14
    endloop
  endfacet
  facet normal 0 0 1
    outer loop
      vertex -57.8 0 14
      vertex -64.2122812886797 18.412575368575542 14
      vertex -64.81575451523656 16.160382626057803 14
    endloop
  endfacet
  facet normal 0 0 1
    outer loop
      vertex -57.8 0 14
      vertex -63.53057528851625 20.642335224246484 14
      vertex -64.2122812886797 18.412575368575542 14
    endloop
  endfacet
  facet normal 0 0 1
    outer loop
      vertex -57.8 0 14
      vertex -62.77146706849868 22.84694557415467 14
      vertex -63.53057528851625 20.642335224246484 14
    endloop
  endfacet
  facet normal 0 0 1
    outer loop
      vertex -57.8 0 14
      vertex -61.935881485061394 25.02372044018292 14
      vertex -62.77146706849868 22.84694557415467 14
    endloop
  endfacet
  facet normal 0 0 1
    outer loop
      vertex -57.8 0 14
      vertex -61.024836570525736 27.170007757463452 14
      vertex -61.935881485061394 25.02372044018292 14
    endloop
  endfacet
  facet normal 0 0 1
    outer loop
      vertex -57.8 0 14
      vertex -60.03944229278436 29.283192605510372 14
      vertex -61.024836570525736 27.170007757463452 14
    endloop
  endfacet
  facet normal 0 0 1
    outer loop
      vertex -57.8 0 14
      vertex -58.98089920297632 31.360700394097506 14
      vertex -60.03944229278436 29.283192605510372 14
    endloop
  endfacet
  facet normal 0 0 1
    outer loop
      vertex -57.8 0 14
      vertex -57.764789801703735 2.017190909404556 14
      vertex -57.85049697280049 33.4 14
    endloop
  endfacet
  facet normal 0 0 1
    outer loop
      vertex -57.764789801703735 2.017190909404556 14
      vertex -57.65920210501783 4.031924182410442 14
      vertex -57.85049697280049 33.4 14
    endloop
  endfacet
  facet normal 0 0 1
    outer loop
      vertex -57.65920210501783 4.031924182410442 14
      vertex -57.483365552286195 6.0417451768703705 14
      vertex -57.85049697280049 33.4 14
    endloop
  endfacet
  facet normal 0 0 1
    outer loop
      vertex -57.483365552286195 6.0417451768703705 14
      vertex -57.23749437326276 8.044205235491782 14
      vertex -57.85049697280049 33.4 14
    endloop
  endfacet
  facet normal 0 0 1
    outer loop
      vertex -57.23749437326276 8.044205235491782 14
      vertex -56.92188812410562 10.036864669148573 14
      vertex -57.85049697280049 33.4 14
    endloop
  endfacet
  facet normal 0 0 1
    outer loop
      vertex -56.92188812410562 10.036864669148573 14
      vertex -56.53693132241396 12.01729572926649 14
      vertex -57.85049697280049 33.4 14
    endloop
  endfacet
  facet normal 0 0 1
    outer loop
      vertex -57.8 0 14
      vertex -57.85049697280049 33.4 14
      vertex -58.98089920297632 31.360700394097506 14
    endloop
  endfacet
  facet normal 0 0 1
    outer loop
      vertex -56.53693132241396 12.01729572926649 14
      vertex -56.083092978752596 13.983085565660794 14
      vertex -56.64961282324925 35.39860685077809 14
    endloop
  endfacet
  facet normal 0 0 1
    outer loop
      vertex -56.083092978752596 13.983085565660794 14
      vertex -55.56092602523483 15.93183916622255 14
      vertex -56.64961282324925 35.39860685077809 14
    endloop
  endfacet
  facet normal 0 0 1
    outer loop
      vertex -55.56092602523483 15.93183916622255 14
      vertex -54.97106664185987 17.861182274871958 14
      vertex -56.64961282324925 35.39860685077809 14
    endloop
  endfacet
  facet normal 0 0 1
    outer loop
      vertex -56.53693132241396 12.01729572926649 14
      vertex -56.64961282324925 35.39860685077809 14
      vertex -57.85049697280049 33.4 14
    endloop
  endfacet
  facet normal 0 0 1
    outer loop
      vertex -54.97106664185987 17.861182274871958 14
      vertex -54.314233481425504 19.76876428422365 14
      vertex -55.37970984667678 37.35408595184589 14
    endloop
  endfacet
  facet normal 0 0 1
    outer loop
      vertex -54.314233481425504 19.76876428422365 14
      vertex -53.59122679396031 21.652261099439713 14
      vertex -55.37970984667678 37.35408595184589 14
    endloop
  endfacet
  facet normal 0 0 1
    outer loop
      vertex -54.97106664185987 17.861182274871958 14
      vertex -55.37970984667678 37.35408595184589 14
      vertex -56.64961282324925 35.39860685077809 14
    endloop
  endfacet
  facet normal 0 0 1
    outer loop
      vertex -53.59122679396031 21.652261099439713 14
      vertex -54.042335224246486 39.2640548531372 14
      vertex -55.37970984667678 37.35408595184589 14
    endloop
  endfacet
  facet normal 0 0 1
    outer loop
      vertex -53.59122679396031 21.652261099439713 14
      vertex -52.80292745174233 23.50937796978125 14
      vertex -54.042335224246486 39.2640548531372 14
    endloop
  endfacet
  facet normal 0 0 1
    outer loop
      vertex -52.80292745174233 23.50937796978125 14
      vertex -51.95029587609185 25.337852284408676 14
      vertex -54.042335224246486 39.2640548531372 14
    endloop
  endfacet
  facet normal 0 0 1
    outer loop
      vertex -51.95029587609185 25.337852284408676 14
      vertex -52.63911834092902 41.126186551753975 14
      vertex -54.042335224246486 39.2640548531372 14
    endloop
  endfacet
  facet normal 0 0 1
    outer loop
      vertex -51.95029587609185 25.337852284408676 14
      vertex -51.034370867245975 27.13545632902449 14
      vertex -52.63911834092902 41.126186551753975 14
    endloop
  endfacet
  facet normal 0 0 1
    outer loop
      vertex -51.034370867245975 27.13545632902449 14
      vertex -50.05626833874055 28.9 14
      vertex -51.17176880034773 42.93821232706082 14
    endloop
  endfacet
  facet normal 0 0 1
    outer loop
      vertex -51.034370867245975 27.13545632902449 14
      vertex -51.17176880034773 42.93821232706082 14
      vertex -52.63911834092902 41.126186551753975 14
    endloop
  endfacet
  facet normal 0 0 1
    outer loop
      vertex -50.05626833874055 28.9 14
      vertex -49.01717995784142 30.629333472679242 14
      vertex -51.17176880034773 42.93821232706082 14
    endloop
  endfacet
  facet normal 0 0 1
    outer loop
      vertex -49.01717995784142 30.629333472679242 14
      vertex -47.91837169368141 32.32134982060917 14
      vertex -49.64207434188993 44.69792450477173 14
    endloop
  endfacet
  facet normal 0 0 1
    outer loop
      vertex -49.01717995784142 30.629333472679242 14
      vertex -49.64207434188993 44.69792450477173 14
      vertex -51.17176880034773 42.93821232706082 14
    endloop
  endfacet
  facet normal 0 0 1
    outer loop
      vertex -47.91837169368141 32.32134982060917 14
      vertex -48.051898662621895 46.40317914666102 14
      vertex -49.64207434188993 44.69792450477173 14
    endloop
  endfacet
  facet normal 0 0 1
    outer loop
      vertex -47.91837169368141 32.32134982060917 14
      vertex -46.76118227487196 33.97398758250495 14
      vertex -48.051898662621895 46.40317914666102 14
    endloop
  endfacet
  facet normal 0 0 1
    outer loop
      vertex -46.76118227487196 33.97398758250495 14
      vertex -45.54702155846852 35.58523327382305 14
      vertex -48.051898662621895 46.40317914666102 14
    endloop
  endfacet
  facet normal 0 0 1
    outer loop
      vertex -45.54702155846852 35.58523327382305 14
      vertex -46.40317914666102 48.051898662621895 14
      vertex -48.051898662621895 46.40317914666102 14
    endloop
  endfacet
  facet normal 0 0 1
    outer loop
      vertex -45.54702155846852 35.58523327382305 14
      vertex -44.277368812276926 37.153123839881964 14
      vertex -46.40317914666102 48.051898662621895 14
    endloop
  endfacet
  facet normal 0 0 1
    outer loop
      vertex -44.277368812276926 37.153123839881964 14
      vertex -42.953770912593384 38.675749047542006 14
      vertex -44.69792450477173 49.64207434188993 14
    endloop
  endfacet
  facet normal 0 0 1
    outer loop
      vertex -42.953770912593384 38.675749047542006 14
      vertex -41.577840459574034 40.15125381253004 14
      vertex -44.69792450477173 49.64207434188993 14
    endloop
  endfacet
  facet normal 0 0 1
    outer loop
      vertex -44.277368812276926 37.153123839881964 14
      vertex -44.69792450477173 49.64207434188993 14
      vertex -46.40317914666102 48.051898662621895 14
    endloop
  endfacet
  facet normal 0 0 1
    outer loop
      vertex -41.577840459574034 40.15125381253004 14
      vertex -42.93821232706082 51.17176880034773 14
      vertex -44.69792450477173 49.64207434188993 14
    endloop
  endfacet
  facet normal 0 0 1
    outer loop
      vertex -41.577840459574034 40.15125381253004 14
      vertex -40.15125381253004 41.577840459574034 14
      vertex -42.93821232706082 51.17176880034773 14
    endloop
  endfacet
  facet normal 0 0 1
    outer loop
      vertex -40.15125381253004 41.577840459574034 14
      vertex -38.675749047542006 42.953770912593384 14
      vertex -41.126186551753975 52.63911834092902 14
    endloop
  endfacet
  facet normal 0 0 1
    outer loop
      vertex -40.15125381253004 41.577840459574034 14
      vertex -41.126186551753975 52.63911834092902 14
      vertex -42.93821232706082 51.17176880034773 14
    endloop
  endfacet
  facet normal 0 0 1
    outer loop
      vertex -38.675749047542006 42.953770912593384 14
      vertex -37.153123839881964 44.277368812276926 14
      vertex -39.2640548531372 54.042335224246486 14
    endloop
  endfacet
  facet normal 0 0 1
    outer loop
      vertex -37.153123839881964 44.277368812276926 14
      vertex -35.58523327382305 45.54702155846852 14
      vertex -37.35408595184589 55.37970984667678 14
    endloop
  endfacet
  facet normal 0 0 1
    outer loop
      vertex -35.58523327382305 45.54702155846852 14
      vertex -33.97398758250495 46.76118227487196 14
      vertex -37.35408595184589 55.37970984667678 14
    endloop
  endfacet
  facet normal -0.6560590289905055 0.7547095802227736 0
    outer loop
      vertex -42.93821232706082 51.17176880034773 0
      vertex -44.69792450477173 49.64207434188993 14
      vertex -42.93821232706082 51.17176880034773 14
    endloop
  endfacet
  facet normal -0.6293203910498402 0.7771459614569686 0
    outer loop
      vertex -41.126186551753975 52.63911834092902 0
      vertex -42.93821232706082 51.17176880034773 14
      vertex -41.126186551753975 52.63911834092902 14
    endloop
  endfacet
  facet normal -0.6018150231520478 0.798635510047293 0
    outer loop
      vertex -39.2640548531372 54.042335224246486 0
      vertex -41.126186551753975 52.63911834092902 14
      vertex -39.2640548531372 54.042335224246486 14
    endloop
  endfacet
  facet normal -0.5735764363510463 0.8191520442889916 0
    outer loop
      vertex -37.35408595184589 55.37970984667678 0
      vertex -39.2640548531372 54.042335224246486 14
      vertex -37.35408595184589 55.37970984667678 14
    endloop
  endfacet
  facet normal -0.5446390350150255 0.838670567945425 0
    outer loop
      vertex -35.39860685077809 56.64961282324925 0
      vertex -37.35408595184589 55.37970984667678 14
      vertex -35.39860685077809 56.64961282324925 14
    endloop
  endfacet
  facet normal -0.5150380749100534 0.8571673007021128 0
    outer loop
      vertex -33.4 57.85049697280049 0
      vertex -35.39860685077809 56.64961282324925 14
      vertex -33.4 57.85049697280049 14
    endloop
  endfacet
  facet normal 0 0 1
    outer loop
      vertex -38.675749047542006 42.953770912593384 14
      vertex -39.2640548531372 54.042335224246486 14
      vertex -41.126186551753975 52.63911834092902 14
    endloop
  endfacet
  facet normal 0 0 1
    outer loop
      vertex -37.153123839881964 44.277368812276926 14
      vertex -37.35408595184589 55.37970984667678 14
      vertex -39.2640548531372 54.042335224246486 14
    endloop
  endfacet
  facet normal 0 0 1
    outer loop
      vertex -33.97398758250495 46.76118227487196 14
      vertex -35.39860685077809 56.64961282324925 14
      vertex -37.35408595184589 55.37970984667678 14
    endloop
  endfacet
  facet normal 0 0 1
    outer loop
      vertex -33.97398758250495 46.76118227487196 14
      vertex -32.32134982060917 47.91837169368141 14
      vertex -35.39860685077809 56.64961282324925 14
    endloop
  endfacet
  facet normal 0 0 1
    outer loop
      vertex -35.39860685077809 56.64961282324925 14
      vertex -32.32134982060917 47.91837169368141 14
      vertex -33.4 57.85049697280049 14
    endloop
  endfacet
  facet normal -0.4848096202463401 0.8746197071393942 0
    outer loop
      vertex -31.360700394097506 58.98089920297632 0
      vertex -33.4 57.85049697280049 14
      vertex -31.360700394097506 58.98089920297632 14
    endloop
  endfacet
  facet normal -0.45399049973954814 0.8910065241883671 0
    outer loop
      vertex -29.283192605510372 60.03944229278436 0
      vertex -31.360700394097506 58.98089920297632 14
      vertex -29.283192605510372 60.03944229278436 14
    endloop
  endfacet
  facet normal -0.4226182617406966 0.9063077870366514 0
    outer loop
      vertex -27.170007757463452 61.024836570525736 0
      vertex -29.283192605510372 60.03944229278436 14
      vertex -27.170007757463452 61.024836570525736 14
    endloop
  endfacet
  facet normal -0.3907311284892734 0.9205048534524406 0
    outer loop
      vertex -25.02372044018292 61.935881485061394 0
      vertex -27.170007757463452 61.024836570525736 14
      vertex -25.02372044018292 61.935881485061394 14
    endloop
  endfacet
  facet normal -0.35836794954530227 0.9335804264972009 0
    outer loop
      vertex -22.84694557415467 62.77146706849868 0
      vertex -25.02372044018292 61.935881485061394 14
      vertex -22.84694557415467 62.77146706849868 14
    endloop
  endfacet
  facet normal -0.32556815445715426 0.9455185755993176 0
    outer loop
      vertex -20.642335224246484 63.53057528851625 0
      vertex -22.84694557415467 62.77146706849868 14
      vertex -20.642335224246484 63.53057528851625 14
    endloop
  endfacet
  facet normal -0.2923717047227427 0.9563047559630338 -7.69085075602667e-19
    outer loop
      vertex -20.642335224246484 63.53057528851625 14
      vertex -18.638644564811962 64.14316499925754 14
      vertex -18.638644564811962 64.14316499925754 0
    endloop
  endfacet
  facet normal 0 0 1
    outer loop
      vertex -32.32134982060917 47.91837169368141 14
      vertex -30.629333472679242 49.01717995784142 14
      vertex -33.4 57.85049697280049 14
    endloop
  endfacet
  facet normal 0 0 1
    outer loop
      vertex -30.629333472679242 49.01717995784142 14
      vertex -31.360700394097506 58.98089920297632 14
      vertex -33.4 57.85049697280049 14
    endloop
  endfacet
  facet normal 0 0 1
    outer loop
      vertex -30.629333472679242 49.01717995784142 14
      vertex -28.9 50.05626833874055 14
      vertex -31.360700394097506 58.98089920297632 14
    endloop
  endfacet
  facet normal 0 0 1
    outer loop
      vertex -28.9 50.05626833874055 14
      vertex -29.283192605510372 60.03944229278436 14
      vertex -31.360700394097506 58.98089920297632 14
    endloop
  endfacet
  facet normal 0 0 1
    outer loop
      vertex -28.9 50.05626833874055 14
      vertex -27.13545632902449 51.034370867245975 14
      vertex -29.283192605510372 60.03944229278436 14
    endloop
  endfacet
  facet normal 0 0 1
    outer loop
      vertex -27.13545632902449 51.034370867245975 14
      vertex -25.337852284408676 51.95029587609185 14
      vertex -27.170007757463452 61.024836570525736 14
    endloop
  endfacet
  facet normal 0 0 1
    outer loop
      vertex -25.337852284408676 51.95029587609185 14
      vertex -23.50937796978125 52.80292745174233 14
      vertex -27.170007757463452 61.024836570525736 14
    endloop
  endfacet
  facet normal 0 0 1
    outer loop
      vertex -27.13545632902449 51.034370867245975 14
      vertex -27.170007757463452 61.024836570525736 14
      vertex -29.283192605510372 60.03944229278436 14
    endloop
  endfacet
  facet normal 0 0 1
    outer loop
      vertex -23.50937796978125 52.80292745174233 14
      vertex -25.02372044018292 61.935881485061394 14
      vertex -27.170007757463452 61.024836570525736 14
    endloop
  endfacet
  facet normal 0 0 1
    outer loop
      vertex -23.50937796978125 52.80292745174233 14
      vertex -21.652261099439713 53.59122679396031 14
      vertex -25.02372044018292 61.935881485061394 14
    endloop
  endfacet
  facet normal 0 0 1
    outer loop
      vertex -21.652261099439713 53.59122679396031 14
      vertex -22.84694557415467 62.77146706849868 14
      vertex -25.02372044018292 61.935881485061394 14
    endloop
  endfacet
  facet normal 0 0 1
    outer loop
      vertex -21.652261099439713 53.59122679396031 14
      vertex -19.76876428422365 54.314233481425504 14
      vertex -22.84694557415467 62.77146706849868 14
    endloop
  endfacet
  facet normal 0 0 1
    outer loop
      vertex -19.76876428422365 54.314233481425504 14
      vertex -20.642335224246484 63.53057528851625 14
      vertex -22.84694557415467 62.77146706849868 14
    endloop
  endfacet
  facet normal 0 0 1
    outer loop
      vertex -19.76876428422365 54.314233481425504 14
      vertex -17.861182274871958 54.97106664185987 14
      vertex -18.712089358113605 57.589889363618504 14
    endloop
  endfacet
  facet normal 0 0 1
    outer loop
      vertex -19.76876428422365 54.314233481425504 14
      vertex -18.712089358113605 57.589889363618504 14
      vertex -18.964831211466198 58.36774880483694 14
    endloop
  endfacet
  facet normal 0 0 1
    outer loop
      vertex -19.76876428422365 54.314233481425504 14
      vertex -18.964831211466198 58.36774880483694 14
      vertex -20.642335224246484 63.53057528851625 14
    endloop
  endfacet
  facet normal 0 0 1
    outer loop
      vertex -18.712089358113605 57.589889363618504 14
      vertex -15.93183916622255 55.56092602523483 14
      vertex -18.328371762207798 62.80104924865896 14
    endloop
  endfacet
  facet normal 0 0 1
    outer loop
      vertex -15.93183916622255 55.56092602523483 14
      vertex -16.309901013141335 56.87938437084457 14
      vertex -18.328371762207798 62.80104924865896 14
    endloop
  endfacet
  facet normal 0 0 1
    outer loop
      vertex -18.712089358113605 57.589889363618504 14
      vertex -18.328371762207798 62.80104924865896 14
      vertex -18.964831211466198 58.36774880483694 14
    endloop
  endfacet
  facet normal 0 0 1
    outer loop
      vertex -16.309901013141335 56.87938437084457 14
      vertex -15.98713200212683 57.8 14
      vertex -18.328371762207798 62.80104924865896 14
    endloop
  endfacet
  facet normal 0 0 1
    outer loop
      vertex -18.328371762207798 62.80104924865896 14
      vertex -15.98713200212683 57.8 14
      vertex -18.128629098953745 64.2883644623187 14
    endloop
  endfacet
  facet normal 0 0 1
    outer loop
      vertex -20.642335224246484 63.53057528851625 14
      vertex -18.964831211466198 58.36774880483694 14
      vertex -18.638644564811962 64.14316499925754 14
    endloop
  endfacet
  facet normal 0 0 1
    outer loop
      vertex -18.638644564811962 64.14316499925754 14
      vertex -18.964831211466198 58.36774880483694 14
      vertex -18.638290989652305 64.14327309803204 14
    endloop
  endfacet
  facet normal 0 0 1
    outer loop
      vertex -16.309901013141335 56.87938437084457 14
      vertex -13.983085565660794 56.083092978752596 14
      vertex -15.98713200212683 57.8 14
    endloop
  endfacet
  facet normal 0 0 1
    outer loop
      vertex -13.983085565660794 56.083092978752596 14
      vertex -14.194428365323425 56.930742650079566 14
      vertex -15.98713200212683 57.8 14
    endloop
  endfacet
  facet normal 0 0 1
    outer loop
      vertex -14.194428365323425 56.930742650079566 14
      vertex -12.321979957945093 57.14575921372013 14
      vertex -15.98713200212683 57.8 14
    endloop
  endfacet
  facet normal 0 0 1
    outer loop
      vertex -14.194428365323425 56.930742650079566 14
      vertex -12.01729572926649 56.53693132241396 14
      vertex -12.321979957945093 57.14575921372013 14
    endloop
  endfacet
  facet normal 0 0 1
    outer loop
      vertex -12.321979957945093 57.14575921372013 14
      vertex -10.036864669148573 56.92188812410562 14
      vertex -15.98713200212683 57.8 14
    endloop
  endfacet
  facet normal 0 0 1
    outer loop
      vertex -10.036864669148573 56.92188812410562 14
      vertex -10.232672319386511 57.34985728942545 14
      vertex -15.98713200212683 57.8 14
    endloop
  endfacet
  facet normal 0 0 1
    outer loop
      vertex -10.232672319386511 57.34985728942545 14
      vertex -8.044205235491782 57.23749437326276 14
      vertex -15.98713200212683 57.8 14
    endloop
  endfacet
  facet normal 0 0 1
    outer loop
      vertex -8.16809015051914 57.53532270821267 14
      vertex -15.98713200212683 57.8 14
      vertex -8.044205235491782 57.23749437326276 14
    endloop
  endfacet
  facet normal 0 0 1
    outer loop
      vertex -8.16809015051914 57.53532270821267 14
      vertex -8.08577961486846 57.5333114535065 14
      vertex -15.98713200212683 57.8 14
    endloop
  endfacet
  facet normal 0 0 1
    outer loop
      vertex -6.1151465721897065 57.678798032432624 14
      vertex -15.98713200212683 57.8 14
      vertex -8.08577961486846 57.5333114535065 14
    endloop
  endfacet
  facet normal 0 0 1
    outer loop
      vertex -6.1151465721897065 57.678798032432624 14
      vertex -6.06223364493312 57.678300304543896 14
      vertex -15.98713200212683 57.8 14
    endloop
  endfacet
  facet normal 0 0 1
    outer loop
      vertex -4.0688587287131295 57.769043493208514 14
      vertex -15.98713200212683 57.8 14
      vertex -6.06223364493312 57.678300304543896 14
    endloop
  endfacet
  facet normal 0 0 1
    outer loop
      vertex -4.0688587287131295 57.769043493208514 14
      vertex -4.039600798744351 57.768982833189874 14
      vertex -15.98713200212683 57.8 14
    endloop
  endfacet
  facet normal 0 0 1
    outer loop
      vertex -2.0276777540854405 57.8 14
      vertex -15.98713200212683 57.8 14
      vertex -4.039600798744351 57.768982833189874 14
    endloop
  endfacet
  facet normal 0 0 1
    outer loop
      vertex -4.031924182410442 57.65920210501783 14
      vertex -2.0276777540854405 57.8 14
      vertex -4.039600798744351 57.768982833189874 14
    endloop
  endfacet
  facet normal 0 0 1
    outer loop
      vertex -4.031924182410442 57.65920210501783 14
      vertex -2.017190909404556 57.764789801703735 14
      vertex -2.0276777540854405 57.8 14
    endloop
  endfacet
  facet normal 0 0 1
    outer loop
      vertex -2.0184204766230183 57.8 14
      vertex 0 57.8 14
      vertex -0.01276671006596304 66.79977715624688 14
    endloop
  endfacet
  facet normal 0 0 -1
    outer loop
      vertex 28.9 50.05626833874055 0
      vertex 30.69585161725596 49.22925017722695 0
      vertex 30.56553379469044 49.05551467185153 0
    endloop
  endfacet
  facet normal 0 0 -1
    outer loop
      vertex 30.721756619172158 48.957159664721715 0
      vertex 30.69585161725596 49.22925017722695 0
      vertex 31.917247269299125 48.18079895893264 0
    endloop
  endfacet
  facet normal 0 0 -1
    outer loop
      vertex 30.69585161725596 49.22925017722695 0
      vertex 32.50705370253048 49.628318305939686 0
      vertex 31.917247269299125 48.18079895893264 0
    endloop
  endfacet
  facet normal 0 0 -1
    outer loop
      vertex 4.031924182410442 57.65920210501783 0
      vertex 2.017190909404556 57.764789801703735 0
      vertex 3.843613977893765 63.89711276168757 0
    endloop
  endfacet
  facet normal 0 0 -1
    outer loop
      vertex 15.669568948725194 55.631201118211976 0
      vertex 14.174757507112306 56.03173463682896 0
      vertex 14.817303613461833 56.36858216583489 0
    endloop
  endfacet
  facet normal 0 0 -1
    outer loop
      vertex 15.669568948725194 55.631201118211976 0
      vertex 14.817303613461833 56.36858216583489 0
      vertex 15.862174381998104 56.72616170646191 0
    endloop
  endfacet
  facet normal 0 0 -1
    outer loop
      vertex 18.739428046342738 54.6686623714876 0
      vertex 17.93965451415135 55.006581737680754 0
      vertex 18.98917720587412 58.31667479539363 0
    endloop
  endfacet
  facet normal 0 0 -1
    outer loop
      vertex 19.2945034423556 54.477534585182674 0
      vertex 18.739428046342738 54.6686623714876 0
      vertex 18.98917720587412 58.31667479539363 0
    endloop
  endfacet
  facet normal 0 0 -1
    outer loop
      vertex 19.2945034423556 54.477534585182674 0
      vertex 20.642335224246484 63.53057528851625 0
      vertex 19.76876428422365 54.314233481425504 0
    endloop
  endfacet
  facet normal 0 0 -1
    outer loop
      vertex 19.2945034423556 54.477534585182674 0
      vertex 18.98917720587412 58.31667479539363 0
      vertex 20.642335224246484 63.53057528851625 0
    endloop
  endfacet
  facet normal 0 0 -1
    outer loop
      vertex 20.642335224246484 63.53057528851625 0
      vertex 18.98917720587412 58.31667479539363 0
      vertex 18.977141877084613 58.69533060991445 0
    endloop
  endfacet
  facet normal 0 0 -1
    outer loop
      vertex 21.652261099439713 53.59122679396031 0
      vertex 19.76876428422365 54.314233481425504 0
      vertex 22.84694557415467 62.77146706849868 0
    endloop
  endfacet
  facet normal 0 0 -1
    outer loop
      vertex 19.76876428422365 54.314233481425504 0
      vertex 20.642335224246484 63.53057528851625 0
      vertex 22.84694557415467 62.77146706849868 0
    endloop
  endfacet
  facet normal 0 0 -1
    outer loop
      vertex 21.652261099439713 53.59122679396031 0
      vertex 25.02372044018292 61.935881485061394 0
      vertex 23.50937796978125 52.80292745174233 0
    endloop
  endfacet
  facet normal 0 0 -1
    outer loop
      vertex 21.652261099439713 53.59122679396031 0
      vertex 22.84694557415467 62.77146706849868 0
      vertex 25.02372044018292 61.935881485061394 0
    endloop
  endfacet
  facet normal 0 0 -1
    outer loop
      vertex 20.642335224246484 63.53057528851625 0
      vertex 18.977141877084613 58.69533060991445 0
      vertex 18.638782183804203 64.14312292490925 0
    endloop
  endfacet
  facet normal 0 0 -1
    outer loop
      vertex 23.50937796978125 52.80292745174233 0
      vertex 27.170007757463452 61.024836570525736 0
      vertex 25.337852284408676 51.95029587609185 0
    endloop
  endfacet
  facet normal 0 0 -1
    outer loop
      vertex 27.13545632902449 51.034370867245975 0
      vertex 25.337852284408676 51.95029587609185 0
      vertex 27.170007757463452 61.024836570525736 0
    endloop
  endfacet
  facet normal 0 0 -1
    outer loop
      vertex 28.9 50.05626833874055 0
      vertex 27.13545632902449 51.034370867245975 0
      vertex 29.283192605510372 60.03944229278436 0
    endloop
  endfacet
  facet normal 0 0 -1
    outer loop
      vertex 23.50937796978125 52.80292745174233 0
      vertex 25.02372044018292 61.935881485061394 0
      vertex 27.170007757463452 61.024836570525736 0
    endloop
  endfacet
  facet normal 0 0 -1
    outer loop
      vertex 27.13545632902449 51.034370867245975 0
      vertex 27.170007757463452 61.024836570525736 0
      vertex 29.283192605510372 60.03944229278436 0
    endloop
  endfacet
  facet normal 0 0 -1
    outer loop
      vertex 28.9 50.05626833874055 0
      vertex 31.360700394097506 58.98089920297632 0
      vertex 30.69585161725596 49.22925017722695 0
    endloop
  endfacet
  facet normal 0 0 -1
    outer loop
      vertex 30.69585161725596 49.22925017722695 0
      vertex 33.4 57.85049697280049 0
      vertex 32.50705370253048 49.628318305939686 0
    endloop
  endfacet
  facet normal 0 0 -1
    outer loop
      vertex 30.69585161725596 49.22925017722695 0
      vertex 31.360700394097506 58.98089920297632 0
      vertex 33.4 57.85049697280049 0
    endloop
  endfacet
  facet normal 0 0 -1
    outer loop
      vertex 28.9 50.05626833874055 0
      vertex 29.283192605510372 60.03944229278436 0
      vertex 31.360700394097506 58.98089920297632 0
    endloop
  endfacet
  facet normal 0.2923717047227397 0.9563047559630345 2.8593843247071615e-18
    outer loop
      vertex 20.642335224246484 63.53057528851625 0
      vertex 18.638782183804203 64.14312292490925 0
      vertex 18.638782183804203 64.14312292490925 14
    endloop
  endfacet
  facet normal 0.32556815445715426 0.9455185755993176 0
    outer loop
      vertex 20.642335224246484 63.53057528851625 0
      vertex 20.642335224246484 63.53057528851625 14
      vertex 22.84694557415467 62.77146706849868 0
    endloop
  endfacet
  facet normal 0.35836794954530227 0.9335804264972009 1.111934628309531e-18
    outer loop
      vertex 25.02372044018292 61.935881485061394 0
      vertex 22.84694557415467 62.77146706849868 0
      vertex 22.84694557415467 62.77146706849868 14
    endloop
  endfacet
  facet normal 0.3907311284892734 0.9205048534524406 0
    outer loop
      vertex 25.02372044018292 61.935881485061394 0
      vertex 25.02372044018292 61.935881485061394 14
      vertex 27.170007757463452 61.024836570525736 0
    endloop
  endfacet
  facet normal 0.4226182617406966 0.9063077870366514 0
    outer loop
      vertex 27.170007757463452 61.024836570525736 0
      vertex 27.170007757463452 61.024836570525736 14
      vertex 29.283192605510372 60.03944229278436 0
    endloop
  endfacet
  facet normal 0.45399049973954814 0.8910065241883671 0
    outer loop
      vertex 29.283192605510372 60.03944229278436 0
      vertex 29.283192605510372 60.03944229278436 14
      vertex 31.360700394097506 58.98089920297632 0
    endloop
  endfacet
  facet normal 0.4848096202463401 0.8746197071393942 0
    outer loop
      vertex 31.360700394097506 58.98089920297632 0
      vertex 31.360700394097506 58.98089920297632 14
      vertex 33.4 57.85049697280049 0
    endloop
  endfacet
  facet normal 0 0 -1
    outer loop
      vertex 34.06726003161275 46.99900706175296 0
      vertex 34.06398413867768 47.38585773387089 0
      vertex 35.551307969219515 50.78301174758047 0
    endloop
  endfacet
  facet normal 0 0 -1
    outer loop
      vertex 35.647529704800064 45.4965749033383 0
      vertex 35.64432110708888 45.87547867270255 0
      vertex 37.20993352212149 47.41587318066401 0
    endloop
  endfacet
  facet normal 0 0 -1
    outer loop
      vertex 36.820400665637656 44.54680272625393 0
      vertex 35.647529704800064 45.4965749033383 0
      vertex 37.20993352212149 47.41587318066401 0
    endloop
  endfacet
  facet normal 0 0 -1
    outer loop
      vertex 38.74677574631353 43.234503742183016 0
      vertex 38.73904964941307 44.14687964641502 0
      vertex 40.04357151774863 48.36008542641559 0
    endloop
  endfacet
  facet normal 0 0 -1
    outer loop
      vertex 37.23712909392993 44.20434415902615 0
      vertex 39.2640548531372 54.042335224246486 0
      vertex 38.28735016794369 43.29140090761087 0
    endloop
  endfacet
  facet normal 0 0 -1
    outer loop
      vertex 37.23712909392993 44.20434415902615 0
      vertex 37.20993352212149 47.41587318066401 0
      vertex 39.2640548531372 54.042335224246486 0
    endloop
  endfacet
  facet normal 0 0 -1
    outer loop
      vertex 38.28735016794369 43.29140090761087 0
      vertex 39.2640548531372 54.042335224246486 0
      vertex 38.73904964941307 44.14687964641502 0
    endloop
  endfacet
  facet normal 0 0 -1
    outer loop
      vertex 40.20444008554699 41.52465418655708 0
      vertex 42.93821232706082 51.17176880034773 0
      vertex 41.01948905537341 40.70960521673066 0
    endloop
  endfacet
  facet normal 0 0 -1
    outer loop
      vertex 40.20444008554699 41.52465418655708 0
      vertex 40.283365231738905 43.076734752869264 0
      vertex 42.93821232706082 51.17176880034773 0
    endloop
  endfacet
  facet normal 0 0 -1
    outer loop
      vertex 38.73904964941307 44.14687964641502 0
      vertex 41.126186551753975 52.63911834092902 0
      vertex 40.04357151774863 48.36008542641559 0
    endloop
  endfacet
  facet normal 0 0 -1
    outer loop
      vertex 40.283365231738905 43.076734752869264 0
      vertex 40.04357151774863 48.36008542641559 0
      vertex 41.126186551753975 52.63911834092902 0
    endloop
  endfacet
  facet normal 0 0 -1
    outer loop
      vertex 40.283365231738905 43.076734752869264 0
      vertex 41.126186551753975 52.63911834092902 0
      vertex 42.93821232706082 51.17176880034773 0
    endloop
  endfacet
  facet normal 0 0 -1
    outer loop
      vertex 49.01717995784142 30.629333472679242 0
      vertex 47.91837169368141 32.32134982060917 0
      vertex 49.64207434188993 44.69792450477173 0
    endloop
  endfacet
  facet normal 0 0 -1
    outer loop
      vertex 50.05626833874055 28.9 0
      vertex 49.01717995784142 30.629333472679242 0
      vertex 51.17176880034773 42.93821232706082 0
    endloop
  endfacet
  facet normal 0 0 -1
    outer loop
      vertex 41.577840459574034 40.15125381253004 0
      vertex 44.69792450477173 49.64207434188993 0
      vertex 42.953770912593384 38.675749047542006 0
    endloop
  endfacet
  facet normal 0 0 -1
    outer loop
      vertex 44.277368812276926 37.153123839881964 0
      vertex 42.953770912593384 38.675749047542006 0
      vertex 44.69792450477173 49.64207434188993 0
    endloop
  endfacet
  facet normal 0 0 -1
    outer loop
      vertex 45.54702155846852 35.58523327382305 0
      vertex 44.277368812276926 37.153123839881964 0
      vertex 46.40317914666102 48.051898662621895 0
    endloop
  endfacet
  facet normal 0 0 -1
    outer loop
      vertex 41.577840459574034 40.15125381253004 0
      vertex 41.01948905537341 40.70960521673066 0
      vertex 42.93821232706082 51.17176880034773 0
    endloop
  endfacet
  facet normal 0 0 -1
    outer loop
      vertex 41.577840459574034 40.15125381253004 0
      vertex 42.93821232706082 51.17176880034773 0
      vertex 44.69792450477173 49.64207434188993 0
    endloop
  endfacet
  facet normal 0 0 -1
    outer loop
      vertex 44.277368812276926 37.153123839881964 0
      vertex 44.69792450477173 49.64207434188993 0
      vertex 46.40317914666102 48.051898662621895 0
    endloop
  endfacet
  facet normal 0 0 -1
    outer loop
      vertex 45.54702155846852 35.58523327382305 0
      vertex 48.051898662621895 46.40317914666102 0
      vertex 46.76118227487196 33.97398758250495 0
    endloop
  endfacet
  facet normal 0 0 -1
    outer loop
      vertex 47.91837169368141 32.32134982060917 0
      vertex 46.76118227487196 33.97398758250495 0
      vertex 48.051898662621895 46.40317914666102 0
    endloop
  endfacet
  facet normal 0 0 -1
    outer loop
      vertex 49.01717995784142 30.629333472679242 0
      vertex 49.64207434188993 44.69792450477173 0
      vertex 51.17176880034773 42.93821232706082 0
    endloop
  endfacet
  facet normal 0 0 -1
    outer loop
      vertex 47.91837169368141 32.32134982060917 0
      vertex 48.051898662621895 46.40317914666102 0
      vertex 49.64207434188993 44.69792450477173 0
    endloop
  endfacet
  facet normal 0 0 -1
    outer loop
      vertex 45.54702155846852 35.58523327382305 0
      vertex 46.40317914666102 48.051898662621895 0
      vertex 48.051898662621895 46.40317914666102 0
    endloop
  endfacet
  facet normal 0 0 -1
    outer loop
      vertex 57.8 0 0
      vertex 57.764789801703735 2.017190909404556 0
      vertex 57.85049697280049 33.4 0
    endloop
  endfacet
  facet normal 0 0 -1
    outer loop
      vertex 57.764789801703735 2.017190909404556 0
      vertex 57.65920210501783 4.031924182410442 0
      vertex 57.85049697280049 33.4 0
    endloop
  endfacet
  facet normal 0 0 -1
    outer loop
      vertex 57.65920210501783 4.031924182410442 0
      vertex 57.483365552286195 6.0417451768703705 0
      vertex 57.85049697280049 33.4 0
    endloop
  endfacet
  facet normal 0 0 -1
    outer loop
      vertex 57.23749437326276 8.044205235491782 0
      vertex 56.92188812410562 10.036864669148573 0
      vertex 57.85049697280049 33.4 0
    endloop
  endfacet
  facet normal 0 0 -1
    outer loop
      vertex 56.92188812410562 10.036864669148573 0
      vertex 56.53693132241396 12.01729572926649 0
      vertex 57.85049697280049 33.4 0
    endloop
  endfacet
  facet normal 0 0 -1
    outer loop
      vertex 57.483365552286195 6.0417451768703705 0
      vertex 57.23749437326276 8.044205235491782 0
      vertex 57.85049697280049 33.4 0
    endloop
  endfacet
  facet normal 0 0 -1
    outer loop
      vertex 55.56092602523483 15.93183916622255 0
      vertex 54.97106664185987 17.861182274871958 0
      vertex 56.64961282324925 35.39860685077809 0
    endloop
  endfacet
  facet normal 0 0 -1
    outer loop
      vertex 56.083092978752596 13.983085565660794 0
      vertex 55.56092602523483 15.93183916622255 0
      vertex 56.64961282324925 35.39860685077809 0
    endloop
  endfacet
  facet normal 0 0 -1
    outer loop
      vertex 56.53693132241396 12.01729572926649 0
      vertex 56.083092978752596 13.983085565660794 0
      vertex 56.64961282324925 35.39860685077809 0
    endloop
  endfacet
  facet normal 0 0 -1
    outer loop
      vertex 57.8 0 0
      vertex 57.85049697280049 33.4 0
      vertex 58.98089920297632 31.360700394097506 0
    endloop
  endfacet
  facet normal 0 0 -1
    outer loop
      vertex 57.8 0 0
      vertex 64.2122812886797 18.412575368575542 0
      vertex 64.81575451523656 16.160382626057803 0
    endloop
  endfacet
  facet normal 0 0 -1
    outer loop
      vertex 57.8 0 0
      vertex 66.7593072448756 2.3312863797270644 0
      vertex 66.8 0 0
    endloop
  endfacet
  facet normal 0 0 -1
    outer loop
      vertex 57.8 0 0
      vertex 66.63727855735625 4.65973244610757 0
      vertex 66.7593072448756 2.3312863797270644 0
    endloop
  endfacet
  facet normal 0 0 -1
    outer loop
      vertex 57.8 0 0
      vertex 66.43406261060065 6.982501346279252 0
      vertex 66.63727855735625 4.65973244610757 0
    endloop
  endfacet
  facet normal 0 0 -1
    outer loop
      vertex 57.8 0 0
      vertex 66.1499069919369 9.29676314413237 0
      vertex 66.43406261060065 6.982501346279252 0
    endloop
  endfacet
  facet normal 0 0 -1
    outer loop
      vertex 57.8 0 0
      vertex 65.7851579012155 11.599698268150945 0
      vertex 66.1499069919369 9.29676314413237 0
    endloop
  endfacet
  facet normal 0 0 -1
    outer loop
      vertex 57.8 0 0
      vertex 65.34025972901821 13.888500946626323 0
      vertex 65.7851579012155 11.599698268150945 0
    endloop
  endfacet
  facet normal 0 0 -1
    outer loop
      vertex 57.8 0 0
      vertex 64.81575451523656 16.160382626057803 0
      vertex 65.34025972901821 13.888500946626323 0
    endloop
  endfacet
  facet normal 0 0 -1
    outer loop
      vertex 57.8 0 0
      vertex 61.024836570525736 27.170007757463452 0
      vertex 61.935881485061394 25.02372044018292 0
    endloop
  endfacet
  facet normal 0 0 -1
    outer loop
      vertex 57.8 0 0
      vertex 62.77146706849868 22.84694557415467 0
      vertex 63.53057528851625 20.642335224246484 0
    endloop
  endfacet
  facet normal 0 0 -1
    outer loop
      vertex 57.8 0 0
      vertex 63.53057528851625 20.642335224246484 0
      vertex 64.2122812886797 18.412575368575542 0
    endloop
  endfacet
  facet normal 0 0 -1
    outer loop
      vertex 57.8 0 0
      vertex 61.935881485061394 25.02372044018292 0
      vertex 62.77146706849868 22.84694557415467 0
    endloop
  endfacet
  facet normal 0 0 -1
    outer loop
      vertex 57.8 0 0
      vertex 58.98089920297632 31.360700394097506 0
      vertex 60.03944229278436 29.283192605510372 0
    endloop
  endfacet
  facet normal 0 0 -1
    outer loop
      vertex 57.8 0 0
      vertex 60.03944229278436 29.283192605510372 0
      vertex 61.024836570525736 27.170007757463452 0
    endloop
  endfacet
  facet normal 0 0 -1
    outer loop
      vertex 52.80292745174233 23.50937796978125 0
      vertex 51.95029587609185 25.337852284408676 0
      vertex 54.042335224246486 39.2640548531372 0
    endloop
  endfacet
  facet normal 0 0 -1
    outer loop
      vertex 53.59122679396031 21.652261099439713 0
      vertex 52.80292745174233 23.50937796978125 0
      vertex 54.042335224246486 39.2640548531372 0
    endloop
  endfacet
  facet normal 0 0 -1
    outer loop
      vertex 50.05626833874055 28.9 0
      vertex 51.17176880034773 42.93821232706082 0
      vertex 51.034370867245975 27.13545632902449 0
    endloop
  endfacet
  facet normal 0 0 -1
    outer loop
      vertex 51.95029587609185 25.337852284408676 0
      vertex 51.034370867245975 27.13545632902449 0
      vertex 52.63911834092902 41.126186551753975 0
    endloop
  endfacet
  facet normal 0 0 -1
    outer loop
      vertex 51.034370867245975 27.13545632902449 0
      vertex 51.17176880034773 42.93821232706082 0
      vertex 52.63911834092902 41.126186551753975 0
    endloop
  endfacet
  facet normal 0 0 -1
    outer loop
      vertex 51.95029587609185 25.337852284408676 0
      vertex 52.63911834092902 41.126186551753975 0
      vertex 54.042335224246486 39.2640548531372 0
    endloop
  endfacet
  facet normal 0 0 -1
    outer loop
      vertex 54.314233481425504 19.76876428422365 0
      vertex 53.59122679396031 21.652261099439713 0
      vertex 55.37970984667678 37.35408595184589 0
    endloop
  endfacet
  facet normal 0 0 -1
    outer loop
      vertex 54.97106664185987 17.861182274871958 0
      vertex 54.314233481425504 19.76876428422365 0
      vertex 55.37970984667678 37.35408595184589 0
    endloop
  endfacet
  facet normal 0 0 -1
    outer loop
      vertex 54.97106664185987 17.861182274871958 0
      vertex 55.37970984667678 37.35408595184589 0
      vertex 56.64961282324925 35.39860685077809 0
    endloop
  endfacet
  facet normal 0 0 -1
    outer loop
      vertex 56.53693132241396 12.01729572926649 0
      vertex 56.64961282324925 35.39860685077809 0
      vertex 57.85049697280049 33.4 0
    endloop
  endfacet
  facet normal 0 0 -1
    outer loop
      vertex 53.59122679396031 21.652261099439713 0
      vertex 54.042335224246486 39.2640548531372 0
      vertex 55.37970984667678 37.35408595184589 0
    endloop
  endfacet
  facet normal 0.6819983600624978 0.7313537016191711 0
    outer loop
      vertex 44.69792450477173 49.64207434188993 0
      vertex 44.69792450477173 49.64207434188993 14
      vertex 46.40317914666102 48.051898662621895 0
    endloop
  endfacet
  facet normal 0.7071067811865476 0.7071067811865476 0
    outer loop
      vertex 48.051898662621895 46.40317914666102 0
      vertex 46.40317914666102 48.051898662621895 0
      vertex 48.051898662621895 46.40317914666102 14
    endloop
  endfacet
  facet normal 0.7313537016191711 0.6819983600624978 0
    outer loop
      vertex 49.64207434188993 44.69792450477173 0
      vertex 48.051898662621895 46.40317914666102 0
      vertex 49.64207434188993 44.69792450477173 14
    endloop
  endfacet
  facet normal 0.9998476951563913 0.017452406437279876 0
    outer loop
      vertex 66.8 0 0
      vertex 66.7593072448756 2.3312863797270644 0
      vertex 66.8 0 14
    endloop
  endfacet
  facet normal 0.9986295347545735 0.05233595624294876 0
    outer loop
      vertex 66.7593072448756 2.3312863797270644 0
      vertex 66.63727855735625 4.65973244610757 0
      vertex 66.7593072448756 2.3312863797270644 14
    endloop
  endfacet
  facet normal 0.9961946980917453 0.08715574274766023 0
    outer loop
      vertex 66.63727855735625 4.65973244610757 0
      vertex 66.43406261060065 6.982501346279252 0
      vertex 66.63727855735625 4.65973244610757 14
    endloop
  endfacet
  facet normal 0.9925461516413229 0.12186934340514091 0
    outer loop
      vertex 66.43406261060065 6.982501346279252 0
      vertex 66.1499069919369 9.29676314413237 0
      vertex 66.43406261060065 6.982501346279252 14
    endloop
  endfacet
  facet normal 0.9876883405951374 0.15643446504023295 0
    outer loop
      vertex 66.1499069919369 9.29676314413237 0
      vertex 65.7851579012155 11.599698268150945 0
      vertex 66.1499069919369 9.29676314413237 14
    endloop
  endfacet
  facet normal 0.9335804264972009 0.35836794954530227 1.111934628309531e-18
    outer loop
      vertex 61.935881485061394 25.02372044018292 0
      vertex 62.77146706849868 22.84694557415467 14
      vertex 62.77146706849868 22.84694557415467 0
    endloop
  endfacet
  facet normal 0.965925826289069 0.2588190451025185 0
    outer loop
      vertex 64.81575451523656 16.160382626057803 0
      vertex 64.2122812886797 18.412575368575542 0
      vertex 64.81575451523656 16.160382626057803 14
    endloop
  endfacet
  facet normal 0.9816271834476638 0.19080899537654572 0
    outer loop
      vertex 65.7851579012155 11.599698268150945 0
      vertex 65.34025972901821 13.888500946626323 0
      vertex 65.7851579012155 11.599698268150945 14
    endloop
  endfacet
  facet normal 0.9743700647852352 0.22495105434386464 0
    outer loop
      vertex 65.34025972901821 13.888500946626323 0
      vertex 64.81575451523656 16.160382626057803 0
      vertex 65.34025972901821 13.888500946626323 14
    endloop
  endfacet
  facet normal 0.9455185755993176 0.32556815445715426 0
    outer loop
      vertex 63.53057528851625 20.642335224246484 0
      vertex 62.77146706849868 22.84694557415467 0
      vertex 63.53057528851625 20.642335224246484 14
    endloop
  endfacet
  facet normal 0.9563047559630342 0.2923717047227408 0
    outer loop
      vertex 64.2122812886797 18.412575368575542 0
      vertex 63.53057528851625 20.642335224246484 0
      vertex 64.2122812886797 18.412575368575542 14
    endloop
  endfacet
  facet normal 0.838670567945425 0.5446390350150255 0
    outer loop
      vertex 56.64961282324925 35.39860685077809 0
      vertex 55.37970984667678 37.35408595184589 0
      vertex 56.64961282324925 35.39860685077809 14
    endloop
  endfacet
  facet normal 0.8571673007021128 0.5150380749100534 0
    outer loop
      vertex 57.85049697280049 33.4 0
      vertex 56.64961282324925 35.39860685077809 0
      vertex 57.85049697280049 33.4 14
    endloop
  endfacet
  facet normal 0.7771459614569686 0.6293203910498402 0
    outer loop
      vertex 52.63911834092902 41.126186551753975 0
      vertex 51.17176880034773 42.93821232706082 0
      vertex 52.63911834092902 41.126186551753975 14
    endloop
  endfacet
  facet normal 0.798635510047293 0.6018150231520478 0
    outer loop
      vertex 54.042335224246486 39.2640548531372 0
      vertex 52.63911834092902 41.126186551753975 0
      vertex 54.042335224246486 39.2640548531372 14
    endloop
  endfacet
  facet normal 0.7547095802227736 0.6560590289905055 -5.171403890279123e-18
    outer loop
      vertex 49.64207434188993 44.69792450477173 0
      vertex 51.17176880034773 42.93821232706082 14
      vertex 51.17176880034773 42.93821232706082 0
    endloop
  endfacet
  facet normal 0.8191520442889916 0.5735764363510463 0
    outer loop
      vertex 55.37970984667678 37.35408595184589 0
      vertex 54.042335224246486 39.2640548531372 0
      vertex 55.37970984667678 37.35408595184589 14
    endloop
  endfacet
  facet normal 0.8910065241883671 0.45399049973954814 0
    outer loop
      vertex 60.03944229278436 29.283192605510372 0
      vertex 58.98089920297632 31.360700394097506 0
      vertex 60.03944229278436 29.283192605510372 14
    endloop
  endfacet
  facet normal 0.9205048534524406 0.3907311284892734 0
    outer loop
      vertex 61.935881485061394 25.02372044018292 0
      vertex 61.024836570525736 27.170007757463452 0
      vertex 61.935881485061394 25.02372044018292 14
    endloop
  endfacet
  facet normal 0.9063077870366514 0.4226182617406966 0
    outer loop
      vertex 61.024836570525736 27.170007757463452 0
      vertex 60.03944229278436 29.283192605510372 0
      vertex 61.024836570525736 27.170007757463452 14
    endloop
  endfacet
  facet normal 0.8746197071393942 0.4848096202463401 0
    outer loop
      vertex 58.98089920297632 31.360700394097506 0
      vertex 57.85049697280049 33.4 0
      vertex 58.98089920297632 31.360700394097506 14
    endloop
  endfacet
  facet normal 0 0 -1
    outer loop
      vertex 32.41670560477913 47.851602854793704 0
      vertex 35.39860685077809 56.64961282324925 0
      vertex 33.800105087347475 46.882936108743934 0
    endloop
  endfacet
  facet normal 0 0 -1
    outer loop
      vertex 33.800105087347475 46.882936108743934 0
      vertex 35.39860685077809 56.64961282324925 0
      vertex 34.06398413867768 47.38585773387089 0
    endloop
  endfacet
  facet normal 0 0 -1
    outer loop
      vertex 32.41670560477913 47.851602854793704 0
      vertex 32.50705370253048 49.628318305939686 0
      vertex 35.39860685077809 56.64961282324925 0
    endloop
  endfacet
  facet normal 0 0 -1
    outer loop
      vertex 32.50705370253048 49.628318305939686 0
      vertex 33.4 57.85049697280049 0
      vertex 35.39860685077809 56.64961282324925 0
    endloop
  endfacet
  facet normal 0 0 -1
    outer loop
      vertex 35.64432110708888 45.87547867270255 0
      vertex 35.551307969219515 50.78301174758047 0
      vertex 37.35408595184589 55.37970984667678 0
    endloop
  endfacet
  facet normal 0 0 -1
    outer loop
      vertex 34.06398413867768 47.38585773387089 0
      vertex 37.35408595184589 55.37970984667678 0
      vertex 35.551307969219515 50.78301174758047 0
    endloop
  endfacet
  facet normal 0 0 -1
    outer loop
      vertex 35.64432110708888 45.87547867270255 0
      vertex 37.35408595184589 55.37970984667678 0
      vertex 37.20993352212149 47.41587318066401 0
    endloop
  endfacet
  facet normal 0 0 -1
    outer loop
      vertex 34.06398413867768 47.38585773387089 0
      vertex 35.39860685077809 56.64961282324925 0
      vertex 37.35408595184589 55.37970984667678 0
    endloop
  endfacet
  facet normal 0 0 -1
    outer loop
      vertex 37.20993352212149 47.41587318066401 0
      vertex 37.35408595184589 55.37970984667678 0
      vertex 39.2640548531372 54.042335224246486 0
    endloop
  endfacet
  facet normal 0 0 -1
    outer loop
      vertex 38.73904964941307 44.14687964641502 0
      vertex 39.2640548531372 54.042335224246486 0
      vertex 41.126186551753975 52.63911834092902 0
    endloop
  endfacet
  facet normal 0.5150380749100534 0.8571673007021128 4.755932685250609e-18
    outer loop
      vertex 35.39860685077809 56.64961282324925 0
      vertex 33.4 57.85049697280049 0
      vertex 33.4 57.85049697280049 14
    endloop
  endfacet
  facet normal 0.5446390350150255 0.838670567945425 -5.108682358545649e-18
    outer loop
      vertex 37.35408595184589 55.37970984667678 0
      vertex 35.39860685077809 56.64961282324925 0
      vertex 35.39860685077809 56.64961282324925 14
    endloop
  endfacet
  facet normal 0.5735764363510463 0.8191520442889916 -4.180007338300347e-18
    outer loop
      vertex 39.2640548531372 54.042335224246486 0
      vertex 37.35408595184589 55.37970984667678 0
      vertex 37.35408595184589 55.37970984667678 14
    endloop
  endfacet
  facet normal 0.6293203910498402 0.7771459614569686 0
    outer loop
      vertex 41.126186551753975 52.63911834092902 0
      vertex 41.126186551753975 52.63911834092902 14
      vertex 42.93821232706082 51.17176880034773 0
    endloop
  endfacet
  facet normal 0.6018150231520478 0.798635510047293 0
    outer loop
      vertex 39.2640548531372 54.042335224246486 0
      vertex 39.2640548531372 54.042335224246486 14
      vertex 41.126186551753975 52.63911834092902 0
    endloop
  endfacet
  facet normal 0.6560590289905055 0.7547095802227736 -5.171403890279123e-18
    outer loop
      vertex 44.69792450477173 49.64207434188993 0
      vertex 42.93821232706082 51.17176880034773 0
      vertex 42.93821232706082 51.17176880034773 14
    endloop
  endfacet
  facet normal 0.2923717047227397 0.9563047559630345 0
    outer loop
      vertex 20.642335224246484 63.53057528851625 0
      vertex 18.638782183804203 64.14312292490925 14
      vertex 20.642335224246484 63.53057528851625 14
    endloop
  endfacet
  facet normal 0.32556815445715426 0.9455185755993176 0
    outer loop
      vertex 22.84694557415467 62.77146706849868 0
      vertex 20.642335224246484 63.53057528851625 14
      vertex 22.84694557415467 62.77146706849868 14
    endloop
  endfacet
  facet normal 0.35836794954530227 0.9335804264972009 0
    outer loop
      vertex 25.02372044018292 61.935881485061394 0
      vertex 22.84694557415467 62.77146706849868 14
      vertex 25.02372044018292 61.935881485061394 14
    endloop
  endfacet
  facet normal 0.3907311284892734 0.9205048534524406 0
    outer loop
      vertex 27.170007757463452 61.024836570525736 0
      vertex 25.02372044018292 61.935881485061394 14
      vertex 27.170007757463452 61.024836570525736 14
    endloop
  endfacet
  facet normal 0.4226182617406966 0.9063077870366514 0
    outer loop
      vertex 29.283192605510372 60.03944229278436 0
      vertex 27.170007757463452 61.024836570525736 14
      vertex 29.283192605510372 60.03944229278436 14
    endloop
  endfacet
  facet normal 0.45399049973954814 0.8910065241883671 0
    outer loop
      vertex 31.360700394097506 58.98089920297632 0
      vertex 29.283192605510372 60.03944229278436 14
      vertex 31.360700394097506 58.98089920297632 14
    endloop
  endfacet
  facet normal 0.4848096202463401 0.8746197071393942 0
    outer loop
      vertex 33.4 57.85049697280049 0
      vertex 31.360700394097506 58.98089920297632 14
      vertex 33.4 57.85049697280049 14
    endloop
  endfacet
  facet normal 0 0 1
    outer loop
      vertex 4.011419156629195 57.76892440462238 14
      vertex 17.37244673303166 57.8 14
      vertex 2.0184204766230183 57.8 14
    endloop
  endfacet
  facet normal 0 0 1
    outer loop
      vertex 4.011419156629195 57.76892440462238 14
      vertex 4.039600798744351 57.768982833189874 14
      vertex 17.37244673303166 57.8 14
    endloop
  endfacet
  facet normal 0 0 1
    outer loop
      vertex 17.37244673303166 57.8 14
      vertex 4.039600798744351 57.768982833189874 14
      vertex 6.012385679215341 57.677831407357125 14
    endloop
  endfacet
  facet normal 0 0 1
    outer loop
      vertex 6.012385679215341 57.677831407357125 14
      vertex 6.06223364493312 57.678300304543896 14
      vertex 17.37244673303166 57.8 14
    endloop
  endfacet
  facet normal 0 0 1
    outer loop
      vertex 17.37244673303166 57.8 14
      vertex 6.06223364493312 57.678300304543896 14
      vertex 8.010267450477937 57.531466316735084 14
    endloop
  endfacet
  facet normal 0 0 1
    outer loop
      vertex 17.37244673303166 57.8 14
      vertex 8.010267450477937 57.531466316735084 14
      vertex 8.08577961486846 57.5333114535065 14
    endloop
  endfacet
  facet normal 0 0 1
    outer loop
      vertex 17.37244673303166 57.8 14
      vertex 8.08577961486846 57.5333114535065 14
      vertex 10.00348462401789 57.33809005838518 14
    endloop
  endfacet
  facet normal 0 0 1
    outer loop
      vertex 17.37244673303166 57.8 14
      vertex 10.00348462401789 57.33809005838518 14
      vertex 10.11122771855857 57.34362193427587 14
    endloop
  endfacet
  facet normal 0 0 1
    outer loop
      vertex 12.142978565274154 57.12822257694026 14
      vertex 12.01729572926649 56.53693132241396 14
      vertex 13.974830606870999 56.89102063986471 14
    endloop
  endfacet
  facet normal 0 0 1
    outer loop
      vertex 12.01729572926649 56.53693132241396 14
      vertex 13.983085565660794 56.083092978752596 14
      vertex 13.974830606870999 56.89102063986471 14
    endloop
  endfacet
  facet normal 0 0 1
    outer loop
      vertex 11.99126749954494 57.11335955372305 14
      vertex 17.37244673303166 57.8 14
      vertex 10.11122771855857 57.34362193427587 14
    endloop
  endfacet
  facet normal 0 0 1
    outer loop
      vertex 17.37244673303166 57.8 14
      vertex 11.99126749954494 57.11335955372305 14
      vertex 12.142978565274154 57.12822257694026 14
    endloop
  endfacet
  facet normal 0 0 1
    outer loop
      vertex 17.37244673303166 57.8 14
      vertex 12.142978565274154 57.12822257694026 14
      vertex 13.974830606870999 56.89102063986471 14
    endloop
  endfacet
  facet normal 0 0 1
    outer loop
      vertex 13.974830606870999 56.89102063986471 14
      vertex 15.699968227813379 56.67065091618351 14
      vertex 17.37244673303166 57.8 14
    endloop
  endfacet
  facet normal 0 0 1
    outer loop
      vertex 15.93183916622255 55.56092602523483 14
      vertex 17.554671756915752 56.74523232991711 14
      vertex 15.96145310014317 56.76013723673546 14
    endloop
  endfacet
  facet normal 0 0 1
    outer loop
      vertex 17.37244673303166 57.8 14
      vertex 15.699968227813379 56.67065091618351 14
      vertex 15.96145310014317 56.76013723673546 14
    endloop
  endfacet
  facet normal 0 0 1
    outer loop
      vertex 18.739428046342738 54.6686623714876 14
      vertex 17.985814372663906 57.059870402245714 14
      vertex 17.861182274871958 54.97106664185987 14
    endloop
  endfacet
  facet normal 0 0 1
    outer loop
      vertex 19.76876428422365 54.314233481425504 14
      vertex 17.985814372663906 57.059870402245714 14
      vertex 18.739428046342738 54.6686623714876 14
    endloop
  endfacet
  facet normal 0 0 1
    outer loop
      vertex 15.93183916622255 55.56092602523483 14
      vertex 17.861182274871958 54.97106664185987 14
      vertex 17.554671756915752 56.74523232991711 14
    endloop
  endfacet
  facet normal 0 0 1
    outer loop
      vertex 15.96145310014317 56.76013723673546 14
      vertex 17.554671756915752 56.74523232991711 14
      vertex 17.37244673303166 57.8 14
    endloop
  endfacet
  facet normal 0 0 1
    outer loop
      vertex 17.37244673303166 57.8 14
      vertex 17.554671756915752 56.74523232991711 14
      vertex 17.985814372663906 57.059870402245714 14
    endloop
  endfacet
  facet normal 0 0 1
    outer loop
      vertex 17.37244673303166 57.8 14
      vertex 17.985814372663906 57.059870402245714 14
      vertex 18.32407003731135 62.72895338171111 14
    endloop
  endfacet
  facet normal 0 0 1
    outer loop
      vertex 18.760369630478923 61.67392974215993 14
      vertex 18.758359287152533 61.68860208914936 14
      vertex 17.985814372663906 57.059870402245714 14
    endloop
  endfacet
  facet normal 0 0 1
    outer loop
      vertex 17.37244673303166 57.8 14
      vertex 18.32407003731135 62.72895338171111 14
      vertex 18.109518634349236 64.29348509587646 14
    endloop
  endfacet
  facet normal 0 0 1
    outer loop
      vertex 18.758359287152533 61.68860208914936 14
      vertex 18.32407003731135 62.72895338171111 14
      vertex 17.985814372663906 57.059870402245714 14
    endloop
  endfacet
  facet normal 0 0 1
    outer loop
      vertex 19.76876428422365 54.314233481425504 14
      vertex 18.760369630478923 61.67392974215993 14
      vertex 17.985814372663906 57.059870402245714 14
    endloop
  endfacet
  facet normal 0 0 1
    outer loop
      vertex 21.652261099439713 53.59122679396031 14
      vertex 20.642335224246484 63.53057528851625 14
      vertex 19.76876428422365 54.314233481425504 14
    endloop
  endfacet
  facet normal 0 0 1
    outer loop
      vertex 19.76876428422365 54.314233481425504 14
      vertex 20.642335224246484 63.53057528851625 14
      vertex 18.760369630478923 61.67392974215993 14
    endloop
  endfacet
  facet normal 0 0 1
    outer loop
      vertex 23.50937796978125 52.80292745174233 14
      vertex 25.337852284408676 51.95029587609185 14
      vertex 25.02372044018292 61.935881485061394 14
    endloop
  endfacet
  facet normal 0 0 1
    outer loop
      vertex 21.652261099439713 53.59122679396031 14
      vertex 23.50937796978125 52.80292745174233 14
      vertex 22.84694557415467 62.77146706849868 14
    endloop
  endfacet
  facet normal 0 0 1
    outer loop
      vertex 21.652261099439713 53.59122679396031 14
      vertex 22.84694557415467 62.77146706849868 14
      vertex 20.642335224246484 63.53057528851625 14
    endloop
  endfacet
  facet normal 0 0 1
    outer loop
      vertex 23.50937796978125 52.80292745174233 14
      vertex 25.02372044018292 61.935881485061394 14
      vertex 22.84694557415467 62.77146706849868 14
    endloop
  endfacet
  facet normal 0 0 1
    outer loop
      vertex 18.638782183804203 64.14312292490925 14
      vertex 18.60703185245462 64.1528299753493 14
      vertex 18.760369630478923 61.67392974215993 14
    endloop
  endfacet
  facet normal 0 0 1
    outer loop
      vertex 20.642335224246484 63.53057528851625 14
      vertex 18.638782183804203 64.14312292490925 14
      vertex 18.760369630478923 61.67392974215993 14
    endloop
  endfacet
  facet normal 0 0 1
    outer loop
      vertex 27.13545632902449 51.034370867245975 14
      vertex 27.170007757463452 61.024836570525736 14
      vertex 25.337852284408676 51.95029587609185 14
    endloop
  endfacet
  facet normal 0 0 1
    outer loop
      vertex 28.9 50.05626833874055 14
      vertex 27.170007757463452 61.024836570525736 14
      vertex 27.13545632902449 51.034370867245975 14
    endloop
  endfacet
  facet normal 0 0 1
    outer loop
      vertex 25.337852284408676 51.95029587609185 14
      vertex 27.170007757463452 61.024836570525736 14
      vertex 25.02372044018292 61.935881485061394 14
    endloop
  endfacet
  facet normal 0 0 1
    outer loop
      vertex 28.9 50.05626833874055 14
      vertex 29.283192605510372 60.03944229278436 14
      vertex 27.170007757463452 61.024836570525736 14
    endloop
  endfacet
  facet normal 0 0 1
    outer loop
      vertex 28.9 50.05626833874055 14
      vertex 30.629333472679242 49.01717995784142 14
      vertex 29.283192605510372 60.03944229278436 14
    endloop
  endfacet
  facet normal 0 0 1
    outer loop
      vertex 32.32134982060917 47.91837169368141 14
      vertex 31.360700394097506 58.98089920297632 14
      vertex 30.629333472679242 49.01717995784142 14
    endloop
  endfacet
  facet normal 0 0 1
    outer loop
      vertex 32.32134982060917 47.91837169368141 14
      vertex 33.97398758250495 46.76118227487196 14
      vertex 33.4 57.85049697280049 14
    endloop
  endfacet
  facet normal 0 0 1
    outer loop
      vertex 32.32134982060917 47.91837169368141 14
      vertex 33.4 57.85049697280049 14
      vertex 31.360700394097506 58.98089920297632 14
    endloop
  endfacet
  facet normal 0 0 1
    outer loop
      vertex 30.629333472679242 49.01717995784142 14
      vertex 31.360700394097506 58.98089920297632 14
      vertex 29.283192605510372 60.03944229278436 14
    endloop
  endfacet
  facet normal 0.6819983600624978 0.7313537016191711 0
    outer loop
      vertex 46.40317914666102 48.051898662621895 0
      vertex 44.69792450477173 49.64207434188993 14
      vertex 46.40317914666102 48.051898662621895 14
    endloop
  endfacet
  facet normal 0.7071067811865476 0.7071067811865476 0
    outer loop
      vertex 46.40317914666102 48.051898662621895 0
      vertex 46.40317914666102 48.051898662621895 14
      vertex 48.051898662621895 46.40317914666102 14
    endloop
  endfacet
  facet normal 0.7313537016191711 0.6819983600624978 0
    outer loop
      vertex 48.051898662621895 46.40317914666102 0
      vertex 48.051898662621895 46.40317914666102 14
      vertex 49.64207434188993 44.69792450477173 14
    endloop
  endfacet
  facet normal 0.9998476951563913 0.017452406437279876 0
    outer loop
      vertex 66.7593072448756 2.3312863797270644 0
      vertex 66.7593072448756 2.3312863797270644 14
      vertex 66.8 0 14
    endloop
  endfacet
  facet normal 0.9986295347545735 0.05233595624294876 0
    outer loop
      vertex 66.63727855735625 4.65973244610757 0
      vertex 66.63727855735625 4.65973244610757 14
      vertex 66.7593072448756 2.3312863797270644 14
    endloop
  endfacet
  facet normal 0.9961946980917453 0.08715574274766023 0
    outer loop
      vertex 66.43406261060065 6.982501346279252 0
      vertex 66.43406261060065 6.982501346279252 14
      vertex 66.63727855735625 4.65973244610757 14
    endloop
  endfacet
  facet normal 0.9925461516413229 0.12186934340514091 0
    outer loop
      vertex 66.1499069919369 9.29676314413237 0
      vertex 66.1499069919369 9.29676314413237 14
      vertex 66.43406261060065 6.982501346279252 14
    endloop
  endfacet
  facet normal 0.9876883405951374 0.15643446504023295 0
    outer loop
      vertex 65.7851579012155 11.599698268150945 0
      vertex 65.7851579012155 11.599698268150945 14
      vertex 66.1499069919369 9.29676314413237 14
    endloop
  endfacet
  facet normal 0.9335804264972009 0.35836794954530227 0
    outer loop
      vertex 61.935881485061394 25.02372044018292 0
      vertex 61.935881485061394 25.02372044018292 14
      vertex 62.77146706849868 22.84694557415467 14
    endloop
  endfacet
  facet normal 0.965925826289069 0.2588190451025185 0
    outer loop
      vertex 64.2122812886797 18.412575368575542 0
      vertex 64.2122812886797 18.412575368575542 14
      vertex 64.81575451523656 16.160382626057803 14
    endloop
  endfacet
  facet normal 0.9816271834476638 0.19080899537654572 0
    outer loop
      vertex 65.34025972901821 13.888500946626323 0
      vertex 65.34025972901821 13.888500946626323 14
      vertex 65.7851579012155 11.599698268150945 14
    endloop
  endfacet
  facet normal 0.9743700647852352 0.22495105434386464 0
    outer loop
      vertex 64.81575451523656 16.160382626057803 0
      vertex 64.81575451523656 16.160382626057803 14
      vertex 65.34025972901821 13.888500946626323 14
    endloop
  endfacet
  facet normal 0.9563047559630342 0.2923717047227408 0
    outer loop
      vertex 63.53057528851625 20.642335224246484 0
      vertex 63.53057528851625 20.642335224246484 14
      vertex 64.2122812886797 18.412575368575542 14
    endloop
  endfacet
  facet normal 0.9455185755993176 0.32556815445715426 0
    outer loop
      vertex 62.77146706849868 22.84694557415467 0
      vertex 62.77146706849868 22.84694557415467 14
      vertex 63.53057528851625 20.642335224246484 14
    endloop
  endfacet
  facet normal 0.838670567945425 0.5446390350150255 0
    outer loop
      vertex 55.37970984667678 37.35408595184589 0
      vertex 55.37970984667678 37.35408595184589 14
      vertex 56.64961282324925 35.39860685077809 14
    endloop
  endfacet
  facet normal 0.8746197071393942 0.4848096202463401 1.857699495284679e-18
    outer loop
      vertex 58.98089920297632 31.360700394097506 14
      vertex 57.85049697280049 33.4 0
      vertex 57.85049697280049 33.4 14
    endloop
  endfacet
  facet normal 0.8571673007021128 0.5150380749100534 0
    outer loop
      vertex 56.64961282324925 35.39860685077809 0
      vertex 56.64961282324925 35.39860685077809 14
      vertex 57.85049697280049 33.4 14
    endloop
  endfacet
  facet normal 0.7771459614569686 0.6293203910498402 0
    outer loop
      vertex 51.17176880034773 42.93821232706082 0
      vertex 51.17176880034773 42.93821232706082 14
      vertex 52.63911834092902 41.126186551753975 14
    endloop
  endfacet
  facet normal 0.798635510047293 0.6018150231520478 0
    outer loop
      vertex 52.63911834092902 41.126186551753975 0
      vertex 52.63911834092902 41.126186551753975 14
      vertex 54.042335224246486 39.2640548531372 14
    endloop
  endfacet
  facet normal 0.7547095802227736 0.6560590289905055 0
    outer loop
      vertex 49.64207434188993 44.69792450477173 0
      vertex 49.64207434188993 44.69792450477173 14
      vertex 51.17176880034773 42.93821232706082 14
    endloop
  endfacet
  facet normal 0.8191520442889916 0.5735764363510463 0
    outer loop
      vertex 54.042335224246486 39.2640548531372 0
      vertex 54.042335224246486 39.2640548531372 14
      vertex 55.37970984667678 37.35408595184589 14
    endloop
  endfacet
  facet normal 0.8910065241883671 0.45399049973954814 0
    outer loop
      vertex 58.98089920297632 31.360700394097506 0
      vertex 58.98089920297632 31.360700394097506 14
      vertex 60.03944229278436 29.283192605510372 14
    endloop
  endfacet
  facet normal 0.9063077870366514 0.4226182617406966 0
    outer loop
      vertex 60.03944229278436 29.283192605510372 0
      vertex 60.03944229278436 29.283192605510372 14
      vertex 61.024836570525736 27.170007757463452 14
    endloop
  endfacet
  facet normal 0.9205048534524406 0.3907311284892734 0
    outer loop
      vertex 61.024836570525736 27.170007757463452 0
      vertex 61.024836570525736 27.170007757463452 14
      vertex 61.935881485061394 25.02372044018292 14
    endloop
  endfacet
  facet normal 0 0 1
    outer loop
      vertex 37.153123839881964 44.277368812276926 14
      vertex 35.39860685077809 56.64961282324925 14
      vertex 35.58523327382305 45.54702155846852 14
    endloop
  endfacet
  facet normal 0 0 1
    outer loop
      vertex 40.15125381253004 41.577840459574034 14
      vertex 39.2640548531372 54.042335224246486 14
      vertex 38.675749047542006 42.953770912593384 14
    endloop
  endfacet
  facet normal 0 0 1
    outer loop
      vertex 37.153123839881964 44.277368812276926 14
      vertex 38.675749047542006 42.953770912593384 14
      vertex 37.35408595184589 55.37970984667678 14
    endloop
  endfacet
  facet normal 0 0 1
    outer loop
      vertex 41.577840459574034 40.15125381253004 14
      vertex 41.126186551753975 52.63911834092902 14
      vertex 40.15125381253004 41.577840459574034 14
    endloop
  endfacet
  facet normal 0 0 1
    outer loop
      vertex 40.15125381253004 41.577840459574034 14
      vertex 41.126186551753975 52.63911834092902 14
      vertex 39.2640548531372 54.042335224246486 14
    endloop
  endfacet
  facet normal 0 0 1
    outer loop
      vertex 49.01717995784142 30.629333472679242 14
      vertex 48.051898662621895 46.40317914666102 14
      vertex 47.91837169368141 32.32134982060917 14
    endloop
  endfacet
  facet normal 0 0 1
    outer loop
      vertex 50.05626833874055 28.9 14
      vertex 49.64207434188993 44.69792450477173 14
      vertex 49.01717995784142 30.629333472679242 14
    endloop
  endfacet
  facet normal 0 0 1
    outer loop
      vertex 44.277368812276926 37.153123839881964 14
      vertex 42.93821232706082 51.17176880034773 14
      vertex 42.953770912593384 38.675749047542006 14
    endloop
  endfacet
  facet normal 0 0 1
    outer loop
      vertex 45.54702155846852 35.58523327382305 14
      vertex 44.69792450477173 49.64207434188993 14
      vertex 44.277368812276926 37.153123839881964 14
    endloop
  endfacet
  facet normal 0 0 1
    outer loop
      vertex 41.577840459574034 40.15125381253004 14
      vertex 42.953770912593384 38.675749047542006 14
      vertex 42.93821232706082 51.17176880034773 14
    endloop
  endfacet
  facet normal 0 0 1
    outer loop
      vertex 41.577840459574034 40.15125381253004 14
      vertex 42.93821232706082 51.17176880034773 14
      vertex 41.126186551753975 52.63911834092902 14
    endloop
  endfacet
  facet normal 0 0 1
    outer loop
      vertex 44.277368812276926 37.153123839881964 14
      vertex 44.69792450477173 49.64207434188993 14
      vertex 42.93821232706082 51.17176880034773 14
    endloop
  endfacet
  facet normal 0 0 1
    outer loop
      vertex 45.54702155846852 35.58523327382305 14
      vertex 46.40317914666102 48.051898662621895 14
      vertex 44.69792450477173 49.64207434188993 14
    endloop
  endfacet
  facet normal 0 0 1
    outer loop
      vertex 45.54702155846852 35.58523327382305 14
      vertex 46.76118227487196 33.97398758250495 14
      vertex 46.40317914666102 48.051898662621895 14
    endloop
  endfacet
  facet normal 0 0 1
    outer loop
      vertex 47.91837169368141 32.32134982060917 14
      vertex 48.051898662621895 46.40317914666102 14
      vertex 46.76118227487196 33.97398758250495 14
    endloop
  endfacet
  facet normal 0 0 1
    outer loop
      vertex 46.76118227487196 33.97398758250495 14
      vertex 48.051898662621895 46.40317914666102 14
      vertex 46.40317914666102 48.051898662621895 14
    endloop
  endfacet
  facet normal 0 0 1
    outer loop
      vertex 49.01717995784142 30.629333472679242 14
      vertex 49.64207434188993 44.69792450477173 14
      vertex 48.051898662621895 46.40317914666102 14
    endloop
  endfacet
  facet normal 0 0 1
    outer loop
      vertex 57.8 0 14
      vertex 57.85049697280049 33.4 14
      vertex 57.764789801703735 2.017190909404556 14
    endloop
  endfacet
  facet normal 0 0 1
    outer loop
      vertex 57.764789801703735 2.017190909404556 14
      vertex 57.85049697280049 33.4 14
      vertex 57.65920210501783 4.031924182410442 14
    endloop
  endfacet
  facet normal 0 0 1
    outer loop
      vertex 57.65920210501783 4.031924182410442 14
      vertex 57.85049697280049 33.4 14
      vertex 57.483365552286195 6.0417451768703705 14
    endloop
  endfacet
  facet normal 0 0 1
    outer loop
      vertex 57.23749437326276 8.044205235491782 14
      vertex 56.64961282324925 35.39860685077809 14
      vertex 56.92188812410562 10.036864669148573 14
    endloop
  endfacet
  facet normal 0 0 1
    outer loop
      vertex 57.483365552286195 6.0417451768703705 14
      vertex 57.85049697280049 33.4 14
      vertex 57.23749437326276 8.044205235491782 14
    endloop
  endfacet
  facet normal 0 0 1
    outer loop
      vertex 55.56092602523483 15.93183916622255 14
      vertex 55.37970984667678 37.35408595184589 14
      vertex 54.97106664185987 17.861182274871958 14
    endloop
  endfacet
  facet normal 0 0 1
    outer loop
      vertex 56.083092978752596 13.983085565660794 14
      vertex 55.37970984667678 37.35408595184589 14
      vertex 55.56092602523483 15.93183916622255 14
    endloop
  endfacet
  facet normal 0 0 1
    outer loop
      vertex 56.92188812410562 10.036864669148573 14
      vertex 56.64961282324925 35.39860685077809 14
      vertex 56.53693132241396 12.01729572926649 14
    endloop
  endfacet
  facet normal 0 0 1
    outer loop
      vertex 56.53693132241396 12.01729572926649 14
      vertex 56.64961282324925 35.39860685077809 14
      vertex 56.083092978752596 13.983085565660794 14
    endloop
  endfacet
  facet normal 0 0 1
    outer loop
      vertex 57.8 0 14
      vertex 66.8 0 14
      vertex 57.85049697280049 33.4 14
    endloop
  endfacet
  facet normal 0 0 1
    outer loop
      vertex 66.8 0 14
      vertex 66.7593072448756 2.3312863797270644 14
      vertex 66.63727855735625 4.65973244610757 14
    endloop
  endfacet
  facet normal 0 0 1
    outer loop
      vertex 66.8 0 14
      vertex 66.63727855735625 4.65973244610757 14
      vertex 66.43406261060065 6.982501346279252 14
    endloop
  endfacet
  facet normal 0 0 1
    outer loop
      vertex 66.8 0 14
      vertex 66.43406261060065 6.982501346279252 14
      vertex 66.1499069919369 9.29676314413237 14
    endloop
  endfacet
  facet normal 0 0 1
    outer loop
      vertex 66.8 0 14
      vertex 66.1499069919369 9.29676314413237 14
      vertex 65.7851579012155 11.599698268150945 14
    endloop
  endfacet
  facet normal 0 0 1
    outer loop
      vertex 66.8 0 14
      vertex 65.7851579012155 11.599698268150945 14
      vertex 65.34025972901821 13.888500946626323 14
    endloop
  endfacet
  facet normal 0 0 1
    outer loop
      vertex 66.8 0 14
      vertex 65.34025972901821 13.888500946626323 14
      vertex 64.81575451523656 16.160382626057803 14
    endloop
  endfacet
  facet normal 0 0 1
    outer loop
      vertex 66.8 0 14
      vertex 64.81575451523656 16.160382626057803 14
      vertex 64.2122812886797 18.412575368575542 14
    endloop
  endfacet
  facet normal 0 0 1
    outer loop
      vertex 66.8 0 14
      vertex 58.98089920297632 31.360700394097506 14
      vertex 57.85049697280049 33.4 14
    endloop
  endfacet
  facet normal 0 0 1
    outer loop
      vertex 66.8 0 14
      vertex 61.024836570525736 27.170007757463452 14
      vertex 60.03944229278436 29.283192605510372 14
    endloop
  endfacet
  facet normal 0 0 1
    outer loop
      vertex 66.8 0 14
      vertex 60.03944229278436 29.283192605510372 14
      vertex 58.98089920297632 31.360700394097506 14
    endloop
  endfacet
  facet normal 0 0 1
    outer loop
      vertex 66.8 0 14
      vertex 63.53057528851625 20.642335224246484 14
      vertex 62.77146706849868 22.84694557415467 14
    endloop
  endfacet
  facet normal 0 0 1
    outer loop
      vertex 66.8 0 14
      vertex 61.935881485061394 25.02372044018292 14
      vertex 61.024836570525736 27.170007757463452 14
    endloop
  endfacet
  facet normal 0 0 1
    outer loop
      vertex 66.8 0 14
      vertex 62.77146706849868 22.84694557415467 14
      vertex 61.935881485061394 25.02372044018292 14
    endloop
  endfacet
  facet normal 0 0 1
    outer loop
      vertex 66.8 0 14
      vertex 64.2122812886797 18.412575368575542 14
      vertex 63.53057528851625 20.642335224246484 14
    endloop
  endfacet
  facet normal 0 0 1
    outer loop
      vertex 54.314233481425504 19.76876428422365 14
      vertex 54.042335224246486 39.2640548531372 14
      vertex 53.59122679396031 21.652261099439713 14
    endloop
  endfacet
  facet normal 0 0 1
    outer loop
      vertex 53.59122679396031 21.652261099439713 14
      vertex 52.63911834092902 41.126186551753975 14
      vertex 52.80292745174233 23.50937796978125 14
    endloop
  endfacet
  facet normal 0 0 1
    outer loop
      vertex 52.80292745174233 23.50937796978125 14
      vertex 52.63911834092902 41.126186551753975 14
      vertex 51.95029587609185 25.337852284408676 14
    endloop
  endfacet
  facet normal 0 0 1
    outer loop
      vertex 50.05626833874055 28.9 14
      vertex 51.034370867245975 27.13545632902449 14
      vertex 51.17176880034773 42.93821232706082 14
    endloop
  endfacet
  facet normal 0 0 1
    outer loop
      vertex 51.95029587609185 25.337852284408676 14
      vertex 51.17176880034773 42.93821232706082 14
      vertex 51.034370867245975 27.13545632902449 14
    endloop
  endfacet
  facet normal 0 0 1
    outer loop
      vertex 51.95029587609185 25.337852284408676 14
      vertex 52.63911834092902 41.126186551753975 14
      vertex 51.17176880034773 42.93821232706082 14
    endloop
  endfacet
  facet normal 0 0 1
    outer loop
      vertex 53.59122679396031 21.652261099439713 14
      vertex 54.042335224246486 39.2640548531372 14
      vertex 52.63911834092902 41.126186551753975 14
    endloop
  endfacet
  facet normal 0 0 1
    outer loop
      vertex 54.97106664185987 17.861182274871958 14
      vertex 54.042335224246486 39.2640548531372 14
      vertex 54.314233481425504 19.76876428422365 14
    endloop
  endfacet
  facet normal 0 0 1
    outer loop
      vertex 56.083092978752596 13.983085565660794 14
      vertex 56.64961282324925 35.39860685077809 14
      vertex 55.37970984667678 37.35408595184589 14
    endloop
  endfacet
  facet normal 0 0 1
    outer loop
      vertex 57.23749437326276 8.044205235491782 14
      vertex 57.85049697280049 33.4 14
      vertex 56.64961282324925 35.39860685077809 14
    endloop
  endfacet
  facet normal 0 0 1
    outer loop
      vertex 54.97106664185987 17.861182274871958 14
      vertex 55.37970984667678 37.35408595184589 14
      vertex 54.042335224246486 39.2640548531372 14
    endloop
  endfacet
  facet normal 0 0 1
    outer loop
      vertex 50.05626833874055 28.9 14
      vertex 51.17176880034773 42.93821232706082 14
      vertex 49.64207434188993 44.69792450477173 14
    endloop
  endfacet
  facet normal 0.5150380749100534 0.8571673007021128 0
    outer loop
      vertex 35.39860685077809 56.64961282324925 0
      vertex 33.4 57.85049697280049 14
      vertex 35.39860685077809 56.64961282324925 14
    endloop
  endfacet
  facet normal 0.5446390350150255 0.838670567945425 0
    outer loop
      vertex 37.35408595184589 55.37970984667678 0
      vertex 35.39860685077809 56.64961282324925 14
      vertex 37.35408595184589 55.37970984667678 14
    endloop
  endfacet
  facet normal 0.5735764363510463 0.8191520442889916 0
    outer loop
      vertex 39.2640548531372 54.042335224246486 0
      vertex 37.35408595184589 55.37970984667678 14
      vertex 39.2640548531372 54.042335224246486 14
    endloop
  endfacet
  facet normal 0.6018150231520478 0.798635510047293 0
    outer loop
      vertex 41.126186551753975 52.63911834092902 0
      vertex 39.2640548531372 54.042335224246486 14
      vertex 41.126186551753975 52.63911834092902 14
    endloop
  endfacet
  facet normal 0.6293203910498402 0.7771459614569686 0
    outer loop
      vertex 42.93821232706082 51.17176880034773 0
      vertex 41.126186551753975 52.63911834092902 14
      vertex 42.93821232706082 51.17176880034773 14
    endloop
  endfacet
  facet normal 0.6560590289905055 0.7547095802227736 0
    outer loop
      vertex 44.69792450477173 49.64207434188993 0
      vertex 42.93821232706082 51.17176880034773 14
      vertex 44.69792450477173 49.64207434188993 14
    endloop
  endfacet
  facet normal 0 0 1
    outer loop
      vertex 35.58523327382305 45.54702155846852 14
      vertex 35.39860685077809 56.64961282324925 14
      vertex 33.97398758250495 46.76118227487196 14
    endloop
  endfacet
  facet normal 0 0 1
    outer loop
      vertex 33.97398758250495 46.76118227487196 14
      vertex 35.39860685077809 56.64961282324925 14
      vertex 33.4 57.85049697280049 14
    endloop
  endfacet
  facet normal 0 0 1
    outer loop
      vertex 37.153123839881964 44.277368812276926 14
      vertex 37.35408595184589 55.37970984667678 14
      vertex 35.39860685077809 56.64961282324925 14
    endloop
  endfacet
  facet normal 0 0 1
    outer loop
      vertex 38.675749047542006 42.953770912593384 14
      vertex 39.2640548531372 54.042335224246486 14
      vertex 37.35408595184589 55.37970984667678 14
    endloop
  endfacet
  facet normal 0.9998476951563914 -0.017452406437281267 8.108104410611309e-20
    outer loop
      vertex -57.8 0 0
      vertex -57.764789801703735 2.017190909404556 0
      vertex -57.764789801703735 2.017190909404556 14
    endloop
  endfacet
  facet normal 0.9986295347545736 -0.052335956242948796 1.309246618612976e-19
    outer loop
      vertex -57.764789801703735 2.017190909404556 0
      vertex -57.65920210501783 4.031924182410442 0
      vertex -57.65920210501783 4.031924182410442 14
    endloop
  endfacet
  facet normal 0.9961946980917457 -0.08715574274765618 2.06749143916902e-20
    outer loop
      vertex -57.65920210501783 4.031924182410442 0
      vertex -57.483365552286195 6.0417451768703705 0
      vertex -57.483365552286195 6.0417451768703705 14
    endloop
  endfacet
  facet normal 0.9925461516413222 -0.1218693434051461 -6.232585316777345e-19
    outer loop
      vertex -57.483365552286195 6.0417451768703705 0
      vertex -57.23749437326276 8.044205235491782 0
      vertex -57.23749437326276 8.044205235491782 14
    endloop
  endfacet
  facet normal 0.9876883405951374 -0.15643446504023265 -1.785263909429359e-18
    outer loop
      vertex -57.23749437326276 8.044205235491782 0
      vertex -56.92188812410562 10.036864669148573 0
      vertex -56.92188812410562 10.036864669148573 14
    endloop
  endfacet
  facet normal 0.9816271834476642 -0.19080899537654364 -1.4274500741785398e-18
    outer loop
      vertex -56.92188812410562 10.036864669148573 0
      vertex -56.53693132241396 12.01729572926649 0
      vertex -56.53693132241396 12.01729572926649 14
    endloop
  endfacet
  facet normal 0.9743700647852356 -0.2249510543438638 7.940343005731077e-19
    outer loop
      vertex -56.53693132241396 12.01729572926649 0
      vertex -56.083092978752596 13.983085565660794 0
      vertex -56.083092978752596 13.983085565660794 14
    endloop
  endfacet
  facet normal 0.9659258262890679 -0.25881904510252207 -3.5219824524532335e-18
    outer loop
      vertex -56.083092978752596 13.983085565660794 0
      vertex -55.56092602523483 15.93183916622255 0
      vertex -55.56092602523483 15.93183916622255 14
    endloop
  endfacet
  facet normal 0.956304755963035 -0.2923717047227385 -3.48388811802449e-18
    outer loop
      vertex -55.56092602523483 15.93183916622255 0
      vertex -54.97106664185987 17.861182274871958 0
      vertex -54.97106664185987 17.861182274871958 14
    endloop
  endfacet
  facet normal 0.9455185755993175 -0.3255681544571543 -3.0655658606910677e-18
    outer loop
      vertex -54.97106664185987 17.861182274871958 0
      vertex -54.314233481425504 19.76876428422365 0
      vertex -54.314233481425504 19.76876428422365 14
    endloop
  endfacet
  facet normal 0.9335804264972015 -0.35836794954530077 3.700398361856768e-18
    outer loop
      vertex -54.314233481425504 19.76876428422365 0
      vertex -53.59122679396031 21.652261099439713 0
      vertex -53.59122679396031 21.652261099439713 14
    endloop
  endfacet
  facet normal 0.9205048534524402 -0.39073112848927427 -8.976667985474208e-19
    outer loop
      vertex -53.59122679396031 21.652261099439713 0
      vertex -52.80292745174233 23.50937796978125 0
      vertex -52.80292745174233 23.50937796978125 14
    endloop
  endfacet
  facet normal 0.9063077870366506 -0.42261826174069816 -2.581380697315594e-18
    outer loop
      vertex -52.80292745174233 23.50937796978125 0
      vertex -51.95029587609185 25.337852284408676 0
      vertex -51.95029587609185 25.337852284408676 14
    endloop
  endfacet
  facet normal 0.891006524188368 -0.4539904997395466 -2.6722333737149796e-19
    outer loop
      vertex -51.95029587609185 25.337852284408676 0
      vertex -51.034370867245975 27.13545632902449 0
      vertex -51.034370867245975 27.13545632902449 14
    endloop
  endfacet
  facet normal 0.8746197071393953 -0.48480962024633806 -1.8115085258003357e-18
    outer loop
      vertex -51.034370867245975 27.13545632902449 0
      vertex -50.05626833874055 28.9 0
      vertex -50.05626833874055 28.9 14
    endloop
  endfacet
  facet normal 0.8571673007021124 -0.5150380749100539 -3.535890541450984e-18
    outer loop
      vertex -50.05626833874055 28.9 0
      vertex -49.01717995784142 30.629333472679242 0
      vertex -49.01717995784142 30.629333472679242 14
    endloop
  endfacet
  facet normal 0.8386705679454249 -0.5446390350150258 -4.805395866112599e-19
    outer loop
      vertex -49.01717995784142 30.629333472679242 0
      vertex -47.91837169368141 32.32134982060917 0
      vertex -47.91837169368141 32.32134982060917 14
    endloop
  endfacet
  facet normal 0.8191520442889919 -0.5735764363510458 -2.2328070855660566e-18
    outer loop
      vertex -47.91837169368141 32.32134982060917 0
      vertex -46.76118227487196 33.97398758250495 0
      vertex -46.76118227487196 33.97398758250495 14
    endloop
  endfacet
  facet normal 0.798635510047291 -0.6018150231520508 -3.486472986739012e-18
    outer loop
      vertex -46.76118227487196 33.97398758250495 0
      vertex -45.54702155846852 35.58523327382305 0
      vertex -45.54702155846852 35.58523327382305 14
    endloop
  endfacet
  facet normal 0.7771459614569693 -0.6293203910498394 3.4893448783304635e-18
    outer loop
      vertex -45.54702155846852 35.58523327382305 0
      vertex -44.277368812276926 37.153123839881964 0
      vertex -44.277368812276926 37.153123839881964 14
    endloop
  endfacet
  facet normal 0.7547095802227747 -0.6560590289905042 2.4477314514324373e-18
    outer loop
      vertex -44.277368812276926 37.153123839881964 0
      vertex -42.953770912593384 38.675749047542006 0
      vertex -42.953770912593384 38.675749047542006 14
    endloop
  endfacet
  facet normal 0.731353701619169 -0.6819983600625003 6.823380106221753e-18
    outer loop
      vertex -42.953770912593384 38.675749047542006 0
      vertex -41.577840459574034 40.15125381253004 0
      vertex -41.577840459574034 40.15125381253004 14
    endloop
  endfacet
  facet normal 0.7071067811865475 -0.7071067811865475 0
    outer loop
      vertex -41.577840459574034 40.15125381253004 0
      vertex -41.01948905537342 40.70960521673065 0
      vertex -41.577840459574034 40.15125381253004 14
    endloop
  endfacet
  facet normal 0.7071067811865476 -0.7071067811865476 0
    outer loop
      vertex -41.01948905537342 40.70960521673065 0
      vertex -41.01948905537342 40.70960521673065 5.6
      vertex -41.577840459574034 40.15125381253004 14
    endloop
  endfacet
  facet normal 0.5150380749100532 -0.8571673007021128 0
    outer loop
      vertex -30.565533794690452 49.055514671851526 0
      vertex -28.9 50.05626833874055 0
      vertex -30.565533794690452 49.055514671851526 5.6
    endloop
  endfacet
  facet normal 0.48480962024633806 -0.8746197071393953 -1.8115085258003357e-18
    outer loop
      vertex -28.9 50.05626833874055 0
      vertex -27.13545632902449 51.034370867245975 0
      vertex -27.13545632902449 51.034370867245975 14
    endloop
  endfacet
  facet normal 0.4539904997395466 -0.891006524188368 -2.6722333737149796e-19
    outer loop
      vertex -27.13545632902449 51.034370867245975 0
      vertex -25.337852284408676 51.95029587609185 0
      vertex -25.337852284408676 51.95029587609185 14
    endloop
  endfacet
  facet normal 0.42261826174069816 -0.9063077870366506 -2.581380697315594e-18
    outer loop
      vertex -25.337852284408676 51.95029587609185 0
      vertex -23.50937796978125 52.80292745174233 0
      vertex -23.50937796978125 52.80292745174233 14
    endloop
  endfacet
  facet normal 0.39073112848927427 -0.9205048534524402 -8.976667985474208e-19
    outer loop
      vertex -23.50937796978125 52.80292745174233 0
      vertex -21.652261099439713 53.59122679396031 0
      vertex -21.652261099439713 53.59122679396031 14
    endloop
  endfacet
  facet normal 0.35836794954530077 -0.9335804264972015 3.700398361856768e-18
    outer loop
      vertex -21.652261099439713 53.59122679396031 0
      vertex -19.76876428422365 54.314233481425504 0
      vertex -19.76876428422365 54.314233481425504 14
    endloop
  endfacet
  facet normal 0.32556815445715337 -0.9455185755993181 0
    outer loop
      vertex -19.76876428422365 54.314233481425504 0
      vertex -19.2945034423556 54.477534585182674 0
      vertex -19.76876428422365 54.314233481425504 14
    endloop
  endfacet
  facet normal 0.5150380749100533 -0.8571673007021129 0
    outer loop
      vertex -28.9 50.05626833874055 0
      vertex -28.9 50.05626833874055 14
      vertex -30.565533794690452 49.055514671851526 5.6
    endloop
  endfacet
  facet normal 0.32556815445715337 -0.9455185755993181 0
    outer loop
      vertex -19.2945034423556 54.477534585182674 0
      vertex -19.2945034423556 54.477534585182674 5.6
      vertex -19.76876428422365 54.314233481425504 14
    endloop
  endfacet
  facet normal 0.9998476951563914 -0.017452406437281267 0
    outer loop
      vertex -57.8 0 0
      vertex -57.764789801703735 2.017190909404556 14
      vertex -57.8 0 14
    endloop
  endfacet
  facet normal 0.9986295347545736 -0.052335956242948796 0
    outer loop
      vertex -57.764789801703735 2.017190909404556 0
      vertex -57.65920210501783 4.031924182410442 14
      vertex -57.764789801703735 2.017190909404556 14
    endloop
  endfacet
  facet normal 0.9961946980917457 -0.08715574274765618 0
    outer loop
      vertex -57.65920210501783 4.031924182410442 0
      vertex -57.483365552286195 6.0417451768703705 14
      vertex -57.65920210501783 4.031924182410442 14
    endloop
  endfacet
  facet normal 0.9925461516413222 -0.1218693434051461 0
    outer loop
      vertex -57.483365552286195 6.0417451768703705 0
      vertex -57.23749437326276 8.044205235491782 14
      vertex -57.483365552286195 6.0417451768703705 14
    endloop
  endfacet
  facet normal 0.9876883405951374 -0.15643446504023265 0
    outer loop
      vertex -57.23749437326276 8.044205235491782 0
      vertex -56.92188812410562 10.036864669148573 14
      vertex -57.23749437326276 8.044205235491782 14
    endloop
  endfacet
  facet normal 0.9816271834476642 -0.19080899537654364 0
    outer loop
      vertex -56.92188812410562 10.036864669148573 0
      vertex -56.53693132241396 12.01729572926649 14
      vertex -56.92188812410562 10.036864669148573 14
    endloop
  endfacet
  facet normal 0.9743700647852356 -0.2249510543438638 0
    outer loop
      vertex -56.53693132241396 12.01729572926649 0
      vertex -56.083092978752596 13.983085565660794 14
      vertex -56.53693132241396 12.01729572926649 14
    endloop
  endfacet
  facet normal 0.9659258262890679 -0.25881904510252207 0
    outer loop
      vertex -56.083092978752596 13.983085565660794 0
      vertex -55.56092602523483 15.93183916622255 14
      vertex -56.083092978752596 13.983085565660794 14
    endloop
  endfacet
  facet normal 0.956304755963035 -0.2923717047227385 0
    outer loop
      vertex -55.56092602523483 15.93183916622255 0
      vertex -54.97106664185987 17.861182274871958 14
      vertex -55.56092602523483 15.93183916622255 14
    endloop
  endfacet
  facet normal 0.9455185755993175 -0.3255681544571543 0
    outer loop
      vertex -54.97106664185987 17.861182274871958 0
      vertex -54.314233481425504 19.76876428422365 14
      vertex -54.97106664185987 17.861182274871958 14
    endloop
  endfacet
  facet normal 0.9335804264972015 -0.35836794954530077 0
    outer loop
      vertex -54.314233481425504 19.76876428422365 0
      vertex -53.59122679396031 21.652261099439713 14
      vertex -54.314233481425504 19.76876428422365 14
    endloop
  endfacet
  facet normal 0.9205048534524402 -0.39073112848927427 0
    outer loop
      vertex -53.59122679396031 21.652261099439713 0
      vertex -52.80292745174233 23.50937796978125 14
      vertex -53.59122679396031 21.652261099439713 14
    endloop
  endfacet
  facet normal 0.9063077870366506 -0.42261826174069816 0
    outer loop
      vertex -52.80292745174233 23.50937796978125 0
      vertex -51.95029587609185 25.337852284408676 14
      vertex -52.80292745174233 23.50937796978125 14
    endloop
  endfacet
  facet normal 0.891006524188368 -0.4539904997395466 0
    outer loop
      vertex -51.95029587609185 25.337852284408676 0
      vertex -51.034370867245975 27.13545632902449 14
      vertex -51.95029587609185 25.337852284408676 14
    endloop
  endfacet
  facet normal 0.8746197071393953 -0.48480962024633806 0
    outer loop
      vertex -51.034370867245975 27.13545632902449 0
      vertex -50.05626833874055 28.9 14
      vertex -51.034370867245975 27.13545632902449 14
    endloop
  endfacet
  facet normal 0.7071067811865476 -0.7071067811865476 1.0596587578699215e-18
    outer loop
      vertex -41.01948905537342 40.70960521673065 5.6
      vertex -40.15125381253004 41.577840459574034 5.6
      vertex -40.15125381253004 41.577840459574034 14
    endloop
  endfacet
  facet normal 0.6819983600625001 -0.731353701619169 1.1372300177036254e-17
    outer loop
      vertex -40.15125381253004 41.577840459574034 5.6
      vertex -38.675749047542006 42.953770912593384 5.6
      vertex -38.675749047542006 42.953770912593384 14
    endloop
  endfacet
  facet normal 0.6560590289905041 -0.7547095802227746 4.079552419054061e-18
    outer loop
      vertex -38.675749047542006 42.953770912593384 5.6
      vertex -37.153123839881964 44.277368812276926 5.6
      vertex -37.153123839881964 44.277368812276926 14
    endloop
  endfacet
  facet normal 0.6293203910498393 -0.7771459614569692 5.815574797217439e-18
    outer loop
      vertex -37.153123839881964 44.277368812276926 5.6
      vertex -35.58523327382305 45.54702155846852 5.6
      vertex -35.58523327382305 45.54702155846852 14
    endloop
  endfacet
  facet normal 0.6018150231520508 -0.798635510047291 -5.810788311231686e-18
    outer loop
      vertex -35.58523327382305 45.54702155846852 5.6
      vertex -33.97398758250495 46.76118227487196 5.6
      vertex -33.97398758250495 46.76118227487196 14
    endloop
  endfacet
  facet normal 0.8571673007021124 -0.5150380749100539 0
    outer loop
      vertex -50.05626833874055 28.9 0
      vertex -49.01717995784142 30.629333472679242 14
      vertex -50.05626833874055 28.9 14
    endloop
  endfacet
  facet normal 0.8386705679454249 -0.5446390350150258 0
    outer loop
      vertex -49.01717995784142 30.629333472679242 0
      vertex -47.91837169368141 32.32134982060917 14
      vertex -49.01717995784142 30.629333472679242 14
    endloop
  endfacet
  facet normal 0.8191520442889919 -0.5735764363510458 0
    outer loop
      vertex -47.91837169368141 32.32134982060917 0
      vertex -46.76118227487196 33.97398758250495 14
      vertex -47.91837169368141 32.32134982060917 14
    endloop
  endfacet
  facet normal 0.798635510047291 -0.6018150231520508 0
    outer loop
      vertex -46.76118227487196 33.97398758250495 0
      vertex -45.54702155846852 35.58523327382305 14
      vertex -46.76118227487196 33.97398758250495 14
    endloop
  endfacet
  facet normal 0.7771459614569693 -0.6293203910498394 0
    outer loop
      vertex -45.54702155846852 35.58523327382305 0
      vertex -44.277368812276926 37.153123839881964 14
      vertex -45.54702155846852 35.58523327382305 14
    endloop
  endfacet
  facet normal 0.7547095802227747 -0.6560590289905042 0
    outer loop
      vertex -44.277368812276926 37.153123839881964 0
      vertex -42.953770912593384 38.675749047542006 14
      vertex -44.277368812276926 37.153123839881964 14
    endloop
  endfacet
  facet normal 0.731353701619169 -0.6819983600625003 0
    outer loop
      vertex -42.953770912593384 38.675749047542006 0
      vertex -41.577840459574034 40.15125381253004 14
      vertex -42.953770912593384 38.675749047542006 14
    endloop
  endfacet
  facet normal 0.7071067811865475 -0.7071067811865475 -7.013382619649022e-19
    outer loop
      vertex -41.01948905537342 40.70960521673065 5.6
      vertex -40.15125381253004 41.577840459574034 14
      vertex -41.577840459574034 40.15125381253004 14
    endloop
  endfacet
  facet normal 0.6819983600625001 -0.731353701619169 0
    outer loop
      vertex -40.15125381253004 41.577840459574034 5.6
      vertex -38.675749047542006 42.953770912593384 14
      vertex -40.15125381253004 41.577840459574034 14
    endloop
  endfacet
  facet normal 0.6560590289905041 -0.7547095802227746 0
    outer loop
      vertex -38.675749047542006 42.953770912593384 5.6
      vertex -37.153123839881964 44.277368812276926 14
      vertex -38.675749047542006 42.953770912593384 14
    endloop
  endfacet
  facet normal 0.6293203910498393 -0.7771459614569692 0
    outer loop
      vertex -37.153123839881964 44.277368812276926 5.6
      vertex -35.58523327382305 45.54702155846852 14
      vertex -37.153123839881964 44.277368812276926 14
    endloop
  endfacet
  facet normal 0.6018150231520508 -0.798635510047291 0
    outer loop
      vertex -35.58523327382305 45.54702155846852 5.6
      vertex -33.97398758250495 46.76118227487196 14
      vertex -35.58523327382305 45.54702155846852 14
    endloop
  endfacet
  facet normal 0.5735764363510459 -0.819152044288992 0
    outer loop
      vertex -33.97398758250495 46.76118227487196 5.6
      vertex -32.32134982060917 47.91837169368141 14
      vertex -33.97398758250495 46.76118227487196 14
    endloop
  endfacet
  facet normal 0.5735764363510459 -0.819152044288992 -3.721345142610095e-18
    outer loop
      vertex -33.97398758250495 46.76118227487196 5.6
      vertex -32.32134982060917 47.91837169368141 5.6
      vertex -32.32134982060917 47.91837169368141 14
    endloop
  endfacet
  facet normal 0.5446390350150258 -0.8386705679454249 -8.008993110187665e-19
    outer loop
      vertex -32.32134982060917 47.91837169368141 5.6
      vertex -30.629333472679242 49.01717995784142 5.6
      vertex -30.629333472679242 49.01717995784142 14
    endloop
  endfacet
  facet normal 0.5150380749100719 -0.8571673007021017 1.2317881787726623e-20
    outer loop
      vertex -30.565533794690452 49.055514671851526 5.6
      vertex -30.629333472679242 49.01717995784142 14
      vertex -30.629333472679242 49.01717995784142 5.6
    endloop
  endfacet
  facet normal 0.5446390350150258 -0.8386705679454249 0
    outer loop
      vertex -32.32134982060917 47.91837169368141 5.6
      vertex -30.629333472679242 49.01717995784142 14
      vertex -32.32134982060917 47.91837169368141 14
    endloop
  endfacet
  facet normal 0.5150380749100539 -0.8571673007021124 -1.8504787126842321e-16
    outer loop
      vertex -30.565533794690452 49.055514671851526 5.6
      vertex -28.9 50.05626833874055 14
      vertex -30.629333472679242 49.01717995784142 14
    endloop
  endfacet
  facet normal 0.32556815445715476 -0.9455185755993175 -1.8803294856674795e-18
    outer loop
      vertex -19.2945034423556 54.477534585182674 5.6
      vertex -17.861182274871958 54.97106664185987 5.6
      vertex -17.861182274871958 54.97106664185987 14
    endloop
  endfacet
  facet normal 0.48480962024633806 -0.8746197071393953 0
    outer loop
      vertex -28.9 50.05626833874055 0
      vertex -27.13545632902449 51.034370867245975 14
      vertex -28.9 50.05626833874055 14
    endloop
  endfacet
  facet normal 0.4539904997395466 -0.891006524188368 0
    outer loop
      vertex -27.13545632902449 51.034370867245975 0
      vertex -25.337852284408676 51.95029587609185 14
      vertex -27.13545632902449 51.034370867245975 14
    endloop
  endfacet
  facet normal 0.42261826174069816 -0.9063077870366506 0
    outer loop
      vertex -25.337852284408676 51.95029587609185 0
      vertex -23.50937796978125 52.80292745174233 14
      vertex -25.337852284408676 51.95029587609185 14
    endloop
  endfacet
  facet normal 0.39073112848927427 -0.9205048534524402 0
    outer loop
      vertex -23.50937796978125 52.80292745174233 0
      vertex -21.652261099439713 53.59122679396031 14
      vertex -23.50937796978125 52.80292745174233 14
    endloop
  endfacet
  facet normal 0.35836794954530077 -0.9335804264972015 0
    outer loop
      vertex -21.652261099439713 53.59122679396031 0
      vertex -19.76876428422365 54.314233481425504 14
      vertex -21.652261099439713 53.59122679396031 14
    endloop
  endfacet
  facet normal 0.052335956242948796 -0.9986295347545736 1.309246618612976e-19
    outer loop
      vertex -2.017190909404556 57.764789801703735 14
      vertex -4.031924182410442 57.65920210501783 14
      vertex -4.031924182410442 57.65920210501783 0
    endloop
  endfacet
  facet normal 0.3255681544571543 -0.9455185755993176 6.260846502219868e-17
    outer loop
      vertex -19.2945034423556 54.477534585182674 5.6
      vertex -17.861182274871958 54.97106664185987 14
      vertex -19.76876428422365 54.314233481425504 14
    endloop
  endfacet
  facet normal -0.515038074910053 -0.857167300702113 4.5986532374554416e-18
    outer loop
      vertex 28.9 50.05626833874055 0
      vertex 30.56553379469044 49.05551467185153 0
      vertex 30.56553379469044 49.05551467185153 5.6
    endloop
  endfacet
  facet normal -0.5150380749100524 -0.8571673007021134 -2.675916167530782e-16
    outer loop
      vertex 28.9 50.05626833874055 0
      vertex 30.56553379469044 49.05551467185153 5.6
      vertex 30.629333472679242 49.01717995784142 14
    endloop
  endfacet
  facet normal -0.32556815445715337 -0.9455185755993181 0
    outer loop
      vertex 19.2945034423556 54.477534585182674 0
      vertex 19.76876428422365 54.314233481425504 0
      vertex 19.2945034423556 54.477534585182674 5.6
    endloop
  endfacet
  facet normal -0.052335956242948796 -0.9986295347545736 -1.309246618612976e-19
    outer loop
      vertex 2.017190909404556 57.764789801703735 0
      vertex 4.031924182410442 57.65920210501783 0
      vertex 4.031924182410442 57.65920210501783 14
    endloop
  endfacet
  facet normal -0.35836794954530077 -0.9335804264972015 0
    outer loop
      vertex 21.652261099439713 53.59122679396031 0
      vertex 21.652261099439713 53.59122679396031 14
      vertex 19.76876428422365 54.314233481425504 0
    endloop
  endfacet
  facet normal -0.39073112848927427 -0.9205048534524402 8.976667985474208e-19
    outer loop
      vertex 21.652261099439713 53.59122679396031 0
      vertex 23.50937796978125 52.80292745174233 0
      vertex 23.50937796978125 52.80292745174233 14
    endloop
  endfacet
  facet normal -0.42261826174069816 -0.9063077870366506 2.581380697315594e-18
    outer loop
      vertex 23.50937796978125 52.80292745174233 0
      vertex 25.337852284408676 51.95029587609185 0
      vertex 25.337852284408676 51.95029587609185 14
    endloop
  endfacet
  facet normal -0.4539904997395466 -0.891006524188368 0
    outer loop
      vertex 27.13545632902449 51.034370867245975 0
      vertex 27.13545632902449 51.034370867245975 14
      vertex 25.337852284408676 51.95029587609185 0
    endloop
  endfacet
  facet normal -0.48480962024633806 -0.8746197071393953 0
    outer loop
      vertex 28.9 50.05626833874055 0
      vertex 28.9 50.05626833874055 14
      vertex 27.13545632902449 51.034370867245975 0
    endloop
  endfacet
  facet normal -0.32556815445715337 -0.9455185755993181 0
    outer loop
      vertex 19.76876428422365 54.314233481425504 0
      vertex 19.76876428422365 54.314233481425504 14
      vertex 19.2945034423556 54.477534585182674 5.6
    endloop
  endfacet
  facet normal -0.7071067811865476 -0.7071067811865476 -5.530508502271083e-18
    outer loop
      vertex 41.577840459574034 40.15125381253004 0
      vertex 41.01948905537341 40.70960521673066 5.6
      vertex 41.01948905537341 40.70960521673066 0
    endloop
  endfacet
  facet normal -0.7771459614569693 -0.6293203910498394 0
    outer loop
      vertex 45.54702155846852 35.58523327382305 0
      vertex 45.54702155846852 35.58523327382305 14
      vertex 44.277368812276926 37.153123839881964 0
    endloop
  endfacet
  facet normal -0.8571673007021124 -0.5150380749100539 0
    outer loop
      vertex 50.05626833874055 28.9 0
      vertex 50.05626833874055 28.9 14
      vertex 49.01717995784142 30.629333472679242 0
    endloop
  endfacet
  facet normal -0.8191520442889919 -0.5735764363510458 0
    outer loop
      vertex 47.91837169368141 32.32134982060917 0
      vertex 47.91837169368141 32.32134982060917 14
      vertex 46.76118227487196 33.97398758250495 0
    endloop
  endfacet
  facet normal -0.798635510047291 -0.6018150231520508 3.486472986739012e-18
    outer loop
      vertex 45.54702155846852 35.58523327382305 0
      vertex 46.76118227487196 33.97398758250495 0
      vertex 46.76118227487196 33.97398758250495 14
    endloop
  endfacet
  facet normal -0.8386705679454249 -0.5446390350150258 0
    outer loop
      vertex 49.01717995784142 30.629333472679242 0
      vertex 49.01717995784142 30.629333472679242 14
      vertex 47.91837169368141 32.32134982060917 0
    endloop
  endfacet
  facet normal -0.731353701619169 -0.6819983600625003 -6.823380106221753e-18
    outer loop
      vertex 41.577840459574034 40.15125381253004 0
      vertex 42.953770912593384 38.675749047542006 0
      vertex 42.953770912593384 38.675749047542006 14
    endloop
  endfacet
  facet normal -0.7547095802227747 -0.6560590289905042 0
    outer loop
      vertex 44.277368812276926 37.153123839881964 0
      vertex 44.277368812276926 37.153123839881964 14
      vertex 42.953770912593384 38.675749047542006 0
    endloop
  endfacet
  facet normal -0.7071067811865476 -0.7071067811865476 0
    outer loop
      vertex 41.577840459574034 40.15125381253004 0
      vertex 41.577840459574034 40.15125381253004 14
      vertex 41.01948905537341 40.70960521673066 5.6
    endloop
  endfacet
  facet normal -0.9998476951563914 -0.017452406437281267 0
    outer loop
      vertex 57.8 0 0
      vertex 57.8 0 14
      vertex 57.764789801703735 2.017190909404556 0
    endloop
  endfacet
  facet normal -0.9986295347545736 -0.052335956242948796 0
    outer loop
      vertex 57.764789801703735 2.017190909404556 0
      vertex 57.764789801703735 2.017190909404556 14
      vertex 57.65920210501783 4.031924182410442 0
    endloop
  endfacet
  facet normal -0.9961946980917457 -0.08715574274765618 0
    outer loop
      vertex 57.65920210501783 4.031924182410442 0
      vertex 57.65920210501783 4.031924182410442 14
      vertex 57.483365552286195 6.0417451768703705 0
    endloop
  endfacet
  facet normal -0.9925461516413222 -0.1218693434051461 0
    outer loop
      vertex 57.483365552286195 6.0417451768703705 0
      vertex 57.483365552286195 6.0417451768703705 14
      vertex 57.23749437326276 8.044205235491782 0
    endloop
  endfacet
  facet normal -0.9876883405951374 -0.15643446504023265 0
    outer loop
      vertex 57.23749437326276 8.044205235491782 0
      vertex 57.23749437326276 8.044205235491782 14
      vertex 56.92188812410562 10.036864669148573 0
    endloop
  endfacet
  facet normal -0.9816271834476642 -0.19080899537654364 0
    outer loop
      vertex 56.92188812410562 10.036864669148573 0
      vertex 56.92188812410562 10.036864669148573 14
      vertex 56.53693132241396 12.01729572926649 0
    endloop
  endfacet
  facet normal -0.9335804264972015 -0.35836794954530077 0
    outer loop
      vertex 54.314233481425504 19.76876428422365 0
      vertex 54.314233481425504 19.76876428422365 14
      vertex 53.59122679396031 21.652261099439713 0
    endloop
  endfacet
  facet normal -0.9063077870366506 -0.42261826174069816 0
    outer loop
      vertex 52.80292745174233 23.50937796978125 0
      vertex 52.80292745174233 23.50937796978125 14
      vertex 51.95029587609185 25.337852284408676 0
    endloop
  endfacet
  facet normal -0.9205048534524402 -0.39073112848927427 0
    outer loop
      vertex 53.59122679396031 21.652261099439713 0
      vertex 53.59122679396031 21.652261099439713 14
      vertex 52.80292745174233 23.50937796978125 0
    endloop
  endfacet
  facet normal -0.9659258262890679 -0.25881904510252207 0
    outer loop
      vertex 56.083092978752596 13.983085565660794 0
      vertex 56.083092978752596 13.983085565660794 14
      vertex 55.56092602523483 15.93183916622255 0
    endloop
  endfacet
  facet normal -0.9455185755993175 -0.3255681544571543 0
    outer loop
      vertex 54.97106664185987 17.861182274871958 0
      vertex 54.97106664185987 17.861182274871958 14
      vertex 54.314233481425504 19.76876428422365 0
    endloop
  endfacet
  facet normal -0.956304755963035 -0.2923717047227385 0
    outer loop
      vertex 55.56092602523483 15.93183916622255 0
      vertex 55.56092602523483 15.93183916622255 14
      vertex 54.97106664185987 17.861182274871958 0
    endloop
  endfacet
  facet normal -0.9743700647852356 -0.2249510543438638 0
    outer loop
      vertex 56.53693132241396 12.01729572926649 0
      vertex 56.53693132241396 12.01729572926649 14
      vertex 56.083092978752596 13.983085565660794 0
    endloop
  endfacet
  facet normal -0.8746197071393953 -0.48480962024633806 1.8115085258003357e-18
    outer loop
      vertex 50.05626833874055 28.9 0
      vertex 51.034370867245975 27.13545632902449 0
      vertex 51.034370867245975 27.13545632902449 14
    endloop
  endfacet
  facet normal -0.891006524188368 -0.4539904997395466 0
    outer loop
      vertex 51.95029587609185 25.337852284408676 0
      vertex 51.95029587609185 25.337852284408676 14
      vertex 51.034370867245975 27.13545632902449 0
    endloop
  endfacet
  facet normal -0.5150380749100789 -0.8571673007020976 -2.9522547410571113e-19
    outer loop
      vertex 30.56553379469044 49.05551467185153 5.6
      vertex 30.629333472679242 49.01717995784142 5.6
      vertex 30.629333472679242 49.01717995784142 14
    endloop
  endfacet
  facet normal -0.5446390350150258 -0.8386705679454249 0
    outer loop
      vertex 32.32134982060917 47.91837169368141 5.6
      vertex 32.32134982060917 47.91837169368141 14
      vertex 30.629333472679242 49.01717995784142 5.6
    endloop
  endfacet
  facet normal -0.5446390350150258 -0.8386705679454249 0
    outer loop
      vertex 30.629333472679242 49.01717995784142 5.6
      vertex 32.32134982060917 47.91837169368141 14
      vertex 30.629333472679242 49.01717995784142 14
    endloop
  endfacet
  facet normal -0.5735764363510459 -0.819152044288992 0
    outer loop
      vertex 32.32134982060917 47.91837169368141 5.6
      vertex 33.97398758250495 46.76118227487196 14
      vertex 32.32134982060917 47.91837169368141 14
    endloop
  endfacet
  facet normal -0.052335956242948796 -0.9986295347545736 0
    outer loop
      vertex 2.017190909404556 57.764789801703735 0
      vertex 4.031924182410442 57.65920210501783 14
      vertex 2.017190909404556 57.764789801703735 7
    endloop
  endfacet
  facet normal -0.15643446504023265 -0.9876883405951375 0
    outer loop
      vertex 10.036864669148573 56.92188812410562 5.6
      vertex 10.036864669148573 56.92188812410562 14
      vertex 8.044205235491782 57.23749437326276 5.6
    endloop
  endfacet
  facet normal -0.22495105434386378 -0.9743700647852354 0
    outer loop
      vertex 13.983085565660794 56.083092978752596 5.6
      vertex 13.983085565660794 56.083092978752596 14
      vertex 12.01729572926649 56.53693132241396 5.6
    endloop
  endfacet
  facet normal -0.29237170472273843 -0.956304755963035 0
    outer loop
      vertex 17.861182274871958 54.97106664185987 5.6
      vertex 17.861182274871958 54.97106664185987 14
      vertex 15.93183916622255 55.56092602523483 5.6
    endloop
  endfacet
  facet normal -0.32556815445715476 -0.9455185755993175 8.307473488425136e-17
    outer loop
      vertex 19.2945034423556 54.477534585182674 5.6
      vertex 19.76876428422365 54.314233481425504 14
      vertex 17.861182274871958 54.97106664185987 5.6
    endloop
  endfacet
  facet normal -0.35836794954530077 -0.9335804264972015 0
    outer loop
      vertex 19.76876428422365 54.314233481425504 0
      vertex 21.652261099439713 53.59122679396031 14
      vertex 19.76876428422365 54.314233481425504 14
    endloop
  endfacet
  facet normal -0.39073112848927427 -0.9205048534524402 0
    outer loop
      vertex 21.652261099439713 53.59122679396031 0
      vertex 23.50937796978125 52.80292745174233 14
      vertex 21.652261099439713 53.59122679396031 14
    endloop
  endfacet
  facet normal -0.42261826174069816 -0.9063077870366506 0
    outer loop
      vertex 23.50937796978125 52.80292745174233 0
      vertex 25.337852284408676 51.95029587609185 14
      vertex 23.50937796978125 52.80292745174233 14
    endloop
  endfacet
  facet normal -0.4539904997395466 -0.891006524188368 0
    outer loop
      vertex 25.337852284408676 51.95029587609185 0
      vertex 27.13545632902449 51.034370867245975 14
      vertex 25.337852284408676 51.95029587609185 14
    endloop
  endfacet
  facet normal -0.48480962024633806 -0.8746197071393953 0
    outer loop
      vertex 27.13545632902449 51.034370867245975 0
      vertex 28.9 50.05626833874055 14
      vertex 27.13545632902449 51.034370867245975 14
    endloop
  endfacet
  facet normal -0.5150380749100539 -0.8571673007021124 0
    outer loop
      vertex 28.9 50.05626833874055 0
      vertex 30.629333472679242 49.01717995784142 14
      vertex 28.9 50.05626833874055 14
    endloop
  endfacet
  facet normal -0.29237170472273843 -0.956304755963035 0
    outer loop
      vertex 15.93183916622255 55.56092602523483 5.6
      vertex 17.861182274871958 54.97106664185987 14
      vertex 15.93183916622255 55.56092602523483 14
    endloop
  endfacet
  facet normal -0.22495105434386378 -0.9743700647852354 0
    outer loop
      vertex 12.01729572926649 56.53693132241396 5.6
      vertex 13.983085565660794 56.083092978752596 14
      vertex 12.01729572926649 56.53693132241396 14
    endloop
  endfacet
  facet normal -0.32556815445715503 -0.9455185755993174 1.6461001675958418e-16
    outer loop
      vertex 19.76876428422365 54.314233481425504 14
      vertex 18.739428046342738 54.6686623714876 14
      vertex 17.861182274871958 54.97106664185987 5.6
    endloop
  endfacet
  facet normal -0.6018150231520508 -0.798635510047291 0
    outer loop
      vertex 35.58523327382305 45.54702155846852 5.6
      vertex 35.58523327382305 45.54702155846852 14
      vertex 33.97398758250495 46.76118227487196 5.6
    endloop
  endfacet
  facet normal -0.5735764363510459 -0.819152044288992 3.721345142610095e-18
    outer loop
      vertex 32.32134982060917 47.91837169368141 5.6
      vertex 33.97398758250495 46.76118227487196 5.6
      vertex 33.97398758250495 46.76118227487196 14
    endloop
  endfacet
  facet normal -0.6293203910498393 -0.7771459614569692 0
    outer loop
      vertex 37.153123839881964 44.277368812276926 5.6
      vertex 37.153123839881964 44.277368812276926 14
      vertex 35.58523327382305 45.54702155846852 5.6
    endloop
  endfacet
  facet normal -0.6819983600625001 -0.731353701619169 0
    outer loop
      vertex 40.15125381253004 41.577840459574034 5.6
      vertex 40.15125381253004 41.577840459574034 14
      vertex 38.675749047542006 42.953770912593384 5.6
    endloop
  endfacet
  facet normal -0.7071067811865476 -0.7071067811865476 6.415912053268405e-18
    outer loop
      vertex 40.15125381253004 41.577840459574034 5.6
      vertex 41.01948905537341 40.70960521673066 5.6
      vertex 41.577840459574034 40.15125381253004 14
    endloop
  endfacet
  facet normal -0.6560590289905041 -0.7547095802227746 -4.079552419054061e-18
    outer loop
      vertex 37.153123839881964 44.277368812276926 5.6
      vertex 38.675749047542006 42.953770912593384 5.6
      vertex 38.675749047542006 42.953770912593384 14
    endloop
  endfacet
  facet normal -0.7771459614569693 -0.6293203910498394 0
    outer loop
      vertex 44.277368812276926 37.153123839881964 0
      vertex 45.54702155846852 35.58523327382305 14
      vertex 44.277368812276926 37.153123839881964 14
    endloop
  endfacet
  facet normal -0.8571673007021124 -0.5150380749100539 0
    outer loop
      vertex 49.01717995784142 30.629333472679242 0
      vertex 50.05626833874055 28.9 14
      vertex 49.01717995784142 30.629333472679242 14
    endloop
  endfacet
  facet normal -0.8191520442889919 -0.5735764363510458 2.2328070855660566e-18
    outer loop
      vertex 47.91837169368141 32.32134982060917 14
      vertex 46.76118227487196 33.97398758250495 14
      vertex 46.76118227487196 33.97398758250495 0
    endloop
  endfacet
  facet normal -0.798635510047291 -0.6018150231520508 0
    outer loop
      vertex 45.54702155846852 35.58523327382305 0
      vertex 46.76118227487196 33.97398758250495 14
      vertex 45.54702155846852 35.58523327382305 14
    endloop
  endfacet
  facet normal -0.8386705679454249 -0.5446390350150258 0
    outer loop
      vertex 47.91837169368141 32.32134982060917 0
      vertex 49.01717995784142 30.629333472679242 14
      vertex 47.91837169368141 32.32134982060917 14
    endloop
  endfacet
  facet normal -0.731353701619169 -0.6819983600625003 0
    outer loop
      vertex 41.577840459574034 40.15125381253004 0
      vertex 42.953770912593384 38.675749047542006 14
      vertex 41.577840459574034 40.15125381253004 14
    endloop
  endfacet
  facet normal -0.7547095802227747 -0.6560590289905042 0
    outer loop
      vertex 42.953770912593384 38.675749047542006 0
      vertex 44.277368812276926 37.153123839881964 14
      vertex 42.953770912593384 38.675749047542006 14
    endloop
  endfacet
  facet normal -0.9998476951563914 -0.017452406437281267 0
    outer loop
      vertex 57.764789801703735 2.017190909404556 0
      vertex 57.8 0 14
      vertex 57.764789801703735 2.017190909404556 14
    endloop
  endfacet
  facet normal -0.9986295347545736 -0.052335956242948796 0
    outer loop
      vertex 57.65920210501783 4.031924182410442 0
      vertex 57.764789801703735 2.017190909404556 14
      vertex 57.65920210501783 4.031924182410442 14
    endloop
  endfacet
  facet normal -0.9961946980917457 -0.08715574274765618 0
    outer loop
      vertex 57.483365552286195 6.0417451768703705 0
      vertex 57.65920210501783 4.031924182410442 14
      vertex 57.483365552286195 6.0417451768703705 14
    endloop
  endfacet
  facet normal -0.9925461516413222 -0.1218693434051461 0
    outer loop
      vertex 57.23749437326276 8.044205235491782 0
      vertex 57.483365552286195 6.0417451768703705 14
      vertex 57.23749437326276 8.044205235491782 14
    endloop
  endfacet
  facet normal -0.9876883405951374 -0.15643446504023265 0
    outer loop
      vertex 56.92188812410562 10.036864669148573 0
      vertex 57.23749437326276 8.044205235491782 14
      vertex 56.92188812410562 10.036864669148573 14
    endloop
  endfacet
  facet normal -0.9816271834476642 -0.19080899537654364 0
    outer loop
      vertex 56.53693132241396 12.01729572926649 0
      vertex 56.92188812410562 10.036864669148573 14
      vertex 56.53693132241396 12.01729572926649 14
    endloop
  endfacet
  facet normal -0.9335804264972015 -0.35836794954530077 0
    outer loop
      vertex 53.59122679396031 21.652261099439713 0
      vertex 54.314233481425504 19.76876428422365 14
      vertex 53.59122679396031 21.652261099439713 14
    endloop
  endfacet
  facet normal -0.9205048534524402 -0.39073112848927427 0
    outer loop
      vertex 52.80292745174233 23.50937796978125 0
      vertex 53.59122679396031 21.652261099439713 14
      vertex 52.80292745174233 23.50937796978125 14
    endloop
  endfacet
  facet normal -0.9743700647852356 -0.2249510543438638 0
    outer loop
      vertex 56.083092978752596 13.983085565660794 0
      vertex 56.53693132241396 12.01729572926649 14
      vertex 56.083092978752596 13.983085565660794 14
    endloop
  endfacet
  facet normal -0.9659258262890679 -0.25881904510252207 0
    outer loop
      vertex 55.56092602523483 15.93183916622255 0
      vertex 56.083092978752596 13.983085565660794 14
      vertex 55.56092602523483 15.93183916622255 14
    endloop
  endfacet
  facet normal -0.956304755963035 -0.2923717047227385 0
    outer loop
      vertex 54.97106664185987 17.861182274871958 0
      vertex 55.56092602523483 15.93183916622255 14
      vertex 54.97106664185987 17.861182274871958 14
    endloop
  endfacet
  facet normal -0.9455185755993175 -0.3255681544571543 0
    outer loop
      vertex 54.314233481425504 19.76876428422365 0
      vertex 54.97106664185987 17.861182274871958 14
      vertex 54.314233481425504 19.76876428422365 14
    endloop
  endfacet
  facet normal -0.891006524188368 -0.4539904997395466 0
    outer loop
      vertex 51.034370867245975 27.13545632902449 0
      vertex 51.95029587609185 25.337852284408676 14
      vertex 51.034370867245975 27.13545632902449 14
    endloop
  endfacet
  facet normal -0.8746197071393953 -0.48480962024633806 0
    outer loop
      vertex 50.05626833874055 28.9 0
      vertex 51.034370867245975 27.13545632902449 14
      vertex 50.05626833874055 28.9 14
    endloop
  endfacet
  facet normal -0.9063077870366506 -0.42261826174069816 0
    outer loop
      vertex 51.95029587609185 25.337852284408676 0
      vertex 52.80292745174233 23.50937796978125 14
      vertex 51.95029587609185 25.337852284408676 14
    endloop
  endfacet
  facet normal -0.6018150231520508 -0.798635510047291 0
    outer loop
      vertex 33.97398758250495 46.76118227487196 5.6
      vertex 35.58523327382305 45.54702155846852 14
      vertex 33.97398758250495 46.76118227487196 14
    endloop
  endfacet
  facet normal -0.6293203910498393 -0.7771459614569692 0
    outer loop
      vertex 35.58523327382305 45.54702155846852 5.6
      vertex 37.153123839881964 44.277368812276926 14
      vertex 35.58523327382305 45.54702155846852 14
    endloop
  endfacet
  facet normal -0.6819983600625001 -0.731353701619169 0
    outer loop
      vertex 38.675749047542006 42.953770912593384 5.6
      vertex 40.15125381253004 41.577840459574034 14
      vertex 38.675749047542006 42.953770912593384 14
    endloop
  endfacet
  facet normal -0.7071067811865475 -0.7071067811865475 0
    outer loop
      vertex 40.15125381253004 41.577840459574034 5.6
      vertex 41.577840459574034 40.15125381253004 14
      vertex 40.15125381253004 41.577840459574034 14
    endloop
  endfacet
  facet normal -0.6560590289905041 -0.7547095802227746 0
    outer loop
      vertex 37.153123839881964 44.277368812276926 5.6
      vertex 38.675749047542006 42.953770912593384 14
      vertex 37.153123839881964 44.277368812276926 14
    endloop
  endfacet
  facet normal 0 -1 0
    outer loop
      vertex -66.8 0 0
      vertex -57.8 0 0
      vertex -66.8 0 14
    endloop
  endfacet
  facet normal 0 -1 0
    outer loop
      vertex -57.8 0 0
      vertex -57.8 0 14
      vertex -66.8 0 14
    endloop
  endfacet
  facet normal 0 -1 0
    outer loop
      vertex 57.8 0 0
      vertex 66.8 0 0
      vertex 57.8 0 14
    endloop
  endfacet
  facet normal 0 -1 0
    outer loop
      vertex 66.8 0 0
      vertex 66.8 0 14
      vertex 57.8 0 14
    endloop
  endfacet
  facet normal 0 0 -1
    outer loop
      vertex 29.2046389328792 44.1065723361893 0
      vertex 29.150903818566835 44.898575958274634 0
      vertex 29.191218645627778 45.691376005339144 0
    endloop
  endfacet
  facet normal 0 0 -1
    outer loop
      vertex 30.81255764266772 40.5385820078682 0
      vertex 31.917247269299125 48.18079895893264 0
      vertex 31.370300078042487 39.973709831452446 0
    endloop
  endfacet
  facet normal 0 0 -1
    outer loop
      vertex 31.99093699628411 39.478768404996764 0
      vertex 31.370300078042487 39.973709831452446 0
      vertex 31.917247269299125 48.18079895893264 0
    endloop
  endfacet
  facet normal 0 0 -1
    outer loop
      vertex 32.66575601551339 39.06070562120361 0
      vertex 33.800105087347475 46.882936108743934 0
      vertex 33.38528415592187 38.72539016515252 0
    endloop
  endfacet
  facet normal 0 0 -1
    outer loop
      vertex 31.99093699628411 39.478768404996764 0
      vertex 33.800105087347475 46.882936108743934 0
      vertex 32.66575601551339 39.06070562120361 0
    endloop
  endfacet
  facet normal 0 0 -1
    outer loop
      vertex 29.2046389328792 44.1065723361893 0
      vertex 29.32501748226127 46.473843302561185 0
      vertex 29.351669665348737 43.32648313384388 0
    endloop
  endfacet
  facet normal 0 0 -1
    outer loop
      vertex 29.58993202678692 42.56925909366267 0
      vertex 29.351669665348737 43.32648313384388 0
      vertex 29.550422086091658 47.23499372427723 0
    endloop
  endfacet
  facet normal 0 0 -1
    outer loop
      vertex 30.325539171365982 41.16545536710224 0
      vertex 29.916081335916694 41.845529981314264 0
      vertex 30.262150323237893 48.651053641904106 0
    endloop
  endfacet
  facet normal 0 0 -1
    outer loop
      vertex 29.916081335916694 41.845529981314264 0
      vertex 29.58993202678692 42.56925909366267 0
      vertex 29.864268270574136 47.964142387028694 0
    endloop
  endfacet
  facet normal 0 0 -1
    outer loop
      vertex 29.2046389328792 44.1065723361893 0
      vertex 29.191218645627778 45.691376005339144 0
      vertex 29.32501748226127 46.473843302561185 0
    endloop
  endfacet
  facet normal 0 0 -1
    outer loop
      vertex 29.351669665348737 43.32648313384388 0
      vertex 29.32501748226127 46.473843302561185 0
      vertex 29.550422086091658 47.23499372427723 0
    endloop
  endfacet
  facet normal 0 0 -1
    outer loop
      vertex 29.58993202678692 42.56925909366267 0
      vertex 29.550422086091658 47.23499372427723 0
      vertex 29.864268270574136 47.964142387028694 0
    endloop
  endfacet
  facet normal 0 0 -1
    outer loop
      vertex 29.916081335916694 41.845529981314264 0
      vertex 29.864268270574136 47.964142387028694 0
      vertex 30.262150323237893 48.651053641904106 0
    endloop
  endfacet
  facet normal 0 0 -1
    outer loop
      vertex 30.81255764266772 40.5385820078682 0
      vertex 30.325539171365982 41.16545536710224 0
      vertex 31.917247269299125 48.18079895893264 0
    endloop
  endfacet
  facet normal 0 0 -1
    outer loop
      vertex 30.325539171365982 41.16545536710224 0
      vertex 30.262150323237893 48.651053641904106 0
      vertex 30.721756619172158 48.957159664721715 0
    endloop
  endfacet
  facet normal 0 0 -1
    outer loop
      vertex 30.325539171365982 41.16545536710224 0
      vertex 30.721756619172158 48.957159664721715 0
      vertex 31.917247269299125 48.18079895893264 0
    endloop
  endfacet
  facet normal 0 0 -1
    outer loop
      vertex 30.262150323237893 48.651053641904106 0
      vertex 30.56553379469044 49.05551467185153 0
      vertex 30.721756619172158 48.957159664721715 0
    endloop
  endfacet
  facet normal 0 0 -1
    outer loop
      vertex 30.56553379469044 49.05551467185153 0
      vertex 30.69585161725596 49.22925017722695 0
      vertex 30.721756619172158 48.957159664721715 0
    endloop
  endfacet
  facet normal 0 0 -1
    outer loop
      vertex 31.99093699628411 39.478768404996764 0
      vertex 31.917247269299125 48.18079895893264 0
      vertex 32.41670560477913 47.851602854793704 0
    endloop
  endfacet
  facet normal 0 0 -1
    outer loop
      vertex 31.99093699628411 39.478768404996764 0
      vertex 32.41670560477913 47.851602854793704 0
      vertex 33.800105087347475 46.882936108743934 0
    endloop
  endfacet
  facet normal 0 0 -1
    outer loop
      vertex 32.41670560477913 47.851602854793704 0
      vertex 31.917247269299125 48.18079895893264 0
      vertex 32.50705370253048 49.628318305939686 0
    endloop
  endfacet
  facet normal -0.9977063042420432 -0.06769143576320139 -1.7710215876790357e-19
    outer loop
      vertex 29.2046389328792 44.1065723361893 0
      vertex 29.150903818566835 44.898575958274634 5.6
      vertex 29.150903818566835 44.898575958274634 0
    endloop
  endfacet
  facet normal -0.9987095802377929 0.050785572176078854 2.6365056203630117e-19
    outer loop
      vertex 29.150903818566835 44.898575958274634 0
      vertex 29.191218645627778 45.691376005339144 5.6
      vertex 29.191218645627778 45.691376005339144 0
    endloop
  endfacet
  facet normal -0.8567065996084633 -0.5158040346752867 1.8568238368024218e-18
    outer loop
      vertex 30.325539171365982 41.16545536710224 0
      vertex 29.916081335916694 41.845529981314264 5.6
      vertex 29.916081335916694 41.845529981314264 0
    endloop
  endfacet
  facet normal -0.9116992369963048 -0.41085824959510736 -1.5143739304265217e-18
    outer loop
      vertex 29.916081335916694 41.845529981314264 0
      vertex 29.58993202678692 42.56925909366267 5.6
      vertex 29.58993202678692 42.56925909366267 0
    endloop
  endfacet
  facet normal -0.9538936155660945 -0.30014491530299825 -2.5346987000642014e-18
    outer loop
      vertex 29.58993202678692 42.56925909366267 0
      vertex 29.351669665348737 43.32648313384388 5.6
      vertex 29.351669665348737 43.32648313384388 0
    endloop
  endfacet
  facet normal -0.7896876794861442 -0.6135090617650149 -7.618048287039732e-20
    outer loop
      vertex 30.81255764266772 40.5385820078682 0
      vertex 30.325539171365982 41.16545536710224 5.6
      vertex 30.325539171365982 41.16545536710224 0
    endloop
  endfacet
  facet normal -0.7115832753605784 -0.7026017664560141 0
    outer loop
      vertex 30.81255764266772 40.5385820078682 0
      vertex 31.370300078042487 39.973709831452446 0
      vertex 30.81255764266772 40.5385820078682 5.6
    endloop
  endfacet
  facet normal -0.6234898018587366 -0.7818314824680274 0
    outer loop
      vertex 31.99093699628411 39.478768404996764 0
      vertex 31.99093699628411 39.478768404996764 5.6
      vertex 31.370300078042487 39.973709831452446 0
    endloop
  endfacet
  facet normal -0.5266438982452895 -0.8500859982619438 4.782205955461324e-18
    outer loop
      vertex 31.99093699628411 39.478768404996764 0
      vertex 32.66575601551339 39.06070562120361 0
      vertex 32.66575601551339 39.06070562120361 5.6
    endloop
  endfacet
  facet normal -0.4224050687181405 -0.9064071700517505 -1.2796479200275502e-19
    outer loop
      vertex 32.66575601551339 39.06070562120361 0
      vertex 33.38528415592187 38.72539016515252 0
      vertex 33.38528415592187 38.72539016515252 5.6
    endloop
  endfacet
  facet normal -0.9826974187339264 -0.18521820432581157 0
    outer loop
      vertex 29.2046389328792 44.1065723361893 0
      vertex 29.351669665348737 43.32648313384388 0
      vertex 29.2046389328792 44.1065723361893 5.6
    endloop
  endfacet
  facet normal -0.9856931629254035 0.16854966200533877 -7.54109298061217e-19
    outer loop
      vertex 29.191218645627778 45.691376005339144 0
      vertex 29.32501748226127 46.473843302561185 5.6
      vertex 29.32501748226127 46.473843302561185 0
    endloop
  endfacet
  facet normal -0.958839774271599 0.28394768404547527 -2.9460898917595377e-18
    outer loop
      vertex 29.32501748226127 46.473843302561185 0
      vertex 29.550422086091658 47.23499372427723 5.6
      vertex 29.550422086091658 47.23499372427723 0
    endloop
  endfacet
  facet normal -0.9185263769897322 0.3953597030225975 -2.1127529231051772e-18
    outer loop
      vertex 29.550422086091658 47.23499372427723 0
      vertex 29.864268270574136 47.964142387028694 5.6
      vertex 29.864268270574136 47.964142387028694 0
    endloop
  endfacet
  facet normal -0.8653188828095758 0.5012217384084489 3.89209190767651e-18
    outer loop
      vertex 29.864268270574136 47.964142387028694 0
      vertex 30.262150323237893 48.651053641904106 5.6
      vertex 30.262150323237893 48.651053641904106 0
    endloop
  endfacet
  facet normal -0.7999642083171535 0.6000477192786503 0
    outer loop
      vertex 30.262150323237893 48.651053641904106 0
      vertex 30.262150323237893 48.651053641904106 5.6
      vertex 30.56553379469044 49.05551467185153 0
    endloop
  endfacet
  facet normal -0.9977063042420432 -0.06769143576320139 0
    outer loop
      vertex 29.2046389328792 44.1065723361893 0
      vertex 29.2046389328792 44.1065723361893 5.6
      vertex 29.150903818566835 44.898575958274634 5.6
    endloop
  endfacet
  facet normal -0.9987095802377929 0.050785572176078854 0
    outer loop
      vertex 29.150903818566835 44.898575958274634 0
      vertex 29.150903818566835 44.898575958274634 5.6
      vertex 29.191218645627778 45.691376005339144 5.6
    endloop
  endfacet
  facet normal -0.7115832753605784 -0.7026017664560141 0
    outer loop
      vertex 31.370300078042487 39.973709831452446 0
      vertex 31.370300078042487 39.973709831452446 5.6
      vertex 30.81255764266772 40.5385820078682 5.6
    endloop
  endfacet
  facet normal -0.8567065996084633 -0.5158040346752867 0
    outer loop
      vertex 30.325539171365982 41.16545536710224 0
      vertex 30.325539171365982 41.16545536710224 5.6
      vertex 29.916081335916694 41.845529981314264 5.6
    endloop
  endfacet
  facet normal -0.9538936155660945 -0.30014491530299825 0
    outer loop
      vertex 29.58993202678692 42.56925909366267 0
      vertex 29.58993202678692 42.56925909366267 5.6
      vertex 29.351669665348737 43.32648313384388 5.6
    endloop
  endfacet
  facet normal -0.9116992369963048 -0.41085824959510736 0
    outer loop
      vertex 29.916081335916694 41.845529981314264 0
      vertex 29.916081335916694 41.845529981314264 5.6
      vertex 29.58993202678692 42.56925909366267 5.6
    endloop
  endfacet
  facet normal -0.7896876794861442 -0.6135090617650149 0
    outer loop
      vertex 30.81255764266772 40.5385820078682 0
      vertex 30.81255764266772 40.5385820078682 5.6
      vertex 30.325539171365982 41.16545536710224 5.6
    endloop
  endfacet
  facet normal -0.6234898018587366 -0.7818314824680274 0
    outer loop
      vertex 31.370300078042487 39.973709831452446 0
      vertex 31.99093699628411 39.478768404996764 5.6
      vertex 31.370300078042487 39.973709831452446 5.6
    endloop
  endfacet
  facet normal -0.5266438982452895 -0.8500859982619438 0
    outer loop
      vertex 31.99093699628411 39.478768404996764 0
      vertex 32.66575601551339 39.06070562120361 5.6
      vertex 31.99093699628411 39.478768404996764 5.6
    endloop
  endfacet
  facet normal -0.4224050687181405 -0.9064071700517505 0
    outer loop
      vertex 32.66575601551339 39.06070562120361 0
      vertex 33.38528415592187 38.72539016515252 5.6
      vertex 32.66575601551339 39.06070562120361 5.6
    endloop
  endfacet
  facet normal -0.9826974187339264 -0.18521820432581157 0
    outer loop
      vertex 29.351669665348737 43.32648313384388 0
      vertex 29.351669665348737 43.32648313384388 5.6
      vertex 29.2046389328792 44.1065723361893 5.6
    endloop
  endfacet
  facet normal -0.9856931629254035 0.16854966200533877 0
    outer loop
      vertex 29.191218645627778 45.691376005339144 0
      vertex 29.191218645627778 45.691376005339144 5.6
      vertex 29.32501748226127 46.473843302561185 5.6
    endloop
  endfacet
  facet normal -0.958839774271599 0.28394768404547527 0
    outer loop
      vertex 29.32501748226127 46.473843302561185 0
      vertex 29.32501748226127 46.473843302561185 5.6
      vertex 29.550422086091658 47.23499372427723 5.6
    endloop
  endfacet
  facet normal -0.9185263769897322 0.3953597030225975 0
    outer loop
      vertex 29.550422086091658 47.23499372427723 0
      vertex 29.550422086091658 47.23499372427723 5.6
      vertex 29.864268270574136 47.964142387028694 5.6
    endloop
  endfacet
  facet normal -0.8653188828095758 0.5012217384084489 0
    outer loop
      vertex 29.864268270574136 47.964142387028694 0
      vertex 29.864268270574136 47.964142387028694 5.6
      vertex 30.262150323237893 48.651053641904106 5.6
    endloop
  endfacet
  facet normal -0.7999642083171535 0.6000477192786503 0
    outer loop
      vertex 30.56553379469044 49.05551467185153 0
      vertex 30.262150323237893 48.651053641904106 5.6
      vertex 30.56553379469044 49.05551467185153 5.6
    endloop
  endfacet
  facet normal 0 0 1
    outer loop
      vertex 29.2046389328792 44.1065723361893 5.6
      vertex 29.191218645627778 45.691376005339144 5.6
      vertex 29.150903818566835 44.898575958274634 5.6
    endloop
  endfacet
  facet normal 0 0 1
    outer loop
      vertex 30.81255764266772 40.5385820078682 5.6
      vertex 31.370300078042487 39.973709831452446 5.6
      vertex 30.629333472679242 49.01717995784142 5.6
    endloop
  endfacet
  facet normal 0 0 1
    outer loop
      vertex 31.99093699628411 39.478768404996764 5.6
      vertex 30.629333472679242 49.01717995784142 5.6
      vertex 31.370300078042487 39.973709831452446 5.6
    endloop
  endfacet
  facet normal 0 0 1
    outer loop
      vertex 31.99093699628411 39.478768404996764 5.6
      vertex 32.66575601551339 39.06070562120361 5.6
      vertex 32.32134982060917 47.91837169368141 5.6
    endloop
  endfacet
  facet normal 0 0 1
    outer loop
      vertex 32.66575601551339 39.06070562120361 5.6
      vertex 33.38528415592187 38.72539016515252 5.6
      vertex 32.32134982060917 47.91837169368141 5.6
    endloop
  endfacet
  facet normal 0 0 1
    outer loop
      vertex 29.2046389328792 44.1065723361893 5.6
      vertex 29.351669665348737 43.32648313384388 5.6
      vertex 29.32501748226127 46.473843302561185 5.6
    endloop
  endfacet
  facet normal 0 0 1
    outer loop
      vertex 29.58993202678692 42.56925909366267 5.6
      vertex 29.550422086091658 47.23499372427723 5.6
      vertex 29.351669665348737 43.32648313384388 5.6
    endloop
  endfacet
  facet normal 0 0 1
    outer loop
      vertex 30.325539171365982 41.16545536710224 5.6
      vertex 30.262150323237893 48.651053641904106 5.6
      vertex 29.916081335916694 41.845529981314264 5.6
    endloop
  endfacet
  facet normal 0 0 1
    outer loop
      vertex 29.916081335916694 41.845529981314264 5.6
      vertex 29.864268270574136 47.964142387028694 5.6
      vertex 29.58993202678692 42.56925909366267 5.6
    endloop
  endfacet
  facet normal 0 0 1
    outer loop
      vertex 29.2046389328792 44.1065723361893 5.6
      vertex 29.32501748226127 46.473843302561185 5.6
      vertex 29.191218645627778 45.691376005339144 5.6
    endloop
  endfacet
  facet normal 0 0 1
    outer loop
      vertex 29.351669665348737 43.32648313384388 5.6
      vertex 29.550422086091658 47.23499372427723 5.6
      vertex 29.32501748226127 46.473843302561185 5.6
    endloop
  endfacet
  facet normal 0 0 1
    outer loop
      vertex 29.58993202678692 42.56925909366267 5.6
      vertex 29.864268270574136 47.964142387028694 5.6
      vertex 29.550422086091658 47.23499372427723 5.6
    endloop
  endfacet
  facet normal 0 0 1
    outer loop
      vertex 29.916081335916694 41.845529981314264 5.6
      vertex 30.262150323237893 48.651053641904106 5.6
      vertex 29.864268270574136 47.964142387028694 5.6
    endloop
  endfacet
  facet normal 0 0 1
    outer loop
      vertex 30.81255764266772 40.5385820078682 5.6
      vertex 30.629333472679242 49.01717995784142 5.6
      vertex 30.325539171365982 41.16545536710224 5.6
    endloop
  endfacet
  facet normal 0 0 1
    outer loop
      vertex 30.325539171365982 41.16545536710224 5.6
      vertex 30.629333472679242 49.01717995784142 5.6
      vertex 30.262150323237893 48.651053641904106 5.6
    endloop
  endfacet
  facet normal 0 0 1
    outer loop
      vertex 30.262150323237893 48.651053641904106 5.6
      vertex 30.629333472679242 49.01717995784142 5.6
      vertex 30.56553379469044 49.05551467185153 5.6
    endloop
  endfacet
  facet normal 0 0 1
    outer loop
      vertex 31.99093699628411 39.478768404996764 5.6
      vertex 32.32134982060917 47.91837169368141 5.6
      vertex 30.629333472679242 49.01717995784142 5.6
    endloop
  endfacet
  facet normal 0 0 1
    outer loop
      vertex 33.38528415592187 38.72539016515252 5.6
      vertex 33.97398758250495 46.76118227487196 5.6
      vertex 32.32134982060917 47.91837169368141 5.6
    endloop
  endfacet
  facet normal 0 0 -1
    outer loop
      vertex 33.38528415592187 38.72539016515252 0
      vertex 34.06726003161275 46.99900706175296 0
      vertex 34.13942081964337 38.47752913082589 0
    endloop
  endfacet
  facet normal 0 0 -1
    outer loop
      vertex 34.91757958100717 38.320601943827604 0
      vertex 35.647529704800064 45.4965749033383 0
      vertex 35.708836796748784 38.25681151787445 0
    endloop
  endfacet
  facet normal 0 0 -1
    outer loop
      vertex 34.13942081964337 38.47752913082589 0
      vertex 35.551307969219515 50.78301174758047 0
      vertex 34.91757958100717 38.320601943827604 0
    endloop
  endfacet
  facet normal 0 0 -1
    outer loop
      vertex 34.91757958100717 38.320601943827604 0
      vertex 35.64432110708888 45.87547867270255 0
      vertex 35.647529704800064 45.4965749033383 0
    endloop
  endfacet
  facet normal 0 0 -1
    outer loop
      vertex 35.708836796748784 38.25681151787445 0
      vertex 36.820400665637656 44.54680272625393 0
      vertex 36.50208495001639 38.2870533307165 0
    endloop
  endfacet
  facet normal 0 0 -1
    outer loop
      vertex 35.708836796748784 38.25681151787445 0
      vertex 35.647529704800064 45.4965749033383 0
      vertex 36.820400665637656 44.54680272625393 0
    endloop
  endfacet
  facet normal 0 0 -1
    outer loop
      vertex 36.50208495001639 38.2870533307165 0
      vertex 37.23712909392993 44.20434415902615 0
      vertex 37.28618857555952 38.41090285359232 0
    endloop
  endfacet
  facet normal 0 0 -1
    outer loop
      vertex 36.50208495001639 38.2870533307165 0
      vertex 36.820400665637656 44.54680272625393 0
      vertex 37.23712909392993 44.20434415902615 0
    endloop
  endfacet
  facet normal 0 0 -1
    outer loop
      vertex 33.38528415592187 38.72539016515252 0
      vertex 33.800105087347475 46.882936108743934 0
      vertex 34.06726003161275 46.99900706175296 0
    endloop
  endfacet
  facet normal 0 0 -1
    outer loop
      vertex 34.13942081964337 38.47752913082589 0
      vertex 34.06726003161275 46.99900706175296 0
      vertex 35.551307969219515 50.78301174758047 0
    endloop
  endfacet
  facet normal 0 0 -1
    outer loop
      vertex 34.91757958100717 38.320601943827604 0
      vertex 35.551307969219515 50.78301174758047 0
      vertex 35.64432110708888 45.87547867270255 0
    endloop
  endfacet
  facet normal 0 0 -1
    outer loop
      vertex 33.800105087347475 46.882936108743934 0
      vertex 34.06398413867768 47.38585773387089 0
      vertex 34.06726003161275 46.99900706175296 0
    endloop
  endfacet
  facet normal 0 0 -1
    outer loop
      vertex 37.23712909392993 44.20434415902615 0
      vertex 36.820400665637656 44.54680272625393 0
      vertex 37.20993352212149 47.41587318066401 0
    endloop
  endfacet
  facet normal 0 0 -1
    outer loop
      vertex 37.28618857555952 38.41090285359232 0
      vertex 38.28735016794369 43.29140090761087 0
      vertex 38.05014057725189 38.626621510682206 0
    endloop
  endfacet
  facet normal 0 0 -1
    outer loop
      vertex 38.05014057725189 38.626621510682206 0
      vertex 38.28735016794369 43.29140090761087 0
      vertex 38.78321674359317 38.93118108490179 0
    endloop
  endfacet
  facet normal 0 0 -1
    outer loop
      vertex 37.28618857555952 38.41090285359232 0
      vertex 37.23712909392993 44.20434415902615 0
      vertex 38.28735016794369 43.29140090761087 0
    endloop
  endfacet
  facet normal 0 0 -1
    outer loop
      vertex 38.78321674359317 38.93118108490179 0
      vertex 38.28735016794369 43.29140090761087 0
      vertex 38.74677574631353 43.234503742183016 0
    endloop
  endfacet
  facet normal 0 0 -1
    outer loop
      vertex 38.78321674359317 38.93118108490179 0
      vertex 40.04357151774863 48.36008542641559 0
      vertex 39.475126292130724 39.320306227431814 0
    endloop
  endfacet
  facet normal 0 0 -1
    outer loop
      vertex 40.1161563294875 39.788534474243995 0
      vertex 40.20444008554699 41.52465418655708 0
      vertex 40.6973081990942 40.32929292712208 0
    endloop
  endfacet
  facet normal 0 0 -1
    outer loop
      vertex 40.6973081990942 40.32929292712208 0
      vertex 40.20444008554699 41.52465418655708 0
      vertex 41.01948905537341 40.70960521673066 0
    endloop
  endfacet
  facet normal 0 0 -1
    outer loop
      vertex 39.475126292130724 39.320306227431814 0
      vertex 40.04357151774863 48.36008542641559 0
      vertex 40.1161563294875 39.788534474243995 0
    endloop
  endfacet
  facet normal 0 0 -1
    outer loop
      vertex 40.1161563294875 39.788534474243995 0
      vertex 40.04357151774863 48.36008542641559 0
      vertex 40.20444008554699 41.52465418655708 0
    endloop
  endfacet
  facet normal 0 0 -1
    outer loop
      vertex 38.28735016794369 43.29140090761087 0
      vertex 38.73904964941307 44.14687964641502 0
      vertex 38.74677574631353 43.234503742183016 0
    endloop
  endfacet
  facet normal 0 0 -1
    outer loop
      vertex 38.78321674359317 38.93118108490179 0
      vertex 38.74677574631353 43.234503742183016 0
      vertex 40.04357151774863 48.36008542641559 0
    endloop
  endfacet
  facet normal 0 0 -1
    outer loop
      vertex 40.20444008554699 41.52465418655708 0
      vertex 40.04357151774863 48.36008542641559 0
      vertex 40.283365231738905 43.076734752869264 0
    endloop
  endfacet
  facet normal -0.31223659794952646 -0.9500043720430479 -1.8073476237704342e-19
    outer loop
      vertex 33.38528415592187 38.72539016515252 0
      vertex 34.13942081964337 38.47752913082589 0
      vertex 34.13942081964337 38.47752913082589 5.6
    endloop
  endfacet
  facet normal -0.19768500977675452 -0.98026559508613 9.701199256846724e-19
    outer loop
      vertex 34.13942081964337 38.47752913082589 0
      vertex 34.91757958100717 38.320601943827604 0
      vertex 34.91757958100717 38.320601943827604 5.6
    endloop
  endfacet
  facet normal -0.08035835739762093 -0.9967660379428847 5.917621634921703e-19
    outer loop
      vertex 34.91757958100717 38.320601943827604 0
      vertex 35.708836796748784 38.25681151787445 0
      vertex 35.708836796748784 38.25681151787445 5.6
    endloop
  endfacet
  facet normal 0.03809635017170476 -0.9992740705650252 -3.5593798528483963e-19
    outer loop
      vertex 35.708836796748784 38.25681151787445 0
      vertex 36.50208495001639 38.2870533307165 0
      vertex 36.50208495001639 38.2870533307165 5.6
    endloop
  endfacet
  facet normal 0.15601626849284372 -0.9877544856722084 8.463538603677069e-19
    outer loop
      vertex 36.50208495001639 38.2870533307165 0
      vertex 37.28618857555952 38.41090285359232 0
      vertex 37.28618857555952 38.41090285359232 5.6
    endloop
  endfacet
  facet normal 0.27174606039619986 -0.9623689929850945 -1.006582172135518e-18
    outer loop
      vertex 37.28618857555952 38.41090285359232 0
      vertex 38.05014057725189 38.626621510682206 0
      vertex 38.05014057725189 38.626621510682206 5.6
    endloop
  endfacet
  facet normal 0.38366113328634566 -0.9234739491753068 6.346220911048517e-19
    outer loop
      vertex 38.05014057725189 38.626621510682206 0
      vertex 38.78321674359317 38.93118108490179 0
      vertex 38.78321674359317 38.93118108490179 5.6
    endloop
  endfacet
  facet normal 0.4901904448606941 -0.8716153553989712 1.2042406178398931e-18
    outer loop
      vertex 38.78321674359317 38.93118108490179 0
      vertex 39.475126292130724 39.320306227431814 0
      vertex 39.475126292130724 39.320306227431814 5.6
    endloop
  endfacet
  facet normal 0.5898385570999108 -0.8075211926372554 2.5793099945658858e-18
    outer loop
      vertex 39.475126292130724 39.320306227431814 0
      vertex 40.1161563294875 39.788534474243995 0
      vertex 40.1161563294875 39.788534474243995 5.6
    endloop
  endfacet
  facet normal 0.6812066289395146 -0.7320912024391922 3.8789365256121736e-18
    outer loop
      vertex 40.1161563294875 39.788534474243995 0
      vertex 40.6973081990942 40.32929292712208 0
      vertex 40.6973081990942 40.32929292712208 5.6
    endloop
  endfacet
  facet normal 0.7630120529321575 -0.6463842565225845 -1.856470139005273e-18
    outer loop
      vertex 40.6973081990942 40.32929292712208 0
      vertex 41.01948905537341 40.70960521673066 0
      vertex 41.01948905537341 40.70960521673066 5.6
    endloop
  endfacet
  facet normal -0.19768500977675452 -0.98026559508613 0
    outer loop
      vertex 34.13942081964337 38.47752913082589 0
      vertex 34.91757958100717 38.320601943827604 5.6
      vertex 34.13942081964337 38.47752913082589 5.6
    endloop
  endfacet
  facet normal -0.31223659794952646 -0.9500043720430479 0
    outer loop
      vertex 33.38528415592187 38.72539016515252 0
      vertex 34.13942081964337 38.47752913082589 5.6
      vertex 33.38528415592187 38.72539016515252 5.6
    endloop
  endfacet
  facet normal -0.08035835739762093 -0.9967660379428847 0
    outer loop
      vertex 34.91757958100717 38.320601943827604 0
      vertex 35.708836796748784 38.25681151787445 5.6
      vertex 34.91757958100717 38.320601943827604 5.6
    endloop
  endfacet
  facet normal 0.03809635017170476 -0.9992740705650252 0
    outer loop
      vertex 35.708836796748784 38.25681151787445 0
      vertex 36.50208495001639 38.2870533307165 5.6
      vertex 35.708836796748784 38.25681151787445 5.6
    endloop
  endfacet
  facet normal 0.15601626849284372 -0.9877544856722084 0
    outer loop
      vertex 36.50208495001639 38.2870533307165 0
      vertex 37.28618857555952 38.41090285359232 5.6
      vertex 36.50208495001639 38.2870533307165 5.6
    endloop
  endfacet
  facet normal 0.27174606039619986 -0.9623689929850945 0
    outer loop
      vertex 37.28618857555952 38.41090285359232 0
      vertex 38.05014057725189 38.626621510682206 5.6
      vertex 37.28618857555952 38.41090285359232 5.6
    endloop
  endfacet
  facet normal 0.38366113328634566 -0.9234739491753068 0
    outer loop
      vertex 38.05014057725189 38.626621510682206 0
      vertex 38.78321674359317 38.93118108490179 5.6
      vertex 38.05014057725189 38.626621510682206 5.6
    endloop
  endfacet
  facet normal 0.4901904448606941 -0.8716153553989712 0
    outer loop
      vertex 38.78321674359317 38.93118108490179 0
      vertex 39.475126292130724 39.320306227431814 5.6
      vertex 38.78321674359317 38.93118108490179 5.6
    endloop
  endfacet
  facet normal 0.5898385570999108 -0.8075211926372554 0
    outer loop
      vertex 39.475126292130724 39.320306227431814 0
      vertex 40.1161563294875 39.788534474243995 5.6
      vertex 39.475126292130724 39.320306227431814 5.6
    endloop
  endfacet
  facet normal 0.6812066289395146 -0.7320912024391922 0
    outer loop
      vertex 40.1161563294875 39.788534474243995 0
      vertex 40.6973081990942 40.32929292712208 5.6
      vertex 40.1161563294875 39.788534474243995 5.6
    endloop
  endfacet
  facet normal 0.7630120529321575 -0.6463842565225845 0
    outer loop
      vertex 40.6973081990942 40.32929292712208 0
      vertex 41.01948905537341 40.70960521673066 5.6
      vertex 40.6973081990942 40.32929292712208 5.6
    endloop
  endfacet
  facet normal 0 0 1
    outer loop
      vertex 33.38528415592187 38.72539016515252 5.6
      vertex 34.13942081964337 38.47752913082589 5.6
      vertex 33.97398758250495 46.76118227487196 5.6
    endloop
  endfacet
  facet normal 0 0 1
    outer loop
      vertex 34.13942081964337 38.47752913082589 5.6
      vertex 34.91757958100717 38.320601943827604 5.6
      vertex 33.97398758250495 46.76118227487196 5.6
    endloop
  endfacet
  facet normal 0 0 1
    outer loop
      vertex 34.91757958100717 38.320601943827604 5.6
      vertex 35.708836796748784 38.25681151787445 5.6
      vertex 35.58523327382305 45.54702155846852 5.6
    endloop
  endfacet
  facet normal 0 0 1
    outer loop
      vertex 35.708836796748784 38.25681151787445 5.6
      vertex 36.50208495001639 38.2870533307165 5.6
      vertex 35.58523327382305 45.54702155846852 5.6
    endloop
  endfacet
  facet normal 0 0 1
    outer loop
      vertex 36.50208495001639 38.2870533307165 5.6
      vertex 37.153123839881964 44.277368812276926 5.6
      vertex 35.58523327382305 45.54702155846852 5.6
    endloop
  endfacet
  facet normal 0 0 1
    outer loop
      vertex 36.50208495001639 38.2870533307165 5.6
      vertex 37.28618857555952 38.41090285359232 5.6
      vertex 37.153123839881964 44.277368812276926 5.6
    endloop
  endfacet
  facet normal 0 0 1
    outer loop
      vertex 37.28618857555952 38.41090285359232 5.6
      vertex 38.05014057725189 38.626621510682206 5.6
      vertex 37.153123839881964 44.277368812276926 5.6
    endloop
  endfacet
  facet normal 0 0 1
    outer loop
      vertex 34.91757958100717 38.320601943827604 5.6
      vertex 35.58523327382305 45.54702155846852 5.6
      vertex 33.97398758250495 46.76118227487196 5.6
    endloop
  endfacet
  facet normal 0 0 1
    outer loop
      vertex 38.05014057725189 38.626621510682206 5.6
      vertex 38.78321674359317 38.93118108490179 5.6
      vertex 38.675749047542006 42.953770912593384 5.6
    endloop
  endfacet
  facet normal 0 0 1
    outer loop
      vertex 38.05014057725189 38.626621510682206 5.6
      vertex 38.675749047542006 42.953770912593384 5.6
      vertex 37.153123839881964 44.277368812276926 5.6
    endloop
  endfacet
  facet normal 0 0 1
    outer loop
      vertex 38.78321674359317 38.93118108490179 5.6
      vertex 39.475126292130724 39.320306227431814 5.6
      vertex 38.675749047542006 42.953770912593384 5.6
    endloop
  endfacet
  facet normal 0 0 1
    outer loop
      vertex 39.475126292130724 39.320306227431814 5.6
      vertex 40.1161563294875 39.788534474243995 5.6
      vertex 38.675749047542006 42.953770912593384 5.6
    endloop
  endfacet
  facet normal 0 0 1
    outer loop
      vertex 40.1161563294875 39.788534474243995 5.6
      vertex 40.15125381253004 41.577840459574034 5.6
      vertex 38.675749047542006 42.953770912593384 5.6
    endloop
  endfacet
  facet normal 0 0 1
    outer loop
      vertex 40.1161563294875 39.788534474243995 5.6
      vertex 40.6973081990942 40.32929292712208 5.6
      vertex 40.15125381253004 41.577840459574034 5.6
    endloop
  endfacet
  facet normal 0 0 1
    outer loop
      vertex 40.6973081990942 40.32929292712208 5.6
      vertex 41.01948905537341 40.70960521673066 5.6
      vertex 40.15125381253004 41.577840459574034 5.6
    endloop
  endfacet
  facet normal -0.10565126529239817 -0.9944032432278743 7.342057388823457e-19
    outer loop
      vertex 11.693642637363604 49.449488637853705 0
      vertex 12.4830242089757 49.3656200841183 0
      vertex 12.4830242089757 49.3656200841183 5.6
    endloop
  endfacet
  facet normal 0.012701515545776676 -0.9999193324977973 -1.710688415245546e-19
    outer loop
      vertex 12.4830242089757 49.3656200841183 0
      vertex 13.27678458691882 49.37570285725049 0
      vertex 13.27678458691882 49.37570285725049 5.6
    endloop
  endfacet
  facet normal 0.13087599494778313 -0.991398746189659 5.315444985348311e-19
    outer loop
      vertex 13.27678458691882 49.37570285725049 0
      vertex 14.063781115430864 49.47959541721723 0
      vertex 14.063781115430864 49.47959541721723 5.6
    endloop
  endfacet
  facet normal -0.10565126529239817 -0.9944032432278743 0
    outer loop
      vertex 11.693642637363604 49.449488637853705 0
      vertex 12.4830242089757 49.3656200841183 5.6
      vertex 11.693642637363604 49.449488637853705 5.6
    endloop
  endfacet
  facet normal 0.012701515545776676 -0.9999193324977973 0
    outer loop
      vertex 12.4830242089757 49.3656200841183 0
      vertex 13.27678458691882 49.37570285725049 5.6
      vertex 12.4830242089757 49.3656200841183 5.6
    endloop
  endfacet
  facet normal 0.13087599494778313 -0.991398746189659 0
    outer loop
      vertex 13.27678458691882 49.37570285725049 0
      vertex 14.063781115430864 49.47959541721723 5.6
      vertex 13.27678458691882 49.37570285725049 5.6
    endloop
  endfacet
  facet normal 0 0 -1
    outer loop
      vertex 7.175345951970226 52.410066484568475 0
      vertex 6.783294793916577 53.100322299013555 0
      vertex 7.932809485505423 57.25117205151129 0
    endloop
  endfacet
  facet normal 0 0 -1
    outer loop
      vertex 6.783294793916577 53.100322299013555 0
      vertex 6.475634149220428 53.83210240779733 0
      vertex 7.932809485505423 57.25117205151129 0
    endloop
  endfacet
  facet normal 0 0 -1
    outer loop
      vertex 6.475634149220428 53.83210240779733 0
      vertex 6.256682898932861 54.59513422227426 0
      vertex 7.932809485505423 57.25117205151129 0
    endloop
  endfacet
  facet normal 0 0 -1
    outer loop
      vertex 7.646284084509034 51.77102464303749 0
      vertex 7.175345951970226 52.410066484568475 0
      vertex 7.932809485505423 57.25117205151129 0
    endloop
  endfacet
  facet normal 0 0 -1
    outer loop
      vertex 8.189498252461279 51.192167521078716 0
      vertex 7.646284084509034 51.77102464303749 0
      vertex 7.932809485505423 57.25117205151129 0
    endloop
  endfacet
  facet normal 0 0 -1
    outer loop
      vertex 8.189498252461279 51.192167521078716 0
      vertex 7.932809485505423 57.25117205151129 0
      vertex 8.291227876583713 57.198369830505925 0
    endloop
  endfacet
  facet normal 0 0 -1
    outer loop
      vertex 6.256682898932861 54.59513422227426 0
      vertex 6.129514638660851 55.37870644835545 0
      vertex 6.156354250862234 56.96333965799029 0
    endloop
  endfacet
  facet normal 0 0 -1
    outer loop
      vertex 6.129514638660851 55.37870644835545 0
      vertex 6.095914532022353 56.17181944959823 0
      vertex 6.156354250862234 56.96333965799029 0
    endloop
  endfacet
  facet normal 0 0 -1
    outer loop
      vertex 6.256682898932861 54.59513422227426 0
      vertex 6.156354250862234 56.96333965799029 0
      vertex 6.305054518987128 57.45103523033276 0
    endloop
  endfacet
  facet normal 0 0 -1
    outer loop
      vertex 6.156354250862234 56.96333965799029 0
      vertex 6.253799650353951 57.45732853687202 0
      vertex 6.305054518987128 57.45103523033276 0
    endloop
  endfacet
  facet normal 0 0 -1
    outer loop
      vertex 6.256682898932861 54.59513422227426 0
      vertex 6.305054518987128 57.45103523033276 0
      vertex 7.932809485505423 57.25117205151129 0
    endloop
  endfacet
  facet normal 0 0 -1
    outer loop
      vertex 7.932809485505423 57.25117205151129 0
      vertex 8.018081298419261 57.682973921931826 0
      vertex 8.291227876583713 57.198369830505925 0
    endloop
  endfacet
  facet normal 0 0 -1
    outer loop
      vertex 10.172123636394751 49.89306805977436 0
      vertex 9.46134499860081 50.24655204521392 0
      vertex 9.873250951124371 56.9478019912643 0
    endloop
  endfacet
  facet normal 0 0 -1
    outer loop
      vertex 8.189498252461279 51.192167521078716 0
      vertex 9.873250951124371 56.9478019912643 0
      vertex 8.797362919649046 50.68162100381398 0
    endloop
  endfacet
  facet normal 0 0 -1
    outer loop
      vertex 8.797362919649046 50.68162100381398 0
      vertex 9.873250951124371 56.9478019912643 0
      vertex 9.46134499860081 50.24655204521392 0
    endloop
  endfacet
  facet normal 0 0 -1
    outer loop
      vertex 8.189498252461279 51.192167521078716 0
      vertex 8.291227876583713 57.198369830505925 0
      vertex 9.873250951124371 56.9478019912643 0
    endloop
  endfacet
  facet normal 0 0 -1
    outer loop
      vertex 10.172123636394751 49.89306805977436 0
      vertex 9.873250951124371 56.9478019912643 0
      vertex 10.290339260885387 56.872617654605264 0
    endloop
  endfacet
  facet normal 0 0 -1
    outer loop
      vertex 10.172123636394751 49.89306805977436 0
      vertex 11.814353839504294 56.57637922968293 0
      vertex 10.919721059002233 49.62613118780442 0
    endloop
  endfacet
  facet normal 0 0 -1
    outer loop
      vertex 10.919721059002233 49.62613118780442 0
      vertex 11.814353839504294 56.57637922968293 0
      vertex 11.693642637363604 49.449488637853705 0
    endloop
  endfacet
  facet normal 0 0 -1
    outer loop
      vertex 11.693642637363604 49.449488637853705 0
      vertex 12.180812047702783 56.49918060575706 0
      vertex 12.4830242089757 49.3656200841183 0
    endloop
  endfacet
  facet normal 0 0 -1
    outer loop
      vertex 10.172123636394751 49.89306805977436 0
      vertex 10.290339260885387 56.872617654605264 0
      vertex 11.814353839504294 56.57637922968293 0
    endloop
  endfacet
  facet normal 0 0 -1
    outer loop
      vertex 11.693642637363604 49.449488637853705 0
      vertex 11.814353839504294 56.57637922968293 0
      vertex 12.180812047702783 56.49918060575706 0
    endloop
  endfacet
  facet normal 0 0 -1
    outer loop
      vertex 9.873250951124371 56.9478019912643 0
      vertex 10.001986674097592 57.4019333206438 0
      vertex 10.290339260885387 56.872617654605264 0
    endloop
  endfacet
  facet normal 0 0 -1
    outer loop
      vertex 11.814353839504294 56.57637922968293 0
      vertex 11.987491834620089 56.88157552835061 0
      vertex 12.180812047702783 56.49918060575706 0
    endloop
  endfacet
  facet normal 0 0 -1
    outer loop
      vertex 12.4830242089757 49.3656200841183 0
      vertex 13.782058806192397 56.1295036630789 0
      vertex 13.27678458691882 49.37570285725049 0
    endloop
  endfacet
  facet normal 0 0 -1
    outer loop
      vertex 13.27678458691882 49.37570285725049 0
      vertex 13.782058806192397 56.1295036630789 0
      vertex 14.063781115430864 49.47959541721723 0
    endloop
  endfacet
  facet normal 0 0 -1
    outer loop
      vertex 14.063781115430864 49.47959541721723 0
      vertex 14.174757507112306 56.03173463682896 0
      vertex 14.832966088369178 49.67583934021188 0
    endloop
  endfacet
  facet normal 0 0 -1
    outer loop
      vertex 12.4830242089757 49.3656200841183 0
      vertex 12.180812047702783 56.49918060575706 0
      vertex 13.782058806192397 56.1295036630789 0
    endloop
  endfacet
  facet normal 0 0 -1
    outer loop
      vertex 14.063781115430864 49.47959541721723 0
      vertex 13.782058806192397 56.1295036630789 0
      vertex 14.174757507112306 56.03173463682896 0
    endloop
  endfacet
  facet normal 0 0 -1
    outer loop
      vertex 14.832966088369178 49.67583934021188 0
      vertex 15.669568948725194 55.631201118211976 0
      vertex 15.57354183478797 49.96167979172759 0
    endloop
  endfacet
  facet normal 0 0 -1
    outer loop
      vertex 15.57354183478797 49.96167979172759 0
      vertex 15.669568948725194 55.631201118211976 0
      vertex 16.27511229456957 50.33310419839505 0
    endloop
  endfacet
  facet normal 0 0 -1
    outer loop
      vertex 14.832966088369178 49.67583934021188 0
      vertex 14.174757507112306 56.03173463682896 0
      vertex 15.669568948725194 55.631201118211976 0
    endloop
  endfacet
  facet normal 0 0 -1
    outer loop
      vertex 16.27511229456957 50.33310419839505 0
      vertex 15.669568948725194 55.631201118211976 0
      vertex 16.055234698710407 55.52320022499836 0
    endloop
  endfacet
  facet normal 0 0 -1
    outer loop
      vertex 16.27511229456957 50.33310419839505 0
      vertex 16.055234698710407 55.52320022499836 0
      vertex 17.585951184249797 55.0552132307544 0
    endloop
  endfacet
  facet normal 0 0 -1
    outer loop
      vertex 15.669568948725194 55.631201118211976 0
      vertex 16.04998378605238 55.64714528095546 0
      vertex 16.055234698710407 55.52320022499836 0
    endloop
  endfacet
  facet normal 0 0 -1
    outer loop
      vertex 13.782058806192397 56.1295036630789 0
      vertex 14.176749939528806 56.14936951737235 0
      vertex 14.174757507112306 56.03173463682896 0
    endloop
  endfacet
  facet normal 0 0 -1
    outer loop
      vertex 13.782058806192397 56.1295036630789 0
      vertex 13.946806323604106 56.44562523805872 0
      vertex 14.176749939528806 56.14936951737235 0
    endloop
  endfacet
  facet normal 0 0 -1
    outer loop
      vertex 15.669568948725194 55.631201118211976 0
      vertex 15.862174381998104 56.72616170646191 0
      vertex 16.04998378605238 55.64714528095546 0
    endloop
  endfacet
  facet normal -0.9870850687927145 -0.16019696303763664 8.146744848786082e-19
    outer loop
      vertex 6.256682898932861 54.59513422227426 0
      vertex 6.129514638660851 55.37870644835545 5.6
      vertex 6.129514638660851 55.37870644835545 0
    endloop
  endfacet
  facet normal -0.7292004527871373 -0.6843001531893983 3.2272666437319976e-18
    outer loop
      vertex 8.189498252461279 51.192167521078716 0
      vertex 7.646284084509034 51.77102464303749 5.6
      vertex 7.646284084509034 51.77102464303749 0
    endloop
  endfacet
  facet normal -0.8050166138018139 -0.5932522663277917 -5.5076595627938166e-18
    outer loop
      vertex 7.646284084509034 51.77102464303749 0
      vertex 7.175345951970226 52.410066484568475 5.6
      vertex 7.175345951970226 52.410066484568475 0
    endloop
  endfacet
  facet normal -0.9218412738191247 -0.3875676274968453 -8.598498188626169e-19
    outer loop
      vertex 6.783294793916577 53.100322299013555 0
      vertex 6.475634149220428 53.83210240779733 5.6
      vertex 6.475634149220428 53.83210240779733 0
    endloop
  endfacet
  facet normal -0.8695321061768874 -0.49387641807195676 -1.4085923208767288e-18
    outer loop
      vertex 7.175345951970226 52.410066484568475 0
      vertex 6.783294793916577 53.100322299013555 5.6
      vertex 6.783294793916577 53.100322299013555 0
    endloop
  endfacet
  facet normal -0.9612098106779342 -0.275818236990395 2.5115808419483143e-18
    outer loop
      vertex 6.475634149220428 53.83210240779733 0
      vertex 6.256682898932861 54.59513422227426 5.6
      vertex 6.256682898932861 54.59513422227426 0
    endloop
  endfacet
  facet normal -0.9991038162588017 -0.042326874879901014 1.3072016786272633e-19
    outer loop
      vertex 6.129514638660851 55.37870644835545 0
      vertex 6.095914532022353 56.17181944959823 5.6
      vertex 6.095914532022353 56.17181944959823 0
    endloop
  endfacet
  facet normal -0.9970973362071897 0.07613738981949925 -5.829285459261866e-19
    outer loop
      vertex 6.095914532022353 56.17181944959823 0
      vertex 6.156354250862234 56.96333965799029 5.6
      vertex 6.156354250862234 56.96333965799029 0
    endloop
  endfacet
  facet normal -0.9810937952195462 0.19353285246104135 0
    outer loop
      vertex 6.156354250862234 56.96333965799029 0
      vertex 6.156354250862234 56.96333965799029 5.6
      vertex 6.253799650353951 57.45732853687202 0
    endloop
  endfacet
  facet normal -0.6431479158424424 -0.7657419659046529 2.3951685855198423e-18
    outer loop
      vertex 8.189498252461279 51.192167521078716 0
      vertex 8.797362919649046 50.68162100381398 0
      vertex 8.797362919649046 50.68162100381398 5.6
    endloop
  endfacet
  facet normal -0.5480669919569323 -0.836434439945702 -4.252274916112859e-18
    outer loop
      vertex 8.797362919649046 50.68162100381398 0
      vertex 9.46134499860081 50.24655204521392 0
      vertex 9.46134499860081 50.24655204521392 5.6
    endloop
  endfacet
  facet normal -0.4452924088820069 -0.8953852079368185 0
    outer loop
      vertex 10.172123636394751 49.89306805977436 0
      vertex 10.172123636394751 49.89306805977436 5.6
      vertex 9.46134499860081 50.24655204521392 0
    endloop
  endfacet
  facet normal -0.33626689647937696 -0.9417667303170822 1.6625256230084384e-18
    outer loop
      vertex 10.172123636394751 49.89306805977436 0
      vertex 10.919721059002233 49.62613118780442 0
      vertex 10.919721059002233 49.62613118780442 5.6
    endloop
  endfacet
  facet normal -0.22252093395632114 -0.9749279121818221 -6.691208894917411e-19
    outer loop
      vertex 10.919721059002233 49.62613118780442 0
      vertex 11.693642637363604 49.449488637853705 0
      vertex 11.693642637363604 49.449488637853705 5.6
    endloop
  endfacet
  facet normal 0.2472132622644177 -0.9689610946578734 6.968263572468448e-19
    outer loop
      vertex 14.063781115430864 49.47959541721723 0
      vertex 14.832966088369178 49.67583934021188 0
      vertex 14.832966088369178 49.67583934021188 5.6
    endloop
  endfacet
  facet normal 0.36008019727703705 -0.9329213533459989 -1.6201836589007435e-18
    outer loop
      vertex 14.832966088369178 49.67583934021188 0
      vertex 15.57354183478797 49.96167979172759 0
      vertex 15.57354183478797 49.96167979172759 5.6
    endloop
  endfacet
  facet normal 0.46789239562538265 -0.8837854412219861 -4.851448137835289e-19
    outer loop
      vertex 15.57354183478797 49.96167979172759 0
      vertex 16.27511229456957 50.33310419839505 0
      vertex 16.27511229456957 50.33310419839505 5.6
    endloop
  endfacet
  facet normal 0 0 -1
    outer loop
      vertex 16.27511229456957 50.33310419839505 0
      vertex 17.585951184249797 55.0552132307544 0
      vertex 16.927828956320063 50.78489857571701 0
    endloop
  endfacet
  facet normal 0 0 -1
    outer loop
      vertex 16.927828956320063 50.78489857571701 0
      vertex 17.585951184249797 55.0552132307544 0
      vertex 17.52252910888104 51.31072072098136 0
    endloop
  endfacet
  facet normal 0 0 -1
    outer loop
      vertex 17.52252910888104 51.31072072098136 0
      vertex 17.585951184249797 55.0552132307544 0
      vertex 18.05086446570936 51.90318924388493 0
    endloop
  endfacet
  facet normal 0 0 -1
    outer loop
      vertex 18.05086446570936 51.90318924388493 0
      vertex 17.585951184249797 55.0552132307544 0
      vertex 17.92177826280443 54.95020176996015 0
    endloop
  endfacet
  facet normal 0 0 -1
    outer loop
      vertex 18.05086446570936 51.90318924388493 0
      vertex 17.92177826280443 54.95020176996015 0
      vertex 18.739428046342738 54.6686623714876 0
    endloop
  endfacet
  facet normal 0 0 -1
    outer loop
      vertex 18.05086446570936 51.90318924388493 0
      vertex 19.2945034423556 54.477534585182674 0
      vertex 18.505418356520526 52.55398718507319 0
    endloop
  endfacet
  facet normal 0 0 -1
    outer loop
      vertex 18.05086446570936 51.90318924388493 0
      vertex 18.739428046342738 54.6686623714876 0
      vertex 19.2945034423556 54.477534585182674 0
    endloop
  endfacet
  facet normal 0 0 -1
    outer loop
      vertex 17.585951184249797 55.0552132307544 0
      vertex 17.915208675802425 55.1052734463731 0
      vertex 17.92177826280443 54.95020176996015 0
    endloop
  endfacet
  facet normal 0 0 -1
    outer loop
      vertex 18.505418356520526 52.55398718507319 0
      vertex 19.2945034423556 54.477534585182674 0
      vertex 18.87980984108198 53.25397876801853 0
    endloop
  endfacet
  facet normal 0 0 -1
    outer loop
      vertex 18.87980984108198 53.25397876801853 0
      vertex 19.2945034423556 54.477534585182674 0
      vertex 19.168783283626727 53.99333764529687 0
    endloop
  endfacet
  facet normal 0.5691364103719511 -0.822243118784785 -1.5717432504718104e-19
    outer loop
      vertex 16.27511229456957 50.33310419839505 0
      vertex 16.927828956320063 50.78489857571701 0
      vertex 16.927828956320063 50.78489857571701 5.6
    endloop
  endfacet
  facet normal 0.6623909974792912 -0.7491583053389915 4.4799565544655335e-18
    outer loop
      vertex 16.927828956320063 50.78489857571701 0
      vertex 17.52252910888104 51.31072072098136 0
      vertex 17.52252910888104 51.31072072098136 5.6
    endloop
  endfacet
  facet normal 0.746347066960988 -0.6655569514615037 0
    outer loop
      vertex 17.52252910888104 51.31072072098136 0
      vertex 18.05086446570936 51.90318924388493 0
      vertex 17.52252910888104 51.31072072098136 5.6
    endloop
  endfacet
  facet normal 0.8198260596355103 -0.5726126369043149 0
    outer loop
      vertex 18.05086446570936 51.90318924388493 0
      vertex 18.505418356520526 52.55398718507319 0
      vertex 18.05086446570936 51.90318924388493 5.6
    endloop
  endfacet
  facet normal 0.8817964915136267 -0.47163009610738177 0
    outer loop
      vertex 18.505418356520526 52.55398718507319 0
      vertex 18.87980984108198 53.25397876801853 0
      vertex 18.505418356520526 52.55398718507319 5.6
    endloop
  endfacet
  facet normal 0.9313884335726444 -0.3640269025870145 0
    outer loop
      vertex 18.87980984108198 53.25397876801853 0
      vertex 19.168783283626727 53.99333764529687 0
      vertex 18.87980984108198 53.25397876801853 5.6
    endloop
  endfacet
  facet normal 0.9679057236529267 -0.25131356931113813 -5.549434695073591e-19
    outer loop
      vertex 19.168783283626727 53.99333764529687 0
      vertex 19.2945034423556 54.477534585182674 0
      vertex 19.2945034423556 54.477534585182674 5.6
    endloop
  endfacet
  facet normal -0.9870850687927145 -0.16019696303763664 0
    outer loop
      vertex 6.256682898932861 54.59513422227426 0
      vertex 6.256682898932861 54.59513422227426 5.6
      vertex 6.129514638660851 55.37870644835545 5.6
    endloop
  endfacet
  facet normal -0.8050166138018139 -0.5932522663277917 0
    outer loop
      vertex 7.646284084509034 51.77102464303749 0
      vertex 7.646284084509034 51.77102464303749 5.6
      vertex 7.175345951970226 52.410066484568475 5.6
    endloop
  endfacet
  facet normal -0.7292004527871373 -0.6843001531893983 0
    outer loop
      vertex 8.189498252461279 51.192167521078716 0
      vertex 8.189498252461279 51.192167521078716 5.6
      vertex 7.646284084509034 51.77102464303749 5.6
    endloop
  endfacet
  facet normal -0.9218412738191247 -0.3875676274968453 0
    outer loop
      vertex 6.783294793916577 53.100322299013555 0
      vertex 6.783294793916577 53.100322299013555 5.6
      vertex 6.475634149220428 53.83210240779733 5.6
    endloop
  endfacet
  facet normal -0.8695321061768874 -0.49387641807195676 0
    outer loop
      vertex 7.175345951970226 52.410066484568475 0
      vertex 7.175345951970226 52.410066484568475 5.6
      vertex 6.783294793916577 53.100322299013555 5.6
    endloop
  endfacet
  facet normal -0.9612098106779342 -0.275818236990395 0
    outer loop
      vertex 6.475634149220428 53.83210240779733 0
      vertex 6.475634149220428 53.83210240779733 5.6
      vertex 6.256682898932861 54.59513422227426 5.6
    endloop
  endfacet
  facet normal -0.9991038162588017 -0.042326874879901014 0
    outer loop
      vertex 6.129514638660851 55.37870644835545 0
      vertex 6.129514638660851 55.37870644835545 5.6
      vertex 6.095914532022353 56.17181944959823 5.6
    endloop
  endfacet
  facet normal -0.9970973362071897 0.07613738981949925 0
    outer loop
      vertex 6.095914532022353 56.17181944959823 0
      vertex 6.095914532022353 56.17181944959823 5.6
      vertex 6.156354250862234 56.96333965799029 5.6
    endloop
  endfacet
  facet normal -0.9810937952195462 0.19353285246104135 6.017846081245814e-20
    outer loop
      vertex 6.156354250862234 56.96333965799029 5.6
      vertex 6.253799650353951 57.45732853687202 5.6
      vertex 6.253799650353951 57.45732853687202 0
    endloop
  endfacet
  facet normal -0.5480669919569323 -0.836434439945702 0
    outer loop
      vertex 8.797362919649046 50.68162100381398 0
      vertex 9.46134499860081 50.24655204521392 5.6
      vertex 8.797362919649046 50.68162100381398 5.6
    endloop
  endfacet
  facet normal -0.6431479158424424 -0.7657419659046529 0
    outer loop
      vertex 8.189498252461279 51.192167521078716 0
      vertex 8.797362919649046 50.68162100381398 5.6
      vertex 8.189498252461279 51.192167521078716 5.6
    endloop
  endfacet
  facet normal -0.4452924088820069 -0.8953852079368185 -3.3349464882888062e-18
    outer loop
      vertex 10.172123636394751 49.89306805977436 5.6
      vertex 9.46134499860081 50.24655204521392 5.6
      vertex 9.46134499860081 50.24655204521392 0
    endloop
  endfacet
  facet normal -0.33626689647937696 -0.9417667303170822 0
    outer loop
      vertex 10.172123636394751 49.89306805977436 0
      vertex 10.919721059002233 49.62613118780442 5.6
      vertex 10.172123636394751 49.89306805977436 5.6
    endloop
  endfacet
  facet normal -0.22252093395632114 -0.9749279121818221 0
    outer loop
      vertex 10.919721059002233 49.62613118780442 0
      vertex 11.693642637363604 49.449488637853705 5.6
      vertex 10.919721059002233 49.62613118780442 5.6
    endloop
  endfacet
  facet normal 0.2472132622644177 -0.9689610946578734 0
    outer loop
      vertex 14.063781115430864 49.47959541721723 0
      vertex 14.832966088369178 49.67583934021188 5.6
      vertex 14.063781115430864 49.47959541721723 5.6
    endloop
  endfacet
  facet normal 0.36008019727703705 -0.9329213533459989 0
    outer loop
      vertex 14.832966088369178 49.67583934021188 0
      vertex 15.57354183478797 49.96167979172759 5.6
      vertex 14.832966088369178 49.67583934021188 5.6
    endloop
  endfacet
  facet normal 0.46789239562538265 -0.8837854412219861 0
    outer loop
      vertex 15.57354183478797 49.96167979172759 0
      vertex 16.27511229456957 50.33310419839505 5.6
      vertex 15.57354183478797 49.96167979172759 5.6
    endloop
  endfacet
  facet normal 0.5691364103719511 -0.822243118784785 0
    outer loop
      vertex 16.27511229456957 50.33310419839505 0
      vertex 16.927828956320063 50.78489857571701 5.6
      vertex 16.27511229456957 50.33310419839505 5.6
    endloop
  endfacet
  facet normal 0 0 1
    outer loop
      vertex 7.646284084509034 51.77102464303749 5.6
      vertex 6.253799650353951 57.45732853687202 5.6
      vertex 7.175345951970226 52.410066484568475 5.6
    endloop
  endfacet
  facet normal 0 0 1
    outer loop
      vertex 6.783294793916577 53.100322299013555 5.6
      vertex 6.253799650353951 57.45732853687202 5.6
      vertex 6.475634149220428 53.83210240779733 5.6
    endloop
  endfacet
  facet normal 0 0 1
    outer loop
      vertex 7.175345951970226 52.410066484568475 5.6
      vertex 6.253799650353951 57.45732853687202 5.6
      vertex 6.783294793916577 53.100322299013555 5.6
    endloop
  endfacet
  facet normal 0 0 1
    outer loop
      vertex 6.475634149220428 53.83210240779733 5.6
      vertex 6.253799650353951 57.45732853687202 5.6
      vertex 6.256682898932861 54.59513422227426 5.6
    endloop
  endfacet
  facet normal 0 0 1
    outer loop
      vertex 8.189498252461279 51.192167521078716 5.6
      vertex 6.253799650353951 57.45732853687202 5.6
      vertex 7.646284084509034 51.77102464303749 5.6
    endloop
  endfacet
  facet normal 0 0 1
    outer loop
      vertex 8.189498252461279 51.192167521078716 5.6
      vertex 8.797362919649046 50.68162100381398 5.6
      vertex 8.044205235491782 57.23749437326276 5.6
    endloop
  endfacet
  facet normal 0 0 1
    outer loop
      vertex 8.189498252461279 51.192167521078716 5.6
      vertex 8.044205235491782 57.23749437326276 5.6
      vertex 6.253799650353951 57.45732853687202 5.6
    endloop
  endfacet
  facet normal 0 0 1
    outer loop
      vertex 6.256682898932861 54.59513422227426 5.6
      vertex 6.156354250862234 56.96333965799029 5.6
      vertex 6.129514638660851 55.37870644835545 5.6
    endloop
  endfacet
  facet normal 0 0 1
    outer loop
      vertex 6.129514638660851 55.37870644835545 5.6
      vertex 6.156354250862234 56.96333965799029 5.6
      vertex 6.095914532022353 56.17181944959823 5.6
    endloop
  endfacet
  facet normal 0 0 1
    outer loop
      vertex 6.256682898932861 54.59513422227426 5.6
      vertex 6.253799650353951 57.45732853687202 5.6
      vertex 6.156354250862234 56.96333965799029 5.6
    endloop
  endfacet
  facet normal 0 0 1
    outer loop
      vertex 10.172123636394751 49.89306805977436 5.6
      vertex 8.044205235491782 57.23749437326276 5.6
      vertex 9.46134499860081 50.24655204521392 5.6
    endloop
  endfacet
  facet normal 0 0 1
    outer loop
      vertex 10.172123636394751 49.89306805977436 5.6
      vertex 10.919721059002233 49.62613118780442 5.6
      vertex 10.036864669148573 56.92188812410562 5.6
    endloop
  endfacet
  facet normal 0 0 1
    outer loop
      vertex 8.797362919649046 50.68162100381398 5.6
      vertex 9.46134499860081 50.24655204521392 5.6
      vertex 8.044205235491782 57.23749437326276 5.6
    endloop
  endfacet
  facet normal 0 0 1
    outer loop
      vertex 10.172123636394751 49.89306805977436 5.6
      vertex 10.036864669148573 56.92188812410562 5.6
      vertex 8.044205235491782 57.23749437326276 5.6
    endloop
  endfacet
  facet normal 0 0 1
    outer loop
      vertex 10.919721059002233 49.62613118780442 5.6
      vertex 11.693642637363604 49.449488637853705 5.6
      vertex 10.036864669148573 56.92188812410562 5.6
    endloop
  endfacet
  facet normal 0 0 1
    outer loop
      vertex 11.693642637363604 49.449488637853705 5.6
      vertex 12.4830242089757 49.3656200841183 5.6
      vertex 12.01729572926649 56.53693132241396 5.6
    endloop
  endfacet
  facet normal 0 0 1
    outer loop
      vertex 11.693642637363604 49.449488637853705 5.6
      vertex 12.01729572926649 56.53693132241396 5.6
      vertex 10.036864669148573 56.92188812410562 5.6
    endloop
  endfacet
  facet normal 0 0 1
    outer loop
      vertex 12.4830242089757 49.3656200841183 5.6
      vertex 13.27678458691882 49.37570285725049 5.6
      vertex 12.01729572926649 56.53693132241396 5.6
    endloop
  endfacet
  facet normal 0 0 1
    outer loop
      vertex 13.27678458691882 49.37570285725049 5.6
      vertex 14.063781115430864 49.47959541721723 5.6
      vertex 12.01729572926649 56.53693132241396 5.6
    endloop
  endfacet
  facet normal 0 0 1
    outer loop
      vertex 14.063781115430864 49.47959541721723 5.6
      vertex 14.832966088369178 49.67583934021188 5.6
      vertex 13.983085565660794 56.083092978752596 5.6
    endloop
  endfacet
  facet normal 0 0 1
    outer loop
      vertex 14.063781115430864 49.47959541721723 5.6
      vertex 13.983085565660794 56.083092978752596 5.6
      vertex 12.01729572926649 56.53693132241396 5.6
    endloop
  endfacet
  facet normal 0 0 1
    outer loop
      vertex 14.832966088369178 49.67583934021188 5.6
      vertex 15.57354183478797 49.96167979172759 5.6
      vertex 13.983085565660794 56.083092978752596 5.6
    endloop
  endfacet
  facet normal 0 0 1
    outer loop
      vertex 15.57354183478797 49.96167979172759 5.6
      vertex 16.27511229456957 50.33310419839505 5.6
      vertex 13.983085565660794 56.083092978752596 5.6
    endloop
  endfacet
  facet normal 0 0 1
    outer loop
      vertex 16.27511229456957 50.33310419839505 5.6
      vertex 16.927828956320063 50.78489857571701 5.6
      vertex 15.93183916622255 55.56092602523483 5.6
    endloop
  endfacet
  facet normal 0 0 1
    outer loop
      vertex 16.27511229456957 50.33310419839505 5.6
      vertex 15.93183916622255 55.56092602523483 5.6
      vertex 13.983085565660794 56.083092978752596 5.6
    endloop
  endfacet
  facet normal 0.6623909974792912 -0.7491583053389915 0
    outer loop
      vertex 16.927828956320063 50.78489857571701 0
      vertex 17.52252910888104 51.31072072098136 5.6
      vertex 16.927828956320063 50.78489857571701 5.6
    endloop
  endfacet
  facet normal 0.746347066960988 -0.6655569514615037 0
    outer loop
      vertex 18.05086446570936 51.90318924388493 0
      vertex 18.05086446570936 51.90318924388493 5.6
      vertex 17.52252910888104 51.31072072098136 5.6
    endloop
  endfacet
  facet normal 0.8198260596355103 -0.5726126369043149 0
    outer loop
      vertex 18.505418356520526 52.55398718507319 0
      vertex 18.505418356520526 52.55398718507319 5.6
      vertex 18.05086446570936 51.90318924388493 5.6
    endloop
  endfacet
  facet normal 0.8817964915136267 -0.47163009610738177 0
    outer loop
      vertex 18.87980984108198 53.25397876801853 0
      vertex 18.87980984108198 53.25397876801853 5.6
      vertex 18.505418356520526 52.55398718507319 5.6
    endloop
  endfacet
  facet normal 0.9313884335726444 -0.3640269025870145 0
    outer loop
      vertex 19.168783283626727 53.99333764529687 0
      vertex 19.168783283626727 53.99333764529687 5.6
      vertex 18.87980984108198 53.25397876801853 5.6
    endloop
  endfacet
  facet normal 0.9679057236529267 -0.25131356931113813 0
    outer loop
      vertex 19.168783283626727 53.99333764529687 0
      vertex 19.2945034423556 54.477534585182674 5.6
      vertex 19.168783283626727 53.99333764529687 5.6
    endloop
  endfacet
  facet normal 0 0 1
    outer loop
      vertex 16.927828956320063 50.78489857571701 5.6
      vertex 17.52252910888104 51.31072072098136 5.6
      vertex 15.93183916622255 55.56092602523483 5.6
    endloop
  endfacet
  facet normal 0 0 1
    outer loop
      vertex 17.52252910888104 51.31072072098136 5.6
      vertex 18.05086446570936 51.90318924388493 5.6
      vertex 15.93183916622255 55.56092602523483 5.6
    endloop
  endfacet
  facet normal 0 0 1
    outer loop
      vertex 18.05086446570936 51.90318924388493 5.6
      vertex 17.861182274871958 54.97106664185987 5.6
      vertex 15.93183916622255 55.56092602523483 5.6
    endloop
  endfacet
  facet normal 0 0 1
    outer loop
      vertex 18.05086446570936 51.90318924388493 5.6
      vertex 18.505418356520526 52.55398718507319 5.6
      vertex 17.861182274871958 54.97106664185987 5.6
    endloop
  endfacet
  facet normal 0 0 1
    outer loop
      vertex 18.505418356520526 52.55398718507319 5.6
      vertex 18.87980984108198 53.25397876801853 5.6
      vertex 17.861182274871958 54.97106664185987 5.6
    endloop
  endfacet
  facet normal 0 0 1
    outer loop
      vertex 18.87980984108198 53.25397876801853 5.6
      vertex 19.168783283626727 53.99333764529687 5.6
      vertex 17.861182274871958 54.97106664185987 5.6
    endloop
  endfacet
  facet normal 0 0 1
    outer loop
      vertex 19.168783283626727 53.99333764529687 5.6
      vertex 19.2945034423556 54.477534585182674 5.6
      vertex 17.861182274871958 54.97106664185987 5.6
    endloop
  endfacet
  facet normal -0.13087599494778313 -0.991398746189659 -5.315444985348311e-19
    outer loop
      vertex -14.063781115430864 49.47959541721723 0
      vertex -13.27678458691882 49.37570285725049 0
      vertex -13.27678458691882 49.37570285725049 5.6
    endloop
  endfacet
  facet normal -0.012701515545776676 -0.9999193324977973 1.710688415245546e-19
    outer loop
      vertex -13.27678458691882 49.37570285725049 0
      vertex -12.4830242089757 49.3656200841183 0
      vertex -12.4830242089757 49.3656200841183 5.6
    endloop
  endfacet
  facet normal 0.10565126529239817 -0.9944032432278743 -7.342057388823457e-19
    outer loop
      vertex -12.4830242089757 49.3656200841183 0
      vertex -11.693642637363604 49.449488637853705 0
      vertex -11.693642637363604 49.449488637853705 5.6
    endloop
  endfacet
  facet normal -0.13087599494778313 -0.991398746189659 0
    outer loop
      vertex -14.063781115430864 49.47959541721723 0
      vertex -13.27678458691882 49.37570285725049 5.6
      vertex -14.063781115430864 49.47959541721723 5.6
    endloop
  endfacet
  facet normal -0.012701515545776676 -0.9999193324977973 0
    outer loop
      vertex -13.27678458691882 49.37570285725049 0
      vertex -12.4830242089757 49.3656200841183 5.6
      vertex -13.27678458691882 49.37570285725049 5.6
    endloop
  endfacet
  facet normal 0.10565126529239817 -0.9944032432278743 0
    outer loop
      vertex -12.4830242089757 49.3656200841183 0
      vertex -11.693642637363604 49.449488637853705 5.6
      vertex -12.4830242089757 49.3656200841183 5.6
    endloop
  endfacet
  facet normal 0 0 -1
    outer loop
      vertex -19.168783283626727 53.99333764529686 0
      vertex -19.2945034423556 54.477534585182674 0
      vertex -18.739428046342734 54.6686623714876 0
    endloop
  endfacet
  facet normal 0 0 -1
    outer loop
      vertex -16.927828956320063 50.78489857571701 0
      vertex -17.52252910888104 51.31072072098136 0
      vertex -16.05523469871041 55.52320022499836 0
    endloop
  endfacet
  facet normal 0 0 -1
    outer loop
      vertex -18.87980984108198 53.25397876801853 0
      vertex -19.168783283626727 53.99333764529686 0
      vertex -17.92177826280443 54.95020176996015 0
    endloop
  endfacet
  facet normal 0 0 -1
    outer loop
      vertex -18.87980984108198 53.25397876801853 0
      vertex -17.92177826280443 54.95020176996015 0
      vertex -18.505418356520526 52.55398718507319 0
    endloop
  endfacet
  facet normal 0 0 -1
    outer loop
      vertex -18.050864465709356 51.90318924388493 0
      vertex -18.505418356520526 52.55398718507319 0
      vertex -17.92177826280443 54.95020176996015 0
    endloop
  endfacet
  facet normal 0 0 -1
    outer loop
      vertex -18.050864465709356 51.90318924388493 0
      vertex -17.92177826280443 54.95020176996015 0
      vertex -17.585951184249797 55.0552132307544 0
    endloop
  endfacet
  facet normal 0 0 -1
    outer loop
      vertex -19.168783283626727 53.99333764529686 0
      vertex -18.739428046342734 54.6686623714876 0
      vertex -17.92177826280443 54.95020176996015 0
    endloop
  endfacet
  facet normal 0 0 -1
    outer loop
      vertex -17.92177826280443 54.95020176996015 0
      vertex -17.915208675802425 55.1052734463731 0
      vertex -17.585951184249797 55.0552132307544 0
    endloop
  endfacet
  facet normal 0 0 -1
    outer loop
      vertex -18.050864465709356 51.90318924388493 0
      vertex -17.585951184249797 55.0552132307544 0
      vertex -17.52252910888104 51.31072072098136 0
    endloop
  endfacet
  facet normal 0 0 -1
    outer loop
      vertex -17.52252910888104 51.31072072098136 0
      vertex -17.585951184249797 55.0552132307544 0
      vertex -16.05523469871041 55.52320022499836 0
    endloop
  endfacet
  facet normal -0.9313884335726432 -0.36402690258701753 5.269063169398071e-19
    outer loop
      vertex -18.87980984108198 53.25397876801853 0
      vertex -19.168783283626727 53.99333764529686 5.6
      vertex -19.168783283626727 53.99333764529686 0
    endloop
  endfacet
  facet normal -0.9679057236529276 -0.25131356931113463 0
    outer loop
      vertex -19.168783283626727 53.99333764529686 0
      vertex -19.168783283626727 53.99333764529686 5.6
      vertex -19.2945034423556 54.477534585182674 0
    endloop
  endfacet
  facet normal -0.819826059635508 -0.572612636904318 3.1191626159991563e-18
    outer loop
      vertex -18.050864465709356 51.90318924388493 0
      vertex -18.505418356520526 52.55398718507319 5.6
      vertex -18.505418356520526 52.55398718507319 0
    endloop
  endfacet
  facet normal -0.7463470669609902 -0.6655569514615013 0
    outer loop
      vertex -18.050864465709356 51.90318924388493 0
      vertex -17.52252910888104 51.31072072098136 0
      vertex -18.050864465709356 51.90318924388493 5.6
    endloop
  endfacet
  facet normal -0.6623909974792912 -0.7491583053389915 0
    outer loop
      vertex -16.927828956320063 50.78489857571701 0
      vertex -16.927828956320063 50.78489857571701 5.6
      vertex -17.52252910888104 51.31072072098136 0
    endloop
  endfacet
  facet normal -0.8817964915136267 -0.47163009610738177 0
    outer loop
      vertex -18.87980984108198 53.25397876801853 0
      vertex -18.505418356520526 52.55398718507319 0
      vertex -18.87980984108198 53.25397876801853 5.6
    endloop
  endfacet
  facet normal 0 0 -1
    outer loop
      vertex -16.927828956320063 50.78489857571701 0
      vertex -16.05523469871041 55.52320022499836 0
      vertex -16.27511229456957 50.33310419839505 0
    endloop
  endfacet
  facet normal 0 0 -1
    outer loop
      vertex -15.57354183478797 49.96167979172759 0
      vertex -16.27511229456957 50.33310419839505 0
      vertex -15.669568948725196 55.631201118211976 0
    endloop
  endfacet
  facet normal 0 0 -1
    outer loop
      vertex -15.57354183478797 49.96167979172759 0
      vertex -14.174757507112306 56.03173463682896 0
      vertex -14.832966088369178 49.67583934021188 0
    endloop
  endfacet
  facet normal 0 0 -1
    outer loop
      vertex -16.27511229456957 50.33310419839505 0
      vertex -16.05523469871041 55.52320022499836 0
      vertex -15.669568948725196 55.631201118211976 0
    endloop
  endfacet
  facet normal 0 0 -1
    outer loop
      vertex -15.57354183478797 49.96167979172759 0
      vertex -15.669568948725196 55.631201118211976 0
      vertex -14.174757507112306 56.03173463682896 0
    endloop
  endfacet
  facet normal 0 0 -1
    outer loop
      vertex -14.832966088369178 49.67583934021188 0
      vertex -14.174757507112306 56.03173463682896 0
      vertex -14.063781115430864 49.47959541721723 0
    endloop
  endfacet
  facet normal 0 0 -1
    outer loop
      vertex -14.063781115430864 49.47959541721723 0
      vertex -13.782058806192397 56.1295036630789 0
      vertex -13.27678458691882 49.37570285725049 0
    endloop
  endfacet
  facet normal 0 0 -1
    outer loop
      vertex -13.27678458691882 49.37570285725049 0
      vertex -12.180812047702782 56.49918060575707 0
      vertex -12.4830242089757 49.3656200841183 0
    endloop
  endfacet
  facet normal 0 0 -1
    outer loop
      vertex -14.063781115430864 49.47959541721723 0
      vertex -14.174757507112306 56.03173463682896 0
      vertex -13.782058806192397 56.1295036630789 0
    endloop
  endfacet
  facet normal 0 0 -1
    outer loop
      vertex -13.27678458691882 49.37570285725049 0
      vertex -13.782058806192397 56.1295036630789 0
      vertex -12.180812047702782 56.49918060575707 0
    endloop
  endfacet
  facet normal 0 0 -1
    outer loop
      vertex -16.05523469871041 55.52320022499836 0
      vertex -15.86812815472111 56.13690904090662 0
      vertex -15.669568948725196 55.631201118211976 0
    endloop
  endfacet
  facet normal 0 0 -1
    outer loop
      vertex -14.174757507112306 56.03173463682896 0
      vertex -13.816307432739826 57.79769992271648 0
      vertex -13.782058806192397 56.1295036630789 0
    endloop
  endfacet
  facet normal 0 0 -1
    outer loop
      vertex -12.4830242089757 49.3656200841183 0
      vertex -12.180812047702782 56.49918060575707 0
      vertex -11.693642637363604 49.449488637853705 0
    endloop
  endfacet
  facet normal 0 0 -1
    outer loop
      vertex -11.693642637363604 49.449488637853705 0
      vertex -10.29033926088539 56.872617654605264 0
      vertex -10.919721059002233 49.62613118780442 0
    endloop
  endfacet
  facet normal 0 0 -1
    outer loop
      vertex -10.919721059002233 49.62613118780442 0
      vertex -10.29033926088539 56.872617654605264 0
      vertex -10.172123636394751 49.89306805977436 0
    endloop
  endfacet
  facet normal 0 0 -1
    outer loop
      vertex -11.693642637363604 49.449488637853705 0
      vertex -12.180812047702782 56.49918060575707 0
      vertex -11.814353839503855 56.57637922968301 0
    endloop
  endfacet
  facet normal 0 0 -1
    outer loop
      vertex -11.693642637363604 49.449488637853705 0
      vertex -11.814353839503855 56.57637922968301 0
      vertex -10.29033926088539 56.872617654605264 0
    endloop
  endfacet
  facet normal 0 0 -1
    outer loop
      vertex -10.172123636394751 49.89306805977436 0
      vertex -9.873250951124373 56.9478019912643 0
      vertex -9.46134499860081 50.24655204521392 0
    endloop
  endfacet
  facet normal 0 0 -1
    outer loop
      vertex -10.172123636394751 49.89306805977436 0
      vertex -10.29033926088539 56.872617654605264 0
      vertex -9.873250951124373 56.9478019912643 0
    endloop
  endfacet
  facet normal 0 0 -1
    outer loop
      vertex -9.46134499860081 50.24655204521392 0
      vertex -8.291227876583713 57.198369830505925 0
      vertex -8.797362919649046 50.68162100381398 0
    endloop
  endfacet
  facet normal 0 0 -1
    outer loop
      vertex -8.797362919649046 50.68162100381398 0
      vertex -8.291227876583713 57.198369830505925 0
      vertex -8.189498252461279 51.192167521078716 0
    endloop
  endfacet
  facet normal 0 0 -1
    outer loop
      vertex -9.46134499860081 50.24655204521392 0
      vertex -9.873250951124373 56.9478019912643 0
      vertex -8.291227876583713 57.198369830505925 0
    endloop
  endfacet
  facet normal 0 0 -1
    outer loop
      vertex -11.814353839503855 56.57637922968301 0
      vertex -12.180812047702782 56.49918060575707 0
      vertex -11.988336339957165 56.88306416695306 0
    endloop
  endfacet
  facet normal 0 0 -1
    outer loop
      vertex -10.29033926088539 56.872617654605264 0
      vertex -10.003072603882067 57.40576407348571 0
      vertex -9.873250951124373 56.9478019912643 0
    endloop
  endfacet
  facet normal 0 0 -1
    outer loop
      vertex -8.189498252461279 51.192167521078716 0
      vertex -7.932809485505423 57.25117205151129 0
      vertex -7.646284084509034 51.77102464303749 0
    endloop
  endfacet
  facet normal 0 0 -1
    outer loop
      vertex -8.189498252461279 51.192167521078716 0
      vertex -8.291227876583713 57.198369830505925 0
      vertex -7.932809485505423 57.25117205151129 0
    endloop
  endfacet
  facet normal 0 0 -1
    outer loop
      vertex -7.646284084509034 51.77102464303749 0
      vertex -6.253799650353951 57.45732853687202 0
      vertex -7.175345951970226 52.410066484568475 0
    endloop
  endfacet
  facet normal 0 0 -1
    outer loop
      vertex -7.646284084509034 51.77102464303749 0
      vertex -7.932809485505423 57.25117205151129 0
      vertex -6.253799650353951 57.45732853687202 0
    endloop
  endfacet
  facet normal 0 0 -1
    outer loop
      vertex -7.175345951970226 52.410066484568475 0
      vertex -6.253799650353951 57.45732853687202 0
      vertex -6.783294793916577 53.100322299013555 0
    endloop
  endfacet
  facet normal 0 0 -1
    outer loop
      vertex -6.783294793916577 53.100322299013555 0
      vertex -6.253799650353951 57.45732853687202 0
      vertex -6.475634149220428 53.83210240779733 0
    endloop
  endfacet
  facet normal 0 0 -1
    outer loop
      vertex -6.475634149220428 53.83210240779733 0
      vertex -6.253799650353951 57.45732853687202 0
      vertex -6.25668289893286 54.59513422227426 0
    endloop
  endfacet
  facet normal 0 0 -1
    outer loop
      vertex -8.291227876583713 57.198369830505925 0
      vertex -7.982983371382692 58.334335702392465 0
      vertex -7.932809485505423 57.25117205151129 0
    endloop
  endfacet
  facet normal 0 0 -1
    outer loop
      vertex -6.25668289893286 54.59513422227426 0
      vertex -6.156354250862235 56.963339657990296 0
      vertex -6.129514638660851 55.37870644835545 0
    endloop
  endfacet
  facet normal 0 0 -1
    outer loop
      vertex -6.25668289893286 54.59513422227426 0
      vertex -6.253799650353951 57.45732853687202 0
      vertex -6.156354250862235 56.963339657990296 0
    endloop
  endfacet
  facet normal 0 0 -1
    outer loop
      vertex -6.129514638660851 55.37870644835545 0
      vertex -6.156354250862235 56.963339657990296 0
      vertex -6.095914532022354 56.17181944959823 0
    endloop
  endfacet
  facet normal -0.5691364103719511 -0.822243118784785 1.5717432504718104e-19
    outer loop
      vertex -16.927828956320063 50.78489857571701 0
      vertex -16.27511229456957 50.33310419839505 0
      vertex -16.27511229456957 50.33310419839505 5.6
    endloop
  endfacet
  facet normal -0.46789239562538265 -0.8837854412219861 0
    outer loop
      vertex -15.57354183478797 49.96167979172759 0
      vertex -15.57354183478797 49.96167979172759 5.6
      vertex -16.27511229456957 50.33310419839505 0
    endloop
  endfacet
  facet normal -0.36008019727703705 -0.9329213533459989 1.6201836589007435e-18
    outer loop
      vertex -15.57354183478797 49.96167979172759 0
      vertex -14.832966088369178 49.67583934021188 0
      vertex -14.832966088369178 49.67583934021188 5.6
    endloop
  endfacet
  facet normal -0.2472132622644177 -0.9689610946578734 -6.968263572468448e-19
    outer loop
      vertex -14.832966088369178 49.67583934021188 0
      vertex -14.063781115430864 49.47959541721723 0
      vertex -14.063781115430864 49.47959541721723 5.6
    endloop
  endfacet
  facet normal 0.22252093395632114 -0.9749279121818221 6.691208894917411e-19
    outer loop
      vertex -11.693642637363604 49.449488637853705 0
      vertex -10.919721059002233 49.62613118780442 0
      vertex -10.919721059002233 49.62613118780442 5.6
    endloop
  endfacet
  facet normal 0.33626689647937696 -0.9417667303170822 -1.6625256230084384e-18
    outer loop
      vertex -10.919721059002233 49.62613118780442 0
      vertex -10.172123636394751 49.89306805977436 0
      vertex -10.172123636394751 49.89306805977436 5.6
    endloop
  endfacet
  facet normal 0.4452924088820069 -0.8953852079368185 3.3349464882888062e-18
    outer loop
      vertex -10.172123636394751 49.89306805977436 0
      vertex -9.46134499860081 50.24655204521392 0
      vertex -9.46134499860081 50.24655204521392 5.6
    endloop
  endfacet
  facet normal 0.5480669919569323 -0.836434439945702 4.252274916112859e-18
    outer loop
      vertex -9.46134499860081 50.24655204521392 0
      vertex -8.797362919649046 50.68162100381398 0
      vertex -8.797362919649046 50.68162100381398 5.6
    endloop
  endfacet
  facet normal 0.6431479158424424 -0.7657419659046529 -2.3951685855198423e-18
    outer loop
      vertex -8.797362919649046 50.68162100381398 0
      vertex -8.189498252461279 51.192167521078716 0
      vertex -8.189498252461279 51.192167521078716 5.6
    endloop
  endfacet
  facet normal 0.7292004527871373 -0.6843001531893983 0
    outer loop
      vertex -8.189498252461279 51.192167521078716 0
      vertex -7.646284084509034 51.77102464303749 0
      vertex -8.189498252461279 51.192167521078716 5.6
    endloop
  endfacet
  facet normal 0.8050166138018139 -0.5932522663277917 0
    outer loop
      vertex -7.646284084509034 51.77102464303749 0
      vertex -7.175345951970226 52.410066484568475 0
      vertex -7.646284084509034 51.77102464303749 5.6
    endloop
  endfacet
  facet normal 0.8695321061768874 -0.49387641807195676 0
    outer loop
      vertex -7.175345951970226 52.410066484568475 0
      vertex -6.783294793916577 53.100322299013555 0
      vertex -7.175345951970226 52.410066484568475 5.6
    endloop
  endfacet
  facet normal 0.9218412738191247 -0.3875676274968453 0
    outer loop
      vertex -6.783294793916577 53.100322299013555 0
      vertex -6.475634149220428 53.83210240779733 0
      vertex -6.783294793916577 53.100322299013555 5.6
    endloop
  endfacet
  facet normal 0.9612098106779341 -0.27581823699039604 0
    outer loop
      vertex -6.475634149220428 53.83210240779733 0
      vertex -6.25668289893286 54.59513422227426 0
      vertex -6.475634149220428 53.83210240779733 5.6
    endloop
  endfacet
  facet normal 0.9870850687927147 -0.16019696303763553 0
    outer loop
      vertex -6.25668289893286 54.59513422227426 0
      vertex -6.129514638660851 55.37870644835545 0
      vertex -6.25668289893286 54.59513422227426 5.6
    endloop
  endfacet
  facet normal 0.9991038162588017 -0.042326874879899896 0
    outer loop
      vertex -6.129514638660851 55.37870644835545 0
      vertex -6.095914532022354 56.17181944959823 0
      vertex -6.129514638660851 55.37870644835545 5.6
    endloop
  endfacet
  facet normal 0.9970973362071899 0.07613738981949857 0
    outer loop
      vertex -6.095914532022354 56.17181944959823 0
      vertex -6.156354250862235 56.963339657990296 0
      vertex -6.095914532022354 56.17181944959823 5.6
    endloop
  endfacet
  facet normal 0.9810937952195461 0.1935328524610424 -2.4087810013111097e-20
    outer loop
      vertex -6.156354250862235 56.963339657990296 0
      vertex -6.253799650353951 57.45732853687202 0
      vertex -6.253799650353951 57.45732853687202 5.6
    endloop
  endfacet
  facet normal -0.9313884335726432 -0.36402690258701753 0
    outer loop
      vertex -18.87980984108198 53.25397876801853 0
      vertex -18.87980984108198 53.25397876801853 5.6
      vertex -19.168783283626727 53.99333764529686 5.6
    endloop
  endfacet
  facet normal -0.9679057236529276 -0.25131356931113463 0
    outer loop
      vertex -19.2945034423556 54.477534585182674 0
      vertex -19.168783283626727 53.99333764529686 5.6
      vertex -19.2945034423556 54.477534585182674 5.6
    endloop
  endfacet
  facet normal -0.819826059635508 -0.572612636904318 0
    outer loop
      vertex -18.050864465709356 51.90318924388493 0
      vertex -18.050864465709356 51.90318924388493 5.6
      vertex -18.505418356520526 52.55398718507319 5.6
    endloop
  endfacet
  facet normal -0.5691364103719511 -0.822243118784785 0
    outer loop
      vertex -16.927828956320063 50.78489857571701 0
      vertex -16.27511229456957 50.33310419839505 5.6
      vertex -16.927828956320063 50.78489857571701 5.6
    endloop
  endfacet
  facet normal -0.7463470669609902 -0.6655569514615013 0
    outer loop
      vertex -17.52252910888104 51.31072072098136 0
      vertex -17.52252910888104 51.31072072098136 5.6
      vertex -18.050864465709356 51.90318924388493 5.6
    endloop
  endfacet
  facet normal -0.6623909974792912 -0.7491583053389915 0
    outer loop
      vertex -17.52252910888104 51.31072072098136 0
      vertex -16.927828956320063 50.78489857571701 5.6
      vertex -17.52252910888104 51.31072072098136 5.6
    endloop
  endfacet
  facet normal -0.8817964915136267 -0.47163009610738177 0
    outer loop
      vertex -18.505418356520526 52.55398718507319 0
      vertex -18.505418356520526 52.55398718507319 5.6
      vertex -18.87980984108198 53.25397876801853 5.6
    endloop
  endfacet
  facet normal 0 0 1
    outer loop
      vertex -18.87980984108198 53.25397876801853 5.6
      vertex -19.2945034423556 54.477534585182674 5.6
      vertex -19.168783283626727 53.99333764529686 5.6
    endloop
  endfacet
  facet normal 0 0 1
    outer loop
      vertex -18.87980984108198 53.25397876801853 5.6
      vertex -18.505418356520526 52.55398718507319 5.6
      vertex -19.2945034423556 54.477534585182674 5.6
    endloop
  endfacet
  facet normal 0 0 1
    outer loop
      vertex -16.927828956320063 50.78489857571701 5.6
      vertex -17.861182274871958 54.97106664185987 5.6
      vertex -17.52252910888104 51.31072072098136 5.6
    endloop
  endfacet
  facet normal 0 0 1
    outer loop
      vertex -16.927828956320063 50.78489857571701 5.6
      vertex -16.27511229456957 50.33310419839505 5.6
      vertex -17.861182274871958 54.97106664185987 5.6
    endloop
  endfacet
  facet normal 0 0 1
    outer loop
      vertex -18.050864465709356 51.90318924388493 5.6
      vertex -19.2945034423556 54.477534585182674 5.6
      vertex -18.505418356520526 52.55398718507319 5.6
    endloop
  endfacet
  facet normal 0 0 1
    outer loop
      vertex -18.050864465709356 51.90318924388493 5.6
      vertex -17.861182274871958 54.97106664185987 5.6
      vertex -19.2945034423556 54.477534585182674 5.6
    endloop
  endfacet
  facet normal 0 0 1
    outer loop
      vertex -18.050864465709356 51.90318924388493 5.6
      vertex -17.52252910888104 51.31072072098136 5.6
      vertex -17.861182274871958 54.97106664185987 5.6
    endloop
  endfacet
  facet normal -0.46789239562538265 -0.8837854412219861 4.851448137835289e-19
    outer loop
      vertex -15.57354183478797 49.96167979172759 5.6
      vertex -16.27511229456957 50.33310419839505 5.6
      vertex -16.27511229456957 50.33310419839505 0
    endloop
  endfacet
  facet normal -0.36008019727703705 -0.9329213533459989 0
    outer loop
      vertex -15.57354183478797 49.96167979172759 0
      vertex -14.832966088369178 49.67583934021188 5.6
      vertex -15.57354183478797 49.96167979172759 5.6
    endloop
  endfacet
  facet normal -0.2472132622644177 -0.9689610946578734 0
    outer loop
      vertex -14.832966088369178 49.67583934021188 0
      vertex -14.063781115430864 49.47959541721723 5.6
      vertex -14.832966088369178 49.67583934021188 5.6
    endloop
  endfacet
  facet normal 0.22252093395632114 -0.9749279121818221 0
    outer loop
      vertex -11.693642637363604 49.449488637853705 0
      vertex -10.919721059002233 49.62613118780442 5.6
      vertex -11.693642637363604 49.449488637853705 5.6
    endloop
  endfacet
  facet normal 0.33626689647937696 -0.9417667303170822 0
    outer loop
      vertex -10.919721059002233 49.62613118780442 0
      vertex -10.172123636394751 49.89306805977436 5.6
      vertex -10.919721059002233 49.62613118780442 5.6
    endloop
  endfacet
  facet normal 0.4452924088820069 -0.8953852079368185 0
    outer loop
      vertex -10.172123636394751 49.89306805977436 0
      vertex -9.46134499860081 50.24655204521392 5.6
      vertex -10.172123636394751 49.89306805977436 5.6
    endloop
  endfacet
  facet normal 0.5480669919569323 -0.836434439945702 0
    outer loop
      vertex -9.46134499860081 50.24655204521392 0
      vertex -8.797362919649046 50.68162100381398 5.6
      vertex -9.46134499860081 50.24655204521392 5.6
    endloop
  endfacet
  facet normal 0.6431479158424424 -0.7657419659046529 0
    outer loop
      vertex -8.797362919649046 50.68162100381398 0
      vertex -8.189498252461279 51.192167521078716 5.6
      vertex -8.797362919649046 50.68162100381398 5.6
    endloop
  endfacet
  facet normal 0.7292004527871373 -0.6843001531893983 0
    outer loop
      vertex -7.646284084509034 51.77102464303749 0
      vertex -7.646284084509034 51.77102464303749 5.6
      vertex -8.189498252461279 51.192167521078716 5.6
    endloop
  endfacet
  facet normal 0.8050166138018139 -0.5932522663277917 0
    outer loop
      vertex -7.175345951970226 52.410066484568475 0
      vertex -7.175345951970226 52.410066484568475 5.6
      vertex -7.646284084509034 51.77102464303749 5.6
    endloop
  endfacet
  facet normal 0.8695321061768874 -0.49387641807195676 0
    outer loop
      vertex -6.783294793916577 53.100322299013555 0
      vertex -6.783294793916577 53.100322299013555 5.6
      vertex -7.175345951970226 52.410066484568475 5.6
    endloop
  endfacet
  facet normal 0.9218412738191247 -0.3875676274968453 0
    outer loop
      vertex -6.475634149220428 53.83210240779733 0
      vertex -6.475634149220428 53.83210240779733 5.6
      vertex -6.783294793916577 53.100322299013555 5.6
    endloop
  endfacet
  facet normal 0.9612098106779341 -0.27581823699039604 0
    outer loop
      vertex -6.25668289893286 54.59513422227426 0
      vertex -6.25668289893286 54.59513422227426 5.6
      vertex -6.475634149220428 53.83210240779733 5.6
    endloop
  endfacet
  facet normal 0.9870850687927147 -0.16019696303763553 0
    outer loop
      vertex -6.129514638660851 55.37870644835545 0
      vertex -6.129514638660851 55.37870644835545 5.6
      vertex -6.25668289893286 54.59513422227426 5.6
    endloop
  endfacet
  facet normal 0.9991038162588017 -0.042326874879899896 0
    outer loop
      vertex -6.095914532022354 56.17181944959823 0
      vertex -6.095914532022354 56.17181944959823 5.6
      vertex -6.129514638660851 55.37870644835545 5.6
    endloop
  endfacet
  facet normal 0.9970973362071899 0.07613738981949857 0
    outer loop
      vertex -6.156354250862235 56.963339657990296 0
      vertex -6.156354250862235 56.963339657990296 5.6
      vertex -6.095914532022354 56.17181944959823 5.6
    endloop
  endfacet
  facet normal 0.9810937952195461 0.1935328524610424 0
    outer loop
      vertex -6.156354250862235 56.963339657990296 0
      vertex -6.253799650353951 57.45732853687202 5.6
      vertex -6.156354250862235 56.963339657990296 5.6
    endloop
  endfacet
  facet normal 0 0 1
    outer loop
      vertex -15.57354183478797 49.96167979172759 5.6
      vertex -15.93183916622255 55.56092602523483 5.6
      vertex -16.27511229456957 50.33310419839505 5.6
    endloop
  endfacet
  facet normal 0 0 1
    outer loop
      vertex -15.57354183478797 49.96167979172759 5.6
      vertex -14.832966088369178 49.67583934021188 5.6
      vertex -15.93183916622255 55.56092602523483 5.6
    endloop
  endfacet
  facet normal 0 0 1
    outer loop
      vertex -14.832966088369178 49.67583934021188 5.6
      vertex -14.063781115430864 49.47959541721723 5.6
      vertex -15.93183916622255 55.56092602523483 5.6
    endloop
  endfacet
  facet normal 0 0 1
    outer loop
      vertex -16.27511229456957 50.33310419839505 5.6
      vertex -15.93183916622255 55.56092602523483 5.6
      vertex -17.861182274871958 54.97106664185987 5.6
    endloop
  endfacet
  facet normal 0 0 1
    outer loop
      vertex -14.063781115430864 49.47959541721723 5.6
      vertex -13.983085565660794 56.083092978752596 5.6
      vertex -15.93183916622255 55.56092602523483 5.6
    endloop
  endfacet
  facet normal 0 0 1
    outer loop
      vertex -14.063781115430864 49.47959541721723 5.6
      vertex -13.27678458691882 49.37570285725049 5.6
      vertex -13.983085565660794 56.083092978752596 5.6
    endloop
  endfacet
  facet normal 0 0 1
    outer loop
      vertex -13.27678458691882 49.37570285725049 5.6
      vertex -12.4830242089757 49.3656200841183 5.6
      vertex -13.983085565660794 56.083092978752596 5.6
    endloop
  endfacet
  facet normal 0 0 1
    outer loop
      vertex -12.4830242089757 49.3656200841183 5.6
      vertex -11.693642637363604 49.449488637853705 5.6
      vertex -13.983085565660794 56.083092978752596 5.6
    endloop
  endfacet
  facet normal 0 0 1
    outer loop
      vertex -11.693642637363604 49.449488637853705 5.6
      vertex -12.01729572926649 56.53693132241396 5.6
      vertex -13.983085565660794 56.083092978752596 5.6
    endloop
  endfacet
  facet normal 0 0 1
    outer loop
      vertex -11.693642637363604 49.449488637853705 5.6
      vertex -10.919721059002233 49.62613118780442 5.6
      vertex -12.01729572926649 56.53693132241396 5.6
    endloop
  endfacet
  facet normal 0 0 1
    outer loop
      vertex -10.919721059002233 49.62613118780442 5.6
      vertex -10.172123636394751 49.89306805977436 5.6
      vertex -12.01729572926649 56.53693132241396 5.6
    endloop
  endfacet
  facet normal 0 0 1
    outer loop
      vertex -10.172123636394751 49.89306805977436 5.6
      vertex -10.036864669148573 56.92188812410562 5.6
      vertex -12.01729572926649 56.53693132241396 5.6
    endloop
  endfacet
  facet normal 0 0 1
    outer loop
      vertex -10.172123636394751 49.89306805977436 5.6
      vertex -9.46134499860081 50.24655204521392 5.6
      vertex -10.036864669148573 56.92188812410562 5.6
    endloop
  endfacet
  facet normal 0 0 1
    outer loop
      vertex -9.46134499860081 50.24655204521392 5.6
      vertex -8.797362919649046 50.68162100381398 5.6
      vertex -10.036864669148573 56.92188812410562 5.6
    endloop
  endfacet
  facet normal 0 0 1
    outer loop
      vertex -8.797362919649046 50.68162100381398 5.6
      vertex -8.189498252461279 51.192167521078716 5.6
      vertex -10.036864669148573 56.92188812410562 5.6
    endloop
  endfacet
  facet normal 0 0 1
    outer loop
      vertex -8.189498252461279 51.192167521078716 5.6
      vertex -8.044205235491782 57.23749437326276 5.6
      vertex -10.036864669148573 56.92188812410562 5.6
    endloop
  endfacet
  facet normal 0 0 1
    outer loop
      vertex -8.189498252461279 51.192167521078716 5.6
      vertex -7.646284084509034 51.77102464303749 5.6
      vertex -8.044205235491782 57.23749437326276 5.6
    endloop
  endfacet
  facet normal 0 0 1
    outer loop
      vertex -7.646284084509034 51.77102464303749 5.6
      vertex -7.175345951970226 52.410066484568475 5.6
      vertex -8.044205235491782 57.23749437326276 5.6
    endloop
  endfacet
  facet normal 0 0 1
    outer loop
      vertex -7.175345951970226 52.410066484568475 5.6
      vertex -6.783294793916577 53.100322299013555 5.6
      vertex -8.044205235491782 57.23749437326276 5.6
    endloop
  endfacet
  facet normal 0 0 1
    outer loop
      vertex -6.783294793916577 53.100322299013555 5.6
      vertex -6.475634149220428 53.83210240779733 5.6
      vertex -8.044205235491782 57.23749437326276 5.6
    endloop
  endfacet
  facet normal 0 0 1
    outer loop
      vertex -6.475634149220428 53.83210240779733 5.6
      vertex -6.25668289893286 54.59513422227426 5.6
      vertex -8.044205235491782 57.23749437326276 5.6
    endloop
  endfacet
  facet normal 0 0 1
    outer loop
      vertex -6.25668289893286 54.59513422227426 5.6
      vertex -6.156354250862235 56.963339657990296 5.6
      vertex -8.044205235491782 57.23749437326276 5.6
    endloop
  endfacet
  facet normal 0 0 1
    outer loop
      vertex -6.156354250862235 56.963339657990296 5.6
      vertex -6.253799650353951 57.45732853687202 5.6
      vertex -8.044205235491782 57.23749437326276 5.6
    endloop
  endfacet
  facet normal 0 0 1
    outer loop
      vertex -6.25668289893286 54.59513422227426 5.6
      vertex -6.129514638660851 55.37870644835545 5.6
      vertex -6.156354250862235 56.963339657990296 5.6
    endloop
  endfacet
  facet normal 0 0 1
    outer loop
      vertex -6.129514638660851 55.37870644835545 5.6
      vertex -6.095914532022354 56.17181944959823 5.6
      vertex -6.156354250862235 56.963339657990296 5.6
    endloop
  endfacet
  facet normal 0 0 -1
    outer loop
      vertex -40.6973081990942 40.32929292712207 0
      vertex -41.01948905537342 40.70960521673065 0
      vertex -40.204440085547006 41.524654186557065 0
    endloop
  endfacet
  facet normal 0 0 -1
    outer loop
      vertex -40.11615632948752 39.78853447424399 0
      vertex -40.6973081990942 40.32929292712207 0
      vertex -40.204440085547006 41.524654186557065 0
    endloop
  endfacet
  facet normal 0 0 -1
    outer loop
      vertex -40.11615632948752 39.78853447424399 0
      vertex -40.204440085547006 41.524654186557065 0
      vertex -40.10060433413616 41.62507186228133 0
    endloop
  endfacet
  facet normal 0 0 -1
    outer loop
      vertex -40.204440085547006 41.524654186557065 0
      vertex -40.283365231738934 43.076734752869655 0
      vertex -40.09421879957059 42.379140565834916 0
    endloop
  endfacet
  facet normal 0 0 -1
    outer loop
      vertex -40.204440085547006 41.524654186557065 0
      vertex -40.09421879957059 42.379140565834916 0
      vertex -40.10060433413616 41.62507186228133 0
    endloop
  endfacet
  facet normal 0 0 -1
    outer loop
      vertex -38.78321674359319 38.93118108490178 0
      vertex -38.74973728025372 42.884775769393045 0
      vertex -38.0501405772519 38.6266215106822 0
    endloop
  endfacet
  facet normal 0 0 -1
    outer loop
      vertex -39.47512629213074 39.3203062274318 0
      vertex -40.11615632948752 39.78853447424399 0
      vertex -38.74973728025372 42.884775769393045 0
    endloop
  endfacet
  facet normal 0 0 -1
    outer loop
      vertex -40.11615632948752 39.78853447424399 0
      vertex -40.10060433413616 41.62507186228133 0
      vertex -38.74973728025372 42.884775769393045 0
    endloop
  endfacet
  facet normal 0 0 -1
    outer loop
      vertex -38.78321674359319 38.93118108490178 0
      vertex -39.47512629213074 39.3203062274318 0
      vertex -38.74973728025372 42.884775769393045 0
    endloop
  endfacet
  facet normal 0 0 -1
    outer loop
      vertex -38.0501405772519 38.6266215106822 0
      vertex -38.74973728025372 42.884775769393045 0
      vertex -38.28735016794371 43.291400907610864 0
    endloop
  endfacet
  facet normal 0 0 -1
    outer loop
      vertex -38.0501405772519 38.6266215106822 0
      vertex -38.28735016794371 43.291400907610864 0
      vertex -37.237129093929944 44.204344159026135 0
    endloop
  endfacet
  facet normal 0 0 -1
    outer loop
      vertex -38.74973728025372 42.884775769393045 0
      vertex -38.739049649413076 44.14687964641525 0
      vertex -38.28735016794371 43.291400907610864 0
    endloop
  endfacet
  facet normal 0 0 -1
    outer loop
      vertex -38.28735016794371 43.291400907610864 0
      vertex -38.739049649413076 44.14687964641525 0
      vertex -38.40136265046663 45.53348175229567 0
    endloop
  endfacet
  facet normal 0 0 -1
    outer loop
      vertex -38.0501405772519 38.6266215106822 0
      vertex -37.237129093929944 44.204344159026135 0
      vertex -37.286188575559535 38.41090285359231 0
    endloop
  endfacet
  facet normal 0 0 -1
    outer loop
      vertex -37.286188575559535 38.41090285359231 0
      vertex -37.237129093929944 44.204344159026135 0
      vertex -36.5020849500164 38.287053330716496 0
    endloop
  endfacet
  facet normal 0 0 -1
    outer loop
      vertex -36.5020849500164 38.287053330716496 0
      vertex -37.237129093929944 44.204344159026135 0
      vertex -36.82040066563767 44.546802726253915 0
    endloop
  endfacet
  facet normal 0 0 -1
    outer loop
      vertex -36.5020849500164 38.287053330716496 0
      vertex -35.64752970480008 45.49657490333829 0
      vertex -35.70883679674879 38.256811517874446 0
    endloop
  endfacet
  facet normal 0 0 -1
    outer loop
      vertex -36.5020849500164 38.287053330716496 0
      vertex -36.82040066563767 44.546802726253915 0
      vertex -35.64752970480008 45.49657490333829 0
    endloop
  endfacet
  facet normal 0 0 -1
    outer loop
      vertex -35.70883679674879 38.256811517874446 0
      vertex -35.64752970480008 45.49657490333829 0
      vertex -34.91757958100718 38.3206019438276 0
    endloop
  endfacet
  facet normal 0 0 -1
    outer loop
      vertex -34.91757958100718 38.3206019438276 0
      vertex -35.64752970480008 45.49657490333829 0
      vertex -35.29612981946478 45.764876637398906 0
    endloop
  endfacet
  facet normal 0 0 -1
    outer loop
      vertex -34.91757958100718 38.3206019438276 0
      vertex -34.06988590147862 46.6889177082113 0
      vertex -34.13942081964338 38.477529130825886 0
    endloop
  endfacet
  facet normal 0 0 -1
    outer loop
      vertex -34.13942081964338 38.477529130825886 0
      vertex -34.06988590147862 46.6889177082113 0
      vertex -33.38528415592188 38.72539016515251 0
    endloop
  endfacet
  facet normal 0 0 -1
    outer loop
      vertex -37.237129093929944 44.204344159026135 0
      vertex -37.209933522121496 47.41587318066454 0
      vertex -36.898134841854606 46.07546260293274 0
    endloop
  endfacet
  facet normal 0 0 -1
    outer loop
      vertex -37.237129093929944 44.204344159026135 0
      vertex -36.898134841854606 46.07546260293274 0
      vertex -36.82040066563767 44.546802726253915 0
    endloop
  endfacet
  facet normal 0 0 -1
    outer loop
      vertex -34.91757958100718 38.3206019438276 0
      vertex -35.29612981946478 45.764876637398906 0
      vertex -34.06988590147862 46.6889177082113 0
    endloop
  endfacet
  facet normal 0 0 -1
    outer loop
      vertex -34.06988590147862 46.6889177082113 0
      vertex -33.80010508734749 46.88293610874393 0
      vertex -33.38528415592188 38.72539016515251 0
    endloop
  endfacet
  facet normal 0 0 -1
    outer loop
      vertex -35.64752970480008 45.49657490333829 0
      vertex -35.51065746449156 49.983610524481634 0
      vertex -35.29612981946478 45.764876637398906 0
    endloop
  endfacet
  facet normal 0 0 -1
    outer loop
      vertex -34.06988590147862 46.6889177082113 0
      vertex -34.0639841386777 47.38585773387098 0
      vertex -33.80010508734749 46.88293610874393 0
    endloop
  endfacet
  facet normal 0 0 -1
    outer loop
      vertex -33.80010508734749 46.88293610874393 0
      vertex -34.0639841386777 47.38585773387098 0
      vertex -33.88315286583557 48.516089156738566 0
    endloop
  endfacet
  facet normal -0.6812066289395188 -0.7320912024391885 0
    outer loop
      vertex -40.11615632948752 39.78853447424399 0
      vertex -40.11615632948752 39.78853447424399 5.6
      vertex -40.6973081990942 40.32929292712207 0
    endloop
  endfacet
  facet normal -0.5898385570999165 -0.807521192637251 0
    outer loop
      vertex -39.47512629213074 39.3203062274318 0
      vertex -39.47512629213074 39.3203062274318 5.6
      vertex -40.11615632948752 39.78853447424399 0
    endloop
  endfacet
  facet normal -0.7630120529321565 -0.646384256522586 0
    outer loop
      vertex -40.6973081990942 40.32929292712207 0
      vertex -40.6973081990942 40.32929292712207 5.6
      vertex -41.01948905537342 40.70960521673065 0
    endloop
  endfacet
  facet normal -0.49019044486068725 -0.8716153553989751 0
    outer loop
      vertex -38.78321674359319 38.93118108490178 0
      vertex -38.78321674359319 38.93118108490178 5.6
      vertex -39.47512629213074 39.3203062274318 0
    endloop
  endfacet
  facet normal -0.38366113328634566 -0.9234739491753068 -6.346220911048517e-19
    outer loop
      vertex -38.78321674359319 38.93118108490178 0
      vertex -38.0501405772519 38.6266215106822 0
      vertex -38.0501405772519 38.6266215106822 5.6
    endloop
  endfacet
  facet normal -0.27174606039619986 -0.9623689929850945 1.006582172135518e-18
    outer loop
      vertex -38.0501405772519 38.6266215106822 0
      vertex -37.286188575559535 38.41090285359231 0
      vertex -37.286188575559535 38.41090285359231 5.6
    endloop
  endfacet
  facet normal -0.15601626849284372 -0.9877544856722084 -8.463538603677069e-19
    outer loop
      vertex -37.286188575559535 38.41090285359231 0
      vertex -36.5020849500164 38.287053330716496 0
      vertex -36.5020849500164 38.287053330716496 5.6
    endloop
  endfacet
  facet normal -0.03809635017170443 -0.9992740705650252 -3.7396889378593824e-19
    outer loop
      vertex -36.5020849500164 38.287053330716496 0
      vertex -35.70883679674879 38.256811517874446 0
      vertex -35.70883679674879 38.256811517874446 5.6
    endloop
  endfacet
  facet normal 0.08035835739762165 -0.9967660379428847 4.674771017891079e-19
    outer loop
      vertex -35.70883679674879 38.256811517874446 0
      vertex -34.91757958100718 38.3206019438276 0
      vertex -34.91757958100718 38.3206019438276 5.6
    endloop
  endfacet
  facet normal 0.19768500977675277 -0.9802655950861303 1.1227646817724146e-19
    outer loop
      vertex -34.91757958100718 38.3206019438276 0
      vertex -34.13942081964338 38.477529130825886 0
      vertex -34.13942081964338 38.477529130825886 5.6
    endloop
  endfacet
  facet normal 0.31223659794952646 -0.9500043720430479 1.8073476237704342e-19
    outer loop
      vertex -34.13942081964338 38.477529130825886 0
      vertex -33.38528415592188 38.72539016515251 0
      vertex -33.38528415592188 38.72539016515251 5.6
    endloop
  endfacet
  facet normal -0.6812066289395188 -0.7320912024391885 0
    outer loop
      vertex -40.6973081990942 40.32929292712207 0
      vertex -40.11615632948752 39.78853447424399 5.6
      vertex -40.6973081990942 40.32929292712207 5.6
    endloop
  endfacet
  facet normal -0.5898385570999165 -0.807521192637251 0
    outer loop
      vertex -40.11615632948752 39.78853447424399 0
      vertex -39.47512629213074 39.3203062274318 5.6
      vertex -40.11615632948752 39.78853447424399 5.6
    endloop
  endfacet
  facet normal -0.7630120529321565 -0.646384256522586 0
    outer loop
      vertex -41.01948905537342 40.70960521673065 0
      vertex -40.6973081990942 40.32929292712207 5.6
      vertex -41.01948905537342 40.70960521673065 5.6
    endloop
  endfacet
  facet normal -0.49019044486068725 -0.8716153553989751 0
    outer loop
      vertex -39.47512629213074 39.3203062274318 0
      vertex -38.78321674359319 38.93118108490178 5.6
      vertex -39.47512629213074 39.3203062274318 5.6
    endloop
  endfacet
  facet normal -0.27174606039619986 -0.9623689929850945 0
    outer loop
      vertex -38.0501405772519 38.6266215106822 0
      vertex -37.286188575559535 38.41090285359231 5.6
      vertex -38.0501405772519 38.6266215106822 5.6
    endloop
  endfacet
  facet normal -0.38366113328634566 -0.9234739491753068 0
    outer loop
      vertex -38.78321674359319 38.93118108490178 0
      vertex -38.0501405772519 38.6266215106822 5.6
      vertex -38.78321674359319 38.93118108490178 5.6
    endloop
  endfacet
  facet normal -0.15601626849284372 -0.9877544856722084 0
    outer loop
      vertex -37.286188575559535 38.41090285359231 0
      vertex -36.5020849500164 38.287053330716496 5.6
      vertex -37.286188575559535 38.41090285359231 5.6
    endloop
  endfacet
  facet normal -0.03809635017170443 -0.9992740705650252 0
    outer loop
      vertex -36.5020849500164 38.287053330716496 0
      vertex -35.70883679674879 38.256811517874446 5.6
      vertex -36.5020849500164 38.287053330716496 5.6
    endloop
  endfacet
  facet normal 0.08035835739762165 -0.9967660379428847 0
    outer loop
      vertex -35.70883679674879 38.256811517874446 0
      vertex -34.91757958100718 38.3206019438276 5.6
      vertex -35.70883679674879 38.256811517874446 5.6
    endloop
  endfacet
  facet normal 0.19768500977675277 -0.9802655950861303 0
    outer loop
      vertex -34.91757958100718 38.3206019438276 0
      vertex -34.13942081964338 38.477529130825886 5.6
      vertex -34.91757958100718 38.3206019438276 5.6
    endloop
  endfacet
  facet normal 0.31223659794952646 -0.9500043720430479 0
    outer loop
      vertex -34.13942081964338 38.477529130825886 0
      vertex -33.38528415592188 38.72539016515251 5.6
      vertex -34.13942081964338 38.477529130825886 5.6
    endloop
  endfacet
  facet normal 0 0 1
    outer loop
      vertex -40.11615632948752 39.78853447424399 5.6
      vertex -41.01948905537342 40.70960521673065 5.6
      vertex -40.6973081990942 40.32929292712207 5.6
    endloop
  endfacet
  facet normal 0 0 1
    outer loop
      vertex -40.11615632948752 39.78853447424399 5.6
      vertex -40.15125381253004 41.577840459574034 5.6
      vertex -41.01948905537342 40.70960521673065 5.6
    endloop
  endfacet
  facet normal 0 0 1
    outer loop
      vertex -39.47512629213074 39.3203062274318 5.6
      vertex -40.15125381253004 41.577840459574034 5.6
      vertex -40.11615632948752 39.78853447424399 5.6
    endloop
  endfacet
  facet normal 0 0 1
    outer loop
      vertex -38.78321674359319 38.93118108490178 5.6
      vertex -40.15125381253004 41.577840459574034 5.6
      vertex -39.47512629213074 39.3203062274318 5.6
    endloop
  endfacet
  facet normal 0 0 1
    outer loop
      vertex -38.78321674359319 38.93118108490178 5.6
      vertex -38.0501405772519 38.6266215106822 5.6
      vertex -38.675749047542006 42.953770912593384 5.6
    endloop
  endfacet
  facet normal 0 0 1
    outer loop
      vertex -38.0501405772519 38.6266215106822 5.6
      vertex -37.286188575559535 38.41090285359231 5.6
      vertex -38.675749047542006 42.953770912593384 5.6
    endloop
  endfacet
  facet normal 0 0 1
    outer loop
      vertex -38.78321674359319 38.93118108490178 5.6
      vertex -38.675749047542006 42.953770912593384 5.6
      vertex -40.15125381253004 41.577840459574034 5.6
    endloop
  endfacet
  facet normal 0 0 1
    outer loop
      vertex -37.286188575559535 38.41090285359231 5.6
      vertex -37.153123839881964 44.277368812276926 5.6
      vertex -38.675749047542006 42.953770912593384 5.6
    endloop
  endfacet
  facet normal 0 0 1
    outer loop
      vertex -37.286188575559535 38.41090285359231 5.6
      vertex -36.5020849500164 38.287053330716496 5.6
      vertex -37.153123839881964 44.277368812276926 5.6
    endloop
  endfacet
  facet normal 0 0 1
    outer loop
      vertex -36.5020849500164 38.287053330716496 5.6
      vertex -35.70883679674879 38.256811517874446 5.6
      vertex -37.153123839881964 44.277368812276926 5.6
    endloop
  endfacet
  facet normal 0 0 1
    outer loop
      vertex -35.70883679674879 38.256811517874446 5.6
      vertex -34.91757958100718 38.3206019438276 5.6
      vertex -37.153123839881964 44.277368812276926 5.6
    endloop
  endfacet
  facet normal 0 0 1
    outer loop
      vertex -34.91757958100718 38.3206019438276 5.6
      vertex -35.58523327382305 45.54702155846852 5.6
      vertex -37.153123839881964 44.277368812276926 5.6
    endloop
  endfacet
  facet normal 0 0 1
    outer loop
      vertex -34.91757958100718 38.3206019438276 5.6
      vertex -34.13942081964338 38.477529130825886 5.6
      vertex -35.58523327382305 45.54702155846852 5.6
    endloop
  endfacet
  facet normal 0 0 1
    outer loop
      vertex -34.13942081964338 38.477529130825886 5.6
      vertex -33.38528415592188 38.72539016515251 5.6
      vertex -35.58523327382305 45.54702155846852 5.6
    endloop
  endfacet
  facet normal 0 0 1
    outer loop
      vertex -35.58523327382305 45.54702155846852 5.6
      vertex -33.38528415592188 38.72539016515251 5.6
      vertex -33.97398758250495 46.76118227487196 5.6
    endloop
  endfacet
  facet normal 0 0 -1
    outer loop
      vertex -33.38528415592188 38.72539016515251 0
      vertex -32.416705604779146 47.85160285479369 0
      vertex -32.6657560155134 39.06070562120361 0
    endloop
  endfacet
  facet normal 0 0 -1
    outer loop
      vertex -32.6657560155134 39.06070562120361 0
      vertex -32.416705604779146 47.85160285479369 0
      vertex -31.99093699628412 39.478768404996764 0
    endloop
  endfacet
  facet normal 0 0 -1
    outer loop
      vertex -31.99093699628412 39.478768404996764 0
      vertex -31.91724726929914 48.18079895893263 0
      vertex -31.370300078042497 39.973709831452446 0
    endloop
  endfacet
  facet normal 0 0 -1
    outer loop
      vertex -31.370300078042497 39.973709831452446 0
      vertex -30.721756619172176 48.95715966472171 0
      vertex -30.812557642667734 40.5385820078682 0
    endloop
  endfacet
  facet normal 0 0 -1
    outer loop
      vertex -33.80010508734749 46.88293610874393 0
      vertex -32.416705604779146 47.85160285479369 0
      vertex -33.38528415592188 38.72539016515251 0
    endloop
  endfacet
  facet normal 0 0 -1
    outer loop
      vertex -31.99093699628412 39.478768404996764 0
      vertex -32.416705604779146 47.85160285479369 0
      vertex -31.91724726929914 48.18079895893263 0
    endloop
  endfacet
  facet normal 0 0 -1
    outer loop
      vertex -31.370300078042497 39.973709831452446 0
      vertex -31.91724726929914 48.18079895893263 0
      vertex -30.721756619172176 48.95715966472171 0
    endloop
  endfacet
  facet normal 0 0 -1
    outer loop
      vertex -32.416705604779146 47.85160285479369 0
      vertex -32.5070537025305 49.62831830593992 0
      vertex -31.91724726929914 48.18079895893263 0
    endloop
  endfacet
  facet normal 0 0 -1
    outer loop
      vertex -31.91724726929914 48.18079895893263 0
      vertex -32.5070537025305 49.62831830593992 0
      vertex -32.09771477541496 50.4936804080029 0
    endloop
  endfacet
  facet normal 0 0 -1
    outer loop
      vertex -30.812557642667734 40.5385820078682 0
      vertex -30.721756619172176 48.95715966472171 0
      vertex -30.325539171365993 41.16545536710223 0
    endloop
  endfacet
  facet normal 0 0 -1
    outer loop
      vertex -30.325539171365993 41.16545536710223 0
      vertex -30.721756619172176 48.95715966472171 0
      vertex -30.262150323237915 48.651053641904106 0
    endloop
  endfacet
  facet normal 0 0 -1
    outer loop
      vertex -30.325539171365993 41.16545536710223 0
      vertex -30.262150323237915 48.651053641904106 0
      vertex -29.916081335916704 41.84552998131426 0
    endloop
  endfacet
  facet normal 0 0 -1
    outer loop
      vertex -29.916081335916704 41.84552998131426 0
      vertex -29.86426827057415 47.96414238702869 0
      vertex -29.589932026786933 42.569259093662666 0
    endloop
  endfacet
  facet normal 0 0 -1
    outer loop
      vertex -29.589932026786933 42.569259093662666 0
      vertex -29.55042208609167 47.23499372427723 0
      vertex -29.351669665348744 43.32648313384387 0
    endloop
  endfacet
  facet normal 0 0 -1
    outer loop
      vertex -29.351669665348744 43.32648313384387 0
      vertex -29.325017482261284 46.473843302561185 0
      vertex -29.204638932879213 44.106572336189295 0
    endloop
  endfacet
  facet normal 0 0 -1
    outer loop
      vertex -29.916081335916704 41.84552998131426 0
      vertex -30.262150323237915 48.651053641904106 0
      vertex -29.86426827057415 47.96414238702869 0
    endloop
  endfacet
  facet normal 0 0 -1
    outer loop
      vertex -29.204638932879213 44.106572336189295 0
      vertex -29.325017482261284 46.473843302561185 0
      vertex -29.191218645627792 45.69137600533914 0
    endloop
  endfacet
  facet normal 0 0 -1
    outer loop
      vertex -29.589932026786933 42.569259093662666 0
      vertex -29.86426827057415 47.96414238702869 0
      vertex -29.55042208609167 47.23499372427723 0
    endloop
  endfacet
  facet normal 0 0 -1
    outer loop
      vertex -29.351669665348744 43.32648313384387 0
      vertex -29.55042208609167 47.23499372427723 0
      vertex -29.325017482261284 46.473843302561185 0
    endloop
  endfacet
  facet normal 0 0 -1
    outer loop
      vertex -30.721756619172176 48.95715966472171 0
      vertex -30.639373166776966 49.15395493407739 0
      vertex -30.565533794690452 49.055514671851526 0
    endloop
  endfacet
  facet normal 0 0 -1
    outer loop
      vertex -30.721756619172176 48.95715966472171 0
      vertex -30.565533794690452 49.055514671851526 0
      vertex -30.262150323237915 48.651053641904106 0
    endloop
  endfacet
  facet normal 0 0 -1
    outer loop
      vertex -29.204638932879213 44.106572336189295 0
      vertex -29.191218645627792 45.69137600533914 0
      vertex -29.15090381856685 44.89857595827463 0
    endloop
  endfacet
  facet normal 0.4224050687181513 -0.9064071700517455 2.365979554553608e-18
    outer loop
      vertex -33.38528415592188 38.72539016515251 0
      vertex -32.6657560155134 39.06070562120361 0
      vertex -32.6657560155134 39.06070562120361 5.6
    endloop
  endfacet
  facet normal 0.5266438982452875 -0.8500859982619449 4.658402481717969e-18
    outer loop
      vertex -32.6657560155134 39.06070562120361 0
      vertex -31.99093699628412 39.478768404996764 0
      vertex -31.99093699628412 39.478768404996764 5.6
    endloop
  endfacet
  facet normal 0.6234898018587366 -0.7818314824680274 5.044063472629123e-18
    outer loop
      vertex -31.99093699628412 39.478768404996764 0
      vertex -31.370300078042497 39.973709831452446 0
      vertex -31.370300078042497 39.973709831452446 5.6
    endloop
  endfacet
  facet normal 0.7115832753605805 -0.7026017664560117 0
    outer loop
      vertex -31.370300078042497 39.973709831452446 0
      vertex -30.812557642667734 40.5385820078682 0
      vertex -31.370300078042497 39.973709831452446 5.6
    endloop
  endfacet
  facet normal 0.7896876794861386 -0.6135090617650221 0
    outer loop
      vertex -30.812557642667734 40.5385820078682 0
      vertex -30.325539171365993 41.16545536710223 0
      vertex -30.812557642667734 40.5385820078682 5.6
    endloop
  endfacet
  facet normal 0.8567065996084633 -0.5158040346752867 0
    outer loop
      vertex -30.325539171365993 41.16545536710223 0
      vertex -29.916081335916704 41.84552998131426 0
      vertex -30.325539171365993 41.16545536710223 5.6
    endloop
  endfacet
  facet normal 0.9116992369963065 -0.4108582495951037 0
    outer loop
      vertex -29.916081335916704 41.84552998131426 0
      vertex -29.589932026786933 42.569259093662666 0
      vertex -29.916081335916704 41.84552998131426 5.6
    endloop
  endfacet
  facet normal 0.953893615566092 -0.30014491530300647 0
    outer loop
      vertex -29.589932026786933 42.569259093662666 0
      vertex -29.351669665348744 43.32648313384387 0
      vertex -29.589932026786933 42.569259093662666 5.6
    endloop
  endfacet
  facet normal 0.9826974187339281 -0.18521820432580297 0
    outer loop
      vertex -29.351669665348744 43.32648313384387 0
      vertex -29.204638932879213 44.106572336189295 0
      vertex -29.351669665348744 43.32648313384387 5.6
    endloop
  endfacet
  facet normal 0.9856931629254039 0.1685496620053373 0
    outer loop
      vertex -29.191218645627792 45.69137600533914 0
      vertex -29.325017482261284 46.473843302561185 0
      vertex -29.191218645627792 45.69137600533914 5.6
    endloop
  endfacet
  facet normal 0.7999642083171585 0.6000477192786435 0
    outer loop
      vertex -30.565533794690452 49.055514671851526 0
      vertex -30.565533794690452 49.055514671851526 5.6
      vertex -30.262150323237915 48.651053641904106 0
    endloop
  endfacet
  facet normal 0.958839774271599 0.28394768404547527 0
    outer loop
      vertex -29.325017482261284 46.473843302561185 0
      vertex -29.55042208609167 47.23499372427723 0
      vertex -29.325017482261284 46.473843302561185 5.6
    endloop
  endfacet
  facet normal 0.9185263769897307 0.39535970302260065 0
    outer loop
      vertex -29.55042208609167 47.23499372427723 0
      vertex -29.86426827057415 47.96414238702869 0
      vertex -29.55042208609167 47.23499372427723 5.6
    endloop
  endfacet
  facet normal 0.8653188828095743 0.5012217384084517 0
    outer loop
      vertex -29.86426827057415 47.96414238702869 0
      vertex -30.262150323237915 48.651053641904106 0
      vertex -29.86426827057415 47.96414238702869 5.6
    endloop
  endfacet
  facet normal 0.9977063042420432 -0.06769143576320139 0
    outer loop
      vertex -29.204638932879213 44.106572336189295 0
      vertex -29.15090381856685 44.89857595827463 0
      vertex -29.204638932879213 44.106572336189295 5.6
    endloop
  endfacet
  facet normal 0.9987095802377929 0.050785572176078854 0
    outer loop
      vertex -29.15090381856685 44.89857595827463 0
      vertex -29.191218645627792 45.69137600533914 0
      vertex -29.15090381856685 44.89857595827463 5.6
    endloop
  endfacet
  facet normal 0.4224050687181513 -0.9064071700517455 0
    outer loop
      vertex -33.38528415592188 38.72539016515251 0
      vertex -32.6657560155134 39.06070562120361 5.6
      vertex -33.38528415592188 38.72539016515251 5.6
    endloop
  endfacet
  facet normal 0.5266438982452875 -0.8500859982619449 0
    outer loop
      vertex -32.6657560155134 39.06070562120361 0
      vertex -31.99093699628412 39.478768404996764 5.6
      vertex -32.6657560155134 39.06070562120361 5.6
    endloop
  endfacet
  facet normal 0.6234898018587366 -0.7818314824680274 0
    outer loop
      vertex -31.99093699628412 39.478768404996764 0
      vertex -31.370300078042497 39.973709831452446 5.6
      vertex -31.99093699628412 39.478768404996764 5.6
    endloop
  endfacet
  facet normal 0.7115832753605805 -0.7026017664560117 0
    outer loop
      vertex -30.812557642667734 40.5385820078682 0
      vertex -30.812557642667734 40.5385820078682 5.6
      vertex -31.370300078042497 39.973709831452446 5.6
    endloop
  endfacet
  facet normal 0.7896876794861386 -0.6135090617650221 0
    outer loop
      vertex -30.325539171365993 41.16545536710223 0
      vertex -30.325539171365993 41.16545536710223 5.6
      vertex -30.812557642667734 40.5385820078682 5.6
    endloop
  endfacet
  facet normal 0.8567065996084633 -0.5158040346752867 0
    outer loop
      vertex -29.916081335916704 41.84552998131426 0
      vertex -29.916081335916704 41.84552998131426 5.6
      vertex -30.325539171365993 41.16545536710223 5.6
    endloop
  endfacet
  facet normal 0.9116992369963065 -0.4108582495951037 0
    outer loop
      vertex -29.589932026786933 42.569259093662666 0
      vertex -29.589932026786933 42.569259093662666 5.6
      vertex -29.916081335916704 41.84552998131426 5.6
    endloop
  endfacet
  facet normal 0.953893615566092 -0.30014491530300647 0
    outer loop
      vertex -29.351669665348744 43.32648313384387 0
      vertex -29.351669665348744 43.32648313384387 5.6
      vertex -29.589932026786933 42.569259093662666 5.6
    endloop
  endfacet
  facet normal 0.9826974187339281 -0.18521820432580297 0
    outer loop
      vertex -29.204638932879213 44.106572336189295 0
      vertex -29.204638932879213 44.106572336189295 5.6
      vertex -29.351669665348744 43.32648313384387 5.6
    endloop
  endfacet
  facet normal 0.9856931629254039 0.1685496620053373 0
    outer loop
      vertex -29.325017482261284 46.473843302561185 0
      vertex -29.325017482261284 46.473843302561185 5.6
      vertex -29.191218645627792 45.69137600533914 5.6
    endloop
  endfacet
  facet normal 0.7999642083171585 0.6000477192786435 0
    outer loop
      vertex -30.262150323237915 48.651053641904106 0
      vertex -30.565533794690452 49.055514671851526 5.6
      vertex -30.262150323237915 48.651053641904106 5.6
    endloop
  endfacet
  facet normal 0.9185263769897307 0.39535970302260065 0
    outer loop
      vertex -29.86426827057415 47.96414238702869 0
      vertex -29.86426827057415 47.96414238702869 5.6
      vertex -29.55042208609167 47.23499372427723 5.6
    endloop
  endfacet
  facet normal 0.958839774271599 0.28394768404547527 0
    outer loop
      vertex -29.55042208609167 47.23499372427723 0
      vertex -29.55042208609167 47.23499372427723 5.6
      vertex -29.325017482261284 46.473843302561185 5.6
    endloop
  endfacet
  facet normal 0.8653188828095743 0.5012217384084517 0
    outer loop
      vertex -30.262150323237915 48.651053641904106 0
      vertex -30.262150323237915 48.651053641904106 5.6
      vertex -29.86426827057415 47.96414238702869 5.6
    endloop
  endfacet
  facet normal 0.9977063042420432 -0.06769143576320139 0
    outer loop
      vertex -29.15090381856685 44.89857595827463 0
      vertex -29.15090381856685 44.89857595827463 5.6
      vertex -29.204638932879213 44.106572336189295 5.6
    endloop
  endfacet
  facet normal 0.9987095802377929 0.050785572176078854 0
    outer loop
      vertex -29.191218645627792 45.69137600533914 0
      vertex -29.191218645627792 45.69137600533914 5.6
      vertex -29.15090381856685 44.89857595827463 5.6
    endloop
  endfacet
  facet normal 0 0 1
    outer loop
      vertex -33.97398758250495 46.76118227487196 5.6
      vertex -33.38528415592188 38.72539016515251 5.6
      vertex -32.6657560155134 39.06070562120361 5.6
    endloop
  endfacet
  facet normal 0 0 1
    outer loop
      vertex -33.97398758250495 46.76118227487196 5.6
      vertex -32.6657560155134 39.06070562120361 5.6
      vertex -31.99093699628412 39.478768404996764 5.6
    endloop
  endfacet
  facet normal 0 0 1
    outer loop
      vertex -31.99093699628412 39.478768404996764 5.6
      vertex -31.370300078042497 39.973709831452446 5.6
      vertex -32.32134982060917 47.91837169368141 5.6
    endloop
  endfacet
  facet normal 0 0 1
    outer loop
      vertex -31.370300078042497 39.973709831452446 5.6
      vertex -30.812557642667734 40.5385820078682 5.6
      vertex -32.32134982060917 47.91837169368141 5.6
    endloop
  endfacet
  facet normal 0 0 1
    outer loop
      vertex -30.812557642667734 40.5385820078682 5.6
      vertex -30.325539171365993 41.16545536710223 5.6
      vertex -32.32134982060917 47.91837169368141 5.6
    endloop
  endfacet
  facet normal 0 0 1
    outer loop
      vertex -33.97398758250495 46.76118227487196 5.6
      vertex -31.99093699628412 39.478768404996764 5.6
      vertex -32.32134982060917 47.91837169368141 5.6
    endloop
  endfacet
  facet normal 0 0 1
    outer loop
      vertex -30.325539171365993 41.16545536710223 5.6
      vertex -30.262150323237915 48.651053641904106 5.6
      vertex -32.32134982060917 47.91837169368141 5.6
    endloop
  endfacet
  facet normal 0 0 1
    outer loop
      vertex -30.325539171365993 41.16545536710223 5.6
      vertex -29.916081335916704 41.84552998131426 5.6
      vertex -30.262150323237915 48.651053641904106 5.6
    endloop
  endfacet
  facet normal 0 0 1
    outer loop
      vertex -29.916081335916704 41.84552998131426 5.6
      vertex -29.589932026786933 42.569259093662666 5.6
      vertex -29.86426827057415 47.96414238702869 5.6
    endloop
  endfacet
  facet normal 0 0 1
    outer loop
      vertex -29.589932026786933 42.569259093662666 5.6
      vertex -29.351669665348744 43.32648313384387 5.6
      vertex -29.55042208609167 47.23499372427723 5.6
    endloop
  endfacet
  facet normal 0 0 1
    outer loop
      vertex -29.351669665348744 43.32648313384387 5.6
      vertex -29.204638932879213 44.106572336189295 5.6
      vertex -29.325017482261284 46.473843302561185 5.6
    endloop
  endfacet
  facet normal 0 0 1
    outer loop
      vertex -29.916081335916704 41.84552998131426 5.6
      vertex -29.86426827057415 47.96414238702869 5.6
      vertex -30.262150323237915 48.651053641904106 5.6
    endloop
  endfacet
  facet normal 0 0 1
    outer loop
      vertex -29.204638932879213 44.106572336189295 5.6
      vertex -29.191218645627792 45.69137600533914 5.6
      vertex -29.325017482261284 46.473843302561185 5.6
    endloop
  endfacet
  facet normal 0 0 1
    outer loop
      vertex -29.589932026786933 42.569259093662666 5.6
      vertex -29.55042208609167 47.23499372427723 5.6
      vertex -29.86426827057415 47.96414238702869 5.6
    endloop
  endfacet
  facet normal 0 0 1
    outer loop
      vertex -29.351669665348744 43.32648313384387 5.6
      vertex -29.325017482261284 46.473843302561185 5.6
      vertex -29.55042208609167 47.23499372427723 5.6
    endloop
  endfacet
  facet normal 0 0 1
    outer loop
      vertex -32.32134982060917 47.91837169368141 5.6
      vertex -30.262150323237915 48.651053641904106 5.6
      vertex -30.629333472679242 49.01717995784142 5.6
    endloop
  endfacet
  facet normal 0 0 1
    outer loop
      vertex -30.565533794690452 49.055514671851526 5.6
      vertex -30.629333472679242 49.01717995784142 5.6
      vertex -30.262150323237915 48.651053641904106 5.6
    endloop
  endfacet
  facet normal 0 0 1
    outer loop
      vertex -29.204638932879213 44.106572336189295 5.6
      vertex -29.15090381856685 44.89857595827463 5.6
      vertex -29.191218645627792 45.69137600533914 5.6
    endloop
  endfacet
  facet normal 0 0 -1
    outer loop
      vertex -17.92177826280443 54.95020176996015 0
      vertex -18.739428046342734 54.6686623714876 0
      vertex -18.997336749235856 57.75766884129887 0
    endloop
  endfacet
  facet normal 0 0 -1
    outer loop
      vertex -17.92177826280443 54.95020176996015 0
      vertex -18.997336749235856 57.75766884129887 0
      vertex -17.915208675802425 55.1052734463731 0
    endloop
  endfacet
  facet normal 0 0 -1
    outer loop
      vertex -17.585951184249797 55.0552132307544 0
      vertex -17.915208675802425 55.1052734463731 0
      vertex -18.997336749235856 57.75766884129887 0
    endloop
  endfacet
  facet normal 0 0 -1
    outer loop
      vertex -16.05523469871041 55.52320022499836 0
      vertex -17.585951184249797 55.0552132307544 0
      vertex -18.997336749235856 57.75766884129887 0
    endloop
  endfacet
  facet normal 0 0 -1
    outer loop
      vertex -16.05523469871041 55.52320022499836 0
      vertex -18.997336749235856 57.75766884129887 0
      vertex -15.86812815472111 56.13690904090662 0
    endloop
  endfacet
  facet normal 0 0 -1
    outer loop
      vertex -18.75975382433201 61.6784241592812 0
      vertex -18.818369293063665 61.250623352877106 0
      vertex -18.638644564811962 64.14316499925754 0
    endloop
  endfacet
  facet normal 0 0 -1
    outer loop
      vertex -14.174757507112306 56.03173463682896 0
      vertex -15.669568948725196 55.631201118211976 0
      vertex -15.86812815472111 56.13690904090662 0
    endloop
  endfacet
  facet normal 0 0 -1
    outer loop
      vertex -13.490785116043401 61.144318660122515 0
      vertex -13.816307432739826 57.79769992271648 0
      vertex -14.174757507112306 56.03173463682896 0
    endloop
  endfacet
  facet normal 0 0 -1
    outer loop
      vertex -13.782058806192397 56.1295036630789 0
      vertex -13.816307432739826 57.79769992271648 0
      vertex -13.490785116043401 61.144318660122515 0
    endloop
  endfacet
  facet normal 0 0 -1
    outer loop
      vertex -12.180812047702782 56.49918060575707 0
      vertex -13.490785116043401 61.144318660122515 0
      vertex -11.988336339957165 56.88306416695306 0
    endloop
  endfacet
  facet normal 0 0 -1
    outer loop
      vertex -10.29033926088539 56.872617654605264 0
      vertex -11.814353839503855 56.57637922968301 0
      vertex -11.988336339957165 56.88306416695306 0
    endloop
  endfacet
  facet normal 0 0 -1
    outer loop
      vertex -8.291227876583713 57.198369830505925 0
      vertex -9.873250951124373 56.9478019912643 0
      vertex -10.003072603882067 57.40576407348571 0
    endloop
  endfacet
  facet normal 0 0 -1
    outer loop
      vertex -6.253799650353951 57.45732853687202 0
      vertex -7.932809485505423 57.25117205151129 0
      vertex -7.982983371382692 58.334335702392465 0
    endloop
  endfacet
  facet normal 0 0 1
    outer loop
      vertex -18.712089358113605 57.589889363618504 14
      vertex -17.861182274871958 54.97106664185987 14
      vertex -15.93183916622255 55.56092602523483 14
    endloop
  endfacet
  facet normal 0 0 1
    outer loop
      vertex -16.309901013141335 56.87938437084457 14
      vertex -15.93183916622255 55.56092602523483 14
      vertex -13.983085565660794 56.083092978752596 14
    endloop
  endfacet
  facet normal 0 0 1
    outer loop
      vertex -14.194428365323425 56.930742650079566 14
      vertex -13.983085565660794 56.083092978752596 14
      vertex -12.01729572926649 56.53693132241396 14
    endloop
  endfacet
  facet normal 0 0 1
    outer loop
      vertex -12.321979957945093 57.14575921372013 14
      vertex -12.01729572926649 56.53693132241396 14
      vertex -10.036864669148573 56.92188812410562 14
    endloop
  endfacet
  facet normal 0 0 1
    outer loop
      vertex -10.232672319386511 57.34985728942545 14
      vertex -10.036864669148573 56.92188812410562 14
      vertex -8.044205235491782 57.23749437326276 14
    endloop
  endfacet
  facet normal 0 0 1
    outer loop
      vertex -15.98713200212683 57.8 14
      vertex -0.01276671006596304 66.79977715624688 14
      vertex -18.128629098953745 64.2883644623187 14
    endloop
  endfacet
  facet normal 0 0 1
    outer loop
      vertex -8.16809015051914 57.53532270821267 14
      vertex -8.044205235491782 57.23749437326276 14
      vertex -8.08577961486846 57.5333114535065 14
    endloop
  endfacet
  facet normal 0 0 1
    outer loop
      vertex -8.08577961486846 57.5333114535065 14
      vertex -8.044205235491782 57.23749437326276 14
      vertex -6.0417451768703705 57.483365552286195 14
    endloop
  endfacet
  facet normal 0 0 1
    outer loop
      vertex -6.06223364493312 57.678300304543896 14
      vertex -8.08577961486846 57.5333114535065 14
      vertex -6.0417451768703705 57.483365552286195 14
    endloop
  endfacet
  facet normal 0 0 1
    outer loop
      vertex -6.1151465721897065 57.678798032432624 14
      vertex -8.08577961486846 57.5333114535065 14
      vertex -6.06223364493312 57.678300304543896 14
    endloop
  endfacet
  facet normal 0 0 1
    outer loop
      vertex -6.06223364493312 57.678300304543896 14
      vertex -6.0417451768703705 57.483365552286195 14
      vertex -4.031924182410442 57.65920210501783 14
    endloop
  endfacet
  facet normal 0 0 1
    outer loop
      vertex -4.0688587287131295 57.769043493208514 14
      vertex -6.06223364493312 57.678300304543896 14
      vertex -4.031924182410442 57.65920210501783 14
    endloop
  endfacet
  facet normal 0 0 1
    outer loop
      vertex -2.0276777540854405 57.8 14
      vertex -0.01276671006596304 66.79977715624688 14
      vertex -15.98713200212683 57.8 14
    endloop
  endfacet
  facet normal 0 0 1
    outer loop
      vertex -4.0688587287131295 57.769043493208514 14
      vertex -4.031924182410442 57.65920210501783 14
      vertex -4.039600798744351 57.768982833189874 14
    endloop
  endfacet
  facet normal 0 0 1
    outer loop
      vertex -2.0276777540854405 57.8 14
      vertex -2.017190909404556 57.764789801703735 14
      vertex -2.0184204766230183 57.8 14
    endloop
  endfacet
  facet normal 0 0 1
    outer loop
      vertex -2.0184204766230183 57.8 14
      vertex -2.017190909404556 57.764789801703735 14
      vertex 0 57.8 14
    endloop
  endfacet
  facet normal 0 0 1
    outer loop
      vertex -2.0276777540854405 57.8 14
      vertex -2.0184204766230183 57.8 14
      vertex -0.01276671006596304 66.79977715624688 14
    endloop
  endfacet
  facet normal 0 0 -1
    outer loop
      vertex -10.935517528697956 187.98930920266338 0
      vertex -18.98003040896907 57.94869670838967 0
      vertex -18.75975382433201 61.6784241592812 0
    endloop
  endfacet
  facet normal 0 0 -1
    outer loop
      vertex -10.992829049286446 187.1971265455293 0
      vertex -18.75975382433201 61.6784241592812 0
      vertex -18.638644564811962 64.14316499925754 0
    endloop
  endfacet
  facet normal 0 0 -1
    outer loop
      vertex -0.19859564175616365 197.79820711621107 0
      vertex -18.997336749235856 57.75766884129887 0
      vertex -18.98003040896907 57.94869670838967 0
    endloop
  endfacet
  facet normal 0 0 -1
    outer loop
      vertex -0.19859564175616365 197.79820711621107 0
      vertex -15.86812815472111 56.13690904090662 0
      vertex -18.997336749235856 57.75766884129887 0
    endloop
  endfacet
  facet normal 0 0 -1
    outer loop
      vertex -0.19859564175616365 197.79820711621107 0
      vertex -14.174757507112306 56.03173463682896 0
      vertex -15.86812815472111 56.13690904090662 0
    endloop
  endfacet
  facet normal 0 0 -1
    outer loop
      vertex -0.19859564175616365 197.79820711621107 0
      vertex -13.490785116043401 61.144318660122515 0
      vertex -14.174757507112306 56.03173463682896 0
    endloop
  endfacet
  facet normal 0 0 -1
    outer loop
      vertex -0.19859564175616365 197.79820711621107 0
      vertex -11.988336339957165 56.88306416695306 0
      vertex -13.490785116043401 61.144318660122515 0
    endloop
  endfacet
  facet normal 0 0 -1
    outer loop
      vertex -0.19859564175616365 197.79820711621107 0
      vertex -10.29033926088539 56.872617654605264 0
      vertex -11.988336339957165 56.88306416695306 0
    endloop
  endfacet
  facet normal 0 0 -1
    outer loop
      vertex -0.19859564175616365 197.79820711621107 0
      vertex -10.003072603882067 57.40576407348571 0
      vertex -10.29033926088539 56.872617654605264 0
    endloop
  endfacet
  facet normal 0 0 -1
    outer loop
      vertex -0.19859564175616365 197.79820711621107 0
      vertex -8.291227876583713 57.198369830505925 0
      vertex -10.003072603882067 57.40576407348571 0
    endloop
  endfacet
  facet normal 0 0 -1
    outer loop
      vertex -0.19859564175616365 197.79820711621107 0
      vertex -7.982983371382692 58.334335702392465 0
      vertex -8.291227876583713 57.198369830505925 0
    endloop
  endfacet
  facet normal 0 0 -1
    outer loop
      vertex -0.19859564175616365 197.79820711621107 0
      vertex -6.253799650353951 57.45732853687202 0
      vertex -7.982983371382692 58.334335702392465 0
    endloop
  endfacet
  facet normal 0 0 -1
    outer loop
      vertex -0.19859564175616365 197.79820711621107 0
      vertex -6.0417451768703705 57.483365552286195 0
      vertex -6.253799650353951 57.45732853687202 0
    endloop
  endfacet
  facet normal 0 0 -1
    outer loop
      vertex -0.19859564175616365 197.79820711621107 0
      vertex -4.031924182410442 57.65920210501783 0
      vertex -6.0417451768703705 57.483365552286195 0
    endloop
  endfacet
  facet normal 0 0 -1
    outer loop
      vertex -0.19859564175616365 197.79820711621107 0
      vertex -2.017190909404556 57.764789801703735 0
      vertex -4.031924182410442 57.65920210501783 0
    endloop
  endfacet
  facet normal 0 0 -1
    outer loop
      vertex -0.19859564175616365 197.79820711621107 0
      vertex 0 57.8 0
      vertex -2.017190909404556 57.764789801703735 0
    endloop
  endfacet
  facet normal 0 0 -1
    outer loop
      vertex -10.992829049286446 187.1971265455293 0
      vertex -10.935517528697956 187.98930920266338 0
      vertex -18.75975382433201 61.6784241592812 0
    endloop
  endfacet
  facet normal 0 0 -1
    outer loop
      vertex -10.935517528697956 187.98930920266338 0
      vertex -0.19859564175616365 197.79820711621107 0
      vertex -18.98003040896907 57.94869670838967 0
    endloop
  endfacet
  facet normal -0.9980752639911755 0.0620142516599634 0
    outer loop
      vertex -10.992829049286446 187.1971265455293 0
      vertex -18.638644564811962 64.14316499925754 0
      vertex -10.992829049286446 187.1971265455293 14
    endloop
  endfacet
  facet normal 0 0 -1
    outer loop
      vertex -10.935517528697956 187.98930920266338 0
      vertex -10.82119328325203 188.7752913523076 0
      vertex -10.650452346628196 189.5509752474717 0
    endloop
  endfacet
  facet normal 0 0 -1
    outer loop
      vertex -10.935517528697956 187.98930920266338 0
      vertex -10.650452346628196 189.5509752474717 0
      vertex -10.424184883010827 190.3123168314958 0
    endloop
  endfacet
  facet normal 0 0 -1
    outer loop
      vertex -10.935517528697956 187.98930920266338 0
      vertex -10.424184883010827 190.3123168314958 0
      vertex -9.810072329369204 191.7761914043317 0
    endloop
  endfacet
  facet normal 0 0 -1
    outer loop
      vertex -10.424184883010827 190.3123168314958 0
      vertex -10.143570546185263 191.05534682188923 0
      vertex -9.810072329369204 191.7761914043317 0
    endloop
  endfacet
  facet normal 0 0 -1
    outer loop
      vertex -10.935517528697956 187.98930920266338 0
      vertex -9.810072329369204 191.7761914043317 0
      vertex -7.419281541545654 194.9212229009725 0
    endloop
  endfacet
  facet normal 0 0 -1
    outer loop
      vertex -9.810072329369204 191.7761914043317 0
      vertex -9.425428937843481 192.47109242894726 0
      vertex -8.991645724147808 193.13642700355766 0
    endloop
  endfacet
  facet normal 0 0 -1
    outer loop
      vertex -9.810072329369204 191.7761914043317 0
      vertex -8.991645724147808 193.13642700355766 0
      vertex -8.510984233101198 193.76872638176468 0
    endloop
  endfacet
  facet normal 0 0 -1
    outer loop
      vertex -9.810072329369204 191.7761914043317 0
      vertex -8.510984233101198 193.76872638176468 0
      vertex -7.419281541545654 194.9212229009725 0
    endloop
  endfacet
  facet normal 0 0 -1
    outer loop
      vertex -8.510984233101198 193.76872638176468 0
      vertex -7.985950411154442 194.36469404738767 0
      vertex -7.419281541545654 194.9212229009725 0
    endloop
  endfacet
  facet normal 0 0 -1
    outer loop
      vertex -7.419281541545654 194.9212229009725 0
      vertex -6.813931973372953 195.4354114587694 0
      vertex -6.173057718986207 195.9045789797258 0
    endloop
  endfacet
  facet normal 0 0 -1
    outer loop
      vertex -7.419281541545654 194.9212229009725 0
      vertex -6.173057718986207 195.9045789797258 0
      vertex -5.5 196.32627944162883 0
    endloop
  endfacet
  facet normal 0 0 -1
    outer loop
      vertex -10.935517528697956 187.98930920266338 0
      vertex -7.419281541545654 194.9212229009725 0
      vertex -0.19859564175616365 197.79820711621107 0
    endloop
  endfacet
  facet normal 0 0 -1
    outer loop
      vertex -7.419281541545654 194.9212229009725 0
      vertex -5.5 196.32627944162883 0
      vertex -4.071519708739056 197.01874391798472 0
    endloop
  endfacet
  facet normal 0 0 -1
    outer loop
      vertex -5.5 196.32627944162883 0
      vertex -4.798267827711241 196.69831429353258 0
      vertex -4.071519708739056 197.01874391798472 0
    endloop
  endfacet
  facet normal 0 0 -1
    outer loop
      vertex -7.419281541545654 194.9212229009725 0
      vertex -4.071519708739056 197.01874391798472 0
      vertex -0.19859564175616365 197.79820711621107 0
    endloop
  endfacet
  facet normal 0 0 -1
    outer loop
      vertex -4.071519708739056 197.01874391798472 0
      vertex -3.3235445712653005 197.28589774329376 0
      vertex -2.5582420113174154 197.49838295311636 0
    endloop
  endfacet
  facet normal 0 0 -1
    outer loop
      vertex -4.071519708739056 197.01874391798472 0
      vertex -2.5582420113174154 197.49838295311636 0
      vertex -1.7796019620804118 197.6550917479568 0
    endloop
  endfacet
  facet normal 0 0 -1
    outer loop
      vertex -4.071519708739056 197.01874391798472 0
      vertex -1.7796019620804118 197.6550917479568 0
      vertex -0.19859564175616365 197.79820711621107 0
    endloop
  endfacet
  facet normal 0 0 -1
    outer loop
      vertex -1.7796019620804118 197.6550917479568 0
      vertex -0.9916838922327169 197.75520712072057 0
      vertex -0.19859564175616365 197.79820711621107 0
    endloop
  endfacet
  facet normal -0.9973932315179499 0.07215775580061308 0
    outer loop
      vertex -10.992829049286446 187.1971265455293 0
      vertex -10.992829049286446 187.1971265455293 14
      vertex -10.935517528697956 187.98930920266338 0
    endloop
  endfacet
  facet normal -0.989586516555637 0.1439393144741216 0
    outer loop
      vertex -10.935517528697956 187.98930920266338 0
      vertex -10.935517528697956 187.98930920266338 14
      vertex -10.82119328325203 188.7752913523076 0
    endloop
  endfacet
  facet normal -0.9766205557100874 0.21497044021102066 0
    outer loop
      vertex -10.82119328325203 188.7752913523076 0
      vertex -10.82119328325203 188.7752913523076 14
      vertex -10.650452346628196 189.5509752474717 0
    endloop
  endfacet
  facet normal -0.958562947497441 0.28488080961170076 8.532769976009841e-19
    outer loop
      vertex -10.650452346628196 189.5509752474717 0
      vertex -10.424184883010827 190.3123168314958 14
      vertex -10.424184883010827 190.3123168314958 0
    endloop
  endfacet
  facet normal -0.935507835925598 0.35330594238111007 -5.111352465095985e-19
    outer loop
      vertex -10.424184883010827 190.3123168314958 0
      vertex -10.143570546185263 191.05534682188923 14
      vertex -10.143570546185263 191.05534682188923 0
    endloop
  endfacet
  facet normal -0.9075754196709608 0.4198891015602565 0
    outer loop
      vertex -10.143570546185263 191.05534682188923 0
      vertex -10.143570546185263 191.05534682188923 14
      vertex -9.810072329369204 191.7761914043317 0
    endloop
  endfacet
  facet normal -0.8749113254181512 0.48428315338761674 0
    outer loop
      vertex -9.810072329369204 191.7761914043317 0
      vertex -9.810072329369204 191.7761914043317 14
      vertex -9.425428937843481 192.47109242894726 0
    endloop
  endfacet
  facet normal -0.8376858486299645 0.5461523770936975 -5.960596391461563e-19
    outer loop
      vertex -9.425428937843481 192.47109242894726 0
      vertex -8.991645724147808 193.13642700355766 14
      vertex -8.991645724147808 193.13642700355766 0
    endloop
  endfacet
  facet normal -0.7960930657056425 0.6051742151937668 1.0365839395321997e-18
    outer loop
      vertex -8.991645724147808 193.13642700355766 0
      vertex -8.510984233101198 193.76872638176468 14
      vertex -8.510984233101198 193.76872638176468 0
    endloop
  endfacet
  facet normal -0.7503498221564041 0.6610409551531983 0
    outer loop
      vertex -8.510984233101198 193.76872638176468 0
      vertex -8.510984233101198 193.76872638176468 14
      vertex -7.985950411154442 194.36469404738767 0
    endloop
  endfacet
  facet normal -0.7006946020733462 0.7134613336581562 1.2162620983925495e-18
    outer loop
      vertex -7.985950411154442 194.36469404738767 0
      vertex -7.419281541545654 194.9212229009725 14
      vertex -7.419281541545654 194.9212229009725 0
    endloop
  endfacet
  facet normal -0.6473862847818194 0.7621620551276435 0
    outer loop
      vertex -7.419281541545654 194.9212229009725 0
      vertex -7.419281541545654 194.9212229009725 14
      vertex -6.813931973372953 195.4354114587694 0
    endloop
  endfacet
  facet normal -0.5907027951645539 0.8068892165500684 2.1734651283209144e-18
    outer loop
      vertex -6.813931973372953 195.4354114587694 0
      vertex -6.173057718986207 195.9045789797258 14
      vertex -6.173057718986207 195.9045789797258 0
    endloop
  endfacet
  facet normal -0.5309396546898738 0.8474096312160946 -1.6902354875165027e-18
    outer loop
      vertex -6.173057718986207 195.9045789797258 0
      vertex -5.5 196.32627944162883 14
      vertex -5.5 196.32627944162883 0
    endloop
  endfacet
  facet normal -0.4684084406997904 0.8835120444460228 0
    outer loop
      vertex -5.5 196.32627944162883 0
      vertex -5.5 196.32627944162883 14
      vertex -4.798267827711241 196.69831429353258 0
    endloop
  endfacet
  facet normal -0.4034351619898218 0.9150082349740063 5.724341196636128e-19
    outer loop
      vertex -4.798267827711241 196.69831429353258 0
      vertex -4.071519708739056 197.01874391798472 14
      vertex -4.071519708739056 197.01874391798472 0
    endloop
  endfacet
  facet normal -0.33635855915016893 0.9417339962465103 0
    outer loop
      vertex -4.071519708739056 197.01874391798472 0
      vertex -4.071519708739056 197.01874391798472 14
      vertex -3.3235445712653005 197.28589774329376 0
    endloop
  endfacet
  facet normal -0.26752833852921765 0.9635499925192237 4.038233292220446e-19
    outer loop
      vertex -3.3235445712653005 197.28589774329376 0
      vertex -2.5582420113174154 197.49838295311636 14
      vertex -2.5582420113174154 197.49838295311636 0
    endloop
  endfacet
  facet normal -0.19730334902639274 0.9803424852891818 5.813555900512908e-19
    outer loop
      vertex -2.5582420113174154 197.49838295311636 0
      vertex -1.7796019620804118 197.6550917479568 14
      vertex -1.7796019620804118 197.6550917479568 0
    endloop
  endfacet
  facet normal -0.12604971122031716 0.9920239262746009 0
    outer loop
      vertex -1.7796019620804118 197.6550917479568 0
      vertex -1.7796019620804118 197.6550917479568 14
      vertex -0.9916838922327169 197.75520712072057 0
    endloop
  endfacet
  facet normal -0.054138908585414154 0.998533413851124 2.436999832289261e-19
    outer loop
      vertex -0.9916838922327169 197.75520712072057 0
      vertex -0.19859564175616365 197.79820711621107 14
      vertex -0.19859564175616365 197.79820711621107 0
    endloop
  endfacet
  facet normal -0.9980752639911755 0.0620142516599634 2.357624153801149e-17
    outer loop
      vertex -10.992829049286446 187.1971265455293 14
      vertex -18.638644564811962 64.14316499925754 0
      vertex -18.638644564811962 64.14316499925754 14
    endloop
  endfacet
  facet normal 0 0 1
    outer loop
      vertex -10.935517528697956 187.98930920266338 14
      vertex -18.638290989652305 64.14327309803204 14
      vertex -18.964831211466198 58.36774880483694 14
    endloop
  endfacet
  facet normal 0 0 1
    outer loop
      vertex -10.935517528697956 187.98930920266338 14
      vertex -18.964831211466198 58.36774880483694 14
      vertex -18.328371762207798 62.80104924865896 14
    endloop
  endfacet
  facet normal 0 0 1
    outer loop
      vertex -10.935517528697956 187.98930920266338 14
      vertex -18.328371762207798 62.80104924865896 14
      vertex -18.128629098953745 64.2883644623187 14
    endloop
  endfacet
  facet normal 0 0 1
    outer loop
      vertex -10.992829049286446 187.1971265455293 14
      vertex -18.638644564811962 64.14316499925754 14
      vertex -18.638290989652305 64.14327309803204 14
    endloop
  endfacet
  facet normal 0 0 1
    outer loop
      vertex -0.19859564175616365 197.79820711621107 14
      vertex -18.128629098953745 64.2883644623187 14
      vertex -0.01276671006596304 66.79977715624688 14
    endloop
  endfacet
  facet normal 0 0 1
    outer loop
      vertex -10.992829049286446 187.1971265455293 14
      vertex -18.638290989652305 64.14327309803204 14
      vertex -10.935517528697956 187.98930920266338 14
    endloop
  endfacet
  facet normal -0.9973932315179499 0.07215775580061308 0
    outer loop
      vertex -10.935517528697956 187.98930920266338 0
      vertex -10.992829049286446 187.1971265455293 14
      vertex -10.935517528697956 187.98930920266338 14
    endloop
  endfacet
  facet normal -0.989586516555637 0.1439393144741216 0
    outer loop
      vertex -10.82119328325203 188.7752913523076 0
      vertex -10.935517528697956 187.98930920266338 14
      vertex -10.82119328325203 188.7752913523076 14
    endloop
  endfacet
  facet normal -0.9766205557100874 0.21497044021102066 0
    outer loop
      vertex -10.650452346628196 189.5509752474717 0
      vertex -10.82119328325203 188.7752913523076 14
      vertex -10.650452346628196 189.5509752474717 14
    endloop
  endfacet
  facet normal -0.958562947497441 0.28488080961170076 0
    outer loop
      vertex -10.650452346628196 189.5509752474717 0
      vertex -10.650452346628196 189.5509752474717 14
      vertex -10.424184883010827 190.3123168314958 14
    endloop
  endfacet
  facet normal -0.935507835925598 0.35330594238111007 0
    outer loop
      vertex -10.424184883010827 190.3123168314958 0
      vertex -10.424184883010827 190.3123168314958 14
      vertex -10.143570546185263 191.05534682188923 14
    endloop
  endfacet
  facet normal -0.9075754196709608 0.4198891015602565 0
    outer loop
      vertex -9.810072329369204 191.7761914043317 0
      vertex -10.143570546185263 191.05534682188923 14
      vertex -9.810072329369204 191.7761914043317 14
    endloop
  endfacet
  facet normal -0.8749113254181512 0.48428315338761674 0
    outer loop
      vertex -9.425428937843481 192.47109242894726 0
      vertex -9.810072329369204 191.7761914043317 14
      vertex -9.425428937843481 192.47109242894726 14
    endloop
  endfacet
  facet normal -0.8376858486299645 0.5461523770936975 0
    outer loop
      vertex -9.425428937843481 192.47109242894726 0
      vertex -9.425428937843481 192.47109242894726 14
      vertex -8.991645724147808 193.13642700355766 14
    endloop
  endfacet
  facet normal -0.7960930657056425 0.6051742151937668 0
    outer loop
      vertex -8.991645724147808 193.13642700355766 0
      vertex -8.991645724147808 193.13642700355766 14
      vertex -8.510984233101198 193.76872638176468 14
    endloop
  endfacet
  facet normal -0.7503498221564041 0.6610409551531983 0
    outer loop
      vertex -7.985950411154442 194.36469404738767 0
      vertex -8.510984233101198 193.76872638176468 14
      vertex -7.985950411154442 194.36469404738767 14
    endloop
  endfacet
  facet normal -0.7006946020733462 0.7134613336581562 0
    outer loop
      vertex -7.985950411154442 194.36469404738767 0
      vertex -7.985950411154442 194.36469404738767 14
      vertex -7.419281541545654 194.9212229009725 14
    endloop
  endfacet
  facet normal -0.6473862847818194 0.7621620551276435 0
    outer loop
      vertex -6.813931973372953 195.4354114587694 0
      vertex -7.419281541545654 194.9212229009725 14
      vertex -6.813931973372953 195.4354114587694 14
    endloop
  endfacet
  facet normal -0.5907027951645539 0.8068892165500684 0
    outer loop
      vertex -6.813931973372953 195.4354114587694 0
      vertex -6.813931973372953 195.4354114587694 14
      vertex -6.173057718986207 195.9045789797258 14
    endloop
  endfacet
  facet normal -0.5309396546898738 0.8474096312160946 0
    outer loop
      vertex -6.173057718986207 195.9045789797258 0
      vertex -6.173057718986207 195.9045789797258 14
      vertex -5.5 196.32627944162883 14
    endloop
  endfacet
  facet normal -0.4684084406997904 0.8835120444460228 0
    outer loop
      vertex -4.798267827711241 196.69831429353258 0
      vertex -5.5 196.32627944162883 14
      vertex -4.798267827711241 196.69831429353258 14
    endloop
  endfacet
  facet normal -0.4034351619898218 0.9150082349740063 0
    outer loop
      vertex -4.798267827711241 196.69831429353258 0
      vertex -4.798267827711241 196.69831429353258 14
      vertex -4.071519708739056 197.01874391798472 14
    endloop
  endfacet
  facet normal -0.33635855915016893 0.9417339962465103 0
    outer loop
      vertex -3.3235445712653005 197.28589774329376 0
      vertex -4.071519708739056 197.01874391798472 14
      vertex -3.3235445712653005 197.28589774329376 14
    endloop
  endfacet
  facet normal -0.26752833852921765 0.9635499925192237 0
    outer loop
      vertex -3.3235445712653005 197.28589774329376 0
      vertex -3.3235445712653005 197.28589774329376 14
      vertex -2.5582420113174154 197.49838295311636 14
    endloop
  endfacet
  facet normal -0.19730334902639274 0.9803424852891818 0
    outer loop
      vertex -2.5582420113174154 197.49838295311636 0
      vertex -2.5582420113174154 197.49838295311636 14
      vertex -1.7796019620804118 197.6550917479568 14
    endloop
  endfacet
  facet normal -0.12604971122031716 0.9920239262746009 0
    outer loop
      vertex -0.9916838922327169 197.75520712072057 0
      vertex -1.7796019620804118 197.6550917479568 14
      vertex -0.9916838922327169 197.75520712072057 14
    endloop
  endfacet
  facet normal -0.054138908585414154 0.998533413851124 0
    outer loop
      vertex -0.9916838922327169 197.75520712072057 0
      vertex -0.9916838922327169 197.75520712072057 14
      vertex -0.19859564175616365 197.79820711621107 14
    endloop
  endfacet
  facet normal 0 0 1
    outer loop
      vertex -10.935517528697956 187.98930920266338 14
      vertex -18.128629098953745 64.2883644623187 14
      vertex -0.19859564175616365 197.79820711621107 14
    endloop
  endfacet
  facet normal 0 0 1
    outer loop
      vertex -10.935517528697956 187.98930920266338 14
      vertex -10.650452346628196 189.5509752474717 14
      vertex -10.82119328325203 188.7752913523076 14
    endloop
  endfacet
  facet normal 0 0 1
    outer loop
      vertex -10.935517528697956 187.98930920266338 14
      vertex -10.424184883010827 190.3123168314958 14
      vertex -10.650452346628196 189.5509752474717 14
    endloop
  endfacet
  facet normal 0 0 1
    outer loop
      vertex -10.935517528697956 187.98930920266338 14
      vertex -9.810072329369204 191.7761914043317 14
      vertex -10.424184883010827 190.3123168314958 14
    endloop
  endfacet
  facet normal 0 0 1
    outer loop
      vertex -10.424184883010827 190.3123168314958 14
      vertex -9.810072329369204 191.7761914043317 14
      vertex -10.143570546185263 191.05534682188923 14
    endloop
  endfacet
  facet normal 0 0 1
    outer loop
      vertex -10.935517528697956 187.98930920266338 14
      vertex -7.419281541545654 194.9212229009725 14
      vertex -9.810072329369204 191.7761914043317 14
    endloop
  endfacet
  facet normal 0 0 1
    outer loop
      vertex -9.810072329369204 191.7761914043317 14
      vertex -8.991645724147808 193.13642700355766 14
      vertex -9.425428937843481 192.47109242894726 14
    endloop
  endfacet
  facet normal 0 0 1
    outer loop
      vertex -9.810072329369204 191.7761914043317 14
      vertex -8.510984233101198 193.76872638176468 14
      vertex -8.991645724147808 193.13642700355766 14
    endloop
  endfacet
  facet normal 0 0 1
    outer loop
      vertex -9.810072329369204 191.7761914043317 14
      vertex -7.419281541545654 194.9212229009725 14
      vertex -8.510984233101198 193.76872638176468 14
    endloop
  endfacet
  facet normal 0 0 1
    outer loop
      vertex -8.510984233101198 193.76872638176468 14
      vertex -7.419281541545654 194.9212229009725 14
      vertex -7.985950411154442 194.36469404738767 14
    endloop
  endfacet
  facet normal 0 0 1
    outer loop
      vertex -7.419281541545654 194.9212229009725 14
      vertex -6.173057718986207 195.9045789797258 14
      vertex -6.813931973372953 195.4354114587694 14
    endloop
  endfacet
  facet normal 0 0 1
    outer loop
      vertex -7.419281541545654 194.9212229009725 14
      vertex -5.5 196.32627944162883 14
      vertex -6.173057718986207 195.9045789797258 14
    endloop
  endfacet
  facet normal 0 0 1
    outer loop
      vertex -10.935517528697956 187.98930920266338 14
      vertex -0.19859564175616365 197.79820711621107 14
      vertex -7.419281541545654 194.9212229009725 14
    endloop
  endfacet
  facet normal 0 0 1
    outer loop
      vertex -7.419281541545654 194.9212229009725 14
      vertex -4.071519708739056 197.01874391798472 14
      vertex -5.5 196.32627944162883 14
    endloop
  endfacet
  facet normal 0 0 1
    outer loop
      vertex -5.5 196.32627944162883 14
      vertex -4.071519708739056 197.01874391798472 14
      vertex -4.798267827711241 196.69831429353258 14
    endloop
  endfacet
  facet normal 0 0 1
    outer loop
      vertex -7.419281541545654 194.9212229009725 14
      vertex -0.19859564175616365 197.79820711621107 14
      vertex -4.071519708739056 197.01874391798472 14
    endloop
  endfacet
  facet normal 0 0 1
    outer loop
      vertex -4.071519708739056 197.01874391798472 14
      vertex -2.5582420113174154 197.49838295311636 14
      vertex -3.3235445712653005 197.28589774329376 14
    endloop
  endfacet
  facet normal 0 0 1
    outer loop
      vertex -4.071519708739056 197.01874391798472 14
      vertex -1.7796019620804118 197.6550917479568 14
      vertex -2.5582420113174154 197.49838295311636 14
    endloop
  endfacet
  facet normal 0 0 1
    outer loop
      vertex -4.071519708739056 197.01874391798472 14
      vertex -0.19859564175616365 197.79820711621107 14
      vertex -1.7796019620804118 197.6550917479568 14
    endloop
  endfacet
  facet normal 0 0 1
    outer loop
      vertex -1.7796019620804118 197.6550917479568 14
      vertex -0.19859564175616365 197.79820711621107 14
      vertex -0.9916838922327169 197.75520712072057 14
    endloop
  endfacet
  facet normal 0 0 -1
    outer loop
      vertex 6.0417451768703705 57.483365552286195 0
      vertex 4.031924182410442 57.65920210501783 0
      vertex 3.843613977893765 63.89711276168757 0
    endloop
  endfacet
  facet normal 0 0 -1
    outer loop
      vertex 7.932809485505423 57.25117205151129 0
      vertex 6.305054518987128 57.45103523033276 0
      vertex 8.018081298419261 57.682973921931826 0
    endloop
  endfacet
  facet normal 0 0 -1
    outer loop
      vertex 8.291227876583713 57.198369830505925 0
      vertex 10.001986674097592 57.4019333206438 0
      vertex 9.873250951124371 56.9478019912643 0
    endloop
  endfacet
  facet normal 0 0 -1
    outer loop
      vertex 11.814353839504294 56.57637922968293 0
      vertex 10.290339260885387 56.872617654605264 0
      vertex 11.987491834620089 56.88157552835061 0
    endloop
  endfacet
  facet normal 0 0 -1
    outer loop
      vertex 16.055234698710407 55.52320022499836 0
      vertex 16.04998378605238 55.64714528095546 0
      vertex 17.585951184249797 55.0552132307544 0
    endloop
  endfacet
  facet normal 0 0 -1
    outer loop
      vertex 12.180812047702783 56.49918060575706 0
      vertex 13.946806323604106 56.44562523805872 0
      vertex 13.782058806192397 56.1295036630789 0
    endloop
  endfacet
  facet normal 0 0 -1
    outer loop
      vertex 14.174757507112306 56.03173463682896 0
      vertex 14.176749939528806 56.14936951737235 0
      vertex 14.817303613461833 56.36858216583489 0
    endloop
  endfacet
  facet normal 0 0 -1
    outer loop
      vertex 13.946806323604106 56.44562523805872 0
      vertex 18.98917720587412 58.31667479539363 0
      vertex 14.176749939528806 56.14936951737235 0
    endloop
  endfacet
  facet normal 0 0 -1
    outer loop
      vertex 14.817303613461833 56.36858216583489 0
      vertex 14.176749939528806 56.14936951737235 0
      vertex 18.98917720587412 58.31667479539363 0
    endloop
  endfacet
  facet normal 0 0 -1
    outer loop
      vertex 15.862174381998104 56.72616170646191 0
      vertex 14.817303613461833 56.36858216583489 0
      vertex 18.98917720587412 58.31667479539363 0
    endloop
  endfacet
  facet normal 0 0 -1
    outer loop
      vertex 17.585951184249797 55.0552132307544 0
      vertex 16.04998378605238 55.64714528095546 0
      vertex 17.915208675802425 55.1052734463731 0
    endloop
  endfacet
  facet normal 0 0 -1
    outer loop
      vertex 17.92177826280443 54.95020176996015 0
      vertex 17.915208675802425 55.1052734463731 0
      vertex 17.93965451415135 55.006581737680754 0
    endloop
  endfacet
  facet normal 0 0 -1
    outer loop
      vertex 18.739428046342738 54.6686623714876 0
      vertex 17.92177826280443 54.95020176996015 0
      vertex 17.93965451415135 55.006581737680754 0
    endloop
  endfacet
  facet normal 0 0 -1
    outer loop
      vertex 15.862174381998104 56.72616170646191 0
      vertex 18.98917720587412 58.31667479539363 0
      vertex 16.04998378605238 55.64714528095546 0
    endloop
  endfacet
  facet normal 0 0 -1
    outer loop
      vertex 16.04998378605238 55.64714528095546 0
      vertex 18.98917720587412 58.31667479539363 0
      vertex 17.915208675802425 55.1052734463731 0
    endloop
  endfacet
  facet normal 0 0 -1
    outer loop
      vertex 17.93965451415135 55.006581737680754 0
      vertex 17.915208675802425 55.1052734463731 0
      vertex 18.98917720587412 58.31667479539363 0
    endloop
  endfacet
  facet normal 0 0 -1
    outer loop
      vertex 18.638782183804203 64.14312292490925 0
      vertex 18.977141877084613 58.69533060991445 0
      vertex 18.98917720587412 58.31667479539363 0
    endloop
  endfacet
  facet normal 0 0 1
    outer loop
      vertex -0.01276671006596304 66.79977715624688 14
      vertex 0 57.8 14
      vertex 2.017190909404556 57.764789801703735 14
    endloop
  endfacet
  facet normal 0 0 1
    outer loop
      vertex -0.01276671006596304 66.79977715624688 14
      vertex 2.017190909404556 57.764789801703735 14
      vertex 2.0184204766230183 57.8 14
    endloop
  endfacet
  facet normal 0 0 1
    outer loop
      vertex 2.0184204766230183 57.8 14
      vertex 2.017190909404556 57.764789801703735 14
      vertex 4.011419156629195 57.76892440462238 14
    endloop
  endfacet
  facet normal 0 0 1
    outer loop
      vertex 4.011419156629195 57.76892440462238 14
      vertex 2.017190909404556 57.764789801703735 14
      vertex 4.031924182410442 57.65920210501783 14
    endloop
  endfacet
  facet normal 0 0 1
    outer loop
      vertex 4.039600798744351 57.768982833189874 14
      vertex 4.011419156629195 57.76892440462238 14
      vertex 4.031924182410442 57.65920210501783 14
    endloop
  endfacet
  facet normal 0 0 1
    outer loop
      vertex 4.039600798744351 57.768982833189874 14
      vertex 4.031924182410442 57.65920210501783 14
      vertex 6.012385679215341 57.677831407357125 14
    endloop
  endfacet
  facet normal 0 0 1
    outer loop
      vertex 6.012385679215341 57.677831407357125 14
      vertex 4.031924182410442 57.65920210501783 14
      vertex 6.0417451768703705 57.483365552286195 14
    endloop
  endfacet
  facet normal 0 0 1
    outer loop
      vertex 6.06223364493312 57.678300304543896 14
      vertex 6.012385679215341 57.677831407357125 14
      vertex 6.0417451768703705 57.483365552286195 14
    endloop
  endfacet
  facet normal 0 0 1
    outer loop
      vertex 6.06223364493312 57.678300304543896 14
      vertex 6.0417451768703705 57.483365552286195 14
      vertex 8.010267450477937 57.531466316735084 14
    endloop
  endfacet
  facet normal 0 0 1
    outer loop
      vertex 8.010267450477937 57.531466316735084 14
      vertex 6.0417451768703705 57.483365552286195 14
      vertex 8.044205235491782 57.23749437326276 14
    endloop
  endfacet
  facet normal 0 0 1
    outer loop
      vertex 8.08577961486846 57.5333114535065 14
      vertex 8.010267450477937 57.531466316735084 14
      vertex 8.044205235491782 57.23749437326276 14
    endloop
  endfacet
  facet normal 0 0 1
    outer loop
      vertex -0.01276671006596304 66.79977715624688 14
      vertex 2.0184204766230183 57.8 14
      vertex 17.37244673303166 57.8 14
    endloop
  endfacet
  facet normal 0 0 1
    outer loop
      vertex 10.00348462401789 57.33809005838518 14
      vertex 8.044205235491782 57.23749437326276 14
      vertex 10.036864669148573 56.92188812410562 14
    endloop
  endfacet
  facet normal 0 0 1
    outer loop
      vertex 8.08577961486846 57.5333114535065 14
      vertex 8.044205235491782 57.23749437326276 14
      vertex 10.00348462401789 57.33809005838518 14
    endloop
  endfacet
  facet normal 0 0 1
    outer loop
      vertex 10.11122771855857 57.34362193427587 14
      vertex 10.00348462401789 57.33809005838518 14
      vertex 10.036864669148573 56.92188812410562 14
    endloop
  endfacet
  facet normal 0 0 1
    outer loop
      vertex 10.11122771855857 57.34362193427587 14
      vertex 10.036864669148573 56.92188812410562 14
      vertex 11.99126749954494 57.11335955372305 14
    endloop
  endfacet
  facet normal 0 0 1
    outer loop
      vertex 12.01729572926649 56.53693132241396 14
      vertex 11.99126749954494 57.11335955372305 14
      vertex 10.036864669148573 56.92188812410562 14
    endloop
  endfacet
  facet normal 0 0 1
    outer loop
      vertex 12.142978565274154 57.12822257694026 14
      vertex 11.99126749954494 57.11335955372305 14
      vertex 12.01729572926649 56.53693132241396 14
    endloop
  endfacet
  facet normal 0 0 1
    outer loop
      vertex 13.974830606870999 56.89102063986471 14
      vertex 13.983085565660794 56.083092978752596 14
      vertex 15.699968227813379 56.67065091618351 14
    endloop
  endfacet
  facet normal 0 0 1
    outer loop
      vertex 15.93183916622255 55.56092602523483 14
      vertex 15.699968227813379 56.67065091618351 14
      vertex 13.983085565660794 56.083092978752596 14
    endloop
  endfacet
  facet normal 0 0 1
    outer loop
      vertex 15.93183916622255 55.56092602523483 14
      vertex 15.96145310014317 56.76013723673546 14
      vertex 15.699968227813379 56.67065091618351 14
    endloop
  endfacet
  facet normal 0 0 1
    outer loop
      vertex -0.01276671006596304 66.79977715624688 14
      vertex 17.37244673303166 57.8 14
      vertex 18.109518634349236 64.29348509587646 14
    endloop
  endfacet
  facet normal 0 0 1
    outer loop
      vertex 17.554671756915752 56.74523232991711 14
      vertex 17.861182274871958 54.97106664185987 14
      vertex 17.985814372663906 57.059870402245714 14
    endloop
  endfacet
  facet normal 0 0 1
    outer loop
      vertex 18.758359287152533 61.68860208914936 14
      vertex 18.760369630478923 61.67392974215993 14
      vertex 18.60703185245462 64.1528299753493 14
    endloop
  endfacet
  facet normal 0 0 -1
    outer loop
      vertex -0.19859564175616365 197.79820711621107 0
      vertex 2.017190909404556 57.764789801703735 0
      vertex 0 57.8 0
    endloop
  endfacet
  facet normal 0 0 -1
    outer loop
      vertex -0.19859564175616365 197.79820711621107 0
      vertex 6.253799650353951 57.45732853687202 0
      vertex 6.0417451768703705 57.483365552286195 0
    endloop
  endfacet
  facet normal 0 0 -1
    outer loop
      vertex 6.253799650353951 57.45732853687202 0
      vertex -0.19859564175616365 197.79820711621107 0
      vertex 6.305054518987128 57.45103523033276 0
    endloop
  endfacet
  facet normal 0 0 -1
    outer loop
      vertex -0.19859564175616365 197.79820711621107 0
      vertex 3.843613977893765 63.89711276168757 0
      vertex 2.017190909404556 57.764789801703735 0
    endloop
  endfacet
  facet normal 0 0 -1
    outer loop
      vertex -0.19859564175616365 197.79820711621107 0
      vertex 6.0417451768703705 57.483365552286195 0
      vertex 3.843613977893765 63.89711276168757 0
    endloop
  endfacet
  facet normal 0 0 -1
    outer loop
      vertex -0.19859564175616365 197.79820711621107 0
      vertex 8.018081298419261 57.682973921931826 0
      vertex 6.305054518987128 57.45103523033276 0
    endloop
  endfacet
  facet normal 0 0 -1
    outer loop
      vertex -0.19859564175616365 197.79820711621107 0
      vertex 8.291227876583713 57.198369830505925 0
      vertex 8.018081298419261 57.682973921931826 0
    endloop
  endfacet
  facet normal 0 0 -1
    outer loop
      vertex -0.19859564175616365 197.79820711621107 0
      vertex 10.001986674097592 57.4019333206438 0
      vertex 8.291227876583713 57.198369830505925 0
    endloop
  endfacet
  facet normal 0 0 -1
    outer loop
      vertex -0.19859564175616365 197.79820711621107 0
      vertex 10.290339260885387 56.872617654605264 0
      vertex 10.001986674097592 57.4019333206438 0
    endloop
  endfacet
  facet normal 0 0 -1
    outer loop
      vertex -0.19859564175616365 197.79820711621107 0
      vertex 11.987491834620089 56.88157552835061 0
      vertex 10.290339260885387 56.872617654605264 0
    endloop
  endfacet
  facet normal 0 0 -1
    outer loop
      vertex -0.19859564175616365 197.79820711621107 0
      vertex 12.180812047702783 56.49918060575706 0
      vertex 11.987491834620089 56.88157552835061 0
    endloop
  endfacet
  facet normal 0 0 -1
    outer loop
      vertex -0.19859564175616365 197.79820711621107 0
      vertex 13.946806323604106 56.44562523805872 0
      vertex 12.180812047702783 56.49918060575706 0
    endloop
  endfacet
  facet normal 0 0 -1
    outer loop
      vertex -0.19859564175616365 197.79820711621107 0
      vertex 18.98917720587412 58.31667479539363 0
      vertex 13.946806323604106 56.44562523805872 0
    endloop
  endfacet
  facet normal 0 0 -1
    outer loop
      vertex 10.971325546697448 187.59373531380677 0
      vertex 18.638782183804203 64.14312292490925 0
      vertex 18.98917720587412 58.31667479539363 0
    endloop
  endfacet
  facet normal 0 0 -1
    outer loop
      vertex -0.19859564175616365 197.79820711621107 0
      vertex 10.885451682112011 188.38333245921532 0
      vertex 18.98917720587412 58.31667479539363 0
    endloop
  endfacet
  facet normal 0 0 -1
    outer loop
      vertex 10.971325546697448 187.59373531380677 0
      vertex 18.98917720587412 58.31667479539363 0
      vertex 10.885451682112011 188.38333245921532 0
    endloop
  endfacet
  facet normal 0.9980767670877699 0.06199005565109223 -2.088793977543343e-17
    outer loop
      vertex 10.971325546697448 187.59373531380677 0
      vertex 18.638782183804203 64.14312292490925 14
      vertex 18.638782183804203 64.14312292490925 0
    endloop
  endfacet
  facet normal 0 0 -1
    outer loop
      vertex -0.19859564175616365 197.79820711621107 0
      vertex 0.5955279944395919 197.78386755236238 0
      vertex 1.3865468234231828 197.71226318902066 0
    endloop
  endfacet
  facet normal 0 0 -1
    outer loop
      vertex -0.19859564175616365 197.79820711621107 0
      vertex 1.3865468234231828 197.71226318902066 0
      vertex 2.1703368392904006 197.583767338181 0
    endloop
  endfacet
  facet normal 0 0 -1
    outer loop
      vertex -0.19859564175616365 197.79820711621107 0
      vertex 2.1703368392904006 197.583767338181 0
      vertex 3.6999441506519277 197.1590739587116 0
    endloop
  endfacet
  facet normal 0 0 -1
    outer loop
      vertex 2.1703368392904006 197.583767338181 0
      vertex 2.9428117238214293 197.39904991771147 0
      vertex 3.6999441506519277 197.1590739587116 0
    endloop
  endfacet
  facet normal 0 0 -1
    outer loop
      vertex -0.19859564175616365 197.79820711621107 0
      vertex 3.6999441506519277 197.1590739587116 0
      vertex 7.121249132600103 195.183782606404 0
    endloop
  endfacet
  facet normal 0 0 -1
    outer loop
      vertex -0.19859564175616365 197.79820711621107 0
      vertex 7.121249132600103 195.183782606404 0
      vertex 10.885451682112011 188.38333245921532 0
    endloop
  endfacet
  facet normal 0 0 -1
    outer loop
      vertex 3.6999441506519277 197.1590739587116 0
      vertex 4.437786781887892 196.86509058471415 0
      vertex 5.152492847697691 196.51863248890626 0
    endloop
  endfacet
  facet normal 0 0 -1
    outer loop
      vertex 3.6999441506519277 197.1590739587116 0
      vertex 5.152492847697691 196.51863248890626 0
      vertex 5.840336201588756 196.12150594337697 0
    endloop
  endfacet
  facet normal 0 0 -1
    outer loop
      vertex 3.6999441506519277 197.1590739587116 0
      vertex 5.840336201588756 196.12150594337697 0
      vertex 7.121249132600103 195.183782606404 0
    endloop
  endfacet
  facet normal 0 0 -1
    outer loop
      vertex 7.121249132600103 195.183782606404 0
      vertex 7.707640622806767 194.64807467023977 0
      vertex 8.253848043720426 194.0714505066852 0
    endloop
  endfacet
  facet normal 0 0 -1
    outer loop
      vertex 7.121249132600103 195.183782606404 0
      vertex 8.253848043720426 194.0714505066852 0
      vertex 8.757023722762082 193.45691636713144 0
    endloop
  endfacet
  facet normal 0 0 -1
    outer loop
      vertex 5.840336201588756 196.12150594337697 0
      vertex 6.4977307468100625 195.6757813820508 0
      vertex 7.121249132600103 195.183782606404 0
    endloop
  endfacet
  facet normal 0 0 -1
    outer loop
      vertex 10.885451682112011 188.38333245921532 0
      vertex 9.624024579599647 192.12711468726383 0
      vertex 10.544192422471854 189.9336889057287 0
    endloop
  endfacet
  facet normal 0 0 -1
    outer loop
      vertex 9.624024579599647 192.12711468726383 0
      vertex 10.29058619518161 190.68636536619215 0
      vertex 10.544192422471854 189.9336889057287 0
    endloop
  endfacet
  facet normal 0 0 -1
    outer loop
      vertex 9.624024579599647 192.12711468726383 0
      vertex 9.983329616380527 191.41878011716292 0
      vertex 10.29058619518161 190.68636536619215 0
    endloop
  endfacet
  facet normal 0 0 -1
    outer loop
      vertex 10.885451682112011 188.38333245921532 0
      vertex 10.544192422471854 189.9336889057287 0
      vertex 10.742826112810953 189.1646748423213 0
    endloop
  endfacet
  facet normal 0 0 -1
    outer loop
      vertex 7.121249132600103 195.183782606404 0
      vertex 9.624024579599647 192.12711468726383 0
      vertex 10.885451682112011 188.38333245921532 0
    endloop
  endfacet
  facet normal 0 0 -1
    outer loop
      vertex 9.214544334929613 192.80767614803068 0
      vertex 9.624024579599647 192.12711468726383 0
      vertex 8.757023722762082 193.45691636713144 0
    endloop
  endfacet
  facet normal 0 0 -1
    outer loop
      vertex 7.121249132600103 195.183782606404 0
      vertex 8.757023722762082 193.45691636713144 0
      vertex 9.624024579599647 192.12711468726383 0
    endloop
  endfacet
  facet normal 0.018054149250563832 0.9998370105646411 -3.132211547625793e-20
    outer loop
      vertex -0.19859564175616365 197.79820711621107 0
      vertex 0.5955279944395919 197.78386755236238 14
      vertex 0.5955279944395919 197.78386755236238 0
    endloop
  endfacet
  facet normal 0.09015308111207194 0.9959279200655037 0
    outer loop
      vertex 0.5955279944395919 197.78386755236238 0
      vertex 0.5955279944395919 197.78386755236238 14
      vertex 1.3865468234231828 197.71226318902066 0
    endloop
  endfacet
  facet normal 0.1617819965527702 0.9868265225415254 0
    outer loop
      vertex 1.3865468234231828 197.71226318902066 0
      vertex 1.3865468234231828 197.71226318902066 14
      vertex 2.1703368392904006 197.583767338181 0
    endloop
  endfacet
  facet normal 0.2325674555743044 0.9725802684651247 9.674686902504938e-19
    outer loop
      vertex 2.1703368392904006 197.583767338181 0
      vertex 2.9428117238214293 197.39904991771147 14
      vertex 2.9428117238214293 197.39904991771147 0
    endloop
  endfacet
  facet normal 0.302140415569589 0.9532634312085175 0
    outer loop
      vertex 2.9428117238214293 197.39904991771147 0
      vertex 2.9428117238214293 197.39904991771147 14
      vertex 3.6999441506519277 197.1590739587116 0
    endloop
  endfacet
  facet normal 0.3701381553398925 0.9289767198168002 -7.776166438323255e-19
    outer loop
      vertex 3.6999441506519277 197.1590739587116 0
      vertex 4.437786781887892 196.86509058471415 14
      vertex 4.437786781887892 196.86509058471415 0
    endloop
  endfacet
  facet normal 0.4362061661555757 0.8998467539575026 0
    outer loop
      vertex 4.437786781887892 196.86509058471415 0
      vertex 4.437786781887892 196.86509058471415 14
      vertex 5.152492847697691 196.51863248890626 0
    endloop
  endfacet
  facet normal 0.49999999999998873 0.8660254037844451 0
    outer loop
      vertex 5.152492847697691 196.51863248890626 0
      vertex 5.152492847697691 196.51863248890626 14
      vertex 5.840336201588756 196.12150594337697 0
    endloop
  endfacet
  facet normal 0.7259954919231298 0.6876994588534242 0
    outer loop
      vertex 7.707640622806767 194.64807467023977 0
      vertex 7.707640622806767 194.64807467023977 14
      vertex 8.253848043720426 194.0714505066852 0
    endloop
  endfacet
  facet normal 0.5611870653623915 0.8276889981568843 -1.683407313863225e-18
    outer loop
      vertex 5.840336201588756 196.12150594337697 0
      vertex 6.4977307468100625 195.6757813820508 14
      vertex 6.4977307468100625 195.6757813820508 0
    endloop
  endfacet
  facet normal 0.6194483612157272 0.785037405342669 0
    outer loop
      vertex 6.4977307468100625 195.6757813820508 0
      vertex 6.4977307468100625 195.6757813820508 14
      vertex 7.121249132600103 195.183782606404 0
    endloop
  endfacet
  facet normal 0.6744801401405149 0.7382929909974978 -7.760364004706771e-19
    outer loop
      vertex 7.121249132600103 195.183782606404 0
      vertex 7.707640622806767 194.64807467023977 14
      vertex 7.707640622806767 194.64807467023977 0
    endloop
  endfacet
  facet normal 0.922142776925931 0.38684971108084404 -4.019359959894245e-19
    outer loop
      vertex 9.983329616380527 191.41878011716292 0
      vertex 10.29058619518161 190.68636536619215 14
      vertex 10.29058619518161 190.68636536619215 0
    endloop
  endfacet
  facet normal 0.9941379571543598 0.10811901842393921 0
    outer loop
      vertex 10.971325546697448 187.59373531380677 0
      vertex 10.885451682112011 188.38333245921532 0
      vertex 10.971325546697448 187.59373531380677 14
    endloop
  endfacet
  facet normal 0.9837448439320029 0.1795719411188712 1.3677407371121455e-19
    outer loop
      vertex 10.885451682112011 188.38333245921532 0
      vertex 10.742826112810953 189.1646748423213 0
      vertex 10.742826112810953 189.1646748423213 14
    endloop
  endfacet
  facet normal 0.9682229406025616 0.2500886588610695 -1.1675673182952117e-18
    outer loop
      vertex 10.544192422471854 189.9336889057287 0
      vertex 10.742826112810953 189.1646748423213 14
      vertex 10.742826112810953 189.1646748423213 0
    endloop
  endfacet
  facet normal 0.9476531711828052 0.3193015301359717 -3.934737685098378e-20
    outer loop
      vertex 10.29058619518161 190.68636536619215 0
      vertex 10.544192422471854 189.9336889057287 14
      vertex 10.544192422471854 189.9336889057287 0
    endloop
  endfacet
  facet normal 0.8174223385588962 0.5760388185052333 0
    outer loop
      vertex 9.214544334929613 192.80767614803068 0
      vertex 8.757023722762082 193.45691636713144 0
      vertex 9.214544334929613 192.80767614803068 14
    endloop
  endfacet
  facet normal 0.8568571761675897 0.515553857177021 0
    outer loop
      vertex 9.214544334929613 192.80767614803068 0
      vertex 9.214544334929613 192.80767614803068 14
      vertex 9.624024579599647 192.12711468726383 0
    endloop
  endfacet
  facet normal 0.773725839372827 0.633520580160435 2.493970124648309e-18
    outer loop
      vertex 8.253848043720426 194.0714505066852 0
      vertex 8.757023722762082 193.45691636713144 14
      vertex 8.757023722762082 193.45691636713144 0
    endloop
  endfacet
  facet normal 0.8918247572153826 0.4523810367574264 0
    outer loop
      vertex 9.624024579599647 192.12711468726383 0
      vertex 9.624024579599647 192.12711468726383 14
      vertex 9.983329616380527 191.41878011716292 0
    endloop
  endfacet
  facet normal 0.9980767670877699 0.06199005565109223 0
    outer loop
      vertex 10.971325546697448 187.59373531380677 0
      vertex 10.971325546697448 187.59373531380677 14
      vertex 18.638782183804203 64.14312292490925 14
    endloop
  endfacet
  facet normal 0 0 1
    outer loop
      vertex -0.19859564175616365 197.79820711621107 14
      vertex -0.01276671006596304 66.79977715624688 14
      vertex 18.109518634349236 64.29348509587646 14
    endloop
  endfacet
  facet normal 0 0 1
    outer loop
      vertex 10.885451682112011 188.38333245921532 14
      vertex 18.32407003731135 62.72895338171111 14
      vertex 18.758359287152533 61.68860208914936 14
    endloop
  endfacet
  facet normal 0 0 1
    outer loop
      vertex 10.971325546697448 187.59373531380677 14
      vertex 18.758359287152533 61.68860208914936 14
      vertex 18.60703185245462 64.1528299753493 14
    endloop
  endfacet
  facet normal 0 0 1
    outer loop
      vertex 10.885451682112011 188.38333245921532 14
      vertex 18.109518634349236 64.29348509587646 14
      vertex 18.32407003731135 62.72895338171111 14
    endloop
  endfacet
  facet normal 0 0 1
    outer loop
      vertex 10.971325546697448 187.59373531380677 14
      vertex 18.60703185245462 64.1528299753493 14
      vertex 18.638782183804203 64.14312292490925 14
    endloop
  endfacet
  facet normal 0 0 1
    outer loop
      vertex 10.971325546697448 187.59373531380677 14
      vertex 10.885451682112011 188.38333245921532 14
      vertex 18.758359287152533 61.68860208914936 14
    endloop
  endfacet
  facet normal 0.018054149250563832 0.9998370105646411 0
    outer loop
      vertex -0.19859564175616365 197.79820711621107 0
      vertex -0.19859564175616365 197.79820711621107 14
      vertex 0.5955279944395919 197.78386755236238 14
    endloop
  endfacet
  facet normal 0.09015308111207194 0.9959279200655037 0
    outer loop
      vertex 1.3865468234231828 197.71226318902066 0
      vertex 0.5955279944395919 197.78386755236238 14
      vertex 1.3865468234231828 197.71226318902066 14
    endloop
  endfacet
  facet normal 0.1617819965527702 0.9868265225415254 0
    outer loop
      vertex 2.1703368392904006 197.583767338181 0
      vertex 1.3865468234231828 197.71226318902066 14
      vertex 2.1703368392904006 197.583767338181 14
    endloop
  endfacet
  facet normal 0.2325674555743044 0.9725802684651247 0
    outer loop
      vertex 2.1703368392904006 197.583767338181 0
      vertex 2.1703368392904006 197.583767338181 14
      vertex 2.9428117238214293 197.39904991771147 14
    endloop
  endfacet
  facet normal 0.302140415569589 0.9532634312085175 0
    outer loop
      vertex 3.6999441506519277 197.1590739587116 0
      vertex 2.9428117238214293 197.39904991771147 14
      vertex 3.6999441506519277 197.1590739587116 14
    endloop
  endfacet
  facet normal 0.3701381553398925 0.9289767198168002 0
    outer loop
      vertex 3.6999441506519277 197.1590739587116 0
      vertex 3.6999441506519277 197.1590739587116 14
      vertex 4.437786781887892 196.86509058471415 14
    endloop
  endfacet
  facet normal 0.4362061661555757 0.8998467539575026 0
    outer loop
      vertex 5.152492847697691 196.51863248890626 0
      vertex 4.437786781887892 196.86509058471415 14
      vertex 5.152492847697691 196.51863248890626 14
    endloop
  endfacet
  facet normal 0.5611870653623915 0.8276889981568843 0
    outer loop
      vertex 5.840336201588756 196.12150594337697 0
      vertex 5.840336201588756 196.12150594337697 14
      vertex 6.4977307468100625 195.6757813820508 14
    endloop
  endfacet
  facet normal 0.49999999999998873 0.8660254037844451 0
    outer loop
      vertex 5.840336201588756 196.12150594337697 0
      vertex 5.152492847697691 196.51863248890626 14
      vertex 5.840336201588756 196.12150594337697 14
    endloop
  endfacet
  facet normal 0.7259954919231298 0.6876994588534242 0
    outer loop
      vertex 8.253848043720426 194.0714505066852 0
      vertex 7.707640622806767 194.64807467023977 14
      vertex 8.253848043720426 194.0714505066852 14
    endloop
  endfacet
  facet normal 0.6194483612157272 0.785037405342669 0
    outer loop
      vertex 7.121249132600103 195.183782606404 0
      vertex 6.4977307468100625 195.6757813820508 14
      vertex 7.121249132600103 195.183782606404 14
    endloop
  endfacet
  facet normal 0.6744801401405149 0.7382929909974978 0
    outer loop
      vertex 7.121249132600103 195.183782606404 0
      vertex 7.121249132600103 195.183782606404 14
      vertex 7.707640622806767 194.64807467023977 14
    endloop
  endfacet
  facet normal 0.9476531711828052 0.3193015301359717 0
    outer loop
      vertex 10.29058619518161 190.68636536619215 0
      vertex 10.29058619518161 190.68636536619215 14
      vertex 10.544192422471854 189.9336889057287 14
    endloop
  endfacet
  facet normal 0.922142776925931 0.38684971108084404 0
    outer loop
      vertex 9.983329616380527 191.41878011716292 0
      vertex 9.983329616380527 191.41878011716292 14
      vertex 10.29058619518161 190.68636536619215 14
    endloop
  endfacet
  facet normal 0.9941379571543598 0.10811901842393921 0
    outer loop
      vertex 10.885451682112011 188.38333245921532 0
      vertex 10.885451682112011 188.38333245921532 14
      vertex 10.971325546697448 187.59373531380677 14
    endloop
  endfacet
  facet normal 0.9837448439320029 0.1795719411188712 0
    outer loop
      vertex 10.885451682112011 188.38333245921532 0
      vertex 10.742826112810953 189.1646748423213 14
      vertex 10.885451682112011 188.38333245921532 14
    endloop
  endfacet
  facet normal 0.9682229406025616 0.2500886588610695 0
    outer loop
      vertex 10.544192422471854 189.9336889057287 0
      vertex 10.544192422471854 189.9336889057287 14
      vertex 10.742826112810953 189.1646748423213 14
    endloop
  endfacet
  facet normal 0.773725839372827 0.633520580160435 0
    outer loop
      vertex 8.253848043720426 194.0714505066852 0
      vertex 8.253848043720426 194.0714505066852 14
      vertex 8.757023722762082 193.45691636713144 14
    endloop
  endfacet
  facet normal 0.8174223385588962 0.5760388185052333 0
    outer loop
      vertex 8.757023722762082 193.45691636713144 0
      vertex 8.757023722762082 193.45691636713144 14
      vertex 9.214544334929613 192.80767614803068 14
    endloop
  endfacet
  facet normal 0.8568571761675897 0.515553857177021 0
    outer loop
      vertex 9.624024579599647 192.12711468726383 0
      vertex 9.214544334929613 192.80767614803068 14
      vertex 9.624024579599647 192.12711468726383 14
    endloop
  endfacet
  facet normal 0.8918247572153826 0.4523810367574264 0
    outer loop
      vertex 9.983329616380527 191.41878011716292 0
      vertex 9.624024579599647 192.12711468726383 14
      vertex 9.983329616380527 191.41878011716292 14
    endloop
  endfacet
  facet normal 0 0 1
    outer loop
      vertex -0.19859564175616365 197.79820711621107 14
      vertex 18.109518634349236 64.29348509587646 14
      vertex 10.885451682112011 188.38333245921532 14
    endloop
  endfacet
  facet normal 0 0 1
    outer loop
      vertex -0.19859564175616365 197.79820711621107 14
      vertex 1.3865468234231828 197.71226318902066 14
      vertex 0.5955279944395919 197.78386755236238 14
    endloop
  endfacet
  facet normal 0 0 1
    outer loop
      vertex -0.19859564175616365 197.79820711621107 14
      vertex 3.6999441506519277 197.1590739587116 14
      vertex 1.3865468234231828 197.71226318902066 14
    endloop
  endfacet
  facet normal 0 0 1
    outer loop
      vertex 1.3865468234231828 197.71226318902066 14
      vertex 2.9428117238214293 197.39904991771147 14
      vertex 2.1703368392904006 197.583767338181 14
    endloop
  endfacet
  facet normal 0 0 1
    outer loop
      vertex 1.3865468234231828 197.71226318902066 14
      vertex 3.6999441506519277 197.1590739587116 14
      vertex 2.9428117238214293 197.39904991771147 14
    endloop
  endfacet
  facet normal 0 0 1
    outer loop
      vertex -0.19859564175616365 197.79820711621107 14
      vertex 7.121249132600103 195.183782606404 14
      vertex 3.6999441506519277 197.1590739587116 14
    endloop
  endfacet
  facet normal 0 0 1
    outer loop
      vertex -0.19859564175616365 197.79820711621107 14
      vertex 10.885451682112011 188.38333245921532 14
      vertex 7.121249132600103 195.183782606404 14
    endloop
  endfacet
  facet normal 0 0 1
    outer loop
      vertex 3.6999441506519277 197.1590739587116 14
      vertex 5.152492847697691 196.51863248890626 14
      vertex 4.437786781887892 196.86509058471415 14
    endloop
  endfacet
  facet normal 0 0 1
    outer loop
      vertex 3.6999441506519277 197.1590739587116 14
      vertex 5.840336201588756 196.12150594337697 14
      vertex 5.152492847697691 196.51863248890626 14
    endloop
  endfacet
  facet normal 0 0 1
    outer loop
      vertex 3.6999441506519277 197.1590739587116 14
      vertex 7.121249132600103 195.183782606404 14
      vertex 5.840336201588756 196.12150594337697 14
    endloop
  endfacet
  facet normal 0 0 1
    outer loop
      vertex 7.121249132600103 195.183782606404 14
      vertex 8.757023722762082 193.45691636713144 14
      vertex 7.707640622806767 194.64807467023977 14
    endloop
  endfacet
  facet normal 0 0 1
    outer loop
      vertex 7.707640622806767 194.64807467023977 14
      vertex 8.757023722762082 193.45691636713144 14
      vertex 8.253848043720426 194.0714505066852 14
    endloop
  endfacet
  facet normal 0 0 1
    outer loop
      vertex 5.840336201588756 196.12150594337697 14
      vertex 7.121249132600103 195.183782606404 14
      vertex 6.4977307468100625 195.6757813820508 14
    endloop
  endfacet
  facet normal 0 0 1
    outer loop
      vertex 10.885451682112011 188.38333245921532 14
      vertex 10.544192422471854 189.9336889057287 14
      vertex 9.624024579599647 192.12711468726383 14
    endloop
  endfacet
  facet normal 0 0 1
    outer loop
      vertex 9.624024579599647 192.12711468726383 14
      vertex 10.544192422471854 189.9336889057287 14
      vertex 10.29058619518161 190.68636536619215 14
    endloop
  endfacet
  facet normal 0 0 1
    outer loop
      vertex 9.624024579599647 192.12711468726383 14
      vertex 10.29058619518161 190.68636536619215 14
      vertex 9.983329616380527 191.41878011716292 14
    endloop
  endfacet
  facet normal 0 0 1
    outer loop
      vertex 10.885451682112011 188.38333245921532 14
      vertex 10.742826112810953 189.1646748423213 14
      vertex 10.544192422471854 189.9336889057287 14
    endloop
  endfacet
  facet normal 0 0 1
    outer loop
      vertex 7.121249132600103 195.183782606404 14
      vertex 10.885451682112011 188.38333245921532 14
      vertex 9.624024579599647 192.12711468726383 14
    endloop
  endfacet
  facet normal 0 0 1
    outer loop
      vertex 9.214544334929613 192.80767614803068 14
      vertex 8.757023722762082 193.45691636713144 14
      vertex 9.624024579599647 192.12711468726383 14
    endloop
  endfacet
  facet normal 0 0 1
    outer loop
      vertex 7.121249132600103 195.183782606404 14
      vertex 9.624024579599647 192.12711468726383 14
      vertex 8.757023722762082 193.45691636713144 14
    endloop
  endfacet
  facet normal 0.12186934340513503 -0.9925461516413235 0
    outer loop
      vertex -6.253799650353951 57.45732853687202 5.6
      vertex -6.253799650353951 57.45732853687202 0
      vertex -6.0417451768703705 57.483365552286195 0
    endloop
  endfacet
  facet normal 0.08715574274765618 -0.9961946980917457 0
    outer loop
      vertex -4.031924182410442 57.65920210501783 0
      vertex -4.031924182410442 57.65920210501783 14
      vertex -6.0417451768703705 57.483365552286195 0
    endloop
  endfacet
  facet normal 0.052335956242948796 -0.9986295347545736 0
    outer loop
      vertex -2.017190909404556 57.764789801703735 0
      vertex -2.017190909404556 57.764789801703735 14
      vertex -4.031924182410442 57.65920210501783 0
    endloop
  endfacet
  facet normal 0.017452406437281267 -0.9998476951563914 0
    outer loop
      vertex 0 57.8 0
      vertex 0 57.8 14
      vertex -2.017190909404556 57.764789801703735 0
    endloop
  endfacet
  facet normal 0.12186934340513503 -0.9925461516413235 2.1349548796350658e-20
    outer loop
      vertex -6.253799650353951 57.45732853687202 5.6
      vertex -6.0417451768703705 57.483365552286195 0
      vertex -6.0417451768703705 57.483365552286195 14
    endloop
  endfacet
  facet normal 0.29237170472273843 -0.956304755963035 0
    outer loop
      vertex -15.93183916622255 55.56092602523483 5.6
      vertex -15.93183916622255 55.56092602523483 14
      vertex -17.861182274871958 54.97106664185987 5.6
    endloop
  endfacet
  facet normal 0.25881904510252207 -0.9659258262890679 0
    outer loop
      vertex -13.983085565660794 56.083092978752596 5.6
      vertex -13.983085565660794 56.083092978752596 14
      vertex -15.93183916622255 55.56092602523483 5.6
    endloop
  endfacet
  facet normal 0.22495105434386378 -0.9743700647852354 0
    outer loop
      vertex -12.01729572926649 56.53693132241396 5.6
      vertex -12.01729572926649 56.53693132241396 14
      vertex -13.983085565660794 56.083092978752596 5.6
    endloop
  endfacet
  facet normal 0.19080899537654367 -0.9816271834476642 0
    outer loop
      vertex -10.036864669148573 56.92188812410562 5.6
      vertex -10.036864669148573 56.92188812410562 14
      vertex -12.01729572926649 56.53693132241396 5.6
    endloop
  endfacet
  facet normal 0.15643446504023265 -0.9876883405951375 0
    outer loop
      vertex -8.044205235491782 57.23749437326276 5.6
      vertex -8.044205235491782 57.23749437326276 14
      vertex -10.036864669148573 56.92188812410562 5.6
    endloop
  endfacet
  facet normal 0.12186934340514742 -0.9925461516413221 -3.177273797188721e-16
    outer loop
      vertex -6.253799650353951 57.45732853687202 5.6
      vertex -6.0417451768703705 57.483365552286195 14
      vertex -8.044205235491782 57.23749437326276 5.6
    endloop
  endfacet
  facet normal 0.08715574274765618 -0.9961946980917457 0
    outer loop
      vertex -6.0417451768703705 57.483365552286195 14
      vertex -6.0417451768703705 57.483365552286195 0
      vertex -4.031924182410442 57.65920210501783 14
    endloop
  endfacet
  facet normal 0.017452406437281267 -0.9998476951563914 0
    outer loop
      vertex -2.017190909404556 57.764789801703735 14
      vertex -2.017190909404556 57.764789801703735 0
      vertex 0 57.8 14
    endloop
  endfacet
  facet normal 0.29237170472273843 -0.956304755963035 0
    outer loop
      vertex -17.861182274871958 54.97106664185987 14
      vertex -17.861182274871958 54.97106664185987 5.6
      vertex -15.93183916622255 55.56092602523483 14
    endloop
  endfacet
  facet normal 0.25881904510252207 -0.9659258262890679 0
    outer loop
      vertex -15.93183916622255 55.56092602523483 14
      vertex -15.93183916622255 55.56092602523483 5.6
      vertex -13.983085565660794 56.083092978752596 14
    endloop
  endfacet
  facet normal 0.22495105434386378 -0.9743700647852354 0
    outer loop
      vertex -13.983085565660794 56.083092978752596 14
      vertex -13.983085565660794 56.083092978752596 5.6
      vertex -12.01729572926649 56.53693132241396 14
    endloop
  endfacet
  facet normal 0.19080899537654367 -0.9816271834476642 0
    outer loop
      vertex -12.01729572926649 56.53693132241396 14
      vertex -12.01729572926649 56.53693132241396 5.6
      vertex -10.036864669148573 56.92188812410562 14
    endloop
  endfacet
  facet normal 0.15643446504023265 -0.9876883405951375 0
    outer loop
      vertex -10.036864669148573 56.92188812410562 14
      vertex -10.036864669148573 56.92188812410562 5.6
      vertex -8.044205235491782 57.23749437326276 14
    endloop
  endfacet
  facet normal 0.1218693434051461 -0.9925461516413222 0
    outer loop
      vertex -8.044205235491782 57.23749437326276 14
      vertex -8.044205235491782 57.23749437326276 5.6
      vertex -6.0417451768703705 57.483365552286195 14
    endloop
  endfacet
  facet normal -0.017452406437281267 -0.9998476951563914 0
    outer loop
      vertex 2.017190909404556 57.764789801703735 0
      vertex 2.017190909404556 57.764789801703735 7
      vertex 0 57.8 0
    endloop
  endfacet
  facet normal -0.12186934340513503 -0.9925461516413235 0
    outer loop
      vertex 6.253799650353951 57.45732853687202 5.6
      vertex 6.0417451768703705 57.483365552286195 0
      vertex 6.253799650353951 57.45732853687202 0
    endloop
  endfacet
  facet normal -0.08715574274765618 -0.9961946980917457 0
    outer loop
      vertex 6.0417451768703705 57.483365552286195 0
      vertex 6.0417451768703705 57.483365552286195 14
      vertex 4.031924182410442 57.65920210501783 0
    endloop
  endfacet
  facet normal -0.12186934340513503 -0.9925461516413235 -2.1349548796350658e-20
    outer loop
      vertex 6.253799650353951 57.45732853687202 5.6
      vertex 6.0417451768703705 57.483365552286195 14
      vertex 6.0417451768703705 57.483365552286195 0
    endloop
  endfacet
  facet normal -0.017452406437281267 -0.9998476951563914 -1.6216208821222619e-19
    outer loop
      vertex 0 57.8 0
      vertex 2.017190909404556 57.764789801703735 7
      vertex 2.017190909404556 57.764789801703735 14
    endloop
  endfacet
  facet normal -0.12186934340514742 -0.9925461516413221 0
    outer loop
      vertex 8.044205235491782 57.23749437326276 5.6
      vertex 8.044205235491782 57.23749437326276 14
      vertex 6.253799650353951 57.45732853687202 5.6
    endloop
  endfacet
  facet normal -0.19080899537654367 -0.9816271834476642 0
    outer loop
      vertex 12.01729572926649 56.53693132241396 5.6
      vertex 12.01729572926649 56.53693132241396 14
      vertex 10.036864669148573 56.92188812410562 5.6
    endloop
  endfacet
  facet normal -0.25881904510252207 -0.9659258262890679 0
    outer loop
      vertex 15.93183916622255 55.56092602523483 5.6
      vertex 15.93183916622255 55.56092602523483 14
      vertex 13.983085565660794 56.083092978752596 5.6
    endloop
  endfacet
  facet normal -0.017452406437281267 -0.9998476951563914 0
    outer loop
      vertex 0 57.8 14
      vertex 0 57.8 0
      vertex 2.017190909404556 57.764789801703735 14
    endloop
  endfacet
  facet normal -0.08715574274765618 -0.9961946980917457 0
    outer loop
      vertex 4.031924182410442 57.65920210501783 14
      vertex 4.031924182410442 57.65920210501783 0
      vertex 6.0417451768703705 57.483365552286195 14
    endloop
  endfacet
  facet normal -0.1218693434051461 -0.9925461516413222 -2.840335968308189e-16
    outer loop
      vertex 6.0417451768703705 57.483365552286195 14
      vertex 6.253799650353951 57.45732853687202 5.6
      vertex 8.044205235491782 57.23749437326276 14
    endloop
  endfacet
  facet normal -0.052335956242948796 -0.9986295347545736 0
    outer loop
      vertex 2.017190909404556 57.764789801703735 14
      vertex 2.017190909404556 57.764789801703735 7
      vertex 4.031924182410442 57.65920210501783 14
    endloop
  endfacet
  facet normal -0.15643446504023265 -0.9876883405951375 0
    outer loop
      vertex 8.044205235491782 57.23749437326276 5.6
      vertex 10.036864669148573 56.92188812410562 14
      vertex 8.044205235491782 57.23749437326276 14
    endloop
  endfacet
  facet normal -0.19080899537654367 -0.9816271834476642 0
    outer loop
      vertex 10.036864669148573 56.92188812410562 14
      vertex 10.036864669148573 56.92188812410562 5.6
      vertex 12.01729572926649 56.53693132241396 14
    endloop
  endfacet
  facet normal -0.25881904510252207 -0.9659258262890679 0
    outer loop
      vertex 13.983085565660794 56.083092978752596 14
      vertex 13.983085565660794 56.083092978752596 5.6
      vertex 15.93183916622255 55.56092602523483 14
    endloop
  endfacet
  facet normal -0.3255681544571536 -0.9455185755993178 0
    outer loop
      vertex 17.861182274871958 54.97106664185987 14
      vertex 17.861182274871958 54.97106664185987 5.6
      vertex 18.739428046342738 54.6686623714876 14
    endloop
  endfacet
endsolid OpenSCAD_Model
