solid OpenSCAD_Model
  facet normal -0.9730448713221533 -0.23061586761030578 0
    outer loop
      vertex -13.097477458417416 -19.58143424242735 2
      vertex -13.097477458417416 -19.58143424242735 2.02
      vertex -13.188505209982395 -19.197357952594757 2
    endloop
  endfacet
  facet normal -0.9730448713221533 -0.23061586761030578 0
    outer loop
      vertex -13.097477458417416 -19.58143424242735 2.02
      vertex -13.188505209982395 -19.197357952594757 2.02
      vertex -13.188505209982395 -19.197357952594757 2
    endloop
  endfacet
  facet normal -0.8936326380987791 -0.44879918463007107 0
    outer loop
      vertex -13.097477458417416 -19.58143424242735 2
      vertex -12.92032928019762 -19.93416526168585 2
      vertex -12.92032928019762 -19.93416526168585 2.02
    endloop
  endfacet
  facet normal -0.8575183842921321 -0.4306619244507321 0.28141166896453185
    outer loop
      vertex -13.097477458417416 -19.58143424242735 2.02
      vertex -12.92032928019762 -19.93416526168585 2.02
      vertex -12.9 -19.91957378207587 2.104277692838998
    endloop
  endfacet
  facet normal -0.7660444446750508 -0.642787607832084 0
    outer loop
      vertex -12.9 -19.958392754515327 2
      vertex -12.9 -19.958392754515327 2.02
      vertex -12.92032928019762 -19.93416526168585 2.02
    endloop
  endfacet
  facet normal -0.7660444446750508 -0.642787607832084 0
    outer loop
      vertex -12.9 -19.958392754515327 2
      vertex -12.92032928019762 -19.93416526168585 2.02
      vertex -12.92032928019762 -19.93416526168585 2
    endloop
  endfacet
  facet normal -0.7345266157954047 -0.6163410093736844 0.2838915476944989
    outer loop
      vertex -12.9 -19.958392754515327 2.02
      vertex -12.9 -19.91957378207587 2.104277692838998
      vertex -12.92032928019762 -19.93416526168585 2.02
    endloop
  endfacet
  facet normal -0.8936326380987791 -0.44879918463007107 0
    outer loop
      vertex -13.097477458417416 -19.58143424242735 2
      vertex -12.92032928019762 -19.93416526168585 2.02
      vertex -13.097477458417416 -19.58143424242735 2.02
    endloop
  endfacet
  facet normal -0.8575183842921326 -0.4306619244507331 0.2814116689645288
    outer loop
      vertex -13.097477458417416 -19.58143424242735 2.02
      vertex -12.9 -19.91957378207587 2.104277692838998
      vertex -12.9 -19.64490910029017 2.524614279703797
    endloop
  endfacet
  facet normal -0.9349227201270955 -0.22158075193154605 0.2771668771040351
    outer loop
      vertex -13.097477458417416 -19.58143424242735 2.02
      vertex -12.9 -19.45000873609712 2.7911871177983536
      vertex -13.188505209982395 -19.197357952594757 2.02
    endloop
  endfacet
  facet normal -1 0 0
    outer loop
      vertex -13.188505209982395 -19.197357952594757 2
      vertex -13.188505209982395 -19.197357952594757 2.02
      vertex -13.188505209982395 -2.5 2
    endloop
  endfacet
  facet normal -0.870372300265436 -0.39748570546338413 0.29061516285790995
    outer loop
      vertex -13.097477458417416 -19.58143424242735 2.02
      vertex -12.9 -19.64490910029017 2.524614279703797
      vertex -12.9 -19.45000873609712 2.7911871177983536
    endloop
  endfacet
  facet normal -0.9349227201270959 -0.22158075193154284 0.2771668771040361
    outer loop
      vertex -13.188505209982395 -19.197357952594757 2.02
      vertex -12.9 -19.45000873609712 2.7911871177983536
      vertex -12.9 -19.4 2.8311665463048388
    endloop
  endfacet
  facet normal -0.9349227201270938 -0.22158075193155707 0.27716687710403215
    outer loop
      vertex -13.188505209982395 -19.197357952594757 2.02
      vertex -12.9 -19.4 2.8311665463048388
      vertex -12.824857827229422 -19.4 3.0846316258877797
    endloop
  endfacet
  facet normal -0.9349227201270993 -0.2215807519315233 0.2771668771040402
    outer loop
      vertex -13.188505209982395 -19.197357952594757 2.02
      vertex -12.824857827229422 -19.4 3.0846316258877797
      vertex -12.795315511524677 -19.380338951945305 3.2
    endloop
  endfacet
  facet normal -0.9460348338820619 -0.13601928520804987 0.2941374629883635
    outer loop
      vertex -13.188505209982395 -19.197357952594757 2.02
      vertex -12.795315511524677 -19.380338951945305 3.2
      vertex -12.850000001490116 -19 3.2
    endloop
  endfacet
  facet normal -0.870372300265451 -0.39748570546334694 0.290615162857916
    outer loop
      vertex -12.824857827229422 -19.4 3.0846316258877797
      vertex -12.786336611858655 -19.4 3.2
      vertex -12.795315511524677 -19.380338951945305 3.2
    endloop
  endfacet
  facet normal 0 0 1
    outer loop
      vertex -12.850000001490116 -19 3.2
      vertex -12.795315511524677 -19.380338951945305 3.2
      vertex -12.786336611858655 -19.4 3.2
    endloop
  endfacet
  facet normal 0 0 1
    outer loop
      vertex -12.786336611858655 -19.4 3.2
      vertex -11.853553391993046 -19.353553391993046 3.2
      vertex -12 -19 3.2
    endloop
  endfacet
  facet normal 0 0 1
    outer loop
      vertex -12.786336611858655 -19.4 3.2
      vertex -11.7414213595007 -19.4 3.2
      vertex -11.853553391993046 -19.353553391993046 3.2
    endloop
  endfacet
  facet normal -0.961230252370618 0 0.2757469889727136
    outer loop
      vertex -13.188505209982395 -19.197357952594757 2.02
      vertex -12.850000001490116 -19 3.2
      vertex -13.188505209982395 -2.5 2.02
    endloop
  endfacet
  facet normal -1 0 0
    outer loop
      vertex -13.188505209982395 -19.197357952594757 2.02
      vertex -13.188505209982395 -2.5 2.02
      vertex -13.188505209982395 -2.5 2
    endloop
  endfacet
  facet normal -0.961230252370618 0 0.27574698897271355
    outer loop
      vertex -12.850000001490116 -19 3.2
      vertex -13.188505209982395 2.5 2.02
      vertex -13.188505209982395 -2.5 2.02
    endloop
  endfacet
  facet normal 0 0 1
    outer loop
      vertex -12.850000001490116 -19 3.2
      vertex -12.786336611858655 -19.4 3.2
      vertex -12.786336611858655 19.4 3.2
    endloop
  endfacet
  facet normal 0 0 1
    outer loop
      vertex -12.786336611858655 -19.4 3.2
      vertex -12 -19 3.2
      vertex -12 19 3.2
    endloop
  endfacet
  facet normal 0 -1 0
    outer loop
      vertex -2.9000000000000004 -20.697123870253563 2
      vertex 2.9000000000000004 -20.697123870253563 2
      vertex -2.9000000000000004 -20.697123870253563 2.02
    endloop
  endfacet
  facet normal 0 -0.9562814782836906 0.2924478317436454
    outer loop
      vertex -2.9000000000000004 -20.697123870253563 2.02
      vertex 2.9000000000000004 -20.697123870253563 2.02
      vertex -2.9000000000000004 -20.678774806402497 2.08
    endloop
  endfacet
  facet normal 0 -0.9562814782836901 0.2924478317436465
    outer loop
      vertex -2.9000000000000004 -20.678774806402497 2.08
      vertex 2.9000000000000004 -20.678774806402497 2.08
      vertex -4.746153846153847 -20.336258947849274 3.2
    endloop
  endfacet
  facet normal 0 0 1
    outer loop
      vertex -4.746153846153847 -20.336258947849274 3.2
      vertex 4.746153846153847 -20.336258947849274 3.2
      vertex -4.746153846153847 -19.5 3.2
    endloop
  endfacet
  facet normal -1 0 0
    outer loop
      vertex -13.188505209982395 19.197357952594757 2
      vertex -13.188505209982395 2.5 2
      vertex -13.188505209982395 2.5 2.02
    endloop
  endfacet
  facet normal -0.961230252370618 0 0.2757469889727136
    outer loop
      vertex -12.850000001490116 -19 3.2
      vertex -13.188505209982395 19.197357952594757 2.02
      vertex -13.188505209982395 2.5 2.02
    endloop
  endfacet
  facet normal -0.9612302523706181 0 0.2757469889727136
    outer loop
      vertex -12.850000001490116 -19 3.2
      vertex -12.850000001490116 19 3.2
      vertex -13.188505209982395 19.197357952594757 2.02
    endloop
  endfacet
  facet normal 0 0 1
    outer loop
      vertex -12.850000001490116 -19 3.2
      vertex -12.786336611858655 19.4 3.2
      vertex -12.850000001490116 19 3.2
    endloop
  endfacet
  facet normal 0 0 1
    outer loop
      vertex -12.786336611858655 -19.4 3.2
      vertex -12 19 3.2
      vertex -12.786336611858655 19.4 3.2
    endloop
  endfacet
  facet normal -1 0 0
    outer loop
      vertex -13.188505209982395 19.197357952594757 2
      vertex -13.188505209982395 2.5 2.02
      vertex -13.188505209982395 19.197357952594757 2.02
    endloop
  endfacet
  facet normal -0.9730448713221533 0.23061586761030578 0
    outer loop
      vertex -13.188505209982395 19.197357952594757 2
      vertex -13.188505209982395 19.197357952594757 2.02
      vertex -13.097477458417416 19.58143424242735 2.02
    endloop
  endfacet
  facet normal -0.9730448713221533 0.23061586761030578 0
    outer loop
      vertex -13.188505209982395 19.197357952594757 2
      vertex -13.097477458417416 19.58143424242735 2.02
      vertex -13.097477458417416 19.58143424242735 2
    endloop
  endfacet
  facet normal -0.8936326380987791 0.44879918463007107 0
    outer loop
      vertex -13.097477458417416 19.58143424242735 2
      vertex -13.097477458417416 19.58143424242735 2.02
      vertex -12.92032928019762 19.93416526168585 2
    endloop
  endfacet
  facet normal -0.8936326380987791 0.44879918463007107 0
    outer loop
      vertex -13.097477458417416 19.58143424242735 2.02
      vertex -12.92032928019762 19.93416526168585 2.02
      vertex -12.92032928019762 19.93416526168585 2
    endloop
  endfacet
  facet normal -0.8575183842921321 0.4306619244507321 0.28141166896453185
    outer loop
      vertex -13.097477458417416 19.58143424242735 2.02
      vertex -12.9 19.91957378207587 2.104277692838998
      vertex -12.92032928019762 19.93416526168585 2.02
    endloop
  endfacet
  facet normal -0.7660444446750508 0.642787607832084 0
    outer loop
      vertex -12.92032928019762 19.93416526168585 2
      vertex -12.92032928019762 19.93416526168585 2.02
      vertex -12.9 19.958392754515327 2.02
    endloop
  endfacet
  facet normal -0.7345266157954047 0.6163410093736844 0.2838915476944989
    outer loop
      vertex -12.92032928019762 19.93416526168585 2.02
      vertex -12.9 19.91957378207587 2.104277692838998
      vertex -12.9 19.958392754515327 2.02
    endloop
  endfacet
  facet normal -0.7660444446750508 0.642787607832084 0
    outer loop
      vertex -12.92032928019762 19.93416526168585 2
      vertex -12.9 19.958392754515327 2.02
      vertex -12.9 19.958392754515327 2
    endloop
  endfacet
  facet normal -0.8575183842921326 0.4306619244507331 0.2814116689645288
    outer loop
      vertex -13.097477458417416 19.58143424242735 2.02
      vertex -12.9 19.64490910029017 2.524614279703797
      vertex -12.9 19.91957378207587 2.104277692838998
    endloop
  endfacet
  facet normal -0.9349227201270955 0.22158075193154605 0.2771668771040351
    outer loop
      vertex -13.188505209982395 19.197357952594757 2.02
      vertex -12.9 19.45000873609712 2.7911871177983536
      vertex -13.097477458417416 19.58143424242735 2.02
    endloop
  endfacet
  facet normal -0.9349227201270959 0.22158075193154284 0.2771668771040361
    outer loop
      vertex -13.188505209982395 19.197357952594757 2.02
      vertex -12.9 19.4 2.8311665463048388
      vertex -12.9 19.45000873609712 2.7911871177983536
    endloop
  endfacet
  facet normal -0.9349227201270938 0.22158075193155707 0.27716687710403215
    outer loop
      vertex -13.188505209982395 19.197357952594757 2.02
      vertex -12.824857827229422 19.4 3.0846316258877797
      vertex -12.9 19.4 2.8311665463048388
    endloop
  endfacet
  facet normal -0.870372300265436 0.39748570546338413 0.29061516285790995
    outer loop
      vertex -13.097477458417416 19.58143424242735 2.02
      vertex -12.9 19.45000873609712 2.7911871177983536
      vertex -12.9 19.64490910029017 2.524614279703797
    endloop
  endfacet
  facet normal -0.9460348338820619 0.13601928520804987 0.2941374629883635
    outer loop
      vertex -13.188505209982395 19.197357952594757 2.02
      vertex -12.850000001490116 19 3.2
      vertex -12.795315511524677 19.380338951945305 3.2
    endloop
  endfacet
  facet normal -0.9349227201270993 0.2215807519315233 0.2771668771040402
    outer loop
      vertex -13.188505209982395 19.197357952594757 2.02
      vertex -12.795315511524677 19.380338951945305 3.2
      vertex -12.824857827229422 19.4 3.0846316258877797
    endloop
  endfacet
  facet normal -0.870372300265451 0.39748570546334694 0.290615162857916
    outer loop
      vertex -12.824857827229422 19.4 3.0846316258877797
      vertex -12.795315511524677 19.380338951945305 3.2
      vertex -12.786336611858655 19.4 3.2
    endloop
  endfacet
  facet normal 0 0 1
    outer loop
      vertex -12.850000001490116 19 3.2
      vertex -12.786336611858655 19.4 3.2
      vertex -12.795315511524677 19.380338951945305 3.2
    endloop
  endfacet
  facet normal 0 0 1
    outer loop
      vertex -12.786336611858655 19.4 3.2
      vertex -12 19 3.2
      vertex -11.853553391993046 19.353553391993046 3.2
    endloop
  endfacet
  facet normal 0 0 1
    outer loop
      vertex -12.786336611858655 19.4 3.2
      vertex -11.853553391993046 19.353553391993046 3.2
      vertex -11.7414213595007 19.4 3.2
    endloop
  endfacet
  facet normal 0 1 0
    outer loop
      vertex -2.9000000000000004 20.697123870253563 2
      vertex -2.9000000000000004 20.697123870253563 2.02
      vertex 2.9000000000000004 20.697123870253563 2.02
    endloop
  endfacet
  facet normal 0 0.9562814782836906 0.2924478317436454
    outer loop
      vertex -2.9000000000000004 20.697123870253563 2.02
      vertex -2.9000000000000004 20.678774806402497 2.08
      vertex 2.9000000000000004 20.678774806402497 2.08
    endloop
  endfacet
  facet normal 0 0 1
    outer loop
      vertex -4.746153846153847 19.5 3.2
      vertex 4.746153846153847 19.5 3.2
      vertex -4.746153846153847 20.336258947849274 3.2
    endloop
  endfacet
  facet normal 0 0.9562814782836903 0.2924478317436466
    outer loop
      vertex -2.9000000000000004 20.678774806402497 2.08
      vertex -4.746153846153847 20.336258947849274 3.2
      vertex 4.746153846153847 20.336258947849274 3.2
    endloop
  endfacet
  facet normal 0 -1 0
    outer loop
      vertex -2.9000000000000004 -20.697123870253563 2.02
      vertex 2.9000000000000004 -20.697123870253563 2
      vertex 2.9000000000000004 -20.697123870253563 2.02
    endloop
  endfacet
  facet normal 0 -0.9562814782836906 0.2924478317436454
    outer loop
      vertex -2.9000000000000004 -20.678774806402497 2.08
      vertex 2.9000000000000004 -20.697123870253563 2.02
      vertex 2.9000000000000004 -20.678774806402497 2.08
    endloop
  endfacet
  facet normal 0 -0.9562814782836903 0.2924478317436465
    outer loop
      vertex -4.746153846153847 -20.336258947849274 3.2
      vertex 2.9000000000000004 -20.678774806402497 2.08
      vertex 4.746153846153847 -20.336258947849274 3.2
    endloop
  endfacet
  facet normal 0 0 1
    outer loop
      vertex -4.746153846153847 -19.5 3.2
      vertex 4.746153846153847 -20.336258947849274 3.2
      vertex 4.746153846153847 -19.5 3.2
    endloop
  endfacet
  facet normal 0.8354878034891509 -0.5495089901183364 0
    outer loop
      vertex 12.9 -19.944156135853113 2
      vertex 13.019175492227077 -19.762958608567715 2
      vertex 12.9 -19.944156135853113 2.02
    endloop
  endfacet
  facet normal 0.8354878034891509 -0.5495089901183364 0
    outer loop
      vertex 12.9 -19.944156135853113 2.02
      vertex 13.019175492227077 -19.762958608567715 2
      vertex 13.019175492227077 -19.762958608567715 2.02
    endloop
  endfacet
  facet normal 0.9396926244196283 -0.3420201333421054 0
    outer loop
      vertex 13.019175492227077 -19.762958608567715 2
      vertex 13.154176279902458 -19.392046980559826 2.02
      vertex 13.019175492227077 -19.762958608567715 2.02
    endloop
  endfacet
  facet normal 0.9396926244196283 -0.3420201333421054 0
    outer loop
      vertex 13.019175492227077 -19.762958608567715 2
      vertex 13.154176279902458 -19.392046980559826 2
      vertex 13.154176279902458 -19.392046980559826 2.02
    endloop
  endfacet
  facet normal 0.9932383568571778 -0.11609292169488157 0
    outer loop
      vertex 13.154176279902458 -19.392046980559826 2
      vertex 13.200000002980232 -19 2
      vertex 13.154176279902458 -19.392046980559826 2.02
    endloop
  endfacet
  facet normal 0.9932383568571778 -0.11609292169488157 0
    outer loop
      vertex 13.154176279902458 -19.392046980559826 2.02
      vertex 13.200000002980232 -19 2
      vertex 13.200000002980232 -19 2.02
    endloop
  endfacet
  facet normal 0.8030825265418226 -0.5281957035144313 0.27580383309899387
    outer loop
      vertex 12.9 -19.944156135853113 2.02
      vertex 13.019175492227077 -19.762958608567715 2.02
      vertex 12.9 -19.752674104687888 2.3867098641279094
    endloop
  endfacet
  facet normal 0.9027078089015196 -0.3285587618186784 0.27779084178639635
    outer loop
      vertex 13.019175492227077 -19.762958608567715 2.02
      vertex 13.154176279902458 -19.392046980559826 2.02
      vertex 12.9 -19.559264827434273 2.6481921421895454
    endloop
  endfacet
  facet normal 0.8695108244604847 -0.39709228265112495 0.29371524510138586
    outer loop
      vertex 13.019175492227077 -19.762958608567715 2.02
      vertex 12.9 -19.559264827434273 2.6481921421895454
      vertex 12.9 -19.752674104687888 2.3867098641279094
    endloop
  endfacet
  facet normal 1 0 0
    outer loop
      vertex 13.200000002980232 -19 2
      vertex 13.200000002980232 -2.5 2.02
      vertex 13.200000002980232 -19 2.02
    endloop
  endfacet
  facet normal 0.9027078089015185 -0.32855876181868215 0.27779084178639496
    outer loop
      vertex 13.154176279902458 -19.392046980559826 2.02
      vertex 12.9 -19.4 2.836563559211667
      vertex 12.9 -19.559264827434273 2.6481921421895454
    endloop
  endfacet
  facet normal 0.9527529286500154 -0.1113608534917265 0.28259620885357445
    outer loop
      vertex 13.154176279902458 -19.392046980559826 2.02
      vertex 13.200000002980232 -19 2.02
      vertex 12.850000001490116 -19 3.2
    endloop
  endfacet
  facet normal 0.9027078089015266 -0.3285587618186577 0.2777908417863977
    outer loop
      vertex 13.154176279902458 -19.392046980559826 2.02
      vertex 12.795315511524677 -19.380338951945305 3.2
      vertex 12.9 -19.4 2.836563559211667
    endloop
  endfacet
  facet normal 0.9474394477825435 -0.13622123821431797 0.28948621218439213
    outer loop
      vertex 13.154176279902458 -19.392046980559826 2.02
      vertex 12.850000001490116 -19 3.2
      vertex 12.795315511524677 -19.380338951945305 3.2
    endloop
  endfacet
  facet normal 0 0 1
    outer loop
      vertex 11.7414213595007 -19.4 3.2
      vertex 12.850000001490116 -19 3.2
      vertex 11.853553391993046 -19.353553391993046 3.2
    endloop
  endfacet
  facet normal 0 0 1
    outer loop
      vertex 11.853553391993046 -19.353553391993046 3.2
      vertex 12.850000001490116 -19 3.2
      vertex 12 -19 3.2
    endloop
  endfacet
  facet normal 0 0 1
    outer loop
      vertex 11.7414213595007 -19.4 3.2
      vertex 12.786336611858655 -19.4 3.2
      vertex 12.795315511524677 -19.380338951945305 3.2
    endloop
  endfacet
  facet normal 0 0 1
    outer loop
      vertex 11.7414213595007 -19.4 3.2
      vertex 12.795315511524677 -19.380338951945305 3.2
      vertex 12.850000001490116 -19 3.2
    endloop
  endfacet
  facet normal 0.9027078089015194 -0.32855876181867816 0.2777908417863967
    outer loop
      vertex 12.9 -19.4 2.836563559211667
      vertex 12.795315511524677 -19.380338951945305 3.2
      vertex 12.806818636787414 -19.4 3.139365277494267
    endloop
  endfacet
  facet normal 0.8695108244604977 -0.39709228265110086 0.29371524510138053
    outer loop
      vertex 12.806818636787414 -19.4 3.139365277494267
      vertex 12.795315511524677 -19.380338951945305 3.2
      vertex 12.786336611858655 -19.4 3.2
    endloop
  endfacet
  facet normal 1 0 0
    outer loop
      vertex 13.200000002980232 -19 2
      vertex 13.200000002980232 -2.5 2
      vertex 13.200000002980232 -2.5 2.02
    endloop
  endfacet
  facet normal 0.9587161081565585 0 0.28436494854524896
    outer loop
      vertex 13.200000002980232 -19 2.02
      vertex 12.850000001490116 19 3.2
      vertex 12.850000001490116 -19 3.2
    endloop
  endfacet
  facet normal 0 0 1
    outer loop
      vertex 12 -19 3.2
      vertex 12.850000001490116 -19 3.2
      vertex 12.786336611858655 19.4 3.2
    endloop
  endfacet
  facet normal 0.9587161081565584 0 0.2843649485452489
    outer loop
      vertex 13.200000002980232 -19 2.02
      vertex 13.200000002980232 -2.5 2.02
      vertex 12.850000001490116 19 3.2
    endloop
  endfacet
  facet normal 0 1 0
    outer loop
      vertex -2.9000000000000004 20.697123870253563 2
      vertex 2.9000000000000004 20.697123870253563 2.02
      vertex 2.9000000000000004 20.697123870253563 2
    endloop
  endfacet
  facet normal 0 0.9562814782836906 0.2924478317436454
    outer loop
      vertex -2.9000000000000004 20.697123870253563 2.02
      vertex 2.9000000000000004 20.678774806402497 2.08
      vertex 2.9000000000000004 20.697123870253563 2.02
    endloop
  endfacet
  facet normal 0 0 1
    outer loop
      vertex -4.746153846153847 20.336258947849274 3.2
      vertex 4.746153846153847 19.5 3.2
      vertex 4.746153846153847 20.336258947849274 3.2
    endloop
  endfacet
  facet normal 0 0.9562814782836901 0.2924478317436465
    outer loop
      vertex -2.9000000000000004 20.678774806402497 2.08
      vertex 4.746153846153847 20.336258947849274 3.2
      vertex 2.9000000000000004 20.678774806402497 2.08
    endloop
  endfacet
  facet normal 1 0 0
    outer loop
      vertex 13.200000002980232 19 2.02
      vertex 13.200000002980232 2.5 2.02
      vertex 13.200000002980232 2.5 2
    endloop
  endfacet
  facet normal 0.9587161081565585 0 0.2843649485452489
    outer loop
      vertex 12.850000001490116 19 3.2
      vertex 13.200000002980232 -2.5 2.02
      vertex 13.200000002980232 2.5 2.02
    endloop
  endfacet
  facet normal 0 0 1
    outer loop
      vertex 12 -19 3.2
      vertex 12.786336611858655 19.4 3.2
      vertex 12 19 3.2
    endloop
  endfacet
  facet normal 0 0 1
    outer loop
      vertex 12.850000001490116 -19 3.2
      vertex 12.850000001490116 19 3.2
      vertex 12.786336611858655 19.4 3.2
    endloop
  endfacet
  facet normal 1 0 0
    outer loop
      vertex 13.200000002980232 19 2
      vertex 13.200000002980232 19 2.02
      vertex 13.200000002980232 2.5 2
    endloop
  endfacet
  facet normal 0.9396926244196283 0.3420201333421054 0
    outer loop
      vertex 13.019175492227077 19.762958608567715 2
      vertex 13.019175492227077 19.762958608567715 2.02
      vertex 13.154176279902458 19.392046980559826 2
    endloop
  endfacet
  facet normal 0.8354878034891509 0.5495089901183364 0
    outer loop
      vertex 13.019175492227077 19.762958608567715 2.02
      vertex 12.9 19.944156135853113 2
      vertex 12.9 19.944156135853113 2.02
    endloop
  endfacet
  facet normal 0.8354878034891509 0.5495089901183364 0
    outer loop
      vertex 13.019175492227077 19.762958608567715 2
      vertex 12.9 19.944156135853113 2
      vertex 13.019175492227077 19.762958608567715 2.02
    endloop
  endfacet
  facet normal 0.9932383568571778 0.11609292169488157 0
    outer loop
      vertex 13.200000002980232 19 2
      vertex 13.154176279902458 19.392046980559826 2
      vertex 13.200000002980232 19 2.02
    endloop
  endfacet
  facet normal 0.9932383568571778 0.11609292169488157 0
    outer loop
      vertex 13.200000002980232 19 2.02
      vertex 13.154176279902458 19.392046980559826 2
      vertex 13.154176279902458 19.392046980559826 2.02
    endloop
  endfacet
  facet normal 0.9396926244196283 0.3420201333421054 0
    outer loop
      vertex 13.019175492227077 19.762958608567715 2.02
      vertex 13.154176279902458 19.392046980559826 2.02
      vertex 13.154176279902458 19.392046980559826 2
    endloop
  endfacet
  facet normal 0.8030825265418226 0.5281957035144313 0.27580383309899387
    outer loop
      vertex 13.019175492227077 19.762958608567715 2.02
      vertex 12.9 19.944156135853113 2.02
      vertex 12.9 19.752674104687888 2.3867098641279094
    endloop
  endfacet
  facet normal 0.9027078089015196 0.3285587618186784 0.27779084178639635
    outer loop
      vertex 13.019175492227077 19.762958608567715 2.02
      vertex 12.9 19.559264827434273 2.6481921421895454
      vertex 13.154176279902458 19.392046980559826 2.02
    endloop
  endfacet
  facet normal 0.8695108244604847 0.39709228265112495 0.29371524510138586
    outer loop
      vertex 13.019175492227077 19.762958608567715 2.02
      vertex 12.9 19.752674104687888 2.3867098641279094
      vertex 12.9 19.559264827434273 2.6481921421895454
    endloop
  endfacet
  facet normal 0.9587161081565584 0 0.2843649485452489
    outer loop
      vertex 13.200000002980232 19 2.02
      vertex 12.850000001490116 19 3.2
      vertex 13.200000002980232 2.5 2.02
    endloop
  endfacet
  facet normal 0.9527529286500154 0.1113608534917265 0.28259620885357445
    outer loop
      vertex 13.200000002980232 19 2.02
      vertex 13.154176279902458 19.392046980559826 2.02
      vertex 12.850000001490116 19 3.2
    endloop
  endfacet
  facet normal 0.9027078089015185 0.32855876181868215 0.27779084178639496
    outer loop
      vertex 13.154176279902458 19.392046980559826 2.02
      vertex 12.9 19.559264827434273 2.6481921421895454
      vertex 12.9 19.4 2.836563559211667
    endloop
  endfacet
  facet normal 0.9027078089015266 0.3285587618186577 0.2777908417863977
    outer loop
      vertex 13.154176279902458 19.392046980559826 2.02
      vertex 12.9 19.4 2.836563559211667
      vertex 12.795315511524677 19.380338951945305 3.2
    endloop
  endfacet
  facet normal 0.9474394477825435 0.13622123821431797 0.28948621218439213
    outer loop
      vertex 13.154176279902458 19.392046980559826 2.02
      vertex 12.795315511524677 19.380338951945305 3.2
      vertex 12.850000001490116 19 3.2
    endloop
  endfacet
  facet normal 0 0 1
    outer loop
      vertex 11.7414213595007 19.4 3.2
      vertex 11.853553391993046 19.353553391993046 3.2
      vertex 12.786336611858655 19.4 3.2
    endloop
  endfacet
  facet normal 0 0 1
    outer loop
      vertex 11.853553391993046 19.353553391993046 3.2
      vertex 12 19 3.2
      vertex 12.786336611858655 19.4 3.2
    endloop
  endfacet
  facet normal 0.9027078089015194 0.32855876181867816 0.2777908417863967
    outer loop
      vertex 12.9 19.4 2.836563559211667
      vertex 12.806818636787414 19.4 3.139365277494267
      vertex 12.795315511524677 19.380338951945305 3.2
    endloop
  endfacet
  facet normal 0.8695108244604977 0.39709228265110086 0.29371524510138053
    outer loop
      vertex 12.806818636787414 19.4 3.139365277494267
      vertex 12.786336611858655 19.4 3.2
      vertex 12.795315511524677 19.380338951945305 3.2
    endloop
  endfacet
  facet normal 0 0 1
    outer loop
      vertex 12.795315511524677 19.380338951945305 3.2
      vertex 12.786336611858655 19.4 3.2
      vertex 12.850000001490116 19 3.2
    endloop
  endfacet
  facet normal 0.38268342794975646 0.9238795343401776 0
    outer loop
      vertex -11.853553391993046 -19.353553391993046 2
      vertex -11.7414213595007 -19.4 2.075334470989657
      vertex -11.7414213595007 -19.4 2
    endloop
  endfacet
  facet normal 0.9238795343401771 0.38268342794975796 0
    outer loop
      vertex -12 -19 2
      vertex -12 -19 3.2
      vertex -11.853553391993046 -19.353553391993046 2
    endloop
  endfacet
  facet normal 0.3826834279497565 0.9238795343401776 0
    outer loop
      vertex -11.853553391993046 -19.353553391993046 2
      vertex -11.7414213595007 -19.4 3.2
      vertex -11.7414213595007 -19.4 2.075334470989657
    endloop
  endfacet
  facet normal 0.9238795343401771 0.38268342794975796 0
    outer loop
      vertex -11.853553391993046 -19.353553391993046 2
      vertex -12 -19 3.2
      vertex -11.853553391993046 -19.353553391993046 3.2
    endloop
  endfacet
  facet normal 0.3826834279497565 0.9238795343401777 0
    outer loop
      vertex -11.853553391993046 -19.353553391993046 2
      vertex -11.853553391993046 -19.353553391993046 3.2
      vertex -11.7414213595007 -19.4 3.2
    endloop
  endfacet
  facet normal 1 0 0
    outer loop
      vertex -12 -19 2
      vertex -12 19 3.2
      vertex -12 -19 3.2
    endloop
  endfacet
  facet normal 0 1 0
    outer loop
      vertex -2.9000000000000004 -19.5 2.08
      vertex -4.746153846153847 -19.5 3.2
      vertex 4.746153846153847 -19.5 3.2
    endloop
  endfacet
  facet normal 0 1 0
    outer loop
      vertex -2.9000000000000004 -19.5 2
      vertex -2.9000000000000004 -19.5 2.08
      vertex 4.746153846153847 -19.5 3.2
    endloop
  endfacet
  facet normal 1 0 0
    outer loop
      vertex -12 -19 2
      vertex -12 19 2
      vertex -12 19 3.2
    endloop
  endfacet
  facet normal 0.38268342794975646 -0.9238795343401776 0
    outer loop
      vertex -11.853553391993046 19.353553391993046 2
      vertex -11.7414213595007 19.4 2
      vertex -11.7414213595007 19.4 2.075334470989657
    endloop
  endfacet
  facet normal 0.9238795343401771 -0.38268342794975796 0
    outer loop
      vertex -12 19 2
      vertex -11.853553391993046 19.353553391993046 2
      vertex -11.853553391993046 19.353553391993046 3.2
    endloop
  endfacet
  facet normal 0.3826834279497565 -0.9238795343401777 0
    outer loop
      vertex -11.853553391993046 19.353553391993046 2
      vertex -11.7414213595007 19.4 2.075334470989657
      vertex -11.853553391993046 19.353553391993046 3.2
    endloop
  endfacet
  facet normal 0.9238795343401771 -0.38268342794975796 0
    outer loop
      vertex -12 19 2
      vertex -11.853553391993046 19.353553391993046 3.2
      vertex -12 19 3.2
    endloop
  endfacet
  facet normal 0.3826834279497565 -0.9238795343401778 0
    outer loop
      vertex -11.7414213595007 19.4 2.075334470989657
      vertex -11.7414213595007 19.4 3.2
      vertex -11.853553391993046 19.353553391993046 3.2
    endloop
  endfacet
  facet normal 0 -1 0
    outer loop
      vertex -2.9000000000000004 19.5 2
      vertex 2.9000000000000004 19.5 2.08
      vertex -2.9000000000000004 19.5 2.08
    endloop
  endfacet
  facet normal 0 -1 0
    outer loop
      vertex -2.9000000000000004 19.5 2.08
      vertex 2.9000000000000004 19.5 2.08
      vertex -4.746153846153847 19.5 3.2
    endloop
  endfacet
  facet normal 0 1 0
    outer loop
      vertex -2.9000000000000004 -19.5 2
      vertex 2.9000000000000004 -19.5 2.08
      vertex 2.9000000000000004 -19.5 2
    endloop
  endfacet
  facet normal 0 1 0
    outer loop
      vertex -2.9000000000000004 -19.5 2
      vertex 4.746153846153847 -19.5 3.2
      vertex 2.9000000000000004 -19.5 2.08
    endloop
  endfacet
  facet normal -0.3826834279497565 0.9238795343401777 0
    outer loop
      vertex 11.7414213595007 -19.4 2
      vertex 11.853553391993046 -19.353553391993046 3.2
      vertex 11.853553391993046 -19.353553391993046 2
    endloop
  endfacet
  facet normal -0.9238795343401771 0.38268342794975796 0
    outer loop
      vertex 11.853553391993046 -19.353553391993046 2
      vertex 11.853553391993046 -19.353553391993046 3.2
      vertex 12 -19 2
    endloop
  endfacet
  facet normal -0.3826834279497565 0.9238795343401777 0
    outer loop
      vertex 11.7414213595007 -19.4 2
      vertex 11.7414213595007 -19.4 2.381230446529818
      vertex 11.853553391993046 -19.353553391993046 3.2
    endloop
  endfacet
  facet normal -0.9238795343401771 0.38268342794975796 0
    outer loop
      vertex 12 -19 2
      vertex 11.853553391993046 -19.353553391993046 3.2
      vertex 12 -19 3.2
    endloop
  endfacet
  facet normal -0.38268342794975646 0.9238795343401776 0
    outer loop
      vertex 11.7414213595007 -19.4 2.381230446529818
      vertex 11.7414213595007 -19.4 3.2
      vertex 11.853553391993046 -19.353553391993046 3.2
    endloop
  endfacet
  facet normal -1 0 0
    outer loop
      vertex 12 -19 2
      vertex 12 -19 3.2
      vertex 12 19 2
    endloop
  endfacet
  facet normal 0 -1 0
    outer loop
      vertex -2.9000000000000004 19.5 2
      vertex 2.9000000000000004 19.5 2
      vertex 2.9000000000000004 19.5 2.08
    endloop
  endfacet
  facet normal 0 -1 0
    outer loop
      vertex -4.746153846153847 19.5 3.2
      vertex 2.9000000000000004 19.5 2.08
      vertex 4.746153846153847 19.5 3.2
    endloop
  endfacet
  facet normal -1 0 0
    outer loop
      vertex 12 -19 3.2
      vertex 12 19 3.2
      vertex 12 19 2
    endloop
  endfacet
  facet normal -0.3826834279497565 -0.9238795343401777 0
    outer loop
      vertex 11.7414213595007 19.4 2
      vertex 11.853553391993046 19.353553391993046 2
      vertex 11.7414213595007 19.4 2.381230446529818
    endloop
  endfacet
  facet normal -0.9238795343401771 -0.38268342794975796 0
    outer loop
      vertex 11.853553391993046 19.353553391993046 2
      vertex 12 19 2
      vertex 12 19 3.2
    endloop
  endfacet
  facet normal -0.3826834279497565 -0.9238795343401777 0
    outer loop
      vertex 11.853553391993046 19.353553391993046 2
      vertex 11.853553391993046 19.353553391993046 3.2
      vertex 11.7414213595007 19.4 2.381230446529818
    endloop
  endfacet
  facet normal -0.9238795343401771 -0.38268342794975796 0
    outer loop
      vertex 11.853553391993046 19.353553391993046 2
      vertex 12 19 3.2
      vertex 11.853553391993046 19.353553391993046 3.2
    endloop
  endfacet
  facet normal -0.38268342794975646 -0.9238795343401776 0
    outer loop
      vertex 11.7414213595007 19.4 2.381230446529818
      vertex 11.853553391993046 19.353553391993046 3.2
      vertex 11.7414213595007 19.4 3.2
    endloop
  endfacet
  facet normal -1 0 0
    outer loop
      vertex -12.9 19.958392754515327 2
      vertex -12.9 19.958392754515327 2.02
      vertex -12.9 20.9 2
    endloop
  endfacet
  facet normal 0 -1 0
    outer loop
      vertex -11.7414213595007 19.4 2
      vertex -5.9 19.4 2.556
      vertex -11.7414213595007 19.4 2.075334470989657
    endloop
  endfacet
  facet normal -1 0 0
    outer loop
      vertex -12.9 19.64490910029017 2.524614279703797
      vertex -12.9 19.45000873609712 2.7911871177983536
      vertex -12.9 20.9 3.9
    endloop
  endfacet
  facet normal -1 0 0
    outer loop
      vertex -12.9 19.4 2.8311665463048388
      vertex -12.9 20.9 3.9
      vertex -12.9 19.45000873609712 2.7911871177983536
    endloop
  endfacet
  facet normal -1 0 0
    outer loop
      vertex -12.9 19.4 2.8311665463048388
      vertex -12.9 19.4 3.9
      vertex -12.9 20.9 3.9
    endloop
  endfacet
  facet normal -1 0 0
    outer loop
      vertex -12.9 19.958392754515327 2.02
      vertex -12.9 20.9 3.9
      vertex -12.9 20.9 2
    endloop
  endfacet
  facet normal -1 0 0
    outer loop
      vertex -12.9 19.958392754515327 2.02
      vertex -12.9 19.91957378207587 2.104277692838998
      vertex -12.9 20.9 3.9
    endloop
  endfacet
  facet normal -1 0 0
    outer loop
      vertex -12.9 19.91957378207587 2.104277692838998
      vertex -12.9 19.64490910029017 2.524614279703797
      vertex -12.9 20.9 3.9
    endloop
  endfacet
  facet normal 0 -1 0
    outer loop
      vertex -11.7414213595007 19.4 2
      vertex -2.9000000000000004 19.4 2
      vertex -5.9 19.4 2.556
    endloop
  endfacet
  facet normal 0 1 0
    outer loop
      vertex -12.738614057044991 20.9 2
      vertex -6.623983349343581 20.9 2.7577649695805313
      vertex -2.9000000000000004 20.9 2.08
    endloop
  endfacet
  facet normal 0 1 0
    outer loop
      vertex -12.738614057044991 20.9 2
      vertex -2.9000000000000004 20.9 2.08
      vertex -2.9000000000000004 20.9 2
    endloop
  endfacet
  facet normal 1 0 0
    outer loop
      vertex -2.9000000000000004 19.4 2
      vertex -2.9000000000000004 19.5 2
      vertex -2.9000000000000004 19.5 2.08
    endloop
  endfacet
  facet normal 1 0 0
    outer loop
      vertex -2.9000000000000004 19.4 2
      vertex -2.9000000000000004 19.5 2.08
      vertex -2.9000000000000004 19.4 2.08
    endloop
  endfacet
  facet normal 1 0 0
    outer loop
      vertex -2.9000000000000004 20.697123870253563 2
      vertex -2.9000000000000004 20.9 2
      vertex -2.9000000000000004 20.697123870253563 2.02
    endloop
  endfacet
  facet normal 1 0 0
    outer loop
      vertex -2.9000000000000004 20.697123870253563 2.02
      vertex -2.9000000000000004 20.9 2
      vertex -2.9000000000000004 20.9 2.08
    endloop
  endfacet
  facet normal 1 0 0
    outer loop
      vertex -2.9000000000000004 20.697123870253563 2.02
      vertex -2.9000000000000004 20.9 2.08
      vertex -2.9000000000000004 20.678774806402497 2.08
    endloop
  endfacet
  facet normal 0 1 0
    outer loop
      vertex -6.623983349343581 20.9 2.7577649695805313
      vertex -7.687234042553191 20.9 3.9
      vertex -5.9 20.9 3.9
    endloop
  endfacet
  facet normal 0 -1 0
    outer loop
      vertex -2.9000000000000004 19.4 2
      vertex -5.9 19.4 3.9
      vertex -5.9 19.4 2.556
    endloop
  endfacet
  facet normal 0 -1 0
    outer loop
      vertex -2.9000000000000004 19.4 2
      vertex -2.9000000000000004 19.4 2.08
      vertex -5.9 19.4 3.9
    endloop
  endfacet
  facet normal 0.5186806302335392 0 0.854968071813526
    outer loop
      vertex -4.746153846153847 19.5 3.2
      vertex -4.746153846153847 20.336258947849274 3.2
      vertex -5.9 19.4 3.9
    endloop
  endfacet
  facet normal 0.5186806302335392 1.2656069848623166e-15 0.8549680718135261
    outer loop
      vertex -2.9000000000000004 19.4 2.08
      vertex -4.746153846153847 19.5 3.2
      vertex -5.9 19.4 3.9
    endloop
  endfacet
  facet normal 0 1 0
    outer loop
      vertex -2.9000000000000004 20.9 2.08
      vertex -6.623983349343581 20.9 2.7577649695805313
      vertex -5.9 20.9 3.9
    endloop
  endfacet
  facet normal 0.5186806302335392 0 0.8549680718135262
    outer loop
      vertex -2.9000000000000004 20.678774806402497 2.08
      vertex -2.9000000000000004 20.9 2.08
      vertex -5.9 20.9 3.9
    endloop
  endfacet
  facet normal 0.518680630233539 -2.6440932771917126e-16 0.854968071813526
    outer loop
      vertex -2.9000000000000004 20.678774806402497 2.08
      vertex -5.9 20.9 3.9
      vertex -4.746153846153847 20.336258947849274 3.2
    endloop
  endfacet
  facet normal 0.5186806302335392 0 0.854968071813526
    outer loop
      vertex -4.746153846153847 20.336258947849274 3.2
      vertex -5.9 20.9 3.9
      vertex -5.9 19.4 3.9
    endloop
  endfacet
  facet normal 0.518680630233539 0 0.8549680718135261
    outer loop
      vertex -2.9000000000000004 19.4 2.08
      vertex -2.9000000000000004 19.5 2.08
      vertex -4.746153846153847 19.5 3.2
    endloop
  endfacet
  facet normal -1 0 0
    outer loop
      vertex -12.9 -20.9 2
      vertex -12.9 -19.958392754515327 2.02
      vertex -12.9 -19.958392754515327 2
    endloop
  endfacet
  facet normal -1 0 0
    outer loop
      vertex -12.9 -20.9 2
      vertex -12.9 -19.91957378207587 2.104277692838998
      vertex -12.9 -19.958392754515327 2.02
    endloop
  endfacet
  facet normal -1 0 0
    outer loop
      vertex -12.9 -20.9 2
      vertex -12.9 -19.64490910029017 2.524614279703797
      vertex -12.9 -19.91957378207587 2.104277692838998
    endloop
  endfacet
  facet normal 0 1 0
    outer loop
      vertex -11.7414213595007 -19.4 2
      vertex -11.7414213595007 -19.4 2.075334470989657
      vertex -5.9 -19.4 2.556
    endloop
  endfacet
  facet normal -1 0 0
    outer loop
      vertex -12.9 -20.9 2
      vertex -12.9 -20.9 3.9
      vertex -12.9 -19.4 3.9
    endloop
  endfacet
  facet normal -1 0 0
    outer loop
      vertex -12.9 -20.9 2
      vertex -12.9 -19.4 3.9
      vertex -12.9 -19.64490910029017 2.524614279703797
    endloop
  endfacet
  facet normal -1 0 0
    outer loop
      vertex -12.9 -19.64490910029017 2.524614279703797
      vertex -12.9 -19.4 3.9
      vertex -12.9 -19.45000873609712 2.7911871177983536
    endloop
  endfacet
  facet normal -1 0 0
    outer loop
      vertex -12.9 -19.45000873609712 2.7911871177983536
      vertex -12.9 -19.4 3.9
      vertex -12.9 -19.4 2.8311665463048388
    endloop
  endfacet
  facet normal 0 -1 0
    outer loop
      vertex -12.738614057044991 -20.9 2
      vertex -2.9000000000000004 -20.9 2
      vertex -6.623983349343581 -20.9 2.7577649695805313
    endloop
  endfacet
  facet normal 0 1 0
    outer loop
      vertex -11.7414213595007 -19.4 2
      vertex -5.9 -19.4 2.556
      vertex -2.9000000000000004 -19.4 2
    endloop
  endfacet
  facet normal 0 -1 0
    outer loop
      vertex -2.9000000000000004 -20.9 2
      vertex -2.9000000000000004 -20.9 2.08
      vertex -6.623983349343581 -20.9 2.7577649695805313
    endloop
  endfacet
  facet normal 1 0 0
    outer loop
      vertex -2.9000000000000004 -20.9 2
      vertex -2.9000000000000004 -20.697123870253563 2
      vertex -2.9000000000000004 -20.697123870253563 2.02
    endloop
  endfacet
  facet normal 1 0 0
    outer loop
      vertex -2.9000000000000004 -20.9 2
      vertex -2.9000000000000004 -20.697123870253563 2.02
      vertex -2.9000000000000004 -20.9 2.08
    endloop
  endfacet
  facet normal 1 0 0
    outer loop
      vertex -2.9000000000000004 -20.697123870253563 2.02
      vertex -2.9000000000000004 -20.678774806402497 2.08
      vertex -2.9000000000000004 -20.9 2.08
    endloop
  endfacet
  facet normal 1 0 0
    outer loop
      vertex -2.9000000000000004 -19.5 2
      vertex -2.9000000000000004 -19.4 2
      vertex -2.9000000000000004 -19.4 2.08
    endloop
  endfacet
  facet normal 1 0 0
    outer loop
      vertex -2.9000000000000004 -19.5 2
      vertex -2.9000000000000004 -19.4 2.08
      vertex -2.9000000000000004 -19.5 2.08
    endloop
  endfacet
  facet normal 0 -1 0
    outer loop
      vertex -6.623983349343581 -20.9 2.7577649695805313
      vertex -5.9 -20.9 3.9
      vertex -7.687234042553191 -20.9 3.9
    endloop
  endfacet
  facet normal 0 -1 0
    outer loop
      vertex -2.9000000000000004 -20.9 2.08
      vertex -5.9 -20.9 3.9
      vertex -6.623983349343581 -20.9 2.7577649695805313
    endloop
  endfacet
  facet normal 0.5186806302335392 0 0.854968071813526
    outer loop
      vertex -4.746153846153847 -20.336258947849274 3.2
      vertex -4.746153846153847 -19.5 3.2
      vertex -5.9 -20.9 3.9
    endloop
  endfacet
  facet normal 0.5186806302335392 2.2450147634874653e-16 0.8549680718135261
    outer loop
      vertex -2.9000000000000004 -20.9 2.08
      vertex -4.746153846153847 -20.336258947849274 3.2
      vertex -5.9 -20.9 3.9
    endloop
  endfacet
  facet normal 0 1 0
    outer loop
      vertex -2.9000000000000004 -19.4 2
      vertex -5.9 -19.4 2.556
      vertex -5.9 -19.4 3.9
    endloop
  endfacet
  facet normal 0 1 0
    outer loop
      vertex -2.9000000000000004 -19.4 2
      vertex -5.9 -19.4 3.9
      vertex -2.9000000000000004 -19.4 2.08
    endloop
  endfacet
  facet normal 0.5186806302335392 -1.2656069848623166e-15 0.8549680718135261
    outer loop
      vertex -2.9000000000000004 -19.4 2.08
      vertex -5.9 -19.4 3.9
      vertex -4.746153846153847 -19.5 3.2
    endloop
  endfacet
  facet normal 0.5186806302335392 0 0.854968071813526
    outer loop
      vertex -4.746153846153847 -19.5 3.2
      vertex -5.9 -19.4 3.9
      vertex -5.9 -20.9 3.9
    endloop
  endfacet
  facet normal 0.518680630233539 0 0.8549680718135261
    outer loop
      vertex -2.9000000000000004 -20.9 2.08
      vertex -2.9000000000000004 -20.678774806402497 2.08
      vertex -4.746153846153847 -20.336258947849274 3.2
    endloop
  endfacet
  facet normal 0.518680630233539 0 0.8549680718135261
    outer loop
      vertex -2.9000000000000004 -19.5 2.08
      vertex -2.9000000000000004 -19.4 2.08
      vertex -4.746153846153847 -19.5 3.2
    endloop
  endfacet
  facet normal 0 0 -1
    outer loop
      vertex -12.9 20.9 6.999999999999999
      vertex -12.9 20.919999999999998 6.999999999999999
      vertex -5.9 20.919999999999998 6.999999999999999
    endloop
  endfacet
  facet normal 0 0 -1
    outer loop
      vertex -12.9 20.9 6.999999999999999
      vertex -5.9 20.919999999999998 6.999999999999999
      vertex -5.9 20.9 6.999999999999999
    endloop
  endfacet
  facet normal -1 0 0
    outer loop
      vertex -12.9 20.88 6.999999999999999
      vertex -12.9 20.9 8.2
      vertex -12.9 20.9 6.999999999999999
    endloop
  endfacet
  facet normal -1 0 0
    outer loop
      vertex -12.9 20.9 6.999999999999999
      vertex -12.9 20.9 8.2
      vertex -12.9 20.919999999999998 6.999999999999999
    endloop
  endfacet
  facet normal -1 0 0
    outer loop
      vertex -12.9 20.88 6.999999999999999
      vertex -12.9 20.88 7.099999999999999
      vertex -12.9 20.899166666666666 8.249999999999998
    endloop
  endfacet
  facet normal -1 0 0
    outer loop
      vertex -12.9 20.88 6.999999999999999
      vertex -12.9 20.899166666666666 8.249999999999998
      vertex -12.9 20.9 8.2
    endloop
  endfacet
  facet normal -1 0 0
    outer loop
      vertex -12.9 20.919999999999998 6.999999999999999
      vertex -12.9 20.9 8.2
      vertex -12.9 20.89923076923077 8.249999999999998
    endloop
  endfacet
  facet normal -1 0 0
    outer loop
      vertex -12.9 20.919999999999998 6.999999999999999
      vertex -12.9 20.89923076923077 8.249999999999998
      vertex -12.9 20.9 8.299999999999999
    endloop
  endfacet
  facet normal -1 0 0
    outer loop
      vertex -12.9 20.919999999999998 6.999999999999999
      vertex -12.9 20.9 8.299999999999999
      vertex -12.9 21.424615384615382 8.299999999999999
    endloop
  endfacet
  facet normal -1 0 0
    outer loop
      vertex -12.9 20.919999999999998 6.999999999999999
      vertex -12.9 21.424615384615382 8.299999999999999
      vertex -12.9 21.47 8.2
    endloop
  endfacet
  facet normal -1 0 0
    outer loop
      vertex -12.9 20.89923076923077 8.249999999999998
      vertex -12.9 20.899166666666666 8.249999999999998
      vertex -12.9 20.9 8.299999999999999
    endloop
  endfacet
  facet normal 0 0.9090648228942841 -0.416654710493214
    outer loop
      vertex -12.9 20.919999999999998 6.999999999999999
      vertex -12.9 21.47 8.2
      vertex -5.9 21.47 8.2
    endloop
  endfacet
  facet normal 0 0.9090648228942841 -0.416654710493214
    outer loop
      vertex -12.9 20.919999999999998 6.999999999999999
      vertex -5.9 21.47 8.2
      vertex -5.9 20.919999999999998 6.999999999999999
    endloop
  endfacet
  facet normal 0 1 0
    outer loop
      vertex -12.9 21.47 8.2
      vertex -5.9 21.47 8.299999999999999
      vertex -5.9 21.47 8.2
    endloop
  endfacet
  facet normal 1 0 0
    outer loop
      vertex -5.9 20.88 6.999999999999999
      vertex -5.9 20.9 6.999999999999999
      vertex -5.9 21.47 8.2
    endloop
  endfacet
  facet normal 1 0 0
    outer loop
      vertex -5.9 20.9 6.999999999999999
      vertex -5.9 20.919999999999998 6.999999999999999
      vertex -5.9 21.47 8.2
    endloop
  endfacet
  facet normal 1 0 0
    outer loop
      vertex -5.9 20.88 6.999999999999999
      vertex -5.9 20.9 8.2
      vertex -5.9 20.88 7.099999999999999
    endloop
  endfacet
  facet normal 1 0 0
    outer loop
      vertex -5.9 20.88 7.099999999999999
      vertex -5.9 20.9 8.2
      vertex -5.9 20.899166666666666 8.249999999999998
    endloop
  endfacet
  facet normal 1 0 0
    outer loop
      vertex -5.9 20.88 6.999999999999999
      vertex -5.9 21.47 8.2
      vertex -5.9 20.9 8.2
    endloop
  endfacet
  facet normal 1 0 0
    outer loop
      vertex -5.9 20.89923076923077 8.249999999999998
      vertex -5.9 20.89994955863808 8.296973518284993
      vertex -5.9 20.899166666666666 8.249999999999998
    endloop
  endfacet
  facet normal 0 0 -1
    outer loop
      vertex -12.9 -20.9 6.999999999999999
      vertex -5.9 -20.919999999999998 6.999999999999999
      vertex -12.9 -20.919999999999998 6.999999999999999
    endloop
  endfacet
  facet normal 0 0 -1
    outer loop
      vertex -12.9 -20.9 6.999999999999999
      vertex -5.9 -20.9 6.999999999999999
      vertex -5.9 -20.919999999999998 6.999999999999999
    endloop
  endfacet
  facet normal -1 0 0
    outer loop
      vertex -12.9 -20.9 6.999999999999999
      vertex -12.9 -20.9 8.2
      vertex -12.9 -20.88 6.999999999999999
    endloop
  endfacet
  facet normal -1 0 0
    outer loop
      vertex -12.9 -20.9 6.999999999999999
      vertex -12.9 -20.919999999999998 6.999999999999999
      vertex -12.9 -20.9 8.2
    endloop
  endfacet
  facet normal -1 0 0
    outer loop
      vertex -12.9 -20.88 6.999999999999999
      vertex -12.9 -20.899166666666666 8.249999999999998
      vertex -12.9 -20.88 7.099999999999999
    endloop
  endfacet
  facet normal -1 0 0
    outer loop
      vertex -12.9 -20.919999999999998 6.999999999999999
      vertex -12.9 -21.47 8.2
      vertex -12.9 -21.424615384615382 8.299999999999999
    endloop
  endfacet
  facet normal -1 0 0
    outer loop
      vertex -12.9 -20.919999999999998 6.999999999999999
      vertex -12.9 -21.424615384615382 8.299999999999999
      vertex -12.9 -20.9 8.299999999999999
    endloop
  endfacet
  facet normal -1 0 0
    outer loop
      vertex -12.9 -20.88 6.999999999999999
      vertex -12.9 -20.9 8.2
      vertex -12.9 -20.899166666666666 8.249999999999998
    endloop
  endfacet
  facet normal -1 0 0
    outer loop
      vertex -12.9 -20.919999999999998 6.999999999999999
      vertex -12.9 -20.89923076923077 8.249999999999998
      vertex -12.9 -20.9 8.2
    endloop
  endfacet
  facet normal -1 0 0
    outer loop
      vertex -12.9 -20.919999999999998 6.999999999999999
      vertex -12.9 -20.9 8.299999999999999
      vertex -12.9 -20.89923076923077 8.249999999999998
    endloop
  endfacet
  facet normal -1 0 0
    outer loop
      vertex -12.9 -20.89923076923077 8.249999999999998
      vertex -12.9 -20.9 8.299999999999999
      vertex -12.9 -20.899166666666666 8.249999999999998
    endloop
  endfacet
  facet normal 0 -0.9090648228942841 -0.416654710493214
    outer loop
      vertex -12.9 -20.919999999999998 6.999999999999999
      vertex -5.9 -21.47 8.2
      vertex -12.9 -21.47 8.2
    endloop
  endfacet
  facet normal 0 -0.9090648228942841 -0.416654710493214
    outer loop
      vertex -12.9 -20.919999999999998 6.999999999999999
      vertex -5.9 -20.919999999999998 6.999999999999999
      vertex -5.9 -21.47 8.2
    endloop
  endfacet
  facet normal 0 -1 0
    outer loop
      vertex -12.9 -21.47 8.2
      vertex -5.9 -21.47 8.2
      vertex -5.9 -21.47 8.299999999999999
    endloop
  endfacet
  facet normal 1 0 0
    outer loop
      vertex -5.9 -20.9 6.999999999999999
      vertex -5.9 -21.47 8.2
      vertex -5.9 -20.919999999999998 6.999999999999999
    endloop
  endfacet
  facet normal 1 0 0
    outer loop
      vertex -5.9 -20.9 6.999999999999999
      vertex -5.9 -20.88 6.999999999999999
      vertex -5.9 -21.47 8.2
    endloop
  endfacet
  facet normal 1 0 0
    outer loop
      vertex -5.9 -20.88 6.999999999999999
      vertex -5.9 -20.88 7.099999999999999
      vertex -5.9 -20.9 8.2
    endloop
  endfacet
  facet normal 1 0 0
    outer loop
      vertex -5.9 -20.88 6.999999999999999
      vertex -5.9 -20.9 8.2
      vertex -5.9 -21.47 8.2
    endloop
  endfacet
  facet normal 1 0 0
    outer loop
      vertex -5.9 -20.88 7.099999999999999
      vertex -5.9 -20.899166666666666 8.249999999999998
      vertex -5.9 -20.9 8.2
    endloop
  endfacet
  facet normal 1 0 0
    outer loop
      vertex -5.9 -20.89923076923077 8.249999999999998
      vertex -5.9 -20.899166666666666 8.249999999999998
      vertex -5.9 -20.89994955863808 8.296973518284993
    endloop
  endfacet
  facet normal -1 0 0
    outer loop
      vertex -12.9 20.9 8.2
      vertex -12.9 20.899166666666666 8.249999999999998
      vertex -12.9 20.89923076923077 8.249999999999998
    endloop
  endfacet
  facet normal -1 0 0
    outer loop
      vertex -12.9 21.47 8.2
      vertex -12.9 21.424615384615382 8.299999999999999
      vertex -12.9 21.47 8.299999999999999
    endloop
  endfacet
  facet normal -1 0 0
    outer loop
      vertex -12.9 20.9 8.299999999999999
      vertex -12.9 20.88 9.499999999999998
      vertex -12.9 21.424615384615382 8.299999999999999
    endloop
  endfacet
  facet normal -1 0 0
    outer loop
      vertex -12.9 21.424615384615382 8.299999999999999
      vertex -12.9 20.88 9.499999999999998
      vertex -12.9 21.47 8.299999999999999
    endloop
  endfacet
  facet normal -1 8.881784197001444e-14 4.366877230192379e-14
    outer loop
      vertex -12.9 21.47 8.299999999999999
      vertex -12.9 20.88 9.499999999999998
      vertex -12.899999999999999 20.9 9.499999999999998
    endloop
  endfacet
  facet normal -1 -8.881784197001444e-14 -4.070817756959003e-14
    outer loop
      vertex -12.9 21.47 8.299999999999999
      vertex -12.899999999999999 20.9 9.499999999999998
      vertex -12.9 20.919999999999998 9.499999999999998
    endloop
  endfacet
  facet normal 0 1 0
    outer loop
      vertex -12.9 21.47 8.2
      vertex -12.9 21.47 8.299999999999999
      vertex -5.9 21.47 8.299999999999999
    endloop
  endfacet
  facet normal 0 0.9090648228942839 0.41665471049321423
    outer loop
      vertex -12.9 21.47 8.299999999999999
      vertex -12.9 20.919999999999998 9.499999999999998
      vertex -5.9 21.47 8.299999999999999
    endloop
  endfacet
  facet normal 0 0 1
    outer loop
      vertex -12.899999999999999 20.9 9.499999999999998
      vertex -5.9 20.9 9.499999999999998
      vertex -12.9 20.919999999999998 9.499999999999998
    endloop
  endfacet
  facet normal 0 0.9090648228942839 0.41665471049321423
    outer loop
      vertex -12.9 20.919999999999998 9.499999999999998
      vertex -5.9 20.919999999999998 9.499999999999998
      vertex -5.9 21.47 8.299999999999999
    endloop
  endfacet
  facet normal 0 0 1
    outer loop
      vertex -12.9 20.919999999999998 9.499999999999998
      vertex -5.9 20.9 9.499999999999998
      vertex -5.9 20.919999999999998 9.499999999999998
    endloop
  endfacet
  facet normal 1 0 0
    outer loop
      vertex -5.9 20.9 8.2
      vertex -5.9 20.89923076923077 8.249999999999998
      vertex -5.9 20.899166666666666 8.249999999999998
    endloop
  endfacet
  facet normal 1 0 0
    outer loop
      vertex -5.9 20.9 8.2
      vertex -5.9 21.47 8.299999999999999
      vertex -5.9 20.89923076923077 8.249999999999998
    endloop
  endfacet
  facet normal 1 0 0
    outer loop
      vertex -5.9 20.89923076923077 8.249999999999998
      vertex -5.9 21.47 8.299999999999999
      vertex -5.9 20.89994955863808 8.296973518284993
    endloop
  endfacet
  facet normal 1 0 0
    outer loop
      vertex -5.9 20.9 8.2
      vertex -5.9 21.47 8.2
      vertex -5.9 21.47 8.299999999999999
    endloop
  endfacet
  facet normal 1 0 0
    outer loop
      vertex -5.9 20.899166666666666 8.249999999999998
      vertex -5.9 20.89994955863808 8.296973518284993
      vertex -5.9 20.88 9.399999999999999
    endloop
  endfacet
  facet normal 1 0 0
    outer loop
      vertex -5.9 20.89994955863808 8.296973518284993
      vertex -5.9 21.47 8.299999999999999
      vertex -5.9 20.88 9.499999999999998
    endloop
  endfacet
  facet normal 1 0 0
    outer loop
      vertex -5.9 21.47 8.299999999999999
      vertex -5.9 20.9 9.499999999999998
      vertex -5.9 20.88 9.499999999999998
    endloop
  endfacet
  facet normal 1 0 0
    outer loop
      vertex -5.9 21.47 8.299999999999999
      vertex -5.9 20.919999999999998 9.499999999999998
      vertex -5.9 20.9 9.499999999999998
    endloop
  endfacet
  facet normal -1 0 0
    outer loop
      vertex -12.9 -21.47 8.2
      vertex -12.9 -21.47 8.299999999999999
      vertex -12.9 -21.424615384615382 8.299999999999999
    endloop
  endfacet
  facet normal -1 0 0
    outer loop
      vertex -12.9 -20.9 8.2
      vertex -12.9 -20.89923076923077 8.249999999999998
      vertex -12.9 -20.899166666666666 8.249999999999998
    endloop
  endfacet
  facet normal -1 0 0
    outer loop
      vertex -12.9 -21.47 8.299999999999999
      vertex -12.9 -20.88 9.499999999999998
      vertex -12.9 -21.424615384615382 8.299999999999999
    endloop
  endfacet
  facet normal -1 0 0
    outer loop
      vertex -12.9 -21.424615384615382 8.299999999999999
      vertex -12.9 -20.88 9.499999999999998
      vertex -12.9 -20.9 8.299999999999999
    endloop
  endfacet
  facet normal -1 8.881784197001444e-14 -4.070817756959003e-14
    outer loop
      vertex -12.9 -21.47 8.299999999999999
      vertex -12.9 -20.919999999999998 9.499999999999998
      vertex -12.899999999999999 -20.9 9.499999999999998
    endloop
  endfacet
  facet normal -1 -8.881784197001444e-14 4.366877230192379e-14
    outer loop
      vertex -12.9 -21.47 8.299999999999999
      vertex -12.899999999999999 -20.9 9.499999999999998
      vertex -12.9 -20.88 9.499999999999998
    endloop
  endfacet
  facet normal 0 -1 0
    outer loop
      vertex -12.9 -21.47 8.2
      vertex -5.9 -21.47 8.299999999999999
      vertex -12.9 -21.47 8.299999999999999
    endloop
  endfacet
  facet normal 0 -0.9090648228942839 0.41665471049321423
    outer loop
      vertex -12.9 -21.47 8.299999999999999
      vertex -5.9 -21.47 8.299999999999999
      vertex -12.9 -20.919999999999998 9.499999999999998
    endloop
  endfacet
  facet normal 0 0 1
    outer loop
      vertex -12.899999999999999 -20.9 9.499999999999998
      vertex -12.9 -20.919999999999998 9.499999999999998
      vertex -5.9 -20.9 9.499999999999998
    endloop
  endfacet
  facet normal 0 -0.9090648228942839 0.41665471049321423
    outer loop
      vertex -12.9 -20.919999999999998 9.499999999999998
      vertex -5.9 -21.47 8.299999999999999
      vertex -5.9 -20.919999999999998 9.499999999999998
    endloop
  endfacet
  facet normal 0 0 1
    outer loop
      vertex -12.9 -20.919999999999998 9.499999999999998
      vertex -5.9 -20.919999999999998 9.499999999999998
      vertex -5.9 -20.9 9.499999999999998
    endloop
  endfacet
  facet normal 1 0 0
    outer loop
      vertex -5.9 -21.47 8.2
      vertex -5.9 -20.9 8.2
      vertex -5.9 -21.47 8.299999999999999
    endloop
  endfacet
  facet normal 1 0 0
    outer loop
      vertex -5.9 -20.9 8.2
      vertex -5.9 -20.899166666666666 8.249999999999998
      vertex -5.9 -20.89923076923077 8.249999999999998
    endloop
  endfacet
  facet normal 1 0 0
    outer loop
      vertex -5.9 -21.47 8.299999999999999
      vertex -5.9 -20.9 8.2
      vertex -5.9 -20.89923076923077 8.249999999999998
    endloop
  endfacet
  facet normal 1 0 0
    outer loop
      vertex -5.9 -21.47 8.299999999999999
      vertex -5.9 -20.89923076923077 8.249999999999998
      vertex -5.9 -20.89994955863808 8.296973518284993
    endloop
  endfacet
  facet normal 1 0 0
    outer loop
      vertex -5.9 -20.899166666666666 8.249999999999998
      vertex -5.9 -20.88 9.399999999999999
      vertex -5.9 -20.89994955863808 8.296973518284993
    endloop
  endfacet
  facet normal 1 0 0
    outer loop
      vertex -5.9 -21.47 8.299999999999999
      vertex -5.9 -20.89994955863808 8.296973518284993
      vertex -5.9 -20.88 9.499999999999998
    endloop
  endfacet
  facet normal 1 0 0
    outer loop
      vertex -5.9 -21.47 8.299999999999999
      vertex -5.9 -20.9 9.499999999999998
      vertex -5.9 -20.919999999999998 9.499999999999998
    endloop
  endfacet
  facet normal 1 0 0
    outer loop
      vertex -5.9 -21.47 8.299999999999999
      vertex -5.9 -20.88 9.499999999999998
      vertex -5.9 -20.9 9.499999999999998
    endloop
  endfacet
  facet normal 0 -1 0
    outer loop
      vertex -12.9 19.4 2.8311665463048388
      vertex -12.824857827229422 19.4 3.0846316258877797
      vertex -12.9 19.4 3.9
    endloop
  endfacet
  facet normal 0 -1 0
    outer loop
      vertex -12.824857827229422 19.4 3.0846316258877797
      vertex -12.786336611858655 19.4 3.2
      vertex -12.9 19.4 3.9
    endloop
  endfacet
  facet normal 0 1 0
    outer loop
      vertex -12.9 20.9 2
      vertex -7.687234042553191 20.9 3.9
      vertex -12.738614057044991 20.9 2
    endloop
  endfacet
  facet normal 0 1 0
    outer loop
      vertex -12.9 20.9 2
      vertex -12.9 20.9 3.9
      vertex -7.687234042553191 20.9 3.9
    endloop
  endfacet
  facet normal 0 -1 0
    outer loop
      vertex -11.7414213595007 19.4 2.075334470989657
      vertex -5.9 19.4 2.556
      vertex -5.9 19.4 3.9
    endloop
  endfacet
  facet normal 0 1 0
    outer loop
      vertex -12.738614057044991 20.9 2
      vertex -7.687234042553191 20.9 3.9
      vertex -6.623983349343581 20.9 2.7577649695805313
    endloop
  endfacet
  facet normal -1 0 0
    outer loop
      vertex -12.9 19.4 3.9
      vertex -12.9 20.88 6.999999999999999
      vertex -12.9 20.9 3.9
    endloop
  endfacet
  facet normal -1 0 0
    outer loop
      vertex -12.9 19.4 3.9
      vertex -12.9 20.88 7.099999999999999
      vertex -12.9 20.88 6.999999999999999
    endloop
  endfacet
  facet normal -1 0 0
    outer loop
      vertex -12.9 20.9 3.9
      vertex -12.9 20.88 6.999999999999999
      vertex -12.9 20.9 6.999999999999999
    endloop
  endfacet
  facet normal -1 0 0
    outer loop
      vertex -12.9 19.4 3.9
      vertex -12.9 20.899166666666666 8.249999999999998
      vertex -12.9 20.88 7.099999999999999
    endloop
  endfacet
  facet normal 0 -1 0
    outer loop
      vertex -11.7414213595007 19.4 2.075334470989657
      vertex -5.9 19.4 9.5
      vertex -11.7414213595007 19.4 3.2
    endloop
  endfacet
  facet normal 0 -1 0
    outer loop
      vertex -12.786336611858655 19.4 3.2
      vertex -11.7414213595007 19.4 3.2
      vertex -5.9 19.4 9.5
    endloop
  endfacet
  facet normal 0 -1 0
    outer loop
      vertex -12.786336611858655 19.4 3.2
      vertex -5.9 19.4 9.5
      vertex -12.9 19.4 3.9
    endloop
  endfacet
  facet normal 0 1 0
    outer loop
      vertex -12.9 20.9 3.9
      vertex -12.9 20.9 6.999999999999999
      vertex -7.687234042553191 20.9 3.9
    endloop
  endfacet
  facet normal 0 -1 0
    outer loop
      vertex -11.7414213595007 19.4 2.075334470989657
      vertex -5.9 19.4 3.9
      vertex -5.9 19.4 9.5
    endloop
  endfacet
  facet normal 0 1 0
    outer loop
      vertex -7.687234042553191 20.9 3.9
      vertex -12.9 20.9 6.999999999999999
      vertex -5.9 20.9 6.999999999999999
    endloop
  endfacet
  facet normal -1 0 0
    outer loop
      vertex -12.9 19.4 3.9
      vertex -12.9 19.4 9.5
      vertex -12.9 20.899166666666666 8.249999999999998
    endloop
  endfacet
  facet normal -1 0 0
    outer loop
      vertex -12.9 20.899166666666666 8.249999999999998
      vertex -12.9 19.4 9.5
      vertex -12.9 20.9 8.299999999999999
    endloop
  endfacet
  facet normal -1 0 0
    outer loop
      vertex -12.9 20.9 8.299999999999999
      vertex -12.9 19.4 9.5
      vertex -12.9 20.88 9.499999999999998
    endloop
  endfacet
  facet normal 0 -1 0
    outer loop
      vertex -12.9 19.4 3.9
      vertex -5.9 19.4 9.5
      vertex -12.9 19.4 9.5
    endloop
  endfacet
  facet normal 0 1.2002411077028715e-15 1
    outer loop
      vertex -12.9 19.4 9.5
      vertex -5.9 19.4 9.5
      vertex -12.9 20.88 9.499999999999998
    endloop
  endfacet
  facet normal -2.5376526277145956e-16 2.253888300631468e-29 1
    outer loop
      vertex -12.9 20.88 9.499999999999998
      vertex -5.9 19.4 9.5
      vertex -12.899999999999999 20.9 9.499999999999998
    endloop
  endfacet
  facet normal 3.4292603077224185e-18 1.2002411077028717e-15 1
    outer loop
      vertex -12.899999999999999 20.9 9.499999999999998
      vertex -5.9 19.4 9.5
      vertex -5.9 20.88 9.499999999999998
    endloop
  endfacet
  facet normal 0 0 1
    outer loop
      vertex -12.899999999999999 20.9 9.499999999999998
      vertex -5.9 20.88 9.499999999999998
      vertex -5.9 20.9 9.499999999999998
    endloop
  endfacet
  facet normal 0 1 0
    outer loop
      vertex -7.687234042553191 20.9 3.9
      vertex -5.9 20.9 6.999999999999999
      vertex -5.9 20.9 3.9
    endloop
  endfacet
  facet normal 1 0 0
    outer loop
      vertex -5.9 19.4 3.9
      vertex -5.9 20.9 3.9
      vertex -5.9 20.88 6.999999999999999
    endloop
  endfacet
  facet normal 1 0 0
    outer loop
      vertex -5.9 19.4 3.9
      vertex -5.9 20.88 7.099999999999999
      vertex -5.9 19.4 9.5
    endloop
  endfacet
  facet normal 1 0 0
    outer loop
      vertex -5.9 19.4 3.9
      vertex -5.9 20.88 6.999999999999999
      vertex -5.9 20.88 7.099999999999999
    endloop
  endfacet
  facet normal 1 0 0
    outer loop
      vertex -5.9 20.9 3.9
      vertex -5.9 20.9 6.999999999999999
      vertex -5.9 20.88 6.999999999999999
    endloop
  endfacet
  facet normal 1 0 0
    outer loop
      vertex -5.9 20.88 7.099999999999999
      vertex -5.9 20.899166666666666 8.249999999999998
      vertex -5.9 19.4 9.5
    endloop
  endfacet
  facet normal 1 0 0
    outer loop
      vertex -5.9 20.899166666666666 8.249999999999998
      vertex -5.9 20.88 9.399999999999999
      vertex -5.9 19.4 9.5
    endloop
  endfacet
  facet normal 1 0 0
    outer loop
      vertex -5.9 20.89994955863808 8.296973518284993
      vertex -5.9 20.88 9.499999999999998
      vertex -5.9 20.88 9.399999999999999
    endloop
  endfacet
  facet normal 1 0 0
    outer loop
      vertex -5.9 19.4 9.5
      vertex -5.9 20.88 9.399999999999999
      vertex -5.9 20.88 9.499999999999998
    endloop
  endfacet
  facet normal 0 -1 0
    outer loop
      vertex -12.9 -20.9 2
      vertex -12.738614057044991 -20.9 2
      vertex -12.9 -20.9 3.9
    endloop
  endfacet
  facet normal 0 1 0
    outer loop
      vertex -12.9 -19.4 2.8311665463048388
      vertex -12.9 -19.4 3.9
      vertex -12.824857827229422 -19.4 3.0846316258877797
    endloop
  endfacet
  facet normal 0 1 0
    outer loop
      vertex -12.824857827229422 -19.4 3.0846316258877797
      vertex -12.9 -19.4 3.9
      vertex -12.786336611858655 -19.4 3.2
    endloop
  endfacet
  facet normal 0 -1 0
    outer loop
      vertex -12.738614057044991 -20.9 2
      vertex -7.687234042553191 -20.9 3.9
      vertex -12.9 -20.9 3.9
    endloop
  endfacet
  facet normal 0 1 0
    outer loop
      vertex -11.7414213595007 -19.4 2.075334470989657
      vertex -11.7414213595007 -19.4 3.2
      vertex -5.9 -19.4 2.556
    endloop
  endfacet
  facet normal 0 1 0
    outer loop
      vertex -12.786336611858655 -19.4 3.2
      vertex -5.9 -19.4 3.9
      vertex -11.7414213595007 -19.4 3.2
    endloop
  endfacet
  facet normal 0 -1 0
    outer loop
      vertex -12.738614057044991 -20.9 2
      vertex -6.623983349343581 -20.9 2.7577649695805313
      vertex -7.687234042553191 -20.9 3.9
    endloop
  endfacet
  facet normal 0 1 0
    outer loop
      vertex -11.7414213595007 -19.4 3.2
      vertex -5.9 -19.4 3.9
      vertex -5.9 -19.4 2.556
    endloop
  endfacet
  facet normal -1 0 0
    outer loop
      vertex -12.9 -20.9 3.9
      vertex -12.9 -20.88 6.999999999999999
      vertex -12.9 -19.4 3.9
    endloop
  endfacet
  facet normal -1 0 0
    outer loop
      vertex -12.9 -20.9 3.9
      vertex -12.9 -20.9 6.999999999999999
      vertex -12.9 -20.88 6.999999999999999
    endloop
  endfacet
  facet normal -1 0 0
    outer loop
      vertex -12.9 -19.4 3.9
      vertex -12.9 -20.88 6.999999999999999
      vertex -12.9 -20.88 7.099999999999999
    endloop
  endfacet
  facet normal -1 0 0
    outer loop
      vertex -12.9 -19.4 3.9
      vertex -12.9 -20.88 7.099999999999999
      vertex -12.9 -20.899166666666666 8.249999999999998
    endloop
  endfacet
  facet normal 0 -1 0
    outer loop
      vertex -12.9 -20.9 3.9
      vertex -7.687234042553191 -20.9 3.9
      vertex -12.9 -20.9 6.999999999999999
    endloop
  endfacet
  facet normal 0 1 0
    outer loop
      vertex -12.786336611858655 -19.4 3.2
      vertex -12.9 -19.4 3.9
      vertex -5.9 -19.4 9.5
    endloop
  endfacet
  facet normal 0 1 0
    outer loop
      vertex -12.786336611858655 -19.4 3.2
      vertex -5.9 -19.4 9.5
      vertex -5.9 -19.4 3.9
    endloop
  endfacet
  facet normal 0 -1 0
    outer loop
      vertex -7.687234042553191 -20.9 3.9
      vertex -5.9 -20.9 6.999999999999999
      vertex -12.9 -20.9 6.999999999999999
    endloop
  endfacet
  facet normal -1 0 0
    outer loop
      vertex -12.9 -19.4 3.9
      vertex -12.9 -20.899166666666666 8.249999999999998
      vertex -12.9 -19.4 9.5
    endloop
  endfacet
  facet normal -1 0 0
    outer loop
      vertex -12.9 -20.899166666666666 8.249999999999998
      vertex -12.9 -20.9 8.299999999999999
      vertex -12.9 -19.4 9.5
    endloop
  endfacet
  facet normal -1 0 0
    outer loop
      vertex -12.9 -20.9 8.299999999999999
      vertex -12.9 -20.88 9.499999999999998
      vertex -12.9 -19.4 9.5
    endloop
  endfacet
  facet normal 0 1 0
    outer loop
      vertex -12.9 -19.4 3.9
      vertex -12.9 -19.4 9.5
      vertex -5.9 -19.4 9.5
    endloop
  endfacet
  facet normal -2.5376526277145956e-16 -2.253888300631468e-29 1
    outer loop
      vertex -12.899999999999999 -20.9 9.499999999999998
      vertex -5.9 -19.4 9.5
      vertex -12.9 -20.88 9.499999999999998
    endloop
  endfacet
  facet normal 0 -1.2002411077028715e-15 1
    outer loop
      vertex -12.9 -20.88 9.499999999999998
      vertex -5.9 -19.4 9.5
      vertex -12.9 -19.4 9.5
    endloop
  endfacet
  facet normal 0 0 1
    outer loop
      vertex -12.899999999999999 -20.9 9.499999999999998
      vertex -5.9 -20.9 9.499999999999998
      vertex -5.9 -20.88 9.499999999999998
    endloop
  endfacet
  facet normal 3.4292603077224185e-18 -1.2002411077028717e-15 1
    outer loop
      vertex -12.899999999999999 -20.9 9.499999999999998
      vertex -5.9 -20.88 9.499999999999998
      vertex -5.9 -19.4 9.5
    endloop
  endfacet
  facet normal 0 -1 0
    outer loop
      vertex -7.687234042553191 -20.9 3.9
      vertex -5.9 -20.9 3.9
      vertex -5.9 -20.9 6.999999999999999
    endloop
  endfacet
  facet normal 1 0 0
    outer loop
      vertex -5.9 -20.9 3.9
      vertex -5.9 -19.4 3.9
      vertex -5.9 -20.88 6.999999999999999
    endloop
  endfacet
  facet normal 1 0 0
    outer loop
      vertex -5.9 -20.9 3.9
      vertex -5.9 -20.88 6.999999999999999
      vertex -5.9 -20.9 6.999999999999999
    endloop
  endfacet
  facet normal 1 0 0
    outer loop
      vertex -5.9 -19.4 3.9
      vertex -5.9 -20.88 7.099999999999999
      vertex -5.9 -20.88 6.999999999999999
    endloop
  endfacet
  facet normal 1 0 0
    outer loop
      vertex -5.9 -19.4 3.9
      vertex -5.9 -19.4 9.5
      vertex -5.9 -20.88 7.099999999999999
    endloop
  endfacet
  facet normal 1 0 0
    outer loop
      vertex -5.9 -20.88 7.099999999999999
      vertex -5.9 -19.4 9.5
      vertex -5.9 -20.899166666666666 8.249999999999998
    endloop
  endfacet
  facet normal 1 0 0
    outer loop
      vertex -5.9 -20.89994955863808 8.296973518284993
      vertex -5.9 -20.88 9.399999999999999
      vertex -5.9 -20.88 9.499999999999998
    endloop
  endfacet
  facet normal 1 0 0
    outer loop
      vertex -5.9 -20.899166666666666 8.249999999999998
      vertex -5.9 -19.4 9.5
      vertex -5.9 -20.88 9.399999999999999
    endloop
  endfacet
  facet normal 1 0 0
    outer loop
      vertex -5.9 -20.88 9.399999999999999
      vertex -5.9 -19.4 9.5
      vertex -5.9 -20.88 9.499999999999998
    endloop
  endfacet
  facet normal -1 0 0
    outer loop
      vertex 2.9000000000000004 19.4 2
      vertex 2.9000000000000004 19.4 2.08
      vertex 2.9000000000000004 19.5 2
    endloop
  endfacet
  facet normal -1 0 0
    outer loop
      vertex 2.9000000000000004 19.5 2
      vertex 2.9000000000000004 19.4 2.08
      vertex 2.9000000000000004 19.5 2.08
    endloop
  endfacet
  facet normal -1 0 0
    outer loop
      vertex 2.9000000000000004 20.697123870253563 2
      vertex 2.9000000000000004 20.697123870253563 2.02
      vertex 2.9000000000000004 20.9 2
    endloop
  endfacet
  facet normal -1 0 0
    outer loop
      vertex 2.9000000000000004 20.697123870253563 2.02
      vertex 2.9000000000000004 20.9 2.08
      vertex 2.9000000000000004 20.9 2
    endloop
  endfacet
  facet normal -1 0 0
    outer loop
      vertex 2.9000000000000004 20.697123870253563 2.02
      vertex 2.9000000000000004 20.678774806402497 2.08
      vertex 2.9000000000000004 20.9 2.08
    endloop
  endfacet
  facet normal 0 -1 0
    outer loop
      vertex 2.9000000000000004 19.4 2
      vertex 11.7414213595007 19.4 2.381230446529818
      vertex 2.9000000000000004 19.4 2.08
    endloop
  endfacet
  facet normal -0.518680630233539 0 0.8549680718135261
    outer loop
      vertex 2.9000000000000004 19.4 2.08
      vertex 4.746153846153847 19.5 3.2
      vertex 2.9000000000000004 19.5 2.08
    endloop
  endfacet
  facet normal -0.518680630233539 0 0.8549680718135261
    outer loop
      vertex 2.9000000000000004 20.678774806402497 2.08
      vertex 4.746153846153847 20.336258947849274 3.2
      vertex 2.9000000000000004 20.9 2.08
    endloop
  endfacet
  facet normal -0.5186806302335392 1.2656069848623166e-15 0.8549680718135261
    outer loop
      vertex 2.9000000000000004 19.4 2.08
      vertex 5.9 19.4 3.9
      vertex 4.746153846153847 19.5 3.2
    endloop
  endfacet
  facet normal 0 1 0
    outer loop
      vertex 2.9000000000000004 20.9 2
      vertex 2.9000000000000004 20.9 2.08
      vertex 5.9 20.9 3.9
    endloop
  endfacet
  facet normal -0.5186806302335392 -2.2450147634874653e-16 0.8549680718135261
    outer loop
      vertex 2.9000000000000004 20.9 2.08
      vertex 4.746153846153847 20.336258947849274 3.2
      vertex 5.9 20.9 3.9
    endloop
  endfacet
  facet normal -0.5186806302335392 0 0.854968071813526
    outer loop
      vertex 4.746153846153847 19.5 3.2
      vertex 5.9 20.9 3.9
      vertex 4.746153846153847 20.336258947849274 3.2
    endloop
  endfacet
  facet normal 0 -1 0
    outer loop
      vertex 2.9000000000000004 19.4 2.08
      vertex 11.7414213595007 19.4 2.381230446529818
      vertex 5.9 19.4 3.9
    endloop
  endfacet
  facet normal 0 1 0
    outer loop
      vertex 2.9000000000000004 20.9 2
      vertex 5.9 20.9 3.9
      vertex 11.38375451263538 20.9 3.608880866425993
    endloop
  endfacet
  facet normal -0.5186806302335392 0 0.854968071813526
    outer loop
      vertex 4.746153846153847 19.5 3.2
      vertex 5.9 19.4 3.9
      vertex 5.9 20.9 3.9
    endloop
  endfacet
  facet normal 0 -1 0
    outer loop
      vertex 2.9000000000000004 19.4 2
      vertex 11.7414213595007 19.4 2
      vertex 11.7414213595007 19.4 2.381230446529818
    endloop
  endfacet
  facet normal 1 0 0
    outer loop
      vertex 12.9 19.944156135853113 2
      vertex 12.9 20.9 2
      vertex 12.9 19.944156135853113 2.02
    endloop
  endfacet
  facet normal 0 1 0
    outer loop
      vertex 2.9000000000000004 20.9 2
      vertex 12.9 20.9 3.5094915254237287
      vertex 12.9 20.9 2
    endloop
  endfacet
  facet normal 0 1 0
    outer loop
      vertex 2.9000000000000004 20.9 2
      vertex 11.38375451263538 20.9 3.608880866425993
      vertex 12.9 20.9 3.5094915254237287
    endloop
  endfacet
  facet normal 0 1 0
    outer loop
      vertex 5.9 20.9 3.9
      vertex 11.11276595744681 20.9 3.9
      vertex 11.38375451263538 20.9 3.608880866425993
    endloop
  endfacet
  facet normal 1 0 0
    outer loop
      vertex 12.9 19.752674104687888 2.3867098641279094
      vertex 12.9 20.72918149466192 3.6927402135231318
      vertex 12.9 19.559264827434273 2.6481921421895454
    endloop
  endfacet
  facet normal 1 0 0
    outer loop
      vertex 12.9 19.559264827434273 2.6481921421895454
      vertex 12.9 20.72918149466192 3.6927402135231318
      vertex 12.9 19.4 2.836563559211667
    endloop
  endfacet
  facet normal 1 0 0
    outer loop
      vertex 12.9 19.4 2.836563559211667
      vertex 12.9 20.72918149466192 3.6927402135231318
      vertex 12.9 19.4 3.9
    endloop
  endfacet
  facet normal 1 0 0
    outer loop
      vertex 12.9 19.944156135853113 2.02
      vertex 12.9 20.9 2
      vertex 12.9 20.72918149466192 3.6927402135231318
    endloop
  endfacet
  facet normal 1 0 0
    outer loop
      vertex 12.9 19.944156135853113 2.02
      vertex 12.9 20.72918149466192 3.6927402135231318
      vertex 12.9 19.752674104687888 2.3867098641279094
    endloop
  endfacet
  facet normal 1 0 0
    outer loop
      vertex 12.9 20.9 2
      vertex 12.9 20.9 3.5094915254237287
      vertex 12.9 20.72918149466192 3.6927402135231318
    endloop
  endfacet
  facet normal 1 0 0
    outer loop
      vertex 12.9 19.4 3.9
      vertex 12.9 20.72918149466192 3.6927402135231318
      vertex 12.9 20.70851063829787 3.9
    endloop
  endfacet
  facet normal -1 0 0
    outer loop
      vertex 2.9000000000000004 -20.9 2
      vertex 2.9000000000000004 -20.697123870253563 2.02
      vertex 2.9000000000000004 -20.697123870253563 2
    endloop
  endfacet
  facet normal -1 0 0
    outer loop
      vertex 2.9000000000000004 -20.9 2
      vertex 2.9000000000000004 -20.9 2.08
      vertex 2.9000000000000004 -20.697123870253563 2.02
    endloop
  endfacet
  facet normal -1 0 0
    outer loop
      vertex 2.9000000000000004 -20.697123870253563 2.02
      vertex 2.9000000000000004 -20.9 2.08
      vertex 2.9000000000000004 -20.678774806402497 2.08
    endloop
  endfacet
  facet normal -1 0 0
    outer loop
      vertex 2.9000000000000004 -19.5 2
      vertex 2.9000000000000004 -19.5 2.08
      vertex 2.9000000000000004 -19.4 2
    endloop
  endfacet
  facet normal -1 0 0
    outer loop
      vertex 2.9000000000000004 -19.4 2
      vertex 2.9000000000000004 -19.5 2.08
      vertex 2.9000000000000004 -19.4 2.08
    endloop
  endfacet
  facet normal 0 -1 0
    outer loop
      vertex 2.9000000000000004 -20.9 2
      vertex 12.9 -20.9 2
      vertex 2.9000000000000004 -20.9 2.08
    endloop
  endfacet
  facet normal -0.518680630233539 0 0.8549680718135261
    outer loop
      vertex 2.9000000000000004 -19.5 2.08
      vertex 4.746153846153847 -19.5 3.2
      vertex 2.9000000000000004 -19.4 2.08
    endloop
  endfacet
  facet normal -0.5186806302335392 0 0.8549680718135262
    outer loop
      vertex 2.9000000000000004 -20.9 2.08
      vertex 5.9 -20.9 3.9
      vertex 2.9000000000000004 -20.678774806402497 2.08
    endloop
  endfacet
  facet normal -0.518680630233539 2.6440932771917126e-16 0.854968071813526
    outer loop
      vertex 2.9000000000000004 -20.678774806402497 2.08
      vertex 5.9 -20.9 3.9
      vertex 4.746153846153847 -20.336258947849274 3.2
    endloop
  endfacet
  facet normal 0 1 0
    outer loop
      vertex 2.9000000000000004 -19.4 2
      vertex 2.9000000000000004 -19.4 2.08
      vertex 5.9 -19.4 3.9
    endloop
  endfacet
  facet normal -0.5186806302335392 -1.2656069848623166e-15 0.8549680718135261
    outer loop
      vertex 2.9000000000000004 -19.4 2.08
      vertex 4.746153846153847 -19.5 3.2
      vertex 5.9 -19.4 3.9
    endloop
  endfacet
  facet normal -0.5186806302335392 0 0.854968071813526
    outer loop
      vertex 4.746153846153847 -20.336258947849274 3.2
      vertex 5.9 -19.4 3.9
      vertex 4.746153846153847 -19.5 3.2
    endloop
  endfacet
  facet normal 0 -1 0
    outer loop
      vertex 2.9000000000000004 -20.9 2.08
      vertex 12.9 -20.9 2
      vertex 5.9 -20.9 3.9
    endloop
  endfacet
  facet normal 0 1 0
    outer loop
      vertex 2.9000000000000004 -19.4 2
      vertex 5.9 -19.4 3.9
      vertex 11.7414213595007 -19.4 2
    endloop
  endfacet
  facet normal -0.5186806302335392 0 0.854968071813526
    outer loop
      vertex 4.746153846153847 -20.336258947849274 3.2
      vertex 5.9 -20.9 3.9
      vertex 5.9 -19.4 3.9
    endloop
  endfacet
  facet normal 1 0 0
    outer loop
      vertex 12.9 -20.9 2
      vertex 12.9 -19.944156135853113 2
      vertex 12.9 -19.944156135853113 2.02
    endloop
  endfacet
  facet normal 0 -1 0
    outer loop
      vertex 5.9 -20.9 3.9
      vertex 12.9 -20.9 2
      vertex 11.38375451263538 -20.9 3.608880866425993
    endloop
  endfacet
  facet normal 0 1 0
    outer loop
      vertex 5.9 -19.4 3.9
      vertex 11.7414213595007 -19.4 2.381230446529818
      vertex 11.7414213595007 -19.4 2
    endloop
  endfacet
  facet normal 0 -1 0
    outer loop
      vertex 5.9 -20.9 3.9
      vertex 11.38375451263538 -20.9 3.608880866425993
      vertex 11.11276595744681 -20.9 3.9
    endloop
  endfacet
  facet normal 1 0 0
    outer loop
      vertex 12.9 -20.9 2
      vertex 12.9 -19.944156135853113 2.02
      vertex 12.9 -20.9 3.5094915254237287
    endloop
  endfacet
  facet normal 1 0 0
    outer loop
      vertex 12.9 -19.944156135853113 2.02
      vertex 12.9 -19.752674104687888 2.3867098641279094
      vertex 12.9 -20.9 3.5094915254237287
    endloop
  endfacet
  facet normal 0 -1 0
    outer loop
      vertex 12.9 -20.9 2
      vertex 12.9 -20.9 3.5094915254237287
      vertex 11.38375451263538 -20.9 3.608880866425993
    endloop
  endfacet
  facet normal 1 0 0
    outer loop
      vertex 12.9 -20.9 3.5094915254237287
      vertex 12.9 -19.559264827434273 2.6481921421895454
      vertex 12.9 -20.72918149466192 3.6927402135231318
    endloop
  endfacet
  facet normal 1 0 0
    outer loop
      vertex 12.9 -20.9 3.5094915254237287
      vertex 12.9 -19.752674104687888 2.3867098641279094
      vertex 12.9 -19.559264827434273 2.6481921421895454
    endloop
  endfacet
  facet normal 1 0 0
    outer loop
      vertex 12.9 -19.559264827434273 2.6481921421895454
      vertex 12.9 -19.4 2.836563559211667
      vertex 12.9 -20.72918149466192 3.6927402135231318
    endloop
  endfacet
  facet normal 1 0 0
    outer loop
      vertex 12.9 -19.4 2.836563559211667
      vertex 12.9 -19.4 3.9
      vertex 12.9 -20.72918149466192 3.6927402135231318
    endloop
  endfacet
  facet normal 1 0 0
    outer loop
      vertex 12.9 -20.72918149466192 3.6927402135231318
      vertex 12.9 -19.4 3.9
      vertex 12.9 -20.70851063829787 3.9
    endloop
  endfacet
  facet normal -1 0 0
    outer loop
      vertex 5.9 20.88 6.999999999999999
      vertex 5.9 20.9 8.2
      vertex 5.9 20.9 6.999999999999999
    endloop
  endfacet
  facet normal -1 0 0
    outer loop
      vertex 5.9 20.9 6.999999999999999
      vertex 5.9 20.9 8.2
      vertex 5.9 20.919999999999998 6.999999999999999
    endloop
  endfacet
  facet normal -1 0 0
    outer loop
      vertex 5.9 20.88 6.999999999999999
      vertex 5.9 20.88 7.099999999999999
      vertex 5.9 20.899166666666666 8.249999999999998
    endloop
  endfacet
  facet normal -1 0 0
    outer loop
      vertex 5.9 20.88 6.999999999999999
      vertex 5.9 20.899166666666666 8.249999999999998
      vertex 5.9 20.9 8.2
    endloop
  endfacet
  facet normal -1 0 0
    outer loop
      vertex 5.9 20.919999999999998 6.999999999999999
      vertex 5.9 20.9 8.2
      vertex 5.9 20.89923076923077 8.249999999999998
    endloop
  endfacet
  facet normal -1 0 0
    outer loop
      vertex 5.9 20.919999999999998 6.999999999999999
      vertex 5.9 20.89923076923077 8.249999999999998
      vertex 5.9 20.9 8.299999999999999
    endloop
  endfacet
  facet normal -1 0 0
    outer loop
      vertex 5.9 20.919999999999998 6.999999999999999
      vertex 5.9 20.9 8.299999999999999
      vertex 5.9 21.424615384615382 8.299999999999999
    endloop
  endfacet
  facet normal -1 0 0
    outer loop
      vertex 5.9 20.919999999999998 6.999999999999999
      vertex 5.9 21.424615384615382 8.299999999999999
      vertex 5.9 21.47 8.2
    endloop
  endfacet
  facet normal -1 0 0
    outer loop
      vertex 5.9 20.89923076923077 8.249999999999998
      vertex 5.9 20.899166666666666 8.249999999999998
      vertex 5.9 20.9 8.299999999999999
    endloop
  endfacet
  facet normal 0 0 -1
    outer loop
      vertex 5.9 20.9 6.999999999999999
      vertex 5.9 20.919999999999998 6.999999999999999
      vertex 12.9 20.919999999999998 6.999999999999999
    endloop
  endfacet
  facet normal 0 0 -1
    outer loop
      vertex 5.9 20.9 6.999999999999999
      vertex 12.9 20.919999999999998 6.999999999999999
      vertex 12.9 20.9 6.999999999999999
    endloop
  endfacet
  facet normal 0 0.9090648228942841 -0.416654710493214
    outer loop
      vertex 5.9 20.919999999999998 6.999999999999999
      vertex 5.9 21.47 8.2
      vertex 12.9 21.47 8.2
    endloop
  endfacet
  facet normal 0 0.9090648228942841 -0.416654710493214
    outer loop
      vertex 5.9 20.919999999999998 6.999999999999999
      vertex 12.9 21.47 8.2
      vertex 12.9 20.919999999999998 6.999999999999999
    endloop
  endfacet
  facet normal 0 1 0
    outer loop
      vertex 5.9 21.47 8.2
      vertex 12.9 21.47 8.299999999999999
      vertex 12.9 21.47 8.2
    endloop
  endfacet
  facet normal 1 0 0
    outer loop
      vertex 12.9 20.88 6.999999999999999
      vertex 12.9 20.9 6.999999999999999
      vertex 12.9 21.47 8.2
    endloop
  endfacet
  facet normal 1 0 0
    outer loop
      vertex 12.9 20.9 6.999999999999999
      vertex 12.9 20.919999999999998 6.999999999999999
      vertex 12.9 21.47 8.2
    endloop
  endfacet
  facet normal 1 0 0
    outer loop
      vertex 12.9 20.88 6.999999999999999
      vertex 12.9 20.9 8.2
      vertex 12.9 20.88 7.099999999999999
    endloop
  endfacet
  facet normal 1 0 0
    outer loop
      vertex 12.9 20.88 7.099999999999999
      vertex 12.9 20.9 8.2
      vertex 12.9 20.899166666666666 8.249999999999998
    endloop
  endfacet
  facet normal 1 0 0
    outer loop
      vertex 12.9 20.88 6.999999999999999
      vertex 12.9 21.47 8.2
      vertex 12.9 20.9 8.2
    endloop
  endfacet
  facet normal 1 0 0
    outer loop
      vertex 12.9 20.89923076923077 8.249999999999998
      vertex 12.9 20.89994955863808 8.296973518284993
      vertex 12.9 20.899166666666666 8.249999999999998
    endloop
  endfacet
  facet normal -1 0 0
    outer loop
      vertex 5.9 -20.9 6.999999999999999
      vertex 5.9 -20.9 8.2
      vertex 5.9 -20.88 6.999999999999999
    endloop
  endfacet
  facet normal -1 0 0
    outer loop
      vertex 5.9 -20.9 6.999999999999999
      vertex 5.9 -20.919999999999998 6.999999999999999
      vertex 5.9 -20.9 8.2
    endloop
  endfacet
  facet normal -1 0 0
    outer loop
      vertex 5.9 -20.88 6.999999999999999
      vertex 5.9 -20.899166666666666 8.249999999999998
      vertex 5.9 -20.88 7.099999999999999
    endloop
  endfacet
  facet normal -1 0 0
    outer loop
      vertex 5.9 -20.919999999999998 6.999999999999999
      vertex 5.9 -21.47 8.2
      vertex 5.9 -21.424615384615382 8.299999999999999
    endloop
  endfacet
  facet normal -1 0 0
    outer loop
      vertex 5.9 -20.919999999999998 6.999999999999999
      vertex 5.9 -21.424615384615382 8.299999999999999
      vertex 5.9 -20.9 8.299999999999999
    endloop
  endfacet
  facet normal -1 0 0
    outer loop
      vertex 5.9 -20.88 6.999999999999999
      vertex 5.9 -20.9 8.2
      vertex 5.9 -20.899166666666666 8.249999999999998
    endloop
  endfacet
  facet normal -1 0 0
    outer loop
      vertex 5.9 -20.919999999999998 6.999999999999999
      vertex 5.9 -20.89923076923077 8.249999999999998
      vertex 5.9 -20.9 8.2
    endloop
  endfacet
  facet normal -1 0 0
    outer loop
      vertex 5.9 -20.919999999999998 6.999999999999999
      vertex 5.9 -20.9 8.299999999999999
      vertex 5.9 -20.89923076923077 8.249999999999998
    endloop
  endfacet
  facet normal -1 0 0
    outer loop
      vertex 5.9 -20.89923076923077 8.249999999999998
      vertex 5.9 -20.9 8.299999999999999
      vertex 5.9 -20.899166666666666 8.249999999999998
    endloop
  endfacet
  facet normal 0 0 -1
    outer loop
      vertex 5.9 -20.9 6.999999999999999
      vertex 12.9 -20.919999999999998 6.999999999999999
      vertex 5.9 -20.919999999999998 6.999999999999999
    endloop
  endfacet
  facet normal 0 0 -1
    outer loop
      vertex 5.9 -20.9 6.999999999999999
      vertex 12.9 -20.9 6.999999999999999
      vertex 12.9 -20.919999999999998 6.999999999999999
    endloop
  endfacet
  facet normal 0 -0.9090648228942841 -0.416654710493214
    outer loop
      vertex 5.9 -20.919999999999998 6.999999999999999
      vertex 12.9 -21.47 8.2
      vertex 5.9 -21.47 8.2
    endloop
  endfacet
  facet normal 0 -0.9090648228942841 -0.416654710493214
    outer loop
      vertex 5.9 -20.919999999999998 6.999999999999999
      vertex 12.9 -20.919999999999998 6.999999999999999
      vertex 12.9 -21.47 8.2
    endloop
  endfacet
  facet normal 0 -1 0
    outer loop
      vertex 5.9 -21.47 8.2
      vertex 12.9 -21.47 8.2
      vertex 12.9 -21.47 8.299999999999999
    endloop
  endfacet
  facet normal 1 0 0
    outer loop
      vertex 12.9 -20.9 6.999999999999999
      vertex 12.9 -21.47 8.2
      vertex 12.9 -20.919999999999998 6.999999999999999
    endloop
  endfacet
  facet normal 1 0 0
    outer loop
      vertex 12.9 -20.9 6.999999999999999
      vertex 12.9 -20.88 6.999999999999999
      vertex 12.9 -21.47 8.2
    endloop
  endfacet
  facet normal 1 0 0
    outer loop
      vertex 12.9 -20.88 6.999999999999999
      vertex 12.9 -20.88 7.099999999999999
      vertex 12.9 -20.9 8.2
    endloop
  endfacet
  facet normal 1 0 0
    outer loop
      vertex 12.9 -20.88 6.999999999999999
      vertex 12.9 -20.9 8.2
      vertex 12.9 -21.47 8.2
    endloop
  endfacet
  facet normal 1 0 0
    outer loop
      vertex 12.9 -20.88 7.099999999999999
      vertex 12.9 -20.899166666666666 8.249999999999998
      vertex 12.9 -20.9 8.2
    endloop
  endfacet
  facet normal 1 0 0
    outer loop
      vertex 12.9 -20.89923076923077 8.249999999999998
      vertex 12.9 -20.899166666666666 8.249999999999998
      vertex 12.9 -20.89994955863808 8.296973518284993
    endloop
  endfacet
  facet normal -1 0 0
    outer loop
      vertex 5.9 20.9 8.2
      vertex 5.9 20.899166666666666 8.249999999999998
      vertex 5.9 20.89923076923077 8.249999999999998
    endloop
  endfacet
  facet normal -1 0 0
    outer loop
      vertex 5.9 21.47 8.2
      vertex 5.9 21.424615384615382 8.299999999999999
      vertex 5.9 21.47 8.299999999999999
    endloop
  endfacet
  facet normal -1 0 0
    outer loop
      vertex 5.9 20.9 8.299999999999999
      vertex 5.9 20.88 9.499999999999998
      vertex 5.9 21.424615384615382 8.299999999999999
    endloop
  endfacet
  facet normal -1 0 0
    outer loop
      vertex 5.9 21.424615384615382 8.299999999999999
      vertex 5.9 20.88 9.499999999999998
      vertex 5.9 21.47 8.299999999999999
    endloop
  endfacet
  facet normal -1 8.881784197001444e-14 4.366877230192379e-14
    outer loop
      vertex 5.9 21.47 8.299999999999999
      vertex 5.9 20.88 9.499999999999998
      vertex 5.900000000000002 20.9 9.499999999999998
    endloop
  endfacet
  facet normal -1 -8.881784197001444e-14 -4.070817756959003e-14
    outer loop
      vertex 5.9 21.47 8.299999999999999
      vertex 5.900000000000002 20.9 9.499999999999998
      vertex 5.9 20.919999999999998 9.499999999999998
    endloop
  endfacet
  facet normal 0 1 0
    outer loop
      vertex 5.9 21.47 8.2
      vertex 5.9 21.47 8.299999999999999
      vertex 12.9 21.47 8.299999999999999
    endloop
  endfacet
  facet normal 0 0.9090648228942839 0.41665471049321423
    outer loop
      vertex 5.9 21.47 8.299999999999999
      vertex 5.9 20.919999999999998 9.499999999999998
      vertex 12.9 21.47 8.299999999999999
    endloop
  endfacet
  facet normal 0 0 1
    outer loop
      vertex 5.900000000000002 20.9 9.499999999999998
      vertex 12.9 20.9 9.499999999999998
      vertex 5.9 20.919999999999998 9.499999999999998
    endloop
  endfacet
  facet normal 0 0.9090648228942839 0.41665471049321423
    outer loop
      vertex 5.9 20.919999999999998 9.499999999999998
      vertex 12.9 20.919999999999998 9.499999999999998
      vertex 12.9 21.47 8.299999999999999
    endloop
  endfacet
  facet normal 0 0 1
    outer loop
      vertex 5.9 20.919999999999998 9.499999999999998
      vertex 12.9 20.9 9.499999999999998
      vertex 12.9 20.919999999999998 9.499999999999998
    endloop
  endfacet
  facet normal 1 0 0
    outer loop
      vertex 12.9 20.9 8.2
      vertex 12.9 20.89923076923077 8.249999999999998
      vertex 12.9 20.899166666666666 8.249999999999998
    endloop
  endfacet
  facet normal 1 0 0
    outer loop
      vertex 12.9 20.9 8.2
      vertex 12.9 21.47 8.299999999999999
      vertex 12.9 20.89923076923077 8.249999999999998
    endloop
  endfacet
  facet normal 1 0 0
    outer loop
      vertex 12.9 20.89923076923077 8.249999999999998
      vertex 12.9 21.47 8.299999999999999
      vertex 12.9 20.89994955863808 8.296973518284993
    endloop
  endfacet
  facet normal 1 0 0
    outer loop
      vertex 12.9 20.9 8.2
      vertex 12.9 21.47 8.2
      vertex 12.9 21.47 8.299999999999999
    endloop
  endfacet
  facet normal 1 0 0
    outer loop
      vertex 12.9 20.899166666666666 8.249999999999998
      vertex 12.9 20.89994955863808 8.296973518284993
      vertex 12.9 20.88 9.399999999999999
    endloop
  endfacet
  facet normal 1 0 0
    outer loop
      vertex 12.9 20.89994955863808 8.296973518284993
      vertex 12.9 21.47 8.299999999999999
      vertex 12.9 20.88 9.499999999999998
    endloop
  endfacet
  facet normal 1 0 0
    outer loop
      vertex 12.9 21.47 8.299999999999999
      vertex 12.9 20.9 9.499999999999998
      vertex 12.9 20.88 9.499999999999998
    endloop
  endfacet
  facet normal 1 0 0
    outer loop
      vertex 12.9 21.47 8.299999999999999
      vertex 12.9 20.919999999999998 9.499999999999998
      vertex 12.9 20.9 9.499999999999998
    endloop
  endfacet
  facet normal -1 0 0
    outer loop
      vertex 5.9 -21.47 8.2
      vertex 5.9 -21.47 8.299999999999999
      vertex 5.9 -21.424615384615382 8.299999999999999
    endloop
  endfacet
  facet normal -1 0 0
    outer loop
      vertex 5.9 -20.9 8.2
      vertex 5.9 -20.89923076923077 8.249999999999998
      vertex 5.9 -20.899166666666666 8.249999999999998
    endloop
  endfacet
  facet normal -1 0 0
    outer loop
      vertex 5.9 -21.47 8.299999999999999
      vertex 5.9 -20.88 9.499999999999998
      vertex 5.9 -21.424615384615382 8.299999999999999
    endloop
  endfacet
  facet normal -1 0 0
    outer loop
      vertex 5.9 -21.424615384615382 8.299999999999999
      vertex 5.9 -20.88 9.499999999999998
      vertex 5.9 -20.9 8.299999999999999
    endloop
  endfacet
  facet normal -1 8.881784197001444e-14 -4.070817756959003e-14
    outer loop
      vertex 5.9 -21.47 8.299999999999999
      vertex 5.9 -20.919999999999998 9.499999999999998
      vertex 5.900000000000002 -20.9 9.499999999999998
    endloop
  endfacet
  facet normal -1 -8.881784197001444e-14 4.366877230192379e-14
    outer loop
      vertex 5.9 -21.47 8.299999999999999
      vertex 5.900000000000002 -20.9 9.499999999999998
      vertex 5.9 -20.88 9.499999999999998
    endloop
  endfacet
  facet normal 0 -1 0
    outer loop
      vertex 5.9 -21.47 8.2
      vertex 12.9 -21.47 8.299999999999999
      vertex 5.9 -21.47 8.299999999999999
    endloop
  endfacet
  facet normal 0 -0.9090648228942839 0.41665471049321423
    outer loop
      vertex 5.9 -21.47 8.299999999999999
      vertex 12.9 -21.47 8.299999999999999
      vertex 5.9 -20.919999999999998 9.499999999999998
    endloop
  endfacet
  facet normal 0 0 1
    outer loop
      vertex 5.900000000000002 -20.9 9.499999999999998
      vertex 5.9 -20.919999999999998 9.499999999999998
      vertex 12.9 -20.9 9.499999999999998
    endloop
  endfacet
  facet normal 0 -0.9090648228942839 0.41665471049321423
    outer loop
      vertex 5.9 -20.919999999999998 9.499999999999998
      vertex 12.9 -21.47 8.299999999999999
      vertex 12.9 -20.919999999999998 9.499999999999998
    endloop
  endfacet
  facet normal 0 0 1
    outer loop
      vertex 5.9 -20.919999999999998 9.499999999999998
      vertex 12.9 -20.919999999999998 9.499999999999998
      vertex 12.9 -20.9 9.499999999999998
    endloop
  endfacet
  facet normal 1 0 0
    outer loop
      vertex 12.9 -21.47 8.2
      vertex 12.9 -20.9 8.2
      vertex 12.9 -21.47 8.299999999999999
    endloop
  endfacet
  facet normal 1 0 0
    outer loop
      vertex 12.9 -20.9 8.2
      vertex 12.9 -20.899166666666666 8.249999999999998
      vertex 12.9 -20.89923076923077 8.249999999999998
    endloop
  endfacet
  facet normal 1 0 0
    outer loop
      vertex 12.9 -21.47 8.299999999999999
      vertex 12.9 -20.9 8.2
      vertex 12.9 -20.89923076923077 8.249999999999998
    endloop
  endfacet
  facet normal 1 0 0
    outer loop
      vertex 12.9 -21.47 8.299999999999999
      vertex 12.9 -20.89923076923077 8.249999999999998
      vertex 12.9 -20.89994955863808 8.296973518284993
    endloop
  endfacet
  facet normal 1 0 0
    outer loop
      vertex 12.9 -20.899166666666666 8.249999999999998
      vertex 12.9 -20.88 9.399999999999999
      vertex 12.9 -20.89994955863808 8.296973518284993
    endloop
  endfacet
  facet normal 1 0 0
    outer loop
      vertex 12.9 -21.47 8.299999999999999
      vertex 12.9 -20.89994955863808 8.296973518284993
      vertex 12.9 -20.88 9.499999999999998
    endloop
  endfacet
  facet normal 1 0 0
    outer loop
      vertex 12.9 -21.47 8.299999999999999
      vertex 12.9 -20.9 9.499999999999998
      vertex 12.9 -20.919999999999998 9.499999999999998
    endloop
  endfacet
  facet normal 1 0 0
    outer loop
      vertex 12.9 -21.47 8.299999999999999
      vertex 12.9 -20.88 9.499999999999998
      vertex 12.9 -20.9 9.499999999999998
    endloop
  endfacet
  facet normal 0 -1 0
    outer loop
      vertex 5.9 19.4 3.9
      vertex 11.7414213595007 19.4 2.381230446529818
      vertex 11.7414213595007 19.4 3.2
    endloop
  endfacet
  facet normal 0 -1 0
    outer loop
      vertex 5.9 19.4 3.9
      vertex 11.7414213595007 19.4 3.2
      vertex 12.786336611858655 19.4 3.2
    endloop
  endfacet
  facet normal 0 -1 0
    outer loop
      vertex 5.9 19.4 3.9
      vertex 12.786336611858655 19.4 3.2
      vertex 12.9 19.4 3.9
    endloop
  endfacet
  facet normal 0 -1 0
    outer loop
      vertex 12.806818636787414 19.4 3.139365277494267
      vertex 12.9 19.4 3.9
      vertex 12.786336611858655 19.4 3.2
    endloop
  endfacet
  facet normal 0 -1 0
    outer loop
      vertex 12.9 19.4 2.836563559211667
      vertex 12.9 19.4 3.9
      vertex 12.806818636787414 19.4 3.139365277494267
    endloop
  endfacet
  facet normal 0 1 0
    outer loop
      vertex 11.38375451263538 20.9 3.608880866425993
      vertex 12.9 20.9 6.999999999999999
      vertex 12.9 20.9 3.5094915254237287
    endloop
  endfacet
  facet normal 1 0 0
    outer loop
      vertex 12.9 20.9 3.5094915254237287
      vertex 12.9 20.9 6.999999999999999
      vertex 12.9 20.72918149466192 3.6927402135231318
    endloop
  endfacet
  facet normal -1 0 0
    outer loop
      vertex 5.9 19.4 3.9
      vertex 5.9 20.88 6.999999999999999
      vertex 5.9 20.9 3.9
    endloop
  endfacet
  facet normal 0 1 0
    outer loop
      vertex 5.9 20.9 3.9
      vertex 5.9 20.9 6.999999999999999
      vertex 11.11276595744681 20.9 3.9
    endloop
  endfacet
  facet normal -1 0 0
    outer loop
      vertex 5.9 19.4 3.9
      vertex 5.9 20.88 7.099999999999999
      vertex 5.9 20.88 6.999999999999999
    endloop
  endfacet
  facet normal -1 0 0
    outer loop
      vertex 5.9 20.9 3.9
      vertex 5.9 20.88 6.999999999999999
      vertex 5.9 20.9 6.999999999999999
    endloop
  endfacet
  facet normal -1 0 0
    outer loop
      vertex 5.9 19.4 3.9
      vertex 5.9 20.899166666666666 8.249999999999998
      vertex 5.9 20.88 7.099999999999999
    endloop
  endfacet
  facet normal -1 0 0
    outer loop
      vertex 5.9 19.4 3.9
      vertex 5.9 20.9 8.299999999999999
      vertex 5.9 20.899166666666666 8.249999999999998
    endloop
  endfacet
  facet normal -1 0 0
    outer loop
      vertex 5.9 19.4 3.9
      vertex 5.9 19.4 9.5
      vertex 5.9 20.88 9.499999999999998
    endloop
  endfacet
  facet normal -1 0 0
    outer loop
      vertex 5.9 19.4 3.9
      vertex 5.9 20.88 9.499999999999998
      vertex 5.9 20.9 8.299999999999999
    endloop
  endfacet
  facet normal 0 -1 0
    outer loop
      vertex 5.9 19.4 3.9
      vertex 12.9 19.4 3.9
      vertex 12.9 19.4 9.5
    endloop
  endfacet
  facet normal 0 1 0
    outer loop
      vertex 11.11276595744681 20.9 3.9
      vertex 5.9 20.9 6.999999999999999
      vertex 12.9 20.9 6.999999999999999
    endloop
  endfacet
  facet normal 0 1 0
    outer loop
      vertex 11.38375451263538 20.9 3.608880866425993
      vertex 11.11276595744681 20.9 3.9
      vertex 12.9 20.9 6.999999999999999
    endloop
  endfacet
  facet normal 1 0 0
    outer loop
      vertex 12.9 20.72918149466192 3.6927402135231318
      vertex 12.9 20.9 6.999999999999999
      vertex 12.9 20.70851063829787 3.9
    endloop
  endfacet
  facet normal 1 0 0
    outer loop
      vertex 12.9 19.4 3.9
      vertex 12.9 20.70851063829787 3.9
      vertex 12.9 20.88 6.999999999999999
    endloop
  endfacet
  facet normal 1 0 0
    outer loop
      vertex 12.9 19.4 3.9
      vertex 12.9 20.88 7.099999999999999
      vertex 12.9 19.4 9.5
    endloop
  endfacet
  facet normal 1 0 0
    outer loop
      vertex 12.9 19.4 3.9
      vertex 12.9 20.88 6.999999999999999
      vertex 12.9 20.88 7.099999999999999
    endloop
  endfacet
  facet normal 1 0 0
    outer loop
      vertex 12.9 20.70851063829787 3.9
      vertex 12.9 20.9 6.999999999999999
      vertex 12.9 20.88 6.999999999999999
    endloop
  endfacet
  facet normal 0 -1 0
    outer loop
      vertex 5.9 19.4 3.9
      vertex 12.9 19.4 9.5
      vertex 5.9 19.4 9.5
    endloop
  endfacet
  facet normal 0 1.2002411077028715e-15 1
    outer loop
      vertex 5.9 19.4 9.5
      vertex 12.9 19.4 9.5
      vertex 5.9 20.88 9.499999999999998
    endloop
  endfacet
  facet normal -2.5376526277145956e-16 2.253888300631468e-29 1
    outer loop
      vertex 5.9 20.88 9.499999999999998
      vertex 12.9 19.4 9.5
      vertex 5.900000000000002 20.9 9.499999999999998
    endloop
  endfacet
  facet normal 3.4292603077224185e-18 1.2002411077028717e-15 1
    outer loop
      vertex 5.900000000000002 20.9 9.499999999999998
      vertex 12.9 19.4 9.5
      vertex 12.9 20.88 9.499999999999998
    endloop
  endfacet
  facet normal 0 0 1
    outer loop
      vertex 5.900000000000002 20.9 9.499999999999998
      vertex 12.9 20.88 9.499999999999998
      vertex 12.9 20.9 9.499999999999998
    endloop
  endfacet
  facet normal 1 0 0
    outer loop
      vertex 12.9 20.88 7.099999999999999
      vertex 12.9 20.899166666666666 8.249999999999998
      vertex 12.9 19.4 9.5
    endloop
  endfacet
  facet normal 1 0 0
    outer loop
      vertex 12.9 20.899166666666666 8.249999999999998
      vertex 12.9 20.88 9.399999999999999
      vertex 12.9 19.4 9.5
    endloop
  endfacet
  facet normal 1 0 0
    outer loop
      vertex 12.9 20.89994955863808 8.296973518284993
      vertex 12.9 20.88 9.499999999999998
      vertex 12.9 20.88 9.399999999999999
    endloop
  endfacet
  facet normal 1 0 0
    outer loop
      vertex 12.9 19.4 9.5
      vertex 12.9 20.88 9.399999999999999
      vertex 12.9 20.88 9.499999999999998
    endloop
  endfacet
  facet normal 0 1 0
    outer loop
      vertex 5.9 -19.4 3.9
      vertex 11.7414213595007 -19.4 3.2
      vertex 11.7414213595007 -19.4 2.381230446529818
    endloop
  endfacet
  facet normal 0 1 0
    outer loop
      vertex 5.9 -19.4 3.9
      vertex 12.9 -19.4 3.9
      vertex 11.7414213595007 -19.4 3.2
    endloop
  endfacet
  facet normal 0 1 0
    outer loop
      vertex 11.7414213595007 -19.4 3.2
      vertex 12.9 -19.4 3.9
      vertex 12.786336611858655 -19.4 3.2
    endloop
  endfacet
  facet normal 0 1 0
    outer loop
      vertex 12.806818636787414 -19.4 3.139365277494267
      vertex 12.786336611858655 -19.4 3.2
      vertex 12.9 -19.4 3.9
    endloop
  endfacet
  facet normal 0 1 0
    outer loop
      vertex 12.9 -19.4 2.836563559211667
      vertex 12.806818636787414 -19.4 3.139365277494267
      vertex 12.9 -19.4 3.9
    endloop
  endfacet
  facet normal 0 -1 0
    outer loop
      vertex 11.38375451263538 -20.9 3.608880866425993
      vertex 12.9 -20.9 3.5094915254237287
      vertex 12.9 -20.9 6.999999999999999
    endloop
  endfacet
  facet normal 1 0 0
    outer loop
      vertex 12.9 -20.9 3.5094915254237287
      vertex 12.9 -20.72918149466192 3.6927402135231318
      vertex 12.9 -20.9 6.999999999999999
    endloop
  endfacet
  facet normal -1 0 0
    outer loop
      vertex 5.9 -20.9 3.9
      vertex 5.9 -20.88 6.999999999999999
      vertex 5.9 -19.4 3.9
    endloop
  endfacet
  facet normal 0 -1 0
    outer loop
      vertex 5.9 -20.9 3.9
      vertex 11.11276595744681 -20.9 3.9
      vertex 5.9 -20.9 6.999999999999999
    endloop
  endfacet
  facet normal -1 0 0
    outer loop
      vertex 5.9 -20.9 3.9
      vertex 5.9 -20.9 6.999999999999999
      vertex 5.9 -20.88 6.999999999999999
    endloop
  endfacet
  facet normal -1 0 0
    outer loop
      vertex 5.9 -19.4 3.9
      vertex 5.9 -20.88 6.999999999999999
      vertex 5.9 -20.88 7.099999999999999
    endloop
  endfacet
  facet normal -1 0 0
    outer loop
      vertex 5.9 -19.4 3.9
      vertex 5.9 -20.88 7.099999999999999
      vertex 5.9 -20.899166666666666 8.249999999999998
    endloop
  endfacet
  facet normal -1 0 0
    outer loop
      vertex 5.9 -19.4 3.9
      vertex 5.9 -20.899166666666666 8.249999999999998
      vertex 5.9 -20.9 8.299999999999999
    endloop
  endfacet
  facet normal -1 0 0
    outer loop
      vertex 5.9 -19.4 3.9
      vertex 5.9 -20.9 8.299999999999999
      vertex 5.9 -20.88 9.499999999999998
    endloop
  endfacet
  facet normal -1 0 0
    outer loop
      vertex 5.9 -19.4 3.9
      vertex 5.9 -20.88 9.499999999999998
      vertex 5.9 -19.4 9.5
    endloop
  endfacet
  facet normal 0 1 0
    outer loop
      vertex 5.9 -19.4 3.9
      vertex 12.9 -19.4 9.5
      vertex 12.9 -19.4 3.9
    endloop
  endfacet
  facet normal 0 -1 0
    outer loop
      vertex 11.11276595744681 -20.9 3.9
      vertex 12.9 -20.9 6.999999999999999
      vertex 5.9 -20.9 6.999999999999999
    endloop
  endfacet
  facet normal 0 -1 0
    outer loop
      vertex 11.38375451263538 -20.9 3.608880866425993
      vertex 12.9 -20.9 6.999999999999999
      vertex 11.11276595744681 -20.9 3.9
    endloop
  endfacet
  facet normal 1 0 0
    outer loop
      vertex 12.9 -20.72918149466192 3.6927402135231318
      vertex 12.9 -20.70851063829787 3.9
      vertex 12.9 -20.9 6.999999999999999
    endloop
  endfacet
  facet normal 1 0 0
    outer loop
      vertex 12.9 -20.70851063829787 3.9
      vertex 12.9 -19.4 3.9
      vertex 12.9 -20.88 6.999999999999999
    endloop
  endfacet
  facet normal 1 0 0
    outer loop
      vertex 12.9 -20.70851063829787 3.9
      vertex 12.9 -20.88 6.999999999999999
      vertex 12.9 -20.9 6.999999999999999
    endloop
  endfacet
  facet normal 1 0 0
    outer loop
      vertex 12.9 -19.4 3.9
      vertex 12.9 -20.88 7.099999999999999
      vertex 12.9 -20.88 6.999999999999999
    endloop
  endfacet
  facet normal 1 0 0
    outer loop
      vertex 12.9 -19.4 3.9
      vertex 12.9 -19.4 9.5
      vertex 12.9 -20.88 7.099999999999999
    endloop
  endfacet
  facet normal 0 1 0
    outer loop
      vertex 5.9 -19.4 3.9
      vertex 5.9 -19.4 9.5
      vertex 12.9 -19.4 9.5
    endloop
  endfacet
  facet normal -2.5376526277145956e-16 -2.253888300631468e-29 1
    outer loop
      vertex 5.900000000000002 -20.9 9.499999999999998
      vertex 12.9 -19.4 9.5
      vertex 5.9 -20.88 9.499999999999998
    endloop
  endfacet
  facet normal 0 -1.2002411077028715e-15 1
    outer loop
      vertex 5.9 -20.88 9.499999999999998
      vertex 12.9 -19.4 9.5
      vertex 5.9 -19.4 9.5
    endloop
  endfacet
  facet normal 0 0 1
    outer loop
      vertex 5.900000000000002 -20.9 9.499999999999998
      vertex 12.9 -20.9 9.499999999999998
      vertex 12.9 -20.88 9.499999999999998
    endloop
  endfacet
  facet normal 3.4292603077224185e-18 -1.2002411077028717e-15 1
    outer loop
      vertex 5.900000000000002 -20.9 9.499999999999998
      vertex 12.9 -20.88 9.499999999999998
      vertex 12.9 -19.4 9.5
    endloop
  endfacet
  facet normal 1 0 0
    outer loop
      vertex 12.9 -20.88 7.099999999999999
      vertex 12.9 -19.4 9.5
      vertex 12.9 -20.899166666666666 8.249999999999998
    endloop
  endfacet
  facet normal 1 0 0
    outer loop
      vertex 12.9 -20.89994955863808 8.296973518284993
      vertex 12.9 -20.88 9.399999999999999
      vertex 12.9 -20.88 9.499999999999998
    endloop
  endfacet
  facet normal 1 0 0
    outer loop
      vertex 12.9 -20.899166666666666 8.249999999999998
      vertex 12.9 -19.4 9.5
      vertex 12.9 -20.88 9.399999999999999
    endloop
  endfacet
  facet normal 1 0 0
    outer loop
      vertex 12.9 -20.88 9.399999999999999
      vertex 12.9 -19.4 9.5
      vertex 12.9 -20.88 9.499999999999998
    endloop
  endfacet
  facet normal -0.8782215711562958 -0.4782539826867803 0
    outer loop
      vertex -15.10387547314167 -20.735534958541393 0
      vertex -14.913163527846336 -21.085740812122822 0
      vertex -15.10387547314167 -20.735534958541393 2
    endloop
  endfacet
  facet normal -0.9214762169360164 -0.38843478425765066 0
    outer loop
      vertex -15.258770480751991 -20.36808057129383 0
      vertex -15.10387547314167 -20.735534958541393 0
      vertex -15.258770480751991 -20.36808057129383 2
    endloop
  endfacet
  facet normal -0.8262387700764153 -0.563320064281943 0
    outer loop
      vertex -14.913163527846336 -21.085740812122822 0
      vertex -14.688530027866364 -21.415217638015747 0
      vertex -14.913163527846336 -21.085740812122822 2
    endloop
  endfacet
  facet normal -0.7660444476977989 -0.642787604229713 0
    outer loop
      vertex -14.688530027866364 -21.415217638015747 0
      vertex -14.432207487523556 -21.720690950751305 0
      vertex -14.688530027866364 -21.415217638015747 2
    endloop
  endfacet
  facet normal -0.6982368151579369 -0.7158668521157416 0
    outer loop
      vertex -14.432207487523556 -21.720690950751305 0
      vertex -14.146743349730968 -21.9991248100996 0
      vertex -14.432207487523556 -21.720690950751305 2
    endloop
  endfacet
  facet normal -0.623489812611992 -0.7818314738925922 0
    outer loop
      vertex -14.146743349730968 -21.9991248100996 0
      vertex -13.834974691271782 -22.247752025723457 0
      vertex -14.146743349730968 -21.9991248100996 2
    endloop
  endfacet
  facet normal -0.5425462515912699 -0.8400259310784771 0
    outer loop
      vertex -13.834974691271782 -22.247752025723457 0
      vertex -13.5 -22.4641016125679 0
      vertex -13.834974691271782 -22.247752025723457 2
    endloop
  endfacet
  facet normal -0.9555728062888861 -0.2947551727810439 0
    outer loop
      vertex -15.258770480751991 -20.36808057129383 0
      vertex -15.376309141516685 -19.98702958971262 2
      vertex -15.376309141516685 -19.98702958971262 0
    endloop
  endfacet
  facet normal -0.9801724881350783 -0.19814614178199375 0
    outer loop
      vertex -15.376309141516685 -19.98702958971262 0
      vertex -15.455323301255703 -19.59616906195879 2
      vertex -15.455323301255703 -19.59616906195879 0
    endloop
  endfacet
  facet normal -0.9950307747072564 -0.09956785317298553 0
    outer loop
      vertex -15.455323301255703 -19.59616906195879 0
      vertex -15.49502768367529 -19.199383541941643 2
      vertex -15.49502768367529 -19.199383541941643 0
    endloop
  endfacet
  facet normal -0.45621065799394167 -0.8898718084829605 0
    outer loop
      vertex -13.5 -22.4641016125679 0
      vertex -13.145148411393166 -22.64602340757847 0
      vertex -13.5 -22.4641016125679 2
    endloop
  endfacet
  facet normal -0.365341029022533 -0.9308737468168048 0
    outer loop
      vertex -13.145148411393166 -22.64602340757847 0
      vertex -12.773946598172188 -22.791709385812283 0
      vertex -13.145148411393166 -22.64602340757847 2
    endloop
  endfacet
  facet normal -0.27084046253226474 -0.9626242485286296 0
    outer loop
      vertex -12.773946598172188 -22.791709385812283 0
      vertex -12.390083737671375 -22.89971164613962 0
      vertex -12.773946598172188 -22.791709385812283 2
    endloop
  endfacet
  facet normal -0.17364818697468923 -0.984807751370999 0
    outer loop
      vertex -12.390083737671375 -22.89971164613962 0
      vertex -11.997374817728996 -22.96895682811737 0
      vertex -12.390083737671375 -22.89971164613962 2
    endloop
  endfacet
  facet normal -0.07473009182479184 -0.9972037973131963 0
    outer loop
      vertex -11.997374817728996 -22.96895682811737 0
      vertex -11.599722765386105 -22.998756729066372 0
      vertex -11.997374817728996 -22.96895682811737 2
    endloop
  endfacet
  facet normal -0.9555728062888861 -0.2947551727810439 0
    outer loop
      vertex -15.258770480751991 -20.36808057129383 0
      vertex -15.258770480751991 -20.36808057129383 2
      vertex -15.376309141516685 -19.98702958971262 2
    endloop
  endfacet
  facet normal -0.9214762169360164 -0.38843478425765066 0
    outer loop
      vertex -15.10387547314167 -20.735534958541393 0
      vertex -15.10387547314167 -20.735534958541393 2
      vertex -15.258770480751991 -20.36808057129383 2
    endloop
  endfacet
  facet normal -0.8782215711562958 -0.4782539826867803 0
    outer loop
      vertex -14.913163527846336 -21.085740812122822 0
      vertex -14.913163527846336 -21.085740812122822 2
      vertex -15.10387547314167 -20.735534958541393 2
    endloop
  endfacet
  facet normal -0.8262387700764153 -0.563320064281943 0
    outer loop
      vertex -14.688530027866364 -21.415217638015747 0
      vertex -14.688530027866364 -21.415217638015747 2
      vertex -14.913163527846336 -21.085740812122822 2
    endloop
  endfacet
  facet normal -0.7660444476977989 -0.642787604229713 0
    outer loop
      vertex -14.432207487523556 -21.720690950751305 0
      vertex -14.432207487523556 -21.720690950751305 2
      vertex -14.688530027866364 -21.415217638015747 2
    endloop
  endfacet
  facet normal -0.6982368151579369 -0.7158668521157416 0
    outer loop
      vertex -14.146743349730968 -21.9991248100996 0
      vertex -14.146743349730968 -21.9991248100996 2
      vertex -14.432207487523556 -21.720690950751305 2
    endloop
  endfacet
  facet normal -0.5425462515912699 -0.8400259310784771 0
    outer loop
      vertex -13.5 -22.4641016125679 0
      vertex -13.5 -22.4641016125679 2
      vertex -13.834974691271782 -22.247752025723457 2
    endloop
  endfacet
  facet normal -0.623489812611992 -0.7818314738925922 0
    outer loop
      vertex -13.834974691271782 -22.247752025723457 0
      vertex -13.834974691271782 -22.247752025723457 2
      vertex -14.146743349730968 -21.9991248100996 2
    endloop
  endfacet
  facet normal -0.9801724881350783 -0.19814614178199375 0
    outer loop
      vertex -15.376309141516685 -19.98702958971262 0
      vertex -15.376309141516685 -19.98702958971262 2
      vertex -15.455323301255703 -19.59616906195879 2
    endloop
  endfacet
  facet normal -0.9950307747072564 -0.09956785317298553 0
    outer loop
      vertex -15.455323301255703 -19.59616906195879 0
      vertex -15.455323301255703 -19.59616906195879 2
      vertex -15.49502768367529 -19.199383541941643 2
    endloop
  endfacet
  facet normal -0.45621065799394167 -0.8898718084829605 0
    outer loop
      vertex -13.145148411393166 -22.64602340757847 0
      vertex -13.145148411393166 -22.64602340757847 2
      vertex -13.5 -22.4641016125679 2
    endloop
  endfacet
  facet normal -0.365341029022533 -0.9308737468168048 0
    outer loop
      vertex -12.773946598172188 -22.791709385812283 0
      vertex -12.773946598172188 -22.791709385812283 2
      vertex -13.145148411393166 -22.64602340757847 2
    endloop
  endfacet
  facet normal -0.27084046253226474 -0.9626242485286296 0
    outer loop
      vertex -12.390083737671375 -22.89971164613962 0
      vertex -12.390083737671375 -22.89971164613962 2
      vertex -12.773946598172188 -22.791709385812283 2
    endloop
  endfacet
  facet normal -0.17364818697468923 -0.984807751370999 0
    outer loop
      vertex -11.997374817728996 -22.96895682811737 0
      vertex -11.997374817728996 -22.96895682811737 2
      vertex -12.390083737671375 -22.89971164613962 2
    endloop
  endfacet
  facet normal -0.07473009182479184 -0.9972037973131963 0
    outer loop
      vertex -11.997374817728996 -22.96895682811737 2
      vertex -11.599722765386105 -22.998756729066372 0
      vertex -11.599722765386105 -22.998756729066372 2
    endloop
  endfacet
  facet normal 0 0 1
    outer loop
      vertex -13.145148411393166 -22.64602340757847 2
      vertex -12.773946598172188 -22.791709385812283 2
      vertex -12.738614057044991 -20.9 2
    endloop
  endfacet
  facet normal 0 0 1
    outer loop
      vertex -13.5 -22.4641016125679 2
      vertex -13.145148411393166 -22.64602340757847 2
      vertex -13.188505209982395 -19.197357952594757 2
    endloop
  endfacet
  facet normal 0 0 1
    outer loop
      vertex -13.145148411393166 -22.64602340757847 2
      vertex -12.9 -20.9 2
      vertex -13.188505209982395 -19.197357952594757 2
    endloop
  endfacet
  facet normal 0 0 1
    outer loop
      vertex -13.145148411393166 -22.64602340757847 2
      vertex -12.738614057044991 -20.9 2
      vertex -12.9 -20.9 2
    endloop
  endfacet
  facet normal 0 0 1
    outer loop
      vertex -12.9 -20.9 2
      vertex -12.92032928019762 -19.93416526168585 2
      vertex -13.097477458417416 -19.58143424242735 2
    endloop
  endfacet
  facet normal 0 0 1
    outer loop
      vertex -12.9 -20.9 2
      vertex -12.9 -19.958392754515327 2
      vertex -12.92032928019762 -19.93416526168585 2
    endloop
  endfacet
  facet normal 0 0 1
    outer loop
      vertex -12.9 -20.9 2
      vertex -13.097477458417416 -19.58143424242735 2
      vertex -13.188505209982395 -19.197357952594757 2
    endloop
  endfacet
  facet normal 0 0 -1
    outer loop
      vertex -15.258770480751991 -20.36808057129383 0
      vertex -12.5 -2.5 0
      vertex -15.10387547314167 -20.735534958541393 0
    endloop
  endfacet
  facet normal 0 0 -1
    outer loop
      vertex -15.10387547314167 -20.735534958541393 0
      vertex -12.5 -2.5 0
      vertex -14.913163527846336 -21.085740812122822 0
    endloop
  endfacet
  facet normal 0 0 -1
    outer loop
      vertex -14.688530027866364 -21.415217638015747 0
      vertex -12.5 -2.5 0
      vertex -14.432207487523556 -21.720690950751305 0
    endloop
  endfacet
  facet normal 0 0 -1
    outer loop
      vertex -14.432207487523556 -21.720690950751305 0
      vertex -12.5 -2.5 0
      vertex -14.146743349730968 -21.9991248100996 0
    endloop
  endfacet
  facet normal 0 0 -1
    outer loop
      vertex -14.913163527846336 -21.085740812122822 0
      vertex -12.5 -2.5 0
      vertex -14.688530027866364 -21.415217638015747 0
    endloop
  endfacet
  facet normal 0 0 -1
    outer loop
      vertex -15.376309141516685 -19.98702958971262 0
      vertex -15.455323301255703 -19.59616906195879 0
      vertex -12.5 -2.5 0
    endloop
  endfacet
  facet normal 0 0 -1
    outer loop
      vertex -15.258770480751991 -20.36808057129383 0
      vertex -15.376309141516685 -19.98702958971262 0
      vertex -12.5 -2.5 0
    endloop
  endfacet
  facet normal 0 0 -1
    outer loop
      vertex -15.455323301255703 -19.59616906195879 0
      vertex -15.49502768367529 -19.199383541941643 0
      vertex -12.5 -2.5 0
    endloop
  endfacet
  facet normal -1 0 0
    outer loop
      vertex -15.49502768367529 -19.199383541941643 0
      vertex -15.49502768367529 -19.199383541941643 2
      vertex -15.49502768367529 -2.5 0
    endloop
  endfacet
  facet normal 0 0 -1
    outer loop
      vertex -13.5 -22.4641016125679 0
      vertex -12.5 -2.5 0
      vertex -13.145148411393166 -22.64602340757847 0
    endloop
  endfacet
  facet normal 0 0 -1
    outer loop
      vertex -13.145148411393166 -22.64602340757847 0
      vertex -12.5 -2.5 0
      vertex -12.773946598172188 -22.791709385812283 0
    endloop
  endfacet
  facet normal 0 0 -1
    outer loop
      vertex -14.146743349730968 -21.9991248100996 0
      vertex -12.5 -2.5 0
      vertex -13.834974691271782 -22.247752025723457 0
    endloop
  endfacet
  facet normal 0 0 -1
    outer loop
      vertex -13.834974691271782 -22.247752025723457 0
      vertex -12.5 -2.5 0
      vertex -13.5 -22.4641016125679 0
    endloop
  endfacet
  facet normal 0 0 -1
    outer loop
      vertex -12.773946598172188 -22.791709385812283 0
      vertex -12.5 -2.5 0
      vertex -12.390083737671375 -22.89971164613962 0
    endloop
  endfacet
  facet normal 0 0 1
    outer loop
      vertex -15.258770480751991 -20.36808057129383 2
      vertex -15.10387547314167 -20.735534958541393 2
      vertex -15.49502768367529 -2.5 2
    endloop
  endfacet
  facet normal 0 0 1
    outer loop
      vertex -15.10387547314167 -20.735534958541393 2
      vertex -14.913163527846336 -21.085740812122822 2
      vertex -15.49502768367529 -2.5 2
    endloop
  endfacet
  facet normal 0 0 1
    outer loop
      vertex -14.913163527846336 -21.085740812122822 2
      vertex -14.688530027866364 -21.415217638015747 2
      vertex -15.49502768367529 -2.5 2
    endloop
  endfacet
  facet normal 0 0 1
    outer loop
      vertex -14.688530027866364 -21.415217638015747 2
      vertex -14.432207487523556 -21.720690950751305 2
      vertex -15.49502768367529 -2.5 2
    endloop
  endfacet
  facet normal 0 0 1
    outer loop
      vertex -14.432207487523556 -21.720690950751305 2
      vertex -14.146743349730968 -21.9991248100996 2
      vertex -15.49502768367529 -2.5 2
    endloop
  endfacet
  facet normal 0 0 1
    outer loop
      vertex -14.146743349730968 -21.9991248100996 2
      vertex -13.834974691271782 -22.247752025723457 2
      vertex -15.49502768367529 -2.5 2
    endloop
  endfacet
  facet normal 0 0 1
    outer loop
      vertex -13.834974691271782 -22.247752025723457 2
      vertex -13.5 -22.4641016125679 2
      vertex -15.49502768367529 -2.5 2
    endloop
  endfacet
  facet normal 0 0 1
    outer loop
      vertex -13.5 -22.4641016125679 2
      vertex -13.188505209982395 -19.197357952594757 2
      vertex -15.49502768367529 -2.5 2
    endloop
  endfacet
  facet normal 0 0 1
    outer loop
      vertex -15.258770480751991 -20.36808057129383 2
      vertex -15.49502768367529 -2.5 2
      vertex -15.376309141516685 -19.98702958971262 2
    endloop
  endfacet
  facet normal 0 0 1
    outer loop
      vertex -15.376309141516685 -19.98702958971262 2
      vertex -15.49502768367529 -2.5 2
      vertex -15.455323301255703 -19.59616906195879 2
    endloop
  endfacet
  facet normal 0 0 1
    outer loop
      vertex -15.455323301255703 -19.59616906195879 2
      vertex -15.49502768367529 -2.5 2
      vertex -15.49502768367529 -19.199383541941643 2
    endloop
  endfacet
  facet normal 0 0 1
    outer loop
      vertex -12 -19 2
      vertex -11.6 -17 2
      vertex -11.6 -11 2
    endloop
  endfacet
  facet normal 0 0 -1
    outer loop
      vertex -11.599722765386105 -22.998756729066372 0
      vertex -11.6 -17 0
      vertex -9.399999999999999 -17 0
    endloop
  endfacet
  facet normal 0 0 1
    outer loop
      vertex -12.773946598172188 -22.791709385812283 2
      vertex -12.390083737671375 -22.89971164613962 2
      vertex -2.9000000000000004 -20.9 2
    endloop
  endfacet
  facet normal 0 0 1
    outer loop
      vertex -11.997374817728996 -22.96895682811737 2
      vertex -11.599722765386105 -22.998756729066372 2
      vertex -2.9000000000000004 -20.9 2
    endloop
  endfacet
  facet normal 0 0 1
    outer loop
      vertex -12.390083737671375 -22.89971164613962 2
      vertex -11.997374817728996 -22.96895682811737 2
      vertex -2.9000000000000004 -20.9 2
    endloop
  endfacet
  facet normal 0 0 1
    outer loop
      vertex -12.773946598172188 -22.791709385812283 2
      vertex -2.9000000000000004 -20.9 2
      vertex -12.738614057044991 -20.9 2
    endloop
  endfacet
  facet normal 0 0 1
    outer loop
      vertex -12 -19 2
      vertex -11.853553391993046 -19.353553391993046 2
      vertex -2.9000000000000004 -19.4 2
    endloop
  endfacet
  facet normal 0 0 1
    outer loop
      vertex -11.853553391993046 -19.353553391993046 2
      vertex -11.7414213595007 -19.4 2
      vertex -2.9000000000000004 -19.4 2
    endloop
  endfacet
  facet normal 0 0 1
    outer loop
      vertex -12 -19 2
      vertex -2.9000000000000004 -19.4 2
      vertex -11.6 -17 2
    endloop
  endfacet
  facet normal 0 0 1
    outer loop
      vertex -2.9000000000000004 -19.4 2
      vertex -9.399999999999999 -17 2
      vertex -11.6 -17 2
    endloop
  endfacet
  facet normal 0 0 -1
    outer loop
      vertex -15.49502768367529 -19.199383541941643 0
      vertex -15.49502768367529 -2.5 0
      vertex -12.5 -2.5 0
    endloop
  endfacet
  facet normal 0 0 -1
    outer loop
      vertex -12.390083737671375 -22.89971164613962 0
      vertex -12.390083737671375 22.89971164613962 0
      vertex -11.997374817728996 -22.96895682811737 0
    endloop
  endfacet
  facet normal 0 0 -1
    outer loop
      vertex -11.997374817728996 -22.96895682811737 0
      vertex -11.997374817728996 22.96895682811737 0
      vertex -11.599722765386105 -22.998756729066372 0
    endloop
  endfacet
  facet normal -1 0 0
    outer loop
      vertex -15.49502768367529 -19.199383541941643 2
      vertex -15.49502768367529 -2.5 2
      vertex -15.49502768367529 -2.5 0
    endloop
  endfacet
  facet normal 0 0 1
    outer loop
      vertex -13.188505209982395 -19.197357952594757 2
      vertex -13.188505209982395 -2.5 2
      vertex -15.49502768367529 -2.5 2
    endloop
  endfacet
  facet normal 0 0 1
    outer loop
      vertex -12 -19 2
      vertex -11.6 -11 2
      vertex -11.6 11 2
    endloop
  endfacet
  facet normal 0 0 -1
    outer loop
      vertex -11.599722765386105 -22.998756729066372 0
      vertex -11.997374817728996 22.96895682811737 0
      vertex -11.6 -17 0
    endloop
  endfacet
  facet normal 0 0 -1
    outer loop
      vertex -11.997374817728996 22.96895682811737 0
      vertex -11.6 -11 0
      vertex -11.6 -17 0
    endloop
  endfacet
  facet normal 0 0 -1
    outer loop
      vertex -12.390083737671375 -22.89971164613962 0
      vertex -12.5 -2.5 0
      vertex -12.390083737671375 22.89971164613962 0
    endloop
  endfacet
  facet normal 0 0 1
    outer loop
      vertex -11.6 -11 2
      vertex -9.399999999999999 -11 2
      vertex -11.6 11 2
    endloop
  endfacet
  facet normal 0 -1 0
    outer loop
      vertex -11.599722765386105 -22.998756729066372 0
      vertex 11.400277234613895 -22.998756729066372 0
      vertex -11.599722765386105 -22.998756729066372 2
    endloop
  endfacet
  facet normal 0 0 1
    outer loop
      vertex -2.9000000000000004 -19.4 2
      vertex -9.399999999999999 -11 2
      vertex -9.399999999999999 -17 2
    endloop
  endfacet
  facet normal 0 0 -1
    outer loop
      vertex -11.599722765386105 -22.998756729066372 0
      vertex -9.399999999999999 -17 0
      vertex 11.400277234613895 -22.998756729066372 0
    endloop
  endfacet
  facet normal 0 0 1
    outer loop
      vertex -11.599722765386105 -22.998756729066372 2
      vertex 2.9000000000000004 -20.9 2
      vertex -2.9000000000000004 -20.9 2
    endloop
  endfacet
  facet normal 0 0 1
    outer loop
      vertex -2.9000000000000004 -20.9 2
      vertex 2.9000000000000004 -20.9 2
      vertex -2.9000000000000004 -20.697123870253563 2
    endloop
  endfacet
  facet normal 0 0 1
    outer loop
      vertex -2.9000000000000004 -19.5 2
      vertex 2.9000000000000004 -19.4 2
      vertex -2.9000000000000004 -19.4 2
    endloop
  endfacet
  facet normal 0 0 -1
    outer loop
      vertex 11.400277234613895 -22.998756729066372 0
      vertex -9.399999999999999 -17 0
      vertex -9.399999999999999 -11 0
    endloop
  endfacet
  facet normal 0 0 1
    outer loop
      vertex -2.9000000000000004 -19.4 2
      vertex 2.9000000000000004 -19.4 2
      vertex 0 -6.5 2
    endloop
  endfacet
  facet normal 0 0 -1
    outer loop
      vertex -0.9238795325112867 -5.88268343236509 0
      vertex -9.399999999999999 -11 0
      vertex -11.6 -11 0
    endloop
  endfacet
  facet normal 0 0 -1
    outer loop
      vertex -0.9238795325112867 -5.88268343236509 0
      vertex -11.6 -11 0
      vertex -1 -5.5 0
    endloop
  endfacet
  facet normal 0 0 -1
    outer loop
      vertex -11.6 -11 0
      vertex -9.399999999999999 11 0
      vertex -1 -5.5 0
    endloop
  endfacet
  facet normal 0 0 1
    outer loop
      vertex -2.9000000000000004 -19.4 2
      vertex -2.9000000000000004 19.4 2
      vertex -9.399999999999999 -11 2
    endloop
  endfacet
  facet normal 0 0 -1
    outer loop
      vertex -0.7071067811865476 -6.207106781186548 0
      vertex -9.399999999999999 -11 0
      vertex -0.9238795325112867 -5.88268343236509 0
    endloop
  endfacet
  facet normal 0 0 -1
    outer loop
      vertex -9.399999999999999 -11 0
      vertex -0.7071067811865476 -6.207106781186548 0
      vertex -0.3826834323650898 -6.423879532511287 0
    endloop
  endfacet
  facet normal 0 0 1
    outer loop
      vertex -2.9000000000000004 -19.4 2
      vertex -0.7071067811865476 -6.207106781186548 2
      vertex -0.9238795325112867 -5.88268343236509 2
    endloop
  endfacet
  facet normal 0 0 1
    outer loop
      vertex -2.9000000000000004 -19.4 2
      vertex -0.9238795325112867 -5.88268343236509 2
      vertex -1 -5.5 2
    endloop
  endfacet
  facet normal 0 0 1
    outer loop
      vertex -2.9000000000000004 -19.4 2
      vertex -0.3826834323650898 -6.423879532511287 2
      vertex -0.7071067811865476 -6.207106781186548 2
    endloop
  endfacet
  facet normal 0 0 1
    outer loop
      vertex -2.9000000000000004 -19.4 2
      vertex 0 -6.5 2
      vertex -0.3826834323650898 -6.423879532511287 2
    endloop
  endfacet
  facet normal 0 0 1
    outer loop
      vertex -2.9000000000000004 -19.4 2
      vertex -1 -5.5 2
      vertex -2.9000000000000004 19.4 2
    endloop
  endfacet
  facet normal 0 0 1
    outer loop
      vertex -12 -19 2
      vertex -11.6 11 2
      vertex -11.6 17 2
    endloop
  endfacet
  facet normal -1 0 0
    outer loop
      vertex -15.49502768367529 19.199383541941643 0
      vertex -15.49502768367529 2.5 0
      vertex -15.49502768367529 2.5 2
    endloop
  endfacet
  facet normal 0 0 -1
    outer loop
      vertex -12.773946598172188 22.791709385812283 0
      vertex -12.5 2.5 0
      vertex -15.49502768367529 2.5 0
    endloop
  endfacet
  facet normal 0 0 -1
    outer loop
      vertex -12.390083737671375 22.89971164613962 0
      vertex -12.5 -2.5 0
      vertex -12.5 2.5 0
    endloop
  endfacet
  facet normal 0 0 -1
    outer loop
      vertex -11.997374817728996 -22.96895682811737 0
      vertex -12.390083737671375 22.89971164613962 0
      vertex -11.997374817728996 22.96895682811737 0
    endloop
  endfacet
  facet normal 0 0 -1
    outer loop
      vertex -11.997374817728996 22.96895682811737 0
      vertex -11.6 11 0
      vertex -11.6 -11 0
    endloop
  endfacet
  facet normal 0 0 1
    outer loop
      vertex -15.49502768367529 19.199383541941643 2
      vertex -15.49502768367529 2.5 2
      vertex -13.188505209982395 2.5 2
    endloop
  endfacet
  facet normal 0 0 1
    outer loop
      vertex -12 -19 2
      vertex -11.853553391993046 19.353553391993046 2
      vertex -12 19 2
    endloop
  endfacet
  facet normal 0 0 1
    outer loop
      vertex -12 -19 2
      vertex -11.6 17 2
      vertex -11.7414213595007 19.4 2
    endloop
  endfacet
  facet normal 0 0 1
    outer loop
      vertex -12 -19 2
      vertex -11.7414213595007 19.4 2
      vertex -11.853553391993046 19.353553391993046 2
    endloop
  endfacet
  facet normal 0 0 -1
    outer loop
      vertex -11.6 -11 0
      vertex -11.6 11 0
      vertex -9.399999999999999 11 0
    endloop
  endfacet
  facet normal 0 0 1
    outer loop
      vertex -9.399999999999999 -11 2
      vertex -9.399999999999999 11 2
      vertex -11.6 11 2
    endloop
  endfacet
  facet normal 0 0 -1
    outer loop
      vertex -15.49502768367529 19.199383541941643 0
      vertex -15.455323301255703 19.59616906195879 0
      vertex -15.49502768367529 2.5 0
    endloop
  endfacet
  facet normal 0 0 -1
    outer loop
      vertex -15.455323301255703 19.59616906195879 0
      vertex -15.376309141516685 19.98702958971262 0
      vertex -15.49502768367529 2.5 0
    endloop
  endfacet
  facet normal 0 0 -1
    outer loop
      vertex -15.376309141516685 19.98702958971262 0
      vertex -15.258770480751991 20.36808057129383 0
      vertex -15.49502768367529 2.5 0
    endloop
  endfacet
  facet normal 0 0 -1
    outer loop
      vertex -15.258770480751991 20.36808057129383 0
      vertex -15.10387547314167 20.735534958541393 0
      vertex -15.49502768367529 2.5 0
    endloop
  endfacet
  facet normal 0 0 -1
    outer loop
      vertex -15.10387547314167 20.735534958541393 0
      vertex -14.913163527846336 21.085740812122822 0
      vertex -15.49502768367529 2.5 0
    endloop
  endfacet
  facet normal 0 0 -1
    outer loop
      vertex -14.913163527846336 21.085740812122822 0
      vertex -14.688530027866364 21.415217638015747 0
      vertex -15.49502768367529 2.5 0
    endloop
  endfacet
  facet normal 0 0 -1
    outer loop
      vertex -14.688530027866364 21.415217638015747 0
      vertex -14.432207487523556 21.720690950751305 0
      vertex -15.49502768367529 2.5 0
    endloop
  endfacet
  facet normal 0 0 -1
    outer loop
      vertex -14.432207487523556 21.720690950751305 0
      vertex -14.146743349730968 21.9991248100996 0
      vertex -15.49502768367529 2.5 0
    endloop
  endfacet
  facet normal 0 0 -1
    outer loop
      vertex -14.146743349730968 21.9991248100996 0
      vertex -13.834974691271782 22.247752025723457 0
      vertex -15.49502768367529 2.5 0
    endloop
  endfacet
  facet normal 0 0 -1
    outer loop
      vertex -13.834974691271782 22.247752025723457 0
      vertex -13.5 22.4641016125679 0
      vertex -15.49502768367529 2.5 0
    endloop
  endfacet
  facet normal 0 0 -1
    outer loop
      vertex -13.5 22.4641016125679 0
      vertex -13.145148411393166 22.64602340757847 0
      vertex -15.49502768367529 2.5 0
    endloop
  endfacet
  facet normal 0 0 -1
    outer loop
      vertex -13.145148411393166 22.64602340757847 0
      vertex -12.773946598172188 22.791709385812283 0
      vertex -15.49502768367529 2.5 0
    endloop
  endfacet
  facet normal 0 0 -1
    outer loop
      vertex -12.773946598172188 22.791709385812283 0
      vertex -12.390083737671375 22.89971164613962 0
      vertex -12.5 2.5 0
    endloop
  endfacet
  facet normal 0 0 -1
    outer loop
      vertex -11.997374817728996 22.96895682811737 0
      vertex -11.6 17 0
      vertex -11.6 11 0
    endloop
  endfacet
  facet normal -1 0 0
    outer loop
      vertex -15.49502768367529 19.199383541941643 0
      vertex -15.49502768367529 2.5 2
      vertex -15.49502768367529 19.199383541941643 2
    endloop
  endfacet
  facet normal 0 0 1
    outer loop
      vertex -15.49502768367529 19.199383541941643 2
      vertex -13.188505209982395 2.5 2
      vertex -15.455323301255703 19.59616906195879 2
    endloop
  endfacet
  facet normal 0 0 1
    outer loop
      vertex -15.455323301255703 19.59616906195879 2
      vertex -13.188505209982395 2.5 2
      vertex -15.376309141516685 19.98702958971262 2
    endloop
  endfacet
  facet normal 0 0 1
    outer loop
      vertex -15.376309141516685 19.98702958971262 2
      vertex -13.188505209982395 2.5 2
      vertex -15.258770480751991 20.36808057129383 2
    endloop
  endfacet
  facet normal 0 0 1
    outer loop
      vertex -15.258770480751991 20.36808057129383 2
      vertex -13.188505209982395 2.5 2
      vertex -15.10387547314167 20.735534958541393 2
    endloop
  endfacet
  facet normal 0 0 1
    outer loop
      vertex -15.10387547314167 20.735534958541393 2
      vertex -13.188505209982395 2.5 2
      vertex -14.913163527846336 21.085740812122822 2
    endloop
  endfacet
  facet normal 0 0 1
    outer loop
      vertex -14.913163527846336 21.085740812122822 2
      vertex -13.188505209982395 2.5 2
      vertex -14.688530027866364 21.415217638015747 2
    endloop
  endfacet
  facet normal 0 0 1
    outer loop
      vertex -14.688530027866364 21.415217638015747 2
      vertex -13.188505209982395 2.5 2
      vertex -14.432207487523556 21.720690950751305 2
    endloop
  endfacet
  facet normal 0 0 1
    outer loop
      vertex -14.432207487523556 21.720690950751305 2
      vertex -13.188505209982395 2.5 2
      vertex -14.146743349730968 21.9991248100996 2
    endloop
  endfacet
  facet normal 0 0 1
    outer loop
      vertex -14.146743349730968 21.9991248100996 2
      vertex -13.188505209982395 2.5 2
      vertex -13.834974691271782 22.247752025723457 2
    endloop
  endfacet
  facet normal 0 0 1
    outer loop
      vertex -13.188505209982395 19.197357952594757 2
      vertex -13.5 22.4641016125679 2
      vertex -13.188505209982395 2.5 2
    endloop
  endfacet
  facet normal 0 0 1
    outer loop
      vertex -13.834974691271782 22.247752025723457 2
      vertex -13.188505209982395 2.5 2
      vertex -13.5 22.4641016125679 2
    endloop
  endfacet
  facet normal -0.9950307747072564 0.09956785317298553 0
    outer loop
      vertex -15.49502768367529 19.199383541941643 0
      vertex -15.455323301255703 19.59616906195879 2
      vertex -15.455323301255703 19.59616906195879 0
    endloop
  endfacet
  facet normal -0.9801724881350783 0.19814614178199375 0
    outer loop
      vertex -15.455323301255703 19.59616906195879 0
      vertex -15.376309141516685 19.98702958971262 2
      vertex -15.376309141516685 19.98702958971262 0
    endloop
  endfacet
  facet normal -0.9555728062888861 0.2947551727810439 0
    outer loop
      vertex -15.376309141516685 19.98702958971262 0
      vertex -15.258770480751991 20.36808057129383 2
      vertex -15.258770480751991 20.36808057129383 0
    endloop
  endfacet
  facet normal -0.9214762169360164 0.38843478425765066 0
    outer loop
      vertex -15.258770480751991 20.36808057129383 0
      vertex -15.10387547314167 20.735534958541393 2
      vertex -15.10387547314167 20.735534958541393 0
    endloop
  endfacet
  facet normal -0.8782215711562958 0.4782539826867803 0
    outer loop
      vertex -15.10387547314167 20.735534958541393 0
      vertex -14.913163527846336 21.085740812122822 2
      vertex -14.913163527846336 21.085740812122822 0
    endloop
  endfacet
  facet normal -0.8262387700764153 0.563320064281943 0
    outer loop
      vertex -14.913163527846336 21.085740812122822 0
      vertex -14.688530027866364 21.415217638015747 2
      vertex -14.688530027866364 21.415217638015747 0
    endloop
  endfacet
  facet normal -0.7660444476977989 0.642787604229713 0
    outer loop
      vertex -14.688530027866364 21.415217638015747 0
      vertex -14.432207487523556 21.720690950751305 2
      vertex -14.432207487523556 21.720690950751305 0
    endloop
  endfacet
  facet normal -0.6982368151579369 0.7158668521157416 0
    outer loop
      vertex -14.432207487523556 21.720690950751305 0
      vertex -14.146743349730968 21.9991248100996 2
      vertex -14.146743349730968 21.9991248100996 0
    endloop
  endfacet
  facet normal -0.623489812611992 0.7818314738925922 0
    outer loop
      vertex -14.146743349730968 21.9991248100996 0
      vertex -13.834974691271782 22.247752025723457 2
      vertex -13.834974691271782 22.247752025723457 0
    endloop
  endfacet
  facet normal -0.5425462515912699 0.8400259310784771 0
    outer loop
      vertex -13.834974691271782 22.247752025723457 0
      vertex -13.5 22.4641016125679 2
      vertex -13.5 22.4641016125679 0
    endloop
  endfacet
  facet normal 0 0 -1
    outer loop
      vertex -11.997374817728996 22.96895682811737 0
      vertex -11.599722765386105 22.998756729066372 0
      vertex -11.6 17 0
    endloop
  endfacet
  facet normal -0.45621065799394167 0.8898718084829605 0
    outer loop
      vertex -13.5 22.4641016125679 0
      vertex -13.145148411393166 22.64602340757847 2
      vertex -13.145148411393166 22.64602340757847 0
    endloop
  endfacet
  facet normal -0.365341029022533 0.9308737468168048 0
    outer loop
      vertex -13.145148411393166 22.64602340757847 0
      vertex -12.773946598172188 22.791709385812283 2
      vertex -12.773946598172188 22.791709385812283 0
    endloop
  endfacet
  facet normal -0.27084046253226474 0.9626242485286296 0
    outer loop
      vertex -12.773946598172188 22.791709385812283 0
      vertex -12.390083737671375 22.89971164613962 2
      vertex -12.390083737671375 22.89971164613962 0
    endloop
  endfacet
  facet normal -0.17364818697468923 0.984807751370999 0
    outer loop
      vertex -12.390083737671375 22.89971164613962 0
      vertex -11.997374817728996 22.96895682811737 2
      vertex -11.997374817728996 22.96895682811737 0
    endloop
  endfacet
  facet normal -0.07473009182479184 0.9972037973131963 0
    outer loop
      vertex -11.997374817728996 22.96895682811737 0
      vertex -11.599722765386105 22.998756729066372 2
      vertex -11.599722765386105 22.998756729066372 0
    endloop
  endfacet
  facet normal -0.9950307747072564 0.09956785317298553 0
    outer loop
      vertex -15.49502768367529 19.199383541941643 0
      vertex -15.49502768367529 19.199383541941643 2
      vertex -15.455323301255703 19.59616906195879 2
    endloop
  endfacet
  facet normal -0.9801724881350783 0.19814614178199375 0
    outer loop
      vertex -15.455323301255703 19.59616906195879 0
      vertex -15.455323301255703 19.59616906195879 2
      vertex -15.376309141516685 19.98702958971262 2
    endloop
  endfacet
  facet normal -0.9555728062888861 0.2947551727810439 0
    outer loop
      vertex -15.376309141516685 19.98702958971262 0
      vertex -15.376309141516685 19.98702958971262 2
      vertex -15.258770480751991 20.36808057129383 2
    endloop
  endfacet
  facet normal -0.9214762169360164 0.38843478425765066 0
    outer loop
      vertex -15.258770480751991 20.36808057129383 0
      vertex -15.258770480751991 20.36808057129383 2
      vertex -15.10387547314167 20.735534958541393 2
    endloop
  endfacet
  facet normal -0.8782215711562958 0.4782539826867803 0
    outer loop
      vertex -15.10387547314167 20.735534958541393 0
      vertex -15.10387547314167 20.735534958541393 2
      vertex -14.913163527846336 21.085740812122822 2
    endloop
  endfacet
  facet normal -0.8262387700764153 0.563320064281943 0
    outer loop
      vertex -14.913163527846336 21.085740812122822 0
      vertex -14.913163527846336 21.085740812122822 2
      vertex -14.688530027866364 21.415217638015747 2
    endloop
  endfacet
  facet normal -0.7660444476977989 0.642787604229713 0
    outer loop
      vertex -14.688530027866364 21.415217638015747 0
      vertex -14.688530027866364 21.415217638015747 2
      vertex -14.432207487523556 21.720690950751305 2
    endloop
  endfacet
  facet normal -0.6982368151579369 0.7158668521157416 0
    outer loop
      vertex -14.432207487523556 21.720690950751305 0
      vertex -14.432207487523556 21.720690950751305 2
      vertex -14.146743349730968 21.9991248100996 2
    endloop
  endfacet
  facet normal -0.623489812611992 0.7818314738925922 0
    outer loop
      vertex -14.146743349730968 21.9991248100996 0
      vertex -14.146743349730968 21.9991248100996 2
      vertex -13.834974691271782 22.247752025723457 2
    endloop
  endfacet
  facet normal -0.5425462515912699 0.8400259310784771 0
    outer loop
      vertex -13.834974691271782 22.247752025723457 0
      vertex -13.834974691271782 22.247752025723457 2
      vertex -13.5 22.4641016125679 2
    endloop
  endfacet
  facet normal -0.45621065799394167 0.8898718084829605 0
    outer loop
      vertex -13.5 22.4641016125679 0
      vertex -13.5 22.4641016125679 2
      vertex -13.145148411393166 22.64602340757847 2
    endloop
  endfacet
  facet normal -0.365341029022533 0.9308737468168048 0
    outer loop
      vertex -13.145148411393166 22.64602340757847 0
      vertex -13.145148411393166 22.64602340757847 2
      vertex -12.773946598172188 22.791709385812283 2
    endloop
  endfacet
  facet normal -0.27084046253226474 0.9626242485286296 0
    outer loop
      vertex -12.773946598172188 22.791709385812283 0
      vertex -12.773946598172188 22.791709385812283 2
      vertex -12.390083737671375 22.89971164613962 2
    endloop
  endfacet
  facet normal -0.17364818697468923 0.984807751370999 0
    outer loop
      vertex -12.390083737671375 22.89971164613962 0
      vertex -12.390083737671375 22.89971164613962 2
      vertex -11.997374817728996 22.96895682811737 2
    endloop
  endfacet
  facet normal -0.07473009182479184 0.9972037973131963 0
    outer loop
      vertex -11.997374817728996 22.96895682811737 0
      vertex -11.997374817728996 22.96895682811737 2
      vertex -11.599722765386105 22.998756729066372 2
    endloop
  endfacet
  facet normal 0 0 1
    outer loop
      vertex -13.188505209982395 19.197357952594757 2
      vertex -13.097477458417416 19.58143424242735 2
      vertex -13.5 22.4641016125679 2
    endloop
  endfacet
  facet normal 0 0 1
    outer loop
      vertex -12.92032928019762 19.93416526168585 2
      vertex -12.9 19.958392754515327 2
      vertex -12.9 20.9 2
    endloop
  endfacet
  facet normal 0 0 1
    outer loop
      vertex -13.097477458417416 19.58143424242735 2
      vertex -12.92032928019762 19.93416526168585 2
      vertex -13.145148411393166 22.64602340757847 2
    endloop
  endfacet
  facet normal 0 0 1
    outer loop
      vertex -12.92032928019762 19.93416526168585 2
      vertex -12.9 20.9 2
      vertex -13.145148411393166 22.64602340757847 2
    endloop
  endfacet
  facet normal 0 0 1
    outer loop
      vertex -12.9 20.9 2
      vertex -12.738614057044991 20.9 2
      vertex -12.773946598172188 22.791709385812283 2
    endloop
  endfacet
  facet normal 0 0 1
    outer loop
      vertex -13.097477458417416 19.58143424242735 2
      vertex -13.145148411393166 22.64602340757847 2
      vertex -13.5 22.4641016125679 2
    endloop
  endfacet
  facet normal 0 0 1
    outer loop
      vertex -12.9 20.9 2
      vertex -12.773946598172188 22.791709385812283 2
      vertex -13.145148411393166 22.64602340757847 2
    endloop
  endfacet
  facet normal 0 0 1
    outer loop
      vertex -12.738614057044991 20.9 2
      vertex -12.390083737671375 22.89971164613962 2
      vertex -12.773946598172188 22.791709385812283 2
    endloop
  endfacet
  facet normal 0 0 1
    outer loop
      vertex -12.738614057044991 20.9 2
      vertex -11.997374817728996 22.96895682811737 2
      vertex -12.390083737671375 22.89971164613962 2
    endloop
  endfacet
  facet normal 0 0 1
    outer loop
      vertex -12.738614057044991 20.9 2
      vertex -11.599722765386105 22.998756729066372 2
      vertex -11.997374817728996 22.96895682811737 2
    endloop
  endfacet
  facet normal 0 0 -1
    outer loop
      vertex -11.599722765386105 22.998756729066372 0
      vertex -9.399999999999999 17 0
      vertex -11.6 17 0
    endloop
  endfacet
  facet normal 0 0 1
    outer loop
      vertex -11.7414213595007 19.4 2
      vertex -11.6 17 2
      vertex -9.399999999999999 17 2
    endloop
  endfacet
  facet normal 0 0 1
    outer loop
      vertex -11.7414213595007 19.4 2
      vertex -9.399999999999999 17 2
      vertex -2.9000000000000004 19.4 2
    endloop
  endfacet
  facet normal 0 1 0
    outer loop
      vertex -11.599722765386105 22.998756729066372 0
      vertex -11.599722765386105 22.998756729066372 2
      vertex -2.05 22.998756729066372 1.98
    endloop
  endfacet
  facet normal 0 0 1
    outer loop
      vertex -12.738614057044991 20.9 2
      vertex -2.9000000000000004 20.9 2
      vertex -11.599722765386105 22.998756729066372 2
    endloop
  endfacet
  facet normal 0 0 -1
    outer loop
      vertex -9.399999999999999 11 0
      vertex -9.399999999999999 17 0
      vertex 0.3826834323650898 -4.576120467488713 0
    endloop
  endfacet
  facet normal 0 0 1
    outer loop
      vertex -2.9000000000000004 19.4 2
      vertex -9.399999999999999 11 2
      vertex -9.399999999999999 -11 2
    endloop
  endfacet
  facet normal 0 0 -1
    outer loop
      vertex -1 -5.5 0
      vertex -9.399999999999999 11 0
      vertex -0.9238795325112867 -5.11731656763491 0
    endloop
  endfacet
  facet normal 0 0 -1
    outer loop
      vertex -0.9238795325112867 -5.11731656763491 0
      vertex -9.399999999999999 11 0
      vertex -0.7071067811865476 -4.792893218813452 0
    endloop
  endfacet
  facet normal 0 0 -1
    outer loop
      vertex -0.3826834323650898 -4.576120467488713 0
      vertex -0.7071067811865476 -4.792893218813452 0
      vertex -9.399999999999999 11 0
    endloop
  endfacet
  facet normal 0 0 -1
    outer loop
      vertex -0.3826834323650898 -4.576120467488713 0
      vertex -9.399999999999999 11 0
      vertex 0 -4.5 0
    endloop
  endfacet
  facet normal 0 0 -1
    outer loop
      vertex -9.399999999999999 11 0
      vertex 0.3826834323650898 -4.576120467488713 0
      vertex 0 -4.5 0
    endloop
  endfacet
  facet normal 0 0 -1
    outer loop
      vertex -9.399999999999999 17 0
      vertex 0.7071067811865476 -4.792893218813452 0
      vertex 0.3826834323650898 -4.576120467488713 0
    endloop
  endfacet
  facet normal 0 0 -1
    outer loop
      vertex -9.399999999999999 17 0
      vertex 0.9238795325112867 -5.11731656763491 0
      vertex 0.7071067811865476 -4.792893218813452 0
    endloop
  endfacet
  facet normal 0 0 1
    outer loop
      vertex -2.9000000000000004 19.4 2
      vertex -1 -5.5 2
      vertex -0.9238795325112867 -5.11731656763491 2
    endloop
  endfacet
  facet normal 0 0 1
    outer loop
      vertex -2.9000000000000004 19.4 2
      vertex -0.9238795325112867 -5.11731656763491 2
      vertex -0.7071067811865476 -4.792893218813452 2
    endloop
  endfacet
  facet normal 0 0 1
    outer loop
      vertex -2.9000000000000004 19.4 2
      vertex -0.7071067811865476 -4.792893218813452 2
      vertex -0.3826834323650898 -4.576120467488713 2
    endloop
  endfacet
  facet normal 0 0 1
    outer loop
      vertex -2.9000000000000004 19.4 2
      vertex -0.3826834323650898 -4.576120467488713 2
      vertex 0 -4.5 2
    endloop
  endfacet
  facet normal 0 0 1
    outer loop
      vertex -2.9000000000000004 19.4 2
      vertex 0 -4.5 2
      vertex 0.3826834323650898 -4.576120467488713 2
    endloop
  endfacet
  facet normal 0 0 1
    outer loop
      vertex -2.9000000000000004 19.4 2
      vertex 0.3826834323650898 -4.576120467488713 2
      vertex 0.7071067811865476 -4.792893218813452 2
    endloop
  endfacet
  facet normal 0 0 1
    outer loop
      vertex -2.9000000000000004 19.4 2
      vertex 0.7071067811865476 -4.792893218813452 2
      vertex 0.9238795325112867 -5.11731656763491 2
    endloop
  endfacet
  facet normal 0 0 -1
    outer loop
      vertex -11.599722765386105 22.998756729066372 0
      vertex 0.9238795325112867 -5.11731656763491 0
      vertex -9.399999999999999 17 0
    endloop
  endfacet
  facet normal 0 0 1
    outer loop
      vertex -2.9000000000000004 19.4 2
      vertex -9.399999999999999 17 2
      vertex -9.399999999999999 11 2
    endloop
  endfacet
  facet normal 0 0 1
    outer loop
      vertex -11.599722765386105 22.998756729066372 2
      vertex -2.9000000000000004 20.9 2
      vertex -2.05 22.998756729066372 2
    endloop
  endfacet
  facet normal 0 1 0
    outer loop
      vertex -11.599722765386105 22.998756729066372 2
      vertex -2.05 22.998756729066372 2
      vertex -2.05 22.998756729066372 1.98
    endloop
  endfacet
  facet normal 0 1 0
    outer loop
      vertex -11.599722765386105 22.998756729066372 0
      vertex -2.05 22.998756729066372 1.98
      vertex 2.05 22.998756729066372 1.98
    endloop
  endfacet
  facet normal 0 0 1
    outer loop
      vertex -2.9000000000000004 20.9 2
      vertex -2.05 21 2
      vertex -2.05 22.998756729066372 2
    endloop
  endfacet
  facet normal 0 0 1
    outer loop
      vertex -2.9000000000000004 19.4 2
      vertex 2.9000000000000004 19.4 2
      vertex -2.9000000000000004 19.5 2
    endloop
  endfacet
  facet normal 0 0 1
    outer loop
      vertex -2.9000000000000004 20.697123870253563 2
      vertex 2.9000000000000004 20.697123870253563 2
      vertex -2.9000000000000004 20.9 2
    endloop
  endfacet
  facet normal 0 0 1
    outer loop
      vertex -2.9000000000000004 20.9 2
      vertex 2.9000000000000004 20.9 2
      vertex -2.05 21 2
    endloop
  endfacet
  facet normal 0 0 1
    outer loop
      vertex -2.9000000000000004 -20.697123870253563 2
      vertex 2.9000000000000004 -20.9 2
      vertex 2.9000000000000004 -20.697123870253563 2
    endloop
  endfacet
  facet normal 0 0 1
    outer loop
      vertex -11.599722765386105 -22.998756729066372 2
      vertex 12.9 -20.9 2
      vertex 2.9000000000000004 -20.9 2
    endloop
  endfacet
  facet normal 0 0 1
    outer loop
      vertex -2.9000000000000004 -19.5 2
      vertex 2.9000000000000004 -19.5 2
      vertex 2.9000000000000004 -19.4 2
    endloop
  endfacet
  facet normal 0 -1 0
    outer loop
      vertex -11.599722765386105 -22.998756729066372 2
      vertex 11.400277234613895 -22.998756729066372 0
      vertex 11.400277234613895 -22.998756729066372 2
    endloop
  endfacet
  facet normal 0 0 -1
    outer loop
      vertex 11.400277234613895 -22.998756729066372 0
      vertex -9.399999999999999 -11 0
      vertex -0.3826834323650898 -6.423879532511287 0
    endloop
  endfacet
  facet normal 0 0 -1
    outer loop
      vertex 11.400277234613895 -22.998756729066372 0
      vertex -0.3826834323650898 -6.423879532511287 0
      vertex 0 -6.5 0
    endloop
  endfacet
  facet normal 0 0 1
    outer loop
      vertex -11.599722765386105 -22.998756729066372 2
      vertex 11.400277234613895 -22.998756729066372 2
      vertex 12.9 -20.9 2
    endloop
  endfacet
  facet normal 0 0 -1
    outer loop
      vertex 11.400277234613895 -22.998756729066372 0
      vertex 0 -6.5 0
      vertex 0.3826834323650898 -6.423879532511287 0
    endloop
  endfacet
  facet normal 0 0 -1
    outer loop
      vertex 11.400277234613895 -22.998756729066372 0
      vertex 0.3826834323650898 -6.423879532511287 0
      vertex 0.7071067811865476 -6.207106781186548 0
    endloop
  endfacet
  facet normal 0 0 -1
    outer loop
      vertex 11.400277234613895 -22.998756729066372 0
      vertex 0.7071067811865476 -6.207106781186548 0
      vertex 0.9238795325112867 -5.88268343236509 0
    endloop
  endfacet
  facet normal 0 0 1
    outer loop
      vertex 2.9000000000000004 -19.4 2
      vertex 9.4 -17 2
      vertex 9.4 -11 2
    endloop
  endfacet
  facet normal 0 0 1
    outer loop
      vertex 2.9000000000000004 -19.4 2
      vertex 0.3826834323650898 -6.423879532511287 2
      vertex 0 -6.5 2
    endloop
  endfacet
  facet normal 0 0 1
    outer loop
      vertex 2.9000000000000004 -19.4 2
      vertex 0.7071067811865476 -6.207106781186548 2
      vertex 0.3826834323650898 -6.423879532511287 2
    endloop
  endfacet
  facet normal 0 0 1
    outer loop
      vertex 2.9000000000000004 -19.4 2
      vertex 0.9238795325112867 -5.88268343236509 2
      vertex 0.7071067811865476 -6.207106781186548 2
    endloop
  endfacet
  facet normal 0 0 1
    outer loop
      vertex 2.9000000000000004 -19.4 2
      vertex 1 -5.5 2
      vertex 0.9238795325112867 -5.88268343236509 2
    endloop
  endfacet
  facet normal 0 0 -1
    outer loop
      vertex -11.599722765386105 22.998756729066372 0
      vertex 11.400277234613895 -22.998756729066372 0
      vertex 0.9238795325112867 -5.11731656763491 0
    endloop
  endfacet
  facet normal 0 0 -1
    outer loop
      vertex -11.599722765386105 22.998756729066372 0
      vertex 9.4 -17 0
      vertex 11.400277234613895 -22.998756729066372 0
    endloop
  endfacet
  facet normal 0 0 -1
    outer loop
      vertex -11.599722765386105 22.998756729066372 0
      vertex 9.4 -11 0
      vertex 9.4 -17 0
    endloop
  endfacet
  facet normal 0 0 1
    outer loop
      vertex 2.9000000000000004 -19.4 2
      vertex 2.9000000000000004 19.4 2
      vertex 1 -5.5 2
    endloop
  endfacet
  facet normal 0 0 -1
    outer loop
      vertex 11.400277234613895 -22.998756729066372 0
      vertex 0.9238795325112867 -5.88268343236509 0
      vertex 1 -5.5 0
    endloop
  endfacet
  facet normal 0 0 -1
    outer loop
      vertex 11.400277234613895 -22.998756729066372 0
      vertex 1 -5.5 0
      vertex 0.9238795325112867 -5.11731656763491 0
    endloop
  endfacet
  facet normal 0 0 1
    outer loop
      vertex 2.9000000000000004 -19.4 2
      vertex 9.4 -11 2
      vertex 9.4 11 2
    endloop
  endfacet
  facet normal 0 0 -1
    outer loop
      vertex 11.400277234613895 -22.998756729066372 0
      vertex 11.600000000000001 -17 0
      vertex 11.79892037063837 -22.988815188407898 0
    endloop
  endfacet
  facet normal 0.024930695526006467 -0.9996891819063511 0
    outer loop
      vertex 11.400277234613895 -22.998756729066372 0
      vertex 11.79892037063837 -22.988815188407898 0
      vertex 11.400277234613895 -22.998756729066372 2
    endloop
  endfacet
  facet normal 0 0 -1
    outer loop
      vertex 11.400277234613895 -22.998756729066372 0
      vertex 9.4 -17 0
      vertex 11.600000000000001 -17 0
    endloop
  endfacet
  facet normal 0 0 1
    outer loop
      vertex 2.9000000000000004 -19.4 2
      vertex 11.7414213595007 -19.4 2
      vertex 9.4 -17 2
    endloop
  endfacet
  facet normal 0 0 1
    outer loop
      vertex 11.7414213595007 -19.4 2
      vertex 11.600000000000001 -17 2
      vertex 9.4 -17 2
    endloop
  endfacet
  facet normal 0.12434369247354911 -0.9922392081257642 0
    outer loop
      vertex 11.79892037063837 -22.988815188407898 0
      vertex 12.194592714309692 -22.939231015741825 0
      vertex 11.79892037063837 -22.988815188407898 2
    endloop
  endfacet
  facet normal 0.22252095193184765 -0.9749279080790253 0
    outer loop
      vertex 12.194592714309692 -22.939231015741825 0
      vertex 12.583361871540546 -22.850496985018253 0
      vertex 12.194592714309692 -22.939231015741825 2
    endloop
  endfacet
  facet normal 0.3184866494509788 -0.9479273464361545 0
    outer loop
      vertex 12.583361871540546 -22.850496985018253 0
      vertex 12.961364097893238 -22.723494991660118 0
      vertex 12.583361871540546 -22.850496985018253 2
    endloop
  endfacet
  facet normal 0.41128708836042205 -0.9115058589762363 0
    outer loop
      vertex 12.961364097893238 -22.723494991660118 0
      vertex 13.324842631816864 -22.559487238526344 0
      vertex 12.961364097893238 -22.723494991660118 2
    endloop
  endfacet
  facet normal 0.5000000192191725 -0.866025392688244 0
    outer loop
      vertex 13.324842631816864 -22.559487238526344 0
      vertex 13.670185051858425 -22.36010368913412 0
      vertex 13.324842631816864 -22.559487238526344 2
    endloop
  endfacet
  facet normal 0.5837436584827609 -0.8119380156028919 0
    outer loop
      vertex 13.670185051858425 -22.36010368913412 0
      vertex 13.993959210813046 -22.12732592970133 0
      vertex 13.670185051858425 -22.36010368913412 2
    endloop
  endfacet
  facet normal 0.6616858469486819 -0.7497811947147016 0
    outer loop
      vertex 13.993959210813046 -22.12732592970133 0
      vertex 14.292947269976139 -21.863467395305634 0
      vertex 13.993959210813046 -22.12732592970133 2
    endloop
  endfacet
  facet normal 0.7330518671150557 -0.6801727428522337 0
    outer loop
      vertex 14.292947269976139 -21.863467395305634 0
      vertex 14.56417777389288 -21.571150436997414 0
      vertex 14.292947269976139 -21.863467395305634 2
    endloop
  endfacet
  facet normal 0.7971325121866317 -0.6038044037724711 0
    outer loop
      vertex 14.56417777389288 -21.571150436997414 0
      vertex 14.80495509505272 -21.253280229866505 0
      vertex 14.56417777389288 -21.571150436997414 2
    endloop
  endfacet
  facet normal 0.8532908761377529 -0.5214352123706895 0
    outer loop
      vertex 14.80495509505272 -21.253280229866505 0
      vertex 15.012886293232441 -20.91301591694355 0
      vertex 14.80495509505272 -21.253280229866505 2
    endloop
  endfacet
  facet normal 0.9009688718240638 -0.43388373097417887 0
    outer loop
      vertex 15.012886293232441 -20.91301591694355 0
      vertex 15.18590484559536 -20.553739182651043 0
      vertex 15.012886293232441 -20.91301591694355 2
    endloop
  endfacet
  facet normal 0.9396926175566497 -0.3420201521979843 0
    outer loop
      vertex 15.18590484559536 -20.553739182651043 0
      vertex 15.322291225194931 -20.179020695388317 0
      vertex 15.18590484559536 -20.553739182651043 2
    endloop
  endfacet
  facet normal 0.9690772887625725 -0.2467573877406342 0
    outer loop
      vertex 15.322291225194931 -20.179020695388317 0
      vertex 15.420689947903156 -19.79258457571268 0
      vertex 15.322291225194931 -20.179020695388317 2
    endloop
  endfacet
  facet normal 0.9888308244897689 -0.14904227768953318 0
    outer loop
      vertex 15.420689947903156 -19.79258457571268 0
      vertex 15.480123102664948 -19.39827138930559 0
      vertex 15.420689947903156 -19.79258457571268 2
    endloop
  endfacet
  facet normal 0.9987569213873613 -0.0498458822857024 0
    outer loop
      vertex 15.480123102664948 -19.39827138930559 0
      vertex 15.5 -19 0
      vertex 15.480123102664948 -19.39827138930559 2
    endloop
  endfacet
  facet normal 0.024930695526006467 -0.9996891819063511 0
    outer loop
      vertex 11.400277234613895 -22.998756729066372 2
      vertex 11.79892037063837 -22.988815188407898 0
      vertex 11.79892037063837 -22.988815188407898 2
    endloop
  endfacet
  facet normal 0.12434369247354911 -0.9922392081257642 0
    outer loop
      vertex 12.194592714309692 -22.939231015741825 0
      vertex 12.194592714309692 -22.939231015741825 2
      vertex 11.79892037063837 -22.988815188407898 2
    endloop
  endfacet
  facet normal 0.22252095193184765 -0.9749279080790253 0
    outer loop
      vertex 12.583361871540546 -22.850496985018253 0
      vertex 12.583361871540546 -22.850496985018253 2
      vertex 12.194592714309692 -22.939231015741825 2
    endloop
  endfacet
  facet normal 0.3184866494509788 -0.9479273464361545 0
    outer loop
      vertex 12.961364097893238 -22.723494991660118 0
      vertex 12.961364097893238 -22.723494991660118 2
      vertex 12.583361871540546 -22.850496985018253 2
    endloop
  endfacet
  facet normal 0.41128708836042205 -0.9115058589762363 0
    outer loop
      vertex 13.324842631816864 -22.559487238526344 0
      vertex 13.324842631816864 -22.559487238526344 2
      vertex 12.961364097893238 -22.723494991660118 2
    endloop
  endfacet
  facet normal 0.5000000192191725 -0.866025392688244 0
    outer loop
      vertex 13.670185051858425 -22.36010368913412 0
      vertex 13.670185051858425 -22.36010368913412 2
      vertex 13.324842631816864 -22.559487238526344 2
    endloop
  endfacet
  facet normal 0 0 1
    outer loop
      vertex 11.400277234613895 -22.998756729066372 2
      vertex 11.79892037063837 -22.988815188407898 2
      vertex 12.9 -20.9 2
    endloop
  endfacet
  facet normal 0 0 1
    outer loop
      vertex 11.79892037063837 -22.988815188407898 2
      vertex 12.194592714309692 -22.939231015741825 2
      vertex 12.9 -20.9 2
    endloop
  endfacet
  facet normal 0 0 1
    outer loop
      vertex 12.194592714309692 -22.939231015741825 2
      vertex 12.583361871540546 -22.850496985018253 2
      vertex 12.9 -20.9 2
    endloop
  endfacet
  facet normal 0 0 1
    outer loop
      vertex 12.583361871540546 -22.850496985018253 2
      vertex 12.961364097893238 -22.723494991660118 2
      vertex 12.9 -20.9 2
    endloop
  endfacet
  facet normal 0 0 1
    outer loop
      vertex 12.961364097893238 -22.723494991660118 2
      vertex 13.324842631816864 -22.559487238526344 2
      vertex 12.9 -19.944156135853113 2
    endloop
  endfacet
  facet normal 0 0 1
    outer loop
      vertex 12.961364097893238 -22.723494991660118 2
      vertex 12.9 -19.944156135853113 2
      vertex 12.9 -20.9 2
    endloop
  endfacet
  facet normal 0 0 1
    outer loop
      vertex 13.324842631816864 -22.559487238526344 2
      vertex 13.019175492227077 -19.762958608567715 2
      vertex 12.9 -19.944156135853113 2
    endloop
  endfacet
  facet normal 0 0 1
    outer loop
      vertex 13.324842631816864 -22.559487238526344 2
      vertex 13.154176279902458 -19.392046980559826 2
      vertex 13.019175492227077 -19.762958608567715 2
    endloop
  endfacet
  facet normal 0 0 1
    outer loop
      vertex 13.324842631816864 -22.559487238526344 2
      vertex 13.200000002980232 -19 2
      vertex 13.154176279902458 -19.392046980559826 2
    endloop
  endfacet
  facet normal 0.5837436584827609 -0.8119380156028919 0
    outer loop
      vertex 13.993959210813046 -22.12732592970133 0
      vertex 13.993959210813046 -22.12732592970133 2
      vertex 13.670185051858425 -22.36010368913412 2
    endloop
  endfacet
  facet normal 0.6616858469486819 -0.7497811947147016 0
    outer loop
      vertex 14.292947269976139 -21.863467395305634 0
      vertex 14.292947269976139 -21.863467395305634 2
      vertex 13.993959210813046 -22.12732592970133 2
    endloop
  endfacet
  facet normal 0.7330518671150557 -0.6801727428522337 0
    outer loop
      vertex 14.56417777389288 -21.571150436997414 0
      vertex 14.56417777389288 -21.571150436997414 2
      vertex 14.292947269976139 -21.863467395305634 2
    endloop
  endfacet
  facet normal 0.7971325121866317 -0.6038044037724711 0
    outer loop
      vertex 14.80495509505272 -21.253280229866505 0
      vertex 14.80495509505272 -21.253280229866505 2
      vertex 14.56417777389288 -21.571150436997414 2
    endloop
  endfacet
  facet normal 0.8532908761377529 -0.5214352123706895 0
    outer loop
      vertex 15.012886293232441 -20.91301591694355 0
      vertex 15.012886293232441 -20.91301591694355 2
      vertex 14.80495509505272 -21.253280229866505 2
    endloop
  endfacet
  facet normal 0.9009688718240638 -0.43388373097417887 0
    outer loop
      vertex 15.18590484559536 -20.553739182651043 0
      vertex 15.18590484559536 -20.553739182651043 2
      vertex 15.012886293232441 -20.91301591694355 2
    endloop
  endfacet
  facet normal 0.9396926175566497 -0.3420201521979843 0
    outer loop
      vertex 15.322291225194931 -20.179020695388317 0
      vertex 15.322291225194931 -20.179020695388317 2
      vertex 15.18590484559536 -20.553739182651043 2
    endloop
  endfacet
  facet normal 0.9690772887625725 -0.2467573877406342 0
    outer loop
      vertex 15.420689947903156 -19.79258457571268 0
      vertex 15.420689947903156 -19.79258457571268 2
      vertex 15.322291225194931 -20.179020695388317 2
    endloop
  endfacet
  facet normal 0.9888308244897689 -0.14904227768953318 0
    outer loop
      vertex 15.480123102664948 -19.39827138930559 0
      vertex 15.480123102664948 -19.39827138930559 2
      vertex 15.420689947903156 -19.79258457571268 2
    endloop
  endfacet
  facet normal 0.9987569213873613 -0.0498458822857024 0
    outer loop
      vertex 15.5 -19 0
      vertex 15.5 -19 2
      vertex 15.480123102664948 -19.39827138930559 2
    endloop
  endfacet
  facet normal 0 0 -1
    outer loop
      vertex 11.79892037063837 -22.988815188407898 0
      vertex 11.600000000000001 -17 0
      vertex 11.600000000000001 -11 0
    endloop
  endfacet
  facet normal 0 0 -1
    outer loop
      vertex 12.583361871540546 -22.850496985018253 0
      vertex 15.5 -2.5 0
      vertex 12.961364097893238 -22.723494991660118 0
    endloop
  endfacet
  facet normal 0 0 -1
    outer loop
      vertex 12.961364097893238 -22.723494991660118 0
      vertex 15.5 -2.5 0
      vertex 13.324842631816864 -22.559487238526344 0
    endloop
  endfacet
  facet normal 0 0 -1
    outer loop
      vertex 13.324842631816864 -22.559487238526344 0
      vertex 15.5 -2.5 0
      vertex 13.670185051858425 -22.36010368913412 0
    endloop
  endfacet
  facet normal 0 0 -1
    outer loop
      vertex 13.670185051858425 -22.36010368913412 0
      vertex 15.5 -2.5 0
      vertex 13.993959210813046 -22.12732592970133 0
    endloop
  endfacet
  facet normal 0 0 -1
    outer loop
      vertex 13.993959210813046 -22.12732592970133 0
      vertex 15.5 -2.5 0
      vertex 14.292947269976139 -21.863467395305634 0
    endloop
  endfacet
  facet normal 0 0 -1
    outer loop
      vertex 14.292947269976139 -21.863467395305634 0
      vertex 15.5 -2.5 0
      vertex 14.56417777389288 -21.571150436997414 0
    endloop
  endfacet
  facet normal 0 0 -1
    outer loop
      vertex 14.56417777389288 -21.571150436997414 0
      vertex 15.5 -2.5 0
      vertex 14.80495509505272 -21.253280229866505 0
    endloop
  endfacet
  facet normal 0 0 -1
    outer loop
      vertex 14.80495509505272 -21.253280229866505 0
      vertex 15.5 -2.5 0
      vertex 15.012886293232441 -20.91301591694355 0
    endloop
  endfacet
  facet normal 0 0 -1
    outer loop
      vertex 15.012886293232441 -20.91301591694355 0
      vertex 15.5 -2.5 0
      vertex 15.18590484559536 -20.553739182651043 0
    endloop
  endfacet
  facet normal 0 0 -1
    outer loop
      vertex 15.18590484559536 -20.553739182651043 0
      vertex 15.5 -2.5 0
      vertex 15.322291225194931 -20.179020695388317 0
    endloop
  endfacet
  facet normal 0 0 -1
    outer loop
      vertex 15.322291225194931 -20.179020695388317 0
      vertex 15.5 -2.5 0
      vertex 15.420689947903156 -19.79258457571268 0
    endloop
  endfacet
  facet normal 0 0 -1
    outer loop
      vertex 15.420689947903156 -19.79258457571268 0
      vertex 15.5 -2.5 0
      vertex 15.480123102664948 -19.39827138930559 0
    endloop
  endfacet
  facet normal 0 0 -1
    outer loop
      vertex 15.480123102664948 -19.39827138930559 0
      vertex 15.5 -2.5 0
      vertex 15.5 -19 0
    endloop
  endfacet
  facet normal 0 0 1
    outer loop
      vertex 11.7414213595007 -19.4 2
      vertex 11.600000000000001 -11 2
      vertex 11.600000000000001 -17 2
    endloop
  endfacet
  facet normal 0 0 1
    outer loop
      vertex 13.324842631816864 -22.559487238526344 2
      vertex 13.670185051858425 -22.36010368913412 2
      vertex 13.200000002980232 -2.5 2
    endloop
  endfacet
  facet normal 0 0 1
    outer loop
      vertex 13.324842631816864 -22.559487238526344 2
      vertex 13.200000002980232 -2.5 2
      vertex 13.200000002980232 -19 2
    endloop
  endfacet
  facet normal 0 0 1
    outer loop
      vertex 13.670185051858425 -22.36010368913412 2
      vertex 13.993959210813046 -22.12732592970133 2
      vertex 13.200000002980232 -2.5 2
    endloop
  endfacet
  facet normal 0 0 1
    outer loop
      vertex 13.993959210813046 -22.12732592970133 2
      vertex 14.292947269976139 -21.863467395305634 2
      vertex 13.200000002980232 -2.5 2
    endloop
  endfacet
  facet normal 0 0 1
    outer loop
      vertex 14.292947269976139 -21.863467395305634 2
      vertex 14.56417777389288 -21.571150436997414 2
      vertex 13.200000002980232 -2.5 2
    endloop
  endfacet
  facet normal 0 0 1
    outer loop
      vertex 14.56417777389288 -21.571150436997414 2
      vertex 14.80495509505272 -21.253280229866505 2
      vertex 13.200000002980232 -2.5 2
    endloop
  endfacet
  facet normal 0 0 1
    outer loop
      vertex 14.80495509505272 -21.253280229866505 2
      vertex 15.012886293232441 -20.91301591694355 2
      vertex 13.200000002980232 -2.5 2
    endloop
  endfacet
  facet normal 0 0 1
    outer loop
      vertex 15.012886293232441 -20.91301591694355 2
      vertex 15.18590484559536 -20.553739182651043 2
      vertex 13.200000002980232 -2.5 2
    endloop
  endfacet
  facet normal 0 0 1
    outer loop
      vertex 15.18590484559536 -20.553739182651043 2
      vertex 15.322291225194931 -20.179020695388317 2
      vertex 13.200000002980232 -2.5 2
    endloop
  endfacet
  facet normal 1 0 0
    outer loop
      vertex 15.5 -19 0
      vertex 15.5 -2.5 2
      vertex 15.5 -19 2
    endloop
  endfacet
  facet normal 0 0 1
    outer loop
      vertex 15.322291225194931 -20.179020695388317 2
      vertex 15.420689947903156 -19.79258457571268 2
      vertex 13.200000002980232 -2.5 2
    endloop
  endfacet
  facet normal 0 0 1
    outer loop
      vertex 15.420689947903156 -19.79258457571268 2
      vertex 15.480123102664948 -19.39827138930559 2
      vertex 13.200000002980232 -2.5 2
    endloop
  endfacet
  facet normal 0 0 1
    outer loop
      vertex 15.480123102664948 -19.39827138930559 2
      vertex 15.5 -19 2
      vertex 13.200000002980232 -2.5 2
    endloop
  endfacet
  facet normal 0 0 -1
    outer loop
      vertex 11.600000000000001 11 0
      vertex 11.600000000000001 -11 0
      vertex 9.4 -11 0
    endloop
  endfacet
  facet normal 0 0 1
    outer loop
      vertex 9.4 11 2
      vertex 9.4 -11 2
      vertex 11.600000000000001 -11 2
    endloop
  endfacet
  facet normal 0 0 -1
    outer loop
      vertex 12.583361871540546 -22.850496985018253 0
      vertex 12.5 -2.5 0
      vertex 15.5 -2.5 0
    endloop
  endfacet
  facet normal 0 0 -1
    outer loop
      vertex 11.79892037063837 -22.988815188407898 0
      vertex 11.600000000000001 -11 0
      vertex 11.600000000000001 11 0
    endloop
  endfacet
  facet normal 0 0 -1
    outer loop
      vertex 11.79892037063837 -22.988815188407898 0
      vertex 11.79892037063837 22.988815188407898 0
      vertex 12.194592714309692 -22.939231015741825 0
    endloop
  endfacet
  facet normal 0 0 -1
    outer loop
      vertex 12.194592714309692 -22.939231015741825 0
      vertex 12.194592714309692 22.939231015741825 0
      vertex 12.583361871540546 -22.850496985018253 0
    endloop
  endfacet
  facet normal 1 0 0
    outer loop
      vertex 15.5 -19 0
      vertex 15.5 -2.5 0
      vertex 15.5 -2.5 2
    endloop
  endfacet
  facet normal 0 0 1
    outer loop
      vertex 11.7414213595007 -19.4 2
      vertex 11.853553391993046 -19.353553391993046 2
      vertex 12 19 2
    endloop
  endfacet
  facet normal 0 0 1
    outer loop
      vertex 11.7414213595007 -19.4 2
      vertex 11.600000000000001 11 2
      vertex 11.600000000000001 -11 2
    endloop
  endfacet
  facet normal 0 0 1
    outer loop
      vertex 11.853553391993046 -19.353553391993046 2
      vertex 12 -19 2
      vertex 12 19 2
    endloop
  endfacet
  facet normal 0 0 1
    outer loop
      vertex 15.5 -19 2
      vertex 15.5 -2.5 2
      vertex 13.200000002980232 -2.5 2
    endloop
  endfacet
  facet normal 0 0 -1
    outer loop
      vertex 12.583361871540546 -22.850496985018253 0
      vertex 12.194592714309692 22.939231015741825 0
      vertex 12.5 -2.5 0
    endloop
  endfacet
  facet normal 0 0 1
    outer loop
      vertex 2.9000000000000004 19.4 2
      vertex 0.9238795325112867 -5.11731656763491 2
      vertex 1 -5.5 2
    endloop
  endfacet
  facet normal 0 0 -1
    outer loop
      vertex -11.599722765386105 22.998756729066372 0
      vertex 9.4 11 0
      vertex 9.4 -11 0
    endloop
  endfacet
  facet normal 0 0 1
    outer loop
      vertex -2.9000000000000004 19.4 2
      vertex 0.9238795325112867 -5.11731656763491 2
      vertex 2.9000000000000004 19.4 2
    endloop
  endfacet
  facet normal 0 0 1
    outer loop
      vertex 2.9000000000000004 -19.4 2
      vertex 9.4 11 2
      vertex 2.9000000000000004 19.4 2
    endloop
  endfacet
  facet normal 0 0 -1
    outer loop
      vertex -11.599722765386105 22.998756729066372 0
      vertex 9.4 17 0
      vertex 9.4 11 0
    endloop
  endfacet
  facet normal 0 0 -1
    outer loop
      vertex -11.599722765386105 22.998756729066372 0
      vertex 11.400277234613895 22.998756729066372 0
      vertex 9.4 17 0
    endloop
  endfacet
  facet normal 0 1 0
    outer loop
      vertex -11.599722765386105 22.998756729066372 0
      vertex 11.400277234613895 22.998756729066372 2
      vertex 11.400277234613895 22.998756729066372 0
    endloop
  endfacet
  facet normal 0 0 1
    outer loop
      vertex -2.9000000000000004 19.5 2
      vertex 2.9000000000000004 19.4 2
      vertex 2.9000000000000004 19.5 2
    endloop
  endfacet
  facet normal 0 1 0
    outer loop
      vertex -11.599722765386105 22.998756729066372 0
      vertex 2.05 22.998756729066372 1.98
      vertex 11.400277234613895 22.998756729066372 2
    endloop
  endfacet
  facet normal 0 0 1
    outer loop
      vertex -2.9000000000000004 20.9 2
      vertex 2.9000000000000004 20.697123870253563 2
      vertex 2.9000000000000004 20.9 2
    endloop
  endfacet
  facet normal 0 0 1
    outer loop
      vertex -2.05 21 2
      vertex 2.9000000000000004 20.9 2
      vertex 2.05 21 2
    endloop
  endfacet
  facet normal 0 0 1
    outer loop
      vertex 2.9000000000000004 19.4 2
      vertex 9.4 11 2
      vertex 9.4 17 2
    endloop
  endfacet
  facet normal 0 0 1
    outer loop
      vertex 2.05 21 2
      vertex 11.400277234613895 22.998756729066372 2
      vertex 2.05 22.998756729066372 2
    endloop
  endfacet
  facet normal 0 1 0
    outer loop
      vertex 2.05 22.998756729066372 1.98
      vertex 2.05 22.998756729066372 2
      vertex 11.400277234613895 22.998756729066372 2
    endloop
  endfacet
  facet normal 0 0 1
    outer loop
      vertex 2.05 21 2
      vertex 2.9000000000000004 20.9 2
      vertex 11.400277234613895 22.998756729066372 2
    endloop
  endfacet
  facet normal 0 0 -1
    outer loop
      vertex 9.4 -11 0
      vertex 9.4 11 0
      vertex 11.600000000000001 11 0
    endloop
  endfacet
  facet normal 0 0 1
    outer loop
      vertex 11.600000000000001 -11 2
      vertex 11.600000000000001 11 2
      vertex 9.4 11 2
    endloop
  endfacet
  facet normal 0 0 -1
    outer loop
      vertex 11.79892037063837 -22.988815188407898 0
      vertex 11.600000000000001 11 0
      vertex 11.600000000000001 17 0
    endloop
  endfacet
  facet normal 0 0 -1
    outer loop
      vertex 11.79892037063837 -22.988815188407898 0
      vertex 11.600000000000001 17 0
      vertex 11.79892037063837 22.988815188407898 0
    endloop
  endfacet
  facet normal 0 0 1
    outer loop
      vertex 11.7414213595007 -19.4 2
      vertex 11.600000000000001 17 2
      vertex 11.600000000000001 11 2
    endloop
  endfacet
  facet normal 0 0 1
    outer loop
      vertex 11.7414213595007 -19.4 2
      vertex 12 19 2
      vertex 11.600000000000001 17 2
    endloop
  endfacet
  facet normal 0 0 -1
    outer loop
      vertex 12.194592714309692 -22.939231015741825 0
      vertex 11.79892037063837 22.988815188407898 0
      vertex 12.194592714309692 22.939231015741825 0
    endloop
  endfacet
  facet normal 0 0 -1
    outer loop
      vertex 12.194592714309692 22.939231015741825 0
      vertex 12.5 2.5 0
      vertex 12.5 -2.5 0
    endloop
  endfacet
  facet normal 0 0 -1
    outer loop
      vertex 15.5 19 0
      vertex 15.5 2.5 0
      vertex 12.5 2.5 0
    endloop
  endfacet
  facet normal 1 0 0
    outer loop
      vertex 15.5 19 2
      vertex 15.5 2.5 2
      vertex 15.5 2.5 0
    endloop
  endfacet
  facet normal 0 0 1
    outer loop
      vertex 13.200000002980232 19 2
      vertex 13.200000002980232 2.5 2
      vertex 15.5 2.5 2
    endloop
  endfacet
  facet normal 0 0 -1
    outer loop
      vertex 11.79892037063837 22.988815188407898 0
      vertex 11.600000000000001 17 0
      vertex 9.4 17 0
    endloop
  endfacet
  facet normal 0 0 -1
    outer loop
      vertex 11.400277234613895 22.998756729066372 0
      vertex 11.79892037063837 22.988815188407898 0
      vertex 9.4 17 0
    endloop
  endfacet
  facet normal 0 0 1
    outer loop
      vertex 2.9000000000000004 19.4 2
      vertex 9.4 17 2
      vertex 11.600000000000001 17 2
    endloop
  endfacet
  facet normal 0 0 1
    outer loop
      vertex 2.9000000000000004 19.4 2
      vertex 11.600000000000001 17 2
      vertex 12 19 2
    endloop
  endfacet
  facet normal 0 0 1
    outer loop
      vertex 2.9000000000000004 19.4 2
      vertex 11.853553391993046 19.353553391993046 2
      vertex 11.7414213595007 19.4 2
    endloop
  endfacet
  facet normal 0 0 1
    outer loop
      vertex 2.9000000000000004 19.4 2
      vertex 12 19 2
      vertex 11.853553391993046 19.353553391993046 2
    endloop
  endfacet
  facet normal 0 0 1
    outer loop
      vertex 2.9000000000000004 20.9 2
      vertex 11.79892037063837 22.988815188407898 2
      vertex 11.400277234613895 22.998756729066372 2
    endloop
  endfacet
  facet normal 0 0 1
    outer loop
      vertex 2.9000000000000004 20.9 2
      vertex 12.9 20.9 2
      vertex 12.961364097893238 22.723494991660118 2
    endloop
  endfacet
  facet normal 0 0 1
    outer loop
      vertex 2.9000000000000004 20.9 2
      vertex 12.194592714309692 22.939231015741825 2
      vertex 11.79892037063837 22.988815188407898 2
    endloop
  endfacet
  facet normal 0 0 1
    outer loop
      vertex 2.9000000000000004 20.9 2
      vertex 12.583361871540546 22.850496985018253 2
      vertex 12.194592714309692 22.939231015741825 2
    endloop
  endfacet
  facet normal 0 0 1
    outer loop
      vertex 2.9000000000000004 20.9 2
      vertex 12.961364097893238 22.723494991660118 2
      vertex 12.583361871540546 22.850496985018253 2
    endloop
  endfacet
  facet normal 0.024930695526006467 0.9996891819063511 0
    outer loop
      vertex 11.400277234613895 22.998756729066372 0
      vertex 11.400277234613895 22.998756729066372 2
      vertex 11.79892037063837 22.988815188407898 2
    endloop
  endfacet
  facet normal 0 0 -1
    outer loop
      vertex 12.194592714309692 22.939231015741825 0
      vertex 12.583361871540546 22.850496985018253 0
      vertex 12.5 2.5 0
    endloop
  endfacet
  facet normal 0 0 -1
    outer loop
      vertex 13.324842631816864 22.559487238526344 0
      vertex 13.670185051858425 22.36010368913412 0
      vertex 12.5 2.5 0
    endloop
  endfacet
  facet normal 0 0 -1
    outer loop
      vertex 13.993959210813046 22.12732592970133 0
      vertex 12.5 2.5 0
      vertex 13.670185051858425 22.36010368913412 0
    endloop
  endfacet
  facet normal 0 0 -1
    outer loop
      vertex 12.583361871540546 22.850496985018253 0
      vertex 12.961364097893238 22.723494991660118 0
      vertex 12.5 2.5 0
    endloop
  endfacet
  facet normal 0 0 -1
    outer loop
      vertex 12.961364097893238 22.723494991660118 0
      vertex 13.324842631816864 22.559487238526344 0
      vertex 12.5 2.5 0
    endloop
  endfacet
  facet normal 0 0 -1
    outer loop
      vertex 15.5 19 0
      vertex 12.5 2.5 0
      vertex 15.480123102664948 19.39827138930559 0
    endloop
  endfacet
  facet normal 0 0 -1
    outer loop
      vertex 15.480123102664948 19.39827138930559 0
      vertex 12.5 2.5 0
      vertex 15.420689947903156 19.79258457571268 0
    endloop
  endfacet
  facet normal 0 0 -1
    outer loop
      vertex 15.420689947903156 19.79258457571268 0
      vertex 12.5 2.5 0
      vertex 15.322291225194931 20.179020695388317 0
    endloop
  endfacet
  facet normal 1 0 0
    outer loop
      vertex 15.5 19 0
      vertex 15.5 19 2
      vertex 15.5 2.5 0
    endloop
  endfacet
  facet normal 0 0 -1
    outer loop
      vertex 14.292947269976139 21.863467395305634 0
      vertex 14.56417777389288 21.571150436997414 0
      vertex 12.5 2.5 0
    endloop
  endfacet
  facet normal 0 0 -1
    outer loop
      vertex 13.993959210813046 22.12732592970133 0
      vertex 14.292947269976139 21.863467395305634 0
      vertex 12.5 2.5 0
    endloop
  endfacet
  facet normal 0 0 -1
    outer loop
      vertex 14.80495509505272 21.253280229866505 0
      vertex 12.5 2.5 0
      vertex 14.56417777389288 21.571150436997414 0
    endloop
  endfacet
  facet normal 0 0 -1
    outer loop
      vertex 15.012886293232441 20.91301591694355 0
      vertex 15.18590484559536 20.553739182651043 0
      vertex 12.5 2.5 0
    endloop
  endfacet
  facet normal 0 0 -1
    outer loop
      vertex 15.012886293232441 20.91301591694355 0
      vertex 12.5 2.5 0
      vertex 14.80495509505272 21.253280229866505 0
    endloop
  endfacet
  facet normal 0 0 -1
    outer loop
      vertex 15.18590484559536 20.553739182651043 0
      vertex 15.322291225194931 20.179020695388317 0
      vertex 12.5 2.5 0
    endloop
  endfacet
  facet normal 0 0 1
    outer loop
      vertex 15.5 19 2
      vertex 15.480123102664948 19.39827138930559 2
      vertex 15.5 2.5 2
    endloop
  endfacet
  facet normal 0 0 1
    outer loop
      vertex 15.480123102664948 19.39827138930559 2
      vertex 15.420689947903156 19.79258457571268 2
      vertex 15.5 2.5 2
    endloop
  endfacet
  facet normal 0 0 1
    outer loop
      vertex 15.420689947903156 19.79258457571268 2
      vertex 15.322291225194931 20.179020695388317 2
      vertex 15.5 2.5 2
    endloop
  endfacet
  facet normal 0 0 1
    outer loop
      vertex 13.200000002980232 19 2
      vertex 15.5 2.5 2
      vertex 13.324842631816864 22.559487238526344 2
    endloop
  endfacet
  facet normal 0 0 1
    outer loop
      vertex 13.324842631816864 22.559487238526344 2
      vertex 15.5 2.5 2
      vertex 13.670185051858425 22.36010368913412 2
    endloop
  endfacet
  facet normal 0 0 1
    outer loop
      vertex 13.993959210813046 22.12732592970133 2
      vertex 13.670185051858425 22.36010368913412 2
      vertex 15.5 2.5 2
    endloop
  endfacet
  facet normal 0 0 1
    outer loop
      vertex 13.993959210813046 22.12732592970133 2
      vertex 15.5 2.5 2
      vertex 14.292947269976139 21.863467395305634 2
    endloop
  endfacet
  facet normal 0 0 1
    outer loop
      vertex 14.292947269976139 21.863467395305634 2
      vertex 15.5 2.5 2
      vertex 14.56417777389288 21.571150436997414 2
    endloop
  endfacet
  facet normal 0 0 1
    outer loop
      vertex 14.80495509505272 21.253280229866505 2
      vertex 14.56417777389288 21.571150436997414 2
      vertex 15.5 2.5 2
    endloop
  endfacet
  facet normal 0 0 1
    outer loop
      vertex 15.012886293232441 20.91301591694355 2
      vertex 15.5 2.5 2
      vertex 15.18590484559536 20.553739182651043 2
    endloop
  endfacet
  facet normal 0 0 1
    outer loop
      vertex 15.012886293232441 20.91301591694355 2
      vertex 14.80495509505272 21.253280229866505 2
      vertex 15.5 2.5 2
    endloop
  endfacet
  facet normal 0 0 1
    outer loop
      vertex 15.18590484559536 20.553739182651043 2
      vertex 15.5 2.5 2
      vertex 15.322291225194931 20.179020695388317 2
    endloop
  endfacet
  facet normal 0.024930695526006467 0.9996891819063511 0
    outer loop
      vertex 11.400277234613895 22.998756729066372 0
      vertex 11.79892037063837 22.988815188407898 2
      vertex 11.79892037063837 22.988815188407898 0
    endloop
  endfacet
  facet normal 0.12434369247354911 0.9922392081257642 0
    outer loop
      vertex 11.79892037063837 22.988815188407898 0
      vertex 12.194592714309692 22.939231015741825 2
      vertex 12.194592714309692 22.939231015741825 0
    endloop
  endfacet
  facet normal 0.22252095193184765 0.9749279080790253 0
    outer loop
      vertex 12.194592714309692 22.939231015741825 0
      vertex 12.583361871540546 22.850496985018253 2
      vertex 12.583361871540546 22.850496985018253 0
    endloop
  endfacet
  facet normal 0.3184866494509788 0.9479273464361545 0
    outer loop
      vertex 12.583361871540546 22.850496985018253 0
      vertex 12.961364097893238 22.723494991660118 2
      vertex 12.961364097893238 22.723494991660118 0
    endloop
  endfacet
  facet normal 0.41128708836042205 0.9115058589762363 0
    outer loop
      vertex 12.961364097893238 22.723494991660118 0
      vertex 13.324842631816864 22.559487238526344 2
      vertex 13.324842631816864 22.559487238526344 0
    endloop
  endfacet
  facet normal 0.5000000192191725 0.866025392688244 0
    outer loop
      vertex 13.324842631816864 22.559487238526344 0
      vertex 13.670185051858425 22.36010368913412 2
      vertex 13.670185051858425 22.36010368913412 0
    endloop
  endfacet
  facet normal 0.9987569213873613 0.0498458822857024 0
    outer loop
      vertex 15.5 19 0
      vertex 15.480123102664948 19.39827138930559 0
      vertex 15.5 19 2
    endloop
  endfacet
  facet normal 0.9888308244897689 0.14904227768953318 0
    outer loop
      vertex 15.480123102664948 19.39827138930559 0
      vertex 15.420689947903156 19.79258457571268 0
      vertex 15.480123102664948 19.39827138930559 2
    endloop
  endfacet
  facet normal 0.9690772887625725 0.2467573877406342 0
    outer loop
      vertex 15.420689947903156 19.79258457571268 0
      vertex 15.322291225194931 20.179020695388317 0
      vertex 15.420689947903156 19.79258457571268 2
    endloop
  endfacet
  facet normal 0.5837436584827609 0.8119380156028919 0
    outer loop
      vertex 13.993959210813046 22.12732592970133 0
      vertex 13.670185051858425 22.36010368913412 0
      vertex 13.993959210813046 22.12732592970133 2
    endloop
  endfacet
  facet normal 0.6616858469486819 0.7497811947147016 0
    outer loop
      vertex 13.993959210813046 22.12732592970133 0
      vertex 14.292947269976139 21.863467395305634 2
      vertex 14.292947269976139 21.863467395305634 0
    endloop
  endfacet
  facet normal 0.7330518671150557 0.6801727428522337 0
    outer loop
      vertex 14.292947269976139 21.863467395305634 0
      vertex 14.56417777389288 21.571150436997414 2
      vertex 14.56417777389288 21.571150436997414 0
    endloop
  endfacet
  facet normal 0.7971325121866317 0.6038044037724711 0
    outer loop
      vertex 14.80495509505272 21.253280229866505 0
      vertex 14.56417777389288 21.571150436997414 0
      vertex 14.80495509505272 21.253280229866505 2
    endloop
  endfacet
  facet normal 0.8532908761377529 0.5214352123706895 0
    outer loop
      vertex 15.012886293232441 20.91301591694355 0
      vertex 14.80495509505272 21.253280229866505 0
      vertex 15.012886293232441 20.91301591694355 2
    endloop
  endfacet
  facet normal 0.9009688718240638 0.43388373097417887 0
    outer loop
      vertex 15.012886293232441 20.91301591694355 0
      vertex 15.18590484559536 20.553739182651043 2
      vertex 15.18590484559536 20.553739182651043 0
    endloop
  endfacet
  facet normal 0.9396926175566497 0.3420201521979843 0
    outer loop
      vertex 15.18590484559536 20.553739182651043 0
      vertex 15.322291225194931 20.179020695388317 2
      vertex 15.322291225194931 20.179020695388317 0
    endloop
  endfacet
  facet normal 0.12434369247354911 0.9922392081257642 0
    outer loop
      vertex 11.79892037063837 22.988815188407898 0
      vertex 11.79892037063837 22.988815188407898 2
      vertex 12.194592714309692 22.939231015741825 2
    endloop
  endfacet
  facet normal 0.22252095193184765 0.9749279080790253 0
    outer loop
      vertex 12.194592714309692 22.939231015741825 0
      vertex 12.194592714309692 22.939231015741825 2
      vertex 12.583361871540546 22.850496985018253 2
    endloop
  endfacet
  facet normal 0.3184866494509788 0.9479273464361545 0
    outer loop
      vertex 12.583361871540546 22.850496985018253 0
      vertex 12.583361871540546 22.850496985018253 2
      vertex 12.961364097893238 22.723494991660118 2
    endloop
  endfacet
  facet normal 0.41128708836042205 0.9115058589762363 0
    outer loop
      vertex 12.961364097893238 22.723494991660118 0
      vertex 12.961364097893238 22.723494991660118 2
      vertex 13.324842631816864 22.559487238526344 2
    endloop
  endfacet
  facet normal 0.5000000192191725 0.866025392688244 0
    outer loop
      vertex 13.324842631816864 22.559487238526344 0
      vertex 13.324842631816864 22.559487238526344 2
      vertex 13.670185051858425 22.36010368913412 2
    endloop
  endfacet
  facet normal 0 0 1
    outer loop
      vertex 13.019175492227077 19.762958608567715 2
      vertex 12.9 20.9 2
      vertex 12.9 19.944156135853113 2
    endloop
  endfacet
  facet normal 0 0 1
    outer loop
      vertex 13.019175492227077 19.762958608567715 2
      vertex 12.961364097893238 22.723494991660118 2
      vertex 12.9 20.9 2
    endloop
  endfacet
  facet normal 0 0 1
    outer loop
      vertex 13.200000002980232 19 2
      vertex 13.324842631816864 22.559487238526344 2
      vertex 13.154176279902458 19.392046980559826 2
    endloop
  endfacet
  facet normal 0 0 1
    outer loop
      vertex 13.019175492227077 19.762958608567715 2
      vertex 13.154176279902458 19.392046980559826 2
      vertex 13.324842631816864 22.559487238526344 2
    endloop
  endfacet
  facet normal 0 0 1
    outer loop
      vertex 13.019175492227077 19.762958608567715 2
      vertex 13.324842631816864 22.559487238526344 2
      vertex 12.961364097893238 22.723494991660118 2
    endloop
  endfacet
  facet normal 0.9987569213873613 0.0498458822857024 0
    outer loop
      vertex 15.480123102664948 19.39827138930559 0
      vertex 15.480123102664948 19.39827138930559 2
      vertex 15.5 19 2
    endloop
  endfacet
  facet normal 0.9888308244897689 0.14904227768953318 0
    outer loop
      vertex 15.420689947903156 19.79258457571268 0
      vertex 15.420689947903156 19.79258457571268 2
      vertex 15.480123102664948 19.39827138930559 2
    endloop
  endfacet
  facet normal 0.9690772887625725 0.2467573877406342 0
    outer loop
      vertex 15.322291225194931 20.179020695388317 0
      vertex 15.322291225194931 20.179020695388317 2
      vertex 15.420689947903156 19.79258457571268 2
    endloop
  endfacet
  facet normal 0.5837436584827609 0.8119380156028919 0
    outer loop
      vertex 13.670185051858425 22.36010368913412 0
      vertex 13.670185051858425 22.36010368913412 2
      vertex 13.993959210813046 22.12732592970133 2
    endloop
  endfacet
  facet normal 0.6616858469486819 0.7497811947147016 0
    outer loop
      vertex 13.993959210813046 22.12732592970133 0
      vertex 13.993959210813046 22.12732592970133 2
      vertex 14.292947269976139 21.863467395305634 2
    endloop
  endfacet
  facet normal 0.7330518671150557 0.6801727428522337 0
    outer loop
      vertex 14.292947269976139 21.863467395305634 0
      vertex 14.292947269976139 21.863467395305634 2
      vertex 14.56417777389288 21.571150436997414 2
    endloop
  endfacet
  facet normal 0.7971325121866317 0.6038044037724711 0
    outer loop
      vertex 14.56417777389288 21.571150436997414 0
      vertex 14.56417777389288 21.571150436997414 2
      vertex 14.80495509505272 21.253280229866505 2
    endloop
  endfacet
  facet normal 0.8532908761377529 0.5214352123706895 0
    outer loop
      vertex 14.80495509505272 21.253280229866505 0
      vertex 14.80495509505272 21.253280229866505 2
      vertex 15.012886293232441 20.91301591694355 2
    endloop
  endfacet
  facet normal 0.9396926175566497 0.3420201521979843 0
    outer loop
      vertex 15.18590484559536 20.553739182651043 0
      vertex 15.18590484559536 20.553739182651043 2
      vertex 15.322291225194931 20.179020695388317 2
    endloop
  endfacet
  facet normal 0.9009688718240638 0.43388373097417887 0
    outer loop
      vertex 15.012886293232441 20.91301591694355 0
      vertex 15.012886293232441 20.91301591694355 2
      vertex 15.18590484559536 20.553739182651043 2
    endloop
  endfacet
  facet normal -1 0 0
    outer loop
      vertex -2.05 23 1.98
      vertex -2.05 22.998756729066372 1.98
      vertex -2.05 22.998756729066372 2
    endloop
  endfacet
  facet normal 0 0 -1
    outer loop
      vertex -2.05 23 1.98
      vertex 2.05 22.998756729066372 1.98
      vertex -2.05 22.998756729066372 1.98
    endloop
  endfacet
  facet normal -1 0 0
    outer loop
      vertex -2.05 21 2
      vertex -2.05 21 9.350000000000001
      vertex -2.05 22.998756729066372 2
    endloop
  endfacet
  facet normal -1 0 0
    outer loop
      vertex -2.05 23 1.98
      vertex -2.05 22.998756729066372 2
      vertex -2.05 23 9.350000000000001
    endloop
  endfacet
  facet normal 0 1 0
    outer loop
      vertex -2.05 23 1.98
      vertex -2.05 23 9.350000000000001
      vertex 2.05 23 1.98
    endloop
  endfacet
  facet normal -1 0 0
    outer loop
      vertex -2.05 22.998756729066372 2
      vertex -2.05 21 9.350000000000001
      vertex -2.05 23 9.350000000000001
    endloop
  endfacet
  facet normal 0 -1 0
    outer loop
      vertex -2.05 21 2
      vertex 2.05 21 9.350000000000001
      vertex -2.05 21 9.350000000000001
    endloop
  endfacet
  facet normal 0 0 1
    outer loop
      vertex -2.05 21 9.350000000000001
      vertex 2.05 21 9.350000000000001
      vertex -2.05 23 9.350000000000001
    endloop
  endfacet
  facet normal 0 0 -1
    outer loop
      vertex -2.05 23 1.98
      vertex 2.05 23 1.98
      vertex 2.05 22.998756729066372 1.98
    endloop
  endfacet
  facet normal 1 0 0
    outer loop
      vertex 2.05 23 1.98
      vertex 2.05 22.998756729066372 2
      vertex 2.05 22.998756729066372 1.98
    endloop
  endfacet
  facet normal 0 -1 0
    outer loop
      vertex -2.05 21 2
      vertex 2.05 21 2
      vertex 2.05 21 9.350000000000001
    endloop
  endfacet
  facet normal 1 0 0
    outer loop
      vertex 2.05 21 2
      vertex 2.05 22.998756729066372 2
      vertex 2.05 23 9.350000000000001
    endloop
  endfacet
  facet normal 1 0 0
    outer loop
      vertex 2.05 23 1.98
      vertex 2.05 23 9.350000000000001
      vertex 2.05 22.998756729066372 2
    endloop
  endfacet
  facet normal 0 1 0
    outer loop
      vertex -2.05 23 9.350000000000001
      vertex 2.05 23 9.350000000000001
      vertex 2.05 23 1.98
    endloop
  endfacet
  facet normal 1 0 0
    outer loop
      vertex 2.05 21 2
      vertex 2.05 23 9.350000000000001
      vertex 2.05 21 9.350000000000001
    endloop
  endfacet
  facet normal 0 0 1
    outer loop
      vertex -2.05 23 9.350000000000001
      vertex 2.05 21 9.350000000000001
      vertex 2.05 23 9.350000000000001
    endloop
  endfacet
  facet normal 0 1 0
    outer loop
      vertex -9.399999999999999 -17 0
      vertex -11.6 -17 0
      vertex -11.6 -17 2
    endloop
  endfacet
  facet normal 1 0 0
    outer loop
      vertex -11.6 -17 0
      vertex -11.6 -11 0
      vertex -11.6 -11 2
    endloop
  endfacet
  facet normal -1 0 0
    outer loop
      vertex -9.399999999999999 -17 0
      vertex -9.399999999999999 -17 2
      vertex -9.399999999999999 -11 0
    endloop
  endfacet
  facet normal 1 0 0
    outer loop
      vertex -11.6 -17 0
      vertex -11.6 -11 2
      vertex -11.6 -17 2
    endloop
  endfacet
  facet normal 0 1 0
    outer loop
      vertex -9.399999999999999 -17 0
      vertex -11.6 -17 2
      vertex -9.399999999999999 -17 2
    endloop
  endfacet
  facet normal -1 0 0
    outer loop
      vertex -9.399999999999999 -11 0
      vertex -9.399999999999999 -17 2
      vertex -9.399999999999999 -11 2
    endloop
  endfacet
  facet normal 0 -1 0
    outer loop
      vertex -9.399999999999999 -11 0
      vertex -9.399999999999999 -11 2
      vertex -11.6 -11 0
    endloop
  endfacet
  facet normal 0 -1 0
    outer loop
      vertex -11.6 -11 0
      vertex -9.399999999999999 -11 2
      vertex -11.6 -11 2
    endloop
  endfacet
  facet normal 0 1 0
    outer loop
      vertex -9.399999999999999 11 0
      vertex -11.6 11 0
      vertex -11.6 11 2
    endloop
  endfacet
  facet normal 0 1 0
    outer loop
      vertex -9.399999999999999 11 0
      vertex -11.6 11 2
      vertex -9.399999999999999 11 2
    endloop
  endfacet
  facet normal 1 0 0
    outer loop
      vertex -11.6 11 0
      vertex -11.6 17 0
      vertex -11.6 17 2
    endloop
  endfacet
  facet normal 0 -1 0
    outer loop
      vertex -11.6 17 0
      vertex -9.399999999999999 17 0
      vertex -9.399999999999999 17 2
    endloop
  endfacet
  facet normal -1 0 0
    outer loop
      vertex -9.399999999999999 11 0
      vertex -9.399999999999999 11 2
      vertex -9.399999999999999 17 0
    endloop
  endfacet
  facet normal 1 0 0
    outer loop
      vertex -11.6 11 0
      vertex -11.6 17 2
      vertex -11.6 11 2
    endloop
  endfacet
  facet normal 0 -1 0
    outer loop
      vertex -11.6 17 0
      vertex -9.399999999999999 17 2
      vertex -11.6 17 2
    endloop
  endfacet
  facet normal -1 0 0
    outer loop
      vertex -9.399999999999999 17 0
      vertex -9.399999999999999 11 2
      vertex -9.399999999999999 17 2
    endloop
  endfacet
  facet normal 1 0 0
    outer loop
      vertex 9.4 -11 2
      vertex 9.4 -17 0
      vertex 9.4 -11 0
    endloop
  endfacet
  facet normal 0 1 0
    outer loop
      vertex 9.4 -17 2
      vertex 11.600000000000001 -17 0
      vertex 9.4 -17 0
    endloop
  endfacet
  facet normal -1 0 0
    outer loop
      vertex 11.600000000000001 -17 0
      vertex 11.600000000000001 -17 2
      vertex 11.600000000000001 -11 0
    endloop
  endfacet
  facet normal 1 0 0
    outer loop
      vertex 9.4 -11 2
      vertex 9.4 -17 2
      vertex 9.4 -17 0
    endloop
  endfacet
  facet normal 0 1 0
    outer loop
      vertex 11.600000000000001 -17 0
      vertex 9.4 -17 2
      vertex 11.600000000000001 -17 2
    endloop
  endfacet
  facet normal -1 0 0
    outer loop
      vertex 11.600000000000001 -11 0
      vertex 11.600000000000001 -17 2
      vertex 11.600000000000001 -11 2
    endloop
  endfacet
  facet normal 0 -1 0
    outer loop
      vertex 11.600000000000001 -11 0
      vertex 11.600000000000001 -11 2
      vertex 9.4 -11 0
    endloop
  endfacet
  facet normal 0 -1 0
    outer loop
      vertex 9.4 -11 2
      vertex 9.4 -11 0
      vertex 11.600000000000001 -11 2
    endloop
  endfacet
  facet normal 0 1 0
    outer loop
      vertex 11.600000000000001 11 0
      vertex 9.4 11 0
      vertex 9.4 11 2
    endloop
  endfacet
  facet normal 0 1 0
    outer loop
      vertex 11.600000000000001 11 2
      vertex 11.600000000000001 11 0
      vertex 9.4 11 2
    endloop
  endfacet
  facet normal 1 0 0
    outer loop
      vertex 9.4 11 0
      vertex 9.4 17 0
      vertex 9.4 17 2
    endloop
  endfacet
  facet normal -1 0 0
    outer loop
      vertex 11.600000000000001 11 0
      vertex 11.600000000000001 11 2
      vertex 11.600000000000001 17 0
    endloop
  endfacet
  facet normal 0 -1 0
    outer loop
      vertex 11.600000000000001 17 2
      vertex 9.4 17 0
      vertex 11.600000000000001 17 0
    endloop
  endfacet
  facet normal 1 0 0
    outer loop
      vertex 9.4 11 0
      vertex 9.4 17 2
      vertex 9.4 11 2
    endloop
  endfacet
  facet normal 0 -1 0
    outer loop
      vertex 9.4 17 0
      vertex 11.600000000000001 17 2
      vertex 9.4 17 2
    endloop
  endfacet
  facet normal -1 0 0
    outer loop
      vertex 11.600000000000001 11 2
      vertex 11.600000000000001 17 2
      vertex 11.600000000000001 17 0
    endloop
  endfacet
  facet normal 0 1 0
    outer loop
      vertex -15.49502768367529 -2.5 2
      vertex -12.5 -2.5 0
      vertex -15.49502768367529 -2.5 0
    endloop
  endfacet
  facet normal -1 0 0
    outer loop
      vertex -12.5 -2.5 2.02
      vertex -12.5 2.5 0
      vertex -12.5 -2.5 0
    endloop
  endfacet
  facet normal 0 1 0
    outer loop
      vertex -15.49502768367529 -2.5 2
      vertex -13.188505209982395 -2.5 2
      vertex -12.5 -2.5 0
    endloop
  endfacet
  facet normal 0 1 0
    outer loop
      vertex -12.5 -2.5 2.02
      vertex -12.5 -2.5 0
      vertex -13.188505209982395 -2.5 2
    endloop
  endfacet
  facet normal 0 1 0
    outer loop
      vertex -12.5 -2.5 2.02
      vertex -13.188505209982395 -2.5 2
      vertex -13.188505209982395 -2.5 2.02
    endloop
  endfacet
  facet normal 0 0 -1
    outer loop
      vertex -12.5 -2.5 2.02
      vertex -13.188505209982395 -2.5 2.02
      vertex -12.5 2.5 2.02
    endloop
  endfacet
  facet normal 0 -1 0
    outer loop
      vertex -12.5 2.5 2.02
      vertex -15.49502768367529 2.5 0
      vertex -12.5 2.5 0
    endloop
  endfacet
  facet normal 0 -1 0
    outer loop
      vertex -15.49502768367529 2.5 0
      vertex -13.188505209982395 2.5 2
      vertex -15.49502768367529 2.5 2
    endloop
  endfacet
  facet normal 0 -1 0
    outer loop
      vertex -12.5 2.5 2.02
      vertex -13.188505209982395 2.5 2
      vertex -15.49502768367529 2.5 0
    endloop
  endfacet
  facet normal -1 0 0
    outer loop
      vertex -12.5 -2.5 2.02
      vertex -12.5 2.5 2.02
      vertex -12.5 2.5 0
    endloop
  endfacet
  facet normal 0 0 -1
    outer loop
      vertex -12.5 2.5 2.02
      vertex -13.188505209982395 -2.5 2.02
      vertex -13.188505209982395 2.5 2.02
    endloop
  endfacet
  facet normal 0 -1 0
    outer loop
      vertex -12.5 2.5 2.02
      vertex -13.188505209982395 2.5 2.02
      vertex -13.188505209982395 2.5 2
    endloop
  endfacet
  facet normal 0 1 0
    outer loop
      vertex 12.5 -2.5 2.02
      vertex 15.5 -2.5 0
      vertex 12.5 -2.5 0
    endloop
  endfacet
  facet normal 1 0 0
    outer loop
      vertex 12.5 -2.5 2.02
      vertex 12.5 -2.5 0
      vertex 12.5 2.5 2.02
    endloop
  endfacet
  facet normal 0 1 0
    outer loop
      vertex 12.5 -2.5 2.02
      vertex 13.200000002980232 -2.5 2.02
      vertex 13.200000002980232 -2.5 2
    endloop
  endfacet
  facet normal 0 0 -1
    outer loop
      vertex 12.5 -2.5 2.02
      vertex 13.200000002980232 2.5 2.02
      vertex 13.200000002980232 -2.5 2.02
    endloop
  endfacet
  facet normal 0 1 0
    outer loop
      vertex 12.5 -2.5 2.02
      vertex 13.200000002980232 -2.5 2
      vertex 15.5 -2.5 0
    endloop
  endfacet
  facet normal 0 1 0
    outer loop
      vertex 15.5 -2.5 0
      vertex 13.200000002980232 -2.5 2
      vertex 15.5 -2.5 2
    endloop
  endfacet
  facet normal 1 0 0
    outer loop
      vertex 12.5 2.5 2.02
      vertex 12.5 -2.5 0
      vertex 12.5 2.5 0
    endloop
  endfacet
  facet normal 0 -1 0
    outer loop
      vertex 15.5 2.5 0
      vertex 15.5 2.5 2
      vertex 12.5 2.5 0
    endloop
  endfacet
  facet normal 0 -1 0
    outer loop
      vertex 12.5 2.5 2.02
      vertex 12.5 2.5 0
      vertex 13.200000002980232 2.5 2
    endloop
  endfacet
  facet normal 0 0 -1
    outer loop
      vertex 12.5 -2.5 2.02
      vertex 12.5 2.5 2.02
      vertex 13.200000002980232 2.5 2.02
    endloop
  endfacet
  facet normal 0 -1 0
    outer loop
      vertex 12.5 2.5 2.02
      vertex 13.200000002980232 2.5 2
      vertex 13.200000002980232 2.5 2.02
    endloop
  endfacet
  facet normal 0 -1 0
    outer loop
      vertex 13.200000002980232 2.5 2
      vertex 12.5 2.5 0
      vertex 15.5 2.5 2
    endloop
  endfacet
  facet normal 0.8314696123025458 0.5555702330196015 0
    outer loop
      vertex -0.7071067811865476 -6.207106781186548 0
      vertex -0.9238795325112867 -5.88268343236509 0
      vertex -0.9238795325112867 -5.88268343236509 2
    endloop
  endfacet
  facet normal 0.5555702330196018 0.8314696123025455 0
    outer loop
      vertex -0.7071067811865476 -6.207106781186548 0
      vertex -0.7071067811865476 -6.207106781186548 2
      vertex -0.3826834323650898 -6.423879532511287 0
    endloop
  endfacet
  facet normal 0.19509032201612778 0.9807852804032305 0
    outer loop
      vertex -0.3826834323650898 -6.423879532511287 0
      vertex -0.3826834323650898 -6.423879532511287 2
      vertex 0 -6.5 0
    endloop
  endfacet
  facet normal 0.9807852804032304 0.1950903220161284 0
    outer loop
      vertex -0.9238795325112867 -5.88268343236509 0
      vertex -1 -5.5 2
      vertex -0.9238795325112867 -5.88268343236509 2
    endloop
  endfacet
  facet normal 0.8314696123025458 0.5555702330196015 0
    outer loop
      vertex -0.7071067811865476 -6.207106781186548 0
      vertex -0.9238795325112867 -5.88268343236509 2
      vertex -0.7071067811865476 -6.207106781186548 2
    endloop
  endfacet
  facet normal 0.5555702330196018 0.8314696123025455 0
    outer loop
      vertex -0.3826834323650898 -6.423879532511287 0
      vertex -0.7071067811865476 -6.207106781186548 2
      vertex -0.3826834323650898 -6.423879532511287 2
    endloop
  endfacet
  facet normal 0.19509032201612778 0.9807852804032305 0
    outer loop
      vertex 0 -6.5 0
      vertex -0.3826834323650898 -6.423879532511287 2
      vertex 0 -6.5 2
    endloop
  endfacet
  facet normal 0.9807852804032304 0.1950903220161284 0
    outer loop
      vertex -0.9238795325112867 -5.88268343236509 0
      vertex -1 -5.5 0
      vertex -1 -5.5 2
    endloop
  endfacet
  facet normal 0.9807852804032304 -0.1950903220161284 0
    outer loop
      vertex -1 -5.5 0
      vertex -0.9238795325112867 -5.11731656763491 0
      vertex -0.9238795325112867 -5.11731656763491 2
    endloop
  endfacet
  facet normal 0.8314696123025458 -0.5555702330196015 0
    outer loop
      vertex -0.9238795325112867 -5.11731656763491 0
      vertex -0.7071067811865476 -4.792893218813452 0
      vertex -0.7071067811865476 -4.792893218813452 2
    endloop
  endfacet
  facet normal 0.5555702330196018 -0.8314696123025455 0
    outer loop
      vertex -0.3826834323650898 -4.576120467488713 0
      vertex -0.3826834323650898 -4.576120467488713 2
      vertex -0.7071067811865476 -4.792893218813452 0
    endloop
  endfacet
  facet normal 0.19509032201612778 -0.9807852804032305 0
    outer loop
      vertex -0.3826834323650898 -4.576120467488713 0
      vertex 0 -4.5 0
      vertex 0 -4.5 2
    endloop
  endfacet
  facet normal 0.9807852804032304 -0.1950903220161284 0
    outer loop
      vertex -1 -5.5 0
      vertex -0.9238795325112867 -5.11731656763491 2
      vertex -1 -5.5 2
    endloop
  endfacet
  facet normal 0.8314696123025458 -0.5555702330196015 0
    outer loop
      vertex -0.9238795325112867 -5.11731656763491 0
      vertex -0.7071067811865476 -4.792893218813452 2
      vertex -0.9238795325112867 -5.11731656763491 2
    endloop
  endfacet
  facet normal 0.5555702330196018 -0.8314696123025455 0
    outer loop
      vertex -0.7071067811865476 -4.792893218813452 0
      vertex -0.3826834323650898 -4.576120467488713 2
      vertex -0.7071067811865476 -4.792893218813452 2
    endloop
  endfacet
  facet normal 0.19509032201612778 -0.9807852804032305 0
    outer loop
      vertex -0.3826834323650898 -4.576120467488713 0
      vertex 0 -4.5 2
      vertex -0.3826834323650898 -4.576120467488713 2
    endloop
  endfacet
  facet normal -0.19509032201612778 0.9807852804032305 0
    outer loop
      vertex 0 -6.5 0
      vertex 0 -6.5 2
      vertex 0.3826834323650898 -6.423879532511287 0
    endloop
  endfacet
  facet normal -0.5555702330196018 0.8314696123025455 0
    outer loop
      vertex 0.3826834323650898 -6.423879532511287 0
      vertex 0.3826834323650898 -6.423879532511287 2
      vertex 0.7071067811865476 -6.207106781186548 0
    endloop
  endfacet
  facet normal -0.8314696123025458 0.5555702330196015 0
    outer loop
      vertex 0.7071067811865476 -6.207106781186548 0
      vertex 0.7071067811865476 -6.207106781186548 2
      vertex 0.9238795325112867 -5.88268343236509 0
    endloop
  endfacet
  facet normal -0.9807852804032304 0.1950903220161284 0
    outer loop
      vertex 1 -5.5 0
      vertex 0.9238795325112867 -5.88268343236509 0
      vertex 0.9238795325112867 -5.88268343236509 2
    endloop
  endfacet
  facet normal -0.19509032201612778 0.9807852804032305 0
    outer loop
      vertex 0.3826834323650898 -6.423879532511287 0
      vertex 0 -6.5 2
      vertex 0.3826834323650898 -6.423879532511287 2
    endloop
  endfacet
  facet normal -0.5555702330196018 0.8314696123025455 0
    outer loop
      vertex 0.7071067811865476 -6.207106781186548 0
      vertex 0.3826834323650898 -6.423879532511287 2
      vertex 0.7071067811865476 -6.207106781186548 2
    endloop
  endfacet
  facet normal -0.8314696123025458 0.5555702330196015 0
    outer loop
      vertex 0.7071067811865476 -6.207106781186548 2
      vertex 0.9238795325112867 -5.88268343236509 2
      vertex 0.9238795325112867 -5.88268343236509 0
    endloop
  endfacet
  facet normal -0.19509032201612778 -0.9807852804032305 0
    outer loop
      vertex 0.3826834323650898 -4.576120467488713 0
      vertex 0.3826834323650898 -4.576120467488713 2
      vertex 0 -4.5 0
    endloop
  endfacet
  facet normal -0.5555702330196018 -0.8314696123025455 0
    outer loop
      vertex 0.7071067811865476 -4.792893218813452 0
      vertex 0.7071067811865476 -4.792893218813452 2
      vertex 0.3826834323650898 -4.576120467488713 0
    endloop
  endfacet
  facet normal -0.8314696123025458 -0.5555702330196015 0
    outer loop
      vertex 0.7071067811865476 -4.792893218813452 0
      vertex 0.9238795325112867 -5.11731656763491 0
      vertex 0.9238795325112867 -5.11731656763491 2
    endloop
  endfacet
  facet normal -0.9807852804032304 -0.1950903220161284 0
    outer loop
      vertex 0.9238795325112867 -5.11731656763491 0
      vertex 1 -5.5 0
      vertex 1 -5.5 2
    endloop
  endfacet
  facet normal -0.19509032201612778 -0.9807852804032305 0
    outer loop
      vertex 0 -4.5 0
      vertex 0.3826834323650898 -4.576120467488713 2
      vertex 0 -4.5 2
    endloop
  endfacet
  facet normal -0.9807852804032304 -0.1950903220161284 0
    outer loop
      vertex 0.9238795325112867 -5.11731656763491 0
      vertex 1 -5.5 2
      vertex 0.9238795325112867 -5.11731656763491 2
    endloop
  endfacet
  facet normal -0.5555702330196018 -0.8314696123025455 0
    outer loop
      vertex 0.3826834323650898 -4.576120467488713 0
      vertex 0.7071067811865476 -4.792893218813452 2
      vertex 0.3826834323650898 -4.576120467488713 2
    endloop
  endfacet
  facet normal -0.8314696123025458 -0.5555702330196015 0
    outer loop
      vertex 0.9238795325112867 -5.11731656763491 2
      vertex 0.7071067811865476 -4.792893218813452 2
      vertex 0.7071067811865476 -4.792893218813452 0
    endloop
  endfacet
  facet normal -0.9807852804032304 0.1950903220161284 0
    outer loop
      vertex 1 -5.5 0
      vertex 0.9238795325112867 -5.88268343236509 2
      vertex 1 -5.5 2
    endloop
  endfacet
endsolid OpenSCAD_Model
