solid OpenSCAD_Model
  facet normal -0.8038616082323335 -0.5628699577616658 0.1923120522991392
    outer loop
      vertex -1.823882659621092 -1.2302243876356433 16
      vertex -4.293750333468395 -2.8961711691194423 0.8
      vertex -4.190059780611935 -3.044256625499383 0.8
    endloop
  endfacet
  facet normal -0.8411672651865839 -0.50542428366573 0.192312052299139
    outer loop
      vertex -1.905255888325765 -1.1 16
      vertex -4.485317661576375 -2.5895993593121034 0.8
      vertex -4.392209612945059 -2.7445571742908967 0.8
    endloop
  endfacet
  facet normal -0.8230157956950587 -0.5344727070458533 0.19231205229913922
    outer loop
      vertex -1.8657058115441372 -1.1658223813130508 16
      vertex -4.392209612945059 -2.7445571742908967 0.8
      vertex -4.293750333468395 -2.8961711691194423 0.8
    endloop
  endfacet
  facet normal -0.8582939019373647 -0.47576007865060166 0.19231205229913903
    outer loop
      vertex -1.9424847042896396 -1.0328374381289598 16
      vertex -4.572961041547282 -2.43148651641119 0.8
      vertex -4.485317661576375 -2.5895993593121034 0.8
    endloop
  endfacet
  facet normal -0.8893904865648411 -0.41472959497538675 0.19231205229913922
    outer loop
      vertex -2.0098000068137223 -0.8948206147667606 16
      vertex -4.731433463627523 -2.1065699006356953 0.8
      vertex -4.655032972899711 -2.2704112817318136 0.8
    endloop
  endfacet
  facet normal -0.8743748397786817 -0.44551623326484724 0.19231205229913917
    outer loop
      vertex -1.9773469018581677 -0.9644165229359705 16
      vertex -4.655032972899711 -2.2704112817318136 0.8
      vertex -4.572961041547282 -2.43148651641119 0.8
    endloop
  endfacet
  facet normal -0.9033225480432231 -0.3834376725586471 0.19231205229913934
    outer loop
      vertex -2.0398044800469326 -0.8241345055150064 16
      vertex -4.8020694315013595 -1.940161988607871 0.8
      vertex -4.731433463627523 -2.1065699006356953 0.8
    endloop
  endfacet
  facet normal -0.9278693596553704 -0.31949104205474405 0.19231205229913936
    outer loop
      vertex -2.0923243358493377 -0.6798373876248843 16
      vertex -4.925710690535062 -1.6004604212998317 0.8
      vertex -4.866854817475 -1.771390288055971 0.8
    endloop
  endfacet
  facet normal -0.9161540501429932 -0.35167859040192245 0.19231205229913914
    outer loop
      vertex -2.067323765728999 -0.7524443153164713 16
      vertex -4.866854817475 -1.771390288055971 0.8
      vertex -4.8020694315013595 -1.940161988607871 0.8
    endloop
  endfacet
  facet normal -0.9561823018723684 -0.2207520784195523 0.19231205229913917
    outer loop
      vertex -2.151924721614373 -0.4574057197990706 16
      vertex -5.066020800345869 -1.0768159626703313 0.8
      vertex -5.025354382215185 -1.2529615716969384 0.8
    endloop
  endfacet
  facet normal -0.938454203280327 -0.2869142430866403 0.19231205229913917
    outer loop
      vertex -2.114775731064302 -0.6064021827973982 16
      vertex -4.978565343866274 -1.4275806400523663 0.8
      vertex -4.925710690535062 -1.6004604212998317 0.8
    endloop
  endfacet
  facet normal -0.9478956850163768 -0.25398788330908034 0.192312052299139
    outer loop
      vertex -2.1346505978071924 -0.5322281703192691 16
      vertex -5.025354382215185 -1.2529615716969384 0.8
      vertex -4.978565343866274 -1.4275806400523663 0.8
    endloop
  endfacet
  facet normal -0.9633039578821232 -0.18724732112671158 0.19231205229913914
    outer loop
      vertex -2.1665770566268576 -0.38202599086724676 16
      vertex -5.100515052492012 -0.8993584192639941 0.8
      vertex -5.066020800345869 -1.0768159626703313 0.8
    endloop
  endfacet
  facet normal -0.9692519764047958 -0.1535144318163291 0.19231205229913914
    outer loop
      vertex -2.178589751231455 -0.306180822112144 16
      vertex -5.12879511272081 -0.7208051461593282 0.8
      vertex -5.100515052492012 -0.8993584192639941 0.8
    endloop
  endfacet
  facet normal -0.9740191106960432 -0.11959450881784765 0.19231205229913914
    outer loop
      vertex -2.1879481698102015 -0.22996261918883765 16
      vertex -5.150826526135079 -0.5413736830155883 0.8
      vertex -5.12879511272081 -0.7208051461593282 0.8
    endloop
  endfacet
  facet normal -0.9775995527370481 -0.08552887833250514 0.19231205229913917
    outer loop
      vertex -2.1946409105716134 -0.15346424223707567 16
      vertex -5.166582450851256 -0.3612826394313169 0.8
      vertex -5.150826526135079 -0.5413736830155883 0.8
    endloop
  endfacet
  facet normal -0.9799889403107103 -0.05135904408363011 0.19231205229913917
    outer loop
      vertex -2.198659819442011 -0.07677889274550213 16
      vertex -5.176043690702088 -0.18075142860222276 0.8
      vertex -5.166582450851256 -0.3612826394313169 0.8
    endloop
  endfacet
  facet normal -0.9811843623163284 -0.017126636750775807 0.19231205229913914
    outer loop
      vertex -2.2 0 16
      vertex -5.179198718624207 0 0.8
      vertex -5.176043690702088 -0.18075142860222276 0.8
    endloop
  endfacet
  facet normal -0.5628699577616578 -0.8038616082323392 0.19231205229913925
    outer loop
      vertex -2.0199993550777435 -2.7983675450086594 9.61510849137455
      vertex -3.044256625499383 -4.190059780611936 0.8
      vertex -2.896171169119442 -4.293750333468394 0.8
    endloop
  endfacet
  facet normal -0.5905814381374086 -0.7837280392253702 0.19231205229913903
    outer loop
      vertex -2.0364357989497592 -2.606518960364171 10.348364719015812
      vertex -3.188633124112938 -4.081264285342029 0.8
      vertex -3.044256625499383 -4.190059780611936 0.8
    endloop
  endfacet
  facet normal -0.4147295949753825 -0.8893904865648431 0.1923120522991392
    outer loop
      vertex -1.742918155244662 -3.5735117892564308 6.939301454775659
      vertex -2.270411281731814 -4.655032972899712 0.8
      vertex -2.1065699006356957 -4.731433463627523 0.8
    endloop
  endfacet
  facet normal -0.3516785904019276 -0.9161540501429912 0.19231205229913892
    outer loop
      vertex -1.5588340312242508 -3.865338332951069 5.959816332372952
      vertex -1.9401619886078707 -4.802069431501358 0.8
      vertex -1.771390288055971 -4.866854817474999 0.8
    endloop
  endfacet
  facet normal -0.38343767255863787 -0.9033225480432269 0.19231205229913903
    outer loop
      vertex -1.656212046742003 -3.719913162365707 6.449220890008881
      vertex -2.1065699006356957 -4.731433463627523 0.8
      vertex -1.9401619886078707 -4.802069431501358 0.8
    endloop
  endfacet
  facet normal -0.44551623326484424 -0.8743748397786832 0.19231205229913936
    outer loop
      vertex -1.8046530485153198 -3.4614633545279503 7.305729009417959
      vertex -2.43148651641119 -4.572961041547284 0.8
      vertex -2.270411281731814 -4.655032972899712 0.8
    endloop
  endfacet
  facet normal -0.5344727070458585 -0.8230157956950555 0.19231205229913892
    outer loop
      vertex -1.9758393540978432 -3.012267544865608 8.841996302347127
      vertex -2.896171169119442 -4.293750333468394 0.8
      vertex -2.7445571742908967 -4.392209612945059 0.8
    endloop
  endfacet
  facet normal -0.5054242836657303 -0.8411672651865839 0.19231205229913914
    outer loop
      vertex -1.9443782112752046 -3.111655589018785 8.504093361302893
      vertex -2.7445571742908967 -4.392209612945059 0.8
      vertex -2.5895993593121034 -4.485317661576375 0.8
    endloop
  endfacet
  facet normal -0.4757600786506091 -0.8582939019373605 0.19231205229913917
    outer loop
      vertex -1.8890687769337446 -3.2719631006412437 7.948274323284032
      vertex -2.5895993593121034 -4.485317661576375 0.8
      vertex -2.43148651641119 -4.572961041547284 0.8
    endloop
  endfacet
  facet normal -0.017126636750786437 -0.9811843623163282 0.192312052299139
    outer loop
      vertex -0.17801710183506647 -5.097742816839545 1.1997379357761275
      vertex -0.1807514286022227 -5.176043690702087 0.8
      vertex -0.08330528518879805 -5.177744619462373 0.8
    endloop
  endfacet
  facet normal -0.22075207841955255 -0.9561823018723684 0.1923120522991391
    outer loop
      vertex -1.0880201011896133 -4.3877066522836685 4.159740790538947
      vertex -1.2529615716969382 -5.025354382215185 0.8
      vertex -1.0768159626703315 -5.066020800345869 0.8
    endloop
  endfacet
  facet normal -0.1872473211267175 -0.9633039578821222 0.1923120522991388
    outer loop
      vertex -0.9100411087274551 -4.5392700880765915 3.6009122888484555
      vertex -1.0768159626703315 -5.066020800345869 0.8
      vertex -0.8993584192639943 -5.100515052492013 0.8
    endloop
  endfacet
  facet normal -0.11959450881784774 -0.9740191106960433 0.19231205229913903
    outer loop
      vertex -0.6645736589148368 -4.728687290936721 2.8614290010129864
      vertex -0.7208051461593283 -5.12879511272081 0.8
      vertex -0.5413736830155884 -5.150826526135079 0.8
    endloop
  endfacet
  facet normal -0.0855288783325057 -0.9775995527370481 0.19231205229913886
    outer loop
      vertex -0.5091772864971224 -4.84449827554573 2.3715087995490975
      vertex -0.5413736830155884 -5.150826526135079 0.8
      vertex -0.3612826394313169 -5.166582450851256 0.8
    endloop
  endfacet
  facet normal -0.15351443181632482 -0.9692519764047965 0.19231205229913917
    outer loop
      vertex -0.7285215929150581 -4.680938750505447 3.051034571717757
      vertex -0.8993584192639943 -5.100515052492013 0.8
      vertex -0.7208051461593283 -5.12879511272081 0.8
    endloop
  endfacet
  facet normal -0.11959450882232801 -0.9740191106955166 0.19231205229902054
    outer loop
      vertex -0.546909287571907 -4.816442139446735 2.4901424073999863
      vertex -0.5413736830155884 -5.150826526135079 0.8
      vertex -0.5466771349310875 -4.816615015268326 2.489411199078539
    endloop
  endfacet
  facet normal -0.11959450881784307 -0.974019110696044 0.19231205229913892
    outer loop
      vertex -0.5091772864971224 -4.84449827554573 2.3715087995490975
      vertex -0.5466771349310875 -4.816615015268326 2.489411199078539
      vertex -0.5413736830155884 -5.150826526135079 0.8
    endloop
  endfacet
  facet normal -0.05135904408362158 -0.9799889403107108 0.19231205229913917
    outer loop
      vertex -0.34722592106175326 -4.9655620127835345 1.8281193681696237
      vertex -0.3612826394313169 -5.166582450851256 0.8
      vertex -0.1807514286022227 -5.176043690702087 0.8
    endloop
  endfacet
  facet normal -0.05135904408364007 -0.9799889403107103 0.19231205229913612
    outer loop
      vertex -0.34722592106175326 -4.9655620127835345 1.8281193681696237
      vertex -0.1807514286022227 -5.176043690702087 0.8
      vertex -0.1988503634929657 -5.080145239830017 1.2838483919245007
    endloop
  endfacet
  facet normal -0.051359044083575126 -0.9799889403107132 0.19231205229913914
    outer loop
      vertex -0.17801710183506647 -5.097742816839545 1.1997379357761275
      vertex -0.1988503634929657 -5.080145239830017 1.2838483919245007
      vertex -0.1807514286022227 -5.176043690702087 0.8
    endloop
  endfacet
  facet normal -0.08552887833248028 -0.9775995527370502 0.1923120522991393
    outer loop
      vertex -0.34722592106175326 -4.9655620127835345 1.8281193681696237
      vertex -0.36965958774089813 -4.948237583041191 1.9062092655007987
      vertex -0.3612826394313169 -5.166582450851256 0.8
    endloop
  endfacet
  facet normal -0.08552887833250798 -0.9775995527370479 0.1923120522991386
    outer loop
      vertex -0.36965958774089813 -4.948237583041191 1.9062092655007987
      vertex -0.5091772864971224 -4.84449827554573 2.3715087995490975
      vertex -0.3612826394313169 -5.166582450851256 0.8
    endloop
  endfacet
  facet normal -0.2539878833090836 -0.9478956850163759 0.19231205229913917
    outer loop
      vertex -1.221400646097434 -4.25953025491681 4.616388362879221
      vertex -1.4275806400523665 -4.978565343866273 0.8
      vertex -1.2529615716969382 -5.025354382215185 0.8
    endloop
  endfacet
  facet normal -0.31949104205474305 -0.9278693596553708 0.192312052299139
    outer loop
      vertex -1.41404889523983 -4.050731249153614 5.331299085419012
      vertex -1.771390288055971 -4.866854817474999 0.8
      vertex -1.6004604212998315 -4.925710690535061 0.8
    endloop
  endfacet
  facet normal -0.28691424308664193 -0.9384542032803265 0.19231205229913909
    outer loop
      vertex -1.342159814520404 -4.1307431654076385 5.064687151455246
      vertex -1.6004604212998315 -4.925710690535061 0.8
      vertex -1.4275806400523665 -4.978565343866273 0.8
    endloop
  endfacet
  facet normal -0.1872473211267293 -0.9633039578821198 0.19231205229913906
    outer loop
      vertex -0.9100411087274551 -4.5392700880765915 3.6009122888484555
      vertex -0.9564744836679387 -4.499858654812043 3.753116293907574
      vertex -1.0768159626703315 -5.066020800345869 0.8
    endloop
  endfacet
  facet normal -0.187247321126709 -0.9633039578821235 0.19231205229913917
    outer loop
      vertex -0.8136755826524775 -4.614583538963843 3.317489809272594
      vertex -0.9035515934228897 -4.544548749923706 3.580789725300349
      vertex -0.8993584192639943 -5.100515052492013 0.8
    endloop
  endfacet
  facet normal -0.18724732112669956 -0.9633039578821254 0.19231205229913953
    outer loop
      vertex -0.9035515934228897 -4.544548749923706 3.580789725300349
      vertex -0.9100411087274551 -4.5392700880765915 3.6009122888484555
      vertex -0.8993584192639943 -5.100515052492013 0.8
    endloop
  endfacet
  facet normal -0.22075207841955075 -0.9561823018723687 0.19231205229913903
    outer loop
      vertex -0.9564744836679387 -4.499858654812043 3.753116293907574
      vertex -1.0788611099123955 -4.395980089902878 4.129118433822065
      vertex -1.0768159626703315 -5.066020800345869 0.8
    endloop
  endfacet
  facet normal -0.28691424308663266 -0.9384542032803294 0.19231205229913917
    outer loop
      vertex -1.221400646097434 -4.25953025491681 4.616388362879221
      vertex -1.2471800968050957 -4.234756648540497 4.69881899194155
      vertex -1.4275806400523665 -4.978565343866273 0.8
    endloop
  endfacet
  facet normal -0.2869142430866664 -0.9384542032803191 0.19231205229913878
    outer loop
      vertex -1.2567389756441116 -4.2249183133244514 4.732567519256051
      vertex -1.4275806400523665 -4.978565343866273 0.8
      vertex -1.2471800968050957 -4.234756648540497 4.69881899194155
    endloop
  endfacet
  facet normal -0.31949104205474826 -0.927869359655369 0.19231205229913906
    outer loop
      vertex -1.41404889523983 -4.050731249153614 5.331299085419012
      vertex -1.455242522176009 -3.998245969508777 5.516095033435072
      vertex -1.771390288055971 -4.866854817474999 0.8
    endloop
  endfacet
  facet normal -0.3194910420547261 -0.9278693596553765 0.19231205229913917
    outer loop
      vertex -1.342159814520404 -4.1307431654076385 5.064687151455246
      vertex -1.4048589766025543 -4.061618313193321 5.2940384126137445
      vertex -1.6004604212998315 -4.925710690535061 0.8
    endloop
  endfacet
  facet normal -0.2869142430866398 -0.9384542032803271 0.19231205229913914
    outer loop
      vertex -1.342159814520404 -4.1307431654076385 5.064687151455246
      vertex -1.4275806400523665 -4.978565343866273 0.8
      vertex -1.2567389756441116 -4.2249183133244514 4.732567519256051
    endloop
  endfacet
  facet normal -0.31949104205482004 -0.9278693596553446 0.1923120522991371
    outer loop
      vertex -1.4048589766025543 -4.061618313193321 5.2940384126137445
      vertex -1.41404889523983 -4.050731249153614 5.331299085419012
      vertex -1.6004604212998315 -4.925710690535061 0.8
    endloop
  endfacet
  facet normal -0.2539878833090813 -0.9478956850163766 0.19231205229913925
    outer loop
      vertex -1.0928265193637232 -4.383087767526361 4.1771888340573895
      vertex -1.221400646097434 -4.25953025491681 4.616388362879221
      vertex -1.2529615716969382 -5.025354382215185 0.8
    endloop
  endfacet
  facet normal -0.2207520784196607 -0.9561823018723432 0.19231205229913959
    outer loop
      vertex -1.0880201011896133 -4.3877066522836685 4.159740790538947
      vertex -1.0928265193637232 -4.383087767526361 4.1771888340573895
      vertex -1.2529615716969382 -5.025354382215185 0.8
    endloop
  endfacet
  facet normal -0.2207520784196074 -0.9561823018723562 0.19231205229913645
    outer loop
      vertex -1.0880201011896133 -4.3877066522836685 4.159740790538947
      vertex -1.0768159626703315 -5.066020800345869 0.8
      vertex -1.0788611099123955 -4.395980089902878 4.129118433822065
    endloop
  endfacet
  facet normal -0.15351443181634336 -0.9692519764047934 0.19231205229913895
    outer loop
      vertex -0.7251592874526978 -4.68350213766098 3.040799094374492
      vertex -0.7208051461593283 -5.12879511272081 0.8
      vertex -0.6645736589148368 -4.728687290936721 2.8614290010129864
    endloop
  endfacet
  facet normal -0.15351443181632493 -0.9692519764047964 0.19231205229913914
    outer loop
      vertex -0.7285215929150581 -4.680938750505447 3.051034571717757
      vertex -0.8136755826524775 -4.614583538963843 3.317489809272594
      vertex -0.8993584192639943 -5.100515052492013 0.8
    endloop
  endfacet
  facet normal -0.1535144318160414 -0.9692519764048395 0.19231205229914866
    outer loop
      vertex -0.7251592874526978 -4.68350213766098 3.040799094374492
      vertex -0.7285215929150581 -4.680938750505447 3.051034571717757
      vertex -0.7208051461593283 -5.12879511272081 0.8
    endloop
  endfacet
  facet normal -0.11959450881784178 -0.9740191106960439 0.19231205229913953
    outer loop
      vertex -0.546909287571907 -4.816442139446735 2.4901424073999863
      vertex -0.6645736589148368 -4.728687290936721 2.8614290010129864
      vertex -0.5413736830155884 -5.150826526135079 0.8
    endloop
  endfacet
  facet normal -0.617573386002866 -0.7626396183266695 0.192312052299139
    outer loop
      vertex -2.0337109565304994 -2.4236823387434296 11.082178537760015
      vertex -3.3291247644360413 -3.967496398211005 0.8
      vertex -3.188633124112938 -4.081264285342029 0.8
    endloop
  endfacet
  facet normal -0.3834376725586372 -0.9033225480432272 0.19231205229913906
    outer loop
      vertex -1.5606202788351877 -3.8626707353198473 5.9692579940387915
      vertex -1.656212046742003 -3.719913162365707 6.449220890008881
      vertex -1.9401619886078707 -4.802069431501358 0.8
    endloop
  endfacet
  facet normal -0.44551623326484735 -0.8743748397786818 0.19231205229913922
    outer loop
      vertex -1.742918155244662 -3.5735117892564308 6.939301454775659
      vertex -1.7965040653944016 -3.4777240976691246 7.25067535944023
      vertex -2.270411281731814 -4.655032972899712 0.8
    endloop
  endfacet
  facet normal -0.41472959497540496 -0.8893904865648327 0.19231205229913895
    outer loop
      vertex -1.6809640303254128 -3.682948336005211 6.566794305225677
      vertex -2.1065699006356957 -4.731433463627523 0.8
      vertex -1.656212046742003 -3.719913162365707 6.449220890008881
    endloop
  endfacet
  facet normal -0.41472959497534695 -0.8893904865648596 0.19231205229913959
    outer loop
      vertex -1.6893240660429 -3.6693141013383865 6.611820107164
      vertex -2.1065699006356957 -4.731433463627523 0.8
      vertex -1.6809640303254128 -3.682948336005211 6.566794305225677
    endloop
  endfacet
  facet normal -0.4147295949753869 -0.8893904865648411 0.19231205229913909
    outer loop
      vertex -1.6893240660429 -3.6693141013383865 6.611820107164
      vertex -1.742918155244662 -3.5735117892564308 6.939301454775659
      vertex -2.1065699006356957 -4.731433463627523 0.8
    endloop
  endfacet
  facet normal -0.5054242836657316 -0.8411672651865831 0.1923120522991391
    outer loop
      vertex -1.9010831788182259 -3.242554284632206 8.045332009713
      vertex -1.9443782112752046 -3.111655589018785 8.504093361302893
      vertex -2.5895993593121034 -4.485317661576375 0.8
    endloop
  endfacet
  facet normal -0.4455162332648899 -0.8743748397786602 0.19231205229913842
    outer loop
      vertex -1.7965040653944016 -3.4777240976691246 7.25067535944023
      vertex -1.8046530485153198 -3.4614633545279503 7.305729009417959
      vertex -2.270411281731814 -4.655032972899712 0.8
    endloop
  endfacet
  facet normal -0.44551623326480233 -0.8743748397787047 0.19231205229913895
    outer loop
      vertex -1.8046530485153198 -3.4614633545279503 7.305729009417959
      vertex -1.8209912941521442 -3.4247865200772054 7.434635894326171
      vertex -2.43148651641119 -4.572961041547284 0.8
    endloop
  endfacet
  facet normal -0.4757600786506077 -0.8582939019373613 0.19231205229913914
    outer loop
      vertex -1.8209912941521442 -3.4247865200772054 7.434635894326171
      vertex -1.8890687769337446 -3.2719631006412437 7.948274323284032
      vertex -2.43148651641119 -4.572961041547284 0.8
    endloop
  endfacet
  facet normal -0.5054242836656242 -0.8411672651866475 0.19231205229913947
    outer loop
      vertex -1.8890687769337446 -3.2719631006412437 7.948274323284032
      vertex -1.8938930481672287 -3.2611333578824997 7.982964407378596
      vertex -2.5895993593121034 -4.485317661576375 0.8
    endloop
  endfacet
  facet normal -0.5054242836658204 -0.8411672651865297 0.19231205229913842
    outer loop
      vertex -1.8938930481672287 -3.2611333578824997 7.982964407378596
      vertex -1.9010831788182259 -3.242554284632206 8.045332009713
      vertex -2.5895993593121034 -4.485317661576375 0.8
    endloop
  endfacet
  facet normal -0.534472707045873 -0.8230157956950458 0.19231205229913909
    outer loop
      vertex -1.9758393540978432 -3.012267544865608 8.841996302347127
      vertex -1.988953669896369 -2.9487450791685297 9.077398858989191
      vertex -2.896171169119442 -4.293750333468394 0.8
    endloop
  endfacet
  facet normal -0.5344727070458455 -0.8230157956950639 0.1923120522991392
    outer loop
      vertex -1.9443782112752046 -3.111655589018785 8.504093361302893
      vertex -1.9698531776666641 -3.0346342846751213 8.762912687682416
      vertex -2.7445571742908967 -4.392209612945059 0.8
    endloop
  endfacet
  facet normal -0.5344727070458308 -0.8230157956950731 0.19231205229913934
    outer loop
      vertex -1.9698531776666641 -3.0346342846751213 8.762912687682416
      vertex -1.9758393540978432 -3.012267544865608 8.841996302347127
      vertex -2.7445571742908967 -4.392209612945059 0.8
    endloop
  endfacet
  facet normal -0.35167859040219046 -0.9161540501428902 0.19231205229913997
    outer loop
      vertex -1.5588340312242508 -3.865338332951069 5.959816332372952
      vertex -1.5606202788351877 -3.8626707353198473 5.9692579940387915
      vertex -1.9401619886078707 -4.802069431501358 0.8
    endloop
  endfacet
  facet normal -0.35167859040185734 -0.9161540501430177 0.19231205229914114
    outer loop
      vertex -1.5499788969755173 -3.8775412514805794 5.917876204297066
      vertex -1.5588340312242508 -3.865338332951069 5.959816332372952
      vertex -1.771390288055971 -4.866854817474999 0.8
    endloop
  endfacet
  facet normal -0.35167859040192834 -0.9161540501429909 0.19231205229913903
    outer loop
      vertex -1.5499788969755173 -3.8775412514805794 5.917876204297066
      vertex -1.771390288055971 -4.866854817474999 0.8
      vertex -1.455242522176009 -3.998245969508777 5.516095033435072
    endloop
  endfacet
  facet normal -0.6692680587857305 -0.7177021248607763 0.1923120522991391
    outer loop
      vertex -1.9572754502296448 -2.03240729868412 12.828075133390314
      vertex -3.597773742162818 -3.725603772169335 0.8
      vertex -3.465560379046037 -3.84889472786473 0.8
    endloop
  endfacet
  facet normal -0.6438129158273787 -0.7406220385286559 0.1923120522991393
    outer loop
      vertex -2.0213200822472572 -2.2786584571003914 11.682168431166538
      vertex -3.465560379046037 -3.84889472786473 0.8
      vertex -3.3291247644360413 -3.967496398211005 0.8
    endloop
  endfacet
  facet normal -0.6939078017072874 -0.6939078017072966 0.19231205229913917
    outer loop
      vertex -1.7410904502446112 -1.6813515037250155 14.875506901056987
      vertex -3.7256037721693356 -3.597773742162819 0.8
      vertex -3.597773742162818 -3.725603772169335 0.8
    endloop
  endfacet
  facet normal -0.7626396183266659 -0.6175733860028706 0.1923120522991392
    outer loop
      vertex -1.7799586703178252 -1.3906561248953258 15.700000000000003
      vertex -4.081264285342029 -3.188633124112938 0.8
      vertex -3.9674963982110047 -3.329124764436041 0.8
    endloop
  endfacet
  facet normal -0.7177021248607831 -0.6692680587857232 0.19231205229913903
    outer loop
      vertex -1.6786155129939735 -1.511432196720867 15.700000000000003
      vertex -3.8488947278647294 -3.4655603790460368 0.8
      vertex -3.7256037721693356 -3.597773742162819 0.8
    endloop
  endfacet
  facet normal -0.7406220385286553 -0.6438129158273794 0.19231205229913903
    outer loop
      vertex -1.7303411687436443 -1.4519286365036554 15.700000000000003
      vertex -3.9674963982110047 -3.329124764436041 0.8
      vertex -3.8488947278647294 -3.4655603790460368 0.8
    endloop
  endfacet
  facet normal -0.7837280392253727 -0.5905814381374053 0.19231205229913934
    outer loop
      vertex -1.7798373876248845 -1.293127555043441 16
      vertex -4.190059780611935 -3.044256625499383 0.8
      vertex -4.081264285342029 -3.188633124112938 0.8
    endloop
  endfacet
  facet normal -0.5628699577616659 -0.8038616082323335 0.19231205229913903
    outer loop
      vertex -2.0199993550777435 -2.7983675450086594 9.61510849137455
      vertex -2.896171169119442 -4.293750333468394 0.8
      vertex -1.988953669896369 -2.9487450791685297 9.077398858989191
    endloop
  endfacet
  facet normal -0.5628699577616367 -0.8038616082323539 0.19231205229913909
    outer loop
      vertex -2.0199993550777435 -2.7983675450086594 9.61510849137455
      vertex -2.0221379193658064 -2.7832340729142917 9.67210691396106
      vertex -3.044256625499383 -4.190059780611936 0.8
    endloop
  endfacet
  facet normal -0.5905814381374875 -0.7837280392253105 0.1923120522991388
    outer loop
      vertex -2.0221379193658064 -2.7832340729142917 9.67210691396106
      vertex -2.0235346630215645 -2.773350067436695 9.708097801027023
      vertex -3.044256625499383 -4.190059780611936 0.8
    endloop
  endfacet
  facet normal -0.5905814381373993 -0.7837280392253773 0.1923120522991393
    outer loop
      vertex -2.0235346630215645 -2.773350067436695 9.708097801027023
      vertex -2.0364357989497592 -2.606518960364171 10.348364719015812
      vertex -3.044256625499383 -4.190059780611936 0.8
    endloop
  endfacet
  facet normal -0.6175733860028789 -0.7626396183266592 0.19231205229913903
    outer loop
      vertex -2.0364357989497592 -2.606518960364171 10.348364719015812
      vertex -2.040324665606022 -2.5562300607562065 10.535303843343513
      vertex -3.188633124112938 -4.081264285342029 0.8
    endloop
  endfacet
  facet normal -0.6175733860028172 -0.762639618326709 0.19231205229913959
    outer loop
      vertex -2.040324665606022 -2.5562300607562065 10.535303843343513
      vertex -2.040496625006199 -2.527803398668766 10.647481426171701
      vertex -3.188633124112938 -4.081264285342029 0.8
    endloop
  endfacet
  facet normal -0.6175733860028801 -0.7626396183266582 0.1923120522991389
    outer loop
      vertex -2.040496625006199 -2.527803398668766 10.647481426171701
      vertex -2.0337109565304994 -2.4236823387434296 11.082178537760015
      vertex -3.188633124112938 -4.081264285342029 0.8
    endloop
  endfacet
  facet normal -0.6438129158273859 -0.7406220385286495 0.1923120522991391
    outer loop
      vertex -2.0337109565304994 -2.4236823387434296 11.082178537760015
      vertex -2.0264666229486465 -2.312523402273655 11.534520201298434
      vertex -3.3291247644360413 -3.967496398211005 0.8
    endloop
  endfacet
  facet normal -0.643812915827348 -0.7406220385286825 0.1923120522991396
    outer loop
      vertex -2.0264666229486465 -2.312523402273655 11.534520201298434
      vertex -2.0213200822472572 -2.2786584571003914 11.682168431166538
      vertex -3.3291247644360413 -3.967496398211005 0.8
    endloop
  endfacet
  facet normal -0.6438129158273901 -0.7406220385286459 0.19231205229913922
    outer loop
      vertex -2.0213200822472572 -2.2786584571003914 11.682168431166538
      vertex -2.0102074291341596 -2.2325615281990157 11.896896892344493
      vertex -3.465560379046037 -3.84889472786473 0.8
    endloop
  endfacet
  facet normal -0.6692680587857202 -0.7177021248607858 0.1923120522991392
    outer loop
      vertex -2.0102074291341596 -2.2325615281990157 11.896896892344493
      vertex -1.9716400802135468 -2.0725784599781036 12.628167143310122
      vertex -3.465560379046037 -3.84889472786473 0.8
    endloop
  endfacet
  facet normal -0.6692680587857636 -0.7177021248607454 0.19231205229913864
    outer loop
      vertex -1.9716400802135468 -2.0725784599781036 12.628167143310122
      vertex -1.9572754502296448 -2.03240729868412 12.828075133390314
      vertex -3.465560379046037 -3.84889472786473 0.8
    endloop
  endfacet
  facet normal -0.6692680587856896 -0.7177021248608143 0.19231205229913892
    outer loop
      vertex -1.9572754502296448 -2.03240729868412 12.828075133390314
      vertex -1.9518656663380514 -2.0212160659400817 12.888667108487432
      vertex -3.597773742162818 -3.725603772169335 0.8
    endloop
  endfacet
  facet normal -0.6939078017072943 -0.6939078017072898 0.19231205229913914
    outer loop
      vertex -1.9518656663380514 -2.0212160659400817 12.888667108487432
      vertex -1.8668854534626007 -1.8454172983765602 13.82961993429577
      vertex -3.597773742162818 -3.725603772169335 0.8
    endloop
  endfacet
  facet normal -0.6939078017071847 -0.6939078017073992 0.19231205229914036
    outer loop
      vertex -1.8668854534626007 -1.8454172983765602 13.82961993429577
      vertex -1.8424082398414612 -1.8067925795912743 14.05730677282795
      vertex -3.597773742162818 -3.725603772169335 0.8
    endloop
  endfacet
  facet normal -0.6939078017073285 -0.6939078017072559 0.19231205229913856
    outer loop
      vertex -1.8424082398414612 -1.8067925795912743 14.05730677282795
      vertex -1.7410904502446112 -1.6813515037250155 14.875506901056987
      vertex -3.597773742162818 -3.725603772169335 0.8
    endloop
  endfacet
  facet normal -0.8038616082323344 -0.5628699577616645 0.1923120522991391
    outer loop
      vertex -1.7798373876248845 -1.293127555043441 16
      vertex -1.823882659621092 -1.2302243876356433 16
      vertex -4.190059780611935 -3.044256625499383 0.8
    endloop
  endfacet
  facet normal -0.8230157956950575 -0.5344727070458554 0.19231205229913917
    outer loop
      vertex -1.8657058115441372 -1.1658223813130508 16
      vertex -4.293750333468395 -2.8961711691194423 0.8
      vertex -1.823882659621092 -1.2302243876356433 16
    endloop
  endfacet
  facet normal -0.7177021248608791 -0.6692680587856201 0.1923120522991386
    outer loop
      vertex -1.7410904502446112 -1.6813515037250155 14.875506901056987
      vertex -1.711998239159584 -1.6453325748443604 15.109428071292037
      vertex -3.7256037721693356 -3.597773742162819 0.8
    endloop
  endfacet
  facet normal -0.717702124860839 -0.6692680587856632 0.19231205229913867
    outer loop
      vertex -1.711998239159584 -1.6453325748443604 15.109428071292037
      vertex -1.6898266896605492 -1.622003398835659 15.273359765382061
      vertex -3.7256037721693356 -3.597773742162819 0.8
    endloop
  endfacet
  facet normal -0.7177021248607737 -0.6692680587857331 0.19231205229913922
    outer loop
      vertex -1.6898266896605492 -1.622003398835659 15.273359765382061
      vertex -1.6786155129939735 -1.511432196720867 15.700000000000003
      vertex -3.7256037721693356 -3.597773742162819 0.8
    endloop
  endfacet
  facet normal -0.7406220385286586 -0.6438129158273757 0.19231205229913906
    outer loop
      vertex -1.6786155129939735 -1.511432196720867 15.700000000000003
      vertex -1.7303411687436443 -1.4519286365036554 15.700000000000003
      vertex -3.8488947278647294 -3.4655603790460368 0.8
    endloop
  endfacet
  facet normal -0.7626396183266684 -0.6175733860028675 0.1923120522991391
    outer loop
      vertex -1.7799586703178252 -1.3906561248953258 15.700000000000003
      vertex -3.9674963982110047 -3.329124764436041 0.8
      vertex -1.7303411687436443 -1.4519286365036554 15.700000000000003
    endloop
  endfacet
  facet normal -0.7837280392253688 -0.5905814381374104 0.19231205229913914
    outer loop
      vertex -1.820741590326011 -1.3365353620879046 15.700000000000003
      vertex -4.081264285342029 -3.188633124112938 0.8
      vertex -1.7799586703178252 -1.3906561248953258 15.700000000000003
    endloop
  endfacet
  facet normal -0.7837280392254065 -0.5905814381373606 0.19231205229913872
    outer loop
      vertex -1.820741590326011 -1.3365353620879046 15.700000000000003
      vertex -1.776786391696078 -1.2971763633915485 16
      vertex -4.081264285342029 -3.188633124112938 0.8
    endloop
  endfacet
  facet normal -0.7837280392253713 -0.5905814381374072 0.1923120522991391
    outer loop
      vertex -1.7798373876248845 -1.293127555043441 16
      vertex -4.081264285342029 -3.188633124112938 0.8
      vertex -1.776786391696078 -1.2971763633915485 16
    endloop
  endfacet
  facet normal -0.9384542032803259 -0.28691424308664404 0.1923120522991392
    outer loop
      vertex -2.0923243358493377 -0.6798373876248843 16
      vertex -2.114775731064302 -0.6064021827973982 16
      vertex -4.925710690535062 -1.6004604212998317 0.8
    endloop
  endfacet
  facet normal -0.9278693596553728 -0.319491042054737 0.1923120522991391
    outer loop
      vertex -2.0923243358493377 -0.6798373876248843 16
      vertex -4.866854817475 -1.771390288055971 0.8
      vertex -2.067323765728999 -0.7524443153164713 16
    endloop
  endfacet
  facet normal -0.9478956850163766 -0.2539878833090813 0.19231205229913917
    outer loop
      vertex -2.114775731064302 -0.6064021827973982 16
      vertex -2.1346505978071924 -0.5322281703192691 16
      vertex -4.978565343866274 -1.4275806400523663 0.8
    endloop
  endfacet
  facet normal -0.8582939019373655 -0.47576007865060016 0.1923120522991391
    outer loop
      vertex -1.9424847042896396 -1.0328374381289598 16
      vertex -4.485317661576375 -2.5895993593121034 0.8
      vertex -1.905255888325765 -1.1 16
    endloop
  endfacet
  facet normal -0.8743748397786794 -0.4455162332648518 0.19231205229913914
    outer loop
      vertex -1.9424847042896396 -1.0328374381289598 16
      vertex -1.9773469018581677 -0.9644165229359705 16
      vertex -4.572961041547282 -2.43148651641119 0.8
    endloop
  endfacet
  facet normal -0.8893904865648419 -0.4147295949753852 0.19231205229913909
    outer loop
      vertex -2.0098000068137223 -0.8948206147667606 16
      vertex -4.655032972899711 -2.2704112817318136 0.8
      vertex -1.9773469018581677 -0.9644165229359705 16
    endloop
  endfacet
  facet normal -0.8411672651865829 -0.5054242836657318 0.1923120522991391
    outer loop
      vertex -1.905255888325765 -1.1 16
      vertex -4.392209612945059 -2.7445571742908967 0.8
      vertex -1.8657058115441372 -1.1658223813130508 16
    endloop
  endfacet
  facet normal -0.9033225480432261 -0.38343767255863953 0.19231205229913909
    outer loop
      vertex -2.0098000068137223 -0.8948206147667606 16
      vertex -2.0398044800469326 -0.8241345055150064 16
      vertex -4.731433463627523 -2.1065699006356953 0.8
    endloop
  endfacet
  facet normal -0.9161540501429906 -0.35167859040192917 0.19231205229913922
    outer loop
      vertex -2.067323765728999 -0.7524443153164713 16
      vertex -4.8020694315013595 -1.940161988607871 0.8
      vertex -2.0398044800469326 -0.8241345055150064 16
    endloop
  endfacet
  facet normal -0.9561823018723677 -0.22075207841955513 0.19231205229913917
    outer loop
      vertex -2.1346505978071924 -0.5322281703192691 16
      vertex -2.151924721614373 -0.4574057197990706 16
      vertex -5.025354382215185 -1.2529615716969384 0.8
    endloop
  endfacet
  facet normal -0.9633039578821241 -0.18724732112670756 0.19231205229913914
    outer loop
      vertex -2.151924721614373 -0.4574057197990706 16
      vertex -2.1665770566268576 -0.38202599086724676 16
      vertex -5.066020800345869 -1.0768159626703313 0.8
    endloop
  endfacet
  facet normal -0.9692519764047959 -0.1535144318163287 0.19231205229913917
    outer loop
      vertex -2.1665770566268576 -0.38202599086724676 16
      vertex -2.178589751231455 -0.306180822112144 16
      vertex -5.100515052492012 -0.8993584192639941 0.8
    endloop
  endfacet
  facet normal -0.974019110696043 -0.11959450881784976 0.19231205229913917
    outer loop
      vertex -2.178589751231455 -0.306180822112144 16
      vertex -2.1879481698102015 -0.22996261918883765 16
      vertex -5.12879511272081 -0.7208051461593282 0.8
    endloop
  endfacet
  facet normal -0.9775995527370482 -0.0855288783325042 0.19231205229913914
    outer loop
      vertex -2.1879481698102015 -0.22996261918883765 16
      vertex -2.1946409105716134 -0.15346424223707567 16
      vertex -5.150826526135079 -0.5413736830155883 0.8
    endloop
  endfacet
  facet normal -0.9799889403107103 -0.051359044083627736 0.19231205229913917
    outer loop
      vertex -2.1946409105716134 -0.15346424223707567 16
      vertex -2.198659819442011 -0.07677889274550213 16
      vertex -5.166582450851256 -0.3612826394313169 0.8
    endloop
  endfacet
  facet normal -0.9811843623163282 -0.01712663675078266 0.1923120522991392
    outer loop
      vertex -2.198659819442011 -0.07677889274550213 16
      vertex -2.2 0 16
      vertex -5.176043690702088 -0.18075142860222276 0.8
    endloop
  endfacet
  facet normal 0 0 1
    outer loop
      vertex -1.7798373876248845 -1.293127555043441 16
      vertex -1.776786391696078 -1.2971763633915485 16
      vertex -1.7337817177176476 -1.2586684972047806 16
    endloop
  endfacet
  facet normal 0 0 1
    outer loop
      vertex -1.732841968536377 -1.2578305527567863 16
      vertex -1.7315862625837326 -1.2567156106233597 16
      vertex -1.6995697915554047 -0.7098776176571846 16
    endloop
  endfacet
  facet normal 0 0 1
    outer loop
      vertex -1.7315862625837326 -1.2567156106233597 16
      vertex -1.7306424528360367 -1.2558811455965042 16
      vertex -1.6995697915554047 -0.7098776176571846 16
    endloop
  endfacet
  facet normal 0 0 1
    outer loop
      vertex -1.7798373876248845 -1.293127555043441 16
      vertex -1.7337817177176476 -1.2586684972047806 16
      vertex -1.7552297860383987 -0.5012676119804382 16
    endloop
  endfacet
  facet normal 0 0 1
    outer loop
      vertex -1.732841968536377 -1.2578305527567863 16
      vertex -1.7552297860383987 -0.5012676119804382 16
      vertex -1.7337817177176476 -1.2586684972047806 16
    endloop
  endfacet
  facet normal 0 0 1
    outer loop
      vertex -2.1346505978071924 -0.5322281703192691 16
      vertex -2.151924721614373 0.4574057197990706 16
      vertex -2.151924721614373 -0.4574057197990706 16
    endloop
  endfacet
  facet normal 0 0 1
    outer loop
      vertex -2.151924721614373 -0.4574057197990706 16
      vertex -2.1665770566268576 0.38202599086724676 16
      vertex -2.1665770566268576 -0.38202599086724676 16
    endloop
  endfacet
  facet normal 0 0 1
    outer loop
      vertex -2.1665770566268576 -0.38202599086724676 16
      vertex -2.178589751231455 0.306180822112144 16
      vertex -2.178589751231455 -0.306180822112144 16
    endloop
  endfacet
  facet normal 0 0 1
    outer loop
      vertex -2.1879481698102015 -0.22996261918883765 16
      vertex -2.1946409105716134 0.15346424223707567 16
      vertex -2.1946409105716134 -0.15346424223707567 16
    endloop
  endfacet
  facet normal 0 0 1
    outer loop
      vertex -2.1946409105716134 -0.15346424223707567 16
      vertex -2.198659819442011 0.07677889274550213 16
      vertex -2.198659819442011 -0.07677889274550213 16
    endloop
  endfacet
  facet normal 0 0 1
    outer loop
      vertex -2.178589751231455 -0.306180822112144 16
      vertex -2.1879481698102015 0.22996261918883765 16
      vertex -2.1879481698102015 -0.22996261918883765 16
    endloop
  endfacet
  facet normal 0 0 1
    outer loop
      vertex -1.7798373876248845 -1.293127555043441 16
      vertex -1.7552297860383987 -0.5012676119804382 16
      vertex -1.759719304740429 -0.4818810448050499 16
    endloop
  endfacet
  facet normal 0 0 1
    outer loop
      vertex -1.732841968536377 -1.2578305527567863 16
      vertex -1.6995697915554047 -0.7098776176571846 16
      vertex -1.7552297860383987 -0.5012676119804382 16
    endloop
  endfacet
  facet normal 0 0 1
    outer loop
      vertex -1.7798373876248845 -1.293127555043441 16
      vertex -1.759719304740429 -0.4818810448050499 16
      vertex -1.7648419290781021 -0.45586224645376205 16
    endloop
  endfacet
  facet normal 0 0 1
    outer loop
      vertex -1.7798373876248845 -1.293127555043441 16
      vertex -1.7648419290781021 -0.45586224645376205 16
      vertex -1.7680363357067108 -0.43622061610221863 16
    endloop
  endfacet
  facet normal 0 0 1
    outer loop
      vertex -1.7798373876248845 -1.293127555043441 16
      vertex -1.7680363357067108 -0.43622061610221863 16
      vertex -1.7956363409757614 -0.2218606173992157 16
    endloop
  endfacet
  facet normal 0 0 1
    outer loop
      vertex -1.7798373876248845 -1.293127555043441 16
      vertex -1.7956363409757614 -0.2218606173992157 16
      vertex -1.7976029217243195 -0.20068303495645523 16
    endloop
  endfacet
  facet normal 0 0 1
    outer loop
      vertex -1.7798373876248845 -1.293127555043441 16
      vertex -1.7976029217243195 -0.20068303495645523 16
      vertex -1.7992214262485504 -0.17238881438970566 16
    endloop
  endfacet
  facet normal 0 0 1
    outer loop
      vertex -1.7798373876248845 -1.293127555043441 16
      vertex -1.7992214262485504 -0.17238881438970566 16
      vertex -1.7996826022863388 -0.15112505853176117 16
    endloop
  endfacet
  facet normal 0 0 1
    outer loop
      vertex -1.7798373876248845 -1.293127555043441 16
      vertex -1.823882659621092 1.2302243876356433 16
      vertex -1.823882659621092 -1.2302243876356433 16
    endloop
  endfacet
  facet normal 0 0 1
    outer loop
      vertex -2.0923243358493377 -0.6798373876248843 16
      vertex -2.067323765728999 -0.7524443153164713 16
      vertex -2.0923243358493377 0.6798373876248843 16
    endloop
  endfacet
  facet normal 0 0 1
    outer loop
      vertex -2.0923243358493377 -0.6798373876248843 16
      vertex -2.114775731064302 0.6064021827973982 16
      vertex -2.114775731064302 -0.6064021827973982 16
    endloop
  endfacet
  facet normal 0 0 1
    outer loop
      vertex -2.067323765728999 -0.7524443153164713 16
      vertex -2.0398044800469326 -0.8241345055150064 16
      vertex -2.067323765728999 0.7524443153164713 16
    endloop
  endfacet
  facet normal 0 0 1
    outer loop
      vertex -2.0098000068137223 -0.8948206147667606 16
      vertex -2.0398044800469326 0.8241345055150064 16
      vertex -2.0398044800469326 -0.8241345055150064 16
    endloop
  endfacet
  facet normal 0 0 1
    outer loop
      vertex -2.0098000068137223 -0.8948206147667606 16
      vertex -1.9773469018581677 -0.9644165229359705 16
      vertex -2.0098000068137223 0.8948206147667606 16
    endloop
  endfacet
  facet normal 0 0 1
    outer loop
      vertex -1.9424847042896396 -1.0328374381289598 16
      vertex -1.9773469018581677 0.9644165229359705 16
      vertex -1.9773469018581677 -0.9644165229359705 16
    endloop
  endfacet
  facet normal 0 0 1
    outer loop
      vertex -1.9424847042896396 -1.0328374381289598 16
      vertex -1.905255888325765 -1.1 16
      vertex -1.9424847042896396 1.0328374381289598 16
    endloop
  endfacet
  facet normal 0 0 1
    outer loop
      vertex -2.114775731064302 -0.6064021827973982 16
      vertex -2.1346505978071924 0.5322281703192691 16
      vertex -2.1346505978071924 -0.5322281703192691 16
    endloop
  endfacet
  facet normal 0 0 1
    outer loop
      vertex -1.905255888325765 -1.1 16
      vertex -1.8657058115441372 -1.1658223813130508 16
      vertex -1.905255888325765 1.1 16
    endloop
  endfacet
  facet normal 0 0 1
    outer loop
      vertex -1.8657058115441372 -1.1658223813130508 16
      vertex -1.823882659621092 -1.2302243876356433 16
      vertex -1.8657058115441372 1.1658223813130508 16
    endloop
  endfacet
  facet normal 0 0 1
    outer loop
      vertex -1.7798373876248845 -1.293127555043441 16
      vertex -1.7996826022863388 -0.15112505853176117 16
      vertex -1.823882659621092 1.2302243876356433 16
    endloop
  endfacet
  facet normal -0.7177021248607762 -0.6692680587857306 0.19231205229913867
    outer loop
      vertex -1.6898266896605492 -1.622003398835659 15.273359765382061
      vertex -1.6275269026436954 -1.5662180238991483 15.700000000000003
      vertex -1.6786155129939735 -1.511432196720867 15.700000000000003
    endloop
  endfacet
  facet normal 0 0 1
    outer loop
      vertex -1.7306424528360367 -1.2558811455965042 16
      vertex -1.6117857173085213 -1.1512374728918076 16
      vertex -1.6995697915554047 -0.7098776176571846 16
    endloop
  endfacet
  facet normal 0 0 1
    outer loop
      vertex -1.6117857173085213 -1.1512374728918076 16
      vertex -1.5807802304625511 -1.1115212142467499 16
      vertex -1.6229031383991241 -0.9360014349222183 16
    endloop
  endfacet
  facet normal 0 0 1
    outer loop
      vertex -1.6995697915554047 -0.7098776176571846 16
      vertex -1.6117857173085213 -1.1512374728918076 16
      vertex -1.6966205835342407 -0.7201876044273376 16
    endloop
  endfacet
  facet normal 0 0 1
    outer loop
      vertex -1.6891280710697174 -0.7440577521920204 16
      vertex -1.6924438998103142 -0.7338596507906914 16
      vertex -1.6117857173085213 -1.1512374728918076 16
    endloop
  endfacet
  facet normal 0 0 1
    outer loop
      vertex -1.6924438998103142 -0.7338596507906914 16
      vertex -1.6966205835342407 -0.7201876044273376 16
      vertex -1.6117857173085213 -1.1512374728918076 16
    endloop
  endfacet
  facet normal 0 0 1
    outer loop
      vertex -1.6891280710697174 -0.7440577521920204 16
      vertex -1.6117857173085213 -1.1512374728918076 16
      vertex -1.6229031383991241 -0.9360014349222183 16
    endloop
  endfacet
  facet normal 0 0 1
    outer loop
      vertex -1.5807802304625511 -1.1115212142467499 16
      vertex -1.5835408866405487 -1.0708015486598015 16
      vertex -1.6229031383991241 -0.9360014349222183 16
    endloop
  endfacet
  facet normal -0.9811843623163283 0.017126636750784064 0.1923120522991391
    outer loop
      vertex -2.198659819442011 0.07677889274550213 16
      vertex -5.176043690702087 0.18075142860222274 0.8
      vertex -5.179198718624207 0 0.8
    endloop
  endfacet
  facet normal -0.9799889403107104 0.05135904408362746 0.1923120522991391
    outer loop
      vertex -2.1946409105716134 0.15346424223707567 16
      vertex -5.166582450851255 0.3612826394313169 0.8
      vertex -5.176043690702087 0.18075142860222274 0.8
    endloop
  endfacet
  facet normal -0.9775995527370482 0.08552887833250623 0.19231205229913914
    outer loop
      vertex -2.1879481698102015 0.22996261918883765 16
      vertex -5.150826526135078 0.5413736830155884 0.8
      vertex -5.166582450851255 0.3612826394313169 0.8
    endloop
  endfacet
  facet normal -0.9740191106960437 0.11959450881784363 0.1923120522991391
    outer loop
      vertex -2.178589751231455 0.306180822112144 16
      vertex -5.12879511272081 0.7208051461593284 0.8
      vertex -5.150826526135078 0.5413736830155884 0.8
    endloop
  endfacet
  facet normal -0.9692519764047962 0.15351443181632596 0.19231205229913914
    outer loop
      vertex -2.1665770566268576 0.38202599086724676 16
      vertex -5.100515052492013 0.8993584192639942 0.8
      vertex -5.12879511272081 0.7208051461593284 0.8
    endloop
  endfacet
  facet normal -0.9633039578821211 0.18724732112672224 0.1923120522991391
    outer loop
      vertex -2.151924721614373 0.4574057197990706 16
      vertex -5.066020800345868 1.0768159626703315 0.8
      vertex -5.100515052492013 0.8993584192639942 0.8
    endloop
  endfacet
  facet normal -0.9561823018723683 0.2207520784195525 0.19231205229913903
    outer loop
      vertex -2.1346505978071924 0.5322281703192691 16
      vertex -5.025354382215184 1.2529615716969382 0.8
      vertex -5.066020800345868 1.0768159626703315 0.8
    endloop
  endfacet
  facet normal -0.9478956850163769 0.25398788330907973 0.19231205229913897
    outer loop
      vertex -2.114775731064302 0.6064021827973982 16
      vertex -4.978565343866273 1.4275806400523667 0.8
      vertex -5.025354382215184 1.2529615716969382 0.8
    endloop
  endfacet
  facet normal -0.9384542032803266 0.28691424308664154 0.192312052299139
    outer loop
      vertex -2.0923243358493377 0.6798373876248843 16
      vertex -4.925710690535061 1.6004604212998317 0.8
      vertex -4.978565343866273 1.4275806400523667 0.8
    endloop
  endfacet
  facet normal -0.9278693596553701 0.3194910420547444 0.1923120522991391
    outer loop
      vertex -2.067323765728999 0.7524443153164713 16
      vertex -4.866854817474999 1.7713902880559709 0.8
      vertex -4.925710690535061 1.6004604212998317 0.8
    endloop
  endfacet
  facet normal -0.9161540501429928 0.35167859040192373 0.19231205229913897
    outer loop
      vertex -2.0398044800469326 0.8241345055150064 16
      vertex -4.802069431501359 1.9401619886078707 0.8
      vertex -4.866854817474999 1.7713902880559709 0.8
    endloop
  endfacet
  facet normal -0.9033225480432269 0.3834376725586379 0.1923120522991391
    outer loop
      vertex -2.0098000068137223 0.8948206147667606 16
      vertex -4.731433463627524 2.1065699006356957 0.8
      vertex -4.802069431501359 1.9401619886078707 0.8
    endloop
  endfacet
  facet normal -0.8893904865648425 0.4147295949753834 0.1923120522991392
    outer loop
      vertex -1.9773469018581677 0.9644165229359705 16
      vertex -4.655032972899713 2.2704112817318136 0.8
      vertex -4.731433463627524 2.1065699006356957 0.8
    endloop
  endfacet
  facet normal -0.8743748397786791 0.4455162332648524 0.19231205229913934
    outer loop
      vertex -1.9424847042896396 1.0328374381289598 16
      vertex -4.572961041547283 2.4314865164111894 0.8
      vertex -4.655032972899713 2.2704112817318136 0.8
    endloop
  endfacet
  facet normal -0.858293901937363 0.4757600786506047 0.19231205229913903
    outer loop
      vertex -1.905255888325765 1.1 16
      vertex -4.485317661576375 2.5895993593121034 0.8
      vertex -4.572961041547283 2.4314865164111894 0.8
    endloop
  endfacet
  facet normal -0.8411672651865832 0.5054242836657311 0.1923120522991392
    outer loop
      vertex -1.8657058115441372 1.1658223813130508 16
      vertex -4.392209612945059 2.7445571742908967 0.8
      vertex -4.485317661576375 2.5895993593121034 0.8
    endloop
  endfacet
  facet normal -0.8230157956950578 0.5344727070458548 0.19231205229913914
    outer loop
      vertex -1.823882659621092 1.2302243876356433 16
      vertex -4.293750333468395 2.896171169119442 0.8
      vertex -4.392209612945059 2.7445571742908967 0.8
    endloop
  endfacet
  facet normal -0.8038616082323344 0.5628699577616647 0.19231205229913903
    outer loop
      vertex -1.7798373876248845 1.293127555043441 16
      vertex -4.190059780611935 3.044256625499383 0.8
      vertex -4.293750333468395 2.896171169119442 0.8
    endloop
  endfacet
  facet normal -0.7837280392253723 0.5905814381374058 0.19231205229913917
    outer loop
      vertex -1.7336236579347883 1.3544552457164483 16
      vertex -4.081264285342029 3.1886331241129375 0.8
      vertex -4.190059780611935 3.044256625499383 0.8
    endloop
  endfacet
  facet normal -0.7626396183266699 0.6175733860028658 0.19231205229913906
    outer loop
      vertex -1.6852977748617517 1.4141327413103866 16
      vertex -3.967496398211005 3.329124764436041 0.8
      vertex -4.081264285342029 3.1886331241129375 0.8
    endloop
  endfacet
  facet normal -0.7406220385286539 0.6438129158273808 0.19231205229913928
    outer loop
      vertex -1.6349186160502676 1.4720873339894882 16
      vertex -3.8488947278647294 3.4655603790460368 0.8
      vertex -3.967496398211005 3.329124764436041 0.8
    endloop
  endfacet
  facet normal -0.7177021248607807 0.6692680587857258 0.19231205229913897
    outer loop
      vertex -1.5825475607450328 1.5282484150097941 16
      vertex -3.725603772169335 3.597773742162818 0.8
      vertex -3.8488947278647294 3.4655603790460368 0.8
    endloop
  endfacet
  facet normal -0.6939078017072945 0.6939078017072896 0.1923120522991391
    outer loop
      vertex -1.5282484150097941 1.5825475607450328 16
      vertex -3.5977737421628184 3.725603772169335 0.8
      vertex -3.725603772169335 3.597773742162818 0.8
    endloop
  endfacet
  facet normal -0.6692680587857274 0.7177021248607791 0.1923120522991392
    outer loop
      vertex -1.4720873339894882 1.6349186160502676 16
      vertex -3.4655603790460368 3.84889472786473 0.8
      vertex -3.5977737421628184 3.725603772169335 0.8
    endloop
  endfacet
  facet normal -0.6438129158273825 0.7406220385286526 0.19231205229913928
    outer loop
      vertex -1.4141327413103866 1.6852977748617517 16
      vertex -3.3291247644360413 3.9674963982110056 0.8
      vertex -3.4655603790460368 3.84889472786473 0.8
    endloop
  endfacet
  facet normal -0.6175733860028646 0.7626396183266707 0.19231205229913936
    outer loop
      vertex -1.3544552457164483 1.7336236579347883 16
      vertex -3.1886331241129375 4.081264285342029 0.8
      vertex -3.3291247644360413 3.9674963982110056 0.8
    endloop
  endfacet
  facet normal -0.5905814381374098 0.7837280392253693 0.19231205229913928
    outer loop
      vertex -1.293127555043441 1.7798373876248845 16
      vertex -3.0442566254993833 4.190059780611936 0.8
      vertex -3.1886331241129375 4.081264285342029 0.8
    endloop
  endfacet
  facet normal -0.5628699577616643 0.8038616082323348 0.1923120522991391
    outer loop
      vertex -1.2302243876356433 1.823882659621092 16
      vertex -2.8961711691194423 4.293750333468396 0.8
      vertex -3.0442566254993833 4.190059780611936 0.8
    endloop
  endfacet
  facet normal -0.5344727070458515 0.8230157956950598 0.19231205229913914
    outer loop
      vertex -1.1658223813130508 1.8657058115441372 16
      vertex -2.744557174290897 4.392209612945059 0.8
      vertex -2.8961711691194423 4.293750333468396 0.8
    endloop
  endfacet
  facet normal -0.5054242836657288 0.8411672651865847 0.19231205229913917
    outer loop
      vertex -1.1 1.905255888325765 16
      vertex -2.5895993593121034 4.485317661576375 0.8
      vertex -2.744557174290897 4.392209612945059 0.8
    endloop
  endfacet
  facet normal -0.4757600786506043 0.8582939019373632 0.19231205229913917
    outer loop
      vertex -1.0328374381289598 1.9424847042896396 16
      vertex -2.4314865164111894 4.572961041547283 0.8
      vertex -2.5895993593121034 4.485317661576375 0.8
    endloop
  endfacet
  facet normal -0.4455162332648494 0.8743748397786806 0.1923120522991391
    outer loop
      vertex -0.9644165229359705 1.9773469018581677 16
      vertex -2.2704112817318136 4.655032972899712 0.8
      vertex -2.4314865164111894 4.572961041547283 0.8
    endloop
  endfacet
  facet normal -0.4147295949753893 0.8893904865648399 0.19231205229913914
    outer loop
      vertex -0.8948206147667606 2.0098000068137223 16
      vertex -2.106569900635696 4.731433463627524 0.8
      vertex -2.2704112817318136 4.655032972899712 0.8
    endloop
  endfacet
  facet normal -0.3834376725586337 0.9033225480432286 0.1923120522991391
    outer loop
      vertex -0.8241345055150064 2.0398044800469326 16
      vertex -1.9401619886078707 4.802069431501358 0.8
      vertex -2.106569900635696 4.731433463627524 0.8
    endloop
  endfacet
  facet normal -0.3516785904019311 0.9161540501429898 0.19231205229913917
    outer loop
      vertex -0.7524443153164713 2.067323765728999 16
      vertex -1.7713902880559709 4.866854817475 0.8
      vertex -1.9401619886078707 4.802069431501358 0.8
    endloop
  endfacet
  facet normal -0.3194910420547444 0.9278693596553702 0.19231205229913909
    outer loop
      vertex -0.6798373876248843 2.0923243358493377 16
      vertex -1.6004604212998317 4.925710690535062 0.8
      vertex -1.7713902880559709 4.866854817475 0.8
    endloop
  endfacet
  facet normal -0.2869142430866385 0.9384542032803276 0.192312052299139
    outer loop
      vertex -0.6064021827973982 2.114775731064302 16
      vertex -1.427580640052367 4.978565343866273 0.8
      vertex -1.6004604212998317 4.925710690535062 0.8
    endloop
  endfacet
  facet normal -0.25398788330908406 0.9478956850163758 0.19231205229913917
    outer loop
      vertex -0.5322281703192691 2.1346505978071924 16
      vertex -1.2529615716969382 5.025354382215185 0.8
      vertex -1.427580640052367 4.978565343866273 0.8
    endloop
  endfacet
  facet normal -0.22075207841955743 0.9561823018723671 0.19231205229913917
    outer loop
      vertex -0.4574057197990706 2.151924721614373 16
      vertex -1.0768159626703315 5.0660208003458695 0.8
      vertex -1.2529615716969382 5.025354382215185 0.8
    endloop
  endfacet
  facet normal -0.18724732112670858 0.9633039578821239 0.1923120522991391
    outer loop
      vertex -0.38202599086724676 2.1665770566268576 16
      vertex -0.8993584192639942 5.100515052492012 0.8
      vertex -1.0768159626703315 5.0660208003458695 0.8
    endloop
  endfacet
  facet normal -0.15351443181632948 0.9692519764047958 0.19231205229913922
    outer loop
      vertex -0.306180822112144 2.178589751231455 16
      vertex -0.7208051461593282 5.12879511272081 0.8
      vertex -0.8993584192639942 5.100515052492012 0.8
    endloop
  endfacet
  facet normal -0.11959450881784725 0.9740191106960432 0.19231205229913917
    outer loop
      vertex -0.22996261918883765 2.1879481698102015 16
      vertex -0.5413736830155884 5.150826526135079 0.8
      vertex -0.7208051461593282 5.12879511272081 0.8
    endloop
  endfacet
  facet normal -0.08552887833250485 0.9775995527370482 0.19231205229913917
    outer loop
      vertex -0.15346424223707567 2.1946409105716134 16
      vertex -0.3612826394313169 5.166582450851256 0.8
      vertex -0.5413736830155884 5.150826526135079 0.8
    endloop
  endfacet
  facet normal -0.05135904408362709 0.9799889403107105 0.19231205229913917
    outer loop
      vertex -0.07677889274550213 2.198659819442011 16
      vertex -0.18075142860222274 5.1760436907020875 0.8
      vertex -0.3612826394313169 5.166582450851256 0.8
    endloop
  endfacet
  facet normal -0.017126636750779627 0.9811843623163284 0.19231205229913914
    outer loop
      vertex 0 2.2 16
      vertex 0 5.179198718624207 0.8
      vertex -0.18075142860222274 5.1760436907020875 0.8
    endloop
  endfacet
  facet normal -0.9811843623163282 0.01712663675078266 0.1923120522991391
    outer loop
      vertex -2.2 0 16
      vertex -2.198659819442011 0.07677889274550213 16
      vertex -5.179198718624207 0 0.8
    endloop
  endfacet
  facet normal -0.9799889403107103 0.051359044083627736 0.19231205229913909
    outer loop
      vertex -2.198659819442011 0.07677889274550213 16
      vertex -2.1946409105716134 0.15346424223707567 16
      vertex -5.176043690702087 0.18075142860222274 0.8
    endloop
  endfacet
  facet normal -0.9775995527370482 0.0855288783325042 0.1923120522991391
    outer loop
      vertex -2.1946409105716134 0.15346424223707567 16
      vertex -2.1879481698102015 0.22996261918883765 16
      vertex -5.166582450851255 0.3612826394313169 0.8
    endloop
  endfacet
  facet normal -0.974019110696043 0.11959450881784976 0.19231205229913909
    outer loop
      vertex -2.1879481698102015 0.22996261918883765 16
      vertex -2.178589751231455 0.306180822112144 16
      vertex -5.150826526135078 0.5413736830155884 0.8
    endloop
  endfacet
  facet normal -0.9692519764047959 0.1535144318163287 0.19231205229913917
    outer loop
      vertex -2.178589751231455 0.306180822112144 16
      vertex -2.1665770566268576 0.38202599086724676 16
      vertex -5.12879511272081 0.7208051461593284 0.8
    endloop
  endfacet
  facet normal -0.9633039578821239 0.18724732112670753 0.19231205229913922
    outer loop
      vertex -2.1665770566268576 0.38202599086724676 16
      vertex -2.151924721614373 0.4574057197990706 16
      vertex -5.100515052492013 0.8993584192639942 0.8
    endloop
  endfacet
  facet normal -0.956182301872368 0.2207520784195552 0.1923120522991391
    outer loop
      vertex -2.151924721614373 0.4574057197990706 16
      vertex -2.1346505978071924 0.5322281703192691 16
      vertex -5.066020800345868 1.0768159626703315 0.8
    endloop
  endfacet
  facet normal -0.9478956850163766 0.2539878833090813 0.1923120522991391
    outer loop
      vertex -2.1346505978071924 0.5322281703192691 16
      vertex -2.114775731064302 0.6064021827973982 16
      vertex -5.025354382215184 1.2529615716969382 0.8
    endloop
  endfacet
  facet normal -0.9384542032803259 0.28691424308664404 0.1923120522991391
    outer loop
      vertex -2.114775731064302 0.6064021827973982 16
      vertex -2.0923243358493377 0.6798373876248843 16
      vertex -4.978565343866273 1.4275806400523667 0.8
    endloop
  endfacet
  facet normal -0.9278693596553728 0.319491042054737 0.19231205229913914
    outer loop
      vertex -2.0923243358493377 0.6798373876248843 16
      vertex -2.067323765728999 0.7524443153164713 16
      vertex -4.925710690535061 1.6004604212998317 0.8
    endloop
  endfacet
  facet normal -0.9161540501429906 0.35167859040192917 0.19231205229913909
    outer loop
      vertex -2.067323765728999 0.7524443153164713 16
      vertex -2.0398044800469326 0.8241345055150064 16
      vertex -4.866854817474999 1.7713902880559709 0.8
    endloop
  endfacet
  facet normal -0.9033225480432261 0.38343767255863953 0.19231205229913914
    outer loop
      vertex -2.0398044800469326 0.8241345055150064 16
      vertex -2.0098000068137223 0.8948206147667606 16
      vertex -4.802069431501359 1.9401619886078707 0.8
    endloop
  endfacet
  facet normal -0.8893904865648419 0.4147295949753852 0.19231205229913917
    outer loop
      vertex -2.0098000068137223 0.8948206147667606 16
      vertex -1.9773469018581677 0.9644165229359705 16
      vertex -4.731433463627524 2.1065699006356957 0.8
    endloop
  endfacet
  facet normal -0.8743748397786794 0.4455162332648518 0.1923120522991392
    outer loop
      vertex -1.9773469018581677 0.9644165229359705 16
      vertex -1.9424847042896396 1.0328374381289598 16
      vertex -4.655032972899713 2.2704112817318136 0.8
    endloop
  endfacet
  facet normal -0.8582939019373655 0.47576007865060016 0.19231205229913917
    outer loop
      vertex -1.9424847042896396 1.0328374381289598 16
      vertex -1.905255888325765 1.1 16
      vertex -4.572961041547283 2.4314865164111894 0.8
    endloop
  endfacet
  facet normal -0.8411672651865829 0.5054242836657318 0.19231205229913909
    outer loop
      vertex -1.905255888325765 1.1 16
      vertex -1.8657058115441372 1.1658223813130508 16
      vertex -4.485317661576375 2.5895993593121034 0.8
    endloop
  endfacet
  facet normal -0.8230157956950575 0.5344727070458554 0.19231205229913914
    outer loop
      vertex -1.8657058115441372 1.1658223813130508 16
      vertex -1.823882659621092 1.2302243876356433 16
      vertex -4.392209612945059 2.7445571742908967 0.8
    endloop
  endfacet
  facet normal -0.8038616082323344 0.5628699577616645 0.1923120522991391
    outer loop
      vertex -1.823882659621092 1.2302243876356433 16
      vertex -1.7798373876248845 1.293127555043441 16
      vertex -4.293750333468395 2.896171169119442 0.8
    endloop
  endfacet
  facet normal -0.7837280392253738 0.5905814381374037 0.1923120522991391
    outer loop
      vertex -1.7798373876248845 1.293127555043441 16
      vertex -1.7336236579347883 1.3544552457164483 16
      vertex -4.190059780611935 3.044256625499383 0.8
    endloop
  endfacet
  facet normal -0.7626396183266669 0.6175733860028694 0.19231205229913909
    outer loop
      vertex -1.7336236579347883 1.3544552457164483 16
      vertex -1.6852977748617517 1.4141327413103866 16
      vertex -4.081264285342029 3.1886331241129375 0.8
    endloop
  endfacet
  facet normal -0.7406220385286576 0.6438129158273768 0.19231205229913914
    outer loop
      vertex -1.6852977748617517 1.4141327413103866 16
      vertex -1.6349186160502676 1.4720873339894882 16
      vertex -3.967496398211005 3.329124764436041 0.8
    endloop
  endfacet
  facet normal -0.7177021248607767 0.66926805878573 0.19231205229913909
    outer loop
      vertex -1.6349186160502676 1.4720873339894882 16
      vertex -1.5825475607450328 1.5282484150097941 16
      vertex -3.8488947278647294 3.4655603790460368 0.8
    endloop
  endfacet
  facet normal -0.6939078017072922 0.6939078017072922 0.19231205229913917
    outer loop
      vertex -1.5825475607450328 1.5282484150097941 16
      vertex -1.5282484150097941 1.5825475607450328 16
      vertex -3.725603772169335 3.597773742162818 0.8
    endloop
  endfacet
  facet normal -0.66926805878573 0.7177021248607767 0.19231205229913917
    outer loop
      vertex -1.5282484150097941 1.5825475607450328 16
      vertex -1.4720873339894882 1.6349186160502676 16
      vertex -3.5977737421628184 3.725603772169335 0.8
    endloop
  endfacet
  facet normal -0.6438129158273768 0.7406220385286576 0.1923120522991391
    outer loop
      vertex -1.4720873339894882 1.6349186160502676 16
      vertex -1.4141327413103866 1.6852977748617517 16
      vertex -3.4655603790460368 3.84889472786473 0.8
    endloop
  endfacet
  facet normal -0.6175733860028694 0.7626396183266669 0.1923120522991392
    outer loop
      vertex -1.4141327413103866 1.6852977748617517 16
      vertex -1.3544552457164483 1.7336236579347883 16
      vertex -3.3291247644360413 3.9674963982110056 0.8
    endloop
  endfacet
  facet normal -0.5905814381374037 0.7837280392253738 0.19231205229913909
    outer loop
      vertex -1.3544552457164483 1.7336236579347883 16
      vertex -1.293127555043441 1.7798373876248845 16
      vertex -3.1886331241129375 4.081264285342029 0.8
    endloop
  endfacet
  facet normal -0.5628699577616645 0.8038616082323344 0.19231205229913917
    outer loop
      vertex -1.293127555043441 1.7798373876248845 16
      vertex -1.2302243876356433 1.823882659621092 16
      vertex -3.0442566254993833 4.190059780611936 0.8
    endloop
  endfacet
  facet normal -0.5344727070458554 0.8230157956950575 0.1923120522991392
    outer loop
      vertex -1.2302243876356433 1.823882659621092 16
      vertex -1.1658223813130508 1.8657058115441372 16
      vertex -2.8961711691194423 4.293750333468396 0.8
    endloop
  endfacet
  facet normal -0.5054242836657318 0.8411672651865829 0.19231205229913914
    outer loop
      vertex -1.1658223813130508 1.8657058115441372 16
      vertex -1.1 1.905255888325765 16
      vertex -2.744557174290897 4.392209612945059 0.8
    endloop
  endfacet
  facet normal -0.47576007865060016 0.8582939019373655 0.19231205229913909
    outer loop
      vertex -1.1 1.905255888325765 16
      vertex -1.0328374381289598 1.9424847042896396 16
      vertex -2.5895993593121034 4.485317661576375 0.8
    endloop
  endfacet
  facet normal -0.4455162332648518 0.8743748397786794 0.19231205229913917
    outer loop
      vertex -1.0328374381289598 1.9424847042896396 16
      vertex -0.9644165229359705 1.9773469018581677 16
      vertex -2.4314865164111894 4.572961041547283 0.8
    endloop
  endfacet
  facet normal -0.4147295949753852 0.8893904865648419 0.19231205229913914
    outer loop
      vertex -0.9644165229359705 1.9773469018581677 16
      vertex -0.8948206147667606 2.0098000068137223 16
      vertex -2.2704112817318136 4.655032972899712 0.8
    endloop
  endfacet
  facet normal -0.38343767255863953 0.9033225480432261 0.19231205229913917
    outer loop
      vertex -0.8948206147667606 2.0098000068137223 16
      vertex -0.8241345055150064 2.0398044800469326 16
      vertex -2.106569900635696 4.731433463627524 0.8
    endloop
  endfacet
  facet normal -0.35167859040192917 0.9161540501429906 0.19231205229913909
    outer loop
      vertex -0.8241345055150064 2.0398044800469326 16
      vertex -0.7524443153164713 2.067323765728999 16
      vertex -1.9401619886078707 4.802069431501358 0.8
    endloop
  endfacet
  facet normal -0.319491042054737 0.9278693596553728 0.1923120522991391
    outer loop
      vertex -0.7524443153164713 2.067323765728999 16
      vertex -0.6798373876248843 2.0923243358493377 16
      vertex -1.7713902880559709 4.866854817475 0.8
    endloop
  endfacet
  facet normal -0.28691424308664404 0.9384542032803259 0.19231205229913917
    outer loop
      vertex -0.6798373876248843 2.0923243358493377 16
      vertex -0.6064021827973982 2.114775731064302 16
      vertex -1.6004604212998317 4.925710690535062 0.8
    endloop
  endfacet
  facet normal -0.2539878833090813 0.9478956850163766 0.19231205229913914
    outer loop
      vertex -0.6064021827973982 2.114775731064302 16
      vertex -0.5322281703192691 2.1346505978071924 16
      vertex -1.427580640052367 4.978565343866273 0.8
    endloop
  endfacet
  facet normal -0.22075207841955513 0.9561823018723677 0.19231205229913917
    outer loop
      vertex -0.5322281703192691 2.1346505978071924 16
      vertex -0.4574057197990706 2.151924721614373 16
      vertex -1.2529615716969382 5.025354382215185 0.8
    endloop
  endfacet
  facet normal -0.18724732112670753 0.9633039578821239 0.19231205229913914
    outer loop
      vertex -0.4574057197990706 2.151924721614373 16
      vertex -0.38202599086724676 2.1665770566268576 16
      vertex -1.0768159626703315 5.0660208003458695 0.8
    endloop
  endfacet
  facet normal -0.1535144318163287 0.9692519764047959 0.19231205229913917
    outer loop
      vertex -0.38202599086724676 2.1665770566268576 16
      vertex -0.306180822112144 2.178589751231455 16
      vertex -0.8993584192639942 5.100515052492012 0.8
    endloop
  endfacet
  facet normal -0.11959450881784976 0.974019110696043 0.19231205229913917
    outer loop
      vertex -0.306180822112144 2.178589751231455 16
      vertex -0.22996261918883765 2.1879481698102015 16
      vertex -0.7208051461593282 5.12879511272081 0.8
    endloop
  endfacet
  facet normal -0.0855288783325042 0.9775995527370482 0.19231205229913917
    outer loop
      vertex -0.22996261918883765 2.1879481698102015 16
      vertex -0.15346424223707567 2.1946409105716134 16
      vertex -0.5413736830155884 5.150826526135079 0.8
    endloop
  endfacet
  facet normal -0.051359044083627736 0.9799889403107103 0.19231205229913917
    outer loop
      vertex -0.15346424223707567 2.1946409105716134 16
      vertex -0.07677889274550213 2.198659819442011 16
      vertex -0.3612826394313169 5.166582450851256 0.8
    endloop
  endfacet
  facet normal -0.01712663675078266 0.9811843623163282 0.19231205229913914
    outer loop
      vertex -0.07677889274550213 2.198659819442011 16
      vertex 0 2.2 16
      vertex -0.18075142860222274 5.1760436907020875 0.8
    endloop
  endfacet
  facet normal 0 0 1
    outer loop
      vertex -2.198659819442011 -0.07677889274550213 16
      vertex -2.198659819442011 0.07677889274550213 16
      vertex -2.2 0 16
    endloop
  endfacet
  facet normal 0 0 1
    outer loop
      vertex -2.1946409105716134 -0.15346424223707567 16
      vertex -2.1946409105716134 0.15346424223707567 16
      vertex -2.198659819442011 0.07677889274550213 16
    endloop
  endfacet
  facet normal 0 0 1
    outer loop
      vertex -2.1879481698102015 -0.22996261918883765 16
      vertex -2.1879481698102015 0.22996261918883765 16
      vertex -2.1946409105716134 0.15346424223707567 16
    endloop
  endfacet
  facet normal 0 0 1
    outer loop
      vertex -2.178589751231455 -0.306180822112144 16
      vertex -2.178589751231455 0.306180822112144 16
      vertex -2.1879481698102015 0.22996261918883765 16
    endloop
  endfacet
  facet normal 0 0 1
    outer loop
      vertex -2.1665770566268576 -0.38202599086724676 16
      vertex -2.1665770566268576 0.38202599086724676 16
      vertex -2.178589751231455 0.306180822112144 16
    endloop
  endfacet
  facet normal 0 0 1
    outer loop
      vertex -2.151924721614373 -0.4574057197990706 16
      vertex -2.151924721614373 0.4574057197990706 16
      vertex -2.1665770566268576 0.38202599086724676 16
    endloop
  endfacet
  facet normal 0 0 1
    outer loop
      vertex -2.1346505978071924 -0.5322281703192691 16
      vertex -2.1346505978071924 0.5322281703192691 16
      vertex -2.151924721614373 0.4574057197990706 16
    endloop
  endfacet
  facet normal 0 0 1
    outer loop
      vertex -2.114775731064302 -0.6064021827973982 16
      vertex -2.114775731064302 0.6064021827973982 16
      vertex -2.1346505978071924 0.5322281703192691 16
    endloop
  endfacet
  facet normal 0 0 1
    outer loop
      vertex -2.0923243358493377 -0.6798373876248843 16
      vertex -2.0923243358493377 0.6798373876248843 16
      vertex -2.114775731064302 0.6064021827973982 16
    endloop
  endfacet
  facet normal 0 0 1
    outer loop
      vertex -2.067323765728999 -0.7524443153164713 16
      vertex -2.067323765728999 0.7524443153164713 16
      vertex -2.0923243358493377 0.6798373876248843 16
    endloop
  endfacet
  facet normal 0 0 1
    outer loop
      vertex -2.0398044800469326 -0.8241345055150064 16
      vertex -2.0398044800469326 0.8241345055150064 16
      vertex -2.067323765728999 0.7524443153164713 16
    endloop
  endfacet
  facet normal 0 0 1
    outer loop
      vertex -2.0098000068137223 -0.8948206147667606 16
      vertex -2.0098000068137223 0.8948206147667606 16
      vertex -2.0398044800469326 0.8241345055150064 16
    endloop
  endfacet
  facet normal 0 0 1
    outer loop
      vertex -1.9773469018581677 -0.9644165229359705 16
      vertex -1.9773469018581677 0.9644165229359705 16
      vertex -2.0098000068137223 0.8948206147667606 16
    endloop
  endfacet
  facet normal 0 0 1
    outer loop
      vertex -1.9424847042896396 -1.0328374381289598 16
      vertex -1.9424847042896396 1.0328374381289598 16
      vertex -1.9773469018581677 0.9644165229359705 16
    endloop
  endfacet
  facet normal 0 0 1
    outer loop
      vertex -1.905255888325765 -1.1 16
      vertex -1.905255888325765 1.1 16
      vertex -1.9424847042896396 1.0328374381289598 16
    endloop
  endfacet
  facet normal 0 0 1
    outer loop
      vertex -1.8657058115441372 -1.1658223813130508 16
      vertex -1.8657058115441372 1.1658223813130508 16
      vertex -1.905255888325765 1.1 16
    endloop
  endfacet
  facet normal 0 0 1
    outer loop
      vertex -1.823882659621092 -1.2302243876356433 16
      vertex -1.823882659621092 1.2302243876356433 16
      vertex -1.8657058115441372 1.1658223813130508 16
    endloop
  endfacet
  facet normal 0 0 1
    outer loop
      vertex -1.7996826022863388 -0.15112505853176117 16
      vertex -1.7966926023364067 0.06599494069814682 16
      vertex -1.823882659621092 1.2302243876356433 16
    endloop
  endfacet
  facet normal 0 0 1
    outer loop
      vertex -1.7966926023364067 0.06599494069814682 16
      vertex -1.7957597374916077 0.08586107194423676 16
      vertex -1.823882659621092 1.2302243876356433 16
    endloop
  endfacet
  facet normal 0 0 1
    outer loop
      vertex -1.7957597374916077 0.08586107194423676 16
      vertex -1.7936397716403008 0.11227892339229584 16
      vertex -1.823882659621092 1.2302243876356433 16
    endloop
  endfacet
  facet normal 0 0 1
    outer loop
      vertex -1.7936397716403008 0.11227892339229584 16
      vertex -1.7913926914334297 0.13203956931829453 16
      vertex -1.823882659621092 1.2302243876356433 16
    endloop
  endfacet
  facet normal 0 0 1
    outer loop
      vertex -1.7913926914334297 0.13203956931829453 16
      vertex -1.7596526890993118 0.3473195657134056 16
      vertex -1.823882659621092 1.2302243876356433 16
    endloop
  endfacet
  facet normal 0 0 1
    outer loop
      vertex -1.7596526890993118 0.3473195657134056 16
      vertex -1.7563641592860222 0.3656580224633217 16
      vertex -1.7798373876248845 1.293127555043441 16
    endloop
  endfacet
  facet normal 0 0 1
    outer loop
      vertex -1.7563641592860222 0.3656580224633217 16
      vertex -1.7512248158454895 0.38994957506656647 16
      vertex -1.7798373876248845 1.293127555043441 16
    endloop
  endfacet
  facet normal 0 0 1
    outer loop
      vertex -1.7512248158454895 0.38994957506656647 16
      vertex -1.7468043342232704 0.40804844349622726 16
      vertex -1.7798373876248845 1.293127555043441 16
    endloop
  endfacet
  facet normal 0 0 1
    outer loop
      vertex -1.7468043342232704 0.40804844349622726 16
      vertex -1.6886143311858177 0.6178084462881088 16
      vertex -1.7798373876248845 1.293127555043441 16
    endloop
  endfacet
  facet normal 0 0 1
    outer loop
      vertex -1.7596526890993118 0.3473195657134056 16
      vertex -1.7798373876248845 1.293127555043441 16
      vertex -1.823882659621092 1.2302243876356433 16
    endloop
  endfacet
  facet normal 0 0 1
    outer loop
      vertex -1.6886143311858177 0.6178084462881088 16
      vertex -1.7336236579347883 1.3544552457164483 16
      vertex -1.7798373876248845 1.293127555043441 16
    endloop
  endfacet
  facet normal 0 0 1
    outer loop
      vertex -1.6886143311858177 0.6178084462881088 16
      vertex -1.6831810250878334 0.6353020593523979 16
      vertex -1.7336236579347883 1.3544552457164483 16
    endloop
  endfacet
  facet normal 0 0 1
    outer loop
      vertex -1.6831810250878334 0.6353020593523979 16
      vertex -1.6752315610647202 0.658384159207344 16
      vertex -1.6852977748617517 1.4141327413103866 16
    endloop
  endfacet
  facet normal 0 0 1
    outer loop
      vertex -1.6752315610647202 0.658384159207344 16
      vertex -1.6687406674027443 0.6755136922001839 16
      vertex -1.6852977748617517 1.4141327413103866 16
    endloop
  endfacet
  facet normal 0 0 1
    outer loop
      vertex -1.6687406674027443 0.6755136922001839 16
      vertex -1.5859406664967537 0.8753836899995804 16
      vertex -1.6852977748617517 1.4141327413103866 16
    endloop
  endfacet
  facet normal 0 0 1
    outer loop
      vertex -1.6831810250878334 0.6353020593523979 16
      vertex -1.6852977748617517 1.4141327413103866 16
      vertex -1.7336236579347883 1.3544552457164483 16
    endloop
  endfacet
  facet normal 0 0 1
    outer loop
      vertex -1.5859406664967537 0.8753836899995804 16
      vertex -1.6349186160502676 1.4720873339894882 16
      vertex -1.6852977748617517 1.4141327413103866 16
    endloop
  endfacet
  facet normal 0 0 1
    outer loop
      vertex -1.5859406664967537 0.8753836899995804 16
      vertex -1.5776929780840874 0.8935580551624298 16
      vertex -1.6349186160502676 1.4720873339894882 16
    endloop
  endfacet
  facet normal 0 0 1
    outer loop
      vertex -1.5776929780840874 0.8935580551624298 16
      vertex -1.5659026354551315 0.917398102581501 16
      vertex -1.5825475607450328 1.5282484150097941 16
    endloop
  endfacet
  facet normal 0 0 1
    outer loop
      vertex -1.5659026354551315 0.917398102581501 16
      vertex -1.5564648061990738 0.9349838122725487 16
      vertex -1.5825475607450328 1.5282484150097941 16
    endloop
  endfacet
  facet normal 0 0 1
    outer loop
      vertex -1.5564648061990738 0.9349838122725487 16
      vertex -1.4492848068475723 1.1196738108992577 16
      vertex -1.5825475607450328 1.5282484150097941 16
    endloop
  endfacet
  facet normal 0 0 1
    outer loop
      vertex -1.5776929780840874 0.8935580551624298 16
      vertex -1.5825475607450328 1.5282484150097941 16
      vertex -1.6349186160502676 1.4720873339894882 16
    endloop
  endfacet
  facet normal 0 0 1
    outer loop
      vertex -1.4492848068475723 1.1196738108992577 16
      vertex -1.5282484150097941 1.5825475607450328 16
      vertex -1.5825475607450328 1.5282484150097941 16
    endloop
  endfacet
  facet normal 0 0 1
    outer loop
      vertex -1.4492848068475723 1.1196738108992577 16
      vertex -1.4368737936019897 1.1392731666564941 16
      vertex -1.4720873339894882 1.6349186160502676 16
    endloop
  endfacet
  facet normal 0 0 1
    outer loop
      vertex -1.4368737936019897 1.1392731666564941 16
      vertex -1.4193408489227295 1.1647272855043411 16
      vertex -1.4720873339894882 1.6349186160502676 16
    endloop
  endfacet
  facet normal 0 0 1
    outer loop
      vertex -1.4193408489227295 1.1647272855043411 16
      vertex -1.4054524451494217 1.1833091005682945 16
      vertex -1.4720873339894882 1.6349186160502676 16
    endloop
  endfacet
  facet normal 0 0 1
    outer loop
      vertex -1.4492848068475723 1.1196738108992577 16
      vertex -1.4720873339894882 1.6349186160502676 16
      vertex -1.5282484150097941 1.5825475607450328 16
    endloop
  endfacet
  facet normal 0 0 1
    outer loop
      vertex -1.4054524451494217 1.1833091005682945 16
      vertex -1.2725124508142471 1.3475291058421135 16
      vertex -1.4141327413103866 1.6852977748617517 16
    endloop
  endfacet
  facet normal 0 0 1
    outer loop
      vertex -1.4054524451494217 1.1833091005682945 16
      vertex -1.4141327413103866 1.6852977748617517 16
      vertex -1.4720873339894882 1.6349186160502676 16
    endloop
  endfacet
  facet normal 0 0 1
    outer loop
      vertex -1.4141327413103866 1.6852977748617517 16
      vertex -1.2725124508142471 1.3475291058421135 16
      vertex -1.3544552457164483 1.7336236579347883 16
    endloop
  endfacet
  facet normal 0 0 1
    outer loop
      vertex -1.3544552457164483 1.7336236579347883 16
      vertex -1.2725124508142471 1.3475291058421135 16
      vertex -1.293127555043441 1.7798373876248845 16
    endloop
  endfacet
  facet normal 0 0 1
    outer loop
      vertex -1.2725124508142471 1.3475291058421135 16
      vertex -1.256927601993084 1.3653009831905365 16
      vertex -1.293127555043441 1.7798373876248845 16
    endloop
  endfacet
  facet normal 0 0 1
    outer loop
      vertex -1.256927601993084 1.3653009831905365 16
      vertex -1.235247328877449 1.3881419748067856 16
      vertex -1.293127555043441 1.7798373876248845 16
    endloop
  endfacet
  facet normal 0 0 1
    outer loop
      vertex -1.235247328877449 1.3881419748067856 16
      vertex -1.2183117792010307 1.4046315923333168 16
      vertex -1.293127555043441 1.7798373876248845 16
    endloop
  endfacet
  facet normal 0 0 1
    outer loop
      vertex -1.2183117792010307 1.4046315923333168 16
      vertex -1.2302243876356433 1.823882659621092 16
      vertex -1.293127555043441 1.7798373876248845 16
    endloop
  endfacet
  facet normal 0 0 1
    outer loop
      vertex -1.2183117792010307 1.4046315923333168 16
      vertex -1.062371775507927 1.5449315905570984 16
      vertex -1.2302243876356433 1.823882659621092 16
    endloop
  endfacet
  facet normal 0 0 1
    outer loop
      vertex -1.062371775507927 1.5449315905570984 16
      vertex -1.0446041449904442 1.559719204902649 16
      vertex -1.1 1.905255888325765 16
    endloop
  endfacet
  facet normal 0 0 1
    outer loop
      vertex -1.0446041449904442 1.559719204902649 16
      vertex -1.0201900526881218 1.5784947350621223 16
      vertex -1.1 1.905255888325765 16
    endloop
  endfacet
  facet normal 0 0 1
    outer loop
      vertex -1.0201900526881218 1.5784947350621223 16
      vertex -1.0013365373015404 1.5918704122304916 16
      vertex -1.0328374381289598 1.9424847042896396 16
    endloop
  endfacet
  facet normal 0 0 1
    outer loop
      vertex -1.062371775507927 1.5449315905570984 16
      vertex -1.1658223813130508 1.8657058115441372 16
      vertex -1.2302243876356433 1.823882659621092 16
    endloop
  endfacet
  facet normal 0 0 1
    outer loop
      vertex -1.062371775507927 1.5449315905570984 16
      vertex -1.1 1.905255888325765 16
      vertex -1.1658223813130508 1.8657058115441372 16
    endloop
  endfacet
  facet normal 0 0 1
    outer loop
      vertex -1.0201900526881218 1.5784947350621223 16
      vertex -1.0328374381289598 1.9424847042896396 16
      vertex -1.1 1.905255888325765 16
    endloop
  endfacet
  facet normal 0 0 1
    outer loop
      vertex -1.0013365373015404 1.5918704122304916 16
      vertex -0.8269965350627899 1.7057204097509384 16
      vertex -1.0328374381289598 1.9424847042896396 16
    endloop
  endfacet
  facet normal 0 0 1
    outer loop
      vertex -1.0328374381289598 1.9424847042896396 16
      vertex -0.8269965350627899 1.7057204097509384 16
      vertex -0.9644165229359705 1.9773469018581677 16
    endloop
  endfacet
  facet normal 0 0 1
    outer loop
      vertex -0.9644165229359705 1.9773469018581677 16
      vertex -0.8269965350627899 1.7057204097509384 16
      vertex -0.8948206147667606 2.0098000068137223 16
    endloop
  endfacet
  facet normal 0 0 1
    outer loop
      vertex -0.8269965350627899 1.7057204097509384 16
      vertex -0.8044269159436226 1.7190894037485123 16
      vertex -0.8948206147667606 2.0098000068137223 16
    endloop
  endfacet
  facet normal 0 0 1
    outer loop
      vertex -0.8044269159436226 1.7190894037485123 16
      vertex -0.7736130431294441 1.7355662435293198 16
      vertex -0.8241345055150064 2.0398044800469326 16
    endloop
  endfacet
  facet normal 0 0 1
    outer loop
      vertex -0.7736130431294441 1.7355662435293198 16
      vertex -0.7499618604779243 1.7469125166535378 16
      vertex -0.8241345055150064 2.0398044800469326 16
    endloop
  endfacet
  facet normal 0 0 1
    outer loop
      vertex -0.7499618604779243 1.7469125166535378 16
      vertex -0.560901865363121 1.827642522752285 16
      vertex -0.7524443153164713 2.067323765728999 16
    endloop
  endfacet
  facet normal 0 0 1
    outer loop
      vertex -0.8044269159436226 1.7190894037485123 16
      vertex -0.8241345055150064 2.0398044800469326 16
      vertex -0.8948206147667606 2.0098000068137223 16
    endloop
  endfacet
  facet normal 0 0 1
    outer loop
      vertex -0.7499618604779243 1.7469125166535378 16
      vertex -0.7524443153164713 2.067323765728999 16
      vertex -0.8241345055150064 2.0398044800469326 16
    endloop
  endfacet
  facet normal 0 0 1
    outer loop
      vertex -0.7524443153164713 2.067323765728999 16
      vertex -0.560901865363121 1.827642522752285 16
      vertex -0.6798373876248843 2.0923243358493377 16
    endloop
  endfacet
  facet normal 0 0 1
    outer loop
      vertex -0.6798373876248843 2.0923243358493377 16
      vertex -0.560901865363121 1.827642522752285 16
      vertex -0.6064021827973982 2.114775731064302 16
    endloop
  endfacet
  facet normal 0 0 1
    outer loop
      vertex -0.560901865363121 1.827642522752285 16
      vertex -0.533199816942215 1.8378904461860657 16
      vertex -0.6064021827973982 2.114775731064302 16
    endloop
  endfacet
  facet normal 0 0 1
    outer loop
      vertex -0.533199816942215 1.8378904461860657 16
      vertex -0.49568137526512146 1.8497051671147346 16
      vertex -0.6064021827973982 2.114775731064302 16
    endloop
  endfacet
  facet normal 0 0 1
    outer loop
      vertex -0.49568137526512146 1.8497051671147346 16
      vertex -0.5322281703192691 2.1346505978071924 16
      vertex -0.6064021827973982 2.114775731064302 16
    endloop
  endfacet
  facet normal 0 0 1
    outer loop
      vertex -0.49568137526512146 1.8497051671147346 16
      vertex -0.46710575371980667 1.8571793138980865 16
      vertex -0.5322281703192691 2.1346505978071924 16
    endloop
  endfacet
  facet normal 0 0 1
    outer loop
      vertex -0.46710575371980667 1.8571793138980865 16
      vertex -0.2651657536625862 1.89949931204319 16
      vertex -0.5322281703192691 2.1346505978071924 16
    endloop
  endfacet
  facet normal 0 0 1
    outer loop
      vertex -0.2651657536625862 1.89949931204319 16
      vertex -0.4574057197990706 2.151924721614373 16
      vertex -0.5322281703192691 2.1346505978071924 16
    endloop
  endfacet
  facet normal 0 0 1
    outer loop
      vertex -0.2651657536625862 1.89949931204319 16
      vertex -0.38202599086724676 2.1665770566268576 16
      vertex -0.4574057197990706 2.151924721614373 16
    endloop
  endfacet
  facet normal 0 0 1
    outer loop
      vertex -0.2651657536625862 1.89949931204319 16
      vertex -0.24008163809776306 1.9036552384495735 16
      vertex -0.306180822112144 2.178589751231455 16
    endloop
  endfacet
  facet normal 0 0 1
    outer loop
      vertex -0.24008163809776306 1.9036552384495735 16
      vertex -0.20646166801452637 1.9077704772353172 16
      vertex -0.306180822112144 2.178589751231455 16
    endloop
  endfacet
  facet normal 0 0 1
    outer loop
      vertex -0.2651657536625862 1.89949931204319 16
      vertex -0.306180822112144 2.178589751231455 16
      vertex -0.38202599086724676 2.1665770566268576 16
    endloop
  endfacet
  facet normal 0 0 1
    outer loop
      vertex -0.20646166801452637 1.9077704772353172 16
      vertex -0.22996261918883765 2.1879481698102015 16
      vertex -0.306180822112144 2.178589751231455 16
    endloop
  endfacet
  facet normal 0 0 1
    outer loop
      vertex -0.20646166801452637 1.9077704772353172 16
      vertex -0.18111582100391388 1.9097874164581299 16
      vertex -0.22996261918883765 2.1879481698102015 16
    endloop
  endfacet
  facet normal 0 0 1
    outer loop
      vertex -0.18111582100391388 1.9097874164581299 16
      vertex -0.15346424223707567 2.1946409105716134 16
      vertex -0.22996261918883765 2.1879481698102015 16
    endloop
  endfacet
  facet normal 0 0 1
    outer loop
      vertex -0.18111582100391388 1.9097874164581299 16
      vertex 0.030024178326129913 1.9176074117422104 16
      vertex -0.15346424223707567 2.1946409105716134 16
    endloop
  endfacet
  facet normal 0 0 1
    outer loop
      vertex -0.15346424223707567 2.1946409105716134 16
      vertex 0.030024178326129913 1.9176074117422104 16
      vertex -0.07677889274550213 2.198659819442011 16
    endloop
  endfacet
  facet normal 0 0 1
    outer loop
      vertex -0.07677889274550213 2.198659819442011 16
      vertex 0.030024178326129913 1.9176074117422104 16
      vertex 0 2.2 16
    endloop
  endfacet
  facet normal 0.28691424308663294 -0.9384542032803294 0.19231205229913909
    outer loop
      vertex 1.5724067464470863 -4.880360387265682 1.0631565780944428
      vertex 0.7023411941859502 -2.4493548251085553 14.224170446481637
      vertex 1.3838067427277565 -4.77088039368391 1.8787788211621859
    endloop
  endfacet
  facet normal 0.2869142430867101 -0.9384542032803057 0.19231205229913984
    outer loop
      vertex 1.58947359640852 -4.8918967204412445 0.981398609679907
      vertex 0.7023411941859502 -2.4493548251085553 14.224170446481637
      vertex 1.5724067464470863 -4.880360387265682 1.0631565780944428
    endloop
  endfacet
  facet normal 0.31949104205476503 -0.927869359655363 0.19231205229913925
    outer loop
      vertex 1.5950739458203316 -4.895682275295258 0.9538300732080742
      vertex 1.6234140682550633 -4.917807116062674 0.8
      vertex 0.767111691133493 -2.360927022976219 14.559052549407276
    endloop
  endfacet
  facet normal 0.3194910420543048 -0.9278693596555213 0.1923120522991407
    outer loop
      vertex 1.5950739458203316 -4.895682275295258 0.9538300732080742
      vertex 0.767111691133493 -2.360927022976219 14.559052549407276
      vertex 1.58947359640852 -4.8918967204412445 0.981398609679907
    endloop
  endfacet
  facet normal 0.31949104205474793 -0.9278693596553689 0.19231205229913914
    outer loop
      vertex 0.767111691133493 -2.360927022976219 14.559052549407276
      vertex 1.6234140682550633 -4.917807116062674 0.8
      vertex 1.7713902880559707 -4.866854817475 0.8
    endloop
  endfacet
  facet normal 0.3516785904019311 -0.9161540501429898 0.19231205229913892
    outer loop
      vertex 0.82647528787612 -2.2707221911768984 14.895652161143246
      vertex 1.7713902880559707 -4.866854817475 0.8
      vertex 1.940161988607871 -4.802069431501358 0.8
    endloop
  endfacet
  facet normal 0.3834376725586331 -0.9033225480432289 0.1923120522991392
    outer loop
      vertex 0.8802122304398247 -2.1786017197778453 15.236236175389678
      vertex 1.940161988607871 -4.802069431501358 0.8
      vertex 2.106569900635696 -4.731433463627524 0.8
    endloop
  endfacet
  facet normal 0.18724732112671366 -0.9633039578821228 0.19231205229913906
    outer loop
      vertex 0.9718959871716605 -4.572411124529079 3.374680748234347
      vertex 0.4794769073544687 -2.7192486676059233 13.136746414300198
      vertex 0.7899972610775171 -4.4802971042967075 4.013194288991343
    endloop
  endfacet
  facet normal 0.153514431816493 -0.9692519764047693 0.19231205229914147
    outer loop
      vertex 0.7899972610775171 -4.4802971042967075 4.013194288991343
      vertex 0.3955431039670797 -2.8144354258652284 12.724006274073666
      vertex 0.7834513336420059 -4.476982228457928 4.035126582047461
    endloop
  endfacet
  facet normal 0.22075207841287528 -0.9561823018739053 0.1923120522991616
    outer loop
      vertex 0.9718959871716605 -4.572411124529079 3.374680748234347
      vertex 0.9720961451530457 -4.572512485086918 3.373947021667405
      vertex 0.558460724754678 -2.627351140642018 13.520163586244593
    endloop
  endfacet
  facet normal 0.11959450881786127 -0.9740191106960416 0.19231205229913892
    outer loop
      vertex 0.45420757681131363 -4.2560848370194435 5.38588050748028
      vertex 0.3071065136717101 -2.921923297338341 12.234600075763481
      vertex 0.4465385025194729 -4.248530055813054 5.428913070162821
    endloop
  endfacet
  facet normal 0.08552887833251807 -0.977599552737047 0.19231205229913906
    outer loop
      vertex 0.4465385025194729 -4.248530055813054 5.428913070162821
      vertex 0.24328936636447906 -3.001829706132412 11.856785687108733
      vertex 0.3206665739417076 -4.124534010887146 6.115215157565217
    endloop
  endfacet
  facet normal 0.1535144318163329 -0.9692519764047952 0.19231205229913925
    outer loop
      vertex 0.6150252389731484 -4.376131963891654 4.677858813336194
      vertex 0.7834513336420059 -4.476982228457928 4.035126582047461
      vertex 0.3955431039670797 -2.8144354258652284 12.724006274073666
    endloop
  endfacet
  facet normal 0.11959450881760575 -0.9740191106960732 0.19231205229913756
    outer loop
      vertex 0.6150252389731484 -4.376131963891654 4.677858813336194
      vertex 0.36805447936058044 -2.8456094339489937 12.583211192595513
      vertex 0.6099266186356544 -4.3730790093541145 4.696492086787956
    endloop
  endfacet
  facet normal 0.11959450881784296 -0.9740191106960439 0.19231205229913895
    outer loop
      vertex 0.6099266186356544 -4.3730790093541145 4.696492086787956
      vertex 0.3071065136717101 -2.921923297338341 12.234600075763481
      vertex 0.45420757681131363 -4.2560848370194435 5.38588050748028
    endloop
  endfacet
  facet normal 0.25398788330907607 -0.9478956850163779 0.19231205229913917
    outer loop
      vertex 1.1729348599910736 -4.666972629725933 2.6721360808291834
      vertex 1.3652644965106269 -4.761243124794346 1.9534708119362563
      vertex 0.6330500069664117 -2.5390248979156174 13.873704876023176
    endloop
  endfacet
  facet normal 0.2539878833088746 -0.9478956850164318 0.19231205229913984
    outer loop
      vertex 1.1623600243029684 -4.661971423378606 2.7107530159639524
      vertex 1.1700094267725945 -4.665568046271801 2.682922836841307
      vertex 0.6330500069664117 -2.5390248979156174 13.873704876023176
    endloop
  endfacet
  facet normal 0.2539878833093777 -0.9478956850162973 0.1923120522991384
    outer loop
      vertex 1.1729348599910736 -4.666972629725933 2.6721360808291834
      vertex 0.6330500069664117 -2.5390248979156174 13.873704876023176
      vertex 1.1700094267725945 -4.665568046271801 2.682922836841307
    endloop
  endfacet
  facet normal 0.2869142430868593 -0.9384542032802602 0.19231205229913842
    outer loop
      vertex 1.371424861252308 -4.76426263153553 1.929545295438004
      vertex 0.7023411941859502 -2.4493548251085553 14.224170446481637
      vertex 1.3652644965106269 -4.761243124794346 1.9534708119362563
    endloop
  endfacet
  facet normal 0.2869142430866657 -0.9384542032803195 0.19231205229913903
    outer loop
      vertex 1.371424861252308 -4.76426263153553 1.929545295438004
      vertex 1.3838067427277565 -4.77088039368391 1.8787788211621859
      vertex 0.7023411941859502 -2.4493548251085553 14.224170446481637
    endloop
  endfacet
  facet normal 0.22075207841955966 -0.9561823018723666 0.1923120522991391
    outer loop
      vertex 1.1623600243029684 -4.661971423378606 2.7107530159639524
      vertex 0.558460724754678 -2.627351140642018 13.520163586244593
      vertex 0.9720961451530457 -4.572512485086918 3.373947021667405
    endloop
  endfacet
  facet normal 0.41472959497539197 -0.8893904865648388 0.19231205229913903
    outer loop
      vertex 0.9297722647900586 -2.08830269807468 15.56157178176246
      vertex 2.106569900635696 -4.731433463627524 0.8
      vertex 2.2704112817318136 -4.655032972899711 0.8
    endloop
  endfacet
  facet normal 0.44551623326484874 -0.874374839778681 0.19231205229913906
    outer loop
      vertex 0.9901927352806251 -2.030195969049777 15.700000000000003
      vertex 2.2704112817318136 -4.655032972899711 0.8
      vertex 2.4314865164111894 -4.572961041547282 0.8
    endloop
  endfacet
  facet normal 0.4757600786506002 -0.8582939019373654 0.19231205229913936
    outer loop
      vertex 1.0604423541476875 -1.9944020004197238 15.700000000000003
      vertex 2.4314865164111894 -4.572961041547282 0.8
      vertex 2.5895993593121034 -4.485317661576375 0.8
    endloop
  endfacet
  facet normal 0.5054242836657257 -0.8411672651865866 0.19231205229913886
    outer loop
      vertex 1.129399987354844 -1.9561781601662371 15.700000000000003
      vertex 2.5895993593121034 -4.485317661576375 0.8
      vertex 2.744557174290897 -4.39220961294506 0.8
    endloop
  endfacet
  facet normal 0.534472707045864 -0.8230157956950518 0.192312052299139
    outer loop
      vertex 1.1969816206481398 -1.9155710181507342 15.700000000000003
      vertex 2.744557174290897 -4.39220961294506 0.8
      vertex 2.896171169119442 -4.293750333468394 0.8
    endloop
  endfacet
  facet normal 0.5628699577616582 -0.803861608232339 0.19231205229913897
    outer loop
      vertex 1.26310491621756 -1.8726300479207092 15.700000000000003
      vertex 2.896171169119442 -4.293750333468394 0.8
      vertex 3.044256625499383 -4.190059780611936 0.8
    endloop
  endfacet
  facet normal 0.5905814381374112 -0.7837280392253682 0.19231205229913934
    outer loop
      vertex 1.327689313012966 -1.8274075664338394 15.700000000000003
      vertex 3.044256625499383 -4.190059780611936 0.8
      vertex 3.188633124112938 -4.081264285342028 0.8
    endloop
  endfacet
  facet normal 0.6175733860028635 -0.7626396183266717 0.19231205229913906
    outer loop
      vertex 1.3688407979286157 -1.7520363251132287 15.880785611798942
      vertex 3.188633124112938 -4.081264285342028 0.8
      vertex 3.3291247644360413 -3.967496398211005 0.8
    endloop
  endfacet
  facet normal 0.6438129158273798 -0.7406220385286549 0.19231205229913928
    outer loop
      vertex 1.4141327413103866 -1.6852977748617517 16
      vertex 3.3291247644360413 -3.967496398211005 0.8
      vertex 3.4655603790460368 -3.84889472786473 0.8
    endloop
  endfacet
  facet normal 0.6692680587857274 -0.7177021248607791 0.1923120522991392
    outer loop
      vertex 1.4720873339894882 -1.6349186160502676 16
      vertex 3.4655603790460368 -3.84889472786473 0.8
      vertex 3.5977737421628184 -3.725603772169335 0.8
    endloop
  endfacet
  facet normal 0.6939078017072945 -0.6939078017072896 0.1923120522991391
    outer loop
      vertex 1.5282484150097941 -1.5825475607450328 16
      vertex 3.5977737421628184 -3.725603772169335 0.8
      vertex 3.725603772169335 -3.597773742162818 0.8
    endloop
  endfacet
  facet normal 0.7177021248607807 -0.6692680587857258 0.19231205229913897
    outer loop
      vertex 1.5825475607450328 -1.5282484150097941 16
      vertex 3.725603772169335 -3.597773742162818 0.8
      vertex 3.8488947278647294 -3.4655603790460368 0.8
    endloop
  endfacet
  facet normal 0.7406220385286528 -0.643812915827382 0.1923120522991393
    outer loop
      vertex 1.6349186160502676 -1.4720873339894882 16
      vertex 3.8488947278647294 -3.4655603790460368 0.8
      vertex 3.967496398211005 -3.3291247644360413 0.8
    endloop
  endfacet
  facet normal 0.7626396183266707 -0.6175733860028644 0.19231205229913925
    outer loop
      vertex 1.6852977748617517 -1.4141327413103866 16
      vertex 3.967496398211005 -3.3291247644360413 0.8
      vertex 4.081264285342029 -3.1886331241129375 0.8
    endloop
  endfacet
  facet normal 0.7837280392253723 -0.5905814381374058 0.19231205229913917
    outer loop
      vertex 1.7336236579347883 -1.3544552457164483 16
      vertex 4.081264285342029 -3.1886331241129375 0.8
      vertex 4.190059780611935 -3.044256625499383 0.8
    endloop
  endfacet
  facet normal 0.8038616082323313 -0.5628699577616691 0.19231205229913914
    outer loop
      vertex 1.7798373876248845 -1.293127555043441 16
      vertex 4.190059780611935 -3.044256625499383 0.8
      vertex 4.293750333468396 -2.8961711691194423 0.8
    endloop
  endfacet
  facet normal 0.82301579569506 -0.5344727070458514 0.19231205229913917
    outer loop
      vertex 1.823882659621092 -1.2302243876356433 16
      vertex 4.293750333468396 -2.8961711691194423 0.8
      vertex 4.392209612945059 -2.744557174290897 0.8
    endloop
  endfacet
  facet normal 0.8411672651865839 -0.50542428366573 0.1923120522991391
    outer loop
      vertex 1.8657058115441372 -1.1658223813130508 16
      vertex 4.392209612945059 -2.744557174290897 0.8
      vertex 4.485317661576375 -2.5895993593121034 0.8
    endloop
  endfacet
  facet normal 0.858293901937363 -0.4757600786506047 0.19231205229913903
    outer loop
      vertex 1.905255888325765 -1.1 16
      vertex 4.485317661576375 -2.5895993593121034 0.8
      vertex 4.572961041547283 -2.4314865164111894 0.8
    endloop
  endfacet
  facet normal 0.874374839778681 -0.44551623326484857 0.19231205229913928
    outer loop
      vertex 1.9424847042896396 -1.0328374381289598 16
      vertex 4.572961041547283 -2.4314865164111894 0.8
      vertex 4.655032972899712 -2.2704112817318136 0.8
    endloop
  endfacet
  facet normal 0.8893904865648408 -0.41472959497538764 0.19231205229913914
    outer loop
      vertex 1.9773469018581677 -0.9644165229359705 16
      vertex 4.655032972899712 -2.2704112817318136 0.8
      vertex 4.731433463627524 -2.1065699006356957 0.8
    endloop
  endfacet
  facet normal 0.9033225480432269 -0.3834376725586379 0.1923120522991391
    outer loop
      vertex 2.0098000068137223 -0.8948206147667606 16
      vertex 4.731433463627524 -2.1065699006356957 0.8
      vertex 4.802069431501359 -1.9401619886078707 0.8
    endloop
  endfacet
  facet normal 0.9161540501429943 -0.3516785904019195 0.19231205229913897
    outer loop
      vertex 2.0398044800469326 -0.8241345055150064 16
      vertex 4.802069431501359 -1.9401619886078707 0.8
      vertex 4.866854817474998 -1.7713902880559709 0.8
    endloop
  endfacet
  facet normal 0.9278693596553687 -0.31949104205474893 0.19231205229913909
    outer loop
      vertex 2.067323765728999 -0.7524443153164713 16
      vertex 4.866854817474998 -1.7713902880559709 0.8
      vertex 4.925710690535061 -1.6004604212998317 0.8
    endloop
  endfacet
  facet normal 0.9384542032803266 -0.28691424308664193 0.192312052299139
    outer loop
      vertex 2.0923243358493377 -0.6798373876248843 16
      vertex 4.925710690535061 -1.6004604212998317 0.8
      vertex 4.978565343866273 -1.427580640052367 0.8
    endloop
  endfacet
  facet normal 0.9478956850163771 -0.25398788330907945 0.1923120522991391
    outer loop
      vertex 2.114775731064302 -0.6064021827973982 16
      vertex 4.978565343866273 -1.427580640052367 0.8
      vertex 5.025354382215184 -1.2529615716969382 0.8
    endloop
  endfacet
  facet normal 0.9561823018723673 -0.22075207841955677 0.19231205229913914
    outer loop
      vertex 2.1346505978071924 -0.5322281703192691 16
      vertex 5.025354382215184 -1.2529615716969382 0.8
      vertex 5.066020800345869 -1.0768159626703313 0.8
    endloop
  endfacet
  facet normal 0.9633039578821221 -0.18724732112671758 0.1923120522991392
    outer loop
      vertex 2.151924721614373 -0.4574057197990706 16
      vertex 5.066020800345869 -1.0768159626703313 0.8
      vertex 5.100515052492013 -0.8993584192639942 0.8
    endloop
  endfacet
  facet normal 0.9692519764047963 -0.1535144318163259 0.19231205229913917
    outer loop
      vertex 2.1665770566268576 -0.38202599086724676 16
      vertex 5.100515052492013 -0.8993584192639942 0.8
      vertex 5.12879511272081 -0.7208051461593283 0.8
    endloop
  endfacet
  facet normal 0.9740191106960436 -0.11959450881784368 0.1923120522991391
    outer loop
      vertex 2.178589751231455 -0.306180822112144 16
      vertex 5.12879511272081 -0.7208051461593283 0.8
      vertex 5.150826526135078 -0.5413736830155884 0.8
    endloop
  endfacet
  facet normal 0.9775995527370482 -0.08552887833250623 0.19231205229913914
    outer loop
      vertex 2.1879481698102015 -0.22996261918883765 16
      vertex 5.150826526135078 -0.5413736830155884 0.8
      vertex 5.166582450851255 -0.3612826394313169 0.8
    endloop
  endfacet
  facet normal 0.9799889403107104 -0.05135904408362746 0.1923120522991391
    outer loop
      vertex 2.1946409105716134 -0.15346424223707567 16
      vertex 5.166582450851255 -0.3612826394313169 0.8
      vertex 5.176043690702087 -0.18075142860222274 0.8
    endloop
  endfacet
  facet normal 0.9811843623163283 -0.017126636750784064 0.1923120522991391
    outer loop
      vertex 2.198659819442011 -0.07677889274550213 16
      vertex 5.176043690702087 -0.18075142860222274 0.8
      vertex 5.179198718624207 0 0.8
    endloop
  endfacet
  facet normal 0.051359044083619194 -0.9799889403107108 0.19231205229913928
    outer loop
      vertex 0.21271124482154846 -3.9780648946762085 6.896157423344377
      vertex 0.11373496348419818 -3.2569432214566567 10.597301387336792
      vertex 0.13361143320798874 -3.8191010132431984 7.727334328347929
    endloop
  endfacet
  facet normal 0.08552887833247505 -0.977599552737051 0.19231205229913903
    outer loop
      vertex 0.3206665739417076 -4.124534010887146 6.115215157565217
      vertex 0.2133679041696654 -3.0513031874244785 11.618599346022698
      vertex 0.285035017590247 -4.076190658034136 6.376810655993154
    endloop
  endfacet
  facet normal 0.05135904408363513 -0.97998894031071 0.19231205229913922
    outer loop
      vertex 0.285035017590247 -4.076190658034136 6.376810655993154
      vertex 0.15014921873807907 -3.1558317840099335 11.102822949472845
      vertex 0.21271124482154846 -3.9780648946762085 6.896157423344377
    endloop
  endfacet
  facet normal 0.051359044085236144 -0.9799889403106271 0.19231205229913406
    outer loop
      vertex 0.1333311645597516 -3.8181049988391487 7.732484694216204
      vertex 0.13361143320798874 -3.8191010132431984 7.727334328347929
      vertex 0.11373496348419818 -3.2569432214566567 10.597301387336792
    endloop
  endfacet
  facet normal 0.017126636750770016 -0.9811843623163286 0.19231205229913936
    outer loop
      vertex 0.1333311645597516 -3.8181049988391487 7.732484694216204
      vertex 0.11373496348419818 -3.2569432214566567 10.597301387336792
      vertex 0.086211197078228 -3.6506507843732834 8.591039637760815
    endloop
  endfacet
  facet normal 0.017126636750755885 -0.9811843623163289 0.19231205229913878
    outer loop
      vertex 0.086211197078228 -3.6506507843732834 8.591039637760815
      vertex 0.09328391402959824 -3.3137296363711357 10.309395954739216
      vertex 0.07223382592201233 -3.4795677065849304 9.465157634691764
    endloop
  endfacet
  facet normal 0.051359044083610805 -0.9799889403107113 0.19231205229913914
    outer loop
      vertex 0.21271124482154846 -3.9780648946762085 6.896157423344377
      vertex 0.15014921873807907 -3.1558317840099335 11.102822949472845
      vertex 0.11373496348419818 -3.2569432214566567 10.597301387336792
    endloop
  endfacet
  facet normal 0.05135904408361552 -0.9799889403107112 0.1923120522991389
    outer loop
      vertex 0.285035017590247 -4.076190658034136 6.376810655993154
      vertex 0.2133679041696654 -3.0513031874244785 11.618599346022698
      vertex 0.15014921873807907 -3.1558317840099335 11.102822949472845
    endloop
  endfacet
  facet normal 0.017126636750844075 -0.9811843623163276 0.19231205229913814
    outer loop
      vertex 0.086211197078228 -3.6506507843732834 8.591039637760815
      vertex 0.11373496348419818 -3.2569432214566567 10.597301387336792
      vertex 0.09328391402959824 -3.3137296363711357 10.309395954739216
    endloop
  endfacet
  facet normal 0.08552887833250376 -0.9775995527370483 0.19231205229913914
    outer loop
      vertex 0.3206665739417076 -4.124534010887146 6.115215157565217
      vertex 0.24328936636447906 -3.001829706132412 11.856785687108733
      vertex 0.2133679041696654 -3.0513031874244785 11.618599346022698
    endloop
  endfacet
  facet normal 0.08552887833251174 -0.9775995527370477 0.19231205229913897
    outer loop
      vertex 0.4465385025194729 -4.248530055813054 5.428913070162821
      vertex 0.3071065136717101 -2.921923297338341 12.234600075763481
      vertex 0.24328936636447906 -3.001829706132412 11.856785687108733
    endloop
  endfacet
  facet normal 0.11959450881786238 -0.9740191106960414 0.1923120522991392
    outer loop
      vertex 0.6099266186356544 -4.3730790093541145 4.696492086787956
      vertex 0.36805447936058044 -2.8456094339489937 12.583211192595513
      vertex 0.3071065136717101 -2.921923297338341 12.234600075763481
    endloop
  endfacet
  facet normal 0.11959450881783698 -0.9740191106960445 0.19231205229913922
    outer loop
      vertex 0.6150252389731484 -4.376131963891654 4.677858813336194
      vertex 0.3955431039670797 -2.8144354258652284 12.724006274073666
      vertex 0.36805447936058044 -2.8456094339489937 12.583211192595513
    endloop
  endfacet
  facet normal 0.15351443181632676 -0.9692519764047962 0.19231205229913903
    outer loop
      vertex 0.7899972610775171 -4.4802971042967075 4.013194288991343
      vertex 0.4794769073544687 -2.7192486676059233 13.136746414300198
      vertex 0.3955431039670797 -2.8144354258652284 12.724006274073666
    endloop
  endfacet
  facet normal 0.18724732112673717 -0.9633039578821181 0.19231205229913936
    outer loop
      vertex 0.9718959871716605 -4.572411124529079 3.374680748234347
      vertex 0.5106501802802086 -2.6838960126042366 13.283477938930673
      vertex 0.4794769073544687 -2.7192486676059233 13.136746414300198
    endloop
  endfacet
  facet normal 0.1872473211265029 -0.9633039578821633 0.19231205229914172
    outer loop
      vertex 0.9718959871716605 -4.572411124529079 3.374680748234347
      vertex 0.5134436935186386 -2.680658869445324 13.296973062693105
      vertex 0.5106501802802086 -2.6838960126042366 13.283477938930673
    endloop
  endfacet
  facet normal 0.25398788330906574 -0.9478956850163806 0.19231205229913928
    outer loop
      vertex 1.3652644965106269 -4.761243124794346 1.9534708119362563
      vertex 0.6558136940002441 -2.5120688676834106 13.976505526423885
      vertex 0.6330500069664117 -2.5390248979156174 13.873704876023176
    endloop
  endfacet
  facet normal 0.25398788330912625 -0.9478956850163646 0.192312052299138
    outer loop
      vertex 1.3652644965106269 -4.761243124794346 1.9534708119362563
      vertex 0.6643575876951218 -2.5012118741869926 14.018735078423532
      vertex 0.6558136940002441 -2.5120688676834106 13.976505526423885
    endloop
  endfacet
  facet normal 0.2869142430866514 -0.9384542032803237 0.19231205229913906
    outer loop
      vertex 1.58947359640852 -4.8918967204412445 0.981398609679907
      vertex 0.767111691133493 -2.360927022976219 14.559052549407276
      vertex 0.7023411941859502 -2.4493548251085553 14.224170446481637
    endloop
  endfacet
  facet normal 0.18724732112670497 -0.9633039578821244 0.19231205229913903
    outer loop
      vertex 0.9718959871716605 -4.572411124529079 3.374680748234347
      vertex 0.558460724754678 -2.627351140642018 13.520163586244593
      vertex 0.5134436935186386 -2.680658869445324 13.296973062693105
    endloop
  endfacet
  facet normal 0.22075207841955785 -0.9561823018723671 0.1923120522991391
    outer loop
      vertex 1.1623600243029684 -4.661971423378606 2.7107530159639524
      vertex 0.6330500069664117 -2.5390248979156174 13.873704876023176
      vertex 0.558460724754678 -2.627351140642018 13.520163586244593
    endloop
  endfacet
  facet normal 0.2539878833090744 -0.9478956850163783 0.19231205229913892
    outer loop
      vertex 1.3652644965106269 -4.761243124794346 1.9534708119362563
      vertex 0.7023411941859502 -2.4493548251085553 14.224170446481637
      vertex 0.6643575876951218 -2.5012118741869926 14.018735078423532
    endloop
  endfacet
  facet normal 0.31949104205472517 -0.9278693596553769 0.19231205229913906
    outer loop
      vertex 0.767111691133493 -2.360927022976219 14.559052549407276
      vertex 1.7713902880559707 -4.866854817475 0.8
      vertex 0.7940775901079178 -2.3241118788719177 14.69187979927024
    endloop
  endfacet
  facet normal 0.31949104205466655 -0.9278693596553971 0.1923120522991386
    outer loop
      vertex 0.7940775901079178 -2.3241118788719177 14.69187979927024
      vertex 1.7713902880559707 -4.866854817475 0.8
      vertex 0.8054857775568962 -2.306704208254814 14.756915923335413
    endloop
  endfacet
  facet normal 0.31949104205476564 -0.9278693596553628 0.19231205229913917
    outer loop
      vertex 0.8054857775568962 -2.306704208254814 14.756915923335413
      vertex 1.7713902880559707 -4.866854817475 0.8
      vertex 0.82647528787612 -2.2707221911768984 14.895652161143246
    endloop
  endfacet
  facet normal 0.35167859040193467 -0.9161540501429885 0.19231205229913914
    outer loop
      vertex 0.82647528787612 -2.2707221911768984 14.895652161143246
      vertex 1.940161988607871 -4.802069431501358 0.8
      vertex 0.8802122304398247 -2.1786017197778453 15.236236175389678
    endloop
  endfacet
  facet normal 0.38343767255864003 -0.9033225480432259 0.1923120522991392
    outer loop
      vertex 0.8802122304398247 -2.1786017197778453 15.236236175389678
      vertex 2.106569900635696 -4.731433463627524 0.8
      vertex 0.9149657785892487 -2.119024209678173 15.446789222531791
    endloop
  endfacet
  facet normal 0.3834376725586576 -0.9033225480432184 0.1923120522991393
    outer loop
      vertex 0.9149657785892487 -2.119024209678173 15.446789222531791
      vertex 2.106569900635696 -4.731433463627524 0.8
      vertex 0.9261056110262871 -2.096878260374069 15.528601588131188
    endloop
  endfacet
  facet normal 0.3834376725585007 -0.9033225480432852 0.19231205229913867
    outer loop
      vertex 0.9261056110262871 -2.096878260374069 15.528601588131188
      vertex 2.106569900635696 -4.731433463627524 0.8
      vertex 0.9297722647900586 -2.08830269807468 15.56157178176246
    endloop
  endfacet
  facet normal 0.41472959497538664 -0.8893904865648412 0.19231205229913909
    outer loop
      vertex 0.9297722647900586 -2.08830269807468 15.56157178176246
      vertex 2.2704112817318136 -4.655032972899711 0.8
      vertex 0.9901927352806251 -2.030195969049777 15.700000000000003
    endloop
  endfacet
  facet normal 0.44551623326485845 -0.874374839778676 0.1923120522991392
    outer loop
      vertex 0.9901927352806251 -2.030195969049777 15.700000000000003
      vertex 2.4314865164111894 -4.572961041547282 0.8
      vertex 1.0604423541476875 -1.9944020004197238 15.700000000000003
    endloop
  endfacet
  facet normal 0.47576007865059616 -0.8582939019373677 0.19231205229913909
    outer loop
      vertex 1.0604423541476875 -1.9944020004197238 15.700000000000003
      vertex 2.5895993593121034 -4.485317661576375 0.8
      vertex 1.129399987354844 -1.9561781601662371 15.700000000000003
    endloop
  endfacet
  facet normal 0.505424283665727 -0.8411672651865857 0.1923120522991391
    outer loop
      vertex 1.129399987354844 -1.9561781601662371 15.700000000000003
      vertex 2.744557174290897 -4.39220961294506 0.8
      vertex 1.1969816206481398 -1.9155710181507342 15.700000000000003
    endloop
  endfacet
  facet normal 0.5344727070458611 -0.8230157956950538 0.19231205229913914
    outer loop
      vertex 1.1969816206481398 -1.9155710181507342 15.700000000000003
      vertex 2.896171169119442 -4.293750333468394 0.8
      vertex 1.26310491621756 -1.8726300479207092 15.700000000000003
    endloop
  endfacet
  facet normal 0.5628699577616577 -0.8038616082323392 0.19231205229913914
    outer loop
      vertex 1.26310491621756 -1.8726300479207092 15.700000000000003
      vertex 3.044256625499383 -4.190059780611936 0.8
      vertex 1.327689313012966 -1.8274075664338394 15.700000000000003
    endloop
  endfacet
  facet normal 0.5905814381374117 -0.7837280392253677 0.1923120522991391
    outer loop
      vertex 1.327689313012966 -1.8274075664338394 15.700000000000003
      vertex 3.188633124112938 -4.081264285342028 0.8
      vertex 1.351955875346837 -1.8091214001050786 15.700000000000003
    endloop
  endfacet
  facet normal 0.590581438137399 -0.7837280392253775 0.19231205229913903
    outer loop
      vertex 1.351955875346837 -1.8091214001050786 15.700000000000003
      vertex 3.188633124112938 -4.081264285342028 0.8
      vertex 1.3658980056643486 -1.7625239416956902 15.847082676308105
    endloop
  endfacet
  facet normal 0.5905814381374525 -0.7837280392253373 0.19231205229913928
    outer loop
      vertex 1.3658980056643486 -1.7625239416956902 15.847082676308105
      vertex 3.188633124112938 -4.081264285342028 0.8
      vertex 1.3681793436408043 -1.754494085907936 15.872800811025385
    endloop
  endfacet
  facet normal 0.5905814381377327 -0.7837280392251256 0.19231205229914045
    outer loop
      vertex 1.3681793436408043 -1.754494085907936 15.872800811025385
      vertex 3.188633124112938 -4.081264285342028 0.8
      vertex 1.3688407979286157 -1.7520363251132287 15.880785611798942
    endloop
  endfacet
  facet normal 0.6175733860027736 -0.7626396183267448 0.19231205229913817
    outer loop
      vertex 1.3688407979286157 -1.7520363251132287 15.880785611798942
      vertex 3.3291247644360413 -3.967496398211005 0.8
      vertex 1.3710716292262077 -1.743747241795063 15.906493211717326
    endloop
  endfacet
  facet normal 0.6175733860029013 -0.7626396183266408 0.19231205229913945
    outer loop
      vertex 1.3710716292262077 -1.743747241795063 15.906493211717326
      vertex 3.3291247644360413 -3.967496398211005 0.8
      vertex 1.3731287121772766 -1.7356568276882172 15.931970921432303
    endloop
  endfacet
  facet normal 0.6175733860028668 -0.7626396183266688 0.1923120522991391
    outer loop
      vertex 1.3731287121772766 -1.7356568276882172 15.931970921432303
      vertex 3.3291247644360413 -3.967496398211005 0.8
      vertex 1.4141327413103866 -1.6852977748617517 16
    endloop
  endfacet
  facet normal 0.6438129158273768 -0.7406220385286576 0.1923120522991391
    outer loop
      vertex 1.4141327413103866 -1.6852977748617517 16
      vertex 3.4655603790460368 -3.84889472786473 0.8
      vertex 1.4720873339894882 -1.6349186160502676 16
    endloop
  endfacet
  facet normal 0.66926805878573 -0.7177021248607767 0.19231205229913917
    outer loop
      vertex 1.4720873339894882 -1.6349186160502676 16
      vertex 3.5977737421628184 -3.725603772169335 0.8
      vertex 1.5282484150097941 -1.5825475607450328 16
    endloop
  endfacet
  facet normal 0.6939078017072922 -0.6939078017072922 0.19231205229913914
    outer loop
      vertex 1.5282484150097941 -1.5825475607450328 16
      vertex 3.725603772169335 -3.597773742162818 0.8
      vertex 1.5825475607450328 -1.5282484150097941 16
    endloop
  endfacet
  facet normal 0.7177021248607767 -0.66926805878573 0.19231205229913909
    outer loop
      vertex 1.5825475607450328 -1.5282484150097941 16
      vertex 3.8488947278647294 -3.4655603790460368 0.8
      vertex 1.6349186160502676 -1.4720873339894882 16
    endloop
  endfacet
  facet normal 0.7406220385286576 -0.6438129158273768 0.19231205229913917
    outer loop
      vertex 1.6349186160502676 -1.4720873339894882 16
      vertex 3.967496398211005 -3.3291247644360413 0.8
      vertex 1.6852977748617517 -1.4141327413103866 16
    endloop
  endfacet
  facet normal 0.7626396183266669 -0.6175733860028694 0.19231205229913906
    outer loop
      vertex 1.6852977748617517 -1.4141327413103866 16
      vertex 4.081264285342029 -3.1886331241129375 0.8
      vertex 1.7336236579347883 -1.3544552457164483 16
    endloop
  endfacet
  facet normal 0.7837280392253738 -0.5905814381374037 0.1923120522991391
    outer loop
      vertex 1.7336236579347883 -1.3544552457164483 16
      vertex 4.190059780611935 -3.044256625499383 0.8
      vertex 1.7798373876248845 -1.293127555043441 16
    endloop
  endfacet
  facet normal 0.8038616082323344 -0.5628699577616645 0.19231205229913917
    outer loop
      vertex 1.7798373876248845 -1.293127555043441 16
      vertex 4.293750333468396 -2.8961711691194423 0.8
      vertex 1.823882659621092 -1.2302243876356433 16
    endloop
  endfacet
  facet normal 0.8230157956950575 -0.5344727070458554 0.19231205229913914
    outer loop
      vertex 1.823882659621092 -1.2302243876356433 16
      vertex 4.392209612945059 -2.744557174290897 0.8
      vertex 1.8657058115441372 -1.1658223813130508 16
    endloop
  endfacet
  facet normal 0.8411672651865829 -0.5054242836657318 0.1923120522991391
    outer loop
      vertex 1.8657058115441372 -1.1658223813130508 16
      vertex 4.485317661576375 -2.5895993593121034 0.8
      vertex 1.905255888325765 -1.1 16
    endloop
  endfacet
  facet normal 0.8582939019373655 -0.47576007865060016 0.19231205229913917
    outer loop
      vertex 1.905255888325765 -1.1 16
      vertex 4.572961041547283 -2.4314865164111894 0.8
      vertex 1.9424847042896396 -1.0328374381289598 16
    endloop
  endfacet
  facet normal 0.8743748397786794 -0.4455162332648518 0.1923120522991391
    outer loop
      vertex 1.9424847042896396 -1.0328374381289598 16
      vertex 4.655032972899712 -2.2704112817318136 0.8
      vertex 1.9773469018581677 -0.9644165229359705 16
    endloop
  endfacet
  facet normal 0.8893904865648419 -0.4147295949753852 0.1923120522991392
    outer loop
      vertex 1.9773469018581677 -0.9644165229359705 16
      vertex 4.731433463627524 -2.1065699006356957 0.8
      vertex 2.0098000068137223 -0.8948206147667606 16
    endloop
  endfacet
  facet normal 0.9033225480432261 -0.38343767255863953 0.1923120522991391
    outer loop
      vertex 2.0098000068137223 -0.8948206147667606 16
      vertex 4.802069431501359 -1.9401619886078707 0.8
      vertex 2.0398044800469326 -0.8241345055150064 16
    endloop
  endfacet
  facet normal 0.9161540501429907 -0.3516785904019292 0.19231205229913903
    outer loop
      vertex 2.0398044800469326 -0.8241345055150064 16
      vertex 4.866854817474998 -1.7713902880559709 0.8
      vertex 2.067323765728999 -0.7524443153164713 16
    endloop
  endfacet
  facet normal 0.9278693596553728 -0.319491042054737 0.19231205229913914
    outer loop
      vertex 2.067323765728999 -0.7524443153164713 16
      vertex 4.925710690535061 -1.6004604212998317 0.8
      vertex 2.0923243358493377 -0.6798373876248843 16
    endloop
  endfacet
  facet normal 0.9384542032803259 -0.28691424308664404 0.1923120522991391
    outer loop
      vertex 2.0923243358493377 -0.6798373876248843 16
      vertex 4.978565343866273 -1.427580640052367 0.8
      vertex 2.114775731064302 -0.6064021827973982 16
    endloop
  endfacet
  facet normal 0.9478956850163766 -0.2539878833090813 0.1923120522991391
    outer loop
      vertex 2.114775731064302 -0.6064021827973982 16
      vertex 5.025354382215184 -1.2529615716969382 0.8
      vertex 2.1346505978071924 -0.5322281703192691 16
    endloop
  endfacet
  facet normal 0.9561823018723677 -0.22075207841955513 0.1923120522991391
    outer loop
      vertex 2.1346505978071924 -0.5322281703192691 16
      vertex 5.066020800345869 -1.0768159626703313 0.8
      vertex 2.151924721614373 -0.4574057197990706 16
    endloop
  endfacet
  facet normal 0.9633039578821239 -0.18724732112670753 0.19231205229913922
    outer loop
      vertex 2.151924721614373 -0.4574057197990706 16
      vertex 5.100515052492013 -0.8993584192639942 0.8
      vertex 2.1665770566268576 -0.38202599086724676 16
    endloop
  endfacet
  facet normal 0.9692519764047959 -0.1535144318163287 0.19231205229913917
    outer loop
      vertex 2.1665770566268576 -0.38202599086724676 16
      vertex 5.12879511272081 -0.7208051461593283 0.8
      vertex 2.178589751231455 -0.306180822112144 16
    endloop
  endfacet
  facet normal 0.974019110696043 -0.11959450881784976 0.1923120522991391
    outer loop
      vertex 2.178589751231455 -0.306180822112144 16
      vertex 5.150826526135078 -0.5413736830155884 0.8
      vertex 2.1879481698102015 -0.22996261918883765 16
    endloop
  endfacet
  facet normal 0.9775995527370482 -0.0855288783325042 0.1923120522991391
    outer loop
      vertex 2.1879481698102015 -0.22996261918883765 16
      vertex 5.166582450851255 -0.3612826394313169 0.8
      vertex 2.1946409105716134 -0.15346424223707567 16
    endloop
  endfacet
  facet normal 0.9799889403107103 -0.051359044083627736 0.19231205229913909
    outer loop
      vertex 2.1946409105716134 -0.15346424223707567 16
      vertex 5.176043690702087 -0.18075142860222274 0.8
      vertex 2.198659819442011 -0.07677889274550213 16
    endloop
  endfacet
  facet normal 0.9811843623163282 -0.01712663675078266 0.1923120522991391
    outer loop
      vertex 2.198659819442011 -0.07677889274550213 16
      vertex 5.179198718624207 0 0.8
      vertex 2.2 0 16
    endloop
  endfacet
  facet normal 0.4147295949753799 -0.8893904865648434 0.19231205229914292
    outer loop
      vertex 0.9297722647900586 -2.08830269807468 15.56157178176246
      vertex 0.9901927352806251 -2.030195969049777 15.700000000000003
      vertex 0.9457575017150791 -2.0509164587532966 15.700000000000003
    endloop
  endfacet
  facet normal 0.6175733860028673 -0.7626396183266686 0.19231205229913872
    outer loop
      vertex 1.3731287121772766 -1.7356568276882172 15.931970921432303
      vertex 1.4141327413103866 -1.6852977748617517 16
      vertex 1.3782258076322764 -1.7143746364352772 16
    endloop
  endfacet
  facet normal 0 0 1
    outer loop
      vertex 1.3782258076322764 -1.7143746364352772 16
      vertex 1.4141327413103866 -1.6852977748617517 16
      vertex 1.4720873339894882 -1.6349186160502676 16
    endloop
  endfacet
  facet normal 0 0 1
    outer loop
      vertex 1.3782258076322764 -1.7143746364352772 16
      vertex 1.4720873339894882 -1.6349186160502676 16
      vertex 1.4670808166265488 -1.3710791915655136 16
    endloop
  endfacet
  facet normal 0 0 1
    outer loop
      vertex 1.3782258076322764 -1.7143746364352772 16
      vertex 1.4670808166265488 -1.3710791915655136 16
      vertex 1.4195386171340942 -1.5418789237737656 16
    endloop
  endfacet
  facet normal 0 0 1
    outer loop
      vertex 1.4720873339894882 -1.6349186160502676 16
      vertex 1.5282484150097941 -1.5825475607450328 16
      vertex 1.4670808166265488 -1.3710791915655136 16
    endloop
  endfacet
  facet normal 0 0 1
    outer loop
      vertex 1.4670808166265488 -1.3710791915655136 16
      vertex 1.5282484150097941 -1.5825475607450328 16
      vertex 1.5825475607450328 -1.5282484150097941 16
    endloop
  endfacet
  facet normal 0 0 1
    outer loop
      vertex 1.5825475607450328 -1.5282484150097941 16
      vertex 1.6349186160502676 -1.4720873339894882 16
      vertex 1.5287056490778923 -1.2071266919374466 16
    endloop
  endfacet
  facet normal 0 0 1
    outer loop
      vertex 1.4670808166265488 -1.3710791915655136 16
      vertex 1.5825475607450328 -1.5282484150097941 16
      vertex 1.5287056490778923 -1.2071266919374466 16
    endloop
  endfacet
  facet normal 0 0 1
    outer loop
      vertex 1.6349186160502676 -1.4720873339894882 16
      vertex 1.6852977748617517 -1.4141327413103866 16
      vertex 1.6144478768110275 -1.0138667523860931 16
    endloop
  endfacet
  facet normal 0 0 1
    outer loop
      vertex 1.6349186160502676 -1.4720873339894882 16
      vertex 1.6106295809149742 -1.0226906314492226 16
      vertex 1.5287056490778923 -1.2071266919374466 16
    endloop
  endfacet
  facet normal 0 0 1
    outer loop
      vertex 1.6852977748617517 -1.4141327413103866 16
      vertex 1.7336236579347883 -1.3544552457164483 16
      vertex 1.6144478768110275 -1.0138667523860931 16
    endloop
  endfacet
  facet normal 0 0 1
    outer loop
      vertex 1.6349186160502676 -1.4720873339894882 16
      vertex 1.6144478768110275 -1.0138667523860931 16
      vertex 1.6133151054382324 -1.01651943475008 16
    endloop
  endfacet
  facet normal 0 0 1
    outer loop
      vertex 1.6349186160502676 -1.4720873339894882 16
      vertex 1.6133151054382324 -1.01651943475008 16
      vertex 1.6117877885699272 -1.0200489833950996 16
    endloop
  endfacet
  facet normal 0 0 1
    outer loop
      vertex 1.6349186160502676 -1.4720873339894882 16
      vertex 1.6117877885699272 -1.0200489833950996 16
      vertex 1.6106295809149742 -1.0226906314492226 16
    endloop
  endfacet
  facet normal 0 0 1
    outer loop
      vertex 1.7336236579347883 -1.3544552457164483 16
      vertex 1.698857881128788 -0.8135367557406425 16
      vertex 1.6144478768110275 -1.0138667523860931 16
    endloop
  endfacet
  facet normal 0 0 1
    outer loop
      vertex 1.7336236579347883 -1.3544552457164483 16
      vertex 1.7798373876248845 -1.293127555043441 16
      vertex 1.7151215821504593 -0.7691927924752235 16
    endloop
  endfacet
  facet normal 0 0 1
    outer loop
      vertex 1.7798373876248845 -1.293127555043441 16
      vertex 1.823882659621092 -1.2302243876356433 16
      vertex 1.7151215821504593 -0.7691927924752235 16
    endloop
  endfacet
  facet normal 0 0 1
    outer loop
      vertex 1.7336236579347883 -1.3544552457164483 16
      vertex 1.7040513083338737 -0.8003489151597023 16
      vertex 1.698857881128788 -0.8135367557406425 16
    endloop
  endfacet
  facet normal 0 0 1
    outer loop
      vertex 1.7336236579347883 -1.3544552457164483 16
      vertex 1.7105567902326584 -0.7826113328337669 16
      vertex 1.7040513083338737 -0.8003489151597023 16
    endloop
  endfacet
  facet normal 0 0 1
    outer loop
      vertex 1.7336236579347883 -1.3544552457164483 16
      vertex 1.7151215821504593 -0.7691927924752235 16
      vertex 1.7105567902326584 -0.7826113328337669 16
    endloop
  endfacet
  facet normal 0 0 1
    outer loop
      vertex 1.823882659621092 -1.2302243876356433 16
      vertex 1.8657058115441372 -1.1658223813130508 16
      vertex 1.7958999201655388 -0.49651825428009033 16
    endloop
  endfacet
  facet normal 0 0 1
    outer loop
      vertex 1.823882659621092 -1.2302243876356433 16
      vertex 1.7799815833568573 -0.5626527890563011 16
      vertex 1.7151215821504593 -0.7691927924752235 16
    endloop
  endfacet
  facet normal 0 0 1
    outer loop
      vertex 1.823882659621092 -1.2302243876356433 16
      vertex 1.785432681441307 -0.5429749935865402 16
      vertex 1.7799815833568573 -0.5626527890563011 16
    endloop
  endfacet
  facet normal 0 0 1
    outer loop
      vertex 1.823882659621092 -1.2302243876356433 16
      vertex 1.7918000146746635 -0.5165211781859398 16
      vertex 1.785432681441307 -0.5429749935865402 16
    endloop
  endfacet
  facet normal 0 0 1
    outer loop
      vertex 1.823882659621092 -1.2302243876356433 16
      vertex 1.7958999201655388 -0.49651825428009033 16
      vertex 1.7918000146746635 -0.5165211781859398 16
    endloop
  endfacet
  facet normal 0 0 1
    outer loop
      vertex 1.8657058115441372 -1.1658223813130508 16
      vertex 1.832009918987751 -0.2837682515382767 16
      vertex 1.7958999201655388 -0.49651825428009033 16
    endloop
  endfacet
  facet normal 0 0 1
    outer loop
      vertex 1.8657058115441372 -1.1658223813130508 16
      vertex 1.8348359242081642 -0.26255790889263153 16
      vertex 1.832009918987751 -0.2837682515382767 16
    endloop
  endfacet
  facet normal 0 0 1
    outer loop
      vertex 1.8657058115441372 -1.1658223813130508 16
      vertex 1.837591215968132 -0.23417910188436508 16
      vertex 1.8348359242081642 -0.26255790889263153 16
    endloop
  endfacet
  facet normal 0 0 1
    outer loop
      vertex 1.8657058115441372 -1.1658223813130508 16
      vertex 1.8388981446623802 -0.21282123029232025 16
      vertex 1.837591215968132 -0.23417910188436508 16
    endloop
  endfacet
  facet normal 0 0 1
    outer loop
      vertex 1.8657058115441372 -1.1658223813130508 16
      vertex 1.8444181457161903 0.0040687695145606995 16
      vertex 1.8388981446623802 -0.21282123029232025 16
    endloop
  endfacet
  facet normal 0 0 1
    outer loop
      vertex 1.8657058115441372 -1.1658223813130508 16
      vertex 1.844304583966732 0.022942624986171722 16
      vertex 1.8444181457161903 0.0040687695145606995 16
    endloop
  endfacet
  facet normal 0 0 1
    outer loop
      vertex 1.8657058115441372 -1.1658223813130508 16
      vertex 1.905255888325765 -1.1 16
      vertex 1.8657058115441372 1.1658223813130508 16
    endloop
  endfacet
  facet normal 0 0 1
    outer loop
      vertex 1.905255888325765 -1.1 16
      vertex 1.9424847042896396 -1.0328374381289598 16
      vertex 1.905255888325765 1.1 16
    endloop
  endfacet
  facet normal 0 0 1
    outer loop
      vertex 1.9424847042896396 -1.0328374381289598 16
      vertex 1.9773469018581677 -0.9644165229359705 16
      vertex 1.9424847042896396 1.0328374381289598 16
    endloop
  endfacet
  facet normal 0 0 1
    outer loop
      vertex 1.9773469018581677 -0.9644165229359705 16
      vertex 2.0098000068137223 -0.8948206147667606 16
      vertex 1.9773469018581677 0.9644165229359705 16
    endloop
  endfacet
  facet normal 0 0 1
    outer loop
      vertex 2.0098000068137223 -0.8948206147667606 16
      vertex 2.0398044800469326 -0.8241345055150064 16
      vertex 2.0098000068137223 0.8948206147667606 16
    endloop
  endfacet
  facet normal 0 0 1
    outer loop
      vertex 2.0398044800469326 -0.8241345055150064 16
      vertex 2.067323765728999 -0.7524443153164713 16
      vertex 2.0398044800469326 0.8241345055150064 16
    endloop
  endfacet
  facet normal 0 0 1
    outer loop
      vertex 2.067323765728999 -0.7524443153164713 16
      vertex 2.0923243358493377 -0.6798373876248843 16
      vertex 2.067323765728999 0.7524443153164713 16
    endloop
  endfacet
  facet normal 0 0 1
    outer loop
      vertex 2.0923243358493377 -0.6798373876248843 16
      vertex 2.114775731064302 -0.6064021827973982 16
      vertex 2.0923243358493377 0.6798373876248843 16
    endloop
  endfacet
  facet normal 0 0 1
    outer loop
      vertex 2.114775731064302 -0.6064021827973982 16
      vertex 2.1346505978071924 -0.5322281703192691 16
      vertex 2.114775731064302 0.6064021827973982 16
    endloop
  endfacet
  facet normal 0 0 1
    outer loop
      vertex 2.1346505978071924 -0.5322281703192691 16
      vertex 2.151924721614373 -0.4574057197990706 16
      vertex 2.1346505978071924 0.5322281703192691 16
    endloop
  endfacet
  facet normal 0 0 1
    outer loop
      vertex 2.151924721614373 -0.4574057197990706 16
      vertex 2.1665770566268576 -0.38202599086724676 16
      vertex 2.151924721614373 0.4574057197990706 16
    endloop
  endfacet
  facet normal 0 0 1
    outer loop
      vertex 2.1665770566268576 -0.38202599086724676 16
      vertex 2.178589751231455 -0.306180822112144 16
      vertex 2.1665770566268576 0.38202599086724676 16
    endloop
  endfacet
  facet normal 0 0 1
    outer loop
      vertex 2.178589751231455 -0.306180822112144 16
      vertex 2.1879481698102015 -0.22996261918883765 16
      vertex 2.178589751231455 0.306180822112144 16
    endloop
  endfacet
  facet normal 0 0 1
    outer loop
      vertex 2.1879481698102015 -0.22996261918883765 16
      vertex 2.1946409105716134 -0.15346424223707567 16
      vertex 2.1879481698102015 0.22996261918883765 16
    endloop
  endfacet
  facet normal 0 0 1
    outer loop
      vertex 2.1946409105716134 -0.15346424223707567 16
      vertex 2.198659819442011 -0.07677889274550213 16
      vertex 2.1946409105716134 0.15346424223707567 16
    endloop
  endfacet
  facet normal 0.590581438137405 0.783728039225373 0.19231205229913909
    outer loop
      vertex 1.3544552457164483 1.7336236579347883 16
      vertex 3.188633124112938 4.081264285342029 0.8
      vertex 3.044256625499383 4.190059780611935 0.8
    endloop
  endfacet
  facet normal 0.7837280392253727 0.5905814381374053 0.19231205229913934
    outer loop
      vertex 1.7798373876248845 1.293127555043441 16
      vertex 4.190059780611935 3.044256625499383 0.8
      vertex 4.081264285342029 3.188633124112938 0.8
    endloop
  endfacet
  facet normal 0.6939078017072896 0.6939078017072946 0.19231205229913917
    outer loop
      vertex 1.5825475607450328 1.5282484150097941 16
      vertex 3.725603772169335 3.5977737421628184 0.8
      vertex 3.597773742162818 3.725603772169335 0.8
    endloop
  endfacet
  facet normal 0.6438129158273778 0.7406220385286568 0.19231205229913895
    outer loop
      vertex 1.4720873339894882 1.6349186160502676 16
      vertex 3.465560379046037 3.8488947278647303 0.8
      vertex 3.3291247644360413 3.967496398211005 0.8
    endloop
  endfacet
  facet normal 0.6175733860028665 0.7626396183266692 0.19231205229913906
    outer loop
      vertex 1.4141327413103866 1.6852977748617517 16
      vertex 3.3291247644360413 3.967496398211005 0.8
      vertex 3.188633124112938 4.081264285342029 0.8
    endloop
  endfacet
  facet normal 0.6692680587857308 0.717702124860776 0.1923120522991391
    outer loop
      vertex 1.5282484150097941 1.5825475607450328 16
      vertex 3.597773742162818 3.725603772169335 0.8
      vertex 3.465560379046037 3.8488947278647303 0.8
    endloop
  endfacet
  facet normal 0.7406220385286547 0.64381291582738 0.1923120522991392
    outer loop
      vertex 1.6852977748617517 1.4141327413103866 16
      vertex 3.967496398211005 3.3291247644360413 0.8
      vertex 3.84889472786473 3.465560379046037 0.8
    endloop
  endfacet
  facet normal 0.7177021248607774 0.669268058785729 0.1923120522991392
    outer loop
      vertex 1.6349186160502676 1.4720873339894882 16
      vertex 3.84889472786473 3.465560379046037 0.8
      vertex 3.725603772169335 3.5977737421628184 0.8
    endloop
  endfacet
  facet normal 0.7626396183266692 0.6175733860028665 0.19231205229913895
    outer loop
      vertex 1.7336236579347883 1.3544552457164483 16
      vertex 4.081264285342029 3.188633124112938 0.8
      vertex 3.967496398211005 3.3291247644360413 0.8
    endloop
  endfacet
  facet normal 0.017126636750781264 0.9811843623163284 0.19231205229913914
    outer loop
      vertex 0.07677889274550213 2.198659819442011 16
      vertex 0.18075142860222274 5.1760436907020875 0.8
      vertex 0 5.179198718624207 0.8
    endloop
  endfacet
  facet normal 0.05135904408362745 0.9799889403107104 0.19231205229913917
    outer loop
      vertex 0.15346424223707567 2.1946409105716134 16
      vertex 0.3612826394313169 5.166582450851256 0.8
      vertex 0.18075142860222274 5.1760436907020875 0.8
    endloop
  endfacet
  facet normal 0.08552887833250647 0.977599552737048 0.19231205229913914
    outer loop
      vertex 0.22996261918883765 2.1879481698102015 16
      vertex 0.5413736830155884 5.150826526135079 0.8
      vertex 0.3612826394313169 5.166582450851256 0.8
    endloop
  endfacet
  facet normal 0.11959450881784899 0.974019110696043 0.1923120522991391
    outer loop
      vertex 0.306180822112144 2.178589751231455 16
      vertex 0.7208051461593282 5.12879511272081 0.8
      vertex 0.5413736830155884 5.150826526135079 0.8
    endloop
  endfacet
  facet normal 0.15351443181633026 0.9692519764047957 0.1923120522991392
    outer loop
      vertex 0.38202599086724676 2.1665770566268576 16
      vertex 0.8993584192639942 5.100515052492012 0.8
      vertex 0.7208051461593282 5.12879511272081 0.8
    endloop
  endfacet
  facet normal 0.18724732112671236 0.9633039578821231 0.19231205229913906
    outer loop
      vertex 0.4574057197990706 2.151924721614373 16
      vertex 1.0768159626703315 5.066020800345869 0.8
      vertex 0.8993584192639942 5.100515052492012 0.8
    endloop
  endfacet
  facet normal 0.22075207841955335 0.9561823018723682 0.19231205229913914
    outer loop
      vertex 0.5322281703192691 2.1346505978071924 16
      vertex 1.2529615716969382 5.025354382215185 0.8
      vertex 1.0768159626703315 5.066020800345869 0.8
    endloop
  endfacet
  facet normal 0.25398788330908434 0.9478956850163758 0.1923120522991391
    outer loop
      vertex 0.6064021827973982 2.114775731064302 16
      vertex 1.4275806400523665 4.978565343866273 0.8
      vertex 1.2529615716969382 5.025354382215185 0.8
    endloop
  endfacet
  facet normal 0.28691424308663765 0.9384542032803279 0.19231205229913906
    outer loop
      vertex 0.6798373876248843 2.0923243358493377 16
      vertex 1.6004604212998315 4.925710690535062 0.8
      vertex 1.4275806400523665 4.978565343866273 0.8
    endloop
  endfacet
  facet normal 0.3194910420547441 0.9278693596553703 0.192312052299139
    outer loop
      vertex 0.7524443153164713 2.067323765728999 16
      vertex 1.7713902880559709 4.866854817475 0.8
      vertex 1.6004604212998315 4.925710690535062 0.8
    endloop
  endfacet
  facet normal 0.35167859040193183 0.9161540501429897 0.192312052299139
    outer loop
      vertex 0.8241345055150064 2.0398044800469326 16
      vertex 1.9401619886078707 4.802069431501358 0.8
      vertex 1.7713902880559709 4.866854817475 0.8
    endloop
  endfacet
  facet normal 0.3834376725586327 0.9033225480432292 0.1923120522991391
    outer loop
      vertex 0.8948206147667606 2.0098000068137223 16
      vertex 2.106569900635696 4.731433463627524 0.8
      vertex 1.9401619886078707 4.802069431501358 0.8
    endloop
  endfacet
  facet normal 0.4147295949753921 0.8893904865648385 0.192312052299139
    outer loop
      vertex 0.9644165229359705 1.9773469018581677 16
      vertex 2.270411281731814 4.655032972899711 0.8
      vertex 2.106569900635696 4.731433463627524 0.8
    endloop
  endfacet
  facet normal 0.44551623326484624 0.8743748397786822 0.1923120522991391
    outer loop
      vertex 1.0328374381289598 1.9424847042896396 16
      vertex 2.4314865164111894 4.572961041547283 0.8
      vertex 2.270411281731814 4.655032972899711 0.8
    endloop
  endfacet
  facet normal 0.47576007865060416 0.8582939019373633 0.1923120522991392
    outer loop
      vertex 1.1 1.905255888325765 16
      vertex 2.5895993593121034 4.485317661576375 0.8
      vertex 2.4314865164111894 4.572961041547283 0.8
    endloop
  endfacet
  facet normal 0.50542428366573 0.8411672651865839 0.19231205229913903
    outer loop
      vertex 1.1658223813130508 1.8657058115441372 16
      vertex 2.744557174290897 4.392209612945059 0.8
      vertex 2.5895993593121034 4.485317661576375 0.8
    endloop
  endfacet
  facet normal 0.5344727070458524 0.8230157956950592 0.19231205229913917
    outer loop
      vertex 1.2302243876356433 1.823882659621092 16
      vertex 2.896171169119442 4.293750333468396 0.8
      vertex 2.744557174290897 4.392209612945059 0.8
    endloop
  endfacet
  facet normal 0.5628699577616678 0.8038616082323322 0.19231205229913925
    outer loop
      vertex 1.293127555043441 1.7798373876248845 16
      vertex 3.044256625499383 4.190059780611935 0.8
      vertex 2.896171169119442 4.293750333468396 0.8
    endloop
  endfacet
  facet normal 0.9811843623163284 0.017126636750775807 0.19231205229913914
    outer loop
      vertex 2.2 0 16
      vertex 5.179198718624207 0 0.8
      vertex 5.176043690702088 0.18075142860222276 0.8
    endloop
  endfacet
  facet normal 0.9799889403107103 0.05135904408363011 0.19231205229913917
    outer loop
      vertex 2.198659819442011 0.07677889274550213 16
      vertex 5.176043690702088 0.18075142860222276 0.8
      vertex 5.166582450851256 0.3612826394313169 0.8
    endloop
  endfacet
  facet normal 0.9775995527370481 0.08552887833250514 0.19231205229913917
    outer loop
      vertex 2.1946409105716134 0.15346424223707567 16
      vertex 5.166582450851256 0.3612826394313169 0.8
      vertex 5.150826526135079 0.5413736830155883 0.8
    endloop
  endfacet
  facet normal 0.9740191106960432 0.11959450881784765 0.19231205229913914
    outer loop
      vertex 2.1879481698102015 0.22996261918883765 16
      vertex 5.150826526135079 0.5413736830155883 0.8
      vertex 5.12879511272081 0.7208051461593282 0.8
    endloop
  endfacet
  facet normal 0.9692519764047958 0.1535144318163289 0.19231205229913914
    outer loop
      vertex 2.178589751231455 0.306180822112144 16
      vertex 5.12879511272081 0.7208051461593282 0.8
      vertex 5.100515052492012 0.8993584192639942 0.8
    endloop
  endfacet
  facet normal 0.9633039578821232 0.18724732112671147 0.1923120522991392
    outer loop
      vertex 2.1665770566268576 0.38202599086724676 16
      vertex 5.100515052492012 0.8993584192639942 0.8
      vertex 5.066020800345869 1.0768159626703315 0.8
    endloop
  endfacet
  facet normal 0.9478956850163782 0.25398788330907496 0.19231205229913906
    outer loop
      vertex 2.1346505978071924 0.5322281703192691 16
      vertex 5.025354382215184 1.2529615716969382 0.8
      vertex 4.978565343866274 1.4275806400523665 0.8
    endloop
  endfacet
  facet normal 0.938454203280327 0.2869142430866407 0.19231205229913909
    outer loop
      vertex 2.114775731064302 0.6064021827973982 16
      vertex 4.978565343866274 1.4275806400523665 0.8
      vertex 4.925710690535062 1.6004604212998317 0.8
    endloop
  endfacet
  facet normal 0.9561823018723671 0.2207520784195574 0.19231205229913906
    outer loop
      vertex 2.151924721614373 0.4574057197990706 16
      vertex 5.066020800345869 1.0768159626703315 0.8
      vertex 5.025354382215184 1.2529615716969382 0.8
    endloop
  endfacet
  facet normal 0.9161540501429933 0.351678590401922 0.19231205229913906
    outer loop
      vertex 2.067323765728999 0.7524443153164713 16
      vertex 4.866854817475 1.7713902880559709 0.8
      vertex 4.8020694315013595 1.940161988607871 0.8
    endloop
  endfacet
  facet normal 0.9278693596553704 0.31949104205474405 0.19231205229913936
    outer loop
      vertex 2.0923243358493377 0.6798373876248843 16
      vertex 4.925710690535062 1.6004604212998317 0.8
      vertex 4.866854817475 1.7713902880559709 0.8
    endloop
  endfacet
  facet normal 0.9033225480432234 0.3834376725586462 0.19231205229913936
    outer loop
      vertex 2.0398044800469326 0.8241345055150064 16
      vertex 4.8020694315013595 1.940161988607871 0.8
      vertex 4.731433463627523 2.1065699006356957 0.8
    endloop
  endfacet
  facet normal 0.8743748397786821 0.4455162332648464 0.1923120522991391
    outer loop
      vertex 1.9773469018581677 0.9644165229359705 16
      vertex 4.655032972899712 2.2704112817318136 0.8
      vertex 4.572961041547283 2.4314865164111903 0.8
    endloop
  endfacet
  facet normal 0.8893904865648425 0.41472959497538375 0.19231205229913928
    outer loop
      vertex 2.0098000068137223 0.8948206147667606 16
      vertex 4.731433463627523 2.1065699006356957 0.8
      vertex 4.655032972899712 2.2704112817318136 0.8
    endloop
  endfacet
  facet normal 0.858293901937362 0.4757600786506066 0.19231205229913897
    outer loop
      vertex 1.9424847042896396 1.0328374381289598 16
      vertex 4.572961041547283 2.4314865164111903 0.8
      vertex 4.485317661576375 2.5895993593121034 0.8
    endloop
  endfacet
  facet normal 0.8230157956950602 0.534472707045851 0.1923120522991392
    outer loop
      vertex 1.8657058115441372 1.1658223813130508 16
      vertex 4.392209612945059 2.744557174290897 0.8
      vertex 4.293750333468396 2.8961711691194423 0.8
    endloop
  endfacet
  facet normal 0.8411672651865848 0.5054242836657289 0.192312052299139
    outer loop
      vertex 1.905255888325765 1.1 16
      vertex 4.485317661576375 2.5895993593121034 0.8
      vertex 4.392209612945059 2.744557174290897 0.8
    endloop
  endfacet
  facet normal 0.8038616082323312 0.5628699577616693 0.19231205229913922
    outer loop
      vertex 1.823882659621092 1.2302243876356433 16
      vertex 4.293750333468396 2.8961711691194423 0.8
      vertex 4.190059780611935 3.044256625499383 0.8
    endloop
  endfacet
  facet normal 0.01712663675078266 0.9811843623163282 0.1923120522991391
    outer loop
      vertex 0 2.2 16
      vertex 0.07677889274550213 2.198659819442011 16
      vertex 0 5.179198718624207 0.8
    endloop
  endfacet
  facet normal 0.051359044083627736 0.9799889403107103 0.19231205229913914
    outer loop
      vertex 0.07677889274550213 2.198659819442011 16
      vertex 0.15346424223707567 2.1946409105716134 16
      vertex 0.18075142860222274 5.1760436907020875 0.8
    endloop
  endfacet
  facet normal 0.0855288783325042 0.9775995527370482 0.1923120522991392
    outer loop
      vertex 0.15346424223707567 2.1946409105716134 16
      vertex 0.22996261918883765 2.1879481698102015 16
      vertex 0.3612826394313169 5.166582450851256 0.8
    endloop
  endfacet
  facet normal 0.11959450881784976 0.974019110696043 0.19231205229913917
    outer loop
      vertex 0.22996261918883765 2.1879481698102015 16
      vertex 0.306180822112144 2.178589751231455 16
      vertex 0.5413736830155884 5.150826526135079 0.8
    endloop
  endfacet
  facet normal 0.1535144318163287 0.9692519764047959 0.19231205229913917
    outer loop
      vertex 0.306180822112144 2.178589751231455 16
      vertex 0.38202599086724676 2.1665770566268576 16
      vertex 0.7208051461593282 5.12879511272081 0.8
    endloop
  endfacet
  facet normal 0.18724732112670753 0.9633039578821239 0.19231205229913917
    outer loop
      vertex 0.38202599086724676 2.1665770566268576 16
      vertex 0.4574057197990706 2.151924721614373 16
      vertex 0.8993584192639942 5.100515052492012 0.8
    endloop
  endfacet
  facet normal 0.22075207841955513 0.9561823018723677 0.1923120522991391
    outer loop
      vertex 0.4574057197990706 2.151924721614373 16
      vertex 0.5322281703192691 2.1346505978071924 16
      vertex 1.0768159626703315 5.066020800345869 0.8
    endloop
  endfacet
  facet normal 0.2539878833090813 0.9478956850163766 0.19231205229913914
    outer loop
      vertex 0.5322281703192691 2.1346505978071924 16
      vertex 0.6064021827973982 2.114775731064302 16
      vertex 1.2529615716969382 5.025354382215185 0.8
    endloop
  endfacet
  facet normal 0.38343767255863953 0.9033225480432261 0.19231205229913906
    outer loop
      vertex 0.8241345055150064 2.0398044800469326 16
      vertex 0.8948206147667606 2.0098000068137223 16
      vertex 1.9401619886078707 4.802069431501358 0.8
    endloop
  endfacet
  facet normal 0.28691424308664404 0.9384542032803259 0.19231205229913909
    outer loop
      vertex 0.6064021827973982 2.114775731064302 16
      vertex 0.6798373876248843 2.0923243358493377 16
      vertex 1.4275806400523665 4.978565343866273 0.8
    endloop
  endfacet
  facet normal 0.319491042054737 0.9278693596553728 0.19231205229913917
    outer loop
      vertex 0.6798373876248843 2.0923243358493377 16
      vertex 0.7524443153164713 2.067323765728999 16
      vertex 1.6004604212998315 4.925710690535062 0.8
    endloop
  endfacet
  facet normal 0.35167859040192917 0.9161540501429906 0.1923120522991391
    outer loop
      vertex 0.7524443153164713 2.067323765728999 16
      vertex 0.8241345055150064 2.0398044800469326 16
      vertex 1.7713902880559709 4.866854817475 0.8
    endloop
  endfacet
  facet normal 0.4147295949753852 0.8893904865648419 0.1923120522991392
    outer loop
      vertex 0.9644165229359705 1.9773469018581677 16
      vertex 2.106569900635696 4.731433463627524 0.8
      vertex 0.8948206147667606 2.0098000068137223 16
    endloop
  endfacet
  facet normal 0.4455162332648518 0.8743748397786794 0.19231205229913909
    outer loop
      vertex 0.9644165229359705 1.9773469018581677 16
      vertex 1.0328374381289598 1.9424847042896396 16
      vertex 2.270411281731814 4.655032972899711 0.8
    endloop
  endfacet
  facet normal 0.5054242836657318 0.8411672651865829 0.19231205229913909
    outer loop
      vertex 1.1 1.905255888325765 16
      vertex 1.1658223813130508 1.8657058115441372 16
      vertex 2.5895993593121034 4.485317661576375 0.8
    endloop
  endfacet
  facet normal 0.47576007865060016 0.8582939019373655 0.19231205229913917
    outer loop
      vertex 1.0328374381289598 1.9424847042896396 16
      vertex 1.1 1.905255888325765 16
      vertex 2.4314865164111894 4.572961041547283 0.8
    endloop
  endfacet
  facet normal 0.9811843623163282 0.01712663675078266 0.1923120522991392
    outer loop
      vertex 2.2 0 16
      vertex 5.176043690702088 0.18075142860222276 0.8
      vertex 2.198659819442011 0.07677889274550213 16
    endloop
  endfacet
  facet normal 0.9799889403107103 0.051359044083627736 0.19231205229913917
    outer loop
      vertex 2.198659819442011 0.07677889274550213 16
      vertex 5.166582450851256 0.3612826394313169 0.8
      vertex 2.1946409105716134 0.15346424223707567 16
    endloop
  endfacet
  facet normal 0.9775995527370482 0.0855288783325042 0.19231205229913917
    outer loop
      vertex 2.1946409105716134 0.15346424223707567 16
      vertex 5.150826526135079 0.5413736830155883 0.8
      vertex 2.1879481698102015 0.22996261918883765 16
    endloop
  endfacet
  facet normal 0.974019110696043 0.11959450881784976 0.19231205229913917
    outer loop
      vertex 2.1879481698102015 0.22996261918883765 16
      vertex 5.12879511272081 0.7208051461593282 0.8
      vertex 2.178589751231455 0.306180822112144 16
    endloop
  endfacet
  facet normal 0.9692519764047959 0.1535144318163287 0.19231205229913917
    outer loop
      vertex 2.178589751231455 0.306180822112144 16
      vertex 5.100515052492012 0.8993584192639942 0.8
      vertex 2.1665770566268576 0.38202599086724676 16
    endloop
  endfacet
  facet normal 0.9633039578821241 0.18724732112670756 0.19231205229913914
    outer loop
      vertex 2.1665770566268576 0.38202599086724676 16
      vertex 5.066020800345869 1.0768159626703315 0.8
      vertex 2.151924721614373 0.4574057197990706 16
    endloop
  endfacet
  facet normal 0.956182301872368 0.2207520784195552 0.1923120522991391
    outer loop
      vertex 2.151924721614373 0.4574057197990706 16
      vertex 5.025354382215184 1.2529615716969382 0.8
      vertex 2.1346505978071924 0.5322281703192691 16
    endloop
  endfacet
  facet normal 0.9161540501429906 0.35167859040192917 0.19231205229913922
    outer loop
      vertex 2.0398044800469326 0.8241345055150064 16
      vertex 2.067323765728999 0.7524443153164713 16
      vertex 4.8020694315013595 1.940161988607871 0.8
    endloop
  endfacet
  facet normal 0.9033225480432261 0.38343767255863953 0.19231205229913909
    outer loop
      vertex 2.0398044800469326 0.8241345055150064 16
      vertex 4.731433463627523 2.1065699006356957 0.8
      vertex 2.0098000068137223 0.8948206147667606 16
    endloop
  endfacet
  facet normal 0.8582939019373655 0.47576007865060016 0.19231205229913909
    outer loop
      vertex 1.905255888325765 1.1 16
      vertex 1.9424847042896396 1.0328374381289598 16
      vertex 4.485317661576375 2.5895993593121034 0.8
    endloop
  endfacet
  facet normal 0.8411672651865829 0.5054242836657318 0.19231205229913914
    outer loop
      vertex 1.8657058115441372 1.1658223813130508 16
      vertex 1.905255888325765 1.1 16
      vertex 4.392209612945059 2.744557174290897 0.8
    endloop
  endfacet
  facet normal 0.8893904865648419 0.4147295949753852 0.19231205229913914
    outer loop
      vertex 1.9773469018581677 0.9644165229359705 16
      vertex 2.0098000068137223 0.8948206147667606 16
      vertex 4.655032972899712 2.2704112817318136 0.8
    endloop
  endfacet
  facet normal 0.8743748397786794 0.4455162332648518 0.1923120522991392
    outer loop
      vertex 1.9773469018581677 0.9644165229359705 16
      vertex 4.572961041547283 2.4314865164111903 0.8
      vertex 1.9424847042896396 1.0328374381289598 16
    endloop
  endfacet
  facet normal 0.9478956850163766 0.2539878833090813 0.19231205229913917
    outer loop
      vertex 2.1346505978071924 0.5322281703192691 16
      vertex 4.978565343866274 1.4275806400523665 0.8
      vertex 2.114775731064302 0.6064021827973982 16
    endloop
  endfacet
  facet normal 0.9384542032803259 0.28691424308664404 0.19231205229913917
    outer loop
      vertex 2.114775731064302 0.6064021827973982 16
      vertex 4.925710690535062 1.6004604212998317 0.8
      vertex 2.0923243358493377 0.6798373876248843 16
    endloop
  endfacet
  facet normal 0.9278693596553728 0.319491042054737 0.1923120522991391
    outer loop
      vertex 2.067323765728999 0.7524443153164713 16
      vertex 2.0923243358493377 0.6798373876248843 16
      vertex 4.866854817475 1.7713902880559709 0.8
    endloop
  endfacet
  facet normal 0.6175733860028694 0.7626396183266669 0.19231205229913909
    outer loop
      vertex 1.3544552457164483 1.7336236579347883 16
      vertex 1.4141327413103866 1.6852977748617517 16
      vertex 3.188633124112938 4.081264285342029 0.8
    endloop
  endfacet
  facet normal 0.6438129158273768 0.7406220385286576 0.19231205229913917
    outer loop
      vertex 1.4720873339894882 1.6349186160502676 16
      vertex 3.3291247644360413 3.967496398211005 0.8
      vertex 1.4141327413103866 1.6852977748617517 16
    endloop
  endfacet
  facet normal 0.7406220385286576 0.6438129158273768 0.19231205229913914
    outer loop
      vertex 1.6349186160502676 1.4720873339894882 16
      vertex 1.6852977748617517 1.4141327413103866 16
      vertex 3.84889472786473 3.465560379046037 0.8
    endloop
  endfacet
  facet normal 0.7837280392253738 0.5905814381374037 0.19231205229913909
    outer loop
      vertex 1.7798373876248845 1.293127555043441 16
      vertex 4.081264285342029 3.188633124112938 0.8
      vertex 1.7336236579347883 1.3544552457164483 16
    endloop
  endfacet
  facet normal 0.7626396183266669 0.6175733860028694 0.1923120522991391
    outer loop
      vertex 1.6852977748617517 1.4141327413103866 16
      vertex 1.7336236579347883 1.3544552457164483 16
      vertex 3.967496398211005 3.3291247644360413 0.8
    endloop
  endfacet
  facet normal 0.6939078017072922 0.6939078017072922 0.19231205229913914
    outer loop
      vertex 1.5282484150097941 1.5825475607450328 16
      vertex 1.5825475607450328 1.5282484150097941 16
      vertex 3.597773742162818 3.725603772169335 0.8
    endloop
  endfacet
  facet normal 0.7177021248607767 0.66926805878573 0.19231205229913917
    outer loop
      vertex 1.6349186160502676 1.4720873339894882 16
      vertex 3.725603772169335 3.5977737421628184 0.8
      vertex 1.5825475607450328 1.5282484150097941 16
    endloop
  endfacet
  facet normal 0.66926805878573 0.7177021248607767 0.19231205229913917
    outer loop
      vertex 1.4720873339894882 1.6349186160502676 16
      vertex 1.5282484150097941 1.5825475607450328 16
      vertex 3.465560379046037 3.8488947278647303 0.8
    endloop
  endfacet
  facet normal 0.5628699577616645 0.8038616082323344 0.19231205229913917
    outer loop
      vertex 1.2302243876356433 1.823882659621092 16
      vertex 1.293127555043441 1.7798373876248845 16
      vertex 2.896171169119442 4.293750333468396 0.8
    endloop
  endfacet
  facet normal 0.5344727070458554 0.8230157956950575 0.19231205229913917
    outer loop
      vertex 1.1658223813130508 1.8657058115441372 16
      vertex 1.2302243876356433 1.823882659621092 16
      vertex 2.744557174290897 4.392209612945059 0.8
    endloop
  endfacet
  facet normal 0.5905814381374037 0.7837280392253738 0.1923120522991391
    outer loop
      vertex 1.293127555043441 1.7798373876248845 16
      vertex 1.3544552457164483 1.7336236579347883 16
      vertex 3.044256625499383 4.190059780611935 0.8
    endloop
  endfacet
  facet normal 0.8230157956950575 0.5344727070458554 0.1923120522991392
    outer loop
      vertex 1.823882659621092 1.2302243876356433 16
      vertex 1.8657058115441372 1.1658223813130508 16
      vertex 4.293750333468396 2.8961711691194423 0.8
    endloop
  endfacet
  facet normal 0.8038616082323344 0.5628699577616645 0.1923120522991391
    outer loop
      vertex 1.823882659621092 1.2302243876356433 16
      vertex 4.190059780611935 3.044256625499383 0.8
      vertex 1.7798373876248845 1.293127555043441 16
    endloop
  endfacet
  facet normal 0 0 1
    outer loop
      vertex 1.138380654156208 1.5712954998016357 16
      vertex 1.1658223813130508 1.8657058115441372 16
      vertex 1.1133711263537407 1.5888087898492813 16
    endloop
  endfacet
  facet normal 0 0 1
    outer loop
      vertex 1.138380654156208 1.5712954998016357 16
      vertex 1.1704536154866219 1.5463102608919144 16
      vertex 1.1658223813130508 1.8657058115441372 16
    endloop
  endfacet
  facet normal 0 0 1
    outer loop
      vertex 1.1935535296797752 1.5263457000255585 16
      vertex 1.34466353058815 1.3816757053136826 16
      vertex 1.2302243876356433 1.823882659621092 16
    endloop
  endfacet
  facet normal 0 0 1
    outer loop
      vertex 1.1935535296797752 1.5263457000255585 16
      vertex 1.1658223813130508 1.8657058115441372 16
      vertex 1.1704536154866219 1.5463102608919144 16
    endloop
  endfacet
  facet normal 0 0 1
    outer loop
      vertex 1.7528392001986504 0.6012557744979858 16
      vertex 1.6852977748617517 1.4141327413103866 16
      vertex 1.6859091967344284 0.8077957704663277 16
    endloop
  endfacet
  facet normal 0 0 1
    outer loop
      vertex 1.6795326247811317 0.8255493938922882 16
      vertex 1.6852977748617517 1.4141327413103866 16
      vertex 1.6702950447797775 0.8489303737878799 16
    endloop
  endfacet
  facet normal 0 0 1
    outer loop
      vertex 1.6628152430057526 0.866248220205307 16
      vertex 1.6702950447797775 0.8489303737878799 16
      vertex 1.6852977748617517 1.4141327413103866 16
    endloop
  endfacet
  facet normal 0 0 1
    outer loop
      vertex 1.6859091967344284 0.8077957704663277 16
      vertex 1.6852977748617517 1.4141327413103866 16
      vertex 1.6795326247811317 0.8255493938922882 16
    endloop
  endfacet
  facet normal 0 0 1
    outer loop
      vertex 1.5296659767627716 1.1330342590808868 16
      vertex 1.5432086810469627 1.1116975098848343 16
      vertex 1.5282484150097941 1.5825475607450328 16
    endloop
  endfacet
  facet normal 0 0 1
    outer loop
      vertex 1.5600363910198212 1.082539089024067 16
      vertex 1.5717352479696274 1.0601382181048393 16
      vertex 1.5825475607450328 1.5282484150097941 16
    endloop
  endfacet
  facet normal 0 0 1
    outer loop
      vertex 1.5600363910198212 1.082539089024067 16
      vertex 1.5825475607450328 1.5282484150097941 16
      vertex 1.5432086810469627 1.1116975098848343 16
    endloop
  endfacet
  facet normal 0 0 1
    outer loop
      vertex 1.6628152430057526 0.866248220205307 16
      vertex 1.5825475607450328 1.5282484150097941 16
      vertex 1.5717352479696274 1.0601382181048393 16
    endloop
  endfacet
  facet normal 0 0 1
    outer loop
      vertex 1.6628152430057526 0.866248220205307 16
      vertex 1.6852977748617517 1.4141327413103866 16
      vertex 1.6349186160502676 1.4720873339894882 16
    endloop
  endfacet
  facet normal 0 0 1
    outer loop
      vertex 1.365210473537445 1.359940268099308 16
      vertex 1.3544552457164483 1.7336236579347883 16
      vertex 1.34466353058815 1.3816757053136826 16
    endloop
  endfacet
  facet normal 0 0 1
    outer loop
      vertex 1.409375973045826 1.305994264781475 16
      vertex 1.5296659767627716 1.1330342590808868 16
      vertex 1.4141327413103866 1.6852977748617517 16
    endloop
  endfacet
  facet normal 0 0 1
    outer loop
      vertex 1.3910954520106316 1.3296676948666573 16
      vertex 1.409375973045826 1.305994264781475 16
      vertex 1.4141327413103866 1.6852977748617517 16
    endloop
  endfacet
  facet normal 0 0 1
    outer loop
      vertex 1.3910954520106316 1.3296676948666573 16
      vertex 1.4141327413103866 1.6852977748617517 16
      vertex 1.365210473537445 1.359940268099308 16
    endloop
  endfacet
  facet normal 0 0 1
    outer loop
      vertex 1.5296659767627716 1.1330342590808868 16
      vertex 1.4720873339894882 1.6349186160502676 16
      vertex 1.4141327413103866 1.6852977748617517 16
    endloop
  endfacet
  facet normal 0 0 1
    outer loop
      vertex 1.365210473537445 1.359940268099308 16
      vertex 1.4141327413103866 1.6852977748617517 16
      vertex 1.3544552457164483 1.7336236579347883 16
    endloop
  endfacet
  facet normal 0 0 1
    outer loop
      vertex 1.293127555043441 1.7798373876248845 16
      vertex 1.34466353058815 1.3816757053136826 16
      vertex 1.3544552457164483 1.7336236579347883 16
    endloop
  endfacet
  facet normal 0 0 1
    outer loop
      vertex 1.2302243876356433 1.823882659621092 16
      vertex 1.34466353058815 1.3816757053136826 16
      vertex 1.293127555043441 1.7798373876248845 16
    endloop
  endfacet
  facet normal 0 0 1
    outer loop
      vertex 1.5296659767627716 1.1330342590808868 16
      vertex 1.5282484150097941 1.5825475607450328 16
      vertex 1.4720873339894882 1.6349186160502676 16
    endloop
  endfacet
  facet normal 0 0 1
    outer loop
      vertex 1.5432086810469627 1.1116975098848343 16
      vertex 1.5825475607450328 1.5282484150097941 16
      vertex 1.5282484150097941 1.5825475607450328 16
    endloop
  endfacet
  facet normal 0 0 1
    outer loop
      vertex 1.6628152430057526 0.866248220205307 16
      vertex 1.6349186160502676 1.4720873339894882 16
      vertex 1.5825475607450328 1.5282484150097941 16
    endloop
  endfacet
  facet normal 0 0 1
    outer loop
      vertex 0.030024178326129913 1.9176074117422104 16
      vertex 0.04921618103981018 1.9177039042115211 16
      vertex 0 2.2 16
    endloop
  endfacet
  facet normal 0 0 1
    outer loop
      vertex 0.07478345930576324 1.9170143157243729 16
      vertex 0.07677889274550213 2.198659819442011 16
      vertex 0.04921618103981018 1.9177039042115211 16
    endloop
  endfacet
  facet normal 0 0 1
    outer loop
      vertex 0.07478345930576324 1.9170143157243729 16
      vertex 0.09394236654043198 1.9158834367990494 16
      vertex 0.07677889274550213 2.198659819442011 16
    endloop
  endfacet
  facet normal 0 0 1
    outer loop
      vertex 0.04921618103981018 1.9177039042115211 16
      vertex 0.07677889274550213 2.198659819442011 16
      vertex 0 2.2 16
    endloop
  endfacet
  facet normal 0 0 1
    outer loop
      vertex 0.09394236654043198 1.9158834367990494 16
      vertex 0.3083023726940155 1.8963334411382675 16
      vertex 0.15346424223707567 2.1946409105716134 16
    endloop
  endfacet
  facet normal 0 0 1
    outer loop
      vertex 0.09394236654043198 1.9158834367990494 16
      vertex 0.15346424223707567 2.1946409105716134 16
      vertex 0.07677889274550213 2.198659819442011 16
    endloop
  endfacet
  facet normal 0 0 1
    outer loop
      vertex 0.3083023726940155 1.8963334411382675 16
      vertex 0.32643356919288635 1.894121490418911 16
      vertex 0.306180822112144 2.178589751231455 16
    endloop
  endfacet
  facet normal 0 0 1
    outer loop
      vertex 0.3083023726940155 1.8963334411382675 16
      vertex 0.22996261918883765 2.1879481698102015 16
      vertex 0.15346424223707567 2.1946409105716134 16
    endloop
  endfacet
  facet normal 0 0 1
    outer loop
      vertex 0.3083023726940155 1.8963334411382675 16
      vertex 0.306180822112144 2.178589751231455 16
      vertex 0.22996261918883765 2.1879481698102015 16
    endloop
  endfacet
  facet normal 0 0 1
    outer loop
      vertex 0.32643356919288635 1.894121490418911 16
      vertex 0.35049643367528915 1.890439324080944 16
      vertex 0.38202599086724676 2.1665770566268576 16
    endloop
  endfacet
  facet normal 0 0 1
    outer loop
      vertex 0.35049643367528915 1.890439324080944 16
      vertex 0.3684595376253128 1.8871280178427696 16
      vertex 0.38202599086724676 2.1665770566268576 16
    endloop
  endfacet
  facet normal 0 0 1
    outer loop
      vertex 0.32643356919288635 1.894121490418911 16
      vertex 0.38202599086724676 2.1665770566268576 16
      vertex 0.306180822112144 2.178589751231455 16
    endloop
  endfacet
  facet normal 0 0 1
    outer loop
      vertex 0.3684595376253128 1.8871280178427696 16
      vertex 0.5782195329666138 1.841818019747734 16
      vertex 0.38202599086724676 2.1665770566268576 16
    endloop
  endfacet
  facet normal 0 0 1
    outer loop
      vertex 0.5782195329666138 1.841818019747734 16
      vertex 0.4574057197990706 2.151924721614373 16
      vertex 0.38202599086724676 2.1665770566268576 16
    endloop
  endfacet
  facet normal 0 0 1
    outer loop
      vertex 0.5782195329666138 1.841818019747734 16
      vertex 0.5322281703192691 2.1346505978071924 16
      vertex 0.4574057197990706 2.151924721614373 16
    endloop
  endfacet
  facet normal 0 0 1
    outer loop
      vertex 0.5782195329666138 1.841818019747734 16
      vertex 0.6010319069027901 1.8359441757202148 16
      vertex 0.6064021827973982 2.114775731064302 16
    endloop
  endfacet
  facet normal 0 0 1
    outer loop
      vertex 0.6310942620038986 1.8269312009215355 16
      vertex 0.6064021827973982 2.114775731064302 16
      vertex 0.6010319069027901 1.8359441757202148 16
    endloop
  endfacet
  facet normal 0 0 1
    outer loop
      vertex 0.6310942620038986 1.8269312009215355 16
      vertex 0.6798373876248843 2.0923243358493377 16
      vertex 0.6064021827973982 2.114775731064302 16
    endloop
  endfacet
  facet normal 0 0 1
    outer loop
      vertex 0.5782195329666138 1.841818019747734 16
      vertex 0.6064021827973982 2.114775731064302 16
      vertex 0.5322281703192691 2.1346505978071924 16
    endloop
  endfacet
  facet normal 0 0 1
    outer loop
      vertex 0.6310942620038986 1.8269312009215355 16
      vertex 0.6533754169940948 1.819285586476326 16
      vertex 0.6798373876248843 2.0923243358493377 16
    endloop
  endfacet
  facet normal 0 0 1
    outer loop
      vertex 0.6533754169940948 1.819285586476326 16
      vertex 0.850945420563221 1.7426955848932266 16
      vertex 0.6798373876248843 2.0923243358493377 16
    endloop
  endfacet
  facet normal 0 0 1
    outer loop
      vertex 0.850945420563221 1.7426955848932266 16
      vertex 0.7524443153164713 2.067323765728999 16
      vertex 0.6798373876248843 2.0923243358493377 16
    endloop
  endfacet
  facet normal 0 0 1
    outer loop
      vertex 0.850945420563221 1.7426955848932266 16
      vertex 0.8241345055150064 2.0398044800469326 16
      vertex 0.7524443153164713 2.067323765728999 16
    endloop
  endfacet
  facet normal 0 0 1
    outer loop
      vertex 0.9109589904546738 1.714110180735588 16
      vertex 0.9358111321926117 1.7001287937164307 16
      vertex 0.9644165229359705 1.9773469018581677 16
    endloop
  endfacet
  facet normal 0 0 1
    outer loop
      vertex 0.850945420563221 1.7426955848932266 16
      vertex 0.8770127072930336 1.7311368957161903 16
      vertex 0.8948206147667606 2.0098000068137223 16
    endloop
  endfacet
  facet normal 0 0 1
    outer loop
      vertex 0.8770127072930336 1.7311368957161903 16
      vertex 0.9109589904546738 1.714110180735588 16
      vertex 0.8948206147667606 2.0098000068137223 16
    endloop
  endfacet
  facet normal 0 0 1
    outer loop
      vertex 0.9109589904546738 1.714110180735588 16
      vertex 0.9644165229359705 1.9773469018581677 16
      vertex 0.8948206147667606 2.0098000068137223 16
    endloop
  endfacet
  facet normal 0 0 1
    outer loop
      vertex 0.9358111321926117 1.7001287937164307 16
      vertex 1.1133711263537407 1.5888087898492813 16
      vertex 0.9644165229359705 1.9773469018581677 16
    endloop
  endfacet
  facet normal 0 0 1
    outer loop
      vertex 0.9644165229359705 1.9773469018581677 16
      vertex 1.1133711263537407 1.5888087898492813 16
      vertex 1.0328374381289598 1.9424847042896396 16
    endloop
  endfacet
  facet normal 0 0 1
    outer loop
      vertex 0.850945420563221 1.7426955848932266 16
      vertex 0.8948206147667606 2.0098000068137223 16
      vertex 0.8241345055150064 2.0398044800469326 16
    endloop
  endfacet
  facet normal 0 0 1
    outer loop
      vertex 1.1133711263537407 1.5888087898492813 16
      vertex 1.1 1.905255888325765 16
      vertex 1.0328374381289598 1.9424847042896396 16
    endloop
  endfacet
  facet normal 0 0 1
    outer loop
      vertex 1.1133711263537407 1.5888087898492813 16
      vertex 1.1658223813130508 1.8657058115441372 16
      vertex 1.1 1.905255888325765 16
    endloop
  endfacet
  facet normal 0 0 1
    outer loop
      vertex 1.1935535296797752 1.5263457000255585 16
      vertex 1.2302243876356433 1.823882659621092 16
      vertex 1.1658223813130508 1.8657058115441372 16
    endloop
  endfacet
  facet normal 0 0 1
    outer loop
      vertex 1.8657058115441372 -1.1658223813130508 16
      vertex 1.823882659621092 1.2302243876356433 16
      vertex 1.844304583966732 0.022942624986171722 16
    endloop
  endfacet
  facet normal 0 0 1
    outer loop
      vertex 1.8657058115441372 -1.1658223813130508 16
      vertex 1.8657058115441372 1.1658223813130508 16
      vertex 1.823882659621092 1.2302243876356433 16
    endloop
  endfacet
  facet normal 0 0 1
    outer loop
      vertex 1.905255888325765 -1.1 16
      vertex 1.905255888325765 1.1 16
      vertex 1.8657058115441372 1.1658223813130508 16
    endloop
  endfacet
  facet normal 0 0 1
    outer loop
      vertex 2.1346505978071924 -0.5322281703192691 16
      vertex 2.1346505978071924 0.5322281703192691 16
      vertex 2.114775731064302 0.6064021827973982 16
    endloop
  endfacet
  facet normal 0 0 1
    outer loop
      vertex 2.0398044800469326 -0.8241345055150064 16
      vertex 2.0398044800469326 0.8241345055150064 16
      vertex 2.0098000068137223 0.8948206147667606 16
    endloop
  endfacet
  facet normal 0 0 1
    outer loop
      vertex 1.9424847042896396 -1.0328374381289598 16
      vertex 1.9424847042896396 1.0328374381289598 16
      vertex 1.905255888325765 1.1 16
    endloop
  endfacet
  facet normal 0 0 1
    outer loop
      vertex 1.9773469018581677 -0.9644165229359705 16
      vertex 1.9773469018581677 0.9644165229359705 16
      vertex 1.9424847042896396 1.0328374381289598 16
    endloop
  endfacet
  facet normal 0 0 1
    outer loop
      vertex 2.0098000068137223 -0.8948206147667606 16
      vertex 2.0098000068137223 0.8948206147667606 16
      vertex 1.9773469018581677 0.9644165229359705 16
    endloop
  endfacet
  facet normal 0 0 1
    outer loop
      vertex 2.067323765728999 -0.7524443153164713 16
      vertex 2.067323765728999 0.7524443153164713 16
      vertex 2.0398044800469326 0.8241345055150064 16
    endloop
  endfacet
  facet normal 0 0 1
    outer loop
      vertex 2.114775731064302 -0.6064021827973982 16
      vertex 2.114775731064302 0.6064021827973982 16
      vertex 2.0923243358493377 0.6798373876248843 16
    endloop
  endfacet
  facet normal 0 0 1
    outer loop
      vertex 2.0923243358493377 -0.6798373876248843 16
      vertex 2.0923243358493377 0.6798373876248843 16
      vertex 2.067323765728999 0.7524443153164713 16
    endloop
  endfacet
  facet normal 0 0 1
    outer loop
      vertex 1.844304583966732 0.022942624986171722 16
      vertex 1.823882659621092 1.2302243876356433 16
      vertex 1.8433620855212212 0.04807811230421066 16
    endloop
  endfacet
  facet normal 0 0 1
    outer loop
      vertex 1.8433620855212212 0.04807811230421066 16
      vertex 1.823882659621092 1.2302243876356433 16
      vertex 1.8420618996024132 0.06690748780965805 16
    endloop
  endfacet
  facet normal 0 0 1
    outer loop
      vertex 1.8202118948101997 0.283797487616539 16
      vertex 1.8420618996024132 0.06690748780965805 16
      vertex 1.823882659621092 1.2302243876356433 16
    endloop
  endfacet
  facet normal 0 0 1
    outer loop
      vertex 1.8202118948101997 0.283797487616539 16
      vertex 1.823882659621092 1.2302243876356433 16
      vertex 1.8181119859218597 0.30013200640678406 16
    endloop
  endfacet
  facet normal 0 0 1
    outer loop
      vertex 1.8181119859218597 0.30013200640678406 16
      vertex 1.823882659621092 1.2302243876356433 16
      vertex 1.8147166445851326 0.321818083524704 16
    endloop
  endfacet
  facet normal 0 0 1
    outer loop
      vertex 1.8147166445851326 0.321818083524704 16
      vertex 1.823882659621092 1.2302243876356433 16
      vertex 1.8117235451936722 0.3380126729607582 16
    endloop
  endfacet
  facet normal 0 0 1
    outer loop
      vertex 1.8117235451936722 0.3380126729607582 16
      vertex 1.7798373876248845 1.293127555043441 16
      vertex 1.7661835476756096 0.551452673971653 16
    endloop
  endfacet
  facet normal 0 0 1
    outer loop
      vertex 1.7661835476756096 0.551452673971653 16
      vertex 1.7798373876248845 1.293127555043441 16
      vertex 1.7625656798481941 0.5664968639612198 16
    endloop
  endfacet
  facet normal 0 0 1
    outer loop
      vertex 1.7625656798481941 0.5664968639612198 16
      vertex 1.7798373876248845 1.293127555043441 16
      vertex 1.7572279423475266 0.5864180997014046 16
    endloop
  endfacet
  facet normal 0 0 1
    outer loop
      vertex 1.7572279423475266 0.5864180997014046 16
      vertex 1.7798373876248845 1.293127555043441 16
      vertex 1.7528392001986504 0.6012557744979858 16
    endloop
  endfacet
  facet normal 0 0 1
    outer loop
      vertex 2.1879481698102015 -0.22996261918883765 16
      vertex 2.1879481698102015 0.22996261918883765 16
      vertex 2.178589751231455 0.306180822112144 16
    endloop
  endfacet
  facet normal 0 0 1
    outer loop
      vertex 2.198659819442011 -0.07677889274550213 16
      vertex 2.2 0 16
      vertex 2.198659819442011 0.07677889274550213 16
    endloop
  endfacet
  facet normal 0 0 1
    outer loop
      vertex 2.198659819442011 -0.07677889274550213 16
      vertex 2.198659819442011 0.07677889274550213 16
      vertex 2.1946409105716134 0.15346424223707567 16
    endloop
  endfacet
  facet normal 0 0 1
    outer loop
      vertex 2.1946409105716134 -0.15346424223707567 16
      vertex 2.1946409105716134 0.15346424223707567 16
      vertex 2.1879481698102015 0.22996261918883765 16
    endloop
  endfacet
  facet normal 0 0 1
    outer loop
      vertex 2.1665770566268576 -0.38202599086724676 16
      vertex 2.1665770566268576 0.38202599086724676 16
      vertex 2.151924721614373 0.4574057197990706 16
    endloop
  endfacet
  facet normal 0 0 1
    outer loop
      vertex 2.178589751231455 -0.306180822112144 16
      vertex 2.178589751231455 0.306180822112144 16
      vertex 2.1665770566268576 0.38202599086724676 16
    endloop
  endfacet
  facet normal 0 0 1
    outer loop
      vertex 2.151924721614373 -0.4574057197990706 16
      vertex 2.151924721614373 0.4574057197990706 16
      vertex 2.1346505978071924 0.5322281703192691 16
    endloop
  endfacet
  facet normal 0 0 1
    outer loop
      vertex 1.8117235451936722 0.3380126729607582 16
      vertex 1.823882659621092 1.2302243876356433 16
      vertex 1.7798373876248845 1.293127555043441 16
    endloop
  endfacet
  facet normal 0 0 1
    outer loop
      vertex 1.7528392001986504 0.6012557744979858 16
      vertex 1.7798373876248845 1.293127555043441 16
      vertex 1.7336236579347883 1.3544552457164483 16
    endloop
  endfacet
  facet normal 0 0 1
    outer loop
      vertex 1.7528392001986504 0.6012557744979858 16
      vertex 1.7336236579347883 1.3544552457164483 16
      vertex 1.6852977748617517 1.4141327413103866 16
    endloop
  endfacet
  facet normal 0.6703219678684863 0.7420703870879904 0
    outer loop
      vertex -1.0788611099123955 -4.395980089902878 4.129118433822065
      vertex -1.0788611099123955 -4.395980089902878 0.8
      vertex -1.0880201011896133 -4.3877066522836685 0.8
    endloop
  endfacet
  facet normal 0.6929004751347142 0.7210332388718895 0
    outer loop
      vertex -1.0880201011896133 -4.3877066522836685 4.159740790538947
      vertex -1.0880201011896133 -4.3877066522836685 0.8
      vertex -1.2471800968050957 -4.234756648540497 0.8
    endloop
  endfacet
  facet normal 0.6471055352132296 0.7624004369728546 0
    outer loop
      vertex -0.9100411087274551 -4.5392700880765915 3.6009122888484555
      vertex -0.9100411087274551 -4.5392700880765915 0.8
      vertex -1.0788611099123955 -4.395980089902878 0.8
    endloop
  endfacet
  facet normal 0.6310195742113773 0.7757669089114926 0
    outer loop
      vertex -0.9035515934228897 -4.544548749923706 3.580789725300349
      vertex -0.9035515934228897 -4.544548749923706 0.8
      vertex -0.9100411087274551 -4.5392700880765915 0.8
    endloop
  endfacet
  facet normal 0.6112116323054588 0.7914672074915655 0
    outer loop
      vertex -0.1988503634929657 -5.080145239830017 1.2838483919245007
      vertex -0.1988503634929657 -5.080145239830017 0.8
      vertex -0.36965958774089813 -4.948237583041191 0.8
    endloop
  endfacet
  facet normal 0.6452888000616789 0.7639387177745074 -3.212949177575388e-16
    outer loop
      vertex -0.17801710183506647 -5.097742816839545 1.1997379357761275
      vertex -0.08330528518879805 -5.177744619462373 0.8
      vertex -0.1988503634929657 -5.080145239830017 0.8
    endloop
  endfacet
  facet normal 0.596685645793633 0.802475071328596 0
    outer loop
      vertex -0.36965958774089813 -4.948237583041191 1.9062092655007987
      vertex -0.36965958774089813 -4.948237583041191 0.8
      vertex -0.5466771349310875 -4.816615015268326 0.8
    endloop
  endfacet
  facet normal 0.5972576907156313 0.8020494067581069 0
    outer loop
      vertex -0.5466771349310875 -4.816615015268326 2.489411199078539
      vertex -0.5466771349310875 -4.816615015268326 0.8
      vertex -0.546909287571907 -4.816442139446735 0.8
    endloop
  endfacet
  facet normal 0.5978464161446325 0.8016106677826953 0
    outer loop
      vertex -0.546909287571907 -4.816442139446735 2.4901424073999863
      vertex -0.546909287571907 -4.816442139446735 0.8
      vertex -0.7251592874526978 -4.68350213766098 0.8
    endloop
  endfacet
  facet normal 0.5966856457936333 0.8024750713285956 -9.343226613783013e-17
    outer loop
      vertex -0.36965958774089813 -4.948237583041191 1.9062092655007987
      vertex -0.5466771349310875 -4.816615015268326 0.8
      vertex -0.5091772864971224 -4.84449827554573 2.3715087995490975
    endloop
  endfacet
  facet normal 0.5966856457936308 0.8024750713285975 -1.0270336352734478e-18
    outer loop
      vertex -0.5091772864971224 -4.84449827554573 2.3715087995490975
      vertex -0.5466771349310875 -4.816615015268326 0.8
      vertex -0.5466771349310875 -4.816615015268326 2.489411199078539
    endloop
  endfacet
  facet normal 0.5972576907156314 0.802049406758107 0
    outer loop
      vertex -0.546909287571907 -4.816442139446735 2.4901424073999863
      vertex -0.5466771349310875 -4.816615015268326 2.489411199078539
      vertex -0.546909287571907 -4.816442139446735 0.8
    endloop
  endfacet
  facet normal 0.6146579529705704 0.7887937631916394 0
    outer loop
      vertex -0.7285215929150581 -4.680938750505447 3.051034571717757
      vertex -0.7285215929150581 -4.680938750505447 0.8
      vertex -0.9035515934228897 -4.544548749923706 0.8
    endloop
  endfacet
  facet normal 0.6062872041774624 0.7952457645600358 0
    outer loop
      vertex -0.7251592874526978 -4.68350213766098 3.040799094374492
      vertex -0.7251592874526978 -4.68350213766098 0.8
      vertex -0.7285215929150581 -4.680938750505447 0.8
    endloop
  endfacet
  facet normal 0.6112116323054595 0.7914672074915649 -3.9337455806510153e-16
    outer loop
      vertex -0.34722592106175326 -4.9655620127835345 1.8281193681696237
      vertex -0.1988503634929657 -5.080145239830017 1.2838483919245007
      vertex -0.36965958774089813 -4.948237583041191 0.8
    endloop
  endfacet
  facet normal 0.6452888000616753 0.7639387177745105 -1.6515407921814563e-19
    outer loop
      vertex -0.17801710183506647 -5.097742816839545 1.1997379357761275
      vertex -0.1988503634929657 -5.080145239830017 0.8
      vertex -0.1988503634929657 -5.080145239830017 1.2838483919245007
    endloop
  endfacet
  facet normal 0.6112116323054482 0.7914672074915736 6.237938941719171e-19
    outer loop
      vertex -0.34722592106175326 -4.9655620127835345 1.8281193681696237
      vertex -0.36965958774089813 -4.948237583041191 0.8
      vertex -0.36965958774089813 -4.948237583041191 1.9062092655007987
    endloop
  endfacet
  facet normal 0.6146579529705682 0.788793763191641 -9.008540254475722e-19
    outer loop
      vertex -0.8136755826524775 -4.614583538963843 3.317489809272594
      vertex -0.9035515934228897 -4.544548749923706 0.8
      vertex -0.9035515934228897 -4.544548749923706 3.580789725300349
    endloop
  endfacet
  facet normal 0.6310195742113773 0.7757669089114925 0
    outer loop
      vertex -0.9035515934228897 -4.544548749923706 3.580789725300349
      vertex -0.9100411087274551 -4.5392700880765915 0.8
      vertex -0.9100411087274551 -4.5392700880765915 3.6009122888484555
    endloop
  endfacet
  facet normal 0.6471055352132271 0.7624004369728568 2.5084621156621037e-16
    outer loop
      vertex -0.9100411087274551 -4.5392700880765915 3.6009122888484555
      vertex -1.0788611099123955 -4.395980089902878 0.8
      vertex -0.9564744836679387 -4.499858654812043 3.753116293907574
    endloop
  endfacet
  facet normal 0.6471055352132307 0.7624004369728538 -8.994580409768083e-19
    outer loop
      vertex -0.9564744836679387 -4.499858654812043 3.753116293907574
      vertex -1.0788611099123955 -4.395980089902878 0.8
      vertex -1.0788611099123955 -4.395980089902878 4.129118433822065
    endloop
  endfacet
  facet normal 0.6929004751347134 0.7210332388718903 -4.270731569098034e-17
    outer loop
      vertex -1.0928265193637232 -4.383087767526361 4.1771888340573895
      vertex -1.2471800968050957 -4.234756648540497 0.8
      vertex -1.221400646097434 -4.25953025491681 4.616388362879221
    endloop
  endfacet
  facet normal 0.6703219678684864 0.7420703870879906 0
    outer loop
      vertex -1.0880201011896133 -4.3877066522836685 4.159740790538947
      vertex -1.0788611099123955 -4.395980089902878 4.129118433822065
      vertex -1.0880201011896133 -4.3877066522836685 0.8
    endloop
  endfacet
  facet normal 0.6929004751347475 0.7210332388718576 -3.0417616531323423e-15
    outer loop
      vertex -1.0880201011896133 -4.3877066522836685 4.159740790538947
      vertex -1.2471800968050957 -4.234756648540497 0.8
      vertex -1.0928265193637232 -4.383087767526361 4.1771888340573895
    endloop
  endfacet
  facet normal 0.7406948863394305 0.6718415626846989 0
    outer loop
      vertex -1.2567389756441116 -4.2249183133244514 4.732567519256051
      vertex -1.2567389756441116 -4.2249183133244514 0.8
      vertex -1.4048589766025543 -4.061618313193321 0.8
    endloop
  endfacet
  facet normal 0.7866444780414564 0.6174062399805209 0
    outer loop
      vertex -1.41404889523983 -4.050731249153614 5.331299085419012
      vertex -1.41404889523983 -4.050731249153614 0.8
      vertex -1.4589835079195277 -3.9934795360213804 0.8
    endloop
  endfacet
  facet normal 0.764154530525841 0.6450332188940594 0
    outer loop
      vertex -1.4048589766025543 -4.061618313193321 5.2940384126137445
      vertex -1.4048589766025543 -4.061618313193321 0.8
      vertex -1.41404889523983 -4.050731249153614 0.8
    endloop
  endfacet
  facet normal 0.7866444780414545 0.6174062399805235 0
    outer loop
      vertex -1.5499788969755173 -3.8775412514805794 1.2034299765935117
      vertex -1.5499788969755173 -3.8775412514805794 5.917876204297066
      vertex -1.4589835079195277 -3.9934795360213804 0.8
    endloop
  endfacet
  facet normal 0.8093576422621671 0.5873161047611634 0
    outer loop
      vertex -1.5499788969755173 -3.8775412514805794 1.2034299765935117
      vertex -1.5588340312242508 -3.865338332951069 1.24727352674374
      vertex -1.5588340312242508 -3.865338332951069 5.959816332372952
    endloop
  endfacet
  facet normal 0.8309201502386008 0.5563916821156308 0
    outer loop
      vertex -1.5588340312242508 -3.865338332951069 1.24727352674374
      vertex -1.5606202788351877 -3.8626707353198473 1.2571436913269025
      vertex -1.5588340312242508 -3.865338332951069 5.959816332372952
    endloop
  endfacet
  facet normal 0.7172196644498036 0.6968471517675244 0
    outer loop
      vertex -1.2471800968050957 -4.234756648540497 4.69881899194155
      vertex -1.2471800968050957 -4.234756648540497 0.8
      vertex -1.2567389756441116 -4.2249183133244514 0.8
    endloop
  endfacet
  facet normal 0.7406948863394311 0.6718415626846981 -5.571492968148458e-17
    outer loop
      vertex -1.342159814520404 -4.1307431654076385 5.064687151455246
      vertex -1.2567389756441116 -4.2249183133244514 4.732567519256051
      vertex -1.4048589766025543 -4.061618313193321 0.8
    endloop
  endfacet
  facet normal 0.7406948863394295 0.6718415626847 -2.0145018313682037e-20
    outer loop
      vertex -1.342159814520404 -4.1307431654076385 5.064687151455246
      vertex -1.4048589766025543 -4.061618313193321 0.8
      vertex -1.4048589766025543 -4.061618313193321 5.2940384126137445
    endloop
  endfacet
  facet normal 0.7641545305258409 0.6450332188940593 0
    outer loop
      vertex -1.4048589766025543 -4.061618313193321 5.2940384126137445
      vertex -1.41404889523983 -4.050731249153614 0.8
      vertex -1.41404889523983 -4.050731249153614 5.331299085419012
    endloop
  endfacet
  facet normal 0.7866444780414559 0.6174062399805215 1.4394407732457667e-17
    outer loop
      vertex -1.41404889523983 -4.050731249153614 5.331299085419012
      vertex -1.4589835079195277 -3.9934795360213804 0.8
      vertex -1.455242522176009 -3.998245969508777 5.516095033435072
    endloop
  endfacet
  facet normal 0.8309201502385831 0.556391682115657 3.9034672732833447e-19
    outer loop
      vertex -1.5606202788351877 -3.8626707353198473 1.2571436913269025
      vertex -1.656212046742003 -3.719913162365707 1.7588893527049692
      vertex -1.656212046742003 -3.719913162365707 6.449220890008881
    endloop
  endfacet
  facet normal 0.8309201502385817 0.5563916821156594 0
    outer loop
      vertex -1.6809640303254128 -3.682948336005211 1.8817987514808792
      vertex -1.6809640303254128 -3.682948336005211 6.566794305225677
      vertex -1.656212046742003 -3.719913162365707 1.7588893527049692
    endloop
  endfacet
  facet normal 0.8525018035272336 0.5227242819908158 0
    outer loop
      vertex -1.6893240660429 -3.6693141013383865 1.9288680165476322
      vertex -1.6893240660429 -3.6693141013383865 6.611820107164
      vertex -1.6809640303254128 -3.682948336005211 1.8817987514808792
    endloop
  endfacet
  facet normal 0.8727203230999112 0.4882204805703939 0
    outer loop
      vertex -1.6893240660429 -3.6693141013383865 1.9288680165476322
      vertex -1.7429181552446622 -3.5735117892564308 2.2712118658868405
      vertex -1.6893240660429 -3.6693141013383865 6.611820107164
    endloop
  endfacet
  facet normal 0.6929004751347102 0.7210332388718934 -1.2124492666817373e-19
    outer loop
      vertex -1.221400646097434 -4.25953025491681 4.616388362879221
      vertex -1.2471800968050957 -4.234756648540497 0.8
      vertex -1.2471800968050957 -4.234756648540497 4.69881899194155
    endloop
  endfacet
  facet normal 0.7172196644498036 0.6968471517675244 0
    outer loop
      vertex -1.2567389756441116 -4.2249183133244514 4.732567519256051
      vertex -1.2471800968050957 -4.234756648540497 4.69881899194155
      vertex -1.2567389756441116 -4.2249183133244514 0.8
    endloop
  endfacet
  facet normal 0.5978464161446339 0.8016106677826945 -2.0999006986546625e-16
    outer loop
      vertex -0.546909287571907 -4.816442139446735 2.4901424073999863
      vertex -0.7251592874526978 -4.68350213766098 0.8
      vertex -0.6645736589148368 -4.728687290936721 2.8614290010129864
    endloop
  endfacet
  facet normal 0.5978464161446292 0.8016106677826977 0
    outer loop
      vertex -0.7251592874526978 -4.68350213766098 3.040799094374492
      vertex -0.6645736589148368 -4.728687290936721 2.8614290010129864
      vertex -0.7251592874526978 -4.68350213766098 0.8
    endloop
  endfacet
  facet normal 0.614657952970572 0.7887937631916382 -2.0815359798406762e-16
    outer loop
      vertex -0.7285215929150581 -4.680938750505447 3.051034571717757
      vertex -0.9035515934228897 -4.544548749923706 0.8
      vertex -0.8136755826524775 -4.614583538963843 3.317489809272594
    endloop
  endfacet
  facet normal 0.6062872041774624 0.7952457645600358 0
    outer loop
      vertex -0.7251592874526978 -4.68350213766098 3.040799094374492
      vertex -0.7285215929150581 -4.680938750505447 0.8
      vertex -0.7285215929150581 -4.680938750505447 3.051034571717757
    endloop
  endfacet
  facet normal 0.8727203230999111 0.4882204805703943 3.3520919089258337e-19
    outer loop
      vertex -1.7429181552446622 -3.5735117892564308 2.2712118658868405
      vertex -1.7965040653944016 -3.4777240976691246 2.596717247747719
      vertex -1.7965040653944016 -3.4777240976691246 7.25067535944023
    endloop
  endfacet
  facet normal 0.894017510325147 0.44803202032000544 0
    outer loop
      vertex -1.7965040653944016 -3.4777240976691246 2.596717247747719
      vertex -1.8046530485153198 -3.4614633545279503 2.654269467411538
      vertex -1.8046530485153198 -3.4614633545279503 7.305729009417959
    endloop
  endfacet
  facet normal 0.9134652342105607 0.406916780052931 0
    outer loop
      vertex -1.8046530485153198 -3.4614633545279503 2.654269467411538
      vertex -1.8209912941521447 -3.4247865200772045 2.7890266971214004
      vertex -1.8046530485153198 -3.4614633545279503 7.305729009417959
    endloop
  endfacet
  facet normal 0.8727203230999121 0.4882204805703925 -4.1512236571897774e-17
    outer loop
      vertex -1.7429181552446622 -3.5735117892564308 2.2712118658868405
      vertex -1.742918155244662 -3.5735117892564308 6.939301454775659
      vertex -1.6893240660429 -3.6693141013383865 6.611820107164
    endloop
  endfacet
  facet normal 0.8727203230999102 0.48822048057039596 -4.151223657189768e-17
    outer loop
      vertex -1.7429181552446622 -3.5735117892564308 2.2712118658868405
      vertex -1.7965040653944016 -3.4777240976691246 7.25067535944023
      vertex -1.742918155244662 -3.5735117892564308 6.939301454775659
    endloop
  endfacet
  facet normal 0.894017510325147 0.44803202032000544 0
    outer loop
      vertex -1.7965040653944016 -3.4777240976691246 2.596717247747719
      vertex -1.8046530485153198 -3.4614633545279503 7.305729009417959
      vertex -1.7965040653944016 -3.4777240976691246 7.25067535944023
    endloop
  endfacet
  facet normal 0.9134652342105611 0.40691678005293014 -9.524122574885928e-18
    outer loop
      vertex -1.8209912941521447 -3.4247865200772045 2.7890266971214004
      vertex -1.8209912941521442 -3.4247865200772054 7.434635894326171
      vertex -1.8046530485153198 -3.4614633545279503 7.305729009417959
    endloop
  endfacet
  facet normal 0.8093576422621671 0.5873161047611634 0
    outer loop
      vertex -1.5499788969755173 -3.8775412514805794 1.2034299765935117
      vertex -1.5588340312242508 -3.865338332951069 5.959816332372952
      vertex -1.5499788969755173 -3.8775412514805794 5.917876204297066
    endloop
  endfacet
  facet normal 0.8309201502386008 0.5563916821156308 0
    outer loop
      vertex -1.5606202788351877 -3.8626707353198473 1.2571436913269025
      vertex -1.5606202788351877 -3.8626707353198473 5.9692579940387915
      vertex -1.5588340312242508 -3.865338332951069 5.959816332372952
    endloop
  endfacet
  facet normal 0.7866444780414548 0.6174062399805229 1.6112280301585682e-17
    outer loop
      vertex -1.5499788969755173 -3.8775412514805794 5.917876204297066
      vertex -1.455242522176009 -3.998245969508777 5.516095033435072
      vertex -1.4589835079195277 -3.9934795360213804 0.8
    endloop
  endfacet
  facet normal 0.8309201502385831 0.556391682115657 0
    outer loop
      vertex -1.5606202788351877 -3.8626707353198473 1.2571436913269025
      vertex -1.656212046742003 -3.719913162365707 6.449220890008881
      vertex -1.5606202788351877 -3.8626707353198473 5.9692579940387915
    endloop
  endfacet
  facet normal 0.8309201502385816 0.5563916821156594 0
    outer loop
      vertex -1.656212046742003 -3.719913162365707 1.7588893527049692
      vertex -1.6809640303254128 -3.682948336005211 6.566794305225677
      vertex -1.656212046742003 -3.719913162365707 6.449220890008881
    endloop
  endfacet
  facet normal 0.8525018035272337 0.5227242819908159 0
    outer loop
      vertex -1.6809640303254128 -3.682948336005211 1.8817987514808792
      vertex -1.6893240660429 -3.6693141013383865 6.611820107164
      vertex -1.6809640303254128 -3.682948336005211 6.566794305225677
    endloop
  endfacet
  facet normal 0.9134652342105608 0.40691678005293097 -4.449413376828556e-18
    outer loop
      vertex -1.8209912941521447 -3.4247865200772045 2.7890266971214004
      vertex -1.8890687769337449 -3.2719631006412433 3.325976230951028
      vertex -1.8890687769337446 -3.2719631006412437 7.948274323284032
    endloop
  endfacet
  facet normal 0.9134652342105577 0.4069167800529379 1.6167301947613243e-21
    outer loop
      vertex -1.8890687769337449 -3.2719631006412433 3.325976230951028
      vertex -1.8938930481672287 -3.2611333578824997 3.3622406991701865
      vertex -1.8938930481672287 -3.2611333578824997 7.982964407378596
    endloop
  endfacet
  facet normal 0.9325979831781607 0.36091689039448815 0
    outer loop
      vertex -1.8938930481672287 -3.2611333578824997 3.3622406991701865
      vertex -1.9010831788182259 -3.242554284632206 3.4274388095753636
      vertex -1.9010831788182259 -3.242554284632206 8.045332009713
    endloop
  endfacet
  facet normal 0.9494159030978052 0.3140214052337501 0
    outer loop
      vertex -1.9010831788182259 -3.242554284632206 3.4274388095753636
      vertex -1.9443782112752048 -3.1116555890187847 3.907020709969835
      vertex -1.9010831788182259 -3.242554284632206 8.045332009713
    endloop
  endfacet
  facet normal 0.9494159030978049 0.31402140523375066 3.7414720025716627e-19
    outer loop
      vertex -1.9443782112752048 -3.1116555890187847 3.907020709969835
      vertex -1.9698531776666641 -3.0346342846751213 4.1775863624027
      vertex -1.9698531776666641 -3.0346342846751213 8.762912687682416
    endloop
  endfacet
  facet normal 0.9793467837101226 0.20218772771025967 0
    outer loop
      vertex -1.9758393540978432 -3.012267544865608 4.2602591291462915
      vertex -1.988953669896369 -2.94874507916853 4.506345258853749
      vertex -1.9758393540978432 -3.012267544865608 8.841996302347127
    endloop
  endfacet
  facet normal 0.9660010796779487 0.2585380321365456 0
    outer loop
      vertex -1.9698531776666641 -3.0346342846751213 4.1775863624027
      vertex -1.9758393540978432 -3.012267544865608 4.2602591291462915
      vertex -1.9758393540978432 -3.012267544865608 8.841996302347127
    endloop
  endfacet
  facet normal 0.9134652342105607 0.4069167800529311 -9.524122574885691e-18
    outer loop
      vertex -1.8209912941521447 -3.4247865200772045 2.7890266971214004
      vertex -1.8890687769337446 -3.2719631006412437 7.948274323284032
      vertex -1.8209912941521442 -3.4247865200772054 7.434635894326171
    endloop
  endfacet
  facet normal 0.9134652342105568 0.4069167800529397 -4.786077243976849e-18
    outer loop
      vertex -1.8890687769337449 -3.2719631006412433 3.325976230951028
      vertex -1.8938930481672287 -3.2611333578824997 7.982964407378596
      vertex -1.8890687769337446 -3.2719631006412437 7.948274323284032
    endloop
  endfacet
  facet normal 0.9325979831781607 0.3609168903944881 0
    outer loop
      vertex -1.8938930481672287 -3.2611333578824997 3.3622406991701865
      vertex -1.9010831788182259 -3.242554284632206 8.045332009713
      vertex -1.8938930481672287 -3.2611333578824997 7.982964407378596
    endloop
  endfacet
  facet normal 0.9494159030978053 0.3140214052337497 -1.5522739534242313e-17
    outer loop
      vertex -1.9443782112752048 -3.1116555890187847 3.907020709969835
      vertex -1.9443782112752046 -3.111655589018785 8.504093361302893
      vertex -1.9010831788182259 -3.242554284632206 8.045332009713
    endloop
  endfacet
  facet normal 0.9793467837101228 0.20218772771025925 0
    outer loop
      vertex -2.0199993550777435 -2.7983675450086594 5.068458450093765
      vertex -2.0199993550777435 -2.7983675450086594 9.61510849137455
      vertex -1.988953669896369 -2.94874507916853 4.506345258853749
    endloop
  endfacet
  facet normal 0.9901623409833122 0.13992333078670832 0
    outer loop
      vertex -2.0199993550777435 -2.7983675450086594 5.068458450093765
      vertex -2.0221379193658064 -2.7832340729142913 5.128043704450512
      vertex -2.0199993550777435 -2.7983675450086594 9.61510849137455
    endloop
  endfacet
  facet normal 0.9901623409833175 0.13992333078667296 9.89535977490066e-21
    outer loop
      vertex -2.0221379193658064 -2.7832340729142913 5.128043704450512
      vertex -2.0235346630215645 -2.773350067436695 5.16566801163367
      vertex -2.0235346630215645 -2.773350067436695 9.708097801027023
    endloop
  endfacet
  facet normal 0.9970233392037174 0.07710033127729689 0
    outer loop
      vertex -2.0235346630215645 -2.773350067436695 5.16566801163367
      vertex -2.0364357989497592 -2.606518960364171 5.8349929759634165
      vertex -2.0235346630215645 -2.773350067436695 9.708097801027023
    endloop
  endfacet
  facet normal 0.9494159030978047 0.31402140523375155 -1.5522739534242104e-17
    outer loop
      vertex -1.9443782112752048 -3.1116555890187847 3.907020709969835
      vertex -1.9698531776666641 -3.0346342846751213 8.762912687682416
      vertex -1.9443782112752046 -3.111655589018785 8.504093361302893
    endloop
  endfacet
  facet normal 0.9660010796779487 0.2585380321365456 0
    outer loop
      vertex -1.9698531776666641 -3.0346342846751213 4.1775863624027
      vertex -1.9758393540978432 -3.012267544865608 8.841996302347127
      vertex -1.9698531776666641 -3.0346342846751213 8.762912687682416
    endloop
  endfacet
  facet normal 0.979346783710123 0.20218772771025836 -1.9643039897315518e-17
    outer loop
      vertex -1.988953669896369 -2.94874507916853 4.506345258853749
      vertex -1.988953669896369 -2.9487450791685297 9.077398858989191
      vertex -1.9758393540978432 -3.012267544865608 8.841996302347127
    endloop
  endfacet
  facet normal 0.9970233392037172 0.07710033127730039 -2.5549295277541497e-20
    outer loop
      vertex -2.0364357989497592 -2.606518960364171 5.8349929759634165
      vertex -2.040324665606022 -2.5562300607562065 6.030416195884747
      vertex -2.040324665606022 -2.5562300607562065 10.535303843343513
    endloop
  endfacet
  facet normal 0.9793467837101226 0.20218772771025983 -1.9643039897315663e-17
    outer loop
      vertex -1.988953669896369 -2.94874507916853 4.506345258853749
      vertex -2.0199993550777435 -2.7983675450086594 9.61510849137455
      vertex -1.988953669896369 -2.9487450791685297 9.077398858989191
    endloop
  endfacet
  facet normal 0.999981703913937 0.0060491187274847496 0
    outer loop
      vertex -2.040324665606022 -2.5562300607562065 6.030416195884747
      vertex -2.040496625006199 -2.527803398668766 6.147684876360884
      vertex -2.040496625006199 -2.527803398668766 10.647481426171701
    endloop
  endfacet
  facet normal 0.9978831144142222 -0.06503299137339799 0
    outer loop
      vertex -2.040496625006199 -2.527803398668766 6.147684876360884
      vertex -2.0337109565304994 -2.42368233874343 6.6021103988008605
      vertex -2.040496625006199 -2.527803398668766 10.647481426171701
    endloop
  endfacet
  facet normal 0.9901623409833119 0.13992333078671235 1.3674642834766622e-17
    outer loop
      vertex -2.0221379193658064 -2.7832340729142913 5.128043704450512
      vertex -2.0221379193658064 -2.7832340729142917 9.67210691396106
      vertex -2.0199993550777435 -2.7983675450086594 9.61510849137455
    endloop
  endfacet
  facet normal 0.9901623409833182 0.13992333078666677 1.3674642834762167e-17
    outer loop
      vertex -2.0221379193658064 -2.7832340729142913 5.128043704450512
      vertex -2.0235346630215645 -2.773350067436695 9.708097801027023
      vertex -2.0221379193658064 -2.7832340729142917 9.67210691396106
    endloop
  endfacet
  facet normal 0.9970233392037174 0.07710033127729689 0
    outer loop
      vertex -2.0364357989497592 -2.606518960364171 5.8349929759634165
      vertex -2.0364357989497592 -2.606518960364171 10.348364719015812
      vertex -2.0235346630215645 -2.773350067436695 9.708097801027023
    endloop
  endfacet
  facet normal 0.9970233392037173 0.07710033127730039 0
    outer loop
      vertex -2.0364357989497592 -2.606518960364171 5.8349929759634165
      vertex -2.040324665606022 -2.5562300607562065 10.535303843343513
      vertex -2.0364357989497592 -2.606518960364171 10.348364719015812
    endloop
  endfacet
  facet normal 0.9978831144142222 -0.06503299137339674 2.472654851705536e-20
    outer loop
      vertex -2.0337109565304994 -2.42368233874343 6.6021103988008605
      vertex -2.0264666229486465 -2.312523402273655 7.074981258291402
      vertex -2.0264666229486465 -2.312523402273655 11.534520201298434
    endloop
  endfacet
  facet normal 0.988648432862145 -0.15024738333569987 0
    outer loop
      vertex -2.0264666229486465 -2.312523402273655 7.074981258291402
      vertex -2.0213200822472572 -2.2786584571003914 7.229330395211122
      vertex -2.0213200822472572 -2.2786584571003914 11.682168431166538
    endloop
  endfacet
  facet normal 0.9721504334885664 -0.23435770665372294 0
    outer loop
      vertex -2.0213200822472572 -2.2786584571003914 7.229330395211122
      vertex -2.010207429134159 -2.2325615281990148 7.453804150734804
      vertex -2.0213200822472572 -2.2786584571003914 11.682168431166538
    endloop
  endfacet
  facet normal 0.999981703913937 0.0060491187274847496 0
    outer loop
      vertex -2.040324665606022 -2.5562300607562065 6.030416195884747
      vertex -2.040496625006199 -2.527803398668766 10.647481426171701
      vertex -2.040324665606022 -2.5562300607562065 10.535303843343513
    endloop
  endfacet
  facet normal 0.9978831144142222 -0.06503299137339774 6.4464309152020804e-18
    outer loop
      vertex -2.0337109565304994 -2.42368233874343 6.6021103988008605
      vertex -2.0337109565304994 -2.4236823387434296 11.082178537760015
      vertex -2.040496625006199 -2.527803398668766 10.647481426171701
    endloop
  endfacet
  facet normal 0.9978831144142221 -0.06503299137339702 6.4464309152020096e-18
    outer loop
      vertex -2.0337109565304994 -2.42368233874343 6.6021103988008605
      vertex -2.0264666229486465 -2.312523402273655 11.534520201298434
      vertex -2.0337109565304994 -2.4236823387434296 11.082178537760015
    endloop
  endfacet
  facet normal 0.9721504334885673 -0.23435770665371888 -3.064836783077513e-19
    outer loop
      vertex -2.010207429134159 -2.2325615281990148 7.453804150734804
      vertex -1.9716400802135468 -2.0725784599781036 8.21826256782819
      vertex -1.9716400802135468 -2.0725784599781036 12.628167143310122
    endloop
  endfacet
  facet normal 0.9416097833956093 -0.33670612678368894 0
    outer loop
      vertex -1.9716400802135468 -2.0725784599781036 8.21826256782819
      vertex -1.9572754502296448 -2.03240729868412 8.427243236000088
      vertex -1.9572754502296448 -2.03240729868412 12.828075133390314
    endloop
  endfacet
  facet normal 0.9003272636685523 -0.43521353183821937 0
    outer loop
      vertex -1.9572754502296448 -2.03240729868412 8.427243236000088
      vertex -1.9518656663380518 -2.0212160659400826 8.490585133622936
      vertex -1.9572754502296448 -2.03240729868412 12.828075133390314
    endloop
  endfacet
  facet normal 0.988648432862145 -0.1502473833356999 0
    outer loop
      vertex -2.0264666229486465 -2.312523402273655 7.074981258291402
      vertex -2.0213200822472572 -2.2786584571003914 11.682168431166538
      vertex -2.0264666229486465 -2.312523402273655 11.534520201298434
    endloop
  endfacet
  facet normal 0.9721504334885674 -0.23435770665371858 5.031856711640262e-17
    outer loop
      vertex -2.010207429134159 -2.2325615281990148 7.453804150734804
      vertex -2.0102074291341596 -2.2325615281990157 11.896896892344493
      vertex -2.0213200822472572 -2.2786584571003914 11.682168431166538
    endloop
  endfacet
  facet normal 0.9721504334885669 -0.2343577066537205 5.0318567116402194e-17
    outer loop
      vertex -2.010207429134159 -2.2325615281990148 7.453804150734804
      vertex -1.9716400802135468 -2.0725784599781036 12.628167143310122
      vertex -2.0102074291341596 -2.2325615281990157 11.896896892344493
    endloop
  endfacet
  facet normal 0.9003272636685543 -0.43521353183821565 -7.750682042259701e-19
    outer loop
      vertex -1.9518656663380518 -2.0212160659400826 8.490585133622936
      vertex -1.8668854534626007 -1.8454172983765602 9.474242416039601
      vertex -1.8668854534626007 -1.8454172983765602 13.82961993429577
    endloop
  endfacet
  facet normal 0.9416097833956094 -0.33670612678368905 0
    outer loop
      vertex -1.9716400802135468 -2.0725784599781036 8.21826256782819
      vertex -1.9572754502296448 -2.03240729868412 12.828075133390314
      vertex -1.9716400802135468 -2.0725784599781036 12.628167143310122
    endloop
  endfacet
  facet normal 0.900327263668552 -0.43521353183822037 -3.019124305718439e-18
    outer loop
      vertex -1.9518656663380518 -2.0212160659400826 8.490585133622936
      vertex -1.9518656663380514 -2.0212160659400817 12.888667108487432
      vertex -1.9572754502296448 -2.03240729868412 12.828075133390314
    endloop
  endfacet
  facet normal 0.8446718369317254 -0.5352844924844962 0
    outer loop
      vertex -1.8668854534626007 -1.8454172983765602 9.474242416039601
      vertex -1.8424082398414612 -1.8067925795912743 9.71226265540728
      vertex -1.8424082398414612 -1.8067925795912743 14.05730677282795
    endloop
  endfacet
  facet normal 0.7779411876275982 -0.6283370978961549 0
    outer loop
      vertex -1.8424082398414612 -1.8067925795912743 9.71226265540728
      vertex -1.7410904502446105 -1.6813515037250144 10.56759619873911
      vertex -1.8424082398414612 -1.8067925795912743 14.05730677282795
    endloop
  endfacet
  facet normal 0.9003272636685544 -0.4352135318382156 -3.0191243057196413e-18
    outer loop
      vertex -1.9518656663380518 -2.0212160659400826 8.490585133622936
      vertex -1.8668854534626007 -1.8454172983765602 13.82961993429577
      vertex -1.9518656663380514 -2.0212160659400817 12.888667108487432
    endloop
  endfacet
  facet normal 0.8446718369317254 -0.5352844924844962 0
    outer loop
      vertex -1.8668854534626007 -1.8454172983765602 9.474242416039601
      vertex -1.8424082398414612 -1.8067925795912743 14.05730677282795
      vertex -1.8668854534626007 -1.8454172983765602 13.82961993429577
    endloop
  endfacet
  facet normal 0.7779411876275975 -0.6283370978961555 -4.163999551543814e-17
    outer loop
      vertex -1.7410904502446105 -1.6813515037250144 10.56759619873911
      vertex -1.7410904502446112 -1.6813515037250155 14.875506901056987
      vertex -1.8424082398414612 -1.8067925795912743 14.05730677282795
    endloop
  endfacet
  facet normal 0.7779411876275969 -0.6283370978961564 -4.471774777337902e-19
    outer loop
      vertex -1.7410904502446105 -1.6813515037250144 10.56759619873911
      vertex -1.711998239159584 -1.6453325748443604 10.812133710399657
      vertex -1.711998239159584 -1.6453325748443604 15.109428071292037
    endloop
  endfacet
  facet normal 0.7779411876275995 -0.6283370978961533 -4.163999551543726e-17
    outer loop
      vertex -1.7410904502446105 -1.6813515037250144 10.56759619873911
      vertex -1.711998239159584 -1.6453325748443604 15.109428071292037
      vertex -1.7410904502446112 -1.6813515037250155 14.875506901056987
    endloop
  endfacet
  facet normal 0.7248623852046321 -0.6888936946405094 0
    outer loop
      vertex -1.711998239159584 -1.6453325748443604 10.812133710399657
      vertex -1.6898266896605492 -1.622003398835659 10.983505324669508
      vertex -1.6898266896605492 -1.622003398835659 15.273359765382061
    endloop
  endfacet
  facet normal 0.6670834422994475 -0.7449830071954122 0
    outer loop
      vertex -1.6898266896605492 -1.622003398835659 10.983505324669508
      vertex -1.5497176579677656 -1.4965449464197795 11.986543216970013
      vertex -1.6898266896605492 -1.622003398835659 15.273359765382061
    endloop
  endfacet
  facet normal 0.6670834422994482 -0.7449830071954118 8.571806538357475e-20
    outer loop
      vertex -1.5497176579677656 -1.4965449464197795 11.986543216970013
      vertex -1.5336566865444183 -1.4821633994579315 12.101372275869984
      vertex -1.5336566865444183 -1.4821633994579315 15.700000000000003
    endloop
  endfacet
  facet normal 0.6639509277779735 -0.7477761466527053 0
    outer loop
      vertex -1.5336566865444183 -1.4821633994579315 12.101372275869984
      vertex -1.532400980591774 -1.4810484573245049 12.110314351070919
      vertex -1.532400980591774 -1.4810484573245049 15.700000000000003
    endloop
  endfacet
  facet normal 0.7248623852046321 -0.6888936946405094 0
    outer loop
      vertex -1.711998239159584 -1.6453325748443604 10.812133710399657
      vertex -1.6898266896605492 -1.622003398835659 15.273359765382061
      vertex -1.711998239159584 -1.6453325748443604 15.109428071292037
    endloop
  endfacet
  facet normal 0.6608049083778971 -0.7505577080169645 0
    outer loop
      vertex -1.532400980591774 -1.4810484573245049 12.110314351070919
      vertex -1.3925362825393677 -1.3579089865088463 13.102365035437934
      vertex -1.3925362825393677 -1.3579089865088463 15.700000000000003
    endloop
  endfacet
  facet normal 0.6670834422994479 -0.7449830071954119 3.405989129876086e-17
    outer loop
      vertex -1.5497176579677656 -1.4965449464197795 11.986543216970013
      vertex -1.6275269026436954 -1.5662180238991483 15.700000000000003
      vertex -1.6898266896605492 -1.622003398835659 15.273359765382061
    endloop
  endfacet
  facet normal 0.6670834422994473 -0.7449830071954124 6.305207896406533e-18
    outer loop
      vertex -1.5497176579677656 -1.4965449464197795 11.986543216970013
      vertex -1.5336566865444183 -1.4821633994579315 15.700000000000003
      vertex -1.6275269026436954 -1.5662180238991483 15.700000000000003
    endloop
  endfacet
  facet normal 0.7882442701044678 -0.6153624709449503 0
    outer loop
      vertex -1.3925362825393677 -1.3579089865088463 13.102365035437934
      vertex -1.3508165290542322 -1.3044683589315256 13.461309616293576
      vertex -1.3925362825393677 -1.3579089865088463 15.700000000000003
    endloop
  endfacet
  facet normal 0.6639509277779735 -0.7477761466527053 0
    outer loop
      vertex -1.5336566865444183 -1.4821633994579315 12.101372275869984
      vertex -1.532400980591774 -1.4810484573245049 15.700000000000003
      vertex -1.5336566865444183 -1.4821633994579315 15.700000000000003
    endloop
  endfacet
  facet normal 0.6608049083778972 -0.7505577080169645 0
    outer loop
      vertex -1.532400980591774 -1.4810484573245049 12.110314351070919
      vertex -1.3925362825393677 -1.3579089865088463 15.700000000000003
      vertex -1.532400980591774 -1.4810484573245049 15.700000000000003
    endloop
  endfacet
  facet normal 0.7882442701044681 -0.6153624709449499 1.4890166977136898e-17
    outer loop
      vertex -1.3925362825393677 -1.3579089865088463 15.700000000000003
      vertex -1.3508165290542322 -1.3044683589315256 13.461309616293576
      vertex -1.3094188645482063 -1.2514403089880943 15.700000000000003
    endloop
  endfacet
  facet normal 0.7882442701044683 -0.6153624709449493 -1.3686578776368136e-18
    outer loop
      vertex -1.3508165290542322 -1.3044683589315256 13.461309616293576
      vertex -1.3094188645482063 -1.2514403089880943 13.815735033548478
      vertex -1.3094188645482063 -1.2514403089880943 15.700000000000003
    endloop
  endfacet
  facet normal 0.9548407686316368 -0.2971180010685066 -2.2189878157388392e-17
    outer loop
      vertex -1.3094188645482063 -1.2514403089880943 13.815735033548478
      vertex -1.2781063806287227 -1.1508121541609764 14.303986660078955
      vertex -1.2775491774082184 -1.1490214839577675 15.700000000000003
    endloop
  endfacet
  facet normal 0.9977097049080781 0.06764129457835515 -4.5135441153889206e-20
    outer loop
      vertex -1.2824904759856668 -1.0761372853879472 14.547675235053148
      vertex -1.2864323481917381 -1.0179946348071098 14.726521640247782
      vertex -1.2864323481917381 -1.0179946348071098 15.700000000000003
    endloop
  endfacet
  facet normal 0.9548407686316323 -0.2971180010685214 0
    outer loop
      vertex -1.2775491774082184 -1.1490214839577675 14.312496704918075
      vertex -1.2775491774082184 -1.1490214839577675 15.700000000000003
      vertex -1.2781063806287227 -1.1508121541609764 14.303986660078955
    endloop
  endfacet
  facet normal 0.9977097049080778 0.06764129457835798 0
    outer loop
      vertex -1.2775491774082184 -1.1490214839577675 14.312496704918075
      vertex -1.2824904759856668 -1.0761372853879472 14.547675235053148
      vertex -1.2775491774082184 -1.1490214839577675 15.700000000000003
    endloop
  endfacet
  facet normal 0.9548407686316367 -0.29711800106850694 0
    outer loop
      vertex -1.3094188645482063 -1.2514403089880943 13.815735033548478
      vertex -1.2775491774082184 -1.1490214839577675 15.700000000000003
      vertex -1.3094188645482063 -1.2514403089880943 15.700000000000003
    endloop
  endfacet
  facet normal 0.9977097049080779 0.06764129457835673 -7.97934672376947e-17
    outer loop
      vertex -1.2824904759856668 -1.0761372853879472 14.547675235053148
      vertex -1.2864323481917381 -1.0179946348071098 15.700000000000003
      vertex -1.2775491774082184 -1.1490214839577675 15.700000000000003
    endloop
  endfacet
  facet normal 0.9599127482471534 0.28029897565384887 0
    outer loop
      vertex -1.2864323481917381 -1.0179946348071098 14.726521640247782
      vertex -1.2895050713311282 -1.00747177753853 14.749109093329011
      vertex -1.2864323481917381 -1.0179946348071098 15.700000000000003
    endloop
  endfacet
  facet normal 0.9599127482471557 0.28029897565384093 -9.438805106395643e-17
    outer loop
      vertex -1.2895050713311282 -1.00747177753853 14.749109093329011
      vertex -1.3065103775817668 -0.9492353525934953 14.863620236498981
      vertex -1.2864323481917381 -1.0179946348071098 15.700000000000003
    endloop
  endfacet
  facet normal 0.9599127482471561 0.2802989756538396 -2.1123497422743176e-16
    outer loop
      vertex -1.3065103775817668 -0.9492353525934953 14.863620236498981
      vertex -1.3230951846069152 -0.8924389706105671 14.964929113648225
      vertex -1.2864323481917381 -1.0179946348071098 15.700000000000003
    endloop
  endfacet
  facet normal 0.959912748247156 0.28029897565384054 0
    outer loop
      vertex -1.3369532823562622 -0.8449804857373238 15.040813012334176
      vertex -1.3369532823562622 -0.8449804857373238 15.700000000000003
      vertex -1.3230951846069152 -0.8924389706105671 14.964929113648225
    endloop
  endfacet
  facet normal 0.9599127482471559 0.2802989756538407 -1.5278240249003626e-17
    outer loop
      vertex -1.3369532823562622 -0.8449804857373238 15.700000000000003
      vertex -1.2864323481917381 -1.0179946348071098 15.700000000000003
      vertex -1.3230951846069152 -0.8924389706105671 14.964929113648225
    endloop
  endfacet
  facet normal 0.9453161282094062 0.3261555116001832 1.2352729299428553e-18
    outer loop
      vertex -1.3939230162244822 -0.6798616809647 15.205259361868102
      vertex -1.4055332317948341 -0.6462110951542854 15.224990927775899
      vertex -1.4055332317948341 -0.6462110951542854 15.700000000000003
    endloop
  endfacet
  facet normal 0.9453161282094061 0.32615551160018386 0
    outer loop
      vertex -1.3369532823562622 -0.8449804857373238 15.040813012334176
      vertex -1.3396665188146397 -0.8371165493863288 15.051521810414158
      vertex -1.3369532823562622 -0.8449804857373238 15.700000000000003
    endloop
  endfacet
  facet normal 0.9453161282094057 0.3261555116001851 1.6821854907269466e-17
    outer loop
      vertex -1.3396665188146397 -0.8371165493863288 15.051521810414158
      vertex -1.3579821196472108 -0.7840313423330157 15.113621620403158
      vertex -1.3369532823562622 -0.8449804857373238 15.700000000000003
    endloop
  endfacet
  facet normal 0.9453161282094062 0.3261555116001835 -1.9851313138294493e-16
    outer loop
      vertex -1.3760515611933535 -0.7316595935390084 15.164759591441921
      vertex -1.3939230162244822 -0.6798616809647 15.205259361868102
      vertex -1.3369532823562622 -0.8449804857373238 15.700000000000003
    endloop
  endfacet
  facet normal 0.9453161282094062 0.32615551160018386 -1.2982168704024015e-16
    outer loop
      vertex -1.3579821196472108 -0.7840313423330157 15.113621620403158
      vertex -1.3760515611933535 -0.7316595935390084 15.164759591441921
      vertex -1.3369532823562622 -0.8449804857373238 15.700000000000003
    endloop
  endfacet
  facet normal 0.9661995769658455 0.25779522391041526 -6.832418415730774e-17
    outer loop
      vertex -1.4108774724174065 -0.6281631221758324 15.23984125848068
      vertex -1.424878477655405 -0.5756882736008572 15.280465781188411
      vertex -1.4097099155187607 -0.6325390487909317 15.700000000000003
    endloop
  endfacet
  facet normal 0.9563688894596116 0.292161851160943 0
    outer loop
      vertex -1.4055332317948341 -0.6462110951542854 15.224990927775899
      vertex -1.4097099155187607 -0.6325390487909317 15.235620778439355
      vertex -1.4097099155187607 -0.6325390487909317 15.700000000000003
    endloop
  endfacet
  facet normal 0.9661995769658437 0.257795223910422 0
    outer loop
      vertex -1.4097099155187607 -0.6325390487909317 15.235620778439355
      vertex -1.4108774724174065 -0.6281631221758324 15.23984125848068
      vertex -1.4097099155187607 -0.6325390487909317 15.700000000000003
    endloop
  endfacet
  facet normal 0.9661995769658445 0.2577952239104193 5.143708859825703e-16
    outer loop
      vertex -1.424878477655405 -0.5756882736008572 15.280465781188411
      vertex -1.4387588873317703 -0.5236654092747249 15.310791081927839
      vertex -1.4097099155187607 -0.6325390487909317 15.700000000000003
    endloop
  endfacet
  facet normal 0.9661995769658458 0.25779522391041393 -1.0886271409974458e-15
    outer loop
      vertex -1.4387588873317703 -0.5236654092747249 15.310791081927839
      vertex -1.452553712264206 -0.4719633109508663 15.331004719408348
      vertex -1.4097099155187607 -0.6325390487909317 15.700000000000003
    endloop
  endfacet
  facet normal 0.9661995769658447 0.25779522391041854 0
    outer loop
      vertex -1.4653699100017548 -0.42392904311418533 15.340540880077256
      vertex -1.4653699100017548 -0.42392904311418533 15.700000000000003
      vertex -1.452553712264206 -0.4719633109508663 15.331004719408348
    endloop
  endfacet
  facet normal 0.9563688894596117 0.292161851160943 0
    outer loop
      vertex -1.4055332317948341 -0.6462110951542854 15.224990927775899
      vertex -1.4097099155187607 -0.6325390487909317 15.700000000000003
      vertex -1.4055332317948341 -0.6462110951542854 15.700000000000003
    endloop
  endfacet
  facet normal 0.945316128209406 0.32615551160018386 -5.405073979364333e-17
    outer loop
      vertex -1.3939230162244822 -0.6798616809647 15.205259361868102
      vertex -1.4055332317948341 -0.6462110951542854 15.700000000000003
      vertex -1.3369532823562622 -0.8449804857373238 15.700000000000003
    endloop
  endfacet
  facet normal 0.9661995769658451 0.2577952239104168 2.46849772802738e-16
    outer loop
      vertex -1.452553712264206 -0.4719633109508663 15.331004719408348
      vertex -1.4653699100017548 -0.42392904311418533 15.700000000000003
      vertex -1.4097099155187607 -0.6325390487909317 15.700000000000003
    endloop
  endfacet
  facet normal 0.9811646471731675 0.19317332926041786 3.3402582897244567e-19
    outer loop
      vertex -1.4660670821701152 -0.4203879710251596 15.342507144040937
      vertex -1.470492534339428 -0.3979102447628975 15.350738162752414
      vertex -1.470492534339428 -0.3979102447628975 15.700000000000003
    endloop
  endfacet
  facet normal 0.9918126819881031 0.12770122884125268 0
    outer loop
      vertex -1.470492534339428 -0.3979102447628975 15.350738162752414
      vertex -1.4743941442129382 -0.36760774738029245 15.372471595379103
      vertex -1.470492534339428 -0.3979102447628975 15.700000000000003
    endloop
  endfacet
  facet normal 0.9811646471731648 0.19317332926043135 0
    outer loop
      vertex -1.4653699100017548 -0.42392904311418533 15.340540880077256
      vertex -1.4660670821701152 -0.4203879710251596 15.342507144040937
      vertex -1.4653699100017548 -0.42392904311418533 15.700000000000003
    endloop
  endfacet
  facet normal 0.9918126819881028 0.12770122884125376 1.0364223043572573e-16
    outer loop
      vertex -1.4743941442129382 -0.36760774738029245 15.372471595379103
      vertex -1.481188741429017 -0.3148363860624993 15.400480017674518
      vertex -1.470492534339428 -0.3979102447628975 15.700000000000003
    endloop
  endfacet
  facet normal 0.9918126819881034 0.1277012288412505 4.984081549801968e-19
    outer loop
      vertex -1.494678826848896 -0.21006340993733505 15.426675905907132
      vertex -1.4980925396084785 -0.18355024605989456 15.425837733914186
      vertex -1.4980925396084785 -0.18355024605989456 15.700000000000003
    endloop
  endfacet
  facet normal 0.9983679323370053 0.057109295925733834 0
    outer loop
      vertex -1.4980925396084785 -0.18355024605989456 15.425837733914186
      vertex -1.4995762865011648 -0.15761181881524788 15.434844411417167
      vertex -1.4980925396084785 -0.18355024605989456 15.700000000000003
    endloop
  endfacet
  facet normal 0.998367932337005 0.05710929592573605 2.1813353024000848e-16
    outer loop
      vertex -1.4995762865011648 -0.15761181881524788 15.434844411417167
      vertex -1.4997110441327095 -0.155256025493145 15.700000000000003
      vertex -1.4980925396084785 -0.18355024605989456 15.700000000000003
    endloop
  endfacet
  facet normal 0.9983679323370036 0.05710929592576053 -1.0845180109273779e-20
    outer loop
      vertex -1.4995762865011648 -0.15761181881524788 15.434844411417167
      vertex -1.4997110441327095 -0.155256025493145 15.435223560217146
      vertex -1.4997110441327095 -0.155256025493145 15.700000000000003
    endloop
  endfacet
  facet normal 0.999905190699421 -0.0137698806223827 0
    outer loop
      vertex -1.4997110441327095 -0.155256025493145 15.435223560217146
      vertex -1.4990165001295366 -0.10482144490477727 15.462362704178055
      vertex -1.4997110441327095 -0.155256025493145 15.700000000000003
    endloop
  endfacet
  facet normal 0.9999051906994209 -0.013769880622385709 -6.388794890462062e-16
    outer loop
      vertex -1.4990165001295366 -0.10482144490477727 15.462362704178055
      vertex -1.4982935144696772 -0.052321562449776184 15.480871106785642
      vertex -1.4997110441327095 -0.155256025493145 15.700000000000003
    endloop
  endfacet
  facet normal 0.9999051906994209 -0.013769880622386451 -9.894900098933005e-16
    outer loop
      vertex -1.4982935144696772 -0.052321562449776184 15.480871106785642
      vertex -1.4975729844878234 0 15.489585168466014
      vertex -1.4997110441327095 -0.155256025493145 15.700000000000003
    endloop
  endfacet
  facet normal 0.999905190699421 -0.013769880622384807 2.2781405333927386e-16
    outer loop
      vertex -1.4997110441327095 -0.155256025493145 15.700000000000003
      vertex -1.4975729844878234 0 15.489585168466014
      vertex -1.4967210441827774 0.061863973736763 15.700000000000003
    endloop
  endfacet
  facet normal 0.981164647173167 0.19317332926041966 -1.1971739192687996e-16
    outer loop
      vertex -1.4660670821701152 -0.4203879710251596 15.342507144040937
      vertex -1.470492534339428 -0.3979102447628975 15.700000000000003
      vertex -1.4653699100017548 -0.42392904311418533 15.700000000000003
    endloop
  endfacet
  facet normal 0.9918126819881034 0.12770122884125074 -7.449591062471748e-16
    outer loop
      vertex -1.470492534339428 -0.3979102447628975 15.700000000000003
      vertex -1.481188741429017 -0.3148363860624993 15.400480017674518
      vertex -1.4879447405074488 -0.26236480355471886 15.418511263962294
    endloop
  endfacet
  facet normal 0.9918126819881029 0.12770122884125287 3.009020708374248e-16
    outer loop
      vertex -1.470492534339428 -0.3979102447628975 15.700000000000003
      vertex -1.4879447405074488 -0.26236480355471886 15.418511263962294
      vertex -1.4980925396084785 -0.18355024605989456 15.700000000000003
    endloop
  endfacet
  facet normal 0.9918126819881026 0.12770122884125576 -5.139000645214226e-16
    outer loop
      vertex -1.4879447405074488 -0.26236480355471886 15.418511263962294
      vertex -1.494678826848896 -0.21006340993733505 15.426675905907132
      vertex -1.4980925396084785 -0.18355024605989456 15.700000000000003
    endloop
  endfacet
  facet normal 0.999905190699421 -0.013769880622382819 -3.567422690939407e-16
    outer loop
      vertex -1.4975729844878234 0 15.489585168466014
      vertex -1.4968531471792061 0.05227126371564219 15.488558126016954
      vertex -1.4967210441827774 0.061863973736763 15.700000000000003
    endloop
  endfacet
  facet normal 0.999905190699421 -0.013769880622390675 -1.2460656537622507e-20
    outer loop
      vertex -1.4968531471792061 0.05227126371564219 15.488558126016954
      vertex -1.4967210441827774 0.061863973736763 15.486583745884026
      vertex -1.4967210441827774 0.061863973736763 15.700000000000003
    endloop
  endfacet
  facet normal 0.9967956394049846 -0.07999033231089896 0
    outer loop
      vertex -1.4967210441827774 0.061863973736763 15.486583745884026
      vertex -1.4946010783314705 0.08828182518482208 15.490501639122378
      vertex -1.4946010783314705 0.08828182518482208 15.700000000000003
    endloop
  endfacet
  facet normal 0.9967956394049846 -0.07999033231089896 0
    outer loop
      vertex -1.4967210441827774 0.061863973736763 15.486583745884026
      vertex -1.4946010783314705 0.08828182518482208 15.700000000000003
      vertex -1.4967210441827774 0.061863973736763 15.700000000000003
    endloop
  endfacet
  facet normal 0.9893053683593084 -0.14585913799091724 0
    outer loop
      vertex -1.4946010783314705 0.08828182518482208 15.490501639122378
      vertex -1.4922324857451688 0.1043470604066995 15.498634248467454
      vertex -1.4946010783314705 0.08828182518482208 15.700000000000003
    endloop
  endfacet
  facet normal 0.9893053683593076 -0.14585913799092198 -3.8937166208867703e-16
    outer loop
      vertex -1.4922324857451688 0.1043470604066995 15.498634248467454
      vertex -1.4846112478916786 0.1560389298764765 15.515101530984552
      vertex -1.4946010783314705 0.08828182518482208 15.700000000000003
    endloop
  endfacet
  facet normal 0.9893053683593075 -0.14585913799092265 -6.349026969175072e-16
    outer loop
      vertex -1.4846112478916786 0.1560389298764765 15.515101530984552
      vertex -1.4770121662116595 0.20758052270497396 15.521828748605351
      vertex -1.4946010783314705 0.08828182518482208 15.700000000000003
    endloop
  endfacet
  facet normal 0.9893053683593075 -0.14585913799092234 -4.519466836821709e-16
    outer loop
      vertex -1.4946010783314705 0.08828182518482208 15.700000000000003
      vertex -1.4770121662116595 0.20758052270497396 15.521828748605351
      vertex -1.4628610759973526 0.30356182157993317 15.700000000000003
    endloop
  endfacet
  facet normal 0.9893053683593073 -0.1458591379909238 3.1957065392384874e-16
    outer loop
      vertex -1.4770121662116595 0.20758052270497396 15.521828748605351
      vertex -1.4694166688335868 0.2590978046181167 15.51885698068235
      vertex -1.4628610759973526 0.30356182157993317 15.700000000000003
    endloop
  endfacet
  facet normal 0.9893053683593075 -0.1458591379909225 -9.663958461382125e-20
    outer loop
      vertex -1.4694166688335868 0.2590978046181167 15.51885698068235
      vertex -1.4628610759973526 0.30356182157993317 15.507926851982184
      vertex -1.4628610759973526 0.30356182157993317 15.700000000000003
    endloop
  endfacet
  facet normal 0.978343621049258 -0.20698734056030071 0
    outer loop
      vertex -1.4628610759973526 0.30356182157993317 15.507926851982184
      vertex -1.4613671126779606 0.31062316880847507 15.508562427672096
      vertex -1.4628610759973526 0.30356182157993317 15.700000000000003
    endloop
  endfacet
  facet normal 0.9783436210492562 -0.20698734056030904 -3.219943576241066e-16
    outer loop
      vertex -1.4613671126779606 0.31062316880847507 15.508562427672096
      vertex -1.45772173255682 0.32785337418317795 15.700000000000003
      vertex -1.4628610759973526 0.30356182157993317 15.700000000000003
    endloop
  endfacet
  facet normal 0.9783436210492554 -0.20698734056031245 -1.9267942819816877e-18
    outer loop
      vertex -1.4613671126779606 0.31062316880847507 15.508562427672096
      vertex -1.45772173255682 0.32785337418317795 15.506834060284348
      vertex -1.45772173255682 0.32785337418317795 15.700000000000003
    endloop
  endfacet
  facet normal 0.9636086756975982 -0.267316890824955 0
    outer loop
      vertex -1.45772173255682 0.32785337418317795 15.506834060284348
      vertex -1.4484854017787423 0.361147972372996 15.514888745595357
      vertex -1.45772173255682 0.32785337418317795 15.700000000000003
    endloop
  endfacet
  facet normal 0.9636086756975991 -0.2673168908249522 5.598744572728041e-16
    outer loop
      vertex -1.45772173255682 0.32785337418317795 15.700000000000003
      vertex -1.4484854017787423 0.361147972372996 15.514888745595357
      vertex -1.3995317295193672 0.5376133769750595 15.700000000000003
    endloop
  endfacet
  facet normal 0.8963690521579457 -0.4433086084585613 0
    outer loop
      vertex -1.3087822645902634 0.7605654746294022 15.40305764677894
      vertex -1.2969919219613075 0.7844055220484734 15.39147005396373
      vertex -1.2969919219613075 0.7844055220484734 15.700000000000003
    endloop
  endfacet
  facet normal 0.9636086756976002 -0.26731689082494836 -3.391200567373396e-15
    outer loop
      vertex -1.4484854017787423 0.361147972372996 15.514888745595357
      vertex -1.4345579456617517 0.41135287152214195 15.51733673475178
      vertex -1.3995317295193672 0.5376133769750595 15.700000000000003
    endloop
  endfacet
  facet normal 0.9636086756975987 -0.26731689082495363 5.799865731044683e-16
    outer loop
      vertex -1.4345579456617517 0.41135287152214195 15.51733673475178
      vertex -1.4206220775120146 0.4615880938869641 15.510079696219158
      vertex -1.3995317295193672 0.5376133769750595 15.700000000000003
    endloop
  endfacet
  facet normal 0.9636086756975997 -0.26731689082494986 1.819634143653817e-18
    outer loop
      vertex -1.4066437288651201 0.5119764475241222 15.493073310255518
      vertex -1.3995317295193672 0.5376133769750595 15.47948214317767
      vertex -1.3995317295193672 0.5376133769750595 15.700000000000003
    endloop
  endfacet
  facet normal 0.9636086756975987 -0.2673168908249533 4.659036860613441e-16
    outer loop
      vertex -1.4066437288651201 0.5119764475241222 15.493073310255518
      vertex -1.3995317295193672 0.5376133769750595 15.700000000000003
      vertex -1.4206220775120146 0.4615880938869641 15.510079696219158
    endloop
  endfacet
  facet normal 0.9454976460686477 -0.3256289318820521 0
    outer loop
      vertex -1.3995317295193672 0.5376133769750595 15.47948214317767
      vertex -1.391582265496254 0.5606954768300056 15.47494565178146
      vertex -1.391582265496254 0.5606954768300056 15.700000000000003
    endloop
  endfacet
  facet normal 0.9238613308312911 -0.38272737215233993 0
    outer loop
      vertex -1.391582265496254 0.5606954768300056 15.47494565178146
      vertex -1.391035672073869 0.5620148925900762 15.47514543922832
      vertex -1.391582265496254 0.5606954768300056 15.700000000000003
    endloop
  endfacet
  facet normal 0.9454976460686476 -0.3256289318820521 0
    outer loop
      vertex -1.3995317295193672 0.5376133769750595 15.47948214317767
      vertex -1.391582265496254 0.5606954768300056 15.700000000000003
      vertex -1.3995317295193672 0.5376133769750595 15.700000000000003
    endloop
  endfacet
  facet normal 0.9238613308313202 -0.38272737215226993 4.817533616138572e-16
    outer loop
      vertex -1.391035672073869 0.5620148925900762 15.47514543922832
      vertex -1.3087822645902634 0.7605654746294022 15.700000000000003
      vertex -1.391582265496254 0.5606954768300056 15.700000000000003
    endloop
  endfacet
  facet normal 0.9238613308313217 -0.38272737215226615 -3.3606175205824683e-15
    outer loop
      vertex -1.391035672073869 0.5620148925900762 15.47514543922832
      vertex -1.3709895947512265 0.6104038948427714 15.472720534787264
      vertex -1.3087822645902634 0.7605654746294022 15.700000000000003
    endloop
  endfacet
  facet normal 0.9238613308313193 -0.3827273721522717 9.23608460696875e-16
    outer loop
      vertex -1.3709895947512265 0.6104038948427714 15.472720534787264
      vertex -1.3509068890575113 0.6588813139114751 15.4605243176959
      vertex -1.3087822645902634 0.7605654746294022 15.700000000000003
    endloop
  endfacet
  facet normal 0.9238613308313198 -0.3827273721522705 3.1059950335534053e-16
    outer loop
      vertex -1.3509068890575113 0.6588813139114751 15.4605243176959
      vertex -1.3307382798648963 0.7075660944771379 15.438482194677867
      vertex -1.3087822645902634 0.7605654746294022 15.700000000000003
    endloop
  endfacet
  facet normal 0.9238613308313206 -0.3827273721522687 -9.193588102496032e-17
    outer loop
      vertex -1.3307382798648963 0.7075660944771379 15.438482194677867
      vertex -1.310433647740879 0.7565792192783397 15.40645866069135
      vertex -1.3087822645902634 0.7605654746294022 15.700000000000003
    endloop
  endfacet
  facet normal 0.923861330831318 -0.3827273721522747 0
    outer loop
      vertex -1.3087822645902634 0.7605654746294022 15.40305764677894
      vertex -1.3087822645902634 0.7605654746294022 15.700000000000003
      vertex -1.310433647740879 0.7565792192783397 15.40645866069135
    endloop
  endfacet
  facet normal 0.8963690521579458 -0.44330860845856135 0
    outer loop
      vertex -1.3087822645902634 0.7605654746294022 15.40305764677894
      vertex -1.2969919219613075 0.7844055220484734 15.700000000000003
      vertex -1.3087822645902634 0.7605654746294022 15.700000000000003
    endloop
  endfacet
  facet normal 0.8649096233468361 -0.5019276276935093 8.84064095443112e-16
    outer loop
      vertex -1.2969919219613075 0.7844055220484734 15.39147005396373
      vertex -1.2858997256179678 0.8035193281672816 15.38967518620143
      vertex -1.189811922609806 0.9690955206751823 15.700000000000003
    endloop
  endfacet
  facet normal 0.8649096233468367 -0.5019276276935082 0
    outer loop
      vertex -1.2969919219613075 0.7844055220484734 15.39147005396373
      vertex -1.189811922609806 0.9690955206751823 15.700000000000003
      vertex -1.2969919219613075 0.7844055220484734 15.700000000000003
    endloop
  endfacet
  facet normal 0.8649096233468364 -0.5019276276935088 5.278940508016163e-16
    outer loop
      vertex -1.2858997256179678 0.8035193281672816 15.38967518620143
      vertex -1.259277795544767 0.8493935981655014 15.375496922334065
      vertex -1.189811922609806 0.9690955206751823 15.700000000000003
    endloop
  endfacet
  facet normal 0.8649096233468366 -0.5019276276935084 3.280314238711008e-16
    outer loop
      vertex -1.259277795544767 0.8493935981655014 15.375496922334065
      vertex -1.2325297119981258 0.8954852527968377 15.351351579849052
      vertex -1.189811922609806 0.9690955206751823 15.700000000000003
    endloop
  endfacet
  facet normal 0.8649096233468364 -0.501927627693509 1.4983523951772108e-18
    outer loop
      vertex -1.2055887935568295 0.9419091958835253 15.31709053258811
      vertex -1.189811922609806 0.9690955206751823 15.291229445437068
      vertex -1.189811922609806 0.9690955206751823 15.700000000000003
    endloop
  endfacet
  facet normal 0.8649096233468379 -0.5019276276935064 -2.397767511145775e-16
    outer loop
      vertex -1.2325297119981258 0.8954852527968377 15.351351579849052
      vertex -1.2055887935568295 0.9419091958835253 15.31709053258811
      vertex -1.189811922609806 0.9690955206751823 15.700000000000003
    endloop
  endfacet
  facet normal 0.8235395676921095 -0.5672588302049547 -2.1563705893071598e-16
    outer loop
      vertex -1.189811922609806 0.9690955206751823 15.291229445437068
      vertex -1.1770329350053577 0.987647901646507 15.281924888135926
      vertex -1.1722789779305458 0.9945496395230293 15.700000000000003
    endloop
  endfacet
  facet normal 0.8235395676921032 -0.5672588302049635 0
    outer loop
      vertex -1.1722789779305458 0.9945496395230293 15.276910061881047
      vertex -1.1722789779305458 0.9945496395230293 15.700000000000003
      vertex -1.1770329350053577 0.987647901646507 15.281924888135926
    endloop
  endfacet
  facet normal 0.7772448937010351 -0.6291982002641667 -1.989834239598894e-16
    outer loop
      vertex -1.1722789779305458 0.9945496395230293 15.276910061881047
      vertex -1.143728552733763 1.0298178144603958 15.268424484771927
      vertex -1.0393389835953712 1.1587696447968483 15.700000000000003
    endloop
  endfacet
  facet normal 0.777244893701035 -0.629198200264167 -1.2593702716505631e-16
    outer loop
      vertex -1.1098037060366956 1.0717249811589267 15.248316131208306
      vertex -1.0393389835953712 1.1587696447968483 15.700000000000003
      vertex -1.143728552733763 1.0298178144603958 15.268424484771927
    endloop
  endfacet
  facet normal 0.7772448937010348 -0.6291982002641672 -3.463806778337651e-17
    outer loop
      vertex -1.1098037060366956 1.0717249811589267 15.248316131208306
      vertex -1.0756705539641132 1.113889466281734 15.218021974719669
      vertex -1.0393389835953712 1.1587696447968483 15.700000000000003
    endloop
  endfacet
  facet normal 0.7772448937010348 -0.6291982002641674 -1.5236307698893233e-17
    outer loop
      vertex -1.0756705539641132 1.113889466281734 15.218021974719669
      vertex -1.0412430501206016 1.1564175624428603 15.177354692135339
      vertex -1.0393389835953712 1.1587696447968483 15.700000000000003
    endloop
  endfacet
  facet normal 0.7772448937010327 -0.62919820026417 -1.9591963413021278e-19
    outer loop
      vertex -1.0412430501206016 1.1564175624428603 15.177354692135339
      vertex -1.0393389835953712 1.1587696447968483 15.17454901198957
      vertex -1.0393389835953712 1.1587696447968483 15.700000000000003
    endloop
  endfacet
  facet normal 0.7252953846125879 -0.6884378004291152 0
    outer loop
      vertex -1.0393389835953712 1.1587696447968483 15.17454901198957
      vertex -1.0176587104797363 1.1816106364130974 15.158466965472783
      vertex -1.0176587104797363 1.1816106364130974 15.700000000000003
    endloop
  endfacet
  facet normal 0.6688435529635748 -0.7434031891639029 1.1420465028555354e-15
    outer loop
      vertex -1.0176587104797363 1.1816106364130974 15.158466965472783
      vertex -1.0027467307666282 1.1950270188532284 15.156640819305714
      vertex -0.8617187067866325 1.321910634636879 15.700000000000003
    endloop
  endfacet
  facet normal 0.6688435529635789 -0.7434031891638994 -7.118704908473557e-16
    outer loop
      vertex -1.0027467307666282 1.1950270188532284 15.156640819305714
      vertex -0.962175810773187 1.2315288776977318 15.1415168928173
      vertex -0.8617187067866325 1.321910634636879 15.700000000000003
    endloop
  endfacet
  facet normal 0.6688435529635769 -0.743403189163901 -9.380673504962854e-17
    outer loop
      vertex -0.962175810773187 1.2315288776977318 15.1415168928173
      vertex -0.9214073706655888 1.2682084463729975 15.116132865494386
      vertex -0.8617187067866325 1.321910634636879 15.700000000000003
    endloop
  endfacet
  facet normal 0.8235395676921078 -0.5672588302049572 0
    outer loop
      vertex -1.189811922609806 0.9690955206751823 15.291229445437068
      vertex -1.1722789779305458 0.9945496395230293 15.700000000000003
      vertex -1.189811922609806 0.9690955206751823 15.700000000000003
    endloop
  endfacet
  facet normal 0.7772448937010349 -0.6291982002641672 0
    outer loop
      vertex -1.1722789779305458 0.9945496395230293 15.276910061881047
      vertex -1.0393389835953712 1.1587696447968483 15.700000000000003
      vertex -1.1722789779305458 0.9945496395230293 15.700000000000003
    endloop
  endfacet
  facet normal 0.7252953846125879 -0.6884378004291151 0
    outer loop
      vertex -1.0393389835953712 1.1587696447968483 15.17454901198957
      vertex -1.0176587104797363 1.1816106364130974 15.700000000000003
      vertex -1.0393389835953712 1.1587696447968483 15.700000000000003
    endloop
  endfacet
  facet normal 0.6688435529635771 -0.7434031891639009 0
    outer loop
      vertex -1.0176587104797363 1.1816106364130974 15.158466965472783
      vertex -0.8617187067866325 1.321910634636879 15.700000000000003
      vertex -1.0176587104797363 1.1816106364130974 15.700000000000003
    endloop
  endfacet
  facet normal 0.6688435529635758 -0.743403189163902 1.0890110418388876e-16
    outer loop
      vertex -0.9214073706655888 1.2682084463729975 15.116132865494386
      vertex -0.8803396815385238 1.3051572508819511 15.080332426915056
      vertex -0.8617187067866325 1.321910634636879 15.700000000000003
    endloop
  endfacet
  facet normal 0.6688435529635779 -0.7434031891639002 2.2453774204383145e-19
    outer loop
      vertex -0.8803396815385238 1.3051572508819511 15.080332426915056
      vertex -0.8617187067866325 1.321910634636879 15.059480972215546
      vertex -0.8617187067866325 1.321910634636879 15.700000000000003
    endloop
  endfacet
  facet normal 0.6096181299184098 -0.7926952350524007 0
    outer loop
      vertex -0.8617187067866325 1.321910634636879 15.059480972215546
      vertex -0.8373046144843102 1.3406861647963524 15.700000000000003
      vertex -0.8617187067866325 1.321910634636879 15.700000000000003
    endloop
  endfacet
  facet normal 0.5467730846472866 -0.8372808333559841 -5.65750397001524e-17
    outer loop
      vertex -0.7913658051911427 1.3706857819637135 15.035383504130706
      vertex -0.7449301533918018 1.4010098543184644 15.01399476562824
      vertex -0.6629646122455597 1.4545361623167992 15.700000000000003
    endloop
  endfacet
  facet normal 0.5467730846472859 -0.8372808333559845 4.342320581688613e-17
    outer loop
      vertex -0.6982015181665131 1.4315252548932986 14.98212133376147
      vertex -0.6629646122455597 1.4545361623167992 15.700000000000003
      vertex -0.7449301533918018 1.4010098543184644 15.01399476562824
    endloop
  endfacet
  facet normal 0.5467730846472865 -0.8372808333559841 7.610407046764738e-19
    outer loop
      vertex -0.6982015181665131 1.4315252548932986 14.98212133376147
      vertex -0.6629646122455597 1.4545361623167992 14.95031116737065
      vertex -0.6629646122455597 1.4545361623167992 15.700000000000003
    endloop
  endfacet
  facet normal 0.471541004736777 -0.8818441363709524 -3.1011401227987057e-16
    outer loop
      vertex -0.6629646122455597 1.4545361623167992 14.95031116737065
      vertex -0.6505555017113689 1.4611715803094416 14.946206797745425
      vertex -0.6321507394313812 1.4710130020976067 15.700000000000003
    endloop
  endfacet
  facet normal 0.6096181299184079 -0.7926952350524022 1.203851982264362e-16
    outer loop
      vertex -0.8617187067866325 1.321910634636879 15.059480972215546
      vertex -0.8376079339697162 1.340452898530473 15.046576063425178
      vertex -0.8373046144843102 1.3406861647963524 15.700000000000003
    endloop
  endfacet
  facet normal 0.6096181299185702 -0.7926952350522772 0
    outer loop
      vertex -0.8373046144843102 1.3406861647963524 15.046342805066104
      vertex -0.8373046144843102 1.3406861647963524 15.700000000000003
      vertex -0.8376079339697162 1.340452898530473 15.046576063425178
    endloop
  endfacet
  facet normal 0.5467730846472865 -0.8372808333559844 0
    outer loop
      vertex -0.8373046144843102 1.3406861647963524 15.046342805066104
      vertex -0.6629646122455597 1.4545361623167992 15.700000000000003
      vertex -0.8373046144843102 1.3406861647963524 15.700000000000003
    endloop
  endfacet
  facet normal 0.5467730846472867 -0.8372808333559839 -1.3737502571993999e-16
    outer loop
      vertex -0.8373046144843102 1.3406861647963524 15.046342805066104
      vertex -0.7913658051911427 1.3706857819637135 15.035383504130706
      vertex -0.6629646122455597 1.4545361623167992 15.700000000000003
    endloop
  endfacet
  facet normal 0.4715410047367711 -0.8818441363709555 0
    outer loop
      vertex -0.6629646122455597 1.4545361623167992 14.95031116737065
      vertex -0.6321507394313812 1.4710130020976067 15.700000000000003
      vertex -0.6629646122455597 1.4545361623167992 15.700000000000003
    endloop
  endfacet
  facet normal 0.4715410047367671 -0.8818441363709577 0
    outer loop
      vertex -0.6321507394313812 1.4710130020976067 14.936243388004087
      vertex -0.6321507394313812 1.4710130020976067 15.700000000000003
      vertex -0.6505555017113689 1.4611715803094416 14.946206797745425
    endloop
  endfacet
  facet normal 0.39270372453162794 -0.9196650394241304 0
    outer loop
      vertex -0.6321507394313812 1.4710130020976067 14.936243388004087
      vertex -0.5998930054901025 1.4847872913449425 14.935842244154628
      vertex -0.6321507394313812 1.4710130020976067 15.700000000000003
    endloop
  endfacet
  facet normal 0.3927037245316282 -0.9196650394241302 -1.8812264644996103e-17
    outer loop
      vertex -0.5998930054901025 1.4847872913449425 14.935842244154628
      vertex -0.5484184489626741 1.5067673049372745 14.924782527150064
      vertex -0.4430907443165779 1.551743008196354 15.700000000000003
    endloop
  endfacet
  facet normal 0.3927037245316274 -0.9196650394241307 1.2505341378701938e-16
    outer loop
      vertex -0.5484184489626741 1.5067673049372745 14.924782527150064
      vertex -0.49674737920718304 1.5288312311208998 14.903234734362059
      vertex -0.4430907443165779 1.551743008196354 15.700000000000003
    endloop
  endfacet
  facet normal 0.3927037245316304 -0.9196650394241295 -1.1538006180825044e-16
    outer loop
      vertex -0.44475176780594383 1.551033738970227 14.871066556372348
      vertex -0.4430907443165779 1.551743008196354 15.700000000000003
      vertex -0.49674737920718304 1.5288312311208998 14.903234734362059
    endloop
  endfacet
  facet normal 0.3927037245315816 -0.9196650394241501 0
    outer loop
      vertex -0.4430907443165779 1.551743008196354 14.86970523173099
      vertex -0.4430907443165779 1.551743008196354 15.700000000000003
      vertex -0.44475176780594383 1.551033738970227 14.871066556372348
    endloop
  endfacet
  facet normal 0.3927037245316281 -0.9196650394241302 8.813341824677038e-18
    outer loop
      vertex -0.5998930054901025 1.4847872913449425 14.935842244154628
      vertex -0.4430907443165779 1.551743008196354 15.700000000000003
      vertex -0.6321507394313812 1.4710130020976067 15.700000000000003
    endloop
  endfacet
  facet normal 0.30036358454220413 -0.9538247832180489 0
    outer loop
      vertex -0.4430907443165779 1.551743008196354 14.86970523173099
      vertex -0.4055723026394844 1.5635577291250229 15.700000000000003
      vertex -0.4430907443165779 1.551743008196354 15.700000000000003
    endloop
  endfacet
  facet normal 0.3003635845422042 -0.9538247832180491 0
    outer loop
      vertex -0.4430907443165779 1.551743008196354 14.86970523173099
      vertex -0.4055723026394844 1.5635577291250229 14.86062790000588
      vertex -0.4055723026394844 1.5635577291250229 15.700000000000003
    endloop
  endfacet
  facet normal 0.20511149983283858 -0.9787386130302225 0
    outer loop
      vertex -0.4055723026394844 1.5635577291250229 14.86062790000588
      vertex -0.3906199983175516 1.5666912415098397 14.86512587593159
      vertex -0.4055723026394844 1.5635577291250229 15.700000000000003
    endloop
  endfacet
  facet normal 0.20511149983283783 -0.9787386130302226 -1.386271390027132e-17
    outer loop
      vertex -0.3906199983175516 1.5666912415098397 14.86512587593159
      vertex -0.3354672749975184 1.5782494426980136 14.871232162164688
      vertex -0.4055723026394844 1.5635577291250229 15.700000000000003
    endloop
  endfacet
  facet normal 0.20511149983283924 -0.9787386130302222 1.1126139009675352e-16
    outer loop
      vertex -0.3354672749975184 1.5782494426980136 14.871232162164688
      vertex -0.28032557443683215 1.589805333877497 14.866847041847528
      vertex -0.20363230258226395 1.6058777272701263 15.700000000000003
    endloop
  endfacet
  facet normal 0.20511149983284244 -0.9787386130302216 -1.941202165905494e-16
    outer loop
      vertex -0.28032557443683215 1.589805333877497 14.866847041847528
      vertex -0.22506028331127237 1.6013871255842396 14.851943749522214
      vertex -0.20363230258226395 1.6058777272701263 15.700000000000003
    endloop
  endfacet
  facet normal 0.20511149983283927 -0.9787386130302222 1.0939784752192045e-16
    outer loop
      vertex -0.3354672749975184 1.5782494426980136 14.871232162164688
      vertex -0.20363230258226395 1.6058777272701263 15.700000000000003
      vertex -0.4055723026394844 1.5635577291250229 15.700000000000003
    endloop
  endfacet
  facet normal 0.20511149983283505 -0.9787386130302231 -8.917183547029799e-20
    outer loop
      vertex -0.22506028331127237 1.6013871255842396 14.851943749522214
      vertex -0.20363230258226395 1.6058777272701263 14.842097950170832
      vertex -0.20363230258226395 1.6058777272701263 15.700000000000003
    endloop
  endfacet
  facet normal 0.12149778430896184 -0.9925917027700831 0
    outer loop
      vertex -0.20363230258226395 1.6058777272701263 14.842097950170832
      vertex -0.17001233249902725 1.60999296605587 14.842165586513495
      vertex -0.17001233249902725 1.60999296605587 15.700000000000003
    endloop
  endfacet
  facet normal 0.03701163833750063 -0.9993148345879661 0
    outer loop
      vertex -0.17001233249902725 1.60999296605587 14.842165586513495
      vertex -0.16922016319519573 1.6100223056421152 14.842525233682586
      vertex -0.17001233249902725 1.60999296605587 15.700000000000003
    endloop
  endfacet
  facet normal 0.037011638337530066 -0.9993148345879651 2.7232514107461923e-17
    outer loop
      vertex -0.16922016319519573 1.6100223056421152 14.842525233682586
      vertex -0.11273002967939583 1.61211453155427 14.857670552386814
      vertex -0.17001233249902725 1.60999296605587 15.700000000000003
    endloop
  endfacet
  facet normal 0.037011638337526236 -0.9993148345879651 -2.3337498461574775e-16
    outer loop
      vertex -0.11273002967939583 1.61211453155427 14.857670552386814
      vertex -0.056369174885442186 1.6142019693684877 14.8622854670161
      vertex -0.17001233249902725 1.60999296605587 15.700000000000003
    endloop
  endfacet
  facet normal 0.037011638337530336 -0.9993148345879649 -1.5712027038494978e-16
    outer loop
      vertex -0.056369174885442186 1.6142019693684877 14.8622854670161
      vertex 0 1.6162897153340574 14.85639814638288
      vertex 0.04112766683101654 1.6178129613399506 15.700000000000003
    endloop
  endfacet
  facet normal 0.12149778430896184 -0.992591702770083 0
    outer loop
      vertex -0.20363230258226395 1.6058777272701263 14.842097950170832
      vertex -0.17001233249902725 1.60999296605587 15.700000000000003
      vertex -0.20363230258226395 1.6058777272701263 15.700000000000003
    endloop
  endfacet
  facet normal 0.037011638337528435 -0.9993148345879651 6.518611263459895e-17
    outer loop
      vertex -0.056369174885442186 1.6142019693684877 14.8622854670161
      vertex 0.04112766683101654 1.6178129613399506 15.700000000000003
      vertex -0.17001233249902725 1.60999296605587 15.700000000000003
    endloop
  endfacet
  facet normal -0.513726241128454 -0.8579541649622253 0
    outer loop
      vertex 0.7834513336420059 -4.476982228457928 4.035126582047461
      vertex 0.6099266186356544 -4.3730790093541145 0.8
      vertex 0.7834513336420059 -4.476982228457928 0.8
    endloop
  endfacet
  facet normal -0.7017784007471081 -0.712395308971663 -2.3721898079867947e-15
    outer loop
      vertex 0.3206665739417076 -4.124534010887146 1.4097250140943913
      vertex 0.42763894405543434 -4.229912159615977 0.8
      vertex 0.45420757681131363 -4.2560848370194435 0.8
    endloop
  endfacet
  facet normal -0.5600133028149146 -0.8284836152093357 -6.266203617647638e-16
    outer loop
      vertex 1.58947359640852 -4.8918967204412445 0.981398609679907
      vertex 1.5724067464470863 -4.880360387265682 0.8
      vertex 1.5950739458203316 -4.895682275295258 0.8
    endloop
  endfacet
  facet normal -0.5020337086939568 -0.86484805332208 0
    outer loop
      vertex 1.5724067464470863 -4.880360387265682 1.0631565780944428
      vertex 1.3838067427277565 -4.77088039368391 0.8
      vertex 1.5724067464470863 -4.880360387265682 0.8
    endloop
  endfacet
  facet normal -0.5600133028149007 -0.8284836152093452 0
    outer loop
      vertex 1.5950739458203316 -4.895682275295258 0.9538300732080742
      vertex 1.58947359640852 -4.8918967204412445 0.981398609679907
      vertex 1.5950739458203316 -4.895682275295258 0.8
    endloop
  endfacet
  facet normal -0.5600133028149192 -0.8284836152093327 -2.448118980597986e-18
    outer loop
      vertex 1.58947359640852 -4.8918967204412445 0.981398609679907
      vertex 1.5724067464470863 -4.880360387265682 1.0631565780944428
      vertex 1.5724067464470863 -4.880360387265682 0.8
    endloop
  endfacet
  facet normal -0.6153697319566337 -0.7882386015614947 0
    outer loop
      vertex 1.5950739458203316 -4.895682275295258 0.9538300732080742
      vertex 1.5950739458203316 -4.895682275295258 0.8
      vertex 1.6234140682550633 -4.917807116062674 0.8
    endloop
  endfacet
  facet normal -0.425497156032652 -0.9049597616513814 1.8997526470798842e-16
    outer loop
      vertex 1.1623600243029684 -4.661971423378606 2.7107530159639524
      vertex 0.9720961451530457 -4.572512485086918 0.8
      vertex 1.1700094267725945 -4.665568046271801 0.8
    endloop
  endfacet
  facet normal -0.4328251109926987 -0.9014779105969031 0
    outer loop
      vertex 1.1729348599910736 -4.666972629725933 2.6721360808291834
      vertex 1.1700094267725945 -4.665568046271801 0.8
      vertex 1.1729348599910736 -4.666972629725933 0.8
    endloop
  endfacet
  facet normal -0.45177745054463614 -0.8921306715831425 9.345501590303743e-17
    outer loop
      vertex 0.9718959871716605 -4.572411124529079 3.374680748234347
      vertex 0.7834513336420059 -4.476982228457928 0.8
      vertex 0.9720961451530457 -4.572512485086918 0.8
    endloop
  endfacet
  facet normal -0.4401243229739865 -0.8979368465135452 0
    outer loop
      vertex 1.1729348599910736 -4.666972629725933 2.6721360808291834
      vertex 1.1729348599910736 -4.666972629725933 0.8
      vertex 1.3652644965106269 -4.761243124794346 1.9534708119362563
    endloop
  endfacet
  facet normal -0.44012432297398724 -0.8979368465135448 1.521215952373111e-16
    outer loop
      vertex 1.3652644965106269 -4.761243124794346 1.9534708119362563
      vertex 1.1729348599910736 -4.666972629725933 0.8
      vertex 1.371424861252308 -4.76426263153553 0.8
    endloop
  endfacet
  facet normal -0.4713695139003072 -0.8819358147651042 0
    outer loop
      vertex 1.3838067427277565 -4.77088039368391 1.8787788211621859
      vertex 1.371424861252308 -4.76426263153553 0.8
      vertex 1.3838067427277565 -4.77088039368391 0.8
    endloop
  endfacet
  facet normal -0.5020337086939568 -0.8648480533220799 0
    outer loop
      vertex 1.5724067464470863 -4.880360387265682 1.0631565780944428
      vertex 1.3838067427277565 -4.77088039368391 1.8787788211621859
      vertex 1.3838067427277565 -4.77088039368391 0.8
    endloop
  endfacet
  facet normal -0.47136951390030707 -0.8819358147651041 0
    outer loop
      vertex 1.371424861252308 -4.76426263153553 1.929545295438004
      vertex 1.371424861252308 -4.76426263153553 0.8
      vertex 1.3838067427277565 -4.77088039368391 1.8787788211621859
    endloop
  endfacet
  facet normal -0.4401243229740102 -0.8979368465135336 0
    outer loop
      vertex 1.371424861252308 -4.76426263153553 1.929545295438004
      vertex 1.3652644965106269 -4.761243124794346 1.9534708119362563
      vertex 1.371424861252308 -4.76426263153553 0.8
    endloop
  endfacet
  facet normal -0.6006730380460054 -0.79949477882259 0
    outer loop
      vertex 0.6099266186356544 -4.3730790093541145 4.696492086787956
      vertex 0.45420757681131363 -4.2560848370194435 0.8
      vertex 0.6099266186356544 -4.3730790093541145 0.8
    endloop
  endfacet
  facet normal -0.4517774505446351 -0.8921306715831431 1.7518502701458658e-18
    outer loop
      vertex 0.9718959871716605 -4.572411124529079 3.374680748234347
      vertex 0.7834513336420059 -4.476982228457928 4.035126582047461
      vertex 0.7834513336420059 -4.476982228457928 0.8
    endloop
  endfacet
  facet normal -0.513726241128454 -0.8579541649622253 0
    outer loop
      vertex 0.6099266186356544 -4.3730790093541145 4.696492086787956
      vertex 0.6099266186356544 -4.3730790093541145 0.8
      vertex 0.7834513336420059 -4.476982228457928 4.035126582047461
    endloop
  endfacet
  facet normal -0.6006730380460055 -0.79949477882259 0
    outer loop
      vertex 0.6099266186356544 -4.3730790093541145 4.696492086787956
      vertex 0.45420757681131363 -4.2560848370194435 5.38588050748028
      vertex 0.45420757681131363 -4.2560848370194435 0.8
    endloop
  endfacet
  facet normal -0.4517774505443554 -0.8921306715832846 9.698955532446631e-14
    outer loop
      vertex 0.9718959871716605 -4.572411124529079 3.374680748234347
      vertex 0.7899972610775171 -4.4802971042967075 4.013194288991343
      vertex 0.7834513336420059 -4.476982228457928 4.035126582047461
    endloop
  endfacet
  facet normal -0.7017784007471025 -0.7123953089716686 0
    outer loop
      vertex 0.3206665739417076 -4.124534010887146 1.4097250140943913
      vertex 0.45420757681131363 -4.2560848370194435 0.8
      vertex 0.45420757681131363 -4.2560848370194435 5.38588050748028
    endloop
  endfacet
  facet normal -0.804975209664367 -0.5933084457731984 0
    outer loop
      vertex 0.3206665739417076 -4.124534010887146 1.4097250140943913
      vertex 0.3206665739417076 -4.124534010887146 6.115215157565217
      vertex 0.2850350175902471 -4.076190658034136 1.6831928331160384
    endloop
  endfacet
  facet normal -0.8049752096643646 -0.5933084457732019 -5.636336130912199e-17
    outer loop
      vertex 0.2850350175902471 -4.076190658034136 1.6831928331160384
      vertex 0.3206665739417076 -4.124534010887146 6.115215157565217
      vertex 0.21271124482154846 -3.9780648946762085 2.2261097741069094
    endloop
  endfacet
  facet normal -0.42549715603265054 -0.9049597616513821 -9.952858517230735e-19
    outer loop
      vertex 1.1623600243029684 -4.661971423378606 2.7107530159639524
      vertex 0.9720961451530457 -4.572512485086918 3.373947021667405
      vertex 0.9720961451530457 -4.572512485086918 0.8
    endloop
  endfacet
  facet normal -0.43282511099269877 -0.9014779105969032 0
    outer loop
      vertex 1.1729348599910736 -4.666972629725933 2.6721360808291834
      vertex 1.1700094267725945 -4.665568046271801 2.682922836841307
      vertex 1.1700094267725945 -4.665568046271801 0.8
    endloop
  endfacet
  facet normal -0.4254971560326909 -0.904959761651363 8.479039259659565e-22
    outer loop
      vertex 1.1623600243029684 -4.661971423378606 2.7107530159639524
      vertex 1.1700094267725945 -4.665568046271801 0.8
      vertex 1.1700094267725945 -4.665568046271801 2.682922836841307
    endloop
  endfacet
  facet normal -0.451777450545593 -0.892130671582658 -1.3980885781822319e-21
    outer loop
      vertex 0.9718959871716605 -4.572411124529079 3.374680748234347
      vertex 0.9720961451530457 -4.572512485086918 0.8
      vertex 0.9720961451530457 -4.572512485086918 3.373947021667405
    endloop
  endfacet
  facet normal -0.513726241128793 -0.8579541649620226 -1.2078215575952014e-13
    outer loop
      vertex 0.6150252389731484 -4.376131963891654 4.677858813336194
      vertex 0.6099266186356544 -4.3730790093541145 4.696492086787956
      vertex 0.7834513336420059 -4.476982228457928 4.035126582047461
    endloop
  endfacet
  facet normal -0.8952863960739695 -0.4454910425641387 0
    outer loop
      vertex 0.21271124482154846 -3.9780648946762085 2.2261097741069094
      vertex 0.21271124482154846 -3.9780648946762085 6.896157423344377
      vertex 0.13361143320798874 -3.8191010132431984 3.0950090357472746
    endloop
  endfacet
  facet normal -0.7017784007471182 -0.7123953089716532 1.069215180354236e-15
    outer loop
      vertex 0.3206665739417076 -4.124534010887146 1.4097250140943913
      vertex 0.45420757681131363 -4.2560848370194435 5.38588050748028
      vertex 0.4465385025194729 -4.248530055813054 5.428913070162821
    endloop
  endfacet
  facet normal -0.7017784007471014 -0.7123953089716698 0
    outer loop
      vertex 0.3206665739417076 -4.124534010887146 1.4097250140943913
      vertex 0.4465385025194729 -4.248530055813054 5.428913070162821
      vertex 0.3206665739417076 -4.124534010887146 6.115215157565217
    endloop
  endfacet
  facet normal -0.8049752096643663 -0.5933084457731995 8.270094986102484e-17
    outer loop
      vertex 0.21271124482154846 -3.9780648946762085 2.2261097741069094
      vertex 0.3206665739417076 -4.124534010887146 6.115215157565217
      vertex 0.285035017590247 -4.076190658034136 6.376810655993154
    endloop
  endfacet
  facet normal -0.9626157683845626 -0.2708706009470172 0
    outer loop
      vertex 0.13361143320798874 -3.8191010132431984 3.0950090357472746
      vertex 0.13361143320798874 -3.8191010132431984 7.727334328347929
      vertex 0.13333116455975166 -3.8181049988391487 3.1003931472080026
    endloop
  endfacet
  facet normal -0.9626157683845581 -0.2708706009470331 -3.689893281306338e-18
    outer loop
      vertex 0.13333116455975166 -3.8181049988391487 3.1003931472080026
      vertex 0.13361143320798874 -3.8191010132431984 7.727334328347929
      vertex 0.086211197078228 -3.6506507843732834 3.9979129796682358
    endloop
  endfacet
  facet normal -0.8049752096643645 -0.5933084457732017 0
    outer loop
      vertex 0.21271124482154846 -3.9780648946762085 2.2261097741069094
      vertex 0.285035017590247 -4.076190658034136 6.376810655993154
      vertex 0.21271124482154846 -3.9780648946762085 6.896157423344377
    endloop
  endfacet
  facet normal -0.8952863960739696 -0.4454910425641388 0
    outer loop
      vertex 0.13361143320798874 -3.8191010132431984 3.0950090357472746
      vertex 0.21271124482154846 -3.9780648946762085 6.896157423344377
      vertex 0.13361143320798874 -3.8191010132431984 7.727334328347929
    endloop
  endfacet
  facet normal -0.996679225399043 -0.08142801519111056 0
    outer loop
      vertex 0.086211197078228 -3.6506507843732834 3.9979129796682358
      vertex 0.086211197078228 -3.6506507843732834 8.591039637760815
      vertex 0.07223382592201233 -3.4795677065849304 4.91170218332352
    endloop
  endfacet
  facet normal -0.9626157683845497 -0.27087060094706283 -1.3126760575866526e-15
    outer loop
      vertex 0.086211197078228 -3.6506507843732834 3.9979129796682358
      vertex 0.13361143320798874 -3.8191010132431984 7.727334328347929
      vertex 0.1333311645597516 -3.8181049988391487 7.732484694216204
    endloop
  endfacet
  facet normal -0.962615768384558 -0.2708706009470328 0
    outer loop
      vertex 0.086211197078228 -3.6506507843732834 3.9979129796682358
      vertex 0.1333311645597516 -3.8181049988391487 7.732484694216204
      vertex 0.086211197078228 -3.6506507843732834 8.591039637760815
    endloop
  endfacet
  facet normal -0.992040242494617 0.1259212343936545 0
    outer loop
      vertex 0.07223382592201233 -3.4795677065849304 4.91170218332352
      vertex 0.07223382592201233 -3.4795677065849304 9.465157634691764
      vertex 0.09328391402959824 -3.3137296363711357 5.794255642787839
    endloop
  endfacet
  facet normal -0.996679225399043 -0.08142801519111058 0
    outer loop
      vertex 0.07223382592201233 -3.4795677065849304 4.91170218332352
      vertex 0.086211197078228 -3.6506507843732834 8.591039637760815
      vertex 0.07223382592201233 -3.4795677065849304 9.465157634691764
    endloop
  endfacet
  facet normal -0.9408454792973644 0.3388359250222924 0
    outer loop
      vertex 0.09328391402959824 -3.3137296363711357 5.794255642787839
      vertex 0.09328391402959824 -3.3137296363711357 10.309395954739216
      vertex 0.11373496348419819 -3.2569432214566567 6.0952274531213035
    endloop
  endfacet
  facet normal -0.9408454792973645 0.3388359250222925 -1.5021595461389825e-19
    outer loop
      vertex 0.11373496348419819 -3.2569432214566567 6.0952274531213035
      vertex 0.09328391402959824 -3.3137296363711357 10.309395954739216
      vertex 0.15014921873807907 -3.1558317840099335 6.623691742058
    endloop
  endfacet
  facet normal -0.8556763490875509 0.5175113386315318 0
    outer loop
      vertex 0.15014921873807907 -3.1558317840099335 6.623691742058
      vertex 0.15014921873807907 -3.1558317840099335 11.102822949472845
      vertex 0.21336790416966545 -3.0513031874244785 7.16287627357692
    endloop
  endfacet
  facet normal -0.992040242494617 0.1259212343936545 0
    outer loop
      vertex 0.09328391402959824 -3.3137296363711357 5.794255642787839
      vertex 0.07223382592201233 -3.4795677065849304 9.465157634691764
      vertex 0.09328391402959824 -3.3137296363711357 10.309395954739216
    endloop
  endfacet
  facet normal -0.8556763490875516 0.5175113386315305 -4.3747593147335085e-17
    outer loop
      vertex 0.21336790416966545 -3.0513031874244785 7.16287627357692
      vertex 0.15014921873807907 -3.1558317840099335 11.102822949472845
      vertex 0.24328936636447906 -3.001829706132412 7.411872527751704
    endloop
  endfacet
  facet normal -0.9408454792973644 0.33883592502229226 -9.11624463539037e-18
    outer loop
      vertex 0.15014921873807907 -3.1558317840099335 6.623691742058
      vertex 0.09328391402959824 -3.3137296363711357 10.309395954739216
      vertex 0.11373496348419818 -3.2569432214566567 10.597301387336792
    endloop
  endfacet
  facet normal -0.9408454792973644 0.33883592502229254 0
    outer loop
      vertex 0.15014921873807907 -3.1558317840099335 6.623691742058
      vertex 0.11373496348419818 -3.2569432214566567 10.597301387336792
      vertex 0.15014921873807907 -3.1558317840099335 11.102822949472845
    endloop
  endfacet
  facet normal -0.7813836197067119 0.6240509905881383 0
    outer loop
      vertex 0.24328936636447906 -3.001829706132412 7.411872527751704
      vertex 0.24328936636447906 -3.001829706132412 11.856785687108733
      vertex 0.3071065136717101 -2.921923297338341 7.806833746432119
    endloop
  endfacet
  facet normal -0.7813836197067127 0.6240509905881372 -2.8671260203295847e-17
    outer loop
      vertex 0.3071065136717101 -2.921923297338341 7.806833746432119
      vertex 0.24328936636447906 -3.001829706132412 11.856785687108733
      vertex 0.36805447936058044 -2.8456094339489937 8.171266324131913
    endloop
  endfacet
  facet normal -0.7500509192693652 0.6613800862614327 0
    outer loop
      vertex 0.36805447936058044 -2.8456094339489937 8.171266324131913
      vertex 0.36805447936058044 -2.8456094339489937 12.583211192595513
      vertex 0.3955431039670797 -2.8144354258652284 8.318451287528411
    endloop
  endfacet
  facet normal -0.750050919269366 0.661380086261432 -1.015559606619077e-17
    outer loop
      vertex 0.3955431039670797 -2.8144354258652284 8.318451287528411
      vertex 0.36805447936058044 -2.8456094339489937 12.583211192595513
      vertex 0.47947690735446863 -2.7192486676059233 8.749923337501507
    endloop
  endfacet
  facet normal -0.8556763490875512 0.5175113386315312 0
    outer loop
      vertex 0.24328936636447906 -3.001829706132412 7.411872527751704
      vertex 0.15014921873807907 -3.1558317840099335 11.102822949472845
      vertex 0.24328936636447906 -3.001829706132412 11.856785687108733
    endloop
  endfacet
  facet normal -0.781383619706712 0.6240509905881382 2.8907892130937756e-17
    outer loop
      vertex 0.36805447936058044 -2.8456094339489937 8.171266324131913
      vertex 0.24328936636447906 -3.001829706132412 11.856785687108733
      vertex 0.3071065136717101 -2.921923297338341 12.234600075763481
    endloop
  endfacet
  facet normal -0.7813836197067127 0.6240509905881372 0
    outer loop
      vertex 0.36805447936058044 -2.8456094339489937 8.171266324131913
      vertex 0.3071065136717101 -2.921923297338341 12.234600075763481
      vertex 0.36805447936058044 -2.8456094339489937 12.583211192595513
    endloop
  endfacet
  facet normal -0.7500509192693673 0.6613800862614304 -6.897601310612139e-17
    outer loop
      vertex 0.47947690735446863 -2.7192486676059233 8.749923337501507
      vertex 0.3955431039670797 -2.8144354258652284 12.724006274073666
      vertex 0.5106501802802086 -2.6838960126042366 8.903314165186075
    endloop
  endfacet
  facet normal -0.7570776209549961 0.6533249389462515 0
    outer loop
      vertex 0.5106501802802086 -2.6838960126042366 8.903314165186075
      vertex 0.5106501802802086 -2.6838960126042366 13.283477938930673
      vertex 0.5134436935186386 -2.680658869445324 8.917421755281907
    endloop
  endfacet
  facet normal -0.7640185002602831 0.6451943360414967 0
    outer loop
      vertex 0.5134436935186386 -2.680658869445324 8.917421755281907
      vertex 0.5134436935186386 -2.680658869445324 13.296973062693105
      vertex 0.558460724754678 -2.627351140642018 9.150741617698188
    endloop
  endfacet
  facet normal -0.7640185002602855 0.6451943360414938 -6.569003899626235e-17
    outer loop
      vertex 0.5134436935186386 -2.680658869445324 13.296973062693105
      vertex 0.6330500069664116 -2.5390248979156174 9.520328120642084
      vertex 0.558460724754678 -2.627351140642018 9.150741617698188
    endloop
  endfacet
  facet normal -0.7640185002602817 0.6451943360414982 2.26749652894984e-16
    outer loop
      vertex 0.5134436935186386 -2.680658869445324 13.296973062693105
      vertex 0.6558136940002441 -2.5120688676834106 9.627794303462629
      vertex 0.6330500069664116 -2.5390248979156174 9.520328120642084
    endloop
  endfacet
  facet normal -0.85567634908756 0.5175113386315167 4.1770487148813385e-15
    outer loop
      vertex 0.15014921873807907 -3.1558317840099335 11.102822949472845
      vertex 0.2133679041696654 -3.0513031874244785 11.618599346022698
      vertex 0.24328936636447906 -3.001829706132412 11.856785687108733
    endloop
  endfacet
  facet normal -0.7500509192693654 0.6613800862614325 2.681702621983145e-17
    outer loop
      vertex 0.47947690735446863 -2.7192486676059233 8.749923337501507
      vertex 0.36805447936058044 -2.8456094339489937 12.583211192595513
      vertex 0.3955431039670797 -2.8144354258652284 12.724006274073666
    endloop
  endfacet
  facet normal -0.7500509192693658 0.6613800862614322 3.827009037908175e-17
    outer loop
      vertex 0.5106501802802086 -2.6838960126042366 8.903314165186075
      vertex 0.3955431039670797 -2.8144354258652284 12.724006274073666
      vertex 0.4794769073544687 -2.7192486676059233 13.136746414300198
    endloop
  endfacet
  facet normal -0.7500509192693681 0.6613800862614295 0
    outer loop
      vertex 0.5106501802802086 -2.6838960126042366 8.903314165186075
      vertex 0.4794769073544687 -2.7192486676059233 13.136746414300198
      vertex 0.5106501802802086 -2.6838960126042366 13.283477938930673
    endloop
  endfacet
  facet normal -0.7570776209549961 0.6533249389462515 0
    outer loop
      vertex 0.5134436935186386 -2.680658869445324 8.917421755281907
      vertex 0.5106501802802086 -2.6838960126042366 13.283477938930673
      vertex 0.5134436935186386 -2.680658869445324 13.296973062693105
    endloop
  endfacet
  facet normal -0.7858469637328622 0.6184210132198303 0
    outer loop
      vertex 0.6558136940002441 -2.5120688676834106 9.627794303462629
      vertex 0.6558136940002441 -2.5120688676834106 13.976505526423885
      vertex 0.6643575876951218 -2.5012118741869926 9.671940412829969
    endloop
  endfacet
  facet normal -0.8067379427593397 0.5909093769034538 0
    outer loop
      vertex 0.6643575876951218 -2.5012118741869926 9.671940412829969
      vertex 0.6643575876951218 -2.5012118741869926 14.018735078423532
      vertex 0.7023411941859502 -2.4493548251085553 9.886699314991404
    endloop
  endfacet
  facet normal -0.8067379427593386 0.5909093769034555 3.2697400878096364e-17
    outer loop
      vertex 0.7023411941859502 -2.4493548251085553 9.886699314991404
      vertex 0.6643575876951218 -2.5012118741869926 14.018735078423532
      vertex 0.767111691133493 -2.3609270229762194 10.236779797518075
    endloop
  endfacet
  facet normal -0.8067379427593407 0.5909093769034526 -1.3093259246547623e-16
    outer loop
      vertex 0.767111691133493 -2.3609270229762194 10.236779797518075
      vertex 0.6643575876951218 -2.5012118741869926 14.018735078423532
      vertex 0.7940775901079178 -2.3241118788719177 10.375635315082235
    endloop
  endfacet
  facet normal -0.83639148256488 0.5481325459165165 0
    outer loop
      vertex 0.7940775901079178 -2.3241118788719177 10.375635315082235
      vertex 0.7940775901079178 -2.3241118788719177 14.69187979927024
      vertex 0.8054857775568962 -2.306704208254814 10.443623056127485
    endloop
  endfacet
  facet normal -0.8637788971673348 0.503871031920255 0
    outer loop
      vertex 0.8054857775568962 -2.306704208254814 10.443623056127485
      vertex 0.8054857775568962 -2.306704208254814 14.756915923335413
      vertex 0.8264752878761201 -2.2707221911768984 10.588655736737728
    endloop
  endfacet
  facet normal -0.7640185002602833 0.6451943360414965 8.763458617030689e-17
    outer loop
      vertex 0.5134436935186386 -2.680658869445324 13.296973062693105
      vertex 0.558460724754678 -2.627351140642018 13.520163586244593
      vertex 0.6558136940002441 -2.5120688676834106 9.627794303462629
    endloop
  endfacet
  facet normal -0.7640185002602852 0.6451943360414942 -2.8870461835640116e-17
    outer loop
      vertex 0.6558136940002441 -2.5120688676834106 9.627794303462629
      vertex 0.558460724754678 -2.627351140642018 13.520163586244593
      vertex 0.6330500069664117 -2.5390248979156174 13.873704876023176
    endloop
  endfacet
  facet normal -0.7640185002602828 0.6451943360414969 0
    outer loop
      vertex 0.6558136940002441 -2.5120688676834106 9.627794303462629
      vertex 0.6330500069664117 -2.5390248979156174 13.873704876023176
      vertex 0.6558136940002441 -2.5120688676834106 13.976505526423885
    endloop
  endfacet
  facet normal -0.863778897167335 0.503871031920255 -1.2563286379235299e-18
    outer loop
      vertex 0.8264752878761201 -2.2707221911768984 10.588655736737728
      vertex 0.8054857775568962 -2.306704208254814 14.756915923335413
      vertex 0.8802122304398248 -2.1786017197778453 10.944696907665083
    endloop
  endfacet
  facet normal -0.7858469637328622 0.6184210132198302 0
    outer loop
      vertex 0.6643575876951218 -2.5012118741869926 9.671940412829969
      vertex 0.6558136940002441 -2.5120688676834106 13.976505526423885
      vertex 0.6643575876951218 -2.5012118741869926 14.018735078423532
    endloop
  endfacet
  facet normal -0.8067379427593399 0.5909093769034539 -3.1721853784719796e-17
    outer loop
      vertex 0.7940775901079178 -2.3241118788719177 10.375635315082235
      vertex 0.6643575876951218 -2.5012118741869926 14.018735078423532
      vertex 0.7023411941859502 -2.4493548251085553 14.224170446481637
    endloop
  endfacet
  facet normal -0.8067379427593399 0.5909093769034537 -4.324042188200742e-17
    outer loop
      vertex 0.7940775901079178 -2.3241118788719177 10.375635315082235
      vertex 0.7023411941859502 -2.4493548251085553 14.224170446481637
      vertex 0.767111691133493 -2.360927022976219 14.559052549407276
    endloop
  endfacet
  facet normal -0.8067379427593375 0.590909376903457 0
    outer loop
      vertex 0.7940775901079178 -2.3241118788719177 10.375635315082235
      vertex 0.767111691133493 -2.360927022976219 14.559052549407276
      vertex 0.7940775901079178 -2.3241118788719177 14.69187979927024
    endloop
  endfacet
  facet normal -0.83639148256488 0.5481325459165165 0
    outer loop
      vertex 0.8054857775568962 -2.306704208254814 10.443623056127485
      vertex 0.7940775901079178 -2.3241118788719177 14.69187979927024
      vertex 0.8054857775568962 -2.306704208254814 14.756915923335413
    endloop
  endfacet
  facet normal -0.8637788971673359 0.5038710319202532 -9.533434879319054e-17
    outer loop
      vertex 0.9149657785892487 -2.119024209678173 11.164805751037157
      vertex 0.8054857775568962 -2.306704208254814 14.756915923335413
      vertex 0.82647528787612 -2.2707221911768984 14.895652161143246
    endloop
  endfacet
  facet normal -0.8637788971673352 0.5038710319202546 -2.1963457783694424e-17
    outer loop
      vertex 0.8802122304398248 -2.1786017197778453 10.944696907665083
      vertex 0.8054857775568962 -2.306704208254814 14.756915923335413
      vertex 0.9149657785892487 -2.119024209678173 11.164805751037157
    endloop
  endfacet
  facet normal -0.8933457977863852 0.44936987613480145 0
    outer loop
      vertex 0.9149657785892487 -2.119024209678173 11.164805751037157
      vertex 0.9149657785892487 -2.119024209678173 15.446789222531791
      vertex 0.9261056110262871 -2.096878260374069 11.250331111083185
    endloop
  endfacet
  facet normal -0.9194780679799354 0.3931413009388421 0
    outer loop
      vertex 0.9261056110262871 -2.096878260374069 11.250331111083185
      vertex 0.9261056110262871 -2.096878260374069 15.528601588131188
      vertex 0.9297722647900586 -2.08830269807468 11.284797632866805
    endloop
  endfacet
  facet normal -0.9194780679799359 0.3931413009388408 -3.008459515127357e-18
    outer loop
      vertex 0.9297722647900586 -2.08830269807468 11.284797632866805
      vertex 0.9261056110262871 -2.096878260374069 15.528601588131188
      vertex 0.9712356576433349 -1.9913281999449237 11.660156213884356
    endloop
  endfacet
  facet normal -0.8637788971673349 0.503871031920255 -1.330407953917399e-17
    outer loop
      vertex 0.9149657785892487 -2.119024209678173 11.164805751037157
      vertex 0.82647528787612 -2.2707221911768984 14.895652161143246
      vertex 0.8802122304398247 -2.1786017197778453 15.236236175389678
    endloop
  endfacet
  facet normal -0.8637788971673346 0.5038710319202556 0
    outer loop
      vertex 0.9149657785892487 -2.119024209678173 11.164805751037157
      vertex 0.8802122304398247 -2.1786017197778453 15.236236175389678
      vertex 0.9149657785892487 -2.119024209678173 15.446789222531791
    endloop
  endfacet
  facet normal -0.9194780679799359 0.3931413009388408 -3.9688790828179535e-18
    outer loop
      vertex 0.9712356576433349 -1.9913281999449237 11.660156213884356
      vertex 0.9261056110262871 -2.096878260374069 15.528601588131188
      vertex 1.0102683964987254 -1.9000385103981543 11.999527068147948
    endloop
  endfacet
  facet normal -0.9194780679798937 0.3931413009389397 6.511788609916803e-15
    outer loop
      vertex 1.01028560847044 -1.8999982550740242 11.999670369391403
      vertex 1.0102683964987254 -1.9000385103981543 11.999527068147948
      vertex 0.9261056110262871 -2.096878260374069 15.528601588131188
    endloop
  endfacet
  facet normal -0.9402658572175264 0.34044106354990483 0
    outer loop
      vertex 1.01028560847044 -1.8999982550740242 11.999670369391403
      vertex 1.01028560847044 -1.8999982550740242 15.700000000000003
      vertex 1.0179971978068352 -1.878699578344822 12.079097515265133
    endloop
  endfacet
  facet normal -0.9580360069140219 0.28664788409516717 0
    outer loop
      vertex 1.0179971978068352 -1.878699578344822 12.079097515265133
      vertex 1.0179971978068352 -1.878699578344822 15.700000000000003
      vertex 1.040754566164508 -1.802639786806232 12.375105954772351
    endloop
  endfacet
  facet normal -0.9580360069140216 0.28664788409516795 2.0517999250127317e-17
    outer loop
      vertex 1.040754566164508 -1.802639786806232 12.375105954772351
      vertex 1.0179971978068352 -1.878699578344822 15.700000000000003
      vertex 1.0684901696969582 -1.7099417125069736 12.722764611535922
    endloop
  endfacet
  facet normal -0.9580360069140222 0.28664788409516534 -1.427551998973834e-16
    outer loop
      vertex 1.0684901696969582 -1.7099417125069736 12.722764611535922
      vertex 1.0179971978068352 -1.878699578344822 15.700000000000003
      vertex 1.0784872025251389 -1.6765295788645744 12.843199533611042
    endloop
  endfacet
  facet normal -0.8933457977863853 0.44936987613480156 0
    outer loop
      vertex 0.9261056110262871 -2.096878260374069 11.250331111083185
      vertex 0.9149657785892487 -2.119024209678173 15.446789222531791
      vertex 0.9261056110262871 -2.096878260374069 15.528601588131188
    endloop
  endfacet
  facet normal -0.919478067979936 0.39314130093884103 3.1654554949933895e-17
    outer loop
      vertex 1.01028560847044 -1.8999982550740242 11.999670369391403
      vertex 0.9261056110262871 -2.096878260374069 15.528601588131188
      vertex 0.9297722647900586 -2.08830269807468 15.56157178176246
    endloop
  endfacet
  facet normal -0.9194780679799367 0.39314130093883926 -9.119835471106788e-17
    outer loop
      vertex 1.01028560847044 -1.8999982550740242 11.999670369391403
      vertex 0.9297722647900586 -2.08830269807468 15.56157178176246
      vertex 0.9457575017150791 -2.0509164587532966 15.700000000000003
    endloop
  endfacet
  facet normal -0.9194780679799358 0.39314130093884125 0
    outer loop
      vertex 1.01028560847044 -1.8999982550740242 11.999670369391403
      vertex 0.9457575017150791 -2.0509164587532966 15.700000000000003
      vertex 1.01028560847044 -1.8999982550740242 15.700000000000003
    endloop
  endfacet
  facet normal -0.9402658572175264 0.3404410635499047 0
    outer loop
      vertex 1.0179971978068352 -1.878699578344822 12.079097515265133
      vertex 1.01028560847044 -1.8999982550740242 15.700000000000003
      vertex 1.0179971978068352 -1.878699578344822 15.700000000000003
    endloop
  endfacet
  facet normal -0.9580360069140217 0.28664788409516717 0
    outer loop
      vertex 1.0784872025251389 -1.6765295788645744 12.843199533611042
      vertex 1.0179971978068352 -1.878699578344822 15.700000000000003
      vertex 1.0784872025251389 -1.6765295788645744 15.700000000000003
    endloop
  endfacet
  facet normal -0.9656404650809203 0.25988168884764457 0
    outer loop
      vertex 1.0784872025251389 -1.6765295788645744 12.843199533611042
      vertex 1.0784872025251389 -1.6765295788645744 15.700000000000003
      vertex 1.0813794881105423 -1.6657827347517014 12.882875847696447
    endloop
  endfacet
  facet normal -0.9724974210559315 0.2329136450265679 0
    outer loop
      vertex 1.0813794881105423 -1.6657827347517014 12.882875847696447
      vertex 1.0813794881105423 -1.6657827347517014 15.700000000000003
      vertex 1.0924386309322756 -1.6196068747156867 13.057327492103703
    endloop
  endfacet
  facet normal -0.9724974210559314 0.23291364502656867 1.3369024421795436e-17
    outer loop
      vertex 1.0924386309322756 -1.6196068747156867 13.057327492103703
      vertex 1.0813794881105423 -1.6657827347517014 15.700000000000003
      vertex 1.1133319245865017 -1.532369932484237 13.37459897328138
    endloop
  endfacet
  facet normal -0.9724974210559311 0.2329136450265702 1.0478781183292043e-16
    outer loop
      vertex 1.1133319245865017 -1.532369932484237 13.37459897328138
      vertex 1.0813794881105423 -1.6657827347517014 15.700000000000003
      vertex 1.129061445593834 -1.4666935801506042 13.603899593578276
    endloop
  endfacet
  facet normal -0.9633754793418551 0.2681560847768534 0
    outer loop
      vertex 1.129061445593834 -1.4666935801506042 13.603899593578276
      vertex 1.129061445593834 -1.4666935801506042 15.700000000000003
      vertex 1.1334864185197142 -1.4507964565888098 13.657419667051705
    endloop
  endfacet
  facet normal -0.9633754793418563 0.2681560847768493 -3.4369072784060787e-17
    outer loop
      vertex 1.1334864185197142 -1.4507964565888098 13.657419667051705
      vertex 1.129061445593834 -1.4666935801506042 15.700000000000003
      vertex 1.1543795453702217 -1.3757359704122323 13.898452132581774
    endloop
  endfacet
  facet normal -0.9656404650809203 0.25988168884764457 0
    outer loop
      vertex 1.0813794881105423 -1.6657827347517014 12.882875847696447
      vertex 1.0784872025251389 -1.6765295788645744 15.700000000000003
      vertex 1.0813794881105423 -1.6657827347517014 15.700000000000003
    endloop
  endfacet
  facet normal -0.9633754793418562 0.2681560847768498 -6.8960524936426246e-18
    outer loop
      vertex 1.1543795453702217 -1.3757359704122323 13.898452132581774
      vertex 1.129061445593834 -1.4666935801506042 15.700000000000003
      vertex 1.1742952421337163 -1.3041869920180824 14.116804529596244
    endloop
  endfacet
  facet normal -0.9633754793418564 0.2681560847768488 -1.1633472057829011e-16
    outer loop
      vertex 1.129061445593834 -1.4666935801506042 15.700000000000003
      vertex 1.1816123351454735 -1.2778996601700783 14.192740317795383
      vertex 1.1742952421337163 -1.3041869920180824 14.116804529596244
    endloop
  endfacet
  facet normal -0.9360611526465258 0.3518373466618591 0
    outer loop
      vertex 1.1816123351454735 -1.2778996601700783 14.192740317795383
      vertex 1.1816123351454735 -1.2778996601700783 15.700000000000003
      vertex 1.1963049516564979 -1.2388100419780657 14.29178958666121
    endloop
  endfacet
  facet normal -0.9360611526465246 0.351837346661863 1.2214519280818133e-16
    outer loop
      vertex 1.1963049516564979 -1.2388100419780657 14.29178958666121
      vertex 1.1816123351454735 -1.2778996601700783 15.700000000000003
      vertex 1.2193462002414703 -1.1775089381768464 14.4361056091578
    endloop
  endfacet
  facet normal -0.936061152646525 0.3518373466618615 -1.441110569716187e-17
    outer loop
      vertex 1.2193462002414703 -1.1775089381768464 14.4361056091578
      vertex 1.1816123351454735 -1.2778996601700783 15.700000000000003
      vertex 1.241701428306737 -1.1180329878577904 14.565267211904157
    endloop
  endfacet
  facet normal -0.9360611526465261 0.35183734666185884 -4.402881797911249e-16
    outer loop
      vertex 1.241701428306737 -1.1180329878577904 14.565267211904157
      vertex 1.1816123351454735 -1.2778996601700783 15.700000000000003
      vertex 1.2509742826223373 -1.0933626145124435 14.614273933451727
    endloop
  endfacet
  facet normal -0.9138991652642489 0.40594127128109214 0
    outer loop
      vertex 1.2509742826223373 -1.0933626145124435 14.614273933451727
      vertex 1.2509742826223373 -1.0933626145124435 15.700000000000003
      vertex 1.2651052805188612 -1.0615493742838058 14.66871990973091
    endloop
  endfacet
  facet normal -0.9724974210559313 0.2329136450265691 0
    outer loop
      vertex 1.129061445593834 -1.4666935801506042 13.603899593578276
      vertex 1.0813794881105423 -1.6657827347517014 15.700000000000003
      vertex 1.129061445593834 -1.4666935801506042 15.700000000000003
    endloop
  endfacet
  facet normal -0.9633754793418561 0.26815608477684966 0
    outer loop
      vertex 1.129061445593834 -1.4666935801506042 15.700000000000003
      vertex 1.1816123351454735 -1.2778996601700783 15.700000000000003
      vertex 1.1816123351454735 -1.2778996601700783 14.192740317795383
    endloop
  endfacet
  facet normal -0.9360611526465252 0.3518373466618611 0
    outer loop
      vertex 1.2509742826223373 -1.0933626145124435 14.614273933451727
      vertex 1.1816123351454735 -1.2778996601700783 15.700000000000003
      vertex 1.2509742826223373 -1.0933626145124435 15.700000000000003
    endloop
  endfacet
  facet normal -0.9138991652642472 0.4059412712810956 1.2616579599309633e-16
    outer loop
      vertex 1.2651052805188612 -1.0615493742838058 14.66871990973091
      vertex 1.2509742826223373 -1.0933626145124435 15.700000000000003
      vertex 1.2892235079434948 -1.0072517961108214 14.751014835366107
    endloop
  endfacet
  facet normal -0.9138991652642485 0.4059412712810927 -1.8352260459937085e-16
    outer loop
      vertex 1.2892235079434948 -1.0072517961108214 14.751014835366107
      vertex 1.2509742826223373 -1.0933626145124435 15.700000000000003
      vertex 1.312923847950258 -0.9538950115683066 14.821338236280646
    endloop
  endfacet
  facet normal -0.9138991652642476 0.40594127128109475 2.0072399881656434e-16
    outer loop
      vertex 1.312923847950258 -0.9538950115683066 14.821338236280646
      vertex 1.2509742826223373 -1.0933626145124435 15.700000000000003
      vertex 1.336273458075434 -0.9013278283023617 14.88014697292224
    endloop
  endfacet
  facet normal -0.9138991652642121 0.40594127128117485 2.7719012327853986e-14
    outer loop
      vertex 1.2509742826223373 -1.0933626145124435 15.700000000000003
      vertex 1.336459830403328 -0.9009082466363907 14.880532200220905
      vertex 1.336273458075434 -0.9013278283023617 14.88014697292224
    endloop
  endfacet
  facet normal -0.9177598590270007 0.3971357968739909 0
    outer loop
      vertex 1.336459830403328 -0.9009082466363907 14.880532200220905
      vertex 1.336459830403328 -0.9009082466363907 15.700000000000003
      vertex 1.3379871472716331 -0.8973786979913712 14.883953765570588
    endloop
  endfacet
  facet normal -0.9215357569702386 0.3882935083481173 0
    outer loop
      vertex 1.3379871472716331 -0.8973786979913712 14.883953765570588
      vertex 1.3379871472716331 -0.8973786979913712 15.700000000000003
      vertex 1.358436826327381 -0.8488455392769542 14.933470454314474
    endloop
  endfacet
  facet normal -0.9138991652642477 0.40594127128109425 0
    outer loop
      vertex 1.2509742826223373 -1.0933626145124435 15.700000000000003
      vertex 1.336459830403328 -0.9009082466363907 15.700000000000003
      vertex 1.336459830403328 -0.9009082466363907 14.880532200220905
    endloop
  endfacet
  facet normal -0.9177598590270007 0.3971357968739909 0
    outer loop
      vertex 1.3379871472716331 -0.8973786979913712 14.883953765570588
      vertex 1.336459830403328 -0.9009082466363907 15.700000000000003
      vertex 1.3379871472716331 -0.8973786979913712 15.700000000000003
    endloop
  endfacet
  facet normal -0.9215357569702384 0.3882935083481176 2.5042139353956916e-17
    outer loop
      vertex 1.358436826327381 -0.8488455392769542 14.933470454314474
      vertex 1.3379871472716331 -0.8973786979913712 15.700000000000003
      vertex 1.3803139500552708 -0.7969246306306063 14.97608645136983
    endloop
  endfacet
  facet normal -0.9215357569702396 0.3882935083481147 -4.525667499624588e-16
    outer loop
      vertex 1.3803139500552708 -0.7969246306306063 14.97608645136983
      vertex 1.3379871472716331 -0.8973786979913712 15.700000000000003
      vertex 1.4020001974525682 -0.7454567281767861 15.008012429041337
    endloop
  endfacet
  facet normal -0.9215357569702382 0.3882935083481183 4.819022878695976e-16
    outer loop
      vertex 1.4020001974525682 -0.7454567281767861 15.008012429041337
      vertex 1.3379871472716331 -0.8973786979913712 15.700000000000003
      vertex 1.4223971515893936 -0.6970487013459206 15.028298996257789
    endloop
  endfacet
  facet normal -0.9215357569702387 0.38829350834811693 0
    outer loop
      vertex 1.4223971515893936 -0.6970487013459206 15.028298996257789
      vertex 1.3379871472716331 -0.8973786979913712 15.700000000000003
      vertex 1.4223971515893936 -0.6970487013459206 15.700000000000003
    endloop
  endfacet
  facet normal -0.9388472003375438 0.34433404481456037 0
    outer loop
      vertex 1.4223971515893936 -0.6970487013459206 15.028298996257789
      vertex 1.4223971515893936 -0.6970487013459206 15.700000000000003
      vertex 1.4234235850069634 -0.6942500697411448 15.030198009693713
    endloop
  endfacet
  facet normal -0.9388472003375451 0.3443340448145571 -1.5773625697547592e-17
    outer loop
      vertex 1.4234235850069634 -0.6942500697411448 15.030198009693713
      vertex 1.4223971515893936 -0.6970487013459206 15.700000000000003
      vertex 1.4289026334881783 -0.6793111190199852 15.037387559815016
    endloop
  endfacet
  facet normal -0.9540631517041359 0.2996055783198488 0
    outer loop
      vertex 1.4289026334881783 -0.6793111190199852 15.037387559815016
      vertex 1.4289026334881783 -0.6793111190199852 15.700000000000003
      vertex 1.4407833837242487 -0.6414780917499314 15.06524016687306
    endloop
  endfacet
  facet normal -0.938847200337545 0.34433404481455765 0
    outer loop
      vertex 1.4289026334881783 -0.6793111190199852 15.037387559815016
      vertex 1.4223971515893936 -0.6970487013459206 15.700000000000003
      vertex 1.4289026334881783 -0.6793111190199852 15.700000000000003
    endloop
  endfacet
  facet normal -0.954063151704135 0.2996055783198517 1.9417502546467819e-16
    outer loop
      vertex 1.4289026334881783 -0.6793111190199852 15.700000000000003
      vertex 1.4573265316895487 -0.5887981384079674 15.093809386871214
      vertex 1.4407833837242487 -0.6414780917499314 15.06524016687306
    endloop
  endfacet
  facet normal -0.9540631517041358 0.29960557831984874 -2.8269028729544626e-16
    outer loop
      vertex 1.4289026334881783 -0.6793111190199852 15.700000000000003
      vertex 1.4737776633893782 -0.5364112014001282 15.112028228563197
      vertex 1.4573265316895487 -0.5887981384079674 15.093809386871214
    endloop
  endfacet
  facet normal -0.9540631517041355 0.2996055783198502 9.188388180845416e-17
    outer loop
      vertex 1.4289026334881783 -0.6793111190199852 15.700000000000003
      vertex 1.4901773825114348 -0.4841879824587629 15.120008385229191
      vertex 1.4737776633893782 -0.5364112014001282 15.112028228563197
    endloop
  endfacet
  facet normal -0.9540631517041336 0.2996055783198561 4.1887248254934867e-19
    outer loop
      vertex 1.4901773825114348 -0.4841879824587629 15.120008385229191
      vertex 1.4937626346945763 -0.4727711156010628 15.700000000000003
      vertex 1.4937626346945763 -0.4727711156010628 15.119524955103586
    endloop
  endfacet
  facet normal -0.9722334869682773 0.23401292019353293 0
    outer loop
      vertex 1.4937626346945763 -0.4727711156010628 15.119524955103586
      vertex 1.4937626346945763 -0.4727711156010628 15.700000000000003
      vertex 1.5001299679279327 -0.44631730020046234 15.128301315394303
    endloop
  endfacet
  facet normal -0.9858998396672112 0.16733650571279163 0
    outer loop
      vertex 1.5001299679279327 -0.44631730020046234 15.128301315394303
      vertex 1.5001299679279327 -0.44631730020046234 15.700000000000003
      vertex 1.5027458203790975 -0.4309054299620406 15.138993830143406
    endloop
  endfacet
  facet normal -0.9540631517041355 0.2996055783198503 1.2761996306080467e-16
    outer loop
      vertex 1.4289026334881783 -0.6793111190199852 15.700000000000003
      vertex 1.4937626346945763 -0.4727711156010628 15.700000000000003
      vertex 1.4901773825114348 -0.4841879824587629 15.120008385229191
    endloop
  endfacet
  facet normal -0.9722334869682772 0.23401292019353293 0
    outer loop
      vertex 1.5001299679279327 -0.44631730020046234 15.128301315394303
      vertex 1.4937626346945763 -0.4727711156010628 15.700000000000003
      vertex 1.5001299679279327 -0.44631730020046234 15.700000000000003
    endloop
  endfacet
  facet normal -0.9858998396672107 0.1673365057127942 7.300169144437194e-17
    outer loop
      vertex 1.5027458203790975 -0.4309054299620406 15.138993830143406
      vertex 1.5001299679279327 -0.44631730020046234 15.700000000000003
      vertex 1.5119020451208653 -0.3769595174045058 15.166295306758848
    endloop
  endfacet
  facet normal -0.9858998396672114 0.16733650571279113 -3.4250555372618994e-16
    outer loop
      vertex 1.5119020451208653 -0.3769595174045058 15.166295306758848
      vertex 1.5001299679279327 -0.44631730020046234 15.700000000000003
      vertex 1.5210095644851602 -0.32330056329418344 15.18334697689118
    endloop
  endfacet
  facet normal -0.985899839667211 0.1673365057127929 9.357313759499772e-17
    outer loop
      vertex 1.5001299679279327 -0.44631730020046234 15.700000000000003
      vertex 1.5300908288877004 -0.26979629606748073 15.19025332541873
      vertex 1.5210095644851602 -0.32330056329418344 15.18334697689118
    endloop
  endfacet
  facet normal -0.9858998396672107 0.1673365057127942 6.21871924829271e-19
    outer loop
      vertex 1.5300908288877004 -0.26979629606748073 15.19025332541873
      vertex 1.536239966750145 -0.23356729745864868 15.700000000000003
      vertex 1.536239966750145 -0.23356729745864868 15.188087727793523
    endloop
  endfacet
  facet normal -0.9953198505039201 0.09663537236878599 0
    outer loop
      vertex 1.536239966750145 -0.23356729745864868 15.188087727793523
      vertex 1.536239966750145 -0.23356729745864868 15.700000000000003
      vertex 1.5379317640588837 -0.21614221383615684 15.193715075612829
    endloop
  endfacet
  facet normal -0.9953198505039192 0.09663537236879463 3.0011988151607544e-16
    outer loop
      vertex 1.5379317640588837 -0.21614221383615684 15.193715075612829
      vertex 1.536239966750145 -0.23356729745864868 15.700000000000003
      vertex 1.5389952585101128 -0.20518849045038223 15.195205273160504
    endloop
  endfacet
  facet normal -0.9996762883348435 0.025442455484306757 0
    outer loop
      vertex 1.5389952585101128 -0.20518849045038223 15.195205273160504
      vertex 1.5389952585101128 -0.20518849045038223 15.700000000000003
      vertex 1.54009772396708 -0.16187079351196879 15.217528977985353
    endloop
  endfacet
  facet normal -0.9996762883348436 0.025442455484303007 -3.368958262464079e-16
    outer loop
      vertex 1.54009772396708 -0.16187079351196879 15.217528977985353
      vertex 1.5389952585101128 -0.20518849045038223 15.700000000000003
      vertex 1.541474108284332 -0.1077903700857889 15.235358024153022
    endloop
  endfacet
  facet normal -0.9996762883348436 0.02544245548430356 -2.2080682649307547e-16
    outer loop
      vertex 1.541474108284332 -0.1077903700857889 15.235358024153022
      vertex 1.5389952585101128 -0.20518849045038223 15.700000000000003
      vertex 1.5428462313677522 -0.05387737760680496 15.24310009249745
    endloop
  endfacet
  facet normal -0.9996762883348436 0.02544245548430253 -5.614069896661117e-16
    outer loop
      vertex 1.5428462313677522 -0.05387737760680496 15.24310009249745
      vertex 1.5389952585101128 -0.20518849045038223 15.700000000000003
      vertex 1.5442174480279527 0 15.240802467366414
    endloop
  endfacet
  facet normal -0.985899839667211 0.16733650571279288 9.891985692088018e-17
    outer loop
      vertex 1.5001299679279327 -0.44631730020046234 15.700000000000003
      vertex 1.536239966750145 -0.23356729745864868 15.700000000000003
      vertex 1.5300908288877004 -0.26979629606748073 15.19025332541873
    endloop
  endfacet
  facet normal -0.9953198505039198 0.09663537236878933 0
    outer loop
      vertex 1.5389952585101128 -0.20518849045038223 15.195205273160504
      vertex 1.536239966750145 -0.23356729745864868 15.700000000000003
      vertex 1.5389952585101128 -0.20518849045038223 15.700000000000003
    endloop
  endfacet
  facet normal -0.9996762883348436 0.02544245548430425 2.0459190175090438e-16
    outer loop
      vertex 1.5389952585101128 -0.20518849045038223 15.700000000000003
      vertex 1.5445152595639229 0.011701509356498718 15.700000000000003
      vertex 1.5442174480279527 0 15.240802467366414
    endloop
  endfacet
  facet normal 0.03701163833752713 -0.9993148345879652 -2.0109180187193973e-20
    outer loop
      vertex 0 1.6162897153340574 14.85639814638288
      vertex 0.04112766683101654 1.6178129613399506 14.844444854282692
      vertex 0.04112766683101654 1.6178129613399506 15.700000000000003
    endloop
  endfacet
  facet normal -0.02696172004045543 -0.9996364667480174 0
    outer loop
      vertex 0.04112766683101654 1.6178129613399506 14.844444854282692
      vertex 0.0564808128911463 1.6173988635758303 14.845224133136263
      vertex 0.04112766683101654 1.6178129613399506 15.700000000000003
    endloop
  endfacet
  facet normal -0.026961720040452976 -0.9996364667480174 1.2448244327528542e-20
    outer loop
      vertex 0.0564808128911463 1.6173988635758303 14.845224133136263
      vertex 0.0666949450969696 1.6171233728528023 14.84384010390118
      vertex 0.0666949450969696 1.6171233728528023 15.700000000000003
    endloop
  endfacet
  facet normal -0.09082474736658891 -0.9958668913392971 0
    outer loop
      vertex 0.0666949450969696 1.6171233728528023 14.84384010390118
      vertex 0.11278633672790453 1.6129197598628933 14.853365302927642
      vertex 0.0666949450969696 1.6171233728528023 15.700000000000003
    endloop
  endfacet
  facet normal -0.09082474736658723 -0.9958668913392972 -2.3223821268570296e-16
    outer loop
      vertex 0.11278633672790453 1.6129197598628933 14.853365302927642
      vertex 0.16898598581196378 1.6077942566711103 14.854474203366806
      vertex 0.28105495125055313 1.5975733771920204 15.700000000000003
    endloop
  endfacet
  facet normal -0.02696172004045445 -0.9996364667480174 1.7631047442397946e-17
    outer loop
      vertex 0.0564808128911463 1.6173988635758303 14.845224133136263
      vertex 0.0666949450969696 1.6171233728528023 15.700000000000003
      vertex 0.04112766683101654 1.6178129613399506 15.700000000000003
    endloop
  endfacet
  facet normal -0.09082474736658849 -0.9958668913392971 2.286401835966195e-17
    outer loop
      vertex 0.11278633672790453 1.6129197598628933 14.853365302927642
      vertex 0.28105495125055313 1.5975733771920204 15.700000000000003
      vertex 0.0666949450969696 1.6171233728528023 15.700000000000003
    endloop
  endfacet
  facet normal -0.0908247473665871 -0.9958668913392972 1.429439499562006e-19
    outer loop
      vertex 0.22523971123854294 1.6026638216252906 14.845067449577243
      vertex 0.28105495125055313 1.5975733771920204 14.825310645006319
      vertex 0.28105495125055313 1.5975733771920204 15.700000000000003
    endloop
  endfacet
  facet normal -0.1512620504834011 -0.9884936985553104 -3.785986927596568e-16
    outer loop
      vertex 0.28105495125055313 1.5975733771920204 14.825310645006319
      vertex 0.2816784663485659 1.5974779651804207 14.825293031221229
      vertex 0.30511781573295593 1.5938912108540535 15.700000000000003
    endloop
  endfacet
  facet normal -0.1512620504834149 -0.9884936985553083 -2.695264675477661e-19
    outer loop
      vertex 0.2816784663485659 1.5974779651804207 14.825293031221229
      vertex 0.30511781573295593 1.5938912108540535 14.820216898429791
      vertex 0.30511781573295593 1.5938912108540535 15.700000000000003
    endloop
  endfacet
  facet normal -0.21113907262584405 -0.9774560307301288 0
    outer loop
      vertex 0.30511781573295593 1.5938912108540535 14.820216898429791
      vertex 0.33731378702339165 1.586936598772451 14.823863261437985
      vertex 0.30511781573295593 1.5938912108540535 15.700000000000003
    endloop
  endfacet
  facet normal -0.09082474736659077 -0.995866891339297 2.406655484374435e-16
    outer loop
      vertex 0.16898598581196378 1.6077942566711103 14.854474203366806
      vertex 0.22523971123854294 1.6026638216252906 14.845067449577243
      vertex 0.28105495125055313 1.5975733771920204 15.700000000000003
    endloop
  endfacet
  facet normal -0.2111390726258429 -0.9774560307301291 3.243525425262476e-16
    outer loop
      vertex 0.39268557263525655 1.574975807600092 14.8195866415844
      vertex 0.5148778110742569 1.548581212759018 15.700000000000003
      vertex 0.33731378702339165 1.586936598772451 14.823863261437985
    endloop
  endfacet
  facet normal -0.15126205048341454 -0.9884936985553083 0
    outer loop
      vertex 0.28105495125055313 1.5975733771920204 14.825310645006319
      vertex 0.30511781573295593 1.5938912108540535 15.700000000000003
      vertex 0.28105495125055313 1.5975733771920204 15.700000000000003
    endloop
  endfacet
  facet normal -0.21113907262584178 -0.9774560307301293 8.928120265698278e-17
    outer loop
      vertex 0.33731378702339165 1.586936598772451 14.823863261437985
      vertex 0.5148778110742569 1.548581212759018 15.700000000000003
      vertex 0.30511781573295593 1.5938912108540535 15.700000000000003
    endloop
  endfacet
  facet normal -0.2111390726258396 -0.9774560307301298 -1.5048713522359407e-16
    outer loop
      vertex 0.39268557263525655 1.574975807600092 14.8195866415844
      vertex 0.44817976219115757 1.5629885761026268 14.804734707439657
      vertex 0.5148778110742569 1.548581212759018 15.700000000000003
    endloop
  endfacet
  facet normal -0.28718033060907755 -0.9578765357347787 0
    outer loop
      vertex 0.5148778110742569 1.548581212759018 14.77213277291606
      vertex 0.5449401661753654 1.5395682379603386 14.765382557734895
      vertex 0.5449401661753654 1.5395682379603386 15.700000000000003
    endloop
  endfacet
  facet normal -0.21113907262584244 -0.9774560307301292 7.224429305785918e-17
    outer loop
      vertex 0.44817976219115757 1.5629885761026268 14.804734707439657
      vertex 0.503932723705808 1.5509454475932507 14.779216567653457
      vertex 0.5148778110742569 1.548581212759018 15.700000000000003
    endloop
  endfacet
  facet normal -0.2111390726258367 -0.9774560307301304 6.669828433534816e-20
    outer loop
      vertex 0.503932723705808 1.5509454475932507 14.779216567653457
      vertex 0.5148778110742569 1.548581212759018 14.77213277291606
      vertex 0.5148778110742569 1.548581212759018 15.700000000000003
    endloop
  endfacet
  facet normal -0.361450828068281 -0.9323911726784816 0
    outer loop
      vertex 0.5449401661753654 1.5395682379603386 14.765382557734895
      vertex 0.5584507176489608 1.5343307366187486 14.768335416590908
      vertex 0.5449401661753654 1.5395682379603386 15.700000000000003
    endloop
  endfacet
  facet normal -0.36145082806827455 -0.9323911726784841 -2.971580541992518e-16
    outer loop
      vertex 0.5584507176489608 1.5343307366187486 14.768335416590908
      vertex 0.6115873417057488 1.5137317891717188 14.76933994500341
      vertex 0.7425101697444916 1.4629782363772392 15.700000000000003
    endloop
  endfacet
  facet normal -0.28718033060907755 -0.9578765357347788 0
    outer loop
      vertex 0.5148778110742569 1.548581212759018 14.77213277291606
      vertex 0.5449401661753654 1.5395682379603386 15.700000000000003
      vertex 0.5148778110742569 1.548581212759018 15.700000000000003
    endloop
  endfacet
  facet normal -0.3614508280682761 -0.9323911726784834 8.098142467956388e-17
    outer loop
      vertex 0.5584507176489608 1.5343307366187486 14.768335416590908
      vertex 0.7425101697444916 1.4629782363772392 15.700000000000003
      vertex 0.5449401661753654 1.5395682379603386 15.700000000000003
    endloop
  endfacet
  facet normal -0.3614508280682787 -0.9323911726784825 3.876583939202169e-16
    outer loop
      vertex 0.6647765041277094 1.493112474698323 14.759724768490344
      vertex 0.7425101697444916 1.4629782363772392 15.700000000000003
      vertex 0.6115873417057488 1.5137317891717188 14.76933994500341
    endloop
  endfacet
  facet normal -0.3614508280682734 -0.9323911726784844 1.0018737165991085e-19
    outer loop
      vertex 0.7181483583335094 1.4724223379150592 14.739431143393716
      vertex 0.7425101697444916 1.4629782363772392 14.725320168163492
      vertex 0.7425101697444916 1.4629782363772392 15.700000000000003
    endloop
  endfacet
  facet normal -0.3614508280682752 -0.9323911726784838 5.158516694228537e-17
    outer loop
      vertex 0.6647765041277094 1.493112474698323 14.759724768490344
      vertex 0.7181483583335094 1.4724223379150592 14.739431143393716
      vertex 0.7425101697444916 1.4629782363772392 15.700000000000003
    endloop
  endfacet
  facet normal -0.5311822522556817 -0.847257584733581 0
    outer loop
      vertex 0.7764564529061317 1.445951521396637 14.72278345515712
      vertex 0.8193092542722678 1.4190852555109357 14.737305395269601
      vertex 0.7764564529061317 1.445951521396637 15.700000000000003
    endloop
  endfacet
  facet normal -0.44834178103464173 -0.8938622082730008 -1.0387856537965594e-16
    outer loop
      vertex 0.7425101697444916 1.4629782363772392 14.725320168163492
      vertex 0.7704325890853551 1.448972960058123 14.724265446156167
      vertex 0.7764564529061317 1.445951521396637 15.700000000000003
    endloop
  endfacet
  facet normal -0.4483417810346553 -0.893862208272994 1.9245239910842115e-19
    outer loop
      vertex 0.7704325890853551 1.448972960058123 14.724265446156167
      vertex 0.7764564529061317 1.445951521396637 14.72278345515712
      vertex 0.7764564529061317 1.445951521396637 15.700000000000003
    endloop
  endfacet
  facet normal -0.53118225225568 -0.847257584733582 1.0117133134167491e-16
    outer loop
      vertex 0.8193092542722678 1.4190852555109357 14.737305395269601
      vertex 0.8677613947100169 1.3887085229232599 14.743083864635217
      vertex 0.7764564529061317 1.445951521396637 15.700000000000003
    endloop
  endfacet
  facet normal -0.44834178103464406 -0.8938622082729994 0
    outer loop
      vertex 0.7425101697444916 1.4629782363772392 14.725320168163492
      vertex 0.7764564529061317 1.445951521396637 15.700000000000003
      vertex 0.7425101697444916 1.4629782363772392 15.700000000000003
    endloop
  endfacet
  facet normal -0.977987104230628 -0.2086653396196665 3.2695546608219826e-16
    outer loop
      vertex 1.5086696743079577 0.3206776386667316 15.250633327887257
      vertex 1.4727874174714088 0.4888530746102333 15.700000000000003
      vertex 1.4974310712810646 0.3733514983978324 15.245840458761215
    endloop
  endfacet
  facet normal -0.9996762883348433 0.02544245548431226 3.060011680656607e-20
    outer loop
      vertex 1.5442174480279527 0 15.240802467366414
      vertex 1.5445152595639229 0.011701509356498718 15.700000000000003
      vertex 1.5445152595639229 0.011701509356498718 15.238124670984732
    endloop
  endfacet
  facet normal -0.999297738272925 -0.03747039207983957 0
    outer loop
      vertex 1.5445152595639229 0.011701509356498718 15.238124670984732
      vertex 1.5445152595639229 0.011701509356498718 15.700000000000003
      vertex 1.543572761118412 0.03683699667453766 15.240811506428471
    endloop
  endfacet
  facet normal -0.9949637932309698 -0.10023497473157765 1.2159077789747266e-21
    outer loop
      vertex 1.541859544535899 0.05384292174338926 15.248365888730063
      vertex 1.543572761118412 0.03683699667453766 15.240811506428471
      vertex 1.543572761118412 0.03683699667453766 15.700000000000003
    endloop
  endfacet
  facet normal -0.9949637932309691 -0.10023497473158509 -2.8332532834356783e-16
    outer loop
      vertex 1.541859544535899 0.05384292174338926 15.248365888730063
      vertex 1.543572761118412 0.03683699667453766 15.700000000000003
      vertex 1.5364600744924464 0.10743975468774532 15.26216615551106
    endloop
  endfacet
  facet normal -0.9949637932309695 -0.10023497473158069 4.360069112286024e-16
    outer loop
      vertex 1.5364600744924464 0.10743975468774532 15.26216615551106
      vertex 1.543572761118412 0.03683699667453766 15.700000000000003
      vertex 1.5310721315987892 0.16092216552827987 15.265932999169053
    endloop
  endfacet
  facet normal -0.9949637932309694 -0.10023497473158213 7.164445643775124e-17
    outer loop
      vertex 1.5310721315987892 0.16092216552827987 15.265932999169053
      vertex 1.5217227563261986 0.2537269964814186 15.700000000000003
      vertex 1.5256825642648317 0.21442070107266442 15.25968941027152
    endloop
  endfacet
  facet normal -0.9879640971314574 -0.1546833629684339 2.412078521355203e-19
    outer loop
      vertex 1.519499225226253 0.26792871057299694 15.247616124922686
      vertex 1.5217227563261986 0.2537269964814186 15.247752055261913
      vertex 1.5217227563261986 0.2537269964814186 15.700000000000003
    endloop
  endfacet
  facet normal -0.9949637932309695 -0.10023497473158134 0
    outer loop
      vertex 1.5217227563261986 0.2537269964814186 15.247752055261913
      vertex 1.5256825642648317 0.21442070107266442 15.25968941027152
      vertex 1.5217227563261986 0.2537269964814186 15.700000000000003
    endloop
  endfacet
  facet normal -0.9879640971314556 -0.1546833629684457 2.421892893258999e-19
    outer loop
      vertex 1.519499225226253 0.26792871057299694 15.247616124922686
      vertex 1.5183274149894714 0.27541307359933853 15.700000000000003
      vertex 1.5183274149894714 0.27541307359933853 15.24613421034595
    endloop
  endfacet
  facet normal -0.9779871042306286 -0.20866533961966338 0
    outer loop
      vertex 1.5183274149894714 0.27541307359933853 15.24613421034595
      vertex 1.5183274149894714 0.27541307359933853 15.700000000000003
      vertex 1.5086696743079577 0.3206776386667316 15.250633327887257
    endloop
  endfacet
  facet normal -0.9992977382729248 -0.03747039207983957 0
    outer loop
      vertex 1.543572761118412 0.03683699667453766 15.240811506428471
      vertex 1.5445152595639229 0.011701509356498718 15.700000000000003
      vertex 1.543572761118412 0.03683699667453766 15.700000000000003
    endloop
  endfacet
  facet normal -0.9949637932309693 -0.10023497473158202 4.896931885617911e-17
    outer loop
      vertex 1.5310721315987892 0.16092216552827987 15.265932999169053
      vertex 1.543572761118412 0.03683699667453766 15.700000000000003
      vertex 1.5217227563261986 0.2537269964814186 15.700000000000003
    endloop
  endfacet
  facet normal -0.9879640971314567 -0.15468336296843796 -1.308002138236813e-16
    outer loop
      vertex 1.519499225226253 0.26792871057299694 15.247616124922686
      vertex 1.5217227563261986 0.2537269964814186 15.700000000000003
      vertex 1.5183274149894714 0.27541307359933853 15.700000000000003
    endloop
  endfacet
  facet normal -0.9779871042306284 -0.20866533961966516 -1.8671287569665961e-16
    outer loop
      vertex 1.5086696743079577 0.3206776386667316 15.250633327887257
      vertex 1.5183274149894714 0.27541307359933853 15.700000000000003
      vertex 1.4727874174714088 0.4888530746102333 15.700000000000003
    endloop
  endfacet
  facet normal -0.9512984019433242 -0.30827155311523274 0
    outer loop
      vertex 1.4674496799707413 0.5087743103504181 15.191942554056169
      vertex 1.4674496799707413 0.5087743103504181 15.700000000000003
      vertex 1.4601063264214258 0.5314352416811704 15.189625285084801
    endloop
  endfacet
  facet normal -0.9779871042306267 -0.20866533961967204 5.144903390230576e-21
    outer loop
      vertex 1.4748456515686672 0.47920640109811413 15.205989869871388
      vertex 1.4727874174714088 0.4888530746102333 15.700000000000003
      vertex 1.4727874174714088 0.4888530746102333 15.199617646865555
    endloop
  endfacet
  facet normal -0.9659275418483343 -0.25881264246329705 0
    outer loop
      vertex 1.4727874174714088 0.4888530746102333 15.199617646865555
      vertex 1.4727874174714088 0.4888530746102333 15.700000000000003
      vertex 1.4674496799707413 0.5087743103504181 15.191942554056169
    endloop
  endfacet
  facet normal -0.977987104230628 -0.2086653396196668 4.1352296472536653e-16
    outer loop
      vertex 1.4974310712810646 0.3733514983978324 15.245840458761215
      vertex 1.4727874174714088 0.4888530746102333 15.700000000000003
      vertex 1.4861656317358882 0.42615113737358973 15.230989610276303
    endloop
  endfacet
  facet normal -0.977987104230629 -0.20866533961966247 -1.9476903543490124e-16
    outer loop
      vertex 1.4861656317358882 0.42615113737358973 15.230989610276303
      vertex 1.4727874174714088 0.4888530746102333 15.700000000000003
      vertex 1.4748456515686672 0.47920640109811413 15.205989869871388
    endloop
  endfacet
  facet normal -0.9512984019433224 -0.30827155311523824 5.332808844290821e-16
    outer loop
      vertex 1.4433478541570344 0.5831503860823389 15.174221282844897
      vertex 1.4601063264214258 0.5314352416811704 15.189625285084801
      vertex 1.4005196765065193 0.7153143063187599 15.700000000000003
    endloop
  endfacet
  facet normal -0.9051104883240801 -0.42517643858255516 4.175475482770589e-17
    outer loop
      vertex 1.3908827250952025 0.739545463268139 15.0751694167025
      vertex 1.391282096505165 0.7386952862143517 15.700000000000003
      vertex 1.3674245545122972 0.7894829346441791 15.055468443904601
    endloop
  endfacet
  facet normal -0.9051104883240816 -0.42517643858255183 -5.585390707850677e-16
    outer loop
      vertex 1.30020210146904 0.932585284113884 15.700000000000003
      vertex 1.3438272971627228 0.8397164922561338 15.025353590949031
      vertex 1.3674245545122972 0.7894829346441791 15.055468443904601
    endloop
  endfacet
  facet normal -0.9051104883240806 -0.4251764385825544 1.2077940367880148e-16
    outer loop
      vertex 1.30020210146904 0.932585284113884 15.700000000000003
      vertex 1.3674245545122972 0.7894829346441791 15.055468443904601
      vertex 1.391282096505165 0.7386952862143517 15.700000000000003
    endloop
  endfacet
  facet normal -0.9512984019433234 -0.30827155311523535 -1.7276368422613253e-16
    outer loop
      vertex 1.4265064102277332 0.6351215736098931 15.148594094187565
      vertex 1.4005196765065193 0.7153143063187599 15.700000000000003
      vertex 1.4095399448894095 0.6874785660078934 15.112585872449941
    endloop
  endfacet
  facet normal -0.9512984019433229 -0.30827155311523624 -5.4118497181283685e-18
    outer loop
      vertex 1.4433478541570344 0.5831503860823389 15.174221282844897
      vertex 1.4005196765065193 0.7153143063187599 15.700000000000003
      vertex 1.4265064102277332 0.6351215736098931 15.148594094187565
    endloop
  endfacet
  facet normal -0.9512984019433223 -0.3082715531152386 -1.1436893744429701e-18
    outer loop
      vertex 1.4095399448894095 0.6874785660078934 15.112585872449941
      vertex 1.4005196765065193 0.7153143063187599 15.700000000000003
      vertex 1.4005196765065193 0.7153143063187599 15.08804736284403
    endloop
  endfacet
  facet normal -0.9300431586014277 -0.3674503002294046 0
    outer loop
      vertex 1.391282096505165 0.7386952862143517 15.075330141207026
      vertex 1.4005196765065193 0.7153143063187599 15.08804736284403
      vertex 1.4005196765065193 0.7153143063187599 15.700000000000003
    endloop
  endfacet
  facet normal -0.9051104883240683 -0.42517643858258025 0
    outer loop
      vertex 1.391282096505165 0.7386952862143517 15.075330141207026
      vertex 1.391282096505165 0.7386952862143517 15.700000000000003
      vertex 1.3908827250952025 0.739545463268139 15.0751694167025
    endloop
  endfacet
  facet normal -0.9300431586014278 -0.36745030022940467 0
    outer loop
      vertex 1.391282096505165 0.7386952862143517 15.075330141207026
      vertex 1.4005196765065193 0.7153143063187599 15.700000000000003
      vertex 1.391282096505165 0.7386952862143517 15.700000000000003
    endloop
  endfacet
  facet normal -0.9659275418483343 -0.25881264246329705 0
    outer loop
      vertex 1.4674496799707413 0.5087743103504181 15.191942554056169
      vertex 1.4727874174714088 0.4888530746102333 15.700000000000003
      vertex 1.4674496799707413 0.5087743103504181 15.700000000000003
    endloop
  endfacet
  facet normal -0.9512984019433229 -0.30827155311523646 -1.827647257962526e-16
    outer loop
      vertex 1.4601063264214258 0.5314352416811704 15.189625285084801
      vertex 1.4674496799707413 0.5087743103504181 15.700000000000003
      vertex 1.4005196765065193 0.7153143063187599 15.700000000000003
    endloop
  endfacet
  facet normal -0.691547074478294 -0.7223313947077982 1.1812812009452915e-16
    outer loop
      vertex 1.048659068534397 1.2497432123323657 14.775678531482527
      vertex 1.0898048870881651 1.2103509463221316 14.790271523418582
      vertex 0.9860894083976746 1.3096462786197662 15.700000000000003
    endloop
  endfacet
  facet normal -0.6915470744782966 -0.7223313947077957 -4.2567633840442584e-16
    outer loop
      vertex 1.0898048870881651 1.2103509463221316 14.790271523418582
      vertex 1.1308628649566947 1.1710427774027088 14.794254732614469
      vertex 0.9860894083976746 1.3096462786197662 15.700000000000003
    endloop
  endfacet
  facet normal -0.8209719514603857 -0.570968523576673 -1.502161696302799e-16
    outer loop
      vertex 1.2649266215538046 0.9882689880056897 14.915466606430684
      vertex 1.1630843877792358 1.1347037106752396 15.700000000000003
      vertex 1.232809002773884 1.0344495795395965 14.893583210256217
    endloop
  endfacet
  facet normal -0.820971951460386 -0.5709685235766729 -5.58564044689703e-19
    outer loop
      vertex 1.2649266215538046 0.9882689880056897 14.915466606430684
      vertex 1.2833743914961815 0.9617437049746513 14.922029366722931
      vertex 1.2833743914961815 0.9617437049746513 15.700000000000003
    endloop
  endfacet
  facet normal -0.8209719514603855 -0.5709685235766735 -3.4322075370962936e-17
    outer loop
      vertex 1.2649266215538046 0.9882689880056897 14.915466606430684
      vertex 1.2833743914961815 0.9617437049746513 15.700000000000003
      vertex 1.1630843877792358 1.1347037106752396 15.700000000000003
    endloop
  endfacet
  facet normal -0.6915470744782836 -0.7223313947078084 0
    outer loop
      vertex 1.1371994093060493 1.1649762839078903 14.793236101859641
      vertex 1.1371994093060493 1.1649762839078903 15.700000000000003
      vertex 1.1308628649566947 1.1710427774027088 14.794254732614469
    endloop
  endfacet
  facet normal -0.7600368784692815 -0.6498799453488855 0
    outer loop
      vertex 1.1371994093060493 1.1649762839078903 14.793236101859641
      vertex 1.1630843877792358 1.1347037106752396 14.80978609193236
      vertex 1.1630843877792358 1.1347037106752396 15.700000000000003
    endloop
  endfacet
  facet normal -0.8209719514603834 -0.5709685235766765 0
    outer loop
      vertex 1.1630843877792358 1.1347037106752396 14.80978609193236
      vertex 1.1678798720656598 1.127808482776929 14.817706316528543
      vertex 1.1630843877792358 1.1347037106752396 15.700000000000003
    endloop
  endfacet
  facet normal -0.8209719514603846 -0.5709685235766749 1.8837071790027057e-16
    outer loop
      vertex 1.2004872978330505 1.0809236180970643 14.861063527139471
      vertex 1.232809002773884 1.0344495795395965 14.893583210256217
      vertex 1.1630843877792358 1.1347037106752396 15.700000000000003
    endloop
  endfacet
  facet normal -0.8209719514603863 -0.5709685235766725 -4.527564759870742e-17
    outer loop
      vertex 1.2004872978330505 1.0809236180970643 14.861063527139471
      vertex 1.1630843877792358 1.1347037106752396 15.700000000000003
      vertex 1.1678798720656598 1.127808482776929 14.817706316528543
    endloop
  endfacet
  facet normal -0.7600368784692815 -0.6498799453488855 0
    outer loop
      vertex 1.1371994093060493 1.1649762839078903 14.793236101859641
      vertex 1.1630843877792358 1.1347037106752396 15.700000000000003
      vertex 1.1371994093060493 1.1649762839078903 15.700000000000003
    endloop
  endfacet
  facet normal -0.6915470744782946 -0.7223313947077976 1.5063446130946989e-16
    outer loop
      vertex 1.1308628649566947 1.1710427774027088 14.794254732614469
      vertex 1.1371994093060493 1.1649762839078903 15.700000000000003
      vertex 0.9860894083976746 1.3096462786197662 15.700000000000003
    endloop
  endfacet
  facet normal -0.6145473557928829 -0.7888799322380915 -3.468232916530152e-19
    outer loop
      vertex 0.9640102224060043 1.3268462412690194 14.729552260276812
      vertex 0.9540164470672607 1.3346315175294876 15.700000000000003
      vertex 0.9540164470672607 1.3346315175294876 14.726110868762753
    endloop
  endfacet
  facet normal -0.5311822522556806 -0.8472575847335819 9.422763189157232e-17
    outer loop
      vertex 0.8677613947100169 1.3887085229232599 14.743083864635217
      vertex 0.9162084933476612 1.358334951257107 14.738214828015522
      vertex 0.9540164470672607 1.3346315175294876 15.700000000000003
    endloop
  endfacet
  facet normal -0.5311822522556788 -0.8472575847335829 1.189402124745137e-18
    outer loop
      vertex 0.9162084933476612 1.358334951257107 14.738214828015522
      vertex 0.9540164470672607 1.3346315175294876 14.726110868762753
      vertex 0.9540164470672607 1.3346315175294876 15.700000000000003
    endloop
  endfacet
  facet normal -0.6145473557928921 -0.7888799322380843 5.159314481909418e-19
    outer loop
      vertex 0.9640102224060043 1.3268462412690194 14.729552260276812
      vertex 0.9860894083976746 1.3096462786197662 14.731946956637366
      vertex 0.9860894083976746 1.3096462786197662 15.700000000000003
    endloop
  endfacet
  facet normal -0.6915470744782956 -0.7223313947077967 0
    outer loop
      vertex 0.9860894083976746 1.3096462786197662 14.731946956637366
      vertex 1.0073243299299488 1.289316346998338 14.750386460736202
      vertex 0.9860894083976746 1.3096462786197662 15.700000000000003
    endloop
  endfacet
  facet normal -0.6915470744782947 -0.7223313947077975 3.80973555981437e-17
    outer loop
      vertex 1.048659068534397 1.2497432123323657 14.775678531482527
      vertex 0.9860894083976746 1.3096462786197662 15.700000000000003
      vertex 1.0073243299299488 1.289316346998338 14.750386460736202
    endloop
  endfacet
  facet normal -0.5311822522556804 -0.8472575847335819 6.353604097520652e-17
    outer loop
      vertex 0.8677613947100169 1.3887085229232599 14.743083864635217
      vertex 0.9540164470672607 1.3346315175294876 15.700000000000003
      vertex 0.7764564529061317 1.445951521396637 15.700000000000003
    endloop
  endfacet
  facet normal -0.6145473557928892 -0.7888799322380865 -1.0596015306552907e-16
    outer loop
      vertex 0.9640102224060043 1.3268462412690194 14.729552260276812
      vertex 0.9860894083976746 1.3096462786197662 15.700000000000003
      vertex 0.9540164470672607 1.3346315175294876 15.700000000000003
    endloop
  endfacet
  facet normal -0.9051104883240804 -0.4251764385825548 -5.828300379374095e-17
    outer loop
      vertex 1.320031574834734 0.8903725397269492 14.98463878164496
      vertex 1.3438272971627228 0.8397164922561338 15.025353590949031
      vertex 1.30020210146904 0.932585284113884 15.700000000000003
    endloop
  endfacet
  facet normal -0.8661142949824812 -0.4998460043123278 0
    outer loop
      vertex 1.2833743914961815 0.9617437049746513 14.922029366722931
      vertex 1.295295496303337 0.941087264398185 14.93755643412964
      vertex 1.2833743914961815 0.9617437049746513 15.700000000000003
    endloop
  endfacet
  facet normal -0.9051104883240799 -0.42517643858255566 -1.1064144580442494e-18
    outer loop
      vertex 1.320031574834734 0.8903725397269492 14.98463878164496
      vertex 1.30020210146904 0.932585284113884 15.700000000000003
      vertex 1.30020210146904 0.932585284113884 14.942129514861108
    endloop
  endfacet
  facet normal -0.8661142949824734 -0.49984600431234116 0
    outer loop
      vertex 1.30020210146904 0.932585284113884 14.942129514861108
      vertex 1.30020210146904 0.932585284113884 15.700000000000003
      vertex 1.295295496303337 0.941087264398185 14.93755643412964
    endloop
  endfacet
  facet normal -0.8661142949824788 -0.4998460043123317 1.4070543156291335e-16
    outer loop
      vertex 1.295295496303337 0.941087264398185 14.93755643412964
      vertex 1.30020210146904 0.932585284113884 15.700000000000003
      vertex 1.2833743914961815 0.9617437049746513 15.700000000000003
    endloop
  endfacet
  facet normal 0 0 1
    outer loop
      vertex -1.820741590326011 -1.3365353620879046 15.700000000000003
      vertex -1.7799586703178252 -1.3906561248953258 15.700000000000003
      vertex -1.7337817177176476 -1.2586684972047806 15.700000000000003
    endloop
  endfacet
  facet normal 0.667083442299448 -0.7449830071954117 -2.1566299088180426e-17
    outer loop
      vertex -1.820741590326011 -1.3365353620879046 15.700000000000003
      vertex -1.7337817177176476 -1.2586684972047806 15.700000000000003
      vertex -1.776786391696078 -1.2971763633915485 16
    endloop
  endfacet
  facet normal 0.6655218472294857 -0.7463783697698193 0
    outer loop
      vertex -1.732841968536377 -1.2578305527567863 15.700000000000003
      vertex -1.732841968536377 -1.2578305527567863 16
      vertex -1.7337817177176476 -1.2586684972047806 15.700000000000003
    endloop
  endfacet
  facet normal 0.6623763241700299 -0.7491712789335957 0
    outer loop
      vertex -1.7306424528360367 -1.2558811455965042 15.700000000000003
      vertex -1.7306424528360367 -1.2558811455965042 16
      vertex -1.7315862625837326 -1.2567156106233597 15.700000000000003
    endloop
  endfacet
  facet normal 0.6639509277779735 -0.7477761466527053 0
    outer loop
      vertex -1.732841968536377 -1.2578305527567863 15.700000000000003
      vertex -1.7315862625837326 -1.2567156106233597 15.700000000000003
      vertex -1.7315862625837326 -1.2567156106233597 16
    endloop
  endfacet
  facet normal 0.6670834422994483 -0.7449830071954117 0
    outer loop
      vertex -1.7337817177176476 -1.2586684972047806 15.700000000000003
      vertex -1.7337817177176476 -1.2586684972047806 16
      vertex -1.776786391696078 -1.2971763633915485 16
    endloop
  endfacet
  facet normal 0.6639509277779735 -0.7477761466527053 0
    outer loop
      vertex -1.732841968536377 -1.2578305527567863 15.700000000000003
      vertex -1.7315862625837326 -1.2567156106233597 16
      vertex -1.732841968536377 -1.2578305527567863 16
    endloop
  endfacet
  facet normal 0.6655218472294857 -0.7463783697698193 0
    outer loop
      vertex -1.7337817177176476 -1.2586684972047806 15.700000000000003
      vertex -1.732841968536377 -1.2578305527567863 16
      vertex -1.7337817177176476 -1.2586684972047806 16
    endloop
  endfacet
  facet normal 0.6623763241700299 -0.7491712789335957 0
    outer loop
      vertex -1.7315862625837326 -1.2567156106233597 15.700000000000003
      vertex -1.7306424528360367 -1.2558811455965042 16
      vertex -1.7315862625837326 -1.2567156106233597 16
    endloop
  endfacet
  facet normal 0.9661995769658449 0.25779522391041676 0
    outer loop
      vertex -1.6995697915554047 -0.7098776176571846 15.700000000000003
      vertex -1.7552297860383987 -0.5012676119804382 15.700000000000003
      vertex -1.7552297860383987 -0.5012676119804382 16
    endloop
  endfacet
  facet normal 0.9661995769658449 0.25779522391041676 0
    outer loop
      vertex -1.6995697915554047 -0.7098776176571846 15.700000000000003
      vertex -1.7552297860383987 -0.5012676119804382 16
      vertex -1.6995697915554047 -0.7098776176571846 16
    endloop
  endfacet
  facet normal 0.9811646471731671 0.19317332926041972 0
    outer loop
      vertex -1.759719304740429 -0.4818810448050499 15.700000000000003
      vertex -1.7648419290781021 -0.45586224645376205 15.700000000000003
      vertex -1.7648419290781021 -0.45586224645376205 16
    endloop
  endfacet
  facet normal 0.9870317091580361 0.16052540333718526 0
    outer loop
      vertex -1.7648419290781021 -0.45586224645376205 15.700000000000003
      vertex -1.7680363357067108 -0.43622061610221863 15.700000000000003
      vertex -1.7680363357067108 -0.43622061610221863 16
    endloop
  endfacet
  facet normal 0.9742180953949747 0.22560829462807414 0
    outer loop
      vertex -1.7552297860383987 -0.5012676119804382 15.700000000000003
      vertex -1.759719304740429 -0.4818810448050499 15.700000000000003
      vertex -1.759719304740429 -0.4818810448050499 16
    endloop
  endfacet
  facet normal 0.9811646471731671 0.19317332926041972 0
    outer loop
      vertex -1.759719304740429 -0.4818810448050499 15.700000000000003
      vertex -1.7648419290781021 -0.45586224645376205 16
      vertex -1.759719304740429 -0.4818810448050499 16
    endloop
  endfacet
  facet normal 0.9870317091580361 0.16052540333718526 0
    outer loop
      vertex -1.7648419290781021 -0.45586224645376205 15.700000000000003
      vertex -1.7680363357067108 -0.43622061610221863 16
      vertex -1.7648419290781021 -0.45586224645376205 16
    endloop
  endfacet
  facet normal 0.9742180953949747 0.22560829462807414 0
    outer loop
      vertex -1.7552297860383987 -0.5012676119804382 15.700000000000003
      vertex -1.759719304740429 -0.4818810448050499 16
      vertex -1.7552297860383987 -0.5012676119804382 16
    endloop
  endfacet
  facet normal 0.9918126819881031 0.1277012288412529 0
    outer loop
      vertex -1.7680363357067108 -0.43622061610221863 15.700000000000003
      vertex -1.7956363409757614 -0.2218606173992157 16
      vertex -1.7680363357067108 -0.43622061610221863 16
    endloop
  endfacet
  facet normal 0.9918126819881031 0.1277012288412529 0
    outer loop
      vertex -1.7680363357067108 -0.43622061610221863 15.700000000000003
      vertex -1.7956363409757614 -0.2218606173992157 15.700000000000003
      vertex -1.7956363409757614 -0.2218606173992157 16
    endloop
  endfacet
  facet normal 0.9957160629717319 0.09246362495637979 0
    outer loop
      vertex -1.7956363409757614 -0.2218606173992157 15.700000000000003
      vertex -1.7976029217243195 -0.20068303495645523 16
      vertex -1.7956363409757614 -0.2218606173992157 16
    endloop
  endfacet
  facet normal 0.9957160629717319 0.09246362495637979 0
    outer loop
      vertex -1.7956363409757614 -0.2218606173992157 15.700000000000003
      vertex -1.7976029217243195 -0.20068303495645523 15.700000000000003
      vertex -1.7976029217243195 -0.20068303495645523 16
    endloop
  endfacet
  facet normal 0.9983679323370049 0.057109295925736055 0
    outer loop
      vertex -1.7976029217243195 -0.20068303495645523 15.700000000000003
      vertex -1.7992214262485504 -0.17238881438970566 15.700000000000003
      vertex -1.7992214262485504 -0.17238881438970566 16
    endloop
  endfacet
  facet normal 0.9997648904143273 0.021683263011551275 0
    outer loop
      vertex -1.7992214262485504 -0.17238881438970566 15.700000000000003
      vertex -1.7996826022863388 -0.15112505853176117 15.700000000000003
      vertex -1.7996826022863388 -0.15112505853176117 16
    endloop
  endfacet
  facet normal 0.9983679323370049 0.057109295925736055 0
    outer loop
      vertex -1.7976029217243195 -0.20068303495645523 15.700000000000003
      vertex -1.7992214262485504 -0.17238881438970566 16
      vertex -1.7976029217243195 -0.20068303495645523 16
    endloop
  endfacet
  facet normal 0.9997648904143273 0.021683263011551275 0
    outer loop
      vertex -1.7992214262485504 -0.17238881438970566 15.700000000000003
      vertex -1.7996826022863388 -0.15112505853176117 16
      vertex -1.7992214262485504 -0.17238881438970566 16
    endloop
  endfacet
  facet normal 0.9999051906994211 -0.013769880622384807 0
    outer loop
      vertex -1.7996826022863388 -0.15112505853176117 15.700000000000003
      vertex -1.7966926023364067 0.06599494069814682 15.700000000000003
      vertex -1.7966926023364067 0.06599494069814682 16
    endloop
  endfacet
  facet normal 0.9999051906994211 -0.013769880622384807 0
    outer loop
      vertex -1.7996826022863388 -0.15112505853176117 15.700000000000003
      vertex -1.7966926023364067 0.06599494069814682 16
      vertex -1.7996826022863388 -0.15112505853176117 16
    endloop
  endfacet
  facet normal 0 0 1
    outer loop
      vertex -1.6786155129939735 -1.511432196720867 15.700000000000003
      vertex -1.6275269026436954 -1.5662180238991483 15.700000000000003
      vertex -1.5336566865444183 -1.4821633994579315 15.700000000000003
    endloop
  endfacet
  facet normal 0 0 1
    outer loop
      vertex -1.7799586703178252 -1.3906561248953258 15.700000000000003
      vertex -1.7303411687436443 -1.4519286365036554 15.700000000000003
      vertex -1.5336566865444183 -1.4821633994579315 15.700000000000003
    endloop
  endfacet
  facet normal 0 0 1
    outer loop
      vertex -1.6786155129939735 -1.511432196720867 15.700000000000003
      vertex -1.5336566865444183 -1.4821633994579315 15.700000000000003
      vertex -1.7303411687436443 -1.4519286365036554 15.700000000000003
    endloop
  endfacet
  facet normal 0 0 1
    outer loop
      vertex -1.7799586703178252 -1.3906561248953258 15.700000000000003
      vertex -1.5336566865444183 -1.4821633994579315 15.700000000000003
      vertex -1.7337817177176476 -1.2586684972047806 15.700000000000003
    endloop
  endfacet
  facet normal 0 0 1
    outer loop
      vertex -1.3925362825393677 -1.3579089865088463 15.700000000000003
      vertex -1.732841968536377 -1.2578305527567863 15.700000000000003
      vertex -1.7337817177176476 -1.2586684972047806 15.700000000000003
    endloop
  endfacet
  facet normal 0 0 1
    outer loop
      vertex -1.3925362825393677 -1.3579089865088463 15.700000000000003
      vertex -1.7315862625837326 -1.2567156106233597 15.700000000000003
      vertex -1.732841968536377 -1.2578305527567863 15.700000000000003
    endloop
  endfacet
  facet normal 0 0 1
    outer loop
      vertex -1.3925362825393677 -1.3579089865088463 15.700000000000003
      vertex -1.7306424528360367 -1.2558811455965042 15.700000000000003
      vertex -1.7315862625837326 -1.2567156106233597 15.700000000000003
    endloop
  endfacet
  facet normal 0 0 1
    outer loop
      vertex -1.5336566865444183 -1.4821633994579315 15.700000000000003
      vertex -1.532400980591774 -1.4810484573245049 15.700000000000003
      vertex -1.7337817177176476 -1.2586684972047806 15.700000000000003
    endloop
  endfacet
  facet normal 0 0 1
    outer loop
      vertex -1.532400980591774 -1.4810484573245049 15.700000000000003
      vertex -1.3925362825393677 -1.3579089865088463 15.700000000000003
      vertex -1.7337817177176476 -1.2586684972047806 15.700000000000003
    endloop
  endfacet
  facet normal 0 0 1
    outer loop
      vertex -1.3925362825393677 -1.3579089865088463 15.700000000000003
      vertex -1.6117857173085213 -1.1512374728918076 15.700000000000003
      vertex -1.7306424528360367 -1.2558811455965042 15.700000000000003
    endloop
  endfacet
  facet normal 0 0 1
    outer loop
      vertex -1.6117857173085213 -1.1512374728918076 15.700000000000003
      vertex -1.3094188645482063 -1.2514403089880943 15.700000000000003
      vertex -1.5807802304625511 -1.1115212142467499 15.700000000000003
    endloop
  endfacet
  facet normal 0.6608049127068789 -0.7505577042056487 0
    outer loop
      vertex -1.7306424528360367 -1.2558811455965042 15.700000000000003
      vertex -1.6117857173085213 -1.1512374728918076 15.700000000000003
      vertex -1.6117857173085213 -1.1512374728918076 16
    endloop
  endfacet
  facet normal 0.6608049127068789 -0.7505577042056487 0
    outer loop
      vertex -1.7306424528360367 -1.2558811455965042 15.700000000000003
      vertex -1.6117857173085213 -1.1512374728918076 16
      vertex -1.7306424528360367 -1.2558811455965042 16
    endloop
  endfacet
  facet normal 0.7882442421167908 -0.6153625067955687 0
    outer loop
      vertex -1.6117857173085213 -1.1512374728918076 15.700000000000003
      vertex -1.5807802304625511 -1.1115212142467499 16
      vertex -1.6117857173085213 -1.1512374728918076 16
    endloop
  endfacet
  facet normal 0.7882442421167908 -0.6153625067955687 0
    outer loop
      vertex -1.6117857173085213 -1.1512374728918076 15.700000000000003
      vertex -1.5807802304625511 -1.1115212142467499 15.700000000000003
      vertex -1.5807802304625511 -1.1115212142467499 16
    endloop
  endfacet
  facet normal 0.9977097006559954 0.06764135729658172 0
    outer loop
      vertex -1.5807802304625511 -1.1115212142467499 15.700000000000003
      vertex -1.5835408866405487 -1.0708015486598015 15.700000000000003
      vertex -1.5835408866405487 -1.0708015486598015 16
    endloop
  endfacet
  facet normal 0.9977097006559954 0.06764135729658172 0
    outer loop
      vertex -1.5807802304625511 -1.1115212142467499 15.700000000000003
      vertex -1.5835408866405487 -1.0708015486598015 16
      vertex -1.5807802304625511 -1.1115212142467499 16
    endloop
  endfacet
  facet normal 0 0 1
    outer loop
      vertex -1.5835408866405487 -1.0708015486598015 15.700000000000003
      vertex -1.3369532823562622 -0.8449804857373238 15.700000000000003
      vertex -1.6229031383991241 -0.9360014349222183 15.700000000000003
    endloop
  endfacet
  facet normal 0.9599127612928762 0.2802989309774224 0
    outer loop
      vertex -1.5835408866405487 -1.0708015486598015 15.700000000000003
      vertex -1.6229031383991241 -0.9360014349222183 15.700000000000003
      vertex -1.6229031383991241 -0.9360014349222183 16
    endloop
  endfacet
  facet normal 0.945316117119794 0.3261555437418718 0
    outer loop
      vertex -1.6891280710697174 -0.7440577521920204 16
      vertex -1.6229031383991241 -0.9360014349222183 16
      vertex -1.6229031383991241 -0.9360014349222183 15.700000000000003
    endloop
  endfacet
  facet normal 0.9599127612928762 0.2802989309774224 0
    outer loop
      vertex -1.5835408866405487 -1.0708015486598015 15.700000000000003
      vertex -1.6229031383991241 -0.9360014349222183 16
      vertex -1.5835408866405487 -1.0708015486598015 16
    endloop
  endfacet
  facet normal 0 0 1
    outer loop
      vertex -1.3925362825393677 -1.3579089865088463 15.700000000000003
      vertex -1.3094188645482063 -1.2514403089880943 15.700000000000003
      vertex -1.6117857173085213 -1.1512374728918076 15.700000000000003
    endloop
  endfacet
  facet normal 0 0 1
    outer loop
      vertex -1.5807802304625511 -1.1115212142467499 15.700000000000003
      vertex -1.3094188645482063 -1.2514403089880943 15.700000000000003
      vertex -1.2775491774082184 -1.1490214839577675 15.700000000000003
    endloop
  endfacet
  facet normal 0 0 1
    outer loop
      vertex -1.5807802304625511 -1.1115212142467499 15.700000000000003
      vertex -1.2775491774082184 -1.1490214839577675 15.700000000000003
      vertex -1.2864323481917381 -1.0179946348071098 15.700000000000003
    endloop
  endfacet
  facet normal 0 0 1
    outer loop
      vertex -1.5807802304625511 -1.1115212142467499 15.700000000000003
      vertex -1.2864323481917381 -1.0179946348071098 15.700000000000003
      vertex -1.5835408866405487 -1.0708015486598015 15.700000000000003
    endloop
  endfacet
  facet normal 0 0 1
    outer loop
      vertex -1.5835408866405487 -1.0708015486598015 15.700000000000003
      vertex -1.2864323481917381 -1.0179946348071098 15.700000000000003
      vertex -1.3369532823562622 -0.8449804857373238 15.700000000000003
    endloop
  endfacet
  facet normal 0 0 1
    outer loop
      vertex -1.6891280710697174 -0.7440577521920204 15.700000000000003
      vertex -1.6229031383991241 -0.9360014349222183 15.700000000000003
      vertex -1.4055332317948341 -0.6462110951542854 15.700000000000003
    endloop
  endfacet
  facet normal 0 0 1
    outer loop
      vertex -1.6891280710697174 -0.7440577521920204 15.700000000000003
      vertex -1.4055332317948341 -0.6462110951542854 15.700000000000003
      vertex -1.6924438998103142 -0.7338596507906914 15.700000000000003
    endloop
  endfacet
  facet normal 0 0 1
    outer loop
      vertex -1.6924438998103142 -0.7338596507906914 15.700000000000003
      vertex -1.4055332317948341 -0.6462110951542854 15.700000000000003
      vertex -1.6966205835342407 -0.7201876044273376 15.700000000000003
    endloop
  endfacet
  facet normal 0 0 1
    outer loop
      vertex -1.6995697915554047 -0.7098776176571846 15.700000000000003
      vertex -1.6966205835342407 -0.7201876044273376 15.700000000000003
      vertex -1.4055332317948341 -0.6462110951542854 15.700000000000003
    endloop
  endfacet
  facet normal 0 0 1
    outer loop
      vertex -1.6995697915554047 -0.7098776176571846 15.700000000000003
      vertex -1.4055332317948341 -0.6462110951542854 15.700000000000003
      vertex -1.4097099155187607 -0.6325390487909317 15.700000000000003
    endloop
  endfacet
  facet normal 0.945316117119794 0.3261555437418718 0
    outer loop
      vertex -1.6891280710697174 -0.7440577521920204 15.700000000000003
      vertex -1.6891280710697174 -0.7440577521920204 16
      vertex -1.6229031383991241 -0.9360014349222183 15.700000000000003
    endloop
  endfacet
  facet normal 0.9563688894596118 0.29216185116094306 0
    outer loop
      vertex -1.6924438998103142 -0.7338596507906914 15.700000000000003
      vertex -1.6966205835342407 -0.7201876044273376 15.700000000000003
      vertex -1.6966205835342407 -0.7201876044273376 16
    endloop
  endfacet
  facet normal 0.9509944296493464 0.3092080121470245 0
    outer loop
      vertex -1.6891280710697174 -0.7440577521920204 15.700000000000003
      vertex -1.6924438998103142 -0.7338596507906914 15.700000000000003
      vertex -1.6924438998103142 -0.7338596507906914 16
    endloop
  endfacet
  facet normal 0.9614377464744744 0.27502265298350254 0
    outer loop
      vertex -1.6995697915554047 -0.7098776176571846 15.700000000000003
      vertex -1.6995697915554047 -0.7098776176571846 16
      vertex -1.6966205835342407 -0.7201876044273376 15.700000000000003
    endloop
  endfacet
  facet normal 0.9509944296493464 0.3092080121470245 0
    outer loop
      vertex -1.6891280710697174 -0.7440577521920204 15.700000000000003
      vertex -1.6924438998103142 -0.7338596507906914 16
      vertex -1.6891280710697174 -0.7440577521920204 16
    endloop
  endfacet
  facet normal 0.9563688894596118 0.29216185116094306 0
    outer loop
      vertex -1.6924438998103142 -0.7338596507906914 15.700000000000003
      vertex -1.6966205835342407 -0.7201876044273376 16
      vertex -1.6924438998103142 -0.7338596507906914 16
    endloop
  endfacet
  facet normal 0.9614377464744744 0.27502265298350254 0
    outer loop
      vertex -1.6966205835342407 -0.7201876044273376 15.700000000000003
      vertex -1.6995697915554047 -0.7098776176571846 16
      vertex -1.6966205835342407 -0.7201876044273376 16
    endloop
  endfacet
  facet normal 0 0 1
    outer loop
      vertex -1.6995697915554047 -0.7098776176571846 15.700000000000003
      vertex -1.4653699100017548 -0.42392904311418533 15.700000000000003
      vertex -1.7552297860383987 -0.5012676119804382 15.700000000000003
    endloop
  endfacet
  facet normal 0 0 1
    outer loop
      vertex -1.7552297860383987 -0.5012676119804382 15.700000000000003
      vertex -1.4653699100017548 -0.42392904311418533 15.700000000000003
      vertex -1.759719304740429 -0.4818810448050499 15.700000000000003
    endloop
  endfacet
  facet normal 0 0 1
    outer loop
      vertex -1.759719304740429 -0.4818810448050499 15.700000000000003
      vertex -1.4653699100017548 -0.42392904311418533 15.700000000000003
      vertex -1.7648419290781021 -0.45586224645376205 15.700000000000003
    endloop
  endfacet
  facet normal 0 0 1
    outer loop
      vertex -1.7648419290781021 -0.45586224645376205 15.700000000000003
      vertex -1.4653699100017548 -0.42392904311418533 15.700000000000003
      vertex -1.7680363357067108 -0.43622061610221863 15.700000000000003
    endloop
  endfacet
  facet normal 0 0 1
    outer loop
      vertex -1.6995697915554047 -0.7098776176571846 15.700000000000003
      vertex -1.4097099155187607 -0.6325390487909317 15.700000000000003
      vertex -1.4653699100017548 -0.42392904311418533 15.700000000000003
    endloop
  endfacet
  facet normal 0 0 1
    outer loop
      vertex -1.6229031383991241 -0.9360014349222183 15.700000000000003
      vertex -1.3369532823562622 -0.8449804857373238 15.700000000000003
      vertex -1.4055332317948341 -0.6462110951542854 15.700000000000003
    endloop
  endfacet
  facet normal 0 0 1
    outer loop
      vertex -1.7680363357067108 -0.43622061610221863 15.700000000000003
      vertex -1.4980925396084785 -0.18355024605989456 15.700000000000003
      vertex -1.7956363409757614 -0.2218606173992157 15.700000000000003
    endloop
  endfacet
  facet normal 0 0 1
    outer loop
      vertex -1.7680363357067108 -0.43622061610221863 15.700000000000003
      vertex -1.4653699100017548 -0.42392904311418533 15.700000000000003
      vertex -1.470492534339428 -0.3979102447628975 15.700000000000003
    endloop
  endfacet
  facet normal 0 0 1
    outer loop
      vertex -1.7680363357067108 -0.43622061610221863 15.700000000000003
      vertex -1.470492534339428 -0.3979102447628975 15.700000000000003
      vertex -1.4980925396084785 -0.18355024605989456 15.700000000000003
    endloop
  endfacet
  facet normal 0 0 1
    outer loop
      vertex -1.7956363409757614 -0.2218606173992157 15.700000000000003
      vertex -1.4980925396084785 -0.18355024605989456 15.700000000000003
      vertex -1.7976029217243195 -0.20068303495645523 15.700000000000003
    endloop
  endfacet
  facet normal 0 0 1
    outer loop
      vertex -1.7976029217243195 -0.20068303495645523 15.700000000000003
      vertex -1.4997110441327095 -0.155256025493145 15.700000000000003
      vertex -1.7992214262485504 -0.17238881438970566 15.700000000000003
    endloop
  endfacet
  facet normal 0 0 1
    outer loop
      vertex -1.7992214262485504 -0.17238881438970566 15.700000000000003
      vertex -1.4997110441327095 -0.155256025493145 15.700000000000003
      vertex -1.7996826022863388 -0.15112505853176117 15.700000000000003
    endloop
  endfacet
  facet normal 0 0 1
    outer loop
      vertex -1.7996826022863388 -0.15112505853176117 15.700000000000003
      vertex -1.4967210441827774 0.061863973736763 15.700000000000003
      vertex -1.7966926023364067 0.06599494069814682 15.700000000000003
    endloop
  endfacet
  facet normal 0 0 1
    outer loop
      vertex -1.7976029217243195 -0.20068303495645523 15.700000000000003
      vertex -1.4980925396084785 -0.18355024605989456 15.700000000000003
      vertex -1.4997110441327095 -0.155256025493145 15.700000000000003
    endloop
  endfacet
  facet normal 0 0 1
    outer loop
      vertex -1.7996826022863388 -0.15112505853176117 15.700000000000003
      vertex -1.4997110441327095 -0.155256025493145 15.700000000000003
      vertex -1.4967210441827774 0.061863973736763 15.700000000000003
    endloop
  endfacet
  facet normal 0.9988993141988582 -0.04690586416484045 0
    outer loop
      vertex -1.7966926023364067 0.06599494069814682 15.700000000000003
      vertex -1.7957597374916077 0.08586107194423676 15.700000000000003
      vertex -1.7957597374916077 0.08586107194423676 16
    endloop
  endfacet
  facet normal 0.9967956394049845 -0.07999033231089894 0
    outer loop
      vertex -1.7957597374916077 0.08586107194423676 15.700000000000003
      vertex -1.7936397716403008 0.11227892339229584 15.700000000000003
      vertex -1.7936397716403008 0.11227892339229584 16
    endloop
  endfacet
  facet normal 0.9988993141988582 -0.04690586416484045 0
    outer loop
      vertex -1.7966926023364067 0.06599494069814682 15.700000000000003
      vertex -1.7957597374916077 0.08586107194423676 16
      vertex -1.7966926023364067 0.06599494069814682 16
    endloop
  endfacet
  facet normal 0.9967956394049845 -0.07999033231089894 0
    outer loop
      vertex -1.7957597374916077 0.08586107194423676 15.700000000000003
      vertex -1.7936397716403008 0.11227892339229584 16
      vertex -1.7957597374916077 0.08586107194423676 16
    endloop
  endfacet
  facet normal 0.9935964955413634 -0.11298674279720344 0
    outer loop
      vertex -1.7936397716403008 0.11227892339229584 15.700000000000003
      vertex -1.7913926914334297 0.13203956931829453 15.700000000000003
      vertex -1.7913926914334297 0.13203956931829453 16
    endloop
  endfacet
  facet normal 0.9935964955413634 -0.11298674279720344 0
    outer loop
      vertex -1.7936397716403008 0.11227892339229584 15.700000000000003
      vertex -1.7913926914334297 0.13203956931829453 16
      vertex -1.7936397716403008 0.11227892339229584 16
    endloop
  endfacet
  facet normal 0.9893053683593076 -0.1458591379909224 0
    outer loop
      vertex -1.7913926914334297 0.13203956931829453 15.700000000000003
      vertex -1.7596526890993118 0.3473195657134056 16
      vertex -1.7913926914334297 0.13203956931829453 16
    endloop
  endfacet
  facet normal 0.9893053683593076 -0.1458591379909224 0
    outer loop
      vertex -1.7913926914334297 0.13203956931829453 15.700000000000003
      vertex -1.7596526890993118 0.3473195657134056 15.700000000000003
      vertex -1.7596526890993118 0.3473195657134056 16
    endloop
  endfacet
  facet normal 0.9842990827266725 -0.17650868461192207 0
    outer loop
      vertex -1.7596526890993118 0.3473195657134056 15.700000000000003
      vertex -1.7563641592860222 0.3656580224633217 15.700000000000003
      vertex -1.7563641592860222 0.3656580224633217 16
    endloop
  endfacet
  facet normal 0.9783436210492562 -0.20698734056030904 0
    outer loop
      vertex -1.7563641592860222 0.3656580224633217 15.700000000000003
      vertex -1.7512248158454895 0.38994957506656647 15.700000000000003
      vertex -1.7512248158454895 0.38994957506656647 16
    endloop
  endfacet
  facet normal 0.9714446261666243 -0.23726638677231018 0
    outer loop
      vertex -1.7512248158454895 0.38994957506656647 15.700000000000003
      vertex -1.7468043342232704 0.40804844349622726 15.700000000000003
      vertex -1.7468043342232704 0.40804844349622726 16
    endloop
  endfacet
  facet normal 0.9842990827266725 -0.17650868461192207 0
    outer loop
      vertex -1.7596526890993118 0.3473195657134056 15.700000000000003
      vertex -1.7563641592860222 0.3656580224633217 16
      vertex -1.7596526890993118 0.3473195657134056 16
    endloop
  endfacet
  facet normal 0.9783436210492562 -0.20698734056030904 0
    outer loop
      vertex -1.7563641592860222 0.3656580224633217 15.700000000000003
      vertex -1.7512248158454895 0.38994957506656647 16
      vertex -1.7563641592860222 0.3656580224633217 16
    endloop
  endfacet
  facet normal 0.9714446261666243 -0.23726638677231018 0
    outer loop
      vertex -1.7512248158454895 0.38994957506656647 15.700000000000003
      vertex -1.7468043342232704 0.40804844349622726 16
      vertex -1.7512248158454895 0.38994957506656647 16
    endloop
  endfacet
  facet normal 0.9636086756975991 -0.26731689082495214 0
    outer loop
      vertex -1.7468043342232704 0.40804844349622726 15.700000000000003
      vertex -1.6886143311858177 0.6178084462881088 16
      vertex -1.7468043342232704 0.40804844349622726 16
    endloop
  endfacet
  facet normal 0.9636086756975991 -0.26731689082495214 0
    outer loop
      vertex -1.7468043342232704 0.40804844349622726 15.700000000000003
      vertex -1.6886143311858177 0.6178084462881088 15.700000000000003
      vertex -1.6886143311858177 0.6178084462881088 16
    endloop
  endfacet
  facet normal 0 0 1
    outer loop
      vertex -1.7966926023364067 0.06599494069814682 15.700000000000003
      vertex -1.4967210441827774 0.061863973736763 15.700000000000003
      vertex -1.7957597374916077 0.08586107194423676 15.700000000000003
    endloop
  endfacet
  facet normal 0 0 1
    outer loop
      vertex -1.7957597374916077 0.08586107194423676 15.700000000000003
      vertex -1.4946010783314705 0.08828182518482208 15.700000000000003
      vertex -1.7936397716403008 0.11227892339229584 15.700000000000003
    endloop
  endfacet
  facet normal 0 0 1
    outer loop
      vertex -1.7936397716403008 0.11227892339229584 15.700000000000003
      vertex -1.4628610759973526 0.30356182157993317 15.700000000000003
      vertex -1.7913926914334297 0.13203956931829453 15.700000000000003
    endloop
  endfacet
  facet normal 0 0 1
    outer loop
      vertex -1.7957597374916077 0.08586107194423676 15.700000000000003
      vertex -1.4967210441827774 0.061863973736763 15.700000000000003
      vertex -1.4946010783314705 0.08828182518482208 15.700000000000003
    endloop
  endfacet
  facet normal 0 0 1
    outer loop
      vertex -1.7936397716403008 0.11227892339229584 15.700000000000003
      vertex -1.4946010783314705 0.08828182518482208 15.700000000000003
      vertex -1.4628610759973526 0.30356182157993317 15.700000000000003
    endloop
  endfacet
  facet normal 0 0 1
    outer loop
      vertex -1.7913926914334297 0.13203956931829453 15.700000000000003
      vertex -1.4628610759973526 0.30356182157993317 15.700000000000003
      vertex -1.7596526890993118 0.3473195657134056 15.700000000000003
    endloop
  endfacet
  facet normal 0 0 1
    outer loop
      vertex -1.7596526890993118 0.3473195657134056 15.700000000000003
      vertex -1.45772173255682 0.32785337418317795 15.700000000000003
      vertex -1.7563641592860222 0.3656580224633217 15.700000000000003
    endloop
  endfacet
  facet normal 0 0 1
    outer loop
      vertex -1.7596526890993118 0.3473195657134056 15.700000000000003
      vertex -1.4628610759973526 0.30356182157993317 15.700000000000003
      vertex -1.45772173255682 0.32785337418317795 15.700000000000003
    endloop
  endfacet
  facet normal 0 0 1
    outer loop
      vertex -1.7563641592860222 0.3656580224633217 15.700000000000003
      vertex -1.45772173255682 0.32785337418317795 15.700000000000003
      vertex -1.3995317295193672 0.5376133769750595 15.700000000000003
    endloop
  endfacet
  facet normal 0 0 1
    outer loop
      vertex -1.7563641592860222 0.3656580224633217 15.700000000000003
      vertex -1.3995317295193672 0.5376133769750595 15.700000000000003
      vertex -1.7512248158454895 0.38994957506656647 15.700000000000003
    endloop
  endfacet
  facet normal 0 0 1
    outer loop
      vertex -1.7512248158454895 0.38994957506656647 15.700000000000003
      vertex -1.3995317295193672 0.5376133769750595 15.700000000000003
      vertex -1.7468043342232704 0.40804844349622726 15.700000000000003
    endloop
  endfacet
  facet normal 0 0 1
    outer loop
      vertex -1.7468043342232704 0.40804844349622726 15.700000000000003
      vertex -1.3995317295193672 0.5376133769750595 15.700000000000003
      vertex -1.6886143311858177 0.6178084462881088 15.700000000000003
    endloop
  endfacet
  facet normal 0.9549983768384316 -0.29661102514229154 0
    outer loop
      vertex -1.6886143311858177 0.6178084462881088 15.700000000000003
      vertex -1.6831810250878334 0.6353020593523979 15.700000000000003
      vertex -1.6831810250878334 0.6353020593523979 16
    endloop
  endfacet
  facet normal 0.9549983768384316 -0.29661102514229154 0
    outer loop
      vertex -1.6886143311858177 0.6178084462881088 15.700000000000003
      vertex -1.6831810250878334 0.6353020593523979 16
      vertex -1.6886143311858177 0.6178084462881088 16
    endloop
  endfacet
  facet normal 0 0 1
    outer loop
      vertex -1.6886143311858177 0.6178084462881088 15.700000000000003
      vertex -1.3087822645902634 0.7605654746294022 15.700000000000003
      vertex -1.6831810250878334 0.6353020593523979 15.700000000000003
    endloop
  endfacet
  facet normal 0 0 1
    outer loop
      vertex -1.6831810250878334 0.6353020593523979 15.700000000000003
      vertex -1.3087822645902634 0.7605654746294022 15.700000000000003
      vertex -1.6752315610647202 0.658384159207344 15.700000000000003
    endloop
  endfacet
  facet normal 0 0 1
    outer loop
      vertex -1.6752315610647202 0.658384159207344 15.700000000000003
      vertex -1.3087822645902634 0.7605654746294022 15.700000000000003
      vertex -1.6687406674027443 0.6755136922001839 15.700000000000003
    endloop
  endfacet
  facet normal 0 0 1
    outer loop
      vertex -1.6687406674027443 0.6755136922001839 15.700000000000003
      vertex -1.3087822645902634 0.7605654746294022 15.700000000000003
      vertex -1.5859406664967537 0.8753836899995804 15.700000000000003
    endloop
  endfacet
  facet normal 0.9454976460686477 -0.3256289318820521 0
    outer loop
      vertex -1.6831810250878334 0.6353020593523979 15.700000000000003
      vertex -1.6752315610647202 0.658384159207344 15.700000000000003
      vertex -1.6752315610647202 0.658384159207344 16
    endloop
  endfacet
  facet normal 0.9351154188371043 -0.35434327064741494 0
    outer loop
      vertex -1.6752315610647202 0.658384159207344 15.700000000000003
      vertex -1.6687406674027443 0.6755136922001839 15.700000000000003
      vertex -1.6687406674027443 0.6755136922001839 16
    endloop
  endfacet
  facet normal 0.9454976460686477 -0.3256289318820521 0
    outer loop
      vertex -1.6831810250878334 0.6353020593523979 15.700000000000003
      vertex -1.6752315610647202 0.658384159207344 16
      vertex -1.6831810250878334 0.6353020593523979 16
    endloop
  endfacet
  facet normal 0.9351154188371043 -0.35434327064741494 0
    outer loop
      vertex -1.6752315610647202 0.658384159207344 15.700000000000003
      vertex -1.6687406674027443 0.6755136922001839 16
      vertex -1.6752315610647202 0.658384159207344 16
    endloop
  endfacet
  facet normal 0.92386133083132 -0.3827273721522698 0
    outer loop
      vertex -1.6687406674027443 0.6755136922001839 15.700000000000003
      vertex -1.5859406664967537 0.8753836899995804 16
      vertex -1.6687406674027443 0.6755136922001839 16
    endloop
  endfacet
  facet normal 0.92386133083132 -0.3827273721522698 0
    outer loop
      vertex -1.6687406674027443 0.6755136922001839 15.700000000000003
      vertex -1.5859406664967537 0.8753836899995804 15.700000000000003
      vertex -1.5859406664967537 0.8753836899995804 16
    endloop
  endfacet
  facet normal 0 0 1
    outer loop
      vertex -1.6886143311858177 0.6178084462881088 15.700000000000003
      vertex -1.3995317295193672 0.5376133769750595 15.700000000000003
      vertex -1.391582265496254 0.5606954768300056 15.700000000000003
    endloop
  endfacet
  facet normal 0 0 1
    outer loop
      vertex -1.6886143311858177 0.6178084462881088 15.700000000000003
      vertex -1.391582265496254 0.5606954768300056 15.700000000000003
      vertex -1.3087822645902634 0.7605654746294022 15.700000000000003
    endloop
  endfacet
  facet normal 0 0 1
    outer loop
      vertex -1.5859406664967537 0.8753836899995804 15.700000000000003
      vertex -1.3087822645902634 0.7605654746294022 15.700000000000003
      vertex -1.2969919219613075 0.7844055220484734 15.700000000000003
    endloop
  endfacet
  facet normal 0.9106189811689738 -0.41324698563302326 0
    outer loop
      vertex -1.5859406664967537 0.8753836899995804 15.700000000000003
      vertex -1.5776929780840874 0.8935580551624298 15.700000000000003
      vertex -1.5776929780840874 0.8935580551624298 16
    endloop
  endfacet
  facet normal 0.8963690521579456 -0.44330860845856124 0
    outer loop
      vertex -1.5776929780840874 0.8935580551624298 15.700000000000003
      vertex -1.5659026354551315 0.917398102581501 15.700000000000003
      vertex -1.5659026354551315 0.917398102581501 16
    endloop
  endfacet
  facet normal 0.8811269746287981 -0.4728797464276743 0
    outer loop
      vertex -1.5659026354551315 0.917398102581501 15.700000000000003
      vertex -1.5564648061990738 0.9349838122725487 15.700000000000003
      vertex -1.5564648061990738 0.9349838122725487 16
    endloop
  endfacet
  facet normal 0.9106189811689738 -0.41324698563302326 0
    outer loop
      vertex -1.5859406664967537 0.8753836899995804 15.700000000000003
      vertex -1.5776929780840874 0.8935580551624298 16
      vertex -1.5859406664967537 0.8753836899995804 16
    endloop
  endfacet
  facet normal 0.8963690521579456 -0.44330860845856124 0
    outer loop
      vertex -1.5776929780840874 0.8935580551624298 15.700000000000003
      vertex -1.5659026354551315 0.917398102581501 16
      vertex -1.5776929780840874 0.8935580551624298 16
    endloop
  endfacet
  facet normal 0.8811269746287981 -0.4728797464276743 0
    outer loop
      vertex -1.5659026354551315 0.917398102581501 15.700000000000003
      vertex -1.5564648061990738 0.9349838122725487 16
      vertex -1.5659026354551315 0.917398102581501 16
    endloop
  endfacet
  facet normal 0.8649096233468366 -0.5019276276935082 0
    outer loop
      vertex -1.5564648061990738 0.9349838122725487 15.700000000000003
      vertex -1.4492848068475723 1.1196738108992577 16
      vertex -1.5564648061990738 0.9349838122725487 16
    endloop
  endfacet
  facet normal 0 0 1
    outer loop
      vertex -1.5859406664967537 0.8753836899995804 15.700000000000003
      vertex -1.189811922609806 0.9690955206751823 15.700000000000003
      vertex -1.5776929780840874 0.8935580551624298 15.700000000000003
    endloop
  endfacet
  facet normal 0 0 1
    outer loop
      vertex -1.5776929780840874 0.8935580551624298 15.700000000000003
      vertex -1.189811922609806 0.9690955206751823 15.700000000000003
      vertex -1.5659026354551315 0.917398102581501 15.700000000000003
    endloop
  endfacet
  facet normal 0 0 1
    outer loop
      vertex -1.5659026354551315 0.917398102581501 15.700000000000003
      vertex -1.189811922609806 0.9690955206751823 15.700000000000003
      vertex -1.5564648061990738 0.9349838122725487 15.700000000000003
    endloop
  endfacet
  facet normal 0 0 1
    outer loop
      vertex -1.5564648061990738 0.9349838122725487 15.700000000000003
      vertex -1.189811922609806 0.9690955206751823 15.700000000000003
      vertex -1.4492848068475723 1.1196738108992577 15.700000000000003
    endloop
  endfacet
  facet normal 0 0 1
    outer loop
      vertex -1.5859406664967537 0.8753836899995804 15.700000000000003
      vertex -1.2969919219613075 0.7844055220484734 15.700000000000003
      vertex -1.189811922609806 0.9690955206751823 15.700000000000003
    endloop
  endfacet
  facet normal 0.8649096233468366 -0.5019276276935082 0
    outer loop
      vertex -1.5564648061990738 0.9349838122725487 15.700000000000003
      vertex -1.4492848068475723 1.1196738108992577 15.700000000000003
      vertex -1.4492848068475723 1.1196738108992577 16
    endloop
  endfacet
  facet normal 0 0 1
    outer loop
      vertex -1.4492848068475723 1.1196738108992577 15.700000000000003
      vertex -1.0393389835953712 1.1587696447968483 15.700000000000003
      vertex -1.4368737936019897 1.1392731666564941 15.700000000000003
    endloop
  endfacet
  facet normal 0 0 1
    outer loop
      vertex -1.4368737936019897 1.1392731666564941 15.700000000000003
      vertex -1.0393389835953712 1.1587696447968483 15.700000000000003
      vertex -1.4193408489227295 1.1647272855043411 15.700000000000003
    endloop
  endfacet
  facet normal 0 0 1
    outer loop
      vertex -1.4193408489227295 1.1647272855043411 15.700000000000003
      vertex -1.0393389835953712 1.1587696447968483 15.700000000000003
      vertex -1.4054524451494217 1.1833091005682945 15.700000000000003
    endloop
  endfacet
  facet normal 0.844856330174623 -0.5349932535685551 0
    outer loop
      vertex -1.4492848068475723 1.1196738108992577 15.700000000000003
      vertex -1.4368737936019897 1.1392731666564941 15.700000000000003
      vertex -1.4368737936019897 1.1392731666564941 16
    endloop
  endfacet
  facet normal 0.8235395676921078 -0.5672588302049572 0
    outer loop
      vertex -1.4368737936019897 1.1392731666564941 15.700000000000003
      vertex -1.4193408489227295 1.1647272855043411 15.700000000000003
      vertex -1.4193408489227295 1.1647272855043411 16
    endloop
  endfacet
  facet normal 0.844856330174623 -0.5349932535685551 0
    outer loop
      vertex -1.4492848068475723 1.1196738108992577 15.700000000000003
      vertex -1.4368737936019897 1.1392731666564941 16
      vertex -1.4492848068475723 1.1196738108992577 16
    endloop
  endfacet
  facet normal 0.8235395676921078 -0.5672588302049572 0
    outer loop
      vertex -1.4368737936019897 1.1392731666564941 15.700000000000003
      vertex -1.4193408489227295 1.1647272855043411 16
      vertex -1.4368737936019897 1.1392731666564941 16
    endloop
  endfacet
  facet normal 0.8009911936513607 -0.5986761292159297 0
    outer loop
      vertex -1.4193408489227295 1.1647272855043411 15.700000000000003
      vertex -1.4054524451494217 1.1833091005682945 16
      vertex -1.4193408489227295 1.1647272855043411 16
    endloop
  endfacet
  facet normal 0.8009911936513607 -0.5986761292159297 0
    outer loop
      vertex -1.4193408489227295 1.1647272855043411 15.700000000000003
      vertex -1.4054524451494217 1.1833091005682945 15.700000000000003
      vertex -1.4054524451494217 1.1833091005682945 16
    endloop
  endfacet
  facet normal 0.7772448937010349 -0.6291982002641672 0
    outer loop
      vertex -1.4054524451494217 1.1833091005682945 15.700000000000003
      vertex -1.2725124508142471 1.3475291058421135 16
      vertex -1.4054524451494217 1.1833091005682945 16
    endloop
  endfacet
  facet normal 0.7772448937010349 -0.6291982002641672 0
    outer loop
      vertex -1.4054524451494217 1.1833091005682945 15.700000000000003
      vertex -1.2725124508142471 1.3475291058421135 15.700000000000003
      vertex -1.2725124508142471 1.3475291058421135 16
    endloop
  endfacet
  facet normal 0 0 1
    outer loop
      vertex -1.4492848068475723 1.1196738108992577 15.700000000000003
      vertex -1.189811922609806 0.9690955206751823 15.700000000000003
      vertex -1.1722789779305458 0.9945496395230293 15.700000000000003
    endloop
  endfacet
  facet normal 0 0 1
    outer loop
      vertex -1.4492848068475723 1.1196738108992577 15.700000000000003
      vertex -1.1722789779305458 0.9945496395230293 15.700000000000003
      vertex -1.0393389835953712 1.1587696447968483 15.700000000000003
    endloop
  endfacet
  facet normal 0 0 1
    outer loop
      vertex -1.4054524451494217 1.1833091005682945 15.700000000000003
      vertex -1.0393389835953712 1.1587696447968483 15.700000000000003
      vertex -1.2725124508142471 1.3475291058421135 15.700000000000003
    endloop
  endfacet
  facet normal 0 0 1
    outer loop
      vertex -1.0393389835953712 1.1587696447968483 15.700000000000003
      vertex -1.0176587104797363 1.1816106364130974 15.700000000000003
      vertex -1.2725124508142471 1.3475291058421135 15.700000000000003
    endloop
  endfacet
  facet normal 0 0 1
    outer loop
      vertex -0.8617187067866325 1.321910634636879 15.700000000000003
      vertex -1.256927601993084 1.3653009831905365 15.700000000000003
      vertex -1.2725124508142471 1.3475291058421135 15.700000000000003
    endloop
  endfacet
  facet normal 0 0 1
    outer loop
      vertex -0.8617187067866325 1.321910634636879 15.700000000000003
      vertex -1.235247328877449 1.3881419748067856 15.700000000000003
      vertex -1.256927601993084 1.3653009831905365 15.700000000000003
    endloop
  endfacet
  facet normal 0 0 1
    outer loop
      vertex -0.8617187067866325 1.321910634636879 15.700000000000003
      vertex -1.2183117792010307 1.4046315923333168 15.700000000000003
      vertex -1.235247328877449 1.3881419748067856 15.700000000000003
    endloop
  endfacet
  facet normal 0.7518538441787593 -0.6593298089678805 0
    outer loop
      vertex -1.2725124508142471 1.3475291058421135 15.700000000000003
      vertex -1.256927601993084 1.3653009831905365 15.700000000000003
      vertex -1.256927601993084 1.3653009831905365 16
    endloop
  endfacet
  facet normal 0.725295384612588 -0.6884378004291151 0
    outer loop
      vertex -1.256927601993084 1.3653009831905365 15.700000000000003
      vertex -1.235247328877449 1.3881419748067856 15.700000000000003
      vertex -1.235247328877449 1.3881419748067856 16
    endloop
  endfacet
  facet normal 0.7518538441787593 -0.6593298089678805 0
    outer loop
      vertex -1.2725124508142471 1.3475291058421135 15.700000000000003
      vertex -1.256927601993084 1.3653009831905365 16
      vertex -1.2725124508142471 1.3475291058421135 16
    endloop
  endfacet
  facet normal 0.725295384612588 -0.6884378004291151 0
    outer loop
      vertex -1.256927601993084 1.3653009831905365 15.700000000000003
      vertex -1.235247328877449 1.3881419748067856 16
      vertex -1.256927601993084 1.3653009831905365 16
    endloop
  endfacet
  facet normal 0.6976110412689033 -0.7164766814765966 0
    outer loop
      vertex -1.235247328877449 1.3881419748067856 15.700000000000003
      vertex -1.2183117792010307 1.4046315923333168 15.700000000000003
      vertex -1.2183117792010307 1.4046315923333168 16
    endloop
  endfacet
  facet normal 0.6976110412689033 -0.7164766814765966 0
    outer loop
      vertex -1.235247328877449 1.3881419748067856 15.700000000000003
      vertex -1.2183117792010307 1.4046315923333168 16
      vertex -1.235247328877449 1.3881419748067856 16
    endloop
  endfacet
  facet normal 0.668843552963577 -0.7434031891639009 0
    outer loop
      vertex -1.2183117792010307 1.4046315923333168 15.700000000000003
      vertex -1.062371775507927 1.5449315905570984 16
      vertex -1.2183117792010307 1.4046315923333168 16
    endloop
  endfacet
  facet normal 0.668843552963577 -0.7434031891639009 0
    outer loop
      vertex -1.2183117792010307 1.4046315923333168 15.700000000000003
      vertex -1.062371775507927 1.5449315905570984 15.700000000000003
      vertex -1.062371775507927 1.5449315905570984 16
    endloop
  endfacet
  facet normal 0 0 1
    outer loop
      vertex -1.0176587104797363 1.1816106364130974 15.700000000000003
      vertex -0.8617187067866325 1.321910634636879 15.700000000000003
      vertex -1.2725124508142471 1.3475291058421135 15.700000000000003
    endloop
  endfacet
  facet normal 0 0 1
    outer loop
      vertex -0.8617187067866325 1.321910634636879 15.700000000000003
      vertex -1.062371775507927 1.5449315905570984 15.700000000000003
      vertex -1.2183117792010307 1.4046315923333168 15.700000000000003
    endloop
  endfacet
  facet normal 0 0 1
    outer loop
      vertex -0.8617187067866325 1.321910634636879 15.700000000000003
      vertex -0.8373046144843102 1.3406861647963524 15.700000000000003
      vertex -1.062371775507927 1.5449315905570984 15.700000000000003
    endloop
  endfacet
  facet normal 0 0 1
    outer loop
      vertex -1.062371775507927 1.5449315905570984 15.700000000000003
      vertex -0.8373046144843102 1.3406861647963524 15.700000000000003
      vertex -0.6629646122455597 1.4545361623167992 15.700000000000003
    endloop
  endfacet
  facet normal 0 0 1
    outer loop
      vertex -1.062371775507927 1.5449315905570984 15.700000000000003
      vertex -0.6629646122455597 1.4545361623167992 15.700000000000003
      vertex -1.0446041449904442 1.559719204902649 15.700000000000003
    endloop
  endfacet
  facet normal 0 0 1
    outer loop
      vertex -1.0446041449904442 1.559719204902649 15.700000000000003
      vertex -0.6629646122455597 1.4545361623167992 15.700000000000003
      vertex -1.0201900526881218 1.5784947350621223 15.700000000000003
    endloop
  endfacet
  facet normal 0 0 1
    outer loop
      vertex -1.0201900526881218 1.5784947350621223 15.700000000000003
      vertex -0.6629646122455597 1.4545361623167992 15.700000000000003
      vertex -1.0013365373015404 1.5918704122304916 15.700000000000003
    endloop
  endfacet
  facet normal 0.639705726058987 -0.7686199217086065 0
    outer loop
      vertex -1.062371775507927 1.5449315905570984 15.700000000000003
      vertex -1.0446041449904442 1.559719204902649 15.700000000000003
      vertex -1.0446041449904442 1.559719204902649 16
    endloop
  endfacet
  facet normal 0.6096181299184099 -0.7926952350524007 0
    outer loop
      vertex -1.0446041449904442 1.559719204902649 15.700000000000003
      vertex -1.0201900526881218 1.5784947350621223 15.700000000000003
      vertex -1.0201900526881218 1.5784947350621223 16
    endloop
  endfacet
  facet normal 0.5786251024430553 -0.8155936431966374 0
    outer loop
      vertex -1.0201900526881218 1.5784947350621223 15.700000000000003
      vertex -1.0013365373015404 1.5918704122304916 15.700000000000003
      vertex -1.0013365373015404 1.5918704122304916 16
    endloop
  endfacet
  facet normal 0.639705726058987 -0.7686199217086065 0
    outer loop
      vertex -1.062371775507927 1.5449315905570984 15.700000000000003
      vertex -1.0446041449904442 1.559719204902649 16
      vertex -1.062371775507927 1.5449315905570984 16
    endloop
  endfacet
  facet normal 0.6096181299184099 -0.7926952350524007 0
    outer loop
      vertex -1.0446041449904442 1.559719204902649 15.700000000000003
      vertex -1.0201900526881218 1.5784947350621223 16
      vertex -1.0446041449904442 1.559719204902649 16
    endloop
  endfacet
  facet normal 0.5786251024430553 -0.8155936431966374 0
    outer loop
      vertex -1.0201900526881218 1.5784947350621223 15.700000000000003
      vertex -1.0013365373015404 1.5918704122304916 16
      vertex -1.0201900526881218 1.5784947350621223 16
    endloop
  endfacet
  facet normal 0.5467730846472865 -0.8372808333559841 0
    outer loop
      vertex -1.0013365373015404 1.5918704122304916 15.700000000000003
      vertex -0.8269965350627899 1.7057204097509384 15.700000000000003
      vertex -0.8269965350627899 1.7057204097509384 16
    endloop
  endfacet
  facet normal 0.5467730846472865 -0.8372808333559841 0
    outer loop
      vertex -1.0013365373015404 1.5918704122304916 15.700000000000003
      vertex -0.8269965350627899 1.7057204097509384 16
      vertex -1.0013365373015404 1.5918704122304916 16
    endloop
  endfacet
  facet normal 0 0 1
    outer loop
      vertex -1.0013365373015404 1.5918704122304916 15.700000000000003
      vertex -0.6321507394313812 1.4710130020976067 15.700000000000003
      vertex -0.8269965350627899 1.7057204097509384 15.700000000000003
    endloop
  endfacet
  facet normal 0 0 1
    outer loop
      vertex -1.0013365373015404 1.5918704122304916 15.700000000000003
      vertex -0.6629646122455597 1.4545361623167992 15.700000000000003
      vertex -0.6321507394313812 1.4710130020976067 15.700000000000003
    endloop
  endfacet
  facet normal 0 0 1
    outer loop
      vertex -0.8269965350627899 1.7057204097509384 15.700000000000003
      vertex -0.4430907443165779 1.551743008196354 15.700000000000003
      vertex -0.8044269159436226 1.7190894037485123 15.700000000000003
    endloop
  endfacet
  facet normal 0 0 1
    outer loop
      vertex -0.8044269159436226 1.7190894037485123 15.700000000000003
      vertex -0.4055723026394844 1.5635577291250229 15.700000000000003
      vertex -0.7736130431294441 1.7355662435293198 15.700000000000003
    endloop
  endfacet
  facet normal 0 0 1
    outer loop
      vertex -0.8269965350627899 1.7057204097509384 15.700000000000003
      vertex -0.6321507394313812 1.4710130020976067 15.700000000000003
      vertex -0.4430907443165779 1.551743008196354 15.700000000000003
    endloop
  endfacet
  facet normal 0 0 1
    outer loop
      vertex -0.8044269159436226 1.7190894037485123 15.700000000000003
      vertex -0.4430907443165779 1.551743008196354 15.700000000000003
      vertex -0.4055723026394844 1.5635577291250229 15.700000000000003
    endloop
  endfacet
  facet normal 0 0 1
    outer loop
      vertex -0.7736130431294441 1.7355662435293198 15.700000000000003
      vertex -0.20363230258226395 1.6058777272701263 15.700000000000003
      vertex -0.7499618604779243 1.7469125166535378 15.700000000000003
    endloop
  endfacet
  facet normal 0 0 1
    outer loop
      vertex -0.7736130431294441 1.7355662435293198 15.700000000000003
      vertex -0.4055723026394844 1.5635577291250229 15.700000000000003
      vertex -0.20363230258226395 1.6058777272701263 15.700000000000003
    endloop
  endfacet
  facet normal 0 0 1
    outer loop
      vertex -0.560901865363121 1.827642522752285 15.700000000000003
      vertex -0.20363230258226395 1.6058777272701263 15.700000000000003
      vertex -0.17001233249902725 1.60999296605587 15.700000000000003
    endloop
  endfacet
  facet normal 0 0 1
    outer loop
      vertex -0.560901865363121 1.827642522752285 15.700000000000003
      vertex -0.17001233249902725 1.60999296605587 15.700000000000003
      vertex 0.04112766683101654 1.6178129613399506 15.700000000000003
    endloop
  endfacet
  facet normal 0.5096445230030352 -0.8603850650569248 0
    outer loop
      vertex -0.8269965350627899 1.7057204097509384 15.700000000000003
      vertex -0.8044269159436226 1.7190894037485123 15.700000000000003
      vertex -0.8044269159436226 1.7190894037485123 16
    endloop
  endfacet
  facet normal 0.471541004736771 -0.8818441363709555 0
    outer loop
      vertex -0.8044269159436226 1.7190894037485123 15.700000000000003
      vertex -0.7736130431294441 1.7355662435293198 15.700000000000003
      vertex -0.7736130431294441 1.7355662435293198 16
    endloop
  endfacet
  facet normal 0.4325360337904785 -0.9016166477349462 0
    outer loop
      vertex -0.7736130431294441 1.7355662435293198 15.700000000000003
      vertex -0.7499618604779243 1.7469125166535378 15.700000000000003
      vertex -0.7499618604779243 1.7469125166535378 16
    endloop
  endfacet
  facet normal 0.5096445230030352 -0.8603850650569248 0
    outer loop
      vertex -0.8269965350627899 1.7057204097509384 15.700000000000003
      vertex -0.8044269159436226 1.7190894037485123 16
      vertex -0.8269965350627899 1.7057204097509384 16
    endloop
  endfacet
  facet normal 0.471541004736771 -0.8818441363709555 0
    outer loop
      vertex -0.8044269159436226 1.7190894037485123 15.700000000000003
      vertex -0.7736130431294441 1.7355662435293198 16
      vertex -0.8044269159436226 1.7190894037485123 16
    endloop
  endfacet
  facet normal 0.4325360337904785 -0.9016166477349462 0
    outer loop
      vertex -0.7736130431294441 1.7355662435293198 15.700000000000003
      vertex -0.7499618604779243 1.7469125166535378 16
      vertex -0.7736130431294441 1.7355662435293198 16
    endloop
  endfacet
  facet normal 0.39270372453162805 -0.9196650394241302 0
    outer loop
      vertex -0.7499618604779243 1.7469125166535378 15.700000000000003
      vertex -0.560901865363121 1.827642522752285 16
      vertex -0.7499618604779243 1.7469125166535378 16
    endloop
  endfacet
  facet normal 0 0 1
    outer loop
      vertex -0.7499618604779243 1.7469125166535378 15.700000000000003
      vertex -0.20363230258226395 1.6058777272701263 15.700000000000003
      vertex -0.560901865363121 1.827642522752285 15.700000000000003
    endloop
  endfacet
  facet normal 0.39270372453162805 -0.9196650394241302 0
    outer loop
      vertex -0.7499618604779243 1.7469125166535378 15.700000000000003
      vertex -0.560901865363121 1.827642522752285 15.700000000000003
      vertex -0.560901865363121 1.827642522752285 16
    endloop
  endfacet
  facet normal 0.34695425166640737 -0.9378820540188427 0
    outer loop
      vertex -0.560901865363121 1.827642522752285 15.700000000000003
      vertex -0.533199816942215 1.8378904461860657 15.700000000000003
      vertex -0.533199816942215 1.8378904461860657 16
    endloop
  endfacet
  facet normal 0.34695425166640737 -0.9378820540188427 0
    outer loop
      vertex -0.560901865363121 1.827642522752285 15.700000000000003
      vertex -0.533199816942215 1.8378904461860657 16
      vertex -0.560901865363121 1.827642522752285 16
    endloop
  endfacet
  facet normal 0.3003635845422042 -0.9538247832180491 0
    outer loop
      vertex -0.533199816942215 1.8378904461860657 15.700000000000003
      vertex -0.49568137526512146 1.8497051671147346 15.700000000000003
      vertex -0.49568137526512146 1.8497051671147346 16
    endloop
  endfacet
  facet normal 0.2530443074597571 -0.967454690650788 0
    outer loop
      vertex -0.49568137526512146 1.8497051671147346 15.700000000000003
      vertex -0.46710575371980667 1.8571793138980865 15.700000000000003
      vertex -0.46710575371980667 1.8571793138980865 16
    endloop
  endfacet
  facet normal 0.3003635845422042 -0.9538247832180491 0
    outer loop
      vertex -0.533199816942215 1.8378904461860657 15.700000000000003
      vertex -0.49568137526512146 1.8497051671147346 16
      vertex -0.533199816942215 1.8378904461860657 16
    endloop
  endfacet
  facet normal 0.2530443074597571 -0.967454690650788 0
    outer loop
      vertex -0.49568137526512146 1.8497051671147346 15.700000000000003
      vertex -0.46710575371980667 1.8571793138980865 16
      vertex -0.49568137526512146 1.8497051671147346 16
    endloop
  endfacet
  facet normal 0 0 1
    outer loop
      vertex -0.560901865363121 1.827642522752285 15.700000000000003
      vertex 0.04112766683101654 1.6178129613399506 15.700000000000003
      vertex -0.533199816942215 1.8378904461860657 15.700000000000003
    endloop
  endfacet
  facet normal 0 0 1
    outer loop
      vertex -0.533199816942215 1.8378904461860657 15.700000000000003
      vertex 0.04112766683101654 1.6178129613399506 15.700000000000003
      vertex -0.49568137526512146 1.8497051671147346 15.700000000000003
    endloop
  endfacet
  facet normal 0 0 1
    outer loop
      vertex -0.49568137526512146 1.8497051671147346 15.700000000000003
      vertex 0.04112766683101654 1.6178129613399506 15.700000000000003
      vertex -0.46710575371980667 1.8571793138980865 15.700000000000003
    endloop
  endfacet
  facet normal 0 0 1
    outer loop
      vertex -0.46710575371980667 1.8571793138980865 15.700000000000003
      vertex 0.04112766683101654 1.6178129613399506 15.700000000000003
      vertex -0.2651657536625862 1.89949931204319 15.700000000000003
    endloop
  endfacet
  facet normal 0.20511149983283927 -0.9787386130302222 0
    outer loop
      vertex -0.46710575371980667 1.8571793138980865 15.700000000000003
      vertex -0.2651657536625862 1.89949931204319 15.700000000000003
      vertex -0.2651657536625862 1.89949931204319 16
    endloop
  endfacet
  facet normal 0.20511149983283927 -0.9787386130302222 0
    outer loop
      vertex -0.46710575371980667 1.8571793138980865 15.700000000000003
      vertex -0.2651657536625862 1.89949931204319 16
      vertex -0.46710575371980667 1.8571793138980865 16
    endloop
  endfacet
  facet normal 0.16345144481557747 -0.9865513799025879 0
    outer loop
      vertex -0.2651657536625862 1.89949931204319 15.700000000000003
      vertex -0.24008163809776306 1.9036552384495735 15.700000000000003
      vertex -0.24008163809776306 1.9036552384495735 16
    endloop
  endfacet
  facet normal 0.12149778430896183 -0.9925917027700831 0
    outer loop
      vertex -0.24008163809776306 1.9036552384495735 15.700000000000003
      vertex -0.20646166801452637 1.9077704772353172 15.700000000000003
      vertex -0.20646166801452637 1.9077704772353172 16
    endloop
  endfacet
  facet normal 0.16345144481557747 -0.9865513799025879 0
    outer loop
      vertex -0.2651657536625862 1.89949931204319 15.700000000000003
      vertex -0.24008163809776306 1.9036552384495735 16
      vertex -0.2651657536625862 1.89949931204319 16
    endloop
  endfacet
  facet normal 0.12149778430896183 -0.9925917027700831 0
    outer loop
      vertex -0.24008163809776306 1.9036552384495735 15.700000000000003
      vertex -0.20646166801452637 1.9077704772353172 16
      vertex -0.24008163809776306 1.9036552384495735 16
    endloop
  endfacet
  facet normal 0 0 1
    outer loop
      vertex -0.2651657536625862 1.89949931204319 15.700000000000003
      vertex 0.04112766683101654 1.6178129613399506 15.700000000000003
      vertex 0.0666949450969696 1.6171233728528023 15.700000000000003
    endloop
  endfacet
  facet normal 0 0 1
    outer loop
      vertex -0.2651657536625862 1.89949931204319 15.700000000000003
      vertex 0.28105495125055313 1.5975733771920204 15.700000000000003
      vertex -0.24008163809776306 1.9036552384495735 15.700000000000003
    endloop
  endfacet
  facet normal 0 0 1
    outer loop
      vertex -0.24008163809776306 1.9036552384495735 15.700000000000003
      vertex 0.28105495125055313 1.5975733771920204 15.700000000000003
      vertex -0.20646166801452637 1.9077704772353172 15.700000000000003
    endloop
  endfacet
  facet normal 0 0 1
    outer loop
      vertex -0.20646166801452637 1.9077704772353172 15.700000000000003
      vertex 0.28105495125055313 1.5975733771920204 15.700000000000003
      vertex -0.18111582100391388 1.9097874164581299 15.700000000000003
    endloop
  endfacet
  facet normal 0.07932594659956171 -0.9968487318525732 0
    outer loop
      vertex -0.20646166801452637 1.9077704772353172 15.700000000000003
      vertex -0.18111582100391388 1.9097874164581299 15.700000000000003
      vertex -0.18111582100391388 1.9097874164581299 16
    endloop
  endfacet
  facet normal 0.07932594659956171 -0.9968487318525732 0
    outer loop
      vertex -0.20646166801452637 1.9077704772353172 15.700000000000003
      vertex -0.18111582100391388 1.9097874164581299 16
      vertex -0.20646166801452637 1.9077704772353172 16
    endloop
  endfacet
  facet normal 0.037011638337528435 -0.9993148345879651 0
    outer loop
      vertex -0.18111582100391388 1.9097874164581299 15.700000000000003
      vertex 0.030024178326129913 1.9176074117422104 16
      vertex -0.18111582100391388 1.9097874164581299 16
    endloop
  endfacet
  facet normal 0.037011638337528435 -0.9993148345879651 0
    outer loop
      vertex -0.18111582100391388 1.9097874164581299 15.700000000000003
      vertex 0.030024178326129913 1.9176074117422104 15.700000000000003
      vertex 0.030024178326129913 1.9176074117422104 16
    endloop
  endfacet
  facet normal 0 0 1
    outer loop
      vertex 0.9457575017150791 -2.0509164587532966 15.700000000000003
      vertex 0.9901927352806251 -2.030195969049777 15.700000000000003
      vertex 1.01028560847044 -1.8999982550740242 15.700000000000003
    endloop
  endfacet
  facet normal 0 0 1
    outer loop
      vertex 0.9901927352806251 -2.030195969049777 15.700000000000003
      vertex 1.0604423541476875 -1.9944020004197238 15.700000000000003
      vertex 1.01028560847044 -1.8999982550740242 15.700000000000003
    endloop
  endfacet
  facet normal 0 0 1
    outer loop
      vertex 1.0604423541476875 -1.9944020004197238 15.700000000000003
      vertex 1.129399987354844 -1.9561781601662371 15.700000000000003
      vertex 1.01028560847044 -1.8999982550740242 15.700000000000003
    endloop
  endfacet
  facet normal 0 0 1
    outer loop
      vertex 1.01028560847044 -1.8999982550740242 15.700000000000003
      vertex 1.129399987354844 -1.9561781601662371 15.700000000000003
      vertex 1.0179971978068352 -1.878699578344822 15.700000000000003
    endloop
  endfacet
  facet normal 0 0 1
    outer loop
      vertex 1.0179971978068352 -1.878699578344822 15.700000000000003
      vertex 1.129399987354844 -1.9561781601662371 15.700000000000003
      vertex 1.1969816206481398 -1.9155710181507342 15.700000000000003
    endloop
  endfacet
  facet normal 0 0 1
    outer loop
      vertex 1.0179971978068352 -1.878699578344822 15.700000000000003
      vertex 1.1969816206481398 -1.9155710181507342 15.700000000000003
      vertex 1.26310491621756 -1.8726300479207092 15.700000000000003
    endloop
  endfacet
  facet normal 0 0 1
    outer loop
      vertex 1.0179971978068352 -1.878699578344822 15.700000000000003
      vertex 1.3710716292262077 -1.743747241795063 15.700000000000003
      vertex 1.0784872025251389 -1.6765295788645744 15.700000000000003
    endloop
  endfacet
  facet normal 0 0 1
    outer loop
      vertex 1.0179971978068352 -1.878699578344822 15.700000000000003
      vertex 1.26310491621756 -1.8726300479207092 15.700000000000003
      vertex 1.327689313012966 -1.8274075664338394 15.700000000000003
    endloop
  endfacet
  facet normal 0 0 1
    outer loop
      vertex 1.0179971978068352 -1.878699578344822 15.700000000000003
      vertex 1.327689313012966 -1.8274075664338394 15.700000000000003
      vertex 1.3658980056643486 -1.7625239416956902 15.700000000000003
    endloop
  endfacet
  facet normal 0 0 1
    outer loop
      vertex 1.0179971978068352 -1.878699578344822 15.700000000000003
      vertex 1.3658980056643486 -1.7625239416956902 15.700000000000003
      vertex 1.3681793436408043 -1.754494085907936 15.700000000000003
    endloop
  endfacet
  facet normal 0 0 1
    outer loop
      vertex 1.0179971978068352 -1.878699578344822 15.700000000000003
      vertex 1.3681793436408043 -1.754494085907936 15.700000000000003
      vertex 1.3710716292262077 -1.743747241795063 15.700000000000003
    endloop
  endfacet
  facet normal 0 0 1
    outer loop
      vertex 1.0784872025251389 -1.6765295788645744 15.700000000000003
      vertex 1.3710716292262077 -1.743747241795063 15.700000000000003
      vertex 1.3731287121772766 -1.7356568276882172 15.700000000000003
    endloop
  endfacet
  facet normal 0 0 1
    outer loop
      vertex 1.327689313012966 -1.8274075664338394 15.700000000000003
      vertex 1.351955875346837 -1.8091214001050786 15.700000000000003
      vertex 1.3658980056643486 -1.7625239416956902 15.700000000000003
    endloop
  endfacet
  facet normal -0.9580360069140221 0.28664788409516634 -3.833705331014145e-18
    outer loop
      vertex 1.351955875346837 -1.8091214001050786 15.700000000000003
      vertex 1.3658980056643486 -1.7625239416956902 15.847082676308105
      vertex 1.3658980056643486 -1.7625239416956902 15.700000000000003
    endloop
  endfacet
  facet normal -0.9619312967524536 0.27329138356000726 0
    outer loop
      vertex 1.3658980056643486 -1.7625239416956902 15.700000000000003
      vertex 1.3658980056643486 -1.7625239416956902 15.847082676308105
      vertex 1.3681793436408043 -1.754494085907936 15.700000000000003
    endloop
  endfacet
  facet normal -0.9656404650809203 0.25988168884764457 0
    outer loop
      vertex 1.3681793436408043 -1.754494085907936 15.700000000000003
      vertex 1.3681793436408043 -1.754494085907936 15.872800811025385
      vertex 1.3710716292262077 -1.743747241795063 15.700000000000003
    endloop
  endfacet
  facet normal -0.96916286651423 0.24642105869815767 0
    outer loop
      vertex 1.3710716292262077 -1.743747241795063 15.700000000000003
      vertex 1.3710716292262077 -1.743747241795063 15.906493211717326
      vertex 1.3731287121772766 -1.7356568276882172 15.700000000000003
    endloop
  endfacet
  facet normal -0.9619312967524536 0.27329138356000726 0
    outer loop
      vertex 1.3681793436408043 -1.754494085907936 15.700000000000003
      vertex 1.3658980056643486 -1.7625239416956902 15.847082676308105
      vertex 1.3681793436408043 -1.754494085907936 15.872800811025385
    endloop
  endfacet
  facet normal -0.9656404650809308 0.2598816888476055 -2.5990398558548698e-15
    outer loop
      vertex 1.3710716292262077 -1.743747241795063 15.700000000000003
      vertex 1.3681793436408043 -1.754494085907936 15.872800811025385
      vertex 1.3688407979286157 -1.7520363251132287 15.880785611798942
    endloop
  endfacet
  facet normal -0.9656404650809166 0.2598816888476585 0
    outer loop
      vertex 1.3710716292262077 -1.743747241795063 15.700000000000003
      vertex 1.3688407979286157 -1.7520363251132287 15.880785611798942
      vertex 1.3710716292262077 -1.743747241795063 15.906493211717326
    endloop
  endfacet
  facet normal -0.96916286651423 0.24642105869815767 0
    outer loop
      vertex 1.3731287121772766 -1.7356568276882172 15.700000000000003
      vertex 1.3710716292262077 -1.743747241795063 15.906493211717326
      vertex 1.3731287121772766 -1.7356568276882172 15.931970921432303
    endloop
  endfacet
  facet normal 0 0 1
    outer loop
      vertex 1.0784872025251389 -1.6765295788645744 15.700000000000003
      vertex 1.3731287121772766 -1.7356568276882172 15.700000000000003
      vertex 1.0813794881105423 -1.6657827347517014 15.700000000000003
    endloop
  endfacet
  facet normal 0 0 1
    outer loop
      vertex 1.0813794881105423 -1.6657827347517014 15.700000000000003
      vertex 1.4195386171340942 -1.5418789237737656 15.700000000000003
      vertex 1.129061445593834 -1.4666935801506042 15.700000000000003
    endloop
  endfacet
  facet normal 0 0 1
    outer loop
      vertex 1.129061445593834 -1.4666935801506042 15.700000000000003
      vertex 1.4670808166265488 -1.3710791915655136 15.700000000000003
      vertex 1.1816123351454735 -1.2778996601700783 15.700000000000003
    endloop
  endfacet
  facet normal 0 0 1
    outer loop
      vertex 1.0813794881105423 -1.6657827347517014 15.700000000000003
      vertex 1.3731287121772766 -1.7356568276882172 15.700000000000003
      vertex 1.4195386171340942 -1.5418789237737656 15.700000000000003
    endloop
  endfacet
  facet normal -0.972497426952316 0.23291362040706182 0
    outer loop
      vertex 1.3731287121772766 -1.7356568276882172 15.700000000000003
      vertex 1.3731287121772766 -1.7356568276882172 15.931970921432303
      vertex 1.4195386171340942 -1.5418789237737656 15.700000000000003
    endloop
  endfacet
  facet normal -0.9724974269523162 0.2329136204070608 -9.201799035121467e-16
    outer loop
      vertex 1.3731287121772766 -1.7356568276882172 15.931970921432303
      vertex 1.3782258076322764 -1.7143746364352772 16
      vertex 1.4195386171340942 -1.5418789237737656 15.700000000000003
    endloop
  endfacet
  facet normal -0.9724974269523158 0.23291362040706226 -7.550513943026335e-18
    outer loop
      vertex 1.3782258076322764 -1.7143746364352772 16
      vertex 1.4195386171340942 -1.5418789237737656 16
      vertex 1.4195386171340942 -1.5418789237737656 15.700000000000003
    endloop
  endfacet
  facet normal 0 0 1
    outer loop
      vertex 1.129061445593834 -1.4666935801506042 15.700000000000003
      vertex 1.4195386171340942 -1.5418789237737656 15.700000000000003
      vertex 1.4670808166265488 -1.3710791915655136 15.700000000000003
    endloop
  endfacet
  facet normal 0 0 1
    outer loop
      vertex 1.1816123351454735 -1.2778996601700783 15.700000000000003
      vertex 1.4670808166265488 -1.3710791915655136 15.700000000000003
      vertex 1.5287056490778923 -1.2071266919374466 15.700000000000003
    endloop
  endfacet
  facet normal -0.9633754766872475 0.26815609431377546 0
    outer loop
      vertex 1.4195386171340942 -1.5418789237737656 15.700000000000003
      vertex 1.4195386171340942 -1.5418789237737656 16
      vertex 1.4670808166265488 -1.3710791915655136 15.700000000000003
    endloop
  endfacet
  facet normal -0.9633754766872475 0.26815609431377546 0
    outer loop
      vertex 1.4195386171340942 -1.5418789237737656 16
      vertex 1.4670808166265488 -1.3710791915655136 16
      vertex 1.4670808166265488 -1.3710791915655136 15.700000000000003
    endloop
  endfacet
  facet normal -0.9360611541564405 0.3518373426447405 0
    outer loop
      vertex 1.4670808166265488 -1.3710791915655136 15.700000000000003
      vertex 1.4670808166265488 -1.3710791915655136 16
      vertex 1.5287056490778923 -1.2071266919374466 15.700000000000003
    endloop
  endfacet
  facet normal 0 0 1
    outer loop
      vertex 1.1816123351454735 -1.2778996601700783 15.700000000000003
      vertex 1.5287056490778923 -1.2071266919374466 15.700000000000003
      vertex 1.2509742826223373 -1.0933626145124435 15.700000000000003
    endloop
  endfacet
  facet normal 0 0 1
    outer loop
      vertex 1.2509742826223373 -1.0933626145124435 15.700000000000003
      vertex 1.5287056490778923 -1.2071266919374466 15.700000000000003
      vertex 1.6106295809149742 -1.0226906314492226 15.700000000000003
    endloop
  endfacet
  facet normal 0 0 1
    outer loop
      vertex 1.2509742826223373 -1.0933626145124435 15.700000000000003
      vertex 1.6144478768110275 -1.0138667523860931 15.700000000000003
      vertex 1.336459830403328 -0.9009082466363907 15.700000000000003
    endloop
  endfacet
  facet normal 0 0 1
    outer loop
      vertex 1.2509742826223373 -1.0933626145124435 15.700000000000003
      vertex 1.6106295809149742 -1.0226906314492226 15.700000000000003
      vertex 1.6117877885699272 -1.0200489833950996 15.700000000000003
    endloop
  endfacet
  facet normal 0 0 1
    outer loop
      vertex 1.2509742826223373 -1.0933626145124435 15.700000000000003
      vertex 1.6117877885699272 -1.0200489833950996 15.700000000000003
      vertex 1.6133151054382324 -1.01651943475008 15.700000000000003
    endloop
  endfacet
  facet normal 0 0 1
    outer loop
      vertex 1.2509742826223373 -1.0933626145124435 15.700000000000003
      vertex 1.6133151054382324 -1.01651943475008 15.700000000000003
      vertex 1.6144478768110275 -1.0138667523860931 15.700000000000003
    endloop
  endfacet
  facet normal 0 0 1
    outer loop
      vertex 1.6144478768110275 -1.0138667523860931 15.700000000000003
      vertex 1.3379871472716331 -0.8973786979913712 15.700000000000003
      vertex 1.336459830403328 -0.9009082466363907 15.700000000000003
    endloop
  endfacet
  facet normal -0.9360611541564405 0.3518373426447405 0
    outer loop
      vertex 1.4670808166265488 -1.3710791915655136 16
      vertex 1.5287056490778923 -1.2071266919374466 16
      vertex 1.5287056490778923 -1.2071266919374466 15.700000000000003
    endloop
  endfacet
  facet normal -0.9138991571048657 0.40594128965038256 0
    outer loop
      vertex 1.5287056490778923 -1.2071266919374466 15.700000000000003
      vertex 1.5287056490778923 -1.2071266919374466 16
      vertex 1.6106295809149742 -1.0226906314492226 15.700000000000003
    endloop
  endfacet
  facet normal -0.9138991571048657 0.40594128965038256 0
    outer loop
      vertex 1.5287056490778923 -1.2071266919374466 16
      vertex 1.6106295809149742 -1.0226906314492226 16
      vertex 1.6106295809149742 -1.0226906314492226 15.700000000000003
    endloop
  endfacet
  facet normal 0 0 1
    outer loop
      vertex 1.6144478768110275 -1.0138667523860931 15.700000000000003
      vertex 1.698857881128788 -0.8135367557406425 15.700000000000003
      vertex 1.3379871472716331 -0.8973786979913712 15.700000000000003
    endloop
  endfacet
  facet normal -0.9158404757250564 0.40154230539720515 0
    outer loop
      vertex 1.6106295809149742 -1.0226906314492226 15.700000000000003
      vertex 1.6106295809149742 -1.0226906314492226 16
      vertex 1.6117877885699272 -1.0200489833950996 15.700000000000003
    endloop
  endfacet
  facet normal -0.9177598590270007 0.3971357968739909 0
    outer loop
      vertex 1.6117877885699272 -1.0200489833950996 15.700000000000003
      vertex 1.6117877885699272 -1.0200489833950996 16
      vertex 1.6133151054382324 -1.01651943475008 15.700000000000003
    endloop
  endfacet
  facet normal -0.9196579617210102 0.3927202992501873 0
    outer loop
      vertex 1.6133151054382324 -1.01651943475008 15.700000000000003
      vertex 1.6133151054382324 -1.01651943475008 16
      vertex 1.6144478768110275 -1.0138667523860931 15.700000000000003
    endloop
  endfacet
  facet normal -0.9158404757250564 0.40154230539720515 0
    outer loop
      vertex 1.6117877885699272 -1.0200489833950996 15.700000000000003
      vertex 1.6106295809149742 -1.0226906314492226 16
      vertex 1.6117877885699272 -1.0200489833950996 16
    endloop
  endfacet
  facet normal -0.9177598590270007 0.3971357968739909 0
    outer loop
      vertex 1.6133151054382324 -1.01651943475008 15.700000000000003
      vertex 1.6117877885699272 -1.0200489833950996 16
      vertex 1.6133151054382324 -1.01651943475008 16
    endloop
  endfacet
  facet normal -0.9196579617210102 0.3927202992501873 0
    outer loop
      vertex 1.6144478768110275 -1.0138667523860931 15.700000000000003
      vertex 1.6133151054382324 -1.01651943475008 16
      vertex 1.6144478768110275 -1.0138667523860931 16
    endloop
  endfacet
  facet normal -0.9215357569702387 0.38829350834811693 0
    outer loop
      vertex 1.6144478768110275 -1.0138667523860931 15.700000000000003
      vertex 1.6144478768110275 -1.0138667523860931 16
      vertex 1.698857881128788 -0.8135367557406425 15.700000000000003
    endloop
  endfacet
  facet normal -0.9215357569702387 0.38829350834811693 0
    outer loop
      vertex 1.6144478768110275 -1.0138667523860931 16
      vertex 1.698857881128788 -0.8135367557406425 16
      vertex 1.698857881128788 -0.8135367557406425 15.700000000000003
    endloop
  endfacet
  facet normal 0 0 1
    outer loop
      vertex 1.3379871472716331 -0.8973786979913712 15.700000000000003
      vertex 1.7151215821504593 -0.7691927924752235 15.700000000000003
      vertex 1.4223971515893936 -0.6970487013459206 15.700000000000003
    endloop
  endfacet
  facet normal 0 0 1
    outer loop
      vertex 1.3379871472716331 -0.8973786979913712 15.700000000000003
      vertex 1.698857881128788 -0.8135367557406425 15.700000000000003
      vertex 1.7040513083338737 -0.8003489151597023 15.700000000000003
    endloop
  endfacet
  facet normal 0 0 1
    outer loop
      vertex 1.3379871472716331 -0.8973786979913712 15.700000000000003
      vertex 1.7040513083338737 -0.8003489151597023 15.700000000000003
      vertex 1.7105567902326584 -0.7826113328337669 15.700000000000003
    endloop
  endfacet
  facet normal 0 0 1
    outer loop
      vertex 1.3379871472716331 -0.8973786979913712 15.700000000000003
      vertex 1.7105567902326584 -0.7826113328337669 15.700000000000003
      vertex 1.7151215821504593 -0.7691927924752235 15.700000000000003
    endloop
  endfacet
  facet normal 0 0 1
    outer loop
      vertex 1.4223971515893936 -0.6970487013459206 15.700000000000003
      vertex 1.7151215821504593 -0.7691927924752235 15.700000000000003
      vertex 1.4289026334881783 -0.6793111190199852 15.700000000000003
    endloop
  endfacet
  facet normal 0 0 1
    outer loop
      vertex 1.4289026334881783 -0.6793111190199852 15.700000000000003
      vertex 1.7151215821504593 -0.7691927924752235 15.700000000000003
      vertex 1.7799815833568573 -0.5626527890563011 15.700000000000003
    endloop
  endfacet
  facet normal -0.9304512788036763 0.36641563527311927 0
    outer loop
      vertex 1.698857881128788 -0.8135367557406425 15.700000000000003
      vertex 1.698857881128788 -0.8135367557406425 16
      vertex 1.7040513083338737 -0.8003489151597023 15.700000000000003
    endloop
  endfacet
  facet normal -0.9388472003375449 0.3443340448145576 0
    outer loop
      vertex 1.7040513083338737 -0.8003489151597023 15.700000000000003
      vertex 1.7040513083338737 -0.8003489151597023 16
      vertex 1.7105567902326584 -0.7826113328337669 15.700000000000003
    endloop
  endfacet
  facet normal -0.9304512788036763 0.36641563527311927 0
    outer loop
      vertex 1.7040513083338737 -0.8003489151597023 15.700000000000003
      vertex 1.698857881128788 -0.8135367557406425 16
      vertex 1.7040513083338737 -0.8003489151597023 16
    endloop
  endfacet
  facet normal -0.9388472003375449 0.3443340448145576 0
    outer loop
      vertex 1.7105567902326584 -0.7826113328337669 15.700000000000003
      vertex 1.7040513083338737 -0.8003489151597023 16
      vertex 1.7105567902326584 -0.7826113328337669 16
    endloop
  endfacet
  facet normal 0 0 1
    outer loop
      vertex 1.4289026334881783 -0.6793111190199852 15.700000000000003
      vertex 1.7958999201655388 -0.49651825428009033 15.700000000000003
      vertex 1.4937626346945763 -0.4727711156010628 15.700000000000003
    endloop
  endfacet
  facet normal 0 0 1
    outer loop
      vertex 1.4937626346945763 -0.4727711156010628 15.700000000000003
      vertex 1.7958999201655388 -0.49651825428009033 15.700000000000003
      vertex 1.5001299679279327 -0.44631730020046234 15.700000000000003
    endloop
  endfacet
  facet normal 0 0 1
    outer loop
      vertex 1.4289026334881783 -0.6793111190199852 15.700000000000003
      vertex 1.7799815833568573 -0.5626527890563011 15.700000000000003
      vertex 1.785432681441307 -0.5429749935865402 15.700000000000003
    endloop
  endfacet
  facet normal 0 0 1
    outer loop
      vertex 1.4289026334881783 -0.6793111190199852 15.700000000000003
      vertex 1.785432681441307 -0.5429749935865402 15.700000000000003
      vertex 1.7918000146746635 -0.5165211781859398 15.700000000000003
    endloop
  endfacet
  facet normal 0 0 1
    outer loop
      vertex 1.4289026334881783 -0.6793111190199852 15.700000000000003
      vertex 1.7918000146746635 -0.5165211781859398 15.700000000000003
      vertex 1.7958999201655388 -0.49651825428009033 15.700000000000003
    endloop
  endfacet
  facet normal 0 0 1
    outer loop
      vertex 1.5001299679279327 -0.44631730020046234 15.700000000000003
      vertex 1.7958999201655388 -0.49651825428009033 15.700000000000003
      vertex 1.832009918987751 -0.2837682515382767 15.700000000000003
    endloop
  endfacet
  facet normal 0 0 1
    outer loop
      vertex 1.5001299679279327 -0.44631730020046234 15.700000000000003
      vertex 1.8348359242081642 -0.26255790889263153 15.700000000000003
      vertex 1.536239966750145 -0.23356729745864868 15.700000000000003
    endloop
  endfacet
  facet normal 0 0 1
    outer loop
      vertex 1.536239966750145 -0.23356729745864868 15.700000000000003
      vertex 1.837591215968132 -0.23417910188436508 15.700000000000003
      vertex 1.5389952585101128 -0.20518849045038223 15.700000000000003
    endloop
  endfacet
  facet normal 0 0 1
    outer loop
      vertex 1.5389952585101128 -0.20518849045038223 15.700000000000003
      vertex 1.8444181457161903 0.0040687695145606995 15.700000000000003
      vertex 1.5445152595639229 0.011701509356498718 15.700000000000003
    endloop
  endfacet
  facet normal -0.9467192296335999 0.32206008793696156 0
    outer loop
      vertex 1.7105567902326584 -0.7826113328337669 15.700000000000003
      vertex 1.7105567902326584 -0.7826113328337669 16
      vertex 1.7151215821504593 -0.7691927924752235 15.700000000000003
    endloop
  endfacet
  facet normal -0.9467192296335999 0.32206008793696156 0
    outer loop
      vertex 1.7151215821504593 -0.7691927924752235 15.700000000000003
      vertex 1.7105567902326584 -0.7826113328337669 16
      vertex 1.7151215821504593 -0.7691927924752235 16
    endloop
  endfacet
  facet normal -0.9540631517041354 0.2996055783198503 0
    outer loop
      vertex 1.7151215821504593 -0.7691927924752235 15.700000000000003
      vertex 1.7151215821504593 -0.7691927924752235 16
      vertex 1.7799815833568573 -0.5626527890563011 15.700000000000003
    endloop
  endfacet
  facet normal -0.963706558858084 0.26696379607338255 0
    outer loop
      vertex 1.7799815833568573 -0.5626527890563011 15.700000000000003
      vertex 1.7799815833568573 -0.5626527890563011 16
      vertex 1.785432681441307 -0.5429749935865402 15.700000000000003
    endloop
  endfacet
  facet normal -0.9722334869682773 0.23401292019353295 0
    outer loop
      vertex 1.785432681441307 -0.5429749935865402 15.700000000000003
      vertex 1.785432681441307 -0.5429749935865402 16
      vertex 1.7918000146746635 -0.5165211781859398 15.700000000000003
    endloop
  endfacet
  facet normal -0.9540631517041354 0.2996055783198503 0
    outer loop
      vertex 1.7151215821504593 -0.7691927924752235 16
      vertex 1.7799815833568573 -0.5626527890563011 16
      vertex 1.7799815833568573 -0.5626527890563011 15.700000000000003
    endloop
  endfacet
  facet normal -0.963706558858084 0.26696379607338255 0
    outer loop
      vertex 1.785432681441307 -0.5429749935865402 15.700000000000003
      vertex 1.7799815833568573 -0.5626527890563011 16
      vertex 1.785432681441307 -0.5429749935865402 16
    endloop
  endfacet
  facet normal -0.9796341008782312 0.20079100676200515 0
    outer loop
      vertex 1.7918000146746635 -0.5165211781859398 15.700000000000003
      vertex 1.7918000146746635 -0.5165211781859398 16
      vertex 1.7958999201655388 -0.49651825428009033 15.700000000000003
    endloop
  endfacet
  facet normal -0.9722334869682773 0.23401292019353295 0
    outer loop
      vertex 1.7918000146746635 -0.5165211781859398 15.700000000000003
      vertex 1.785432681441307 -0.5429749935865402 16
      vertex 1.7918000146746635 -0.5165211781859398 16
    endloop
  endfacet
  facet normal -0.9796341008782312 0.20079100676200515 0
    outer loop
      vertex 1.7918000146746635 -0.5165211781859398 16
      vertex 1.7958999201655388 -0.49651825428009033 16
      vertex 1.7958999201655388 -0.49651825428009033 15.700000000000003
    endloop
  endfacet
  facet normal 0 0 1
    outer loop
      vertex 1.5001299679279327 -0.44631730020046234 15.700000000000003
      vertex 1.832009918987751 -0.2837682515382767 15.700000000000003
      vertex 1.8348359242081642 -0.26255790889263153 15.700000000000003
    endloop
  endfacet
  facet normal 0 0 1
    outer loop
      vertex 1.536239966750145 -0.23356729745864868 15.700000000000003
      vertex 1.8348359242081642 -0.26255790889263153 15.700000000000003
      vertex 1.837591215968132 -0.23417910188436508 15.700000000000003
    endloop
  endfacet
  facet normal 0 0 1
    outer loop
      vertex 1.5389952585101128 -0.20518849045038223 15.700000000000003
      vertex 1.837591215968132 -0.23417910188436508 15.700000000000003
      vertex 1.8388981446623802 -0.21282123029232025 15.700000000000003
    endloop
  endfacet
  facet normal -0.9858998396672112 0.1673365057127929 0
    outer loop
      vertex 1.7958999201655388 -0.49651825428009033 15.700000000000003
      vertex 1.7958999201655388 -0.49651825428009033 16
      vertex 1.832009918987751 -0.2837682515382767 15.700000000000003
    endloop
  endfacet
  facet normal -0.9858998396672112 0.1673365057127929 0
    outer loop
      vertex 1.7958999201655388 -0.49651825428009033 16
      vertex 1.832009918987751 -0.2837682515382767 16
      vertex 1.832009918987751 -0.2837682515382767 15.700000000000003
    endloop
  endfacet
  facet normal -0.9912403886686448 0.1320700263952197 0
    outer loop
      vertex 1.832009918987751 -0.2837682515382767 15.700000000000003
      vertex 1.832009918987751 -0.2837682515382767 16
      vertex 1.8348359242081642 -0.26255790889263153 15.700000000000003
    endloop
  endfacet
  facet normal -0.9953198505039199 0.09663537236878934 0
    outer loop
      vertex 1.8348359242081642 -0.26255790889263153 15.700000000000003
      vertex 1.8348359242081642 -0.26255790889263153 16
      vertex 1.837591215968132 -0.23417910188436508 15.700000000000003
    endloop
  endfacet
  facet normal -0.9981330173081369 0.061077653518734606 0
    outer loop
      vertex 1.837591215968132 -0.23417910188436508 15.700000000000003
      vertex 1.837591215968132 -0.23417910188436508 16
      vertex 1.8388981446623802 -0.21282123029232025 15.700000000000003
    endloop
  endfacet
  facet normal -0.9912403886686448 0.1320700263952197 0
    outer loop
      vertex 1.832009918987751 -0.2837682515382767 16
      vertex 1.8348359242081642 -0.26255790889263153 16
      vertex 1.8348359242081642 -0.26255790889263153 15.700000000000003
    endloop
  endfacet
  facet normal -0.9953198505039199 0.09663537236878934 0
    outer loop
      vertex 1.837591215968132 -0.23417910188436508 15.700000000000003
      vertex 1.8348359242081642 -0.26255790889263153 16
      vertex 1.837591215968132 -0.23417910188436508 16
    endloop
  endfacet
  facet normal -0.9981330173081369 0.061077653518734606 0
    outer loop
      vertex 1.8388981446623802 -0.21282123029232025 15.700000000000003
      vertex 1.837591215968132 -0.23417910188436508 16
      vertex 1.8388981446623802 -0.21282123029232025 16
    endloop
  endfacet
  facet normal 0 0 1
    outer loop
      vertex 1.5389952585101128 -0.20518849045038223 15.700000000000003
      vertex 1.8388981446623802 -0.21282123029232025 15.700000000000003
      vertex 1.8444181457161903 0.0040687695145606995 15.700000000000003
    endloop
  endfacet
  facet normal -0.9996762883348435 0.025442455484304245 0
    outer loop
      vertex 1.8388981446623802 -0.21282123029232025 15.700000000000003
      vertex 1.8388981446623802 -0.21282123029232025 16
      vertex 1.8444181457161903 0.0040687695145606995 15.700000000000003
    endloop
  endfacet
  facet normal -0.9996762883348435 0.025442455484304245 0
    outer loop
      vertex 1.8388981446623802 -0.21282123029232025 16
      vertex 1.8444181457161903 0.0040687695145606995 16
      vertex 1.8444181457161903 0.0040687695145606995 15.700000000000003
    endloop
  endfacet
  facet normal 0 0 1
    outer loop
      vertex -0.2651657536625862 1.89949931204319 15.700000000000003
      vertex 0.0666949450969696 1.6171233728528023 15.700000000000003
      vertex 0.28105495125055313 1.5975733771920204 15.700000000000003
    endloop
  endfacet
  facet normal 0 0 1
    outer loop
      vertex 0.28105495125055313 1.5975733771920204 15.700000000000003
      vertex 0.30511781573295593 1.5938912108540535 15.700000000000003
      vertex 0.030024178326129913 1.9176074117422104 15.700000000000003
    endloop
  endfacet
  facet normal 0 0 1
    outer loop
      vertex 0.30511781573295593 1.5938912108540535 15.700000000000003
      vertex 0.5148778110742569 1.548581212759018 15.700000000000003
      vertex 0.030024178326129913 1.9176074117422104 15.700000000000003
    endloop
  endfacet
  facet normal 0 0 1
    outer loop
      vertex 0.04921618103981018 1.9177039042115211 15.700000000000003
      vertex 0.5148778110742569 1.548581212759018 15.700000000000003
      vertex 0.5449401661753654 1.5395682379603386 15.700000000000003
    endloop
  endfacet
  facet normal 0 0 1
    outer loop
      vertex 0.07478345930576324 1.9170143157243729 15.700000000000003
      vertex 0.5449401661753654 1.5395682379603386 15.700000000000003
      vertex 0.7425101697444916 1.4629782363772392 15.700000000000003
    endloop
  endfacet
  facet normal 0 0 1
    outer loop
      vertex 0.3083023726940155 1.8963334411382675 15.700000000000003
      vertex 0.9540164470672607 1.3346315175294876 15.700000000000003
      vertex 0.32643356919288635 1.894121490418911 15.700000000000003
    endloop
  endfacet
  facet normal 0 0 1
    outer loop
      vertex 0.3083023726940155 1.8963334411382675 15.700000000000003
      vertex 0.7425101697444916 1.4629782363772392 15.700000000000003
      vertex 0.7764564529061317 1.445951521396637 15.700000000000003
    endloop
  endfacet
  facet normal 0 0 1
    outer loop
      vertex 0.32643356919288635 1.894121490418911 15.700000000000003
      vertex 0.9540164470672607 1.3346315175294876 15.700000000000003
      vertex 0.35049643367528915 1.890439324080944 15.700000000000003
    endloop
  endfacet
  facet normal 0 0 1
    outer loop
      vertex 0.9860894083976746 1.3096462786197662 15.700000000000003
      vertex 0.3684595376253128 1.8871280178427696 15.700000000000003
      vertex 0.35049643367528915 1.890439324080944 15.700000000000003
    endloop
  endfacet
  facet normal 0 0 1
    outer loop
      vertex 0.3083023726940155 1.8963334411382675 15.700000000000003
      vertex 0.7764564529061317 1.445951521396637 15.700000000000003
      vertex 0.9540164470672607 1.3346315175294876 15.700000000000003
    endloop
  endfacet
  facet normal 0 0 1
    outer loop
      vertex 0.9860894083976746 1.3096462786197662 15.700000000000003
      vertex 0.35049643367528915 1.890439324080944 15.700000000000003
      vertex 0.9540164470672607 1.3346315175294876 15.700000000000003
    endloop
  endfacet
  facet normal 0 0 1
    outer loop
      vertex 1.5445152595639229 0.011701509356498718 15.700000000000003
      vertex 1.8433620855212212 0.04807811230421066 15.700000000000003
      vertex 1.543572761118412 0.03683699667453766 15.700000000000003
    endloop
  endfacet
  facet normal 0 0 1
    outer loop
      vertex 1.543572761118412 0.03683699667453766 15.700000000000003
      vertex 1.8202118948101997 0.283797487616539 15.700000000000003
      vertex 1.5217227563261986 0.2537269964814186 15.700000000000003
    endloop
  endfacet
  facet normal 0 0 1
    outer loop
      vertex 1.5183274149894714 0.27541307359933853 15.700000000000003
      vertex 1.5217227563261986 0.2537269964814186 15.700000000000003
      vertex 1.8202118948101997 0.283797487616539 15.700000000000003
    endloop
  endfacet
  facet normal 0 0 1
    outer loop
      vertex 1.5183274149894714 0.27541307359933853 15.700000000000003
      vertex 1.8117235451936722 0.3380126729607582 15.700000000000003
      vertex 1.7661835476756096 0.551452673971653 15.700000000000003
    endloop
  endfacet
  facet normal 0 0 1
    outer loop
      vertex 1.30020210146904 0.932585284113884 15.700000000000003
      vertex 1.391282096505165 0.7386952862143517 15.700000000000003
      vertex 1.7528392001986504 0.6012557744979858 15.700000000000003
    endloop
  endfacet
  facet normal 0 0 1
    outer loop
      vertex 1.2833743914961815 0.9617437049746513 15.700000000000003
      vertex 1.30020210146904 0.932585284113884 15.700000000000003
      vertex 1.7528392001986504 0.6012557744979858 15.700000000000003
    endloop
  endfacet
  facet normal 0 0 1
    outer loop
      vertex 1.5183274149894714 0.27541307359933853 15.700000000000003
      vertex 1.7661835476756096 0.551452673971653 15.700000000000003
      vertex 1.4727874174714088 0.4888530746102333 15.700000000000003
    endloop
  endfacet
  facet normal 0 0 1
    outer loop
      vertex 1.4727874174714088 0.4888530746102333 15.700000000000003
      vertex 1.7661835476756096 0.551452673971653 15.700000000000003
      vertex 1.4674496799707413 0.5087743103504181 15.700000000000003
    endloop
  endfacet
  facet normal 0 0 1
    outer loop
      vertex 1.4674496799707413 0.5087743103504181 15.700000000000003
      vertex 1.7528392001986504 0.6012557744979858 15.700000000000003
      vertex 1.4005196765065193 0.7153143063187599 15.700000000000003
    endloop
  endfacet
  facet normal 0 0 1
    outer loop
      vertex 1.4674496799707413 0.5087743103504181 15.700000000000003
      vertex 1.7661835476756096 0.551452673971653 15.700000000000003
      vertex 1.7625656798481941 0.5664968639612198 15.700000000000003
    endloop
  endfacet
  facet normal 0 0 1
    outer loop
      vertex 1.4674496799707413 0.5087743103504181 15.700000000000003
      vertex 1.7625656798481941 0.5664968639612198 15.700000000000003
      vertex 1.7572279423475266 0.5864180997014046 15.700000000000003
    endloop
  endfacet
  facet normal 0 0 1
    outer loop
      vertex 1.4674496799707413 0.5087743103504181 15.700000000000003
      vertex 1.7572279423475266 0.5864180997014046 15.700000000000003
      vertex 1.7528392001986504 0.6012557744979858 15.700000000000003
    endloop
  endfacet
  facet normal 0 0 1
    outer loop
      vertex 1.7528392001986504 0.6012557744979858 15.700000000000003
      vertex 1.391282096505165 0.7386952862143517 15.700000000000003
      vertex 1.4005196765065193 0.7153143063187599 15.700000000000003
    endloop
  endfacet
  facet normal -0.9512984019433229 -0.30827155311523646 0
    outer loop
      vertex 1.7528392001986504 0.6012557744979858 16
      vertex 1.6859091967344284 0.8077957704663277 16
      vertex 1.6859091967344284 0.8077957704663277 15.700000000000003
    endloop
  endfacet
  facet normal -0.9300431586014277 -0.36745030022940467 0
    outer loop
      vertex 1.6795326247811317 0.8255493938922882 15.700000000000003
      vertex 1.6795326247811317 0.8255493938922882 16
      vertex 1.6702950447797775 0.8489303737878799 15.700000000000003
    endloop
  endfacet
  facet normal -0.9411360545201488 -0.3380279971869894 0
    outer loop
      vertex 1.6859091967344284 0.8077957704663277 15.700000000000003
      vertex 1.6859091967344284 0.8077957704663277 16
      vertex 1.6795326247811317 0.8255493938922882 15.700000000000003
    endloop
  endfacet
  facet normal -0.9411360545201488 -0.3380279971869894 0
    outer loop
      vertex 1.6795326247811317 0.8255493938922882 15.700000000000003
      vertex 1.6859091967344284 0.8077957704663277 16
      vertex 1.6795326247811317 0.8255493938922882 16
    endloop
  endfacet
  facet normal -0.9300431586014277 -0.36745030022940467 0
    outer loop
      vertex 1.6795326247811317 0.8255493938922882 16
      vertex 1.6702950447797775 0.8489303737878799 16
      vertex 1.6702950447797775 0.8489303737878799 15.700000000000003
    endloop
  endfacet
  facet normal 0 0 1
    outer loop
      vertex 0.9860894083976746 1.3096462786197662 15.700000000000003
      vertex 1.7528392001986504 0.6012557744979858 15.700000000000003
      vertex 0.3684595376253128 1.8871280178427696 15.700000000000003
    endloop
  endfacet
  facet normal 0 0 1
    outer loop
      vertex 0.3684595376253128 1.8871280178427696 15.700000000000003
      vertex 1.7528392001986504 0.6012557744979858 15.700000000000003
      vertex 1.6859091967344284 0.8077957704663277 15.700000000000003
    endloop
  endfacet
  facet normal 0 0 1
    outer loop
      vertex 0.3684595376253128 1.8871280178427696 15.700000000000003
      vertex 1.6859091967344284 0.8077957704663277 15.700000000000003
      vertex 1.6795326247811317 0.8255493938922882 15.700000000000003
    endloop
  endfacet
  facet normal 0 0 1
    outer loop
      vertex 0.3684595376253128 1.8871280178427696 15.700000000000003
      vertex 1.6795326247811317 0.8255493938922882 15.700000000000003
      vertex 1.6702950447797775 0.8489303737878799 15.700000000000003
    endloop
  endfacet
  facet normal 0 0 1
    outer loop
      vertex 0.3684595376253128 1.8871280178427696 15.700000000000003
      vertex 1.6702950447797775 0.8489303737878799 15.700000000000003
      vertex 1.6628152430057526 0.866248220205307 15.700000000000003
    endloop
  endfacet
  facet normal 0 0 1
    outer loop
      vertex 0.3684595376253128 1.8871280178427696 15.700000000000003
      vertex 1.6628152430057526 0.866248220205307 15.700000000000003
      vertex 0.5782195329666138 1.841818019747734 15.700000000000003
    endloop
  endfacet
  facet normal 0 0 1
    outer loop
      vertex 0.5782195329666138 1.841818019747734 15.700000000000003
      vertex 1.6628152430057526 0.866248220205307 15.700000000000003
      vertex 0.6010319069027901 1.8359441757202148 15.700000000000003
    endloop
  endfacet
  facet normal 0 0 1
    outer loop
      vertex 0.6310942620038986 1.8269312009215355 15.700000000000003
      vertex 0.6010319069027901 1.8359441757202148 15.700000000000003
      vertex 1.6628152430057526 0.866248220205307 15.700000000000003
    endloop
  endfacet
  facet normal 0 0 1
    outer loop
      vertex 0.6310942620038986 1.8269312009215355 15.700000000000003
      vertex 1.6628152430057526 0.866248220205307 15.700000000000003
      vertex 0.6533754169940948 1.819285586476326 15.700000000000003
    endloop
  endfacet
  facet normal 0 0 1
    outer loop
      vertex 0.6533754169940948 1.819285586476326 15.700000000000003
      vertex 1.5717352479696274 1.0601382181048393 15.700000000000003
      vertex 0.850945420563221 1.7426955848932266 15.700000000000003
    endloop
  endfacet
  facet normal -0.4903160451241144 -0.8715447067671557 0
    outer loop
      vertex 0.9109589904546738 1.714110180735588 15.700000000000003
      vertex 0.9358111321926117 1.7001287937164307 15.700000000000003
      vertex 0.9358111321926117 1.7001287937164307 16
    endloop
  endfacet
  facet normal -0.5311822522556804 -0.8472575847335819 0
    outer loop
      vertex 0.9358111321926117 1.7001287937164307 15.700000000000003
      vertex 1.1133711263537407 1.5888087898492813 15.700000000000003
      vertex 1.1133711263537407 1.5888087898492813 16
    endloop
  endfacet
  facet normal -0.5311822522556804 -0.8472575847335819 0
    outer loop
      vertex 0.9358111321926117 1.7001287937164307 15.700000000000003
      vertex 1.1133711263537407 1.5888087898492813 16
      vertex 0.9358111321926117 1.7001287937164307 16
    endloop
  endfacet
  facet normal 0 0 1
    outer loop
      vertex 1.138380654156208 1.5712954998016357 15.700000000000003
      vertex 1.1133711263537407 1.5888087898492813 15.700000000000003
      vertex 1.409375973045826 1.305994264781475 15.700000000000003
    endloop
  endfacet
  facet normal 0 0 1
    outer loop
      vertex 1.138380654156208 1.5712954998016357 15.700000000000003
      vertex 1.3910954520106316 1.3296676948666573 15.700000000000003
      vertex 1.1704536154866219 1.5463102608919144 15.700000000000003
    endloop
  endfacet
  facet normal 0 0 1
    outer loop
      vertex 1.1935535296797752 1.5263457000255585 15.700000000000003
      vertex 1.1704536154866219 1.5463102608919144 15.700000000000003
      vertex 1.365210473537445 1.359940268099308 15.700000000000003
    endloop
  endfacet
  facet normal -0.6915470744782947 -0.7223313947077976 0
    outer loop
      vertex 1.1935535296797752 1.5263457000255585 15.700000000000003
      vertex 1.34466353058815 1.3816757053136826 16
      vertex 1.1935535296797752 1.5263457000255585 16
    endloop
  endfacet
  facet normal 0 0 1
    outer loop
      vertex 0.850945420563221 1.7426955848932266 15.700000000000003
      vertex 1.5717352479696274 1.0601382181048393 15.700000000000003
      vertex 0.8770127072930336 1.7311368957161903 15.700000000000003
    endloop
  endfacet
  facet normal 0 0 1
    outer loop
      vertex 0.8770127072930336 1.7311368957161903 15.700000000000003
      vertex 1.5600363910198212 1.082539089024067 15.700000000000003
      vertex 0.9109589904546738 1.714110180735588 15.700000000000003
    endloop
  endfacet
  facet normal 0 0 1
    outer loop
      vertex 0.9109589904546738 1.714110180735588 15.700000000000003
      vertex 1.5432086810469627 1.1116975098848343 15.700000000000003
      vertex 0.9358111321926117 1.7001287937164307 15.700000000000003
    endloop
  endfacet
  facet normal 0 0 1
    outer loop
      vertex 0.9358111321926117 1.7001287937164307 15.700000000000003
      vertex 1.409375973045826 1.305994264781475 15.700000000000003
      vertex 1.1133711263537407 1.5888087898492813 15.700000000000003
    endloop
  endfacet
  facet normal -0.5736078669859322 -0.8191300354228559 0
    outer loop
      vertex 1.138380654156208 1.5712954998016357 15.700000000000003
      vertex 1.138380654156208 1.5712954998016357 16
      vertex 1.1133711263537407 1.5888087898492813 15.700000000000003
    endloop
  endfacet
  facet normal -0.6145473557928893 -0.7888799322380865 0
    outer loop
      vertex 1.138380654156208 1.5712954998016357 15.700000000000003
      vertex 1.1704536154866219 1.5463102608919144 15.700000000000003
      vertex 1.1704536154866219 1.5463102608919144 16
    endloop
  endfacet
  facet normal -0.5736078669859322 -0.8191300354228559 0
    outer loop
      vertex 1.1133711263537407 1.5888087898492813 15.700000000000003
      vertex 1.138380654156208 1.5712954998016357 16
      vertex 1.1133711263537407 1.5888087898492813 16
    endloop
  endfacet
  facet normal -0.6145473557928893 -0.7888799322380865 0
    outer loop
      vertex 1.138380654156208 1.5712954998016357 15.700000000000003
      vertex 1.1704536154866219 1.5463102608919144 16
      vertex 1.138380654156208 1.5712954998016357 16
    endloop
  endfacet
  facet normal -0.6538943817318366 -0.7565858428093533 0
    outer loop
      vertex 1.1935535296797752 1.5263457000255585 15.700000000000003
      vertex 1.1935535296797752 1.5263457000255585 16
      vertex 1.1704536154866219 1.5463102608919144 15.700000000000003
    endloop
  endfacet
  facet normal -0.6538943817318366 -0.7565858428093533 0
    outer loop
      vertex 1.1704536154866219 1.5463102608919144 15.700000000000003
      vertex 1.1935535296797752 1.5263457000255585 16
      vertex 1.1704536154866219 1.5463102608919144 16
    endloop
  endfacet
  facet normal 0 0 1
    outer loop
      vertex 0.9860894083976746 1.3096462786197662 15.700000000000003
      vertex 1.1371994093060493 1.1649762839078903 15.700000000000003
      vertex 1.7528392001986504 0.6012557744979858 15.700000000000003
    endloop
  endfacet
  facet normal 0 0 1
    outer loop
      vertex 1.1371994093060493 1.1649762839078903 15.700000000000003
      vertex 1.1630843877792358 1.1347037106752396 15.700000000000003
      vertex 1.7528392001986504 0.6012557744979858 15.700000000000003
    endloop
  endfacet
  facet normal 0 0 1
    outer loop
      vertex 1.2833743914961815 0.9617437049746513 15.700000000000003
      vertex 1.7528392001986504 0.6012557744979858 15.700000000000003
      vertex 1.1630843877792358 1.1347037106752396 15.700000000000003
    endloop
  endfacet
  facet normal 0 0 1
    outer loop
      vertex 0.6533754169940948 1.819285586476326 15.700000000000003
      vertex 1.6628152430057526 0.866248220205307 15.700000000000003
      vertex 1.5717352479696274 1.0601382181048393 15.700000000000003
    endloop
  endfacet
  facet normal -0.8209719514603856 -0.5709685235766736 0
    outer loop
      vertex 1.409375973045826 1.305994264781475 15.700000000000003
      vertex 1.5296659767627716 1.1330342590808868 15.700000000000003
      vertex 1.5296659767627716 1.1330342590808868 16
    endloop
  endfacet
  facet normal -0.8209719514603856 -0.5709685235766736 0
    outer loop
      vertex 1.409375973045826 1.305994264781475 15.700000000000003
      vertex 1.5296659767627716 1.1330342590808868 16
      vertex 1.409375973045826 1.305994264781475 16
    endloop
  endfacet
  facet normal -0.8863990312528638 -0.4629219776528055 0
    outer loop
      vertex 1.5600363910198212 1.082539089024067 15.700000000000003
      vertex 1.5717352479696274 1.0601382181048393 15.700000000000003
      vertex 1.5717352479696274 1.0601382181048393 16
    endloop
  endfacet
  facet normal -0.9051104883240805 -0.4251764385825543 0
    outer loop
      vertex 1.6628152430057526 0.866248220205307 16
      vertex 1.5717352479696274 1.0601382181048393 16
      vertex 1.5717352479696274 1.0601382181048393 15.700000000000003
    endloop
  endfacet
  facet normal -0.9051104883240805 -0.4251764385825543 0
    outer loop
      vertex 1.6628152430057526 0.866248220205307 15.700000000000003
      vertex 1.6628152430057526 0.866248220205307 16
      vertex 1.5717352479696274 1.0601382181048393 15.700000000000003
    endloop
  endfacet
  facet normal -0.9180306936046151 -0.39650932599351235 0
    outer loop
      vertex 1.6628152430057526 0.866248220205307 15.700000000000003
      vertex 1.6702950447797775 0.8489303737878799 15.700000000000003
      vertex 1.6702950447797775 0.8489303737878799 16
    endloop
  endfacet
  facet normal -0.9180306936046151 -0.39650932599351235 0
    outer loop
      vertex 1.6628152430057526 0.866248220205307 15.700000000000003
      vertex 1.6702950447797775 0.8489303737878799 16
      vertex 1.6628152430057526 0.866248220205307 16
    endloop
  endfacet
  facet normal -0.844292271960301 -0.5358829718400403 0
    outer loop
      vertex 1.5296659767627716 1.1330342590808868 15.700000000000003
      vertex 1.5432086810469627 1.1116975098848343 15.700000000000003
      vertex 1.5432086810469627 1.1116975098848343 16
    endloop
  endfacet
  facet normal -0.8661142949824789 -0.4998460043123317 0
    outer loop
      vertex 1.5600363910198212 1.082539089024067 15.700000000000003
      vertex 1.5600363910198212 1.082539089024067 16
      vertex 1.5432086810469627 1.1116975098848343 15.700000000000003
    endloop
  endfacet
  facet normal -0.8661142949824789 -0.4998460043123317 0
    outer loop
      vertex 1.5432086810469627 1.1116975098848343 15.700000000000003
      vertex 1.5600363910198212 1.082539089024067 16
      vertex 1.5432086810469627 1.1116975098848343 16
    endloop
  endfacet
  facet normal -0.844292271960301 -0.5358829718400403 0
    outer loop
      vertex 1.5296659767627716 1.1330342590808868 15.700000000000003
      vertex 1.5432086810469627 1.1116975098848343 16
      vertex 1.5296659767627716 1.1330342590808868 16
    endloop
  endfacet
  facet normal -0.8863990312528638 -0.4629219776528055 0
    outer loop
      vertex 1.5600363910198212 1.082539089024067 15.700000000000003
      vertex 1.5717352479696274 1.0601382181048393 16
      vertex 1.5600363910198212 1.082539089024067 16
    endloop
  endfacet
  facet normal 0 0 1
    outer loop
      vertex 0.9358111321926117 1.7001287937164307 15.700000000000003
      vertex 1.5296659767627716 1.1330342590808868 15.700000000000003
      vertex 1.409375973045826 1.305994264781475 15.700000000000003
    endloop
  endfacet
  facet normal 0 0 1
    outer loop
      vertex 0.8770127072930336 1.7311368957161903 15.700000000000003
      vertex 1.5717352479696274 1.0601382181048393 15.700000000000003
      vertex 1.5600363910198212 1.082539089024067 15.700000000000003
    endloop
  endfacet
  facet normal 0 0 1
    outer loop
      vertex 0.9109589904546738 1.714110180735588 15.700000000000003
      vertex 1.5600363910198212 1.082539089024067 15.700000000000003
      vertex 1.5432086810469627 1.1116975098848343 15.700000000000003
    endloop
  endfacet
  facet normal 0 0 1
    outer loop
      vertex 0.9358111321926117 1.7001287937164307 15.700000000000003
      vertex 1.5432086810469627 1.1116975098848343 15.700000000000003
      vertex 1.5296659767627716 1.1330342590808868 15.700000000000003
    endloop
  endfacet
  facet normal 0 0 1
    outer loop
      vertex 1.1704536154866219 1.5463102608919144 15.700000000000003
      vertex 1.3910954520106316 1.3296676948666573 15.700000000000003
      vertex 1.365210473537445 1.359940268099308 15.700000000000003
    endloop
  endfacet
  facet normal 0 0 1
    outer loop
      vertex 1.1935535296797752 1.5263457000255585 15.700000000000003
      vertex 1.365210473537445 1.359940268099308 15.700000000000003
      vertex 1.34466353058815 1.3816757053136826 15.700000000000003
    endloop
  endfacet
  facet normal 0 0 1
    outer loop
      vertex 1.138380654156208 1.5712954998016357 15.700000000000003
      vertex 1.409375973045826 1.305994264781475 15.700000000000003
      vertex 1.3910954520106316 1.3296676948666573 15.700000000000003
    endloop
  endfacet
  facet normal -0.7266954719355198 -0.6869597448674937 0
    outer loop
      vertex 1.365210473537445 1.359940268099308 15.700000000000003
      vertex 1.365210473537445 1.359940268099308 16
      vertex 1.34466353058815 1.3816757053136826 15.700000000000003
    endloop
  endfacet
  facet normal -0.7600368784692816 -0.6498799453488857 0
    outer loop
      vertex 1.3910954520106316 1.3296676948666573 15.700000000000003
      vertex 1.3910954520106316 1.3296676948666573 16
      vertex 1.365210473537445 1.359940268099308 15.700000000000003
    endloop
  endfacet
  facet normal -0.7266954719355198 -0.6869597448674937 0
    outer loop
      vertex 1.34466353058815 1.3816757053136826 15.700000000000003
      vertex 1.365210473537445 1.359940268099308 16
      vertex 1.34466353058815 1.3816757053136826 16
    endloop
  endfacet
  facet normal -0.7600368784692816 -0.6498799453488857 0
    outer loop
      vertex 1.3910954520106316 1.3296676948666573 16
      vertex 1.365210473537445 1.359940268099308 16
      vertex 1.365210473537445 1.359940268099308 15.700000000000003
    endloop
  endfacet
  facet normal -0.6915470744782947 -0.7223313947077976 0
    outer loop
      vertex 1.1935535296797752 1.5263457000255585 15.700000000000003
      vertex 1.34466353058815 1.3816757053136826 15.700000000000003
      vertex 1.34466353058815 1.3816757053136826 16
    endloop
  endfacet
  facet normal -0.7914885188840148 -0.6111840348657586 0
    outer loop
      vertex 1.3910954520106316 1.3296676948666573 15.700000000000003
      vertex 1.409375973045826 1.305994264781475 15.700000000000003
      vertex 1.409375973045826 1.305994264781475 16
    endloop
  endfacet
  facet normal -0.7914885188840148 -0.6111840348657586 0
    outer loop
      vertex 1.3910954520106316 1.3296676948666573 15.700000000000003
      vertex 1.409375973045826 1.305994264781475 16
      vertex 1.3910954520106316 1.3296676948666573 16
    endloop
  endfacet
  facet normal 0 0 1
    outer loop
      vertex -0.18111582100391388 1.9097874164581299 15.700000000000003
      vertex 0.28105495125055313 1.5975733771920204 15.700000000000003
      vertex 0.030024178326129913 1.9176074117422104 15.700000000000003
    endloop
  endfacet
  facet normal 0 0 1
    outer loop
      vertex 0.030024178326129913 1.9176074117422104 15.700000000000003
      vertex 0.5148778110742569 1.548581212759018 15.700000000000003
      vertex 0.04921618103981018 1.9177039042115211 15.700000000000003
    endloop
  endfacet
  facet normal 0.005027680080872687 -0.9999873611366318 0
    outer loop
      vertex 0.030024178326129913 1.9176074117422104 15.700000000000003
      vertex 0.04921618103981018 1.9177039042115211 15.700000000000003
      vertex 0.04921618103981018 1.9177039042115211 16
    endloop
  endfacet
  facet normal -0.02696172004045445 -0.9996364667480174 0
    outer loop
      vertex 0.07478345930576324 1.9170143157243729 15.700000000000003
      vertex 0.07478345930576324 1.9170143157243729 16
      vertex 0.04921618103981018 1.9177039042115211 15.700000000000003
    endloop
  endfacet
  facet normal -0.058923716066374685 -0.998262488369131 0
    outer loop
      vertex 0.07478345930576324 1.9170143157243729 15.700000000000003
      vertex 0.09394236654043198 1.9158834367990494 15.700000000000003
      vertex 0.09394236654043198 1.9158834367990494 16
    endloop
  endfacet
  facet normal 0.005027680080872687 -0.9999873611366318 0
    outer loop
      vertex 0.030024178326129913 1.9176074117422104 15.700000000000003
      vertex 0.04921618103981018 1.9177039042115211 16
      vertex 0.030024178326129913 1.9176074117422104 16
    endloop
  endfacet
  facet normal -0.02696172004045445 -0.9996364667480174 0
    outer loop
      vertex 0.04921618103981018 1.9177039042115211 15.700000000000003
      vertex 0.07478345930576324 1.9170143157243729 16
      vertex 0.04921618103981018 1.9177039042115211 16
    endloop
  endfacet
  facet normal -0.058923716066374685 -0.998262488369131 0
    outer loop
      vertex 0.07478345930576324 1.9170143157243729 15.700000000000003
      vertex 0.09394236654043198 1.9158834367990494 16
      vertex 0.07478345930576324 1.9170143157243729 16
    endloop
  endfacet
  facet normal -0.09082474736658849 -0.9958668913392971 0
    outer loop
      vertex 0.09394236654043198 1.9158834367990494 15.700000000000003
      vertex 0.3083023726940155 1.8963334411382675 16
      vertex 0.09394236654043198 1.9158834367990494 16
    endloop
  endfacet
  facet normal 0 0 1
    outer loop
      vertex 0.07478345930576324 1.9170143157243729 15.700000000000003
      vertex 0.04921618103981018 1.9177039042115211 15.700000000000003
      vertex 0.5449401661753654 1.5395682379603386 15.700000000000003
    endloop
  endfacet
  facet normal 0 0 1
    outer loop
      vertex 0.07478345930576324 1.9170143157243729 15.700000000000003
      vertex 0.7425101697444916 1.4629782363772392 15.700000000000003
      vertex 0.09394236654043198 1.9158834367990494 15.700000000000003
    endloop
  endfacet
  facet normal 0 0 1
    outer loop
      vertex 0.09394236654043198 1.9158834367990494 15.700000000000003
      vertex 0.7425101697444916 1.4629782363772392 15.700000000000003
      vertex 0.3083023726940155 1.8963334411382675 15.700000000000003
    endloop
  endfacet
  facet normal -0.09082474736658849 -0.9958668913392971 0
    outer loop
      vertex 0.09394236654043198 1.9158834367990494 15.700000000000003
      vertex 0.3083023726940155 1.8963334411382675 15.700000000000003
      vertex 0.3083023726940155 1.8963334411382675 16
    endloop
  endfacet
  facet normal -0.12109910642502425 -0.992640421513783 0
    outer loop
      vertex 0.3083023726940155 1.8963334411382675 15.700000000000003
      vertex 0.32643356919288635 1.894121490418911 15.700000000000003
      vertex 0.32643356919288635 1.894121490418911 16
    endloop
  endfacet
  facet normal -0.12109910642502425 -0.992640421513783 0
    outer loop
      vertex 0.3083023726940155 1.8963334411382675 15.700000000000003
      vertex 0.32643356919288635 1.894121490418911 16
      vertex 0.3083023726940155 1.8963334411382675 16
    endloop
  endfacet
  facet normal -0.15126205048341457 -0.9884936985553084 0
    outer loop
      vertex 0.32643356919288635 1.894121490418911 15.700000000000003
      vertex 0.35049643367528915 1.890439324080944 15.700000000000003
      vertex 0.35049643367528915 1.890439324080944 16
    endloop
  endfacet
  facet normal -0.18128492394217863 -0.9834306159314334 0
    outer loop
      vertex 0.35049643367528915 1.890439324080944 15.700000000000003
      vertex 0.3684595376253128 1.8871280178427696 15.700000000000003
      vertex 0.3684595376253128 1.8871280178427696 16
    endloop
  endfacet
  facet normal -0.15126205048341457 -0.9884936985553084 0
    outer loop
      vertex 0.32643356919288635 1.894121490418911 15.700000000000003
      vertex 0.35049643367528915 1.890439324080944 16
      vertex 0.32643356919288635 1.894121490418911 16
    endloop
  endfacet
  facet normal -0.18128492394217863 -0.9834306159314334 0
    outer loop
      vertex 0.35049643367528915 1.890439324080944 15.700000000000003
      vertex 0.3684595376253128 1.8871280178427696 16
      vertex 0.35049643367528915 1.890439324080944 16
    endloop
  endfacet
  facet normal -0.2111390726258418 -0.9774560307301294 0
    outer loop
      vertex 0.3684595376253128 1.8871280178427696 15.700000000000003
      vertex 0.5782195329666138 1.841818019747734 15.700000000000003
      vertex 0.5782195329666138 1.841818019747734 16
    endloop
  endfacet
  facet normal -0.2111390726258418 -0.9774560307301294 0
    outer loop
      vertex 0.3684595376253128 1.8871280178427696 15.700000000000003
      vertex 0.5782195329666138 1.841818019747734 16
      vertex 0.3684595376253128 1.8871280178427696 16
    endloop
  endfacet
  facet normal -0.24935180965455392 -0.9684129671901338 0
    outer loop
      vertex 0.5782195329666138 1.841818019747734 15.700000000000003
      vertex 0.6010319069027901 1.8359441757202148 15.700000000000003
      vertex 0.6010319069027901 1.8359441757202148 16
    endloop
  endfacet
  facet normal -0.2871803306090775 -0.9578765357347787 0
    outer loop
      vertex 0.6310942620038986 1.8269312009215355 15.700000000000003
      vertex 0.6310942620038986 1.8269312009215355 16
      vertex 0.6010319069027901 1.8359441757202148 15.700000000000003
    endloop
  endfacet
  facet normal -0.24935180965455392 -0.9684129671901338 0
    outer loop
      vertex 0.5782195329666138 1.841818019747734 15.700000000000003
      vertex 0.6010319069027901 1.8359441757202148 16
      vertex 0.5782195329666138 1.841818019747734 16
    endloop
  endfacet
  facet normal -0.2871803306090775 -0.9578765357347787 0
    outer loop
      vertex 0.6310942620038986 1.8269312009215355 16
      vertex 0.6010319069027901 1.8359441757202148 16
      vertex 0.6010319069027901 1.8359441757202148 15.700000000000003
    endloop
  endfacet
  facet normal -0.3245659541039048 -0.9458630669587549 0
    outer loop
      vertex 0.6310942620038986 1.8269312009215355 15.700000000000003
      vertex 0.6533754169940948 1.819285586476326 16
      vertex 0.6310942620038986 1.8269312009215355 16
    endloop
  endfacet
  facet normal -0.36145082806827616 -0.9323911726784834 0
    outer loop
      vertex 0.6533754169940948 1.819285586476326 15.700000000000003
      vertex 0.850945420563221 1.7426955848932266 16
      vertex 0.6533754169940948 1.819285586476326 16
    endloop
  endfacet
  facet normal -0.3245659541039048 -0.9458630669587549 0
    outer loop
      vertex 0.6310942620038986 1.8269312009215355 15.700000000000003
      vertex 0.6533754169940948 1.819285586476326 15.700000000000003
      vertex 0.6533754169940948 1.819285586476326 16
    endloop
  endfacet
  facet normal -0.36145082806827616 -0.9323911726784834 0
    outer loop
      vertex 0.6533754169940948 1.819285586476326 15.700000000000003
      vertex 0.850945420563221 1.7426955848932266 15.700000000000003
      vertex 0.850945420563221 1.7426955848932266 16
    endloop
  endfacet
  facet normal -0.4053543208472174 -0.9141596548582153 0
    outer loop
      vertex 0.850945420563221 1.7426955848932266 15.700000000000003
      vertex 0.8770127072930336 1.7311368957161903 15.700000000000003
      vertex 0.8770127072930336 1.7311368957161903 16
    endloop
  endfacet
  facet normal -0.4483417810346441 -0.8938622082729997 0
    outer loop
      vertex 0.8770127072930336 1.7311368957161903 15.700000000000003
      vertex 0.9109589904546738 1.714110180735588 15.700000000000003
      vertex 0.9109589904546738 1.714110180735588 16
    endloop
  endfacet
  facet normal -0.4053543208472174 -0.9141596548582153 0
    outer loop
      vertex 0.850945420563221 1.7426955848932266 15.700000000000003
      vertex 0.8770127072930336 1.7311368957161903 16
      vertex 0.850945420563221 1.7426955848932266 16
    endloop
  endfacet
  facet normal -0.4483417810346441 -0.8938622082729997 0
    outer loop
      vertex 0.8770127072930336 1.7311368957161903 15.700000000000003
      vertex 0.9109589904546738 1.714110180735588 16
      vertex 0.8770127072930336 1.7311368957161903 16
    endloop
  endfacet
  facet normal -0.4903160451241144 -0.8715447067671557 0
    outer loop
      vertex 0.9109589904546738 1.714110180735588 15.700000000000003
      vertex 0.9358111321926117 1.7001287937164307 16
      vertex 0.9109589904546738 1.714110180735588 16
    endloop
  endfacet
  facet normal 0 0 1
    outer loop
      vertex 1.5445152595639229 0.011701509356498718 15.700000000000003
      vertex 1.8444181457161903 0.0040687695145606995 15.700000000000003
      vertex 1.844304583966732 0.022942624986171722 15.700000000000003
    endloop
  endfacet
  facet normal 0 0 1
    outer loop
      vertex 1.5445152595639229 0.011701509356498718 15.700000000000003
      vertex 1.844304583966732 0.022942624986171722 15.700000000000003
      vertex 1.8433620855212212 0.04807811230421066 15.700000000000003
    endloop
  endfacet
  facet normal 0 0 1
    outer loop
      vertex 1.543572761118412 0.03683699667453766 15.700000000000003
      vertex 1.8433620855212212 0.04807811230421066 15.700000000000003
      vertex 1.8420618996024132 0.06690748780965805 15.700000000000003
    endloop
  endfacet
  facet normal 0 0 1
    outer loop
      vertex 1.543572761118412 0.03683699667453766 15.700000000000003
      vertex 1.8420618996024132 0.06690748780965805 15.700000000000003
      vertex 1.8202118948101997 0.283797487616539 15.700000000000003
    endloop
  endfacet
  facet normal -0.9999818990607385 -0.006016772463622688 0
    outer loop
      vertex 1.8444181457161903 0.0040687695145606995 15.700000000000003
      vertex 1.8444181457161903 0.0040687695145606995 16
      vertex 1.844304583966732 0.022942624986171722 15.700000000000003
    endloop
  endfacet
  facet normal -0.9992977382729248 -0.03747039207983957 0
    outer loop
      vertex 1.844304583966732 0.022942624986171722 15.700000000000003
      vertex 1.844304583966732 0.022942624986171722 16
      vertex 1.8433620855212212 0.04807811230421066 15.700000000000003
    endloop
  endfacet
  facet normal -0.9976244759893488 -0.06888689938571202 0
    outer loop
      vertex 1.8433620855212212 0.04807811230421066 15.700000000000003
      vertex 1.8433620855212212 0.04807811230421066 16
      vertex 1.8420618996024132 0.06690748780965805 15.700000000000003
    endloop
  endfacet
  facet normal -0.9999818990607385 -0.006016772463622688 0
    outer loop
      vertex 1.844304583966732 0.022942624986171722 15.700000000000003
      vertex 1.8444181457161903 0.0040687695145606995 16
      vertex 1.844304583966732 0.022942624986171722 16
    endloop
  endfacet
  facet normal -0.9992977382729248 -0.03747039207983957 0
    outer loop
      vertex 1.8433620855212212 0.04807811230421066 15.700000000000003
      vertex 1.844304583966732 0.022942624986171722 16
      vertex 1.8433620855212212 0.04807811230421066 16
    endloop
  endfacet
  facet normal -0.9976244759893488 -0.06888689938571202 0
    outer loop
      vertex 1.8420618996024132 0.06690748780965805 15.700000000000003
      vertex 1.8433620855212212 0.04807811230421066 16
      vertex 1.8420618996024132 0.06690748780965805 16
    endloop
  endfacet
  facet normal -0.9949637932309694 -0.10023497473158204 0
    outer loop
      vertex 1.8202118948101997 0.283797487616539 15.700000000000003
      vertex 1.8420618996024132 0.06690748780965805 15.700000000000003
      vertex 1.8420618996024132 0.06690748780965805 16
    endloop
  endfacet
  facet normal -0.9949637932309694 -0.10023497473158204 0
    outer loop
      vertex 1.8202118948101997 0.283797487616539 15.700000000000003
      vertex 1.8420618996024132 0.06690748780965805 16
      vertex 1.8202118948101997 0.283797487616539 16
    endloop
  endfacet
  facet normal 0 0 1
    outer loop
      vertex 1.5183274149894714 0.27541307359933853 15.700000000000003
      vertex 1.8202118948101997 0.283797487616539 15.700000000000003
      vertex 1.8181119859218597 0.30013200640678406 15.700000000000003
    endloop
  endfacet
  facet normal 0 0 1
    outer loop
      vertex 1.5183274149894714 0.27541307359933853 15.700000000000003
      vertex 1.8181119859218597 0.30013200640678406 15.700000000000003
      vertex 1.8147166445851326 0.321818083524704 15.700000000000003
    endloop
  endfacet
  facet normal 0 0 1
    outer loop
      vertex 1.5183274149894714 0.27541307359933853 15.700000000000003
      vertex 1.8147166445851326 0.321818083524704 15.700000000000003
      vertex 1.8117235451936722 0.3380126729607582 15.700000000000003
    endloop
  endfacet
  facet normal -0.9879640971314567 -0.15468336296843796 0
    outer loop
      vertex 1.8147166445851326 0.321818083524704 15.700000000000003
      vertex 1.8181119859218597 0.30013200640678406 16
      vertex 1.8147166445851326 0.321818083524704 16
    endloop
  endfacet
  facet normal -0.9833460725907532 -0.18174295452737899 0
    outer loop
      vertex 1.8147166445851326 0.321818083524704 15.700000000000003
      vertex 1.8147166445851326 0.321818083524704 16
      vertex 1.8117235451936722 0.3380126729607582 15.700000000000003
    endloop
  endfacet
  facet normal -0.9779871042306283 -0.20866533961966516 0
    outer loop
      vertex 1.8117235451936722 0.3380126729607582 15.700000000000003
      vertex 1.8117235451936722 0.3380126729607582 16
      vertex 1.7661835476756096 0.551452673971653 15.700000000000003
    endloop
  endfacet
  facet normal -0.9833460725907532 -0.18174295452737899 0
    outer loop
      vertex 1.8147166445851326 0.321818083524704 16
      vertex 1.8117235451936722 0.3380126729607582 16
      vertex 1.8117235451936722 0.3380126729607582 15.700000000000003
    endloop
  endfacet
  facet normal -0.9918376454795405 -0.12750719591302112 0
    outer loop
      vertex 1.8202118948101997 0.283797487616539 15.700000000000003
      vertex 1.8202118948101997 0.283797487616539 16
      vertex 1.8181119859218597 0.30013200640678406 15.700000000000003
    endloop
  endfacet
  facet normal -0.9879640971314567 -0.15468336296843796 0
    outer loop
      vertex 1.8181119859218597 0.30013200640678406 15.700000000000003
      vertex 1.8181119859218597 0.30013200640678406 16
      vertex 1.8147166445851326 0.321818083524704 15.700000000000003
    endloop
  endfacet
  facet normal -0.9918376454795405 -0.12750719591302112 0
    outer loop
      vertex 1.8181119859218597 0.30013200640678406 15.700000000000003
      vertex 1.8202118948101997 0.283797487616539 16
      vertex 1.8181119859218597 0.30013200640678406 16
    endloop
  endfacet
  facet normal -0.9779871042306283 -0.20866533961966516 0
    outer loop
      vertex 1.8117235451936722 0.3380126729607582 16
      vertex 1.7661835476756096 0.551452673971653 16
      vertex 1.7661835476756096 0.551452673971653 15.700000000000003
    endloop
  endfacet
  facet normal -0.9659275418483343 -0.25881264246329705 0
    outer loop
      vertex 1.7625656798481941 0.5664968639612198 15.700000000000003
      vertex 1.7625656798481941 0.5664968639612198 16
      vertex 1.7572279423475266 0.5864180997014046 15.700000000000003
    endloop
  endfacet
  facet normal -0.9589318984330932 -0.2836364119211492 0
    outer loop
      vertex 1.7572279423475266 0.5864180997014046 15.700000000000003
      vertex 1.7572279423475266 0.5864180997014046 16
      vertex 1.7528392001986504 0.6012557744979858 15.700000000000003
    endloop
  endfacet
  facet normal -0.9722806926100269 -0.2338167119300207 0
    outer loop
      vertex 1.7661835476756096 0.551452673971653 15.700000000000003
      vertex 1.7661835476756096 0.551452673971653 16
      vertex 1.7625656798481941 0.5664968639612198 15.700000000000003
    endloop
  endfacet
  facet normal -0.9659275418483343 -0.25881264246329705 0
    outer loop
      vertex 1.7572279423475266 0.5864180997014046 15.700000000000003
      vertex 1.7625656798481941 0.5664968639612198 16
      vertex 1.7572279423475266 0.5864180997014046 16
    endloop
  endfacet
  facet normal -0.9589318984330932 -0.2836364119211492 0
    outer loop
      vertex 1.7528392001986504 0.6012557744979858 15.700000000000003
      vertex 1.7572279423475266 0.5864180997014046 16
      vertex 1.7528392001986504 0.6012557744979858 16
    endloop
  endfacet
  facet normal -0.9722806926100269 -0.2338167119300207 0
    outer loop
      vertex 1.7625656798481941 0.5664968639612198 15.700000000000003
      vertex 1.7661835476756096 0.551452673971653 16
      vertex 1.7625656798481941 0.5664968639612198 16
    endloop
  endfacet
  facet normal -0.9512984019433229 -0.30827155311523646 0
    outer loop
      vertex 1.7528392001986504 0.6012557744979858 15.700000000000003
      vertex 1.7528392001986504 0.6012557744979858 16
      vertex 1.6859091967344284 0.8077957704663277 15.700000000000003
    endloop
  endfacet
  facet normal 0.4765091515491651 0.8596452652185556 -0.18425267020375588
    outer loop
      vertex -1.8209912941521447 -3.4247865200772045 2.7890266971214004
      vertex -1.9960685888095409 -3.754059021620608 0.8
      vertex -2.1258674082032485 -3.682110361162792 0.8
    endloop
  endfacet
  facet normal 0.41538257683277496 0.8907908106769792 -0.18425267020375574
    outer loop
      vertex -1.656212046742003 -3.719913162365707 1.7588893527049692
      vertex -1.7293363464736822 -3.884153028629053 0.8
      vertex -1.8638378673111637 -3.821433939429041 0.8
    endloop
  endfacet
  facet normal 0.4462176879500698 0.875751522113025 -0.1842526702037556
    outer loop
      vertex -1.7429181552446622 -3.5735117892564308 2.2712118658868405
      vertex -1.8638378673111637 -3.821433939429041 0.8
      vertex -1.9960685888095409 -3.754059021620608 0.8
    endloop
  endfacet
  facet normal 0.41538257683279506 0.8907908106769691 -0.18425267020375902
    outer loop
      vertex -1.6809640303254128 -3.682948336005211 1.8817987514808792
      vertex -1.656212046742003 -3.719913162365707 1.7588893527049692
      vertex -1.8638378673111637 -3.821433939429041 0.8
    endloop
  endfacet
  facet normal 0.506220062147695 0.8424916629866257 -0.1842526702037557
    outer loop
      vertex -1.8890687769337449 -3.2719631006412433 3.325976230951028
      vertex -2.1258674082032485 -3.682110361162792 0.8
      vertex -2.2530761856248316 -3.6056756164155215 0.8
    endloop
  endfacet
  facet normal 0.415382576832727 0.8907908106770024 -0.1842526702037518
    outer loop
      vertex -1.6893240660429 -3.6693141013383865 1.9288680165476322
      vertex -1.6809640303254128 -3.682948336005211 1.8817987514808792
      vertex -1.8638378673111637 -3.821433939429041 0.8
    endloop
  endfacet
  facet normal 0.41538257683276936 0.890790810676982 -0.1842526702037556
    outer loop
      vertex -1.6893240660429 -3.6693141013383865 1.9288680165476322
      vertex -1.8638378673111637 -3.821433939429041 0.8
      vertex -1.7429181552446622 -3.5735117892564308 2.2712118658868405
    endloop
  endfacet
  facet normal 0.4462176879500662 0.8757515221130269 -0.18425267020375521
    outer loop
      vertex -1.7429181552446622 -3.5735117892564308 2.2712118658868405
      vertex -1.9960685888095409 -3.754059021620608 0.8
      vertex -1.7965040653944016 -3.4777240976691246 2.596717247747719
    endloop
  endfacet
  facet normal 0.4765091515491623 0.8596452652185572 -0.18425267020375563
    outer loop
      vertex -1.8209912941521447 -3.4247865200772045 2.7890266971214004
      vertex -2.1258674082032485 -3.682110361162792 0.8
      vertex -1.8890687769337449 -3.2719631006412433 3.325976230951028
    endloop
  endfacet
  facet normal 0.4462176879500899 0.8757515221130147 -0.18425267020375596
    outer loop
      vertex -1.8046530485153198 -3.4614633545279503 2.654269467411538
      vertex -1.9960685888095409 -3.754059021620608 0.8
      vertex -1.8209912941521447 -3.4247865200772045 2.7890266971214004
    endloop
  endfacet
  facet normal 0.4462176879500876 0.875751522113016 -0.1842526702037559
    outer loop
      vertex -1.7965040653944016 -3.4777240976691246 2.596717247747719
      vertex -1.9960685888095409 -3.754059021620608 0.8
      vertex -1.8046530485153198 -3.4614633545279503 2.654269467411538
    endloop
  endfacet
  facet normal 0.38404138603038934 0.9047448078539293 -0.18425267020375577
    outer loop
      vertex -1.5606202788351877 -3.8626707353198473 1.2571436913269025
      vertex -1.5927278956818658 -3.9421398756715877 0.8
      vertex -1.7293363464736822 -3.884153028629053 0.8
    endloop
  endfacet
  facet normal 0.3522322999561704 0.9175965128477619 -0.18425267020375485
    outer loop
      vertex -1.5499788969755173 -3.8775412514805794 1.2034299765935117
      vertex -1.4589835079195277 -3.9934795360213804 0.8
      vertex -1.5927278956818658 -3.9421398756715877 0.8
    endloop
  endfacet
  facet normal 0.35223229995618965 0.9175965128477543 -0.18425267020375571
    outer loop
      vertex -1.5499788969755173 -3.8775412514805794 1.2034299765935117
      vertex -1.5927278956818658 -3.9421398756715877 0.8
      vertex -1.5588340312242508 -3.865338332951069 1.24727352674374
    endloop
  endfacet
  facet normal 0.352232299956216 0.917596512847744 -0.18425267020375594
    outer loop
      vertex -1.5588340312242508 -3.865338332951069 1.24727352674374
      vertex -1.5927278956818658 -3.9421398756715877 0.8
      vertex -1.5606202788351877 -3.8626707353198473 1.2571436913269025
    endloop
  endfacet
  facet normal 0.3840413860303893 0.9047448078539293 -0.18425267020375577
    outer loop
      vertex -1.5606202788351877 -3.8626707353198473 1.2571436913269025
      vertex -1.7293363464736822 -3.884153028629053 0.8
      vertex -1.656212046742003 -3.719913162365707 1.7588893527049692
    endloop
  endfacet
  facet normal 0.535314221577734 0.8243116144392307 -0.1842526702037557
    outer loop
      vertex -1.9443782112752048 -3.1116555890187847 3.907020709969835
      vertex -2.2530761856248316 -3.6056756164155215 0.8
      vertex -2.3775399367740118 -3.5248479113413986 0.8
    endloop
  endfacet
  facet normal 0.6703218053845027 0.7188321297416018 -0.18425267020375571
    outer loop
      vertex -2.010207429134159 -2.2325615281990148 7.453804150734804
      vertex -2.8449658957791484 -3.1596547281145666 0.8
      vertex -2.953503179188721 -3.058442073926742 0.8
    endloop
  endfacet
  facet normal 0.6950003429937222 0.6950003429937245 -0.1842526702037558
    outer loop
      vertex -1.9518656663380518 -2.0212160659400826 8.490585133622936
      vertex -2.953503179188721 -3.058442073926742 0.8
      vertex -3.058442073926742 -2.9535031791887216 0.8
    endloop
  endfacet
  facet normal 0.5915112945283769 0.7849620003338695 -0.18425267020375558
    outer loop
      vertex -2.0221379193658064 -2.7832340729142913 5.128043704450512
      vertex -2.499107021742185 -3.439725722048503 0.8
      vertex -2.6176293297622912 -3.350412756812421 0.8
    endloop
  endfacet
  facet normal 0.6185457405720981 0.7638403762193386 -0.18425267020375558
    outer loop
      vertex -2.0364357989497592 -2.606518960364171 5.8349929759634165
      vertex -2.6176293297622912 -3.350412756812421 0.8
      vertex -2.7329624596589683 -3.2570178297236847 0.8
    endloop
  endfacet
  facet normal 0.5637561830876134 0.8051272691651125 -0.18425267020375566
    outer loop
      vertex -1.988953669896369 -2.94874507916853 4.506345258853749
      vertex -2.3775399367740118 -3.5248479113413986 0.8
      vertex -2.499107021742185 -3.439725722048503 0.8
    endloop
  endfacet
  facet normal 0.6448265839105811 0.7417881302669894 -0.1842526702037557
    outer loop
      vertex -2.0337109565304994 -2.42368233874343 6.6021103988008605
      vertex -2.7329624596589683 -3.2570178297236847 0.8
      vertex -2.8449658957791484 -3.1596547281145666 0.8
    endloop
  endfacet
  facet normal 0.5062200621477331 0.842491662986602 -0.18425267020375802
    outer loop
      vertex -1.8890687769337449 -3.2719631006412433 3.325976230951028
      vertex -2.2530761856248316 -3.6056756164155215 0.8
      vertex -1.8938930481672287 -3.2611333578824997 3.3622406991701865
    endloop
  endfacet
  facet normal 0.5062200621476959 0.8424916629866249 -0.1842526702037556
    outer loop
      vertex -1.9010831788182259 -3.242554284632206 3.4274388095753636
      vertex -2.2530761856248316 -3.6056756164155215 0.8
      vertex -1.9443782112752048 -3.1116555890187847 3.907020709969835
    endloop
  endfacet
  facet normal 0.506220062147664 0.8424916629866445 -0.18425267020375405
    outer loop
      vertex -1.8938930481672287 -3.2611333578824997 3.3622406991701865
      vertex -2.2530761856248316 -3.6056756164155215 0.8
      vertex -1.9010831788182259 -3.242554284632206 3.4274388095753636
    endloop
  endfacet
  facet normal 0.5353142215777447 0.8243116144392236 -0.18425267020375619
    outer loop
      vertex -1.9443782112752048 -3.1116555890187847 3.907020709969835
      vertex -2.3775399367740118 -3.5248479113413986 0.8
      vertex -1.9698531776666641 -3.0346342846751213 4.1775863624027
    endloop
  endfacet
  facet normal 0.5637561830876227 0.8051272691651059 -0.1842526702037561
    outer loop
      vertex -2.0199993550777435 -2.7983675450086594 5.068458450093765
      vertex -1.988953669896369 -2.94874507916853 4.506345258853749
      vertex -2.499107021742185 -3.439725722048503 0.8
    endloop
  endfacet
  facet normal 0.563756183087499 0.8051272691651925 -0.18425267020375521
    outer loop
      vertex -2.0199993550777435 -2.7983675450086594 5.068458450093765
      vertex -2.499107021742185 -3.439725722048503 0.8
      vertex -2.0221379193658064 -2.7832340729142913 5.128043704450512
    endloop
  endfacet
  facet normal 0.5915112945283615 0.7849620003338812 -0.18425267020375508
    outer loop
      vertex -2.0221379193658064 -2.7832340729142913 5.128043704450512
      vertex -2.6176293297622912 -3.350412756812421 0.8
      vertex -2.0235346630215645 -2.773350067436695 5.16566801163367
    endloop
  endfacet
  facet normal 0.5915112945283773 0.7849620003338692 -0.18425267020375563
    outer loop
      vertex -2.0235346630215645 -2.773350067436695 5.16566801163367
      vertex -2.6176293297622912 -3.350412756812421 0.8
      vertex -2.0364357989497592 -2.606518960364171 5.8349929759634165
    endloop
  endfacet
  facet normal 0.5353142215777028 0.8243116144392508 -0.18425267020375513
    outer loop
      vertex -1.9698531776666641 -3.0346342846751213 4.1775863624027
      vertex -2.3775399367740118 -3.5248479113413986 0.8
      vertex -1.9758393540978432 -3.012267544865608 4.2602591291462915
    endloop
  endfacet
  facet normal 0.5353142215777318 0.8243116144392321 -0.18425267020375566
    outer loop
      vertex -1.9758393540978432 -3.012267544865608 4.2602591291462915
      vertex -2.3775399367740118 -3.5248479113413986 0.8
      vertex -1.988953669896369 -2.94874507916853 4.506345258853749
    endloop
  endfacet
  facet normal 0.7188321297416002 0.6703218053845044 -0.18425267020375588
    outer loop
      vertex -1.7410904502446105 -1.6813515037250144 10.56759619873911
      vertex -3.058442073926742 -2.9535031791887216 0.8
      vertex -3.1596547281145675 -2.8449658957791484 0.8
    endloop
  endfacet
  facet normal 0.7417881302669894 0.6448265839105813 -0.18425267020375566
    outer loop
      vertex -1.2781063806287227 -1.1508121541609764 14.303986660078955
      vertex -3.1596547281145675 -2.8449658957791484 0.8
      vertex -3.257017829723685 -2.7329624596589692 0.8
    endloop
  endfacet
  facet normal 0.7638403762193445 0.6185457405720911 -0.18425267020375577
    outer loop
      vertex -1.2824904759856668 -1.0761372853879472 14.547675235053148
      vertex -3.257017829723685 -2.7329624596589692 0.8
      vertex -3.350412756812421 -2.617629329762291 0.8
    endloop
  endfacet
  facet normal 0.7849620003338696 0.5915112945283766 -0.18425267020375596
    outer loop
      vertex -1.2895050713311282 -1.00747177753853 14.749109093329011
      vertex -3.350412756812421 -2.617629329762291 0.8
      vertex -3.439725722048503 -2.4991070217421845 0.8
    endloop
  endfacet
  facet normal 0.8051272691651133 0.5637561830876119 -0.18425267020375546
    outer loop
      vertex -1.3065103775817668 -0.9492353525934953 14.863620236498981
      vertex -3.439725722048503 -2.4991070217421845 0.8
      vertex -3.524847911341398 -2.3775399367740113 0.8
    endloop
  endfacet
  facet normal 0.8243116144392337 0.5353142215777293 -0.18425267020375577
    outer loop
      vertex -1.3230951846069152 -0.8924389706105671 14.964929113648225
      vertex -3.524847911341398 -2.3775399367740113 0.8
      vertex -3.60567561641552 -2.253076185624831 0.8
    endloop
  endfacet
  facet normal 0.8424916629866228 0.5062200621476998 -0.18425267020375563
    outer loop
      vertex -1.3396665188146397 -0.8371165493863288 15.051521810414158
      vertex -3.60567561641552 -2.253076185624831 0.8
      vertex -3.6821103611627914 -2.1258674082032485 0.8
    endloop
  endfacet
  facet normal 0.6185457405720826 0.7638403762193515 -0.18425267020375513
    outer loop
      vertex -2.0364357989497592 -2.606518960364171 5.8349929759634165
      vertex -2.7329624596589683 -3.2570178297236847 0.8
      vertex -2.040324665606022 -2.5562300607562065 6.030416195884747
    endloop
  endfacet
  facet normal 0.6185457405721175 0.763840376219323 -0.18425267020375594
    outer loop
      vertex -2.040324665606022 -2.5562300607562065 6.030416195884747
      vertex -2.7329624596589683 -3.2570178297236847 0.8
      vertex -2.040496625006199 -2.527803398668766 6.147684876360884
    endloop
  endfacet
  facet normal 0.6185457405721089 0.7638403762193299 -0.18425267020375577
    outer loop
      vertex -2.040496625006199 -2.527803398668766 6.147684876360884
      vertex -2.7329624596589683 -3.2570178297236847 0.8
      vertex -2.0337109565304994 -2.42368233874343 6.6021103988008605
    endloop
  endfacet
  facet normal 0.6448265839105738 0.741788130266996 -0.1842526702037555
    outer loop
      vertex -2.0337109565304994 -2.42368233874343 6.6021103988008605
      vertex -2.8449658957791484 -3.1596547281145666 0.8
      vertex -2.0264666229486465 -2.312523402273655 7.074981258291402
    endloop
  endfacet
  facet normal 0.6448265839105606 0.7417881302670076 -0.18425267020375535
    outer loop
      vertex -2.0264666229486465 -2.312523402273655 7.074981258291402
      vertex -2.8449658957791484 -3.1596547281145666 0.8
      vertex -2.0213200822472572 -2.2786584571003914 7.229330395211122
    endloop
  endfacet
  facet normal 0.6448265839106239 0.7417881302669523 -0.18425267020375588
    outer loop
      vertex -2.0213200822472572 -2.2786584571003914 7.229330395211122
      vertex -2.8449658957791484 -3.1596547281145666 0.8
      vertex -2.010207429134159 -2.2325615281990148 7.453804150734804
    endloop
  endfacet
  facet normal 0.670321805384499 0.718832129741605 -0.18425267020375563
    outer loop
      vertex -2.010207429134159 -2.2325615281990148 7.453804150734804
      vertex -2.953503179188721 -3.058442073926742 0.8
      vertex -1.9716400802135468 -2.0725784599781036 8.21826256782819
    endloop
  endfacet
  facet normal 0.6703218053845044 0.7188321297416 -0.18425267020375574
    outer loop
      vertex -1.9716400802135468 -2.0725784599781036 8.21826256782819
      vertex -2.953503179188721 -3.058442073926742 0.8
      vertex -1.9572754502296448 -2.03240729868412 8.427243236000088
    endloop
  endfacet
  facet normal 0.670321805384563 0.7188321297415454 -0.18425267020375602
    outer loop
      vertex -1.9572754502296448 -2.03240729868412 8.427243236000088
      vertex -2.953503179188721 -3.058442073926742 0.8
      vertex -1.9518656663380518 -2.0212160659400826 8.490585133622936
    endloop
  endfacet
  facet normal 0.6950003429937196 0.695000342993727 -0.18425267020375571
    outer loop
      vertex -1.9518656663380518 -2.0212160659400826 8.490585133622936
      vertex -3.058442073926742 -2.9535031791887216 0.8
      vertex -1.8668854534626007 -1.8454172983765602 9.474242416039601
    endloop
  endfacet
  facet normal 0.6950003429937613 0.6950003429936851 -0.18425267020375607
    outer loop
      vertex -1.8668854534626007 -1.8454172983765602 9.474242416039601
      vertex -3.058442073926742 -2.9535031791887216 0.8
      vertex -1.8424082398414612 -1.8067925795912743 9.71226265540728
    endloop
  endfacet
  facet normal 0.695000342993711 0.6950003429937356 -0.18425267020375583
    outer loop
      vertex -1.8424082398414612 -1.8067925795912743 9.71226265540728
      vertex -3.058442073926742 -2.9535031791887216 0.8
      vertex -1.7410904502446105 -1.6813515037250144 10.56759619873911
    endloop
  endfacet
  facet normal 0.7188321297416115 0.6703218053844923 -0.18425267020375594
    outer loop
      vertex -1.7410904502446105 -1.6813515037250144 10.56759619873911
      vertex -3.1596547281145675 -2.8449658957791484 0.8
      vertex -1.711998239159584 -1.6453325748443604 10.812133710399657
    endloop
  endfacet
  facet normal 0.7188321297415776 0.6703218053845286 -0.1842526702037554
    outer loop
      vertex -1.711998239159584 -1.6453325748443604 10.812133710399657
      vertex -3.1596547281145675 -2.8449658957791484 0.8
      vertex -1.6898266896605492 -1.622003398835659 10.983505324669508
    endloop
  endfacet
  facet normal 0.7188321297416046 0.6703218053844995 -0.1842526702037557
    outer loop
      vertex -1.6898266896605492 -1.622003398835659 10.983505324669508
      vertex -3.1596547281145675 -2.8449658957791484 0.8
      vertex -1.5497176579677656 -1.4965449464197795 11.986543216970013
    endloop
  endfacet
  facet normal 0.8907908106769813 0.41538257683277063 -0.18425267020375577
    outer loop
      vertex -1.3939230162244822 -0.6798616809647 15.205259361868102
      vertex -3.8214339394290415 -1.8638378673111642 0.8
      vertex -3.884153028629053 -1.7293363464736822 0.8
    endloop
  endfacet
  facet normal 0.90474480785393 0.3840413860303877 -0.18425267020375558
    outer loop
      vertex -1.4108774724174065 -0.6281631221758324 15.23984125848068
      vertex -3.884153028629053 -1.7293363464736822 0.8
      vertex -3.9421398756715873 -1.5927278956818658 0.8
    endloop
  endfacet
  facet normal 0.9493881241683269 0.2543877811745909 -0.18425267020375577
    outer loop
      vertex -1.4660670821701152 -0.4203879710251596 15.342507144040937
      vertex -4.087029820298907 -1.1719369424293613 0.8
      vertex -4.125440121618082 -1.0285877463721649 0.8
    endloop
  endfacet
  facet normal 0.9175965128477582 0.35223229995617955 -0.18425267020375566
    outer loop
      vertex -1.424878477655405 -0.5756882736008572 15.280465781188411
      vertex -3.9421398756715873 -1.5927278956818658 0.8
      vertex -3.995323832515715 -1.454178951290086 0.8
    endloop
  endfacet
  facet normal 0.9293302678356 0.319994073081671 -0.18425267020375566
    outer loop
      vertex -1.4387588873317703 -0.5236654092747249 15.310791081927839
      vertex -3.995323832515715 -1.454178951290086 0.8
      vertex -4.043640102702377 -1.3138583138452544 0.8
    endloop
  endfacet
  facet normal 0.9399317770444272 0.28736598272045194 -0.18425267020375588
    outer loop
      vertex -1.452553712264206 -0.4719633109508663 15.331004719408348
      vertex -4.043640102702377 -1.3138583138452544 0.8
      vertex -4.087029820298907 -1.1719369424293613 0.8
    endloop
  endfacet
  facet normal 0.8596452652185547 0.4765091515491669 -0.18425267020375583
    outer loop
      vertex -1.3579821196472108 -0.7840313423330157 15.113621620403158
      vertex -3.6821103611627914 -2.1258674082032485 0.8
      vertex -3.7540590216206082 -1.9960685888095409 0.8
    endloop
  endfacet
  facet normal 0.875751522113025 0.44621768795006994 -0.18425267020375563
    outer loop
      vertex -1.3760515611933535 -0.7316595935390084 15.164759591441921
      vertex -3.7540590216206082 -1.9960685888095409 0.8
      vertex -3.8214339394290415 -1.8638378673111642 0.8
    endloop
  endfacet
  facet normal 0.9576877881049471 0.2210996473028387 -0.18425267020375566
    outer loop
      vertex -1.4743941442129382 -0.36760774738029245 15.372471595379103
      vertex -4.125440121618082 -1.0285877463721649 0.8
      vertex -4.158824209624403 -0.8839853745878105 0.8
    endloop
  endfacet
  facet normal 0.964820656992263 0.18754213756861207 -0.1842526702037557
    outer loop
      vertex -1.481188741429017 -0.3148363860624993 15.400480017674518
      vertex -4.158824209624403 -0.8839853745878105 0.8
      vertex -4.187141410949056 -0.7383060027920287 0.8
    endloop
  endfacet
  facet normal 0.9707780405282601 0.15375613662842139 -0.18425267020375583
    outer loop
      vertex -1.4879447405074488 -0.26236480355471886 15.418511263962294
      vertex -4.187141410949056 -0.7383060027920287 0.8
      vertex -4.210357225444158 -0.5917271188591667 0.8
    endloop
  endfacet
  facet normal 0.975552680558769 0.1197828075200549 -0.18425267020375577
    outer loop
      vertex -1.4980925396084785 -0.18355024605989456 15.425837733914186
      vertex -4.210357225444158 -0.5917271188591667 0.8
      vertex -4.228443368215867 -0.4444273065805499 0.8
    endloop
  endfacet
  facet normal 0.9791387599203871 0.08566354151185146 -0.1842526702037557
    outer loop
      vertex -1.4995762865011648 -0.15761181881524788 15.434844411417167
      vertex -4.228443368215867 -0.4444273065805499 0.8
      vertex -4.2413778040851735 -0.2965860280876432 0.8
    endloop
  endfacet
  facet normal 0.9815319095278032 0.05143990767380773 -0.1842526702037556
    outer loop
      vertex -1.4990165001295366 -0.10482144490477727 15.462362704178055
      vertex -4.2413778040851735 -0.2965860280876432 0.8
      vertex -4.249144774434372 -0.14838340520508714 0.8
    endloop
  endfacet
  facet normal 0.982729213696863 0.017153602231937154 -0.18425267020375571
    outer loop
      vertex -1.4982935144696772 -0.052321562449776184 15.480871106785642
      vertex -4.249144774434372 -0.14838340520508714 0.8
      vertex -4.251734816406497 0 0.8
    endloop
  endfacet
  facet normal 0.7188321297415979 0.6703218053845067 -0.18425267020375585
    outer loop
      vertex -1.5497176579677656 -1.4965449464197795 11.986543216970013
      vertex -3.1596547281145675 -2.8449658957791484 0.8
      vertex -1.3508165290542322 -1.3044683589315256 13.461309616293576
    endloop
  endfacet
  facet normal 0.7188321297415693 0.6703218053845375 -0.1842526702037555
    outer loop
      vertex -1.3508165290542322 -1.3044683589315256 13.461309616293576
      vertex -3.1596547281145675 -2.8449658957791484 0.8
      vertex -1.3094188645482063 -1.2514403089880943 13.815735033548478
    endloop
  endfacet
  facet normal 0.7188321297415977 0.670321805384507 -0.18425267020375571
    outer loop
      vertex -1.3094188645482063 -1.2514403089880943 13.815735033548478
      vertex -3.1596547281145675 -2.8449658957791484 0.8
      vertex -1.2781063806287227 -1.1508121541609764 14.303986660078955
    endloop
  endfacet
  facet normal 0.7417881302674416 0.6448265839100598 -0.18425267020376088
    outer loop
      vertex -1.2775491774082184 -1.1490214839577675 14.312496704918075
      vertex -1.2781063806287227 -1.1508121541609764 14.303986660078955
      vertex -3.257017829723685 -2.7329624596589692 0.8
    endloop
  endfacet
  facet normal 0.7417881302669858 0.6448265839105854 -0.1842526702037557
    outer loop
      vertex -1.2775491774082184 -1.1490214839577675 14.312496704918075
      vertex -3.257017829723685 -2.7329624596589692 0.8
      vertex -1.2824904759856668 -1.0761372853879472 14.547675235053148
    endloop
  endfacet
  facet normal 0.8596452652185471 0.4765091515491804 -0.1842526702037557
    outer loop
      vertex -1.3579821196472108 -0.7840313423330157 15.113621620403158
      vertex -3.7540590216206082 -1.9960685888095409 0.8
      vertex -1.3760515611933535 -0.7316595935390084 15.164759591441921
    endloop
  endfacet
  facet normal 0.8757515221130205 0.44621768795007843 -0.18425267020375566
    outer loop
      vertex -1.3760515611933535 -0.7316595935390084 15.164759591441921
      vertex -3.8214339394290415 -1.8638378673111642 0.8
      vertex -1.3939230162244822 -0.6798616809647 15.205259361868102
    endloop
  endfacet
  facet normal 0.9047448078539356 0.3840413860303746 -0.1842526702037558
    outer loop
      vertex -1.4108774724174065 -0.6281631221758324 15.23984125848068
      vertex -3.9421398756715873 -1.5927278956818658 0.8
      vertex -1.424878477655405 -0.5756882736008572 15.280465781188411
    endloop
  endfacet
  facet normal 0.8907908106769925 0.4153825768327463 -0.1842526702037559
    outer loop
      vertex -1.3939230162244822 -0.6798616809647 15.205259361868102
      vertex -3.884153028629053 -1.7293363464736822 0.8
      vertex -1.4055332317948341 -0.6462110951542854 15.224990927775899
    endloop
  endfacet
  facet normal 0.8907908106769868 0.4153825768327585 -0.18425267020375583
    outer loop
      vertex -1.4055332317948341 -0.6462110951542854 15.224990927775899
      vertex -3.884153028629053 -1.7293363464736822 0.8
      vertex -1.4097099155187607 -0.6325390487909317 15.235620778439355
    endloop
  endfacet
  facet normal 0.8907908106768804 0.4153825768329876 -0.184252670203755
    outer loop
      vertex -1.4097099155187607 -0.6325390487909317 15.235620778439355
      vertex -3.884153028629053 -1.7293363464736822 0.8
      vertex -1.4108774724174065 -0.6281631221758324 15.23984125848068
    endloop
  endfacet
  facet normal 0.763840376219343 0.6185457405720929 -0.18425267020375574
    outer loop
      vertex -1.2864323481917381 -1.0179946348071098 14.726521640247782
      vertex -3.350412756812421 -2.617629329762291 0.8
      vertex -1.2895050713311282 -1.00747177753853 14.749109093329011
    endloop
  endfacet
  facet normal 0.7638403762193466 0.6185457405720882 -0.18425267020375574
    outer loop
      vertex -1.2824904759856668 -1.0761372853879472 14.547675235053148
      vertex -3.350412756812421 -2.617629329762291 0.8
      vertex -1.2864323481917381 -1.0179946348071098 14.726521640247782
    endloop
  endfacet
  facet normal 0.8051272691651252 0.5637561830875951 -0.18425267020375583
    outer loop
      vertex -1.3065103775817668 -0.9492353525934953 14.863620236498981
      vertex -3.524847911341398 -2.3775399367740113 0.8
      vertex -1.3230951846069152 -0.8924389706105671 14.964929113648225
    endloop
  endfacet
  facet normal 0.7849620003338613 0.5915112945283878 -0.18425267020375563
    outer loop
      vertex -1.2895050713311282 -1.00747177753853 14.749109093329011
      vertex -3.439725722048503 -2.4991070217421845 0.8
      vertex -1.3065103775817668 -0.9492353525934953 14.863620236498981
    endloop
  endfacet
  facet normal 0.8243116144392327 0.5353142215777307 -0.18425267020375574
    outer loop
      vertex -1.3369532823562622 -0.8449804857373238 15.040813012334176
      vertex -1.3230951846069152 -0.8924389706105671 14.964929113648225
      vertex -3.60567561641552 -2.253076185624831 0.8
    endloop
  endfacet
  facet normal 0.8243116144392064 0.5353142215777712 -0.18425267020375558
    outer loop
      vertex -1.3369532823562622 -0.8449804857373238 15.040813012334176
      vertex -3.60567561641552 -2.253076185624831 0.8
      vertex -1.3396665188146397 -0.8371165493863288 15.051521810414158
    endloop
  endfacet
  facet normal 0.8424916629866275 0.5062200621476919 -0.18425267020375574
    outer loop
      vertex -1.3396665188146397 -0.8371165493863288 15.051521810414158
      vertex -3.6821103611627914 -2.1258674082032485 0.8
      vertex -1.3579821196472108 -0.7840313423330157 15.113621620403158
    endloop
  endfacet
  facet normal 0.9493881241683205 0.2543877811746145 -0.18425267020375558
    outer loop
      vertex -1.4660670821701152 -0.4203879710251596 15.342507144040937
      vertex -4.125440121618082 -1.0285877463721649 0.8
      vertex -1.470492534339428 -0.3979102447628975 15.350738162752414
    endloop
  endfacet
  facet normal 0.9293302678356016 0.31999407308166666 -0.18425267020375574
    outer loop
      vertex -1.4387588873317703 -0.5236654092747249 15.310791081927839
      vertex -4.043640102702377 -1.3138583138452544 0.8
      vertex -1.452553712264206 -0.4719633109508663 15.331004719408348
    endloop
  endfacet
  facet normal 0.9175965128477543 0.3522322999561894 -0.1842526702037557
    outer loop
      vertex -1.424878477655405 -0.5756882736008572 15.280465781188411
      vertex -3.995323832515715 -1.454178951290086 0.8
      vertex -1.4387588873317703 -0.5236654092747249 15.310791081927839
    endloop
  endfacet
  facet normal 0.9399317770444559 0.28736598272035807 -0.18425267020375607
    outer loop
      vertex -1.4653699100017548 -0.42392904311418533 15.340540880077256
      vertex -4.087029820298907 -1.1719369424293613 0.8
      vertex -1.4660670821701152 -0.4203879710251596 15.342507144040937
    endloop
  endfacet
  facet normal 0.9399317770444269 0.2873659827204534 -0.18425267020375574
    outer loop
      vertex -1.4653699100017548 -0.42392904311418533 15.340540880077256
      vertex -1.452553712264206 -0.4719633109508663 15.331004719408348
      vertex -4.087029820298907 -1.1719369424293613 0.8
    endloop
  endfacet
  facet normal 0.949388124168329 0.2543877811745831 -0.18425267020375574
    outer loop
      vertex -1.470492534339428 -0.3979102447628975 15.350738162752414
      vertex -4.125440121618082 -1.0285877463721649 0.8
      vertex -1.4743941442129382 -0.36760774738029245 15.372471595379103
    endloop
  endfacet
  facet normal 0.9576877881049459 0.22109964730284432 -0.1842526702037557
    outer loop
      vertex -1.4743941442129382 -0.36760774738029245 15.372471595379103
      vertex -4.158824209624403 -0.8839853745878105 0.8
      vertex -1.481188741429017 -0.3148363860624993 15.400480017674518
    endloop
  endfacet
  facet normal 0.9648206569922658 0.18754213756859656 -0.1842526702037558
    outer loop
      vertex -1.481188741429017 -0.3148363860624993 15.400480017674518
      vertex -4.187141410949056 -0.7383060027920287 0.8
      vertex -1.4879447405074488 -0.26236480355471886 15.418511263962294
    endloop
  endfacet
  facet normal 0.9707780405282579 0.15375613662843549 -0.18425267020375571
    outer loop
      vertex -1.4879447405074488 -0.26236480355471886 15.418511263962294
      vertex -4.210357225444158 -0.5917271188591667 0.8
      vertex -1.494678826848896 -0.21006340993733505 15.426675905907132
    endloop
  endfacet
  facet normal 0.9755526805587734 0.11978280752001869 -0.18425267020375563
    outer loop
      vertex -1.494678826848896 -0.21006340993733505 15.426675905907132
      vertex -4.210357225444158 -0.5917271188591667 0.8
      vertex -1.4980925396084785 -0.18355024605989456 15.425837733914186
    endloop
  endfacet
  facet normal 0.9755526805587655 0.11978280752008306 -0.18425267020375563
    outer loop
      vertex -1.4980925396084785 -0.18355024605989456 15.425837733914186
      vertex -4.228443368215867 -0.4444273065805499 0.8
      vertex -1.4995762865011648 -0.15761181881524788 15.434844411417167
    endloop
  endfacet
  facet normal 0.9791387599203915 0.08566354151180013 -0.18425267020375605
    outer loop
      vertex -1.4995762865011648 -0.15761181881524788 15.434844411417167
      vertex -4.2413778040851735 -0.2965860280876432 0.8
      vertex -1.4997110441327095 -0.155256025493145 15.435223560217146
    endloop
  endfacet
  facet normal 0.9791387599203866 0.08566354151185697 -0.1842526702037557
    outer loop
      vertex -1.4997110441327095 -0.155256025493145 15.435223560217146
      vertex -4.2413778040851735 -0.2965860280876432 0.8
      vertex -1.4990165001295366 -0.10482144490477727 15.462362704178055
    endloop
  endfacet
  facet normal 0.9815319095278034 0.05143990767380835 -0.18425267020375566
    outer loop
      vertex -1.4990165001295366 -0.10482144490477727 15.462362704178055
      vertex -4.249144774434372 -0.14838340520508714 0.8
      vertex -1.4982935144696772 -0.052321562449776184 15.480871106785642
    endloop
  endfacet
  facet normal 0.9827292136968631 0.0171536022319315 -0.18425267020375574
    outer loop
      vertex -1.4982935144696772 -0.052321562449776184 15.480871106785642
      vertex -4.251734816406497 0 0.8
      vertex -1.4975729844878234 0 15.489585168466014
    endloop
  endfacet
  facet normal 0.6950003429942636 0.6950003429931823 -0.18425267020375807
    outer loop
      vertex -1.5497176579677656 -1.4965449464197795 11.986543216970013
      vertex -1.3508165290542322 -1.3044683589315256 13.461309616293576
      vertex -1.5336566865444183 -1.4821633994579315 12.101372275869984
    endloop
  endfacet
  facet normal 0.695000342977091 0.6950003430103715 -0.1842526702036954
    outer loop
      vertex -1.5336566865444183 -1.4821633994579315 12.101372275869984
      vertex -1.3508165290542322 -1.3044683589315256 13.461309616293576
      vertex -1.532400980591774 -1.4810484573245049 12.110314351070919
    endloop
  endfacet
  facet normal 0.6950003429937859 0.6950003429936608 -0.1842526702037554
    outer loop
      vertex -1.532400980591774 -1.4810484573245049 12.110314351070919
      vertex -1.3508165290542322 -1.3044683589315256 13.461309616293576
      vertex -1.3925362825393677 -1.3579089865088463 13.102365035437934
    endloop
  endfacet
  facet normal 0.982729213696863 -0.01715360223193466 -0.18425267020375571
    outer loop
      vertex -1.4968531471792061 0.05227126371564219 15.488558126016954
      vertex -4.251734816406497 0 0.8
      vertex -4.249144774434372 0.14838340520508714 0.8
    endloop
  endfacet
  facet normal 0.9815319095278039 -0.05143990767380117 -0.18425267020375574
    outer loop
      vertex -1.4967210441827774 0.061863973736763 15.486583745884026
      vertex -4.249144774434372 0.14838340520508714 0.8
      vertex -4.241377804085174 0.29658602808764317 0.8
    endloop
  endfacet
  facet normal 0.9791387599203859 -0.08566354151186402 -0.1842526702037557
    outer loop
      vertex -1.4922324857451688 0.1043470604066995 15.498634248467454
      vertex -4.241377804085174 0.29658602808764317 0.8
      vertex -4.228443368215866 0.44442730658054985 0.8
    endloop
  endfacet
  facet normal 0.9755526805587689 -0.11978280752005545 -0.18425267020375566
    outer loop
      vertex -1.4846112478916786 0.1560389298764765 15.515101530984552
      vertex -4.228443368215866 0.44442730658054985 0.8
      vertex -4.210357225444157 0.5917271188591666 0.8
    endloop
  endfacet
  facet normal 0.970778040528261 -0.1537561366284162 -0.18425267020375577
    outer loop
      vertex -1.4694166688335868 0.2590978046181167 15.51885698068235
      vertex -4.210357225444157 0.5917271188591666 0.8
      vertex -4.187141410949056 0.7383060027920288 0.8
    endloop
  endfacet
  facet normal 0.9648206569922623 -0.18754213756861543 -0.18425267020375577
    outer loop
      vertex -1.4628610759973526 0.30356182157993317 15.507926851982184
      vertex -4.187141410949056 0.7383060027920288 0.8
      vertex -4.158824209624402 0.8839853745878105 0.8
    endloop
  endfacet
  facet normal 0.9576877881049488 -0.2210996473028319 -0.18425267020375574
    outer loop
      vertex -1.45772173255682 0.32785337418317795 15.506834060284348
      vertex -4.158824209624402 0.8839853745878105 0.8
      vertex -4.125440121618082 1.028587746372165 0.8
    endloop
  endfacet
  facet normal 0.9493881241683239 -0.25438778117460276 -0.1842526702037557
    outer loop
      vertex -1.4484854017787423 0.361147972372996 15.514888745595357
      vertex -4.125440121618082 1.028587746372165 0.8
      vertex -4.0870298202989055 1.1719369424293613 0.8
    endloop
  endfacet
  facet normal 0.9399317770444304 -0.28736598272044145 -0.18425267020375571
    outer loop
      vertex -1.4206220775120146 0.4615880938869641 15.510079696219158
      vertex -4.0870298202989055 1.1719369424293613 0.8
      vertex -4.043640102702377 1.3138583138452544 0.8
    endloop
  endfacet
  facet normal 0.9293302678355989 -0.3199940730816747 -0.1842526702037558
    outer loop
      vertex -1.4066437288651201 0.5119764475241222 15.493073310255518
      vertex -4.043640102702377 1.3138583138452544 0.8
      vertex -3.9953238325157145 1.4541789512900858 0.8
    endloop
  endfacet
  facet normal 0.9175965128477643 -0.3522322999561634 -0.1842526702037558
    outer loop
      vertex -1.3995317295193672 0.5376133769750595 15.47948214317767
      vertex -3.9953238325157145 1.4541789512900858 0.8
      vertex -3.942139875671589 1.592727895681866 0.8
    endloop
  endfacet
  facet normal 0.9047448078539237 -0.3840413860304025 -0.18425267020375558
    outer loop
      vertex -1.3709895947512265 0.6104038948427714 15.472720534787264
      vertex -3.942139875671589 1.592727895681866 0.8
      vertex -3.884153028629052 1.7293363464736822 0.8
    endloop
  endfacet
  facet normal 0.8907908106769815 -0.4153825768327697 -0.18425267020375571
    outer loop
      vertex -1.3509068890575113 0.6588813139114751 15.4605243176959
      vertex -3.884153028629052 1.7293363464736822 0.8
      vertex -3.821433939429041 1.8638378673111637 0.8
    endloop
  endfacet
  facet normal 0.8757515221130235 -0.44621768795007244 -0.18425267020375574
    outer loop
      vertex -1.3307382798648963 0.7075660944771379 15.438482194677867
      vertex -3.821433939429041 1.8638378673111637 0.8
      vertex -3.754059021620608 1.9960685888095404 0.8
    endloop
  endfacet
  facet normal 0.8596452652185594 -0.4765091515491581 -0.1842526702037558
    outer loop
      vertex -1.310433647740879 0.7565792192783397 15.40645866069135
      vertex -3.754059021620608 1.9960685888095404 0.8
      vertex -3.6821103611627928 2.125867408203249 0.8
    endloop
  endfacet
  facet normal 0.8424916629866225 -0.5062200621477003 -0.18425267020375583
    outer loop
      vertex -1.3087822645902634 0.7605654746294022 15.40305764677894
      vertex -3.6821103611627928 2.125867408203249 0.8
      vertex -3.6056756164155215 2.2530761856248316 0.8
    endloop
  endfacet
  facet normal 0.8243116144392305 -0.5353142215777341 -0.18425267020375585
    outer loop
      vertex -1.259277795544767 0.8493935981655014 15.375496922334065
      vertex -3.6056756164155215 2.2530761856248316 0.8
      vertex -3.524847911341398 2.377539936774012 0.8
    endloop
  endfacet
  facet normal 0.8051272691651101 -0.5637561830876169 -0.1842526702037555
    outer loop
      vertex -1.2325297119981258 0.8954852527968377 15.351351579849052
      vertex -3.524847911341398 2.377539936774012 0.8
      vertex -3.4397257220485025 2.4991070217421845 0.8
    endloop
  endfacet
  facet normal 0.7849620003338706 -0.5915112945283756 -0.18425267020375571
    outer loop
      vertex -1.2055887935568295 0.9419091958835253 15.31709053258811
      vertex -3.4397257220485025 2.4991070217421845 0.8
      vertex -3.350412756812421 2.6176293297622912 0.8
    endloop
  endfacet
  facet normal 0.7638403762193426 -0.6185457405720932 -0.18425267020375577
    outer loop
      vertex -1.189811922609806 0.9690955206751823 15.291229445437068
      vertex -3.350412756812421 2.6176293297622912 0.8
      vertex -3.257017829723685 2.7329624596589692 0.8
    endloop
  endfacet
  facet normal 0.7417881302669846 -0.6448265839105869 -0.1842526702037556
    outer loop
      vertex -1.1722789779305458 0.9945496395230293 15.276910061881047
      vertex -3.257017829723685 2.7329624596589692 0.8
      vertex -3.1596547281145666 2.844965895779148 0.8
    endloop
  endfacet
  facet normal 0.7188321297415956 -0.6703218053845091 -0.1842526702037557
    outer loop
      vertex -1.1098037060366956 1.0717249811589267 15.248316131208306
      vertex -3.1596547281145666 2.844965895779148 0.8
      vertex -3.0584420739267406 2.9535031791887203 0.8
    endloop
  endfacet
  facet normal 0.695000342993729 -0.6950003429937175 -0.18425267020375552
    outer loop
      vertex -1.0756705539641132 1.113889466281734 15.218021974719669
      vertex -3.0584420739267406 2.9535031791887203 0.8
      vertex -2.953503179188721 3.0584420739267415 0.8
    endloop
  endfacet
  facet normal 0.6703218053845069 -0.7188321297415978 -0.1842526702037556
    outer loop
      vertex -1.0412430501206016 1.1564175624428603 15.177354692135339
      vertex -2.953503179188721 3.0584420739267415 0.8
      vertex -2.8449658957791484 3.159654728114567 0.8
    endloop
  endfacet
  facet normal 0.6448265839105792 -0.7417881302669912 -0.18425267020375538
    outer loop
      vertex -1.0393389835953712 1.1587696447968483 15.17454901198957
      vertex -2.8449658957791484 3.159654728114567 0.8
      vertex -2.7329624596589683 3.2570178297236847 0.8
    endloop
  endfacet
  facet normal 0.618545740572095 -0.7638403762193411 -0.18425267020375563
    outer loop
      vertex -0.962175810773187 1.2315288776977318 15.1415168928173
      vertex -2.7329624596589683 3.2570178297236847 0.8
      vertex -2.6176293297622903 3.350412756812421 0.8
    endloop
  endfacet
  facet normal 0.5915112945283786 -0.7849620003338683 -0.18425267020375563
    outer loop
      vertex -0.9214073706655888 1.2682084463729975 15.116132865494386
      vertex -2.6176293297622903 3.350412756812421 0.8
      vertex -2.4991070217421845 3.439725722048503 0.8
    endloop
  endfacet
  facet normal 0.5637561830876098 -0.8051272691651149 -0.1842526702037557
    outer loop
      vertex -0.8803396815385238 1.3051572508819511 15.080332426915056
      vertex -2.4991070217421845 3.439725722048503 0.8
      vertex -2.3775399367740118 3.5248479113413973 0.8
    endloop
  endfacet
  facet normal 0.5353142215777337 -0.8243116144392307 -0.1842526702037559
    outer loop
      vertex -0.8617187067866325 1.321910634636879 15.059480972215546
      vertex -2.3775399367740118 3.5248479113413973 0.8
      vertex -2.253076185624831 3.6056756164155206 0.8
    endloop
  endfacet
  facet normal 0.5062200621477005 -0.8424916629866221 -0.18425267020375571
    outer loop
      vertex -0.8373046144843102 1.3406861647963524 15.046342805066104
      vertex -2.253076185624831 3.6056756164155206 0.8
      vertex -2.125867408203248 3.6821103611627923 0.8
    endloop
  endfacet
  facet normal 0.47650915154916956 -0.8596452652185531 -0.1842526702037555
    outer loop
      vertex -0.7449301533918018 1.4010098543184644 15.01399476562824
      vertex -2.125867408203248 3.6821103611627923 0.8
      vertex -1.9960685888095409 3.7540590216206087 0.8
    endloop
  endfacet
  facet normal 0.44621768795006783 -0.8757515221130261 -0.18425267020375577
    outer loop
      vertex -0.6982015181665131 1.4315252548932986 14.98212133376147
      vertex -1.9960685888095409 3.7540590216206087 0.8
      vertex -1.8638378673111637 3.8214339394290415 0.8
    endloop
  endfacet
  facet normal 0.4153825768327658 -0.8907908106769833 -0.18425267020375588
    outer loop
      vertex -0.6629646122455597 1.4545361623167992 14.95031116737065
      vertex -1.8638378673111637 3.8214339394290415 0.8
      vertex -1.7293363464736817 3.884153028629052 0.8
    endloop
  endfacet
  facet normal 0.3840413860303989 -0.9047448078539252 -0.18425267020375552
    outer loop
      vertex -0.6321507394313812 1.4710130020976067 14.936243388004087
      vertex -1.7293363464736817 3.884153028629052 0.8
      vertex -1.5927278956818658 3.942139875671588 0.8
    endloop
  endfacet
  facet normal 0.2873659827204469 -0.939931777044429 -0.18425267020375574
    outer loop
      vertex -0.44475176780594383 1.551033738970227 14.871066556372348
      vertex -1.3138583138452544 4.043640102702376 0.8
      vertex -1.1719369424293613 4.0870298202989055 0.8
    endloop
  endfacet
  facet normal 0.25438778117459443 -0.949388124168326 -0.1842526702037558
    outer loop
      vertex -0.4430907443165779 1.551743008196354 14.86970523173099
      vertex -1.1719369424293613 4.0870298202989055 0.8
      vertex -1.0285877463721647 4.125440121618081 0.8
    endloop
  endfacet
  facet normal 0.3522322999561722 -0.9175965128477611 -0.18425267020375555
    outer loop
      vertex -0.5484184489626741 1.5067673049372745 14.924782527150064
      vertex -1.5927278956818658 3.942139875671588 0.8
      vertex -1.454178951290086 3.9953238325157145 0.8
    endloop
  endfacet
  facet normal 0.3199940730816694 -0.9293302678356006 -0.18425267020375583
    outer loop
      vertex -0.49674737920718304 1.5288312311208998 14.903234734362059
      vertex -1.454178951290086 3.9953238325157145 0.8
      vertex -1.3138583138452544 4.043640102702376 0.8
    endloop
  endfacet
  facet normal 0.22109964730284337 -0.9576877881049461 -0.18425267020375577
    outer loop
      vertex -0.3906199983175516 1.5666912415098397 14.86512587593159
      vertex -1.0285877463721647 4.125440121618081 0.8
      vertex -0.8839853745878105 4.158824209624403 0.8
    endloop
  endfacet
  facet normal 0.18754213756861265 -0.9648206569922627 -0.18425267020375563
    outer loop
      vertex -0.28032557443683215 1.589805333877497 14.866847041847528
      vertex -0.8839853745878105 4.158824209624403 0.8
      vertex -0.7383060027920288 4.187141410949056 0.8
    endloop
  endfacet
  facet normal 0.1537561366284216 -0.9707780405282601 -0.18425267020375577
    outer loop
      vertex -0.22506028331127237 1.6013871255842396 14.851943749522214
      vertex -0.7383060027920288 4.187141410949056 0.8
      vertex -0.5917271188591666 4.210357225444158 0.8
    endloop
  endfacet
  facet normal 0.11978280752004154 -0.9755526805587705 -0.18425267020375577
    outer loop
      vertex -0.20363230258226395 1.6058777272701263 14.842097950170832
      vertex -0.5917271188591666 4.210357225444158 0.8
      vertex -0.44442730658054985 4.228443368215865 0.8
    endloop
  endfacet
  facet normal 0.08566354151187605 -0.9791387599203849 -0.1842526702037557
    outer loop
      vertex -0.16922016319519573 1.6100223056421152 14.842525233682586
      vertex -0.44442730658054985 4.228443368215865 0.8
      vertex -0.2965860280876432 4.241377804085175 0.8
    endloop
  endfacet
  facet normal 0.051439907673801626 -0.9815319095278039 -0.18425267020375577
    outer loop
      vertex -0.11273002967939583 1.61211453155427 14.857670552386814
      vertex -0.2965860280876432 4.241377804085175 0.8
      vertex -0.14838340520508714 4.249144774434373 0.8
    endloop
  endfacet
  facet normal 0.017153602231931363 -0.9827292136968631 -0.18425267020375577
    outer loop
      vertex 0 1.6162897153340574 14.85639814638288
      vertex -0.14838340520508714 4.249144774434373 0.8
      vertex 0 4.251734816406497 0.8
    endloop
  endfacet
  facet normal 0.982729213696863 -0.017153602231940446 -0.1842526702037557
    outer loop
      vertex -1.4975729844878234 0 15.489585168466014
      vertex -4.251734816406497 0 0.8
      vertex -1.4968531471792061 0.05227126371564219 15.488558126016954
    endloop
  endfacet
  facet normal 0.981531909527802 -0.05143990767383718 -0.18425267020375558
    outer loop
      vertex -1.4968531471792061 0.05227126371564219 15.488558126016954
      vertex -4.249144774434372 0.14838340520508714 0.8
      vertex -1.4967210441827774 0.061863973736763 15.486583745884026
    endloop
  endfacet
  facet normal 0.9815319095278057 -0.05143990767376506 -0.18425267020375552
    outer loop
      vertex -1.4967210441827774 0.061863973736763 15.486583745884026
      vertex -4.241377804085174 0.29658602808764317 0.8
      vertex -1.4946010783314705 0.08828182518482208 15.490501639122378
    endloop
  endfacet
  facet normal 0.9815319095278016 -0.05143990767384317 -0.18425267020375588
    outer loop
      vertex -1.4946010783314705 0.08828182518482208 15.490501639122378
      vertex -4.241377804085174 0.29658602808764317 0.8
      vertex -1.4922324857451688 0.1043470604066995 15.498634248467454
    endloop
  endfacet
  facet normal 0.9791387599203868 -0.08566354151185557 -0.18425267020375563
    outer loop
      vertex -1.4922324857451688 0.1043470604066995 15.498634248467454
      vertex -4.228443368215866 0.44442730658054985 0.8
      vertex -1.4846112478916786 0.1560389298764765 15.515101530984552
    endloop
  endfacet
  facet normal 0.9755526805587673 -0.11978280752006801 -0.18425267020375574
    outer loop
      vertex -1.4846112478916786 0.1560389298764765 15.515101530984552
      vertex -4.210357225444157 0.5917271188591666 0.8
      vertex -1.4770121662116595 0.20758052270497396 15.521828748605351
    endloop
  endfacet
  facet normal 0.9707780405282613 -0.15375613662841386 -0.18425267020375574
    outer loop
      vertex -1.4770121662116595 0.20758052270497396 15.521828748605351
      vertex -4.210357225444157 0.5917271188591666 0.8
      vertex -1.4694166688335868 0.2590978046181167 15.51885698068235
    endloop
  endfacet
  facet normal 0.9648206569922644 -0.1875421375686045 -0.18425267020375583
    outer loop
      vertex -1.4694166688335868 0.2590978046181167 15.51885698068235
      vertex -4.187141410949056 0.7383060027920288 0.8
      vertex -1.4628610759973526 0.30356182157993317 15.507926851982184
    endloop
  endfacet
  facet normal 0.9648206569922575 -0.1875421375686396 -0.18425267020375577
    outer loop
      vertex -1.4628610759973526 0.30356182157993317 15.507926851982184
      vertex -4.158824209624402 0.8839853745878105 0.8
      vertex -1.4613671126779606 0.31062316880847507 15.508562427672096
    endloop
  endfacet
  facet normal 0.9576877881049414 -0.22109964730286405 -0.18425267020375563
    outer loop
      vertex -1.4613671126779606 0.31062316880847507 15.508562427672096
      vertex -4.158824209624402 0.8839853745878105 0.8
      vertex -1.45772173255682 0.32785337418317795 15.506834060284348
    endloop
  endfacet
  facet normal 0.957687788104948 -0.22109964730283493 -0.18425267020375577
    outer loop
      vertex -1.45772173255682 0.32785337418317795 15.506834060284348
      vertex -4.125440121618082 1.028587746372165 0.8
      vertex -1.4484854017787423 0.361147972372996 15.514888745595357
    endloop
  endfacet
  facet normal 0.9493881241683251 -0.25438778117459804 -0.18425267020375571
    outer loop
      vertex -1.4484854017787423 0.361147972372996 15.514888745595357
      vertex -4.0870298202989055 1.1719369424293613 0.8
      vertex -1.4345579456617517 0.41135287152214195 15.51733673475178
    endloop
  endfacet
  facet normal 0.9399317770444345 -0.28736598272042785 -0.1842526702037558
    outer loop
      vertex -1.4345579456617517 0.41135287152214195 15.51733673475178
      vertex -4.0870298202989055 1.1719369424293613 0.8
      vertex -1.4206220775120146 0.4615880938869641 15.510079696219158
    endloop
  endfacet
  facet normal 0.9293302678355979 -0.31999407308167765 -0.18425267020375571
    outer loop
      vertex -1.4066437288651201 0.5119764475241222 15.493073310255518
      vertex -1.4206220775120146 0.4615880938869641 15.510079696219158
      vertex -4.043640102702377 1.3138583138452544 0.8
    endloop
  endfacet
  facet normal 0.9175965128477667 -0.3522322999561575 -0.18425267020375577
    outer loop
      vertex -1.4066437288651201 0.5119764475241222 15.493073310255518
      vertex -3.9953238325157145 1.4541789512900858 0.8
      vertex -1.3995317295193672 0.5376133769750595 15.47948214317767
    endloop
  endfacet
  facet normal 0.9175965128477668 -0.35223229995615707 -0.1842526702037557
    outer loop
      vertex -1.3995317295193672 0.5376133769750595 15.47948214317767
      vertex -3.942139875671589 1.592727895681866 0.8
      vertex -1.391582265496254 0.5606954768300056 15.47494565178146
    endloop
  endfacet
  facet normal 0.9175965128475773 -0.35223229995664956 -0.1842526702037574
    outer loop
      vertex -1.391582265496254 0.5606954768300056 15.47494565178146
      vertex -3.942139875671589 1.592727895681866 0.8
      vertex -1.391035672073869 0.5620148925900762 15.47514543922832
    endloop
  endfacet
  facet normal 0.904744807853928 -0.38404138603039245 -0.1842526702037558
    outer loop
      vertex -1.391035672073869 0.5620148925900762 15.47514543922832
      vertex -3.942139875671589 1.592727895681866 0.8
      vertex -1.3709895947512265 0.6104038948427714 15.472720534787264
    endloop
  endfacet
  facet normal 0.89079081067698 -0.41538257683277335 -0.1842526702037557
    outer loop
      vertex -1.3709895947512265 0.6104038948427714 15.472720534787264
      vertex -3.884153028629052 1.7293363464736822 0.8
      vertex -1.3509068890575113 0.6588813139114751 15.4605243176959
    endloop
  endfacet
  facet normal 0.8757515221130179 -0.44621768795008415 -0.18425267020375571
    outer loop
      vertex -1.3509068890575113 0.6588813139114751 15.4605243176959
      vertex -3.821433939429041 1.8638378673111637 0.8
      vertex -1.3307382798648963 0.7075660944771379 15.438482194677867
    endloop
  endfacet
  facet normal 0.8596452652185665 -0.47650915154914547 -0.18425267020375583
    outer loop
      vertex -1.3307382798648963 0.7075660944771379 15.438482194677867
      vertex -3.754059021620608 1.9960685888095404 0.8
      vertex -1.310433647740879 0.7565792192783397 15.40645866069135
    endloop
  endfacet
  facet normal 0.8424916629865927 -0.5062200621477495 -0.18425267020375555
    outer loop
      vertex -1.3087822645902634 0.7605654746294022 15.40305764677894
      vertex -1.310433647740879 0.7565792192783397 15.40645866069135
      vertex -3.6821103611627928 2.125867408203249 0.8
    endloop
  endfacet
  facet normal 0.8424916629866561 -0.5062200621476443 -0.1842526702037555
    outer loop
      vertex -1.2969919219613075 0.7844055220484734 15.39147005396373
      vertex -3.6056756164155215 2.2530761856248316 0.8
      vertex -1.2858997256179678 0.8035193281672816 15.38967518620143
    endloop
  endfacet
  facet normal 0.8424916629865997 -0.5062200621477378 -0.18425267020375605
    outer loop
      vertex -1.3087822645902634 0.7605654746294022 15.40305764677894
      vertex -3.6056756164155215 2.2530761856248316 0.8
      vertex -1.2969919219613075 0.7844055220484734 15.39147005396373
    endloop
  endfacet
  facet normal 0.784962000333884 -0.5915112945283576 -0.1842526702037558
    outer loop
      vertex -1.2325297119981258 0.8954852527968377 15.351351579849052
      vertex -3.4397257220485025 2.4991070217421845 0.8
      vertex -1.2055887935568295 0.9419091958835253 15.31709053258811
    endloop
  endfacet
  facet normal 0.7638403762193212 -0.6185457405721198 -0.18425267020375558
    outer loop
      vertex -1.2055887935568295 0.9419091958835253 15.31709053258811
      vertex -3.350412756812421 2.6176293297622912 0.8
      vertex -1.189811922609806 0.9690955206751823 15.291229445437068
    endloop
  endfacet
  facet normal 0.7417881302670412 -0.6448265839105217 -0.18425267020375602
    outer loop
      vertex -1.1722789779305458 0.9945496395230293 15.276910061881047
      vertex -1.1770329350053577 0.987647901646507 15.281924888135926
      vertex -3.257017829723685 2.7329624596589692 0.8
    endloop
  endfacet
  facet normal 0.7638403762193449 -0.6185457405720902 -0.18425267020375571
    outer loop
      vertex -1.189811922609806 0.9690955206751823 15.291229445437068
      vertex -3.257017829723685 2.7329624596589692 0.8
      vertex -1.1770329350053577 0.987647901646507 15.281924888135926
    endloop
  endfacet
  facet normal 0.7417881302669687 -0.6448265839106052 -0.18425267020375583
    outer loop
      vertex -1.1722789779305458 0.9945496395230293 15.276910061881047
      vertex -3.1596547281145666 2.844965895779148 0.8
      vertex -1.143728552733763 1.0298178144603958 15.268424484771927
    endloop
  endfacet
  facet normal 0.7188321297415986 -0.6703218053845059 -0.18425267020375574
    outer loop
      vertex -1.1098037060366956 1.0717249811589267 15.248316131208306
      vertex -1.143728552733763 1.0298178144603958 15.268424484771927
      vertex -3.1596547281145666 2.844965895779148 0.8
    endloop
  endfacet
  facet normal 0.8243116144392301 -0.5353142215777347 -0.18425267020375571
    outer loop
      vertex -1.2858997256179678 0.8035193281672816 15.38967518620143
      vertex -3.6056756164155215 2.2530761856248316 0.8
      vertex -1.259277795544767 0.8493935981655014 15.375496922334065
    endloop
  endfacet
  facet normal 0.8051272691651041 -0.5637561830876251 -0.18425267020375566
    outer loop
      vertex -1.259277795544767 0.8493935981655014 15.375496922334065
      vertex -3.524847911341398 2.377539936774012 0.8
      vertex -1.2325297119981258 0.8954852527968377 15.351351579849052
    endloop
  endfacet
  facet normal 0.6950003429937408 -0.6950003429937057 -0.1842526702037558
    outer loop
      vertex -1.1098037060366956 1.0717249811589267 15.248316131208306
      vertex -3.0584420739267406 2.9535031791887203 0.8
      vertex -1.0756705539641132 1.113889466281734 15.218021974719669
    endloop
  endfacet
  facet normal 0.6703218053845019 -0.7188321297416023 -0.1842526702037557
    outer loop
      vertex -1.0756705539641132 1.113889466281734 15.218021974719669
      vertex -2.953503179188721 3.0584420739267415 0.8
      vertex -1.0412430501206016 1.1564175624428603 15.177354692135339
    endloop
  endfacet
  facet normal 0.6448265839106504 -0.7417881302669294 -0.18425267020375602
    outer loop
      vertex -1.0412430501206016 1.1564175624428603 15.177354692135339
      vertex -2.8449658957791484 3.159654728114567 0.8
      vertex -1.0393389835953712 1.1587696447968483 15.17454901198957
    endloop
  endfacet
  facet normal 0.6448265839105601 -0.7417881302670077 -0.18425267020375583
    outer loop
      vertex -1.0176587104797363 1.1816106364130974 15.158466965472783
      vertex -2.7329624596589683 3.2570178297236847 0.8
      vertex -1.0027467307666282 1.1950270188532284 15.156640819305714
    endloop
  endfacet
  facet normal 0.6185457405721074 -0.7638403762193309 -0.18425267020375577
    outer loop
      vertex -1.0027467307666282 1.1950270188532284 15.156640819305714
      vertex -2.7329624596589683 3.2570178297236847 0.8
      vertex -0.962175810773187 1.2315288776977318 15.1415168928173
    endloop
  endfacet
  facet normal 0.6448265839105644 -0.7417881302670042 -0.18425267020375583
    outer loop
      vertex -1.0393389835953712 1.1587696447968483 15.17454901198957
      vertex -2.7329624596589683 3.2570178297236847 0.8
      vertex -1.0176587104797363 1.1816106364130974 15.158466965472783
    endloop
  endfacet
  facet normal 0.591511294528376 -0.7849620003338702 -0.18425267020375566
    outer loop
      vertex -0.962175810773187 1.2315288776977318 15.1415168928173
      vertex -2.6176293297622903 3.350412756812421 0.8
      vertex -0.9214073706655888 1.2682084463729975 15.116132865494386
    endloop
  endfacet
  facet normal 0.5637561830876082 -0.8051272691651159 -0.18425267020375566
    outer loop
      vertex -0.9214073706655888 1.2682084463729975 15.116132865494386
      vertex -2.4991070217421845 3.439725722048503 0.8
      vertex -0.8803396815385238 1.3051572508819511 15.080332426915056
    endloop
  endfacet
  facet normal 0.5353142215777269 -0.8243116144392353 -0.1842526702037557
    outer loop
      vertex -0.8803396815385238 1.3051572508819511 15.080332426915056
      vertex -2.3775399367740118 3.5248479113413973 0.8
      vertex -0.8617187067866325 1.321910634636879 15.059480972215546
    endloop
  endfacet
  facet normal 0.5062200621473432 -0.8424916629868372 -0.18425267020375438
    outer loop
      vertex -0.8373046144843102 1.3406861647963524 15.046342805066104
      vertex -0.8376079339697162 1.340452898530473 15.046576063425178
      vertex -2.253076185624831 3.6056756164155206 0.8
    endloop
  endfacet
  facet normal 0.5353142215777417 -0.8243116144392257 -0.18425267020375566
    outer loop
      vertex -0.8617187067866325 1.321910634636879 15.059480972215546
      vertex -2.253076185624831 3.6056756164155206 0.8
      vertex -0.8376079339697162 1.340452898530473 15.046576063425178
    endloop
  endfacet
  facet normal 0.5062200621477014 -0.8424916629866217 -0.18425267020375574
    outer loop
      vertex -0.8373046144843102 1.3406861647963524 15.046342805066104
      vertex -2.125867408203248 3.6821103611627923 0.8
      vertex -0.7913658051911427 1.3706857819637135 15.035383504130706
    endloop
  endfacet
  facet normal 0.4153825768327536 -0.8907908106769891 -0.18425267020375563
    outer loop
      vertex -0.6982015181665131 1.4315252548932986 14.98212133376147
      vertex -1.8638378673111637 3.8214339394290415 0.8
      vertex -0.6629646122455597 1.4545361623167992 14.95031116737065
    endloop
  endfacet
  facet normal 0.4765091515491774 -0.8596452652185487 -0.18425267020375574
    outer loop
      vertex -0.7913658051911427 1.3706857819637135 15.035383504130706
      vertex -2.125867408203248 3.6821103611627923 0.8
      vertex -0.7449301533918018 1.4010098543184644 15.01399476562824
    endloop
  endfacet
  facet normal 0.446217687950058 -0.875751522113031 -0.18425267020375566
    outer loop
      vertex -0.6982015181665131 1.4315252548932986 14.98212133376147
      vertex -0.7449301533918018 1.4010098543184644 15.01399476562824
      vertex -1.9960685888095409 3.7540590216206087 0.8
    endloop
  endfacet
  facet normal 0.41538257683283053 -0.8907908106769533 -0.1842526702037555
    outer loop
      vertex -0.6629646122455597 1.4545361623167992 14.95031116737065
      vertex -1.7293363464736817 3.884153028629052 0.8
      vertex -0.6505555017113689 1.4611715803094416 14.946206797745425
    endloop
  endfacet
  facet normal 0.38404138603042587 -0.9047448078539138 -0.18425267020375577
    outer loop
      vertex -0.6321507394313812 1.4710130020976067 14.936243388004087
      vertex -0.6505555017113689 1.4611715803094416 14.946206797745425
      vertex -1.7293363464736817 3.884153028629052 0.8
    endloop
  endfacet
  facet normal 0.3840413860303498 -0.9047448078539461 -0.18425267020375594
    outer loop
      vertex -0.6321507394313812 1.4710130020976067 14.936243388004087
      vertex -1.5927278956818658 3.942139875671588 0.8
      vertex -0.5998930054901025 1.4847872913449425 14.935842244154628
    endloop
  endfacet
  facet normal 0.35223229995619615 -0.9175965128477518 -0.18425267020375596
    outer loop
      vertex -0.5998930054901025 1.4847872913449425 14.935842244154628
      vertex -1.5927278956818658 3.942139875671588 0.8
      vertex -0.5484184489626741 1.5067673049372745 14.924782527150064
    endloop
  endfacet
  facet normal 0.3199940730816602 -0.9293302678356038 -0.18425267020375566
    outer loop
      vertex -0.5484184489626741 1.5067673049372745 14.924782527150064
      vertex -1.454178951290086 3.9953238325157145 0.8
      vertex -0.49674737920718304 1.5288312311208998 14.903234734362059
    endloop
  endfacet
  facet normal 0.28736598272043795 -0.9399317770444315 -0.18425267020375566
    outer loop
      vertex -0.44475176780594383 1.551033738970227 14.871066556372348
      vertex -0.49674737920718304 1.5288312311208998 14.903234734362059
      vertex -1.3138583138452544 4.043640102702376 0.8
    endloop
  endfacet
  facet normal 0.2543877811745483 -0.9493881241683384 -0.18425267020375558
    outer loop
      vertex -0.4430907443165779 1.551743008196354 14.86970523173099
      vertex -0.44475176780594383 1.551033738970227 14.871066556372348
      vertex -1.1719369424293613 4.0870298202989055 0.8
    endloop
  endfacet
  facet normal 0.2543877811746049 -0.9493881241683231 -0.18425267020375563
    outer loop
      vertex -0.4430907443165779 1.551743008196354 14.86970523173099
      vertex -1.0285877463721647 4.125440121618081 0.8
      vertex -0.4055723026394844 1.5635577291250229 14.86062790000588
    endloop
  endfacet
  facet normal 0.25438778117458044 -0.9493881241683296 -0.18425267020375577
    outer loop
      vertex -0.4055723026394844 1.5635577291250229 14.86062790000588
      vertex -1.0285877463721647 4.125440121618081 0.8
      vertex -0.3906199983175516 1.5666912415098397 14.86512587593159
    endloop
  endfacet
  facet normal 0.22109964730284956 -0.9576877881049447 -0.1842526702037557
    outer loop
      vertex -0.3906199983175516 1.5666912415098397 14.86512587593159
      vertex -0.8839853745878105 4.158824209624403 0.8
      vertex -0.3354672749975184 1.5782494426980136 14.871232162164688
    endloop
  endfacet
  facet normal 0.18754213756859983 -0.9648206569922653 -0.18425267020375571
    outer loop
      vertex -0.3354672749975184 1.5782494426980136 14.871232162164688
      vertex -0.8839853745878105 4.158824209624403 0.8
      vertex -0.28032557443683215 1.589805333877497 14.866847041847528
    endloop
  endfacet
  facet normal 0.15375613662843382 -0.9707780405282582 -0.18425267020375585
    outer loop
      vertex -0.28032557443683215 1.589805333877497 14.866847041847528
      vertex -0.7383060027920288 4.187141410949056 0.8
      vertex -0.22506028331127237 1.6013871255842396 14.851943749522214
    endloop
  endfacet
  facet normal 0.1197828075200456 -0.9755526805587701 -0.18425267020375571
    outer loop
      vertex -0.22506028331127237 1.6013871255842396 14.851943749522214
      vertex -0.5917271188591666 4.210357225444158 0.8
      vertex -0.20363230258226395 1.6058777272701263 14.842097950170832
    endloop
  endfacet
  facet normal 0.11978280752005235 -0.9755526805587693 -0.18425267020375566
    outer loop
      vertex -0.20363230258226395 1.6058777272701263 14.842097950170832
      vertex -0.44442730658054985 4.228443368215865 0.8
      vertex -0.17001233249902725 1.60999296605587 14.842165586513495
    endloop
  endfacet
  facet normal 0.11978280752017997 -0.9755526805587537 -0.18425267020375524
    outer loop
      vertex -0.17001233249902725 1.60999296605587 14.842165586513495
      vertex -0.44442730658054985 4.228443368215865 0.8
      vertex -0.16922016319519573 1.6100223056421152 14.842525233682586
    endloop
  endfacet
  facet normal 0.08566354151186223 -0.979138759920386 -0.18425267020375577
    outer loop
      vertex -0.16922016319519573 1.6100223056421152 14.842525233682586
      vertex -0.2965860280876432 4.241377804085175 0.8
      vertex -0.11273002967939583 1.61211453155427 14.857670552386814
    endloop
  endfacet
  facet normal 0.051439907673810584 -0.9815319095278033 -0.18425267020375571
    outer loop
      vertex -0.11273002967939583 1.61211453155427 14.857670552386814
      vertex -0.14838340520508714 4.249144774434373 0.8
      vertex -0.056369174885442186 1.6142019693684877 14.8622854670161
    endloop
  endfacet
  facet normal 0.017153602231921836 -0.9827292136968632 -0.18425267020375566
    outer loop
      vertex -0.056369174885442186 1.6142019693684877 14.8622854670161
      vertex -0.14838340520508714 4.249144774434373 0.8
      vertex 0 1.6162897153340574 14.85639814638288
    endloop
  endfacet
  facet normal -0.08566354151185056 0.9791387599203878 -0.18425267020375205
    outer loop
      vertex 0.3206665739417076 -4.124534010887146 1.4097250140943913
      vertex 0.44442730658054985 -4.228443368215866 0.8
      vertex 0.42763894405543434 -4.229912159615977 0.8
    endloop
  endfacet
  facet normal -0.08566354151186968 0.9791387599203855 -0.1842526702037557
    outer loop
      vertex 0.3206665739417076 -4.124534010887146 1.4097250140943913
      vertex 0.3071065136717101 -2.921923297338341 7.806833746432119
      vertex 0.44442730658054985 -4.228443368215866 0.8
    endloop
  endfacet
  facet normal -0.08566354151187716 0.9791387599203849 -0.18425267020375571
    outer loop
      vertex 0.3206665739417076 -4.124534010887146 1.4097250140943913
      vertex 0.2850350175902471 -4.076190658034136 1.6831928331160384
      vertex 0.24328936636447906 -3.001829706132412 7.411872527751704
    endloop
  endfacet
  facet normal -0.05143990767380143 0.9815319095278037 -0.18425267020375577
    outer loop
      vertex 0.2850350175902471 -4.076190658034136 1.6831928331160384
      vertex 0.21271124482154846 -3.9780648946762085 2.2261097741069094
      vertex 0.21336790416966545 -3.0513031874244785 7.16287627357692
    endloop
  endfacet
  facet normal -0.11978280752004915 0.9755526805587695 -0.18425267020375574
    outer loop
      vertex 0.3955431039670797 -2.8144354258652284 8.318451287528411
      vertex 0.5917271188591666 -4.210357225444158 0.8
      vertex 0.44442730658054985 -4.228443368215866 0.8
    endloop
  endfacet
  facet normal -0.15375613662842133 0.9707780405282601 -0.18425267020375577
    outer loop
      vertex 0.47947690735446863 -2.7192486676059233 8.749923337501507
      vertex 0.7383060027920288 -4.187141410949056 0.8
      vertex 0.5917271188591666 -4.210357225444158 0.8
    endloop
  endfacet
  facet normal -0.18754213756861068 0.9648206569922632 -0.18425267020375571
    outer loop
      vertex 0.558460724754678 -2.627351140642018 9.150741617698188
      vertex 0.8839853745878105 -4.158824209624403 0.8
      vertex 0.7383060027920288 -4.187141410949056 0.8
    endloop
  endfacet
  facet normal -0.22109964730283846 0.9576877881049474 -0.18425267020375574
    outer loop
      vertex 0.6330500069664116 -2.5390248979156174 9.520328120642084
      vertex 1.0285877463721649 -4.125440121618082 0.8
      vertex 0.8839853745878105 -4.158824209624403 0.8
    endloop
  endfacet
  facet normal -0.25438778117459654 0.9493881241683254 -0.18425267020375585
    outer loop
      vertex 0.7023411941859502 -2.4493548251085553 9.886699314991404
      vertex 1.1719369424293613 -4.087029820298906 0.8
      vertex 1.0285877463721649 -4.125440121618082 0.8
    endloop
  endfacet
  facet normal -0.2873659827204461 0.939931777044429 -0.18425267020375563
    outer loop
      vertex 0.767111691133493 -2.3609270229762194 10.236779797518075
      vertex 1.3138583138452544 -4.043640102702377 0.8
      vertex 1.1719369424293613 -4.087029820298906 0.8
    endloop
  endfacet
  facet normal -0.05143990767576241 0.9815319095277022 -0.1842526702037496
    outer loop
      vertex 0.13361143320798874 -3.8191010132431984 3.0950090357472746
      vertex 0.13333116455975166 -3.8181049988391487 3.1003931472080026
      vertex 0.11373496348419819 -3.2569432214566567 6.0952274531213035
    endloop
  endfacet
  facet normal -0.05143990767378526 0.9815319095278047 -0.18425267020375594
    outer loop
      vertex 0.21271124482154846 -3.9780648946762085 2.2261097741069094
      vertex 0.13361143320798874 -3.8191010132431984 3.0950090357472746
      vertex 0.21336790416966545 -3.0513031874244785 7.16287627357692
    endloop
  endfacet
  facet normal -0.01715360223193802 0.9827292136968628 -0.18425267020375585
    outer loop
      vertex 0.13333116455975166 -3.8181049988391487 3.1003931472080026
      vertex 0.086211197078228 -3.6506507843732834 3.9979129796682358
      vertex 0.11373496348419819 -3.2569432214566567 6.0952274531213035
    endloop
  endfacet
  facet normal -0.017153602231951066 0.9827292136968626 -0.18425267020375538
    outer loop
      vertex 0.086211197078228 -3.6506507843732834 3.9979129796682358
      vertex 0.07223382592201233 -3.4795677065849304 4.91170218332352
      vertex 0.09328391402959824 -3.3137296363711357 5.794255642787839
    endloop
  endfacet
  facet normal -0.31999407308167654 0.9293302678355982 -0.18425267020375574
    outer loop
      vertex 0.8264752878761201 -2.2707221911768984 10.588655736737728
      vertex 1.4541789512900858 -3.995323832515714 0.8
      vertex 1.3138583138452544 -4.043640102702377 0.8
    endloop
  endfacet
  facet normal -0.01715360223197423 0.9827292136968624 -0.18425267020375524
    outer loop
      vertex 0.086211197078228 -3.6506507843732834 3.9979129796682358
      vertex 0.09328391402959824 -3.3137296363711357 5.794255642787839
      vertex 0.11373496348419819 -3.2569432214566567 6.0952274531213035
    endloop
  endfacet
  facet normal -0.05143990767375388 0.9815319095278062 -0.1842526702037558
    outer loop
      vertex 0.13361143320798874 -3.8191010132431984 3.0950090357472746
      vertex 0.11373496348419819 -3.2569432214566567 6.0952274531213035
      vertex 0.15014921873807907 -3.1558317840099335 6.623691742058
    endloop
  endfacet
  facet normal -0.0856635415118705 0.9791387599203853 -0.18425267020375571
    outer loop
      vertex 0.2850350175902471 -4.076190658034136 1.6831928331160384
      vertex 0.21336790416966545 -3.0513031874244785 7.16287627357692
      vertex 0.24328936636447906 -3.001829706132412 7.411872527751704
    endloop
  endfacet
  facet normal -0.0514399076738239 0.9815319095278028 -0.1842526702037548
    outer loop
      vertex 0.13361143320798874 -3.8191010132431984 3.0950090357472746
      vertex 0.15014921873807907 -3.1558317840099335 6.623691742058
      vertex 0.21336790416966545 -3.0513031874244785 7.16287627357692
    endloop
  endfacet
  facet normal -0.08566354151186831 0.9791387599203856 -0.18425267020375571
    outer loop
      vertex 0.3206665739417076 -4.124534010887146 1.4097250140943913
      vertex 0.24328936636447906 -3.001829706132412 7.411872527751704
      vertex 0.3071065136717101 -2.921923297338341 7.806833746432119
    endloop
  endfacet
  facet normal -0.1197828075200534 0.9755526805587691 -0.18425267020375571
    outer loop
      vertex 0.3071065136717101 -2.921923297338341 7.806833746432119
      vertex 0.36805447936058044 -2.8456094339489937 8.171266324131913
      vertex 0.44442730658054985 -4.228443368215866 0.8
    endloop
  endfacet
  facet normal -0.11978280752004793 0.9755526805587698 -0.18425267020375577
    outer loop
      vertex 0.36805447936058044 -2.8456094339489937 8.171266324131913
      vertex 0.3955431039670797 -2.8144354258652284 8.318451287528411
      vertex 0.44442730658054985 -4.228443368215866 0.8
    endloop
  endfacet
  facet normal -0.15375613662841944 0.9707780405282604 -0.18425267020375583
    outer loop
      vertex 0.3955431039670797 -2.8144354258652284 8.318451287528411
      vertex 0.47947690735446863 -2.7192486676059233 8.749923337501507
      vertex 0.5917271188591666 -4.210357225444158 0.8
    endloop
  endfacet
  facet normal -0.35223229995617367 0.9175965128477606 -0.18425267020375555
    outer loop
      vertex 0.8802122304398248 -2.1786017197778453 10.944696907665083
      vertex 1.5927278956818658 -3.9421398756715873 0.8
      vertex 1.4541789512900858 -3.995323832515714 0.8
    endloop
  endfacet
  facet normal -0.3840413860303871 0.9047448078539302 -0.18425267020375577
    outer loop
      vertex 0.9261056110262871 -2.096878260374069 11.250331111083185
      vertex 1.729336346473682 -3.884153028629053 0.8
      vertex 1.5927278956818658 -3.9421398756715873 0.8
    endloop
  endfacet
  facet normal -0.41538257683276564 0.8907908106769836 -0.1842526702037559
    outer loop
      vertex 0.9297722647900586 -2.08830269807468 11.284797632866805
      vertex 1.8638378673111642 -3.8214339394290424 0.8
      vertex 1.729336346473682 -3.884153028629053 0.8
    endloop
  endfacet
  facet normal -0.4462176879500724 0.8757515221130237 -0.18425267020375563
    outer loop
      vertex 0.9712356576433349 -1.9913281999449237 11.660156213884356
      vertex 1.996068588809541 -3.7540590216206087 0.8
      vertex 1.8638378673111642 -3.8214339394290424 0.8
    endloop
  endfacet
  facet normal -0.18754213756859486 0.9648206569922664 -0.18425267020375585
    outer loop
      vertex 0.47947690735446863 -2.7192486676059233 8.749923337501507
      vertex 0.5106501802802086 -2.6838960126042366 8.903314165186075
      vertex 0.7383060027920288 -4.187141410949056 0.8
    endloop
  endfacet
  facet normal -0.18754213756906513 0.9648206569921756 -0.18425267020375222
    outer loop
      vertex 0.5106501802802086 -2.6838960126042366 8.903314165186075
      vertex 0.5134436935186386 -2.680658869445324 8.917421755281907
      vertex 0.7383060027920288 -4.187141410949056 0.8
    endloop
  endfacet
  facet normal -0.18754213756858523 0.964820656992268 -0.18425267020375607
    outer loop
      vertex 0.5134436935186386 -2.680658869445324 8.917421755281907
      vertex 0.558460724754678 -2.627351140642018 9.150741617698188
      vertex 0.7383060027920288 -4.187141410949056 0.8
    endloop
  endfacet
  facet normal -0.22109964730283915 0.957687788104947 -0.1842526702037557
    outer loop
      vertex 0.558460724754678 -2.627351140642018 9.150741617698188
      vertex 0.6330500069664116 -2.5390248979156174 9.520328120642084
      vertex 0.8839853745878105 -4.158824209624403 0.8
    endloop
  endfacet
  facet normal -0.2543877811745766 0.9493881241683307 -0.1842526702037558
    outer loop
      vertex 0.6330500069664116 -2.5390248979156174 9.520328120642084
      vertex 0.6558136940002441 -2.5120688676834106 9.627794303462629
      vertex 1.0285877463721649 -4.125440121618082 0.8
    endloop
  endfacet
  facet normal -0.2543877811746943 0.9493881241682994 -0.18425267020375502
    outer loop
      vertex 0.6558136940002441 -2.5120688676834106 9.627794303462629
      vertex 0.6643575876951218 -2.5012118741869926 9.671940412829969
      vertex 1.0285877463721649 -4.125440121618082 0.8
    endloop
  endfacet
  facet normal -0.25438778117459704 0.9493881241683252 -0.18425267020375574
    outer loop
      vertex 0.6643575876951218 -2.5012118741869926 9.671940412829969
      vertex 0.7023411941859502 -2.4493548251085553 9.886699314991404
      vertex 1.0285877463721649 -4.125440121618082 0.8
    endloop
  endfacet
  facet normal -0.2873659827204343 0.9399317770444325 -0.18425267020375583
    outer loop
      vertex 0.7023411941859502 -2.4493548251085553 9.886699314991404
      vertex 0.767111691133493 -2.3609270229762194 10.236779797518075
      vertex 1.1719369424293613 -4.087029820298906 0.8
    endloop
  endfacet
  facet normal -0.3199940730816928 0.9293302678355927 -0.1842526702037556
    outer loop
      vertex 0.767111691133493 -2.3609270229762194 10.236779797518075
      vertex 0.7940775901079178 -2.3241118788719177 10.375635315082235
      vertex 1.3138583138452544 -4.043640102702377 0.8
    endloop
  endfacet
  facet normal -0.31999407308167555 0.9293302678355986 -0.18425267020375571
    outer loop
      vertex 0.7940775901079178 -2.3241118788719177 10.375635315082235
      vertex 0.8054857775568962 -2.306704208254814 10.443623056127485
      vertex 1.3138583138452544 -4.043640102702377 0.8
    endloop
  endfacet
  facet normal -0.3199940730816921 0.9293302678355929 -0.18425267020375558
    outer loop
      vertex 0.8054857775568962 -2.306704208254814 10.443623056127485
      vertex 0.8264752878761201 -2.2707221911768984 10.588655736737728
      vertex 1.3138583138452544 -4.043640102702377 0.8
    endloop
  endfacet
  facet normal -0.3522322999561676 0.9175965128477628 -0.1842526702037558
    outer loop
      vertex 0.8264752878761201 -2.2707221911768984 10.588655736737728
      vertex 0.8802122304398248 -2.1786017197778453 10.944696907665083
      vertex 1.4541789512900858 -3.995323832515714 0.8
    endloop
  endfacet
  facet normal -0.38404138603038934 0.9047448078539292 -0.1842526702037557
    outer loop
      vertex 0.8802122304398248 -2.1786017197778453 10.944696907665083
      vertex 0.9149657785892487 -2.119024209678173 11.164805751037157
      vertex 1.5927278956818658 -3.9421398756715873 0.8
    endloop
  endfacet
  facet normal -0.38404138603037125 0.9047448078539371 -0.18425267020375588
    outer loop
      vertex 0.9149657785892487 -2.119024209678173 11.164805751037157
      vertex 0.9261056110262871 -2.096878260374069 11.250331111083185
      vertex 1.5927278956818658 -3.9421398756715873 0.8
    endloop
  endfacet
  facet normal -0.3840413860303809 0.9047448078539331 -0.1842526702037557
    outer loop
      vertex 0.9261056110262871 -2.096878260374069 11.250331111083185
      vertex 0.9297722647900586 -2.08830269807468 11.284797632866805
      vertex 1.729336346473682 -3.884153028629053 0.8
    endloop
  endfacet
  facet normal -0.4153825768327601 0.8907908106769863 -0.1842526702037557
    outer loop
      vertex 0.9297722647900586 -2.08830269807468 11.284797632866805
      vertex 0.9712356576433349 -1.9913281999449237 11.660156213884356
      vertex 1.8638378673111642 -3.8214339394290424 0.8
    endloop
  endfacet
  facet normal -0.47650915154917367 0.8596452652185508 -0.18425267020375585
    outer loop
      vertex 1.0179971978068352 -1.878699578344822 12.079097515265133
      vertex 2.125867408203248 -3.6821103611627914 0.8
      vertex 1.996068588809541 -3.7540590216206087 0.8
    endloop
  endfacet
  facet normal -0.5062200621476989 0.8424916629866233 -0.18425267020375585
    outer loop
      vertex 1.040754566164508 -1.802639786806232 12.375105954772351
      vertex 2.253076185624831 -3.60567561641552 0.8
      vertex 2.125867408203248 -3.6821103611627914 0.8
    endloop
  endfacet
  facet normal -0.5353142215777316 0.8243116144392323 -0.18425267020375574
    outer loop
      vertex 1.0813794881105423 -1.6657827347517014 12.882875847696447
      vertex 2.3775399367740113 -3.5248479113413977 0.8
      vertex 2.253076185624831 -3.60567561641552 0.8
    endloop
  endfacet
  facet normal -0.5637561830876062 0.8051272691651175 -0.1842526702037558
    outer loop
      vertex 1.0924386309322756 -1.6196068747156867 13.057327492103703
      vertex 2.499107021742185 -3.4397257220485034 0.8
      vertex 2.3775399367740113 -3.5248479113413977 0.8
    endloop
  endfacet
  facet normal -0.5915112945283826 0.7849620003338651 -0.18425267020375583
    outer loop
      vertex 1.129061445593834 -1.4666935801506042 13.603899593578276
      vertex 2.6176293297622903 -3.3504127568124207 0.8
      vertex 2.499107021742185 -3.4397257220485034 0.8
    endloop
  endfacet
  facet normal -0.6185457405720886 0.7638403762193464 -0.1842526702037556
    outer loop
      vertex 1.1334864185197142 -1.4507964565888098 13.657419667051705
      vertex 2.7329624596589692 -3.257017829723685 0.8
      vertex 2.6176293297622903 -3.3504127568124207 0.8
    endloop
  endfacet
  facet normal -0.6448265839105841 0.741788130266987 -0.1842526702037558
    outer loop
      vertex 1.1543795453702217 -1.3757359704122323 13.898452132581774
      vertex 2.8449658957791484 -3.159654728114567 0.8
      vertex 2.7329624596589692 -3.257017829723685 0.8
    endloop
  endfacet
  facet normal -0.6703218053845058 0.7188321297415987 -0.18425267020375585
    outer loop
      vertex 1.1816123351454735 -1.2778996601700783 14.192740317795383
      vertex 2.953503179188721 -3.0584420739267415 0.8
      vertex 2.8449658957791484 -3.159654728114567 0.8
    endloop
  endfacet
  facet normal -0.6950003429937222 0.6950003429937243 -0.1842526702037558
    outer loop
      vertex 1.1963049516564979 -1.2388100419780657 14.29178958666121
      vertex 3.058442073926742 -2.953503179188721 0.8
      vertex 2.953503179188721 -3.0584420739267415 0.8
    endloop
  endfacet
  facet normal -0.7188321297415987 0.6703218053845058 -0.18425267020375563
    outer loop
      vertex 1.2193462002414703 -1.1775089381768464 14.4361056091578
      vertex 3.1596547281145675 -2.8449658957791484 0.8
      vertex 3.058442073926742 -2.953503179188721 0.8
    endloop
  endfacet
  facet normal -0.7417881302669888 0.6448265839105821 -0.18425267020375558
    outer loop
      vertex 1.2509742826223373 -1.0933626145124435 14.614273933451727
      vertex 3.257017829723685 -2.7329624596589692 0.8
      vertex 3.1596547281145675 -2.8449658957791484 0.8
    endloop
  endfacet
  facet normal -0.7638403762193451 0.6185457405720902 -0.18425267020375566
    outer loop
      vertex 1.2651052805188612 -1.0615493742838058 14.66871990973091
      vertex 3.350412756812421 -2.6176293297622903 0.8
      vertex 3.257017829723685 -2.7329624596589692 0.8
    endloop
  endfacet
  facet normal -0.7849620003338647 0.5915112945283834 -0.1842526702037556
    outer loop
      vertex 1.2892235079434948 -1.0072517961108214 14.751014835366107
      vertex 3.4397257220485034 -2.499107021742185 0.8
      vertex 3.350412756812421 -2.6176293297622903 0.8
    endloop
  endfacet
  facet normal -0.8051272691651153 0.5637561830876092 -0.18425267020375571
    outer loop
      vertex 1.312923847950258 -0.9538950115683066 14.821338236280646
      vertex 3.524847911341398 -2.3775399367740118 0.8
      vertex 3.4397257220485034 -2.499107021742185 0.8
    endloop
  endfacet
  facet normal -0.8243116144392303 0.5353142215777346 -0.18425267020375571
    outer loop
      vertex 1.3379871472716331 -0.8973786979913712 14.883953765570588
      vertex 3.605675616415521 -2.2530761856248316 0.8
      vertex 3.524847911341398 -2.3775399367740118 0.8
    endloop
  endfacet
  facet normal -0.8424916629866229 0.5062200621476998 -0.18425267020375577
    outer loop
      vertex 1.358436826327381 -0.8488455392769542 14.933470454314474
      vertex 3.6821103611627923 -2.1258674082032485 0.8
      vertex 3.605675616415521 -2.2530761856248316 0.8
    endloop
  endfacet
  facet normal -0.859645265218559 0.47650915154915896 -0.1842526702037557
    outer loop
      vertex 1.3803139500552708 -0.7969246306306063 14.97608645136983
      vertex 3.7540590216206073 -1.9960685888095409 0.8
      vertex 3.6821103611627923 -2.1258674082032485 0.8
    endloop
  endfacet
  facet normal -0.8757515221130241 0.44621768795007166 -0.18425267020375552
    outer loop
      vertex 1.4223971515893936 -0.6970487013459206 15.028298996257789
      vertex 3.821433939429041 -1.8638378673111637 0.8
      vertex 3.7540590216206073 -1.9960685888095409 0.8
    endloop
  endfacet
  facet normal -0.8907908106769793 0.4153825768327751 -0.18425267020375555
    outer loop
      vertex 1.4289026334881783 -0.6793111190199852 15.037387559815016
      vertex 3.884153028629053 -1.7293363464736822 0.8
      vertex 3.821433939429041 -1.8638378673111637 0.8
    endloop
  endfacet
  facet normal -0.9047448078539285 0.3840413860303914 -0.18425267020375585
    outer loop
      vertex 1.4407833837242487 -0.6414780917499314 15.06524016687306
      vertex 3.942139875671588 -1.592727895681866 0.8
      vertex 3.884153028629053 -1.7293363464736822 0.8
    endloop
  endfacet
  facet normal -0.9175965128477618 0.3522322999561699 -0.18425267020375563
    outer loop
      vertex 1.4573265316895487 -0.5887981384079674 15.093809386871214
      vertex 3.995323832515714 -1.4541789512900858 0.8
      vertex 3.942139875671588 -1.592727895681866 0.8
    endloop
  endfacet
  facet normal -0.9293302678355999 0.3199940730816715 -0.18425267020375571
    outer loop
      vertex 1.4737776633893782 -0.5364112014001282 15.112028228563197
      vertex 4.043640102702376 -1.3138583138452544 0.8
      vertex 3.995323832515714 -1.4541789512900858 0.8
    endloop
  endfacet
  facet normal -0.9399317770444268 0.28736598272045344 -0.1842526702037557
    outer loop
      vertex 1.5001299679279327 -0.44631730020046234 15.128301315394303
      vertex 4.087029820298906 -1.1719369424293613 0.8
      vertex 4.043640102702376 -1.3138583138452544 0.8
    endloop
  endfacet
  facet normal -0.9493881241683252 0.25438778117459737 -0.1842526702037556
    outer loop
      vertex 1.5027458203790975 -0.4309054299620406 15.138993830143406
      vertex 4.125440121618082 -1.0285877463721649 0.8
      vertex 4.087029820298906 -1.1719369424293613 0.8
    endloop
  endfacet
  facet normal -0.9576877881049475 0.22109964730283774 -0.18425267020375571
    outer loop
      vertex 1.5119020451208653 -0.3769595174045058 15.166295306758848
      vertex 4.158824209624403 -0.8839853745878105 0.8
      vertex 4.125440121618082 -1.0285877463721649 0.8
    endloop
  endfacet
  facet normal -0.9648206569922644 0.1875421375686046 -0.18425267020375571
    outer loop
      vertex 1.5210095644851602 -0.32330056329418344 15.18334697689118
      vertex 4.187141410949055 -0.738306002792029 0.8
      vertex 4.158824209624403 -0.8839853745878105 0.8
    endloop
  endfacet
  facet normal -0.9707780405282599 0.15375613662842272 -0.18425267020375566
    outer loop
      vertex 1.536239966750145 -0.23356729745864868 15.188087727793523
      vertex 4.210357225444157 -0.5917271188591666 0.8
      vertex 4.187141410949055 -0.738306002792029 0.8
    endloop
  endfacet
  facet normal -0.9755526805587691 0.11978280752005395 -0.1842526702037558
    outer loop
      vertex 1.5389952585101128 -0.20518849045038223 15.195205273160504
      vertex 4.228443368215866 -0.44442730658054985 0.8
      vertex 4.210357225444157 -0.5917271188591666 0.8
    endloop
  endfacet
  facet normal -0.979138759920386 0.08566354151186448 -0.1842526702037557
    outer loop
      vertex 1.54009772396708 -0.16187079351196879 15.217528977985353
      vertex 4.241377804085174 -0.2965860280876431 0.8
      vertex 4.228443368215866 -0.44442730658054985 0.8
    endloop
  endfacet
  facet normal -0.9815319095278038 0.05143990767380012 -0.18425267020375574
    outer loop
      vertex 1.541474108284332 -0.1077903700857889 15.235358024153022
      vertex 4.249144774434372 -0.1483834052050871 0.8
      vertex 4.241377804085174 -0.2965860280876431 0.8
    endloop
  endfacet
  facet normal -0.9827292136968628 0.017153602231936793 -0.18425267020375574
    outer loop
      vertex 1.5442174480279527 0 15.240802467366414
      vertex 4.251734816406497 0 0.8
      vertex 4.249144774434372 -0.1483834052050871 0.8
    endloop
  endfacet
  facet normal -0.44621768795008293 0.8757515221130184 -0.18425267020375583
    outer loop
      vertex 0.9712356576433349 -1.9913281999449237 11.660156213884356
      vertex 1.0102683964987254 -1.9000385103981543 11.999527068147948
      vertex 1.996068588809541 -3.7540590216206087 0.8
    endloop
  endfacet
  facet normal -0.47650915155051177 0.8596452652178102 -0.18425267020375086
    outer loop
      vertex 1.01028560847044 -1.8999982550740242 11.999670369391403
      vertex 1.996068588809541 -3.7540590216206087 0.8
      vertex 1.0102683964987254 -1.9000385103981543 11.999527068147948
    endloop
  endfacet
  facet normal -0.476509151549171 0.8596452652185524 -0.18425267020375574
    outer loop
      vertex 1.01028560847044 -1.8999982550740242 11.999670369391403
      vertex 1.0179971978068352 -1.878699578344822 12.079097515265133
      vertex 1.996068588809541 -3.7540590216206087 0.8
    endloop
  endfacet
  facet normal -0.47650915154917683 0.8596452652185491 -0.18425267020375577
    outer loop
      vertex 1.0179971978068352 -1.878699578344822 12.079097515265133
      vertex 1.040754566164508 -1.802639786806232 12.375105954772351
      vertex 2.125867408203248 -3.6821103611627914 0.8
    endloop
  endfacet
  facet normal -0.5062200621476991 0.8424916629866231 -0.18425267020375571
    outer loop
      vertex 1.040754566164508 -1.802639786806232 12.375105954772351
      vertex 1.0684901696969582 -1.7099417125069736 12.722764611535922
      vertex 2.253076185624831 -3.60567561641552 0.8
    endloop
  endfacet
  facet normal -0.5353142215776934 0.8243116144392568 -0.18425267020375585
    outer loop
      vertex 1.0684901696969582 -1.7099417125069736 12.722764611535922
      vertex 1.0784872025251389 -1.6765295788645744 12.843199533611042
      vertex 2.253076185624831 -3.60567561641552 0.8
    endloop
  endfacet
  facet normal -0.5353142215777008 0.824311614439252 -0.18425267020375583
    outer loop
      vertex 1.0784872025251389 -1.6765295788645744 12.843199533611042
      vertex 1.0813794881105423 -1.6657827347517014 12.882875847696447
      vertex 2.253076185624831 -3.60567561641552 0.8
    endloop
  endfacet
  facet normal -0.5353142215777609 0.8243116144392132 -0.18425267020375585
    outer loop
      vertex 1.0813794881105423 -1.6657827347517014 12.882875847696447
      vertex 1.0924386309322756 -1.6196068747156867 13.057327492103703
      vertex 2.3775399367740113 -3.5248479113413977 0.8
    endloop
  endfacet
  facet normal -0.5637561830876003 0.8051272691651217 -0.18425267020375566
    outer loop
      vertex 1.0924386309322756 -1.6196068747156867 13.057327492103703
      vertex 1.1133319245865017 -1.532369932484237 13.37459897328138
      vertex 2.499107021742185 -3.4397257220485034 0.8
    endloop
  endfacet
  facet normal -0.5915112945283962 0.7849620003338549 -0.18425267020375563
    outer loop
      vertex 1.1133319245865017 -1.532369932484237 13.37459897328138
      vertex 1.129061445593834 -1.4666935801506042 13.603899593578276
      vertex 2.499107021742185 -3.4397257220485034 0.8
    endloop
  endfacet
  facet normal -0.5915112945283698 0.7849620003338749 -0.18425267020375566
    outer loop
      vertex 1.129061445593834 -1.4666935801506042 13.603899593578276
      vertex 1.1334864185197142 -1.4507964565888098 13.657419667051705
      vertex 2.6176293297622903 -3.3504127568124207 0.8
    endloop
  endfacet
  facet normal -0.6185457405720945 0.7638403762193414 -0.18425267020375577
    outer loop
      vertex 1.1334864185197142 -1.4507964565888098 13.657419667051705
      vertex 1.1543795453702217 -1.3757359704122323 13.898452132581774
      vertex 2.7329624596589692 -3.257017829723685 0.8
    endloop
  endfacet
  facet normal -0.6448265839105771 0.7417881302669931 -0.1842526702037557
    outer loop
      vertex 1.1543795453702217 -1.3757359704122323 13.898452132581774
      vertex 1.1742952421337163 -1.3041869920180824 14.116804529596244
      vertex 2.8449658957791484 -3.159654728114567 0.8
    endloop
  endfacet
  facet normal -0.6703218053844835 0.7188321297416195 -0.18425267020375583
    outer loop
      vertex 1.1742952421337163 -1.3041869920180824 14.116804529596244
      vertex 1.1816123351454735 -1.2778996601700783 14.192740317795383
      vertex 2.8449658957791484 -3.159654728114567 0.8
    endloop
  endfacet
  facet normal -0.6703218053845071 0.7188321297415975 -0.18425267020375571
    outer loop
      vertex 1.1816123351454735 -1.2778996601700783 14.192740317795383
      vertex 1.1963049516564979 -1.2388100419780657 14.29178958666121
      vertex 2.953503179188721 -3.0584420739267415 0.8
    endloop
  endfacet
  facet normal -0.6950003429937212 0.6950003429937255 -0.1842526702037557
    outer loop
      vertex 1.1963049516564979 -1.2388100419780657 14.29178958666121
      vertex 1.2193462002414703 -1.1775089381768464 14.4361056091578
      vertex 3.058442073926742 -2.953503179188721 0.8
    endloop
  endfacet
  facet normal -0.7188321297416098 0.6703218053844939 -0.18425267020375583
    outer loop
      vertex 1.2193462002414703 -1.1775089381768464 14.4361056091578
      vertex 1.241701428306737 -1.1180329878577904 14.565267211904157
      vertex 3.1596547281145675 -2.8449658957791484 0.8
    endloop
  endfacet
  facet normal -0.7417881302669743 0.6448265839105985 -0.18425267020375583
    outer loop
      vertex 1.241701428306737 -1.1180329878577904 14.565267211904157
      vertex 1.2509742826223373 -1.0933626145124435 14.614273933451727
      vertex 3.1596547281145675 -2.8449658957791484 0.8
    endloop
  endfacet
  facet normal -0.7417881302669922 0.6448265839105781 -0.1842526702037558
    outer loop
      vertex 1.2509742826223373 -1.0933626145124435 14.614273933451727
      vertex 1.2651052805188612 -1.0615493742838058 14.66871990973091
      vertex 3.257017829723685 -2.7329624596589692 0.8
    endloop
  endfacet
  facet normal -0.7638403762193375 0.6185457405720993 -0.18425267020375566
    outer loop
      vertex 1.2651052805188612 -1.0615493742838058 14.66871990973091
      vertex 1.2892235079434948 -1.0072517961108214 14.751014835366107
      vertex 3.350412756812421 -2.6176293297622903 0.8
    endloop
  endfacet
  facet normal -0.784962000333868 0.5915112945283788 -0.1842526702037557
    outer loop
      vertex 1.2892235079434948 -1.0072517961108214 14.751014835366107
      vertex 1.312923847950258 -0.9538950115683066 14.821338236280646
      vertex 3.4397257220485034 -2.499107021742185 0.8
    endloop
  endfacet
  facet normal -0.8051272691651109 0.5637561830876154 -0.18425267020375566
    outer loop
      vertex 1.312923847950258 -0.9538950115683066 14.821338236280646
      vertex 1.336273458075434 -0.9013278283023617 14.88014697292224
      vertex 3.524847911341398 -2.3775399367740118 0.8
    endloop
  endfacet
  facet normal -0.8243116144394519 0.5353142215773937 -0.18425267020375438
    outer loop
      vertex 1.336459830403328 -0.9009082466363907 14.880532200220905
      vertex 3.524847911341398 -2.3775399367740118 0.8
      vertex 1.336273458075434 -0.9013278283023617 14.88014697292224
    endloop
  endfacet
  facet normal -0.8243116144393328 0.5353142215775768 -0.18425267020375508
    outer loop
      vertex 1.336459830403328 -0.9009082466363907 14.880532200220905
      vertex 1.3379871472716331 -0.8973786979913712 14.883953765570588
      vertex 3.524847911341398 -2.3775399367740118 0.8
    endloop
  endfacet
  facet normal -0.8243116144392305 0.5353142215777342 -0.18425267020375574
    outer loop
      vertex 1.3379871472716331 -0.8973786979913712 14.883953765570588
      vertex 1.358436826327381 -0.8488455392769542 14.933470454314474
      vertex 3.605675616415521 -2.2530761856248316 0.8
    endloop
  endfacet
  facet normal -0.8424916629866258 0.5062200621476948 -0.18425267020375577
    outer loop
      vertex 1.358436826327381 -0.8488455392769542 14.933470454314474
      vertex 1.3803139500552708 -0.7969246306306063 14.97608645136983
      vertex 3.6821103611627923 -2.1258674082032485 0.8
    endloop
  endfacet
  facet normal -0.8596452652185529 0.4765091515491701 -0.18425267020375563
    outer loop
      vertex 1.3803139500552708 -0.7969246306306063 14.97608645136983
      vertex 1.4020001974525682 -0.7454567281767861 15.008012429041337
      vertex 3.7540590216206073 -1.9960685888095409 0.8
    endloop
  endfacet
  facet normal -0.8757515221130258 0.44621768795006833 -0.1842526702037557
    outer loop
      vertex 1.4020001974525682 -0.7454567281767861 15.008012429041337
      vertex 1.4223971515893936 -0.6970487013459206 15.028298996257789
      vertex 3.7540590216206073 -1.9960685888095409 0.8
    endloop
  endfacet
  facet normal -0.8757515221131412 0.4462176879498414 -0.18425267020375657
    outer loop
      vertex 1.4223971515893936 -0.6970487013459206 15.028298996257789
      vertex 1.4234235850069634 -0.6942500697411448 15.030198009693713
      vertex 3.821433939429041 -1.8638378673111637 0.8
    endloop
  endfacet
  facet normal -0.8907908106769624 0.41538257683281105 -0.1842526702037559
    outer loop
      vertex 1.4234235850069634 -0.6942500697411448 15.030198009693713
      vertex 1.4289026334881783 -0.6793111190199852 15.037387559815016
      vertex 3.821433939429041 -1.8638378673111637 0.8
    endloop
  endfacet
  facet normal -0.8907908106769691 0.4153825768327968 -0.18425267020375558
    outer loop
      vertex 1.4289026334881783 -0.6793111190199852 15.037387559815016
      vertex 1.4407833837242487 -0.6414780917499314 15.06524016687306
      vertex 3.884153028629053 -1.7293363464736822 0.8
    endloop
  endfacet
  facet normal -0.9047448078539382 0.38404138603036836 -0.1842526702037558
    outer loop
      vertex 1.4407833837242487 -0.6414780917499314 15.06524016687306
      vertex 1.4573265316895487 -0.5887981384079674 15.093809386871214
      vertex 3.942139875671588 -1.592727895681866 0.8
    endloop
  endfacet
  facet normal -0.917596512847762 0.3522322999561695 -0.18425267020375574
    outer loop
      vertex 1.4573265316895487 -0.5887981384079674 15.093809386871214
      vertex 1.4737776633893782 -0.5364112014001282 15.112028228563197
      vertex 3.995323832515714 -1.4541789512900858 0.8
    endloop
  endfacet
  facet normal -0.9293302678356012 0.3199940730816674 -0.18425267020375574
    outer loop
      vertex 1.4737776633893782 -0.5364112014001282 15.112028228563197
      vertex 1.4901773825114348 -0.4841879824587629 15.120008385229191
      vertex 4.043640102702376 -1.3138583138452544 0.8
    endloop
  endfacet
  facet normal -0.9399317770443963 0.2873659827205528 -0.18425267020375605
    outer loop
      vertex 1.4901773825114348 -0.4841879824587629 15.120008385229191
      vertex 1.4937626346945763 -0.4727711156010628 15.119524955103586
      vertex 4.043640102702376 -1.3138583138452544 0.8
    endloop
  endfacet
  facet normal -0.9399317770444412 0.28736598272040637 -0.18425267020375546
    outer loop
      vertex 1.4937626346945763 -0.4727711156010628 15.119524955103586
      vertex 1.5001299679279327 -0.44631730020046234 15.128301315394303
      vertex 4.043640102702376 -1.3138583138452544 0.8
    endloop
  endfacet
  facet normal -0.9399317770444197 0.28736598272047686 -0.18425267020375566
    outer loop
      vertex 1.5001299679279327 -0.44631730020046234 15.128301315394303
      vertex 1.5027458203790975 -0.4309054299620406 15.138993830143406
      vertex 4.087029820298906 -1.1719369424293613 0.8
    endloop
  endfacet
  facet normal -0.9493881241683207 0.2543877811746143 -0.18425267020375563
    outer loop
      vertex 1.5027458203790975 -0.4309054299620406 15.138993830143406
      vertex 1.5119020451208653 -0.3769595174045058 15.166295306758848
      vertex 4.125440121618082 -1.0285877463721649 0.8
    endloop
  endfacet
  facet normal -0.9576877881049517 0.221099647302819 -0.1842526702037558
    outer loop
      vertex 1.5119020451208653 -0.3769595174045058 15.166295306758848
      vertex 1.5210095644851602 -0.32330056329418344 15.18334697689118
      vertex 4.158824209624403 -0.8839853745878105 0.8
    endloop
  endfacet
  facet normal -0.964820656992262 0.18754213756861593 -0.18425267020375566
    outer loop
      vertex 1.5210095644851602 -0.32330056329418344 15.18334697689118
      vertex 1.5300908288877004 -0.26979629606748073 15.19025332541873
      vertex 4.187141410949055 -0.738306002792029 0.8
    endloop
  endfacet
  facet normal -0.9707780405282597 0.15375613662842486 -0.18425267020375574
    outer loop
      vertex 1.5300908288877004 -0.26979629606748073 15.19025332541873
      vertex 1.536239966750145 -0.23356729745864868 15.188087727793523
      vertex 4.187141410949055 -0.738306002792029 0.8
    endloop
  endfacet
  facet normal -0.9707780405282666 0.15375613662838064 -0.18425267020375588
    outer loop
      vertex 1.536239966750145 -0.23356729745864868 15.188087727793523
      vertex 1.5379317640588837 -0.21614221383615684 15.193715075612829
      vertex 4.210357225444157 -0.5917271188591666 0.8
    endloop
  endfacet
  facet normal -0.97555268055877 0.11978280752004707 -0.18425267020375571
    outer loop
      vertex 1.5379317640588837 -0.21614221383615684 15.193715075612829
      vertex 1.5389952585101128 -0.20518849045038223 15.195205273160504
      vertex 4.210357225444157 -0.5917271188591666 0.8
    endloop
  endfacet
  facet normal -0.9755526805587673 0.11978280752006912 -0.1842526702037557
    outer loop
      vertex 1.5389952585101128 -0.20518849045038223 15.195205273160504
      vertex 1.54009772396708 -0.16187079351196879 15.217528977985353
      vertex 4.228443368215866 -0.44442730658054985 0.8
    endloop
  endfacet
  facet normal -0.9791387599203869 0.08566354151185417 -0.18425267020375574
    outer loop
      vertex 1.54009772396708 -0.16187079351196879 15.217528977985353
      vertex 1.541474108284332 -0.1077903700857889 15.235358024153022
      vertex 4.241377804085174 -0.2965860280876431 0.8
    endloop
  endfacet
  facet normal -0.9815319095278038 0.051439907673803416 -0.18425267020375571
    outer loop
      vertex 1.541474108284332 -0.1077903700857889 15.235358024153022
      vertex 1.5428462313677522 -0.05387737760680496 15.24310009249745
      vertex 4.249144774434372 -0.1483834052050871 0.8
    endloop
  endfacet
  facet normal -0.9827292136968633 0.017153602231924216 -0.18425267020375571
    outer loop
      vertex 1.5428462313677522 -0.05387737760680496 15.24310009249745
      vertex 1.5442174480279527 0 15.240802467366414
      vertex 4.249144774434372 -0.1483834052050871 0.8
    endloop
  endfacet
  facet normal -0.0171536022319358 -0.982729213696863 -0.18425267020375574
    outer loop
      vertex 0.04112766683101654 1.6178129613399506 14.844444854282692
      vertex 0 4.251734816406497 0.8
      vertex 0.1483834052050871 4.249144774434372 0.8
    endloop
  endfacet
  facet normal -0.05143990767380477 -0.9815319095278036 -0.18425267020375563
    outer loop
      vertex 0.0666949450969696 1.6171233728528023 14.84384010390118
      vertex 0.1483834052050871 4.249144774434372 0.8
      vertex 0.2965860280876432 4.2413778040851735 0.8
    endloop
  endfacet
  facet normal -0.08566354151185789 -0.9791387599203865 -0.18425267020375566
    outer loop
      vertex 0.11278633672790453 1.6129197598628933 14.853365302927642
      vertex 0.2965860280876432 4.2413778040851735 0.8
      vertex 0.44442730658054985 4.228443368215866 0.8
    endloop
  endfacet
  facet normal -0.11978280752005437 -0.975552680558769 -0.18425267020375571
    outer loop
      vertex 0.22523971123854294 1.6026638216252906 14.845067449577243
      vertex 0.44442730658054985 4.228443368215866 0.8
      vertex 0.5917271188591666 4.210357225444157 0.8
    endloop
  endfacet
  facet normal -0.1537561366284158 -0.970778040528261 -0.18425267020375585
    outer loop
      vertex 0.28105495125055313 1.5975733771920204 14.825310645006319
      vertex 0.5917271188591666 4.210357225444157 0.8
      vertex 0.738306002792029 4.187141410949056 0.8
    endloop
  endfacet
  facet normal -0.18754213756861182 -0.9648206569922629 -0.18425267020375577
    outer loop
      vertex 0.30511781573295593 1.5938912108540535 14.820216898429791
      vertex 0.738306002792029 4.187141410949056 0.8
      vertex 0.8839853745878105 4.158824209624403 0.8
    endloop
  endfacet
  facet normal -0.22109964730283116 -0.957687788104949 -0.18425267020375588
    outer loop
      vertex 0.39268557263525655 1.574975807600092 14.8195866415844
      vertex 0.8839853745878105 4.158824209624403 0.8
      vertex 1.0285877463721649 4.125440121618083 0.8
    endloop
  endfacet
  facet normal -0.2543877811746 -0.9493881241683244 -0.1842526702037559
    outer loop
      vertex 0.44817976219115757 1.5629885761026268 14.804734707439657
      vertex 1.0285877463721649 4.125440121618083 0.8
      vertex 1.1719369424293613 4.087029820298906 0.8
    endloop
  endfacet
  facet normal -0.2873659827204451 -0.9399317770444293 -0.18425267020375594
    outer loop
      vertex 0.503932723705808 1.5509454475932507 14.779216567653457
      vertex 1.1719369424293613 4.087029820298906 0.8
      vertex 1.3138583138452544 4.043640102702377 0.8
    endloop
  endfacet
  facet normal -0.31999407308167105 -0.9293302678356 -0.1842526702037558
    outer loop
      vertex 0.5148778110742569 1.548581212759018 14.77213277291606
      vertex 1.3138583138452544 4.043640102702377 0.8
      vertex 1.454178951290086 3.995323832515715 0.8
    endloop
  endfacet
  facet normal -0.35223229995617183 -0.9175965128477611 -0.1842526702037555
    outer loop
      vertex 0.5584507176489608 1.5343307366187486 14.768335416590908
      vertex 1.454178951290086 3.995323832515715 0.8
      vertex 1.5927278956818658 3.942139875671588 0.8
    endloop
  endfacet
  facet normal -0.47650915154917 -0.859645265218553 -0.18425267020375583
    outer loop
      vertex 0.7764564529061317 1.445951521396637 14.72278345515712
      vertex 1.9960685888095409 3.7540590216206082 0.8
      vertex 2.1258674082032485 3.6821103611627914 0.8
    endloop
  endfacet
  facet normal -0.3840413860303986 -0.9047448078539254 -0.18425267020375555
    outer loop
      vertex 0.6647765041277094 1.493112474698323 14.759724768490344
      vertex 1.5927278956818658 3.942139875671588 0.8
      vertex 1.729336346473682 3.8841530286290524 0.8
    endloop
  endfacet
  facet normal -0.4153825768327697 -0.8907908106769816 -0.18425267020375596
    outer loop
      vertex 0.7181483583335094 1.4724223379150592 14.739431143393716
      vertex 1.729336346473682 3.8841530286290524 0.8
      vertex 1.863837867311164 3.821433939429041 0.8
    endloop
  endfacet
  facet normal -0.44621768795006855 -0.8757515221130255 -0.18425267020375563
    outer loop
      vertex 0.7425101697444916 1.4629782363772392 14.725320168163492
      vertex 1.863837867311164 3.821433939429041 0.8
      vertex 1.9960685888095409 3.7540590216206082 0.8
    endloop
  endfacet
  facet normal -0.9827292136968628 -0.017153602231937515 -0.1842526702037557
    outer loop
      vertex 1.543572761118412 0.03683699667453766 15.240811506428471
      vertex 4.249144774434372 0.14838340520508714 0.8
      vertex 4.251734816406497 0 0.8
    endloop
  endfacet
  facet normal -0.9815319095278041 -0.05143990767379333 -0.18425267020375574
    outer loop
      vertex 1.541859544535899 0.05384292174338926 15.248365888730063
      vertex 4.241377804085175 0.2965860280876432 0.8
      vertex 4.249144774434372 0.14838340520508714 0.8
    endloop
  endfacet
  facet normal -0.9791387599203863 -0.08566354151185927 -0.1842526702037557
    outer loop
      vertex 1.5364600744924464 0.10743975468774532 15.26216615551106
      vertex 4.228443368215868 0.4444273065805499 0.8
      vertex 4.241377804085175 0.2965860280876432 0.8
    endloop
  endfacet
  facet normal -0.9755526805587681 -0.11978280752006085 -0.18425267020375577
    outer loop
      vertex 1.5256825642648317 0.21442070107266442 15.25968941027152
      vertex 4.210357225444158 0.5917271188591667 0.8
      vertex 4.228443368215868 0.4444273065805499 0.8
    endloop
  endfacet
  facet normal -0.9707780405282592 -0.15375613662842808 -0.1842526702037558
    outer loop
      vertex 1.519499225226253 0.26792871057299694 15.247616124922686
      vertex 4.187141410949055 0.7383060027920288 0.8
      vertex 4.210357225444158 0.5917271188591667 0.8
    endloop
  endfacet
  facet normal -0.964820656992264 -0.18754213756860627 -0.18425267020375571
    outer loop
      vertex 1.5183274149894714 0.27541307359933853 15.24613421034595
      vertex 4.158824209624403 0.8839853745878105 0.8
      vertex 4.187141410949055 0.7383060027920288 0.8
    endloop
  endfacet
  facet normal -0.9576877881049489 -0.22109964730283205 -0.18425267020375583
    outer loop
      vertex 1.4974310712810646 0.3733514983978324 15.245840458761215
      vertex 4.125440121618083 1.028587746372165 0.8
      vertex 4.158824209624403 0.8839853745878105 0.8
    endloop
  endfacet
  facet normal -0.8757515221130248 -0.44621768795007016 -0.18425267020375574
    outer loop
      vertex 1.3908827250952025 0.739545463268139 15.0751694167025
      vertex 3.7540590216206082 1.9960685888095409 0.8
      vertex 3.8214339394290415 1.863837867311164 0.8
    endloop
  endfacet
  facet normal -0.8596452652185551 -0.47650915154916607 -0.1842526702037556
    outer loop
      vertex 1.3674245545122972 0.7894829346441791 15.055468443904601
      vertex 3.6821103611627923 2.1258674082032485 0.8
      vertex 3.7540590216206082 1.9960685888095409 0.8
    endloop
  endfacet
  facet normal -0.9399317770444292 -0.28736598272044567 -0.1842526702037558
    outer loop
      vertex 1.4748456515686672 0.47920640109811413 15.205989869871388
      vertex 4.043640102702377 1.3138583138452544 0.8
      vertex 4.087029820298906 1.1719369424293613 0.8
    endloop
  endfacet
  facet normal -0.9293302678355987 -0.3199940730816753 -0.18425267020375585
    outer loop
      vertex 1.4601063264214258 0.5314352416811704 15.189625285084801
      vertex 3.995323832515714 1.4541789512900858 0.8
      vertex 4.043640102702377 1.3138583138452544 0.8
    endloop
  endfacet
  facet normal -0.9175965128477616 -0.35223229995617056 -0.18425267020375552
    outer loop
      vertex 1.4433478541570344 0.5831503860823389 15.174221282844897
      vertex 3.942139875671588 1.592727895681866 0.8
      vertex 3.995323832515714 1.4541789512900858 0.8
    endloop
  endfacet
  facet normal -0.9493881241683242 -0.25438778117460137 -0.1842526702037558
    outer loop
      vertex 1.4861656317358882 0.42615113737358973 15.230989610276303
      vertex 4.087029820298906 1.1719369424293613 0.8
      vertex 4.125440121618083 1.028587746372165 0.8
    endloop
  endfacet
  facet normal -0.9047448078539286 -0.38404138603039073 -0.18425267020375583
    outer loop
      vertex 1.4265064102277332 0.6351215736098931 15.148594094187565
      vertex 3.884153028629053 1.7293363464736824 0.8
      vertex 3.942139875671588 1.592727895681866 0.8
    endloop
  endfacet
  facet normal -0.8907908106769806 -0.415382576832772 -0.18425267020375588
    outer loop
      vertex 1.4095399448894095 0.6874785660078934 15.112585872449941
      vertex 3.8214339394290415 1.863837867311164 0.8
      vertex 3.884153028629053 1.7293363464736824 0.8
    endloop
  endfacet
  facet normal -0.644826583910585 -0.7417881302669861 -0.18425267020375563
    outer loop
      vertex 1.048659068534397 1.2497432123323657 14.775678531482527
      vertex 2.7329624596589692 3.257017829723685 0.8
      vertex 2.8449658957791484 3.1596547281145666 0.8
    endloop
  endfacet
  facet normal -0.6703218053845028 -0.7188321297416017 -0.18425267020375571
    outer loop
      vertex 1.0898048870881651 1.2103509463221316 14.790271523418582
      vertex 2.8449658957791484 3.1596547281145666 0.8
      vertex 2.9535031791887216 3.0584420739267415 0.8
    endloop
  endfacet
  facet normal -0.7417881302669814 -0.6448265839105906 -0.18425267020375585
    outer loop
      vertex 1.2004872978330505 1.0809236180970643 14.861063527139471
      vertex 3.159654728114567 2.844965895779148 0.8
      vertex 3.257017829723686 2.7329624596589697 0.8
    endloop
  endfacet
  facet normal -0.7188321297415984 -0.6703218053845064 -0.18425267020375574
    outer loop
      vertex 1.1678798720656598 1.127808482776929 14.817706316528543
      vertex 3.0584420739267415 2.9535031791887207 0.8
      vertex 3.159654728114567 2.844965895779148 0.8
    endloop
  endfacet
  facet normal -0.695000342993726 -0.6950003429937204 -0.18425267020375558
    outer loop
      vertex 1.1371994093060493 1.1649762839078903 14.793236101859641
      vertex 2.9535031791887216 3.0584420739267415 0.8
      vertex 3.0584420739267415 2.9535031791887207 0.8
    endloop
  endfacet
  facet normal -0.5062200621476912 -0.8424916629866277 -0.18425267020375583
    outer loop
      vertex 0.8193092542722678 1.4190852555109357 14.737305395269601
      vertex 2.1258674082032485 3.6821103611627914 0.8
      vertex 2.253076185624832 3.6056756164155215 0.8
    endloop
  endfacet
  facet normal -0.5353142215777371 -0.8243116144392285 -0.18425267020375577
    outer loop
      vertex 0.9162084933476612 1.358334951257107 14.738214828015522
      vertex 2.253076185624832 3.6056756164155215 0.8
      vertex 2.3775399367740118 3.524847911341398 0.8
    endloop
  endfacet
  facet normal -0.5637561830876116 -0.8051272691651136 -0.18425267020375566
    outer loop
      vertex 0.9540164470672607 1.3346315175294876 14.726110868762753
      vertex 2.3775399367740118 3.524847911341398 0.8
      vertex 2.499107021742185 3.439725722048503 0.8
    endloop
  endfacet
  facet normal -0.5915112945283797 -0.7849620003338672 -0.18425267020375558
    outer loop
      vertex 0.9640102224060043 1.3268462412690194 14.729552260276812
      vertex 2.499107021742185 3.439725722048503 0.8
      vertex 2.6176293297622903 3.350412756812421 0.8
    endloop
  endfacet
  facet normal -0.6185457405720904 -0.763840376219345 -0.18425267020375563
    outer loop
      vertex 1.0073243299299488 1.289316346998338 14.750386460736202
      vertex 2.6176293297622903 3.350412756812421 0.8
      vertex 2.7329624596589692 3.257017829723685 0.8
    endloop
  endfacet
  facet normal -0.763840376219349 -0.6185457405720851 -0.1842526702037558
    outer loop
      vertex 1.232809002773884 1.0344495795395965 14.893583210256217
      vertex 3.257017829723686 2.7329624596589697 0.8
      vertex 3.3504127568124202 2.617629329762291 0.8
    endloop
  endfacet
  facet normal -0.8051272691651089 -0.5637561830876185 -0.18425267020375571
    outer loop
      vertex 1.295295496303337 0.941087264398185 14.93755643412964
      vertex 3.4397257220485025 2.4991070217421845 0.8
      vertex 3.524847911341398 2.3775399367740127 0.8
    endloop
  endfacet
  facet normal -0.784962000333867 -0.59151129452838 -0.18425267020375574
    outer loop
      vertex 1.2649266215538046 0.9882689880056897 14.915466606430684
      vertex 3.3504127568124202 2.617629329762291 0.8
      vertex 3.4397257220485025 2.4991070217421845 0.8
    endloop
  endfacet
  facet normal -0.8424916629866209 -0.5062200621477025 -0.18425267020375566
    outer loop
      vertex 1.3438272971627228 0.8397164922561338 15.025353590949031
      vertex 3.6056756164155206 2.253076185624831 0.8
      vertex 3.6821103611627923 2.1258674082032485 0.8
    endloop
  endfacet
  facet normal -0.8243116144392363 -0.5353142215777257 -0.18425267020375558
    outer loop
      vertex 1.320031574834734 0.8903725397269492 14.98463878164496
      vertex 3.524847911341398 2.3775399367740127 0.8
      vertex 3.6056756164155206 2.253076185624831 0.8
    endloop
  endfacet
  facet normal -0.017153602231934333 -0.9827292136968628 -0.18425267020375571
    outer loop
      vertex 0 1.6162897153340574 14.85639814638288
      vertex 0 4.251734816406497 0.8
      vertex 0.04112766683101654 1.6178129613399506 14.844444854282692
    endloop
  endfacet
  facet normal -0.017153602231902428 -0.9827292136968636 -0.1842526702037556
    outer loop
      vertex 0.04112766683101654 1.6178129613399506 14.844444854282692
      vertex 0.1483834052050871 4.249144774434372 0.8
      vertex 0.0564808128911463 1.6173988635758303 14.845224133136263
    endloop
  endfacet
  facet normal -0.051439907673755565 -0.9815319095278063 -0.18425267020375588
    outer loop
      vertex 0.0564808128911463 1.6173988635758303 14.845224133136263
      vertex 0.1483834052050871 4.249144774434372 0.8
      vertex 0.0666949450969696 1.6171233728528023 14.84384010390118
    endloop
  endfacet
  facet normal -0.0514399076738221 -0.9815319095278027 -0.18425267020375574
    outer loop
      vertex 0.0666949450969696 1.6171233728528023 14.84384010390118
      vertex 0.2965860280876432 4.2413778040851735 0.8
      vertex 0.11278633672790453 1.6129197598628933 14.853365302927642
    endloop
  endfacet
  facet normal -0.08566354151186117 -0.9791387599203861 -0.1842526702037557
    outer loop
      vertex 0.11278633672790453 1.6129197598628933 14.853365302927642
      vertex 0.44442730658054985 4.228443368215866 0.8
      vertex 0.16898598581196378 1.6077942566711103 14.854474203366806
    endloop
  endfacet
  facet normal -0.11978280752005985 -0.9755526805587683 -0.18425267020375571
    outer loop
      vertex 0.16898598581196378 1.6077942566711103 14.854474203366806
      vertex 0.44442730658054985 4.228443368215866 0.8
      vertex 0.22523971123854294 1.6026638216252906 14.845067449577243
    endloop
  endfacet
  facet normal -0.15375613662842003 -0.9707780405282604 -0.18425267020375574
    outer loop
      vertex 0.22523971123854294 1.6026638216252906 14.845067449577243
      vertex 0.5917271188591666 4.210357225444157 0.8
      vertex 0.28105495125055313 1.5975733771920204 14.825310645006319
    endloop
  endfacet
  facet normal -0.18754213756861363 -0.9648206569922626 -0.18425267020375577
    outer loop
      vertex 0.30511781573295593 1.5938912108540535 14.820216898429791
      vertex 0.8839853745878105 4.158824209624403 0.8
      vertex 0.33731378702339165 1.586936598772451 14.823863261437985
    endloop
  endfacet
  facet normal -0.1537561366266892 -0.9707780405285354 -0.18425267020375016
    outer loop
      vertex 0.28105495125055313 1.5975733771920204 14.825310645006319
      vertex 0.738306002792029 4.187141410949056 0.8
      vertex 0.2816784663485659 1.5974779651804207 14.825293031221229
    endloop
  endfacet
  facet normal -0.187542137568637 -0.9648206569922579 -0.18425267020375566
    outer loop
      vertex 0.2816784663485659 1.5974779651804207 14.825293031221229
      vertex 0.738306002792029 4.187141410949056 0.8
      vertex 0.30511781573295593 1.5938912108540535 14.820216898429791
    endloop
  endfacet
  facet normal -0.22109964730282858 -0.9576877881049496 -0.1842526702037558
    outer loop
      vertex 0.39268557263525655 1.574975807600092 14.8195866415844
      vertex 0.33731378702339165 1.586936598772451 14.823863261437985
      vertex 0.8839853745878105 4.158824209624403 0.8
    endloop
  endfacet
  facet normal -0.2543877811746169 -0.9493881241683199 -0.18425267020375566
    outer loop
      vertex 0.39268557263525655 1.574975807600092 14.8195866415844
      vertex 1.0285877463721649 4.125440121618083 0.8
      vertex 0.44817976219115757 1.5629885761026268 14.804734707439657
    endloop
  endfacet
  facet normal -0.28736598272044 -0.9399317770444309 -0.1842526702037558
    outer loop
      vertex 0.44817976219115757 1.5629885761026268 14.804734707439657
      vertex 1.1719369424293613 4.087029820298906 0.8
      vertex 0.503932723705808 1.5509454475932507 14.779216567653457
    endloop
  endfacet
  facet normal -0.31999407308165884 -0.9293302678356044 -0.1842526702037558
    outer loop
      vertex 0.503932723705808 1.5509454475932507 14.779216567653457
      vertex 1.3138583138452544 4.043640102702377 0.8
      vertex 0.5148778110742569 1.548581212759018 14.77213277291606
    endloop
  endfacet
  facet normal -0.31999407308167954 -0.9293302678355972 -0.18425267020375583
    outer loop
      vertex 0.5148778110742569 1.548581212759018 14.77213277291606
      vertex 1.454178951290086 3.995323832515715 0.8
      vertex 0.5449401661753654 1.5395682379603386 14.765382557734895
    endloop
  endfacet
  facet normal -0.31999407308158145 -0.929330267835631 -0.18425267020375538
    outer loop
      vertex 0.5449401661753654 1.5395682379603386 14.765382557734895
      vertex 1.454178951290086 3.995323832515715 0.8
      vertex 0.5584507176489608 1.5343307366187486 14.768335416590908
    endloop
  endfacet
  facet normal -0.3522322999561895 -0.9175965128477542 -0.1842526702037558
    outer loop
      vertex 0.5584507176489608 1.5343307366187486 14.768335416590908
      vertex 1.5927278956818658 3.942139875671588 0.8
      vertex 0.6115873417057488 1.5137317891717188 14.76933994500341
    endloop
  endfacet
  facet normal -0.38404138603038424 -0.9047448078539315 -0.18425267020375577
    outer loop
      vertex 0.6647765041277094 1.493112474698323 14.759724768490344
      vertex 0.6115873417057488 1.5137317891717188 14.76933994500341
      vertex 1.5927278956818658 3.942139875671588 0.8
    endloop
  endfacet
  facet normal -0.4153825768327816 -0.8907908106769761 -0.18425267020375563
    outer loop
      vertex 0.6647765041277094 1.493112474698323 14.759724768490344
      vertex 1.729336346473682 3.8841530286290524 0.8
      vertex 0.7181483583335094 1.4724223379150592 14.739431143393716
    endloop
  endfacet
  facet normal -0.44621768795005473 -0.8757515221130326 -0.18425267020375563
    outer loop
      vertex 0.7425101697444916 1.4629782363772392 14.725320168163492
      vertex 1.9960685888095409 3.7540590216206082 0.8
      vertex 0.7704325890853551 1.448972960058123 14.724265446156167
    endloop
  endfacet
  facet normal -0.44621768795005456 -0.8757515221130328 -0.18425267020375574
    outer loop
      vertex 0.7181483583335094 1.4724223379150592 14.739431143393716
      vertex 1.863837867311164 3.821433939429041 0.8
      vertex 0.7425101697444916 1.4629782363772392 14.725320168163492
    endloop
  endfacet
  facet normal -0.4765091515492856 -0.859645265218489 -0.18425267020375524
    outer loop
      vertex 0.7704325890853551 1.448972960058123 14.724265446156167
      vertex 1.9960685888095409 3.7540590216206082 0.8
      vertex 0.7764564529061317 1.445951521396637 14.72278345515712
    endloop
  endfacet
  facet normal -0.47650915154916473 -0.8596452652185557 -0.1842526702037557
    outer loop
      vertex 0.7764564529061317 1.445951521396637 14.72278345515712
      vertex 2.1258674082032485 3.6821103611627914 0.8
      vertex 0.8193092542722678 1.4190852555109357 14.737305395269601
    endloop
  endfacet
  facet normal -0.5353142215777421 -0.8243116144392253 -0.1842526702037557
    outer loop
      vertex 0.8677613947100169 1.3887085229232599 14.743083864635217
      vertex 2.253076185624832 3.6056756164155215 0.8
      vertex 0.9162084933476612 1.358334951257107 14.738214828015522
    endloop
  endfacet
  facet normal -0.5637561830876148 -0.8051272691651115 -0.18425267020375571
    outer loop
      vertex 0.9162084933476612 1.358334951257107 14.738214828015522
      vertex 2.3775399367740118 3.524847911341398 0.8
      vertex 0.9540164470672607 1.3346315175294876 14.726110868762753
    endloop
  endfacet
  facet normal -0.56375618308759 -0.8051272691651287 -0.18425267020375563
    outer loop
      vertex 0.9640102224060043 1.3268462412690194 14.729552260276812
      vertex 0.9540164470672607 1.3346315175294876 14.726110868762753
      vertex 2.499107021742185 3.439725722048503 0.8
    endloop
  endfacet
  facet normal -0.6448265839105877 -0.7417881302669838 -0.18425267020375574
    outer loop
      vertex 1.048659068534397 1.2497432123323657 14.775678531482527
      vertex 2.8449658957791484 3.1596547281145666 0.8
      vertex 1.0898048870881651 1.2103509463221316 14.790271523418582
    endloop
  endfacet
  facet normal -0.5915112945283958 -0.7849620003338552 -0.1842526702037558
    outer loop
      vertex 0.9640102224060043 1.3268462412690194 14.729552260276812
      vertex 2.6176293297622903 3.350412756812421 0.8
      vertex 0.9860894083976746 1.3096462786197662 14.731946956637366
    endloop
  endfacet
  facet normal -0.5915112945283602 -0.7849620003338821 -0.18425267020375558
    outer loop
      vertex 0.9860894083976746 1.3096462786197662 14.731946956637366
      vertex 2.6176293297622903 3.350412756812421 0.8
      vertex 1.0073243299299488 1.289316346998338 14.750386460736202
    endloop
  endfacet
  facet normal -0.618545740572093 -0.7638403762193428 -0.18425267020375571
    outer loop
      vertex 1.048659068534397 1.2497432123323657 14.775678531482527
      vertex 1.0073243299299488 1.289316346998338 14.750386460736202
      vertex 2.7329624596589692 3.257017829723685 0.8
    endloop
  endfacet
  facet normal -0.5062200621476868 -0.8424916629866305 -0.18425267020375571
    outer loop
      vertex 0.8193092542722678 1.4190852555109357 14.737305395269601
      vertex 2.253076185624832 3.6056756164155215 0.8
      vertex 0.8677613947100169 1.3887085229232599 14.743083864635217
    endloop
  endfacet
  facet normal -0.9827292136968651 -0.017153602231806307 -0.18425267020375616
    outer loop
      vertex 1.5442174480279527 0 15.240802467366414
      vertex 1.5445152595639229 0.011701509356498718 15.238124670984732
      vertex 4.251734816406497 0 0.8
    endloop
  endfacet
  facet normal -0.9827292136968625 -0.017153602231966276 -0.18425267020375558
    outer loop
      vertex 1.5445152595639229 0.011701509356498718 15.238124670984732
      vertex 1.543572761118412 0.03683699667453766 15.240811506428471
      vertex 4.251734816406497 0 0.8
    endloop
  endfacet
  facet normal -0.9827292136968628 -0.017153602231937577 -0.18425267020375571
    outer loop
      vertex 1.541859544535899 0.05384292174338926 15.248365888730063
      vertex 4.249144774434372 0.14838340520508714 0.8
      vertex 1.543572761118412 0.03683699667453766 15.240811506428471
    endloop
  endfacet
  facet normal -0.9815319095278044 -0.05143990767379034 -0.18425267020375571
    outer loop
      vertex 1.541859544535899 0.05384292174338926 15.248365888730063
      vertex 1.5364600744924464 0.10743975468774532 15.26216615551106
      vertex 4.241377804085175 0.2965860280876432 0.8
    endloop
  endfacet
  facet normal -0.9791387599203867 -0.08566354151185532 -0.1842526702037557
    outer loop
      vertex 1.5364600744924464 0.10743975468774532 15.26216615551106
      vertex 1.5310721315987892 0.16092216552827987 15.265932999169053
      vertex 4.228443368215868 0.4444273065805499 0.8
    endloop
  endfacet
  facet normal -0.975552680558766 -0.11978280752007918 -0.18425267020375571
    outer loop
      vertex 1.5310721315987892 0.16092216552827987 15.265932999169053
      vertex 1.5256825642648317 0.21442070107266442 15.25968941027152
      vertex 4.228443368215868 0.4444273065805499 0.8
    endloop
  endfacet
  facet normal -0.9707780405282541 -0.1537561366284595 -0.18425267020375555
    outer loop
      vertex 1.519499225226253 0.26792871057299694 15.247616124922686
      vertex 4.210357225444158 0.5917271188591667 0.8
      vertex 1.5217227563261986 0.2537269964814186 15.247752055261913
    endloop
  endfacet
  facet normal -0.9707780405282628 -0.15375613662840476 -0.18425267020375585
    outer loop
      vertex 1.5217227563261986 0.2537269964814186 15.247752055261913
      vertex 4.210357225444158 0.5917271188591667 0.8
      vertex 1.5256825642648317 0.21442070107266442 15.25968941027152
    endloop
  endfacet
  facet normal -0.9399317770444304 -0.28736598272044145 -0.18425267020375577
    outer loop
      vertex 1.4861656317358882 0.42615113737358973 15.230989610276303
      vertex 1.4748456515686672 0.47920640109811413 15.205989869871388
      vertex 4.087029820298906 1.1719369424293613 0.8
    endloop
  endfacet
  facet normal -0.929330267835598 -0.3199940730816771 -0.18425267020375577
    outer loop
      vertex 1.4674496799707413 0.5087743103504181 15.191942554056169
      vertex 1.4601063264214258 0.5314352416811704 15.189625285084801
      vertex 4.043640102702377 1.3138583138452544 0.8
    endloop
  endfacet
  facet normal -0.9293302678356015 -0.31999407308166705 -0.18425267020375574
    outer loop
      vertex 1.4748456515686672 0.47920640109811413 15.205989869871388
      vertex 1.4727874174714088 0.4888530746102333 15.199617646865555
      vertex 4.043640102702377 1.3138583138452544 0.8
    endloop
  endfacet
  facet normal -0.9293302678355904 -0.3199940730816994 -0.18425267020375563
    outer loop
      vertex 1.4727874174714088 0.4888530746102333 15.199617646865555
      vertex 1.4674496799707413 0.5087743103504181 15.191942554056169
      vertex 4.043640102702377 1.3138583138452544 0.8
    endloop
  endfacet
  facet normal -0.9648206569922625 -0.18754213756861401 -0.18425267020375574
    outer loop
      vertex 1.5183274149894714 0.27541307359933853 15.24613421034595
      vertex 1.5086696743079577 0.3206776386667316 15.250633327887257
      vertex 4.158824209624403 0.8839853745878105 0.8
    endloop
  endfacet
  facet normal -0.9576877881049484 -0.22109964730283424 -0.1842526702037558
    outer loop
      vertex 1.5086696743079577 0.3206776386667316 15.250633327887257
      vertex 1.4974310712810646 0.3733514983978324 15.245840458761215
      vertex 4.158824209624403 0.8839853745878105 0.8
    endloop
  endfacet
  facet normal -0.9648206569922708 -0.1875421375685717 -0.18425267020375588
    outer loop
      vertex 1.519499225226253 0.26792871057299694 15.247616124922686
      vertex 1.5183274149894714 0.27541307359933853 15.24613421034595
      vertex 4.187141410949055 0.7383060027920288 0.8
    endloop
  endfacet
  facet normal -0.9493881241683236 -0.2543877811746029 -0.1842526702037558
    outer loop
      vertex 1.4974310712810646 0.3733514983978324 15.245840458761215
      vertex 1.4861656317358882 0.42615113737358973 15.230989610276303
      vertex 4.125440121618083 1.028587746372165 0.8
    endloop
  endfacet
  facet normal -0.8424916629866246 -0.5062200621476964 -0.1842526702037557
    outer loop
      vertex 1.3674245545122972 0.7894829346441791 15.055468443904601
      vertex 1.3438272971627228 0.8397164922561338 15.025353590949031
      vertex 3.6821103611627923 2.1258674082032485 0.8
    endloop
  endfacet
  facet normal -0.7188321297416048 -0.6703218053844994 -0.18425267020375583
    outer loop
      vertex 1.2004872978330505 1.0809236180970643 14.861063527139471
      vertex 1.1678798720656598 1.127808482776929 14.817706316528543
      vertex 3.159654728114567 2.844965895779148 0.8
    endloop
  endfacet
  facet normal -0.7417881302669654 -0.6448265839106091 -0.1842526702037556
    outer loop
      vertex 1.2004872978330505 1.0809236180970643 14.861063527139471
      vertex 3.257017829723686 2.7329624596589697 0.8
      vertex 1.232809002773884 1.0344495795395965 14.893583210256217
    endloop
  endfacet
  facet normal -0.7849620003338724 -0.5915112945283729 -0.18425267020375574
    outer loop
      vertex 1.2649266215538046 0.9882689880056897 14.915466606430684
      vertex 3.4397257220485025 2.4991070217421845 0.8
      vertex 1.2833743914961815 0.9617437049746513 14.922029366722931
    endloop
  endfacet
  facet normal -0.7849620003338672 -0.5915112945283799 -0.18425267020375574
    outer loop
      vertex 1.2833743914961815 0.9617437049746513 14.922029366722931
      vertex 3.4397257220485025 2.4991070217421845 0.8
      vertex 1.295295496303337 0.941087264398185 14.93755643412964
    endloop
  endfacet
  facet normal -0.805127269165102 -0.5637561830876284 -0.18425267020375566
    outer loop
      vertex 1.320031574834734 0.8903725397269492 14.98463878164496
      vertex 1.30020210146904 0.932585284113884 14.942129514861108
      vertex 3.524847911341398 2.3775399367740127 0.8
    endloop
  endfacet
  facet normal -0.8051272691650808 -0.5637561830876587 -0.18425267020375544
    outer loop
      vertex 1.30020210146904 0.932585284113884 14.942129514861108
      vertex 1.295295496303337 0.941087264398185 14.93755643412964
      vertex 3.524847911341398 2.3775399367740127 0.8
    endloop
  endfacet
  facet normal -0.8243116144392362 -0.5353142215777256 -0.1842526702037557
    outer loop
      vertex 1.320031574834734 0.8903725397269492 14.98463878164496
      vertex 3.6056756164155206 2.253076185624831 0.8
      vertex 1.3438272971627228 0.8397164922561338 15.025353590949031
    endloop
  endfacet
  facet normal -0.7638403762193609 -0.6185457405720707 -0.18425267020375577
    outer loop
      vertex 1.2649266215538046 0.9882689880056897 14.915466606430684
      vertex 1.232809002773884 1.0344495795395965 14.893583210256217
      vertex 3.3504127568124202 2.617629329762291 0.8
    endloop
  endfacet
  facet normal -0.8907908106769862 -0.4153825768327599 -0.1842526702037558
    outer loop
      vertex 1.4265064102277332 0.6351215736098931 15.148594094187565
      vertex 1.4095399448894095 0.6874785660078934 15.112585872449941
      vertex 3.884153028629053 1.7293363464736824 0.8
    endloop
  endfacet
  facet normal -0.90474480785393 -0.3840413860303879 -0.18425267020375577
    outer loop
      vertex 1.4433478541570344 0.5831503860823389 15.174221282844897
      vertex 1.4265064102277332 0.6351215736098931 15.148594094187565
      vertex 3.942139875671588 1.592727895681866 0.8
    endloop
  endfacet
  facet normal -0.917596512847765 -0.35223229995616123 -0.18425267020375577
    outer loop
      vertex 1.4433478541570344 0.5831503860823389 15.174221282844897
      vertex 3.995323832515714 1.4541789512900858 0.8
      vertex 1.4601063264214258 0.5314352416811704 15.189625285084801
    endloop
  endfacet
  facet normal -0.8757515221130214 -0.4462176879500768 -0.1842526702037557
    outer loop
      vertex 1.4095399448894095 0.6874785660078934 15.112585872449941
      vertex 1.4005196765065193 0.7153143063187599 15.08804736284403
      vertex 3.8214339394290415 1.863837867311164 0.8
    endloop
  endfacet
  facet normal -0.8757515221130743 -0.4462176879499727 -0.1842526702037564
    outer loop
      vertex 1.391282096505165 0.7386952862143517 15.075330141207026
      vertex 1.3908827250952025 0.739545463268139 15.0751694167025
      vertex 3.8214339394290415 1.863837867311164 0.8
    endloop
  endfacet
  facet normal -0.875751522113029 -0.4462176879500621 -0.18425267020375577
    outer loop
      vertex 1.391282096505165 0.7386952862143517 15.075330141207026
      vertex 3.8214339394290415 1.863837867311164 0.8
      vertex 1.4005196765065193 0.7153143063187599 15.08804736284403
    endloop
  endfacet
  facet normal -0.8596452652185494 -0.47650915154917645 -0.18425267020375563
    outer loop
      vertex 1.3908827250952025 0.739545463268139 15.0751694167025
      vertex 1.3674245545122972 0.7894829346441791 15.055468443904601
      vertex 3.7540590216206082 1.9960685888095409 0.8
    endloop
  endfacet
  facet normal -0.6703218053844929 -0.7188321297416108 -0.1842526702037557
    outer loop
      vertex 1.0898048870881651 1.2103509463221316 14.790271523418582
      vertex 2.9535031791887216 3.0584420739267415 0.8
      vertex 1.1308628649566947 1.1710427774027088 14.794254732614469
    endloop
  endfacet
  facet normal -0.6950003429937546 -0.6950003429936921 -0.18425267020375558
    outer loop
      vertex 1.1371994093060493 1.1649762839078903 14.793236101859641
      vertex 1.1308628649566947 1.1710427774027088 14.794254732614469
      vertex 2.9535031791887216 3.0584420739267415 0.8
    endloop
  endfacet
  facet normal -0.695000342993743 -0.6950003429937035 -0.18425267020375585
    outer loop
      vertex 1.1371994093060493 1.1649762839078903 14.793236101859641
      vertex 3.0584420739267415 2.9535031791887207 0.8
      vertex 1.1630843877792358 1.1347037106752396 14.80978609193236
    endloop
  endfacet
  facet normal -0.6950003429937 -0.6950003429937466 -0.18425267020375563
    outer loop
      vertex 1.1630843877792358 1.1347037106752396 14.80978609193236
      vertex 3.0584420739267415 2.9535031791887207 0.8
      vertex 1.1678798720656598 1.127808482776929 14.817706316528543
    endloop
  endfacet
  facet normal -0.7549887896414853 -0.6557376971897261 0
    outer loop
      vertex -5.273898992665371 -4.349352477569978 0
      vertex -5.044938971892531 -4.612967410340209 0
      vertex -5.273898992665371 -4.349352477569978 0.8
    endloop
  endfacet
  facet normal -0.8179293607667166 -0.5753186602186219 0
    outer loop
      vertex -5.689980598401374 -3.7887990641886593 0
      vertex -5.489100013132009 -4.074390580788137 0
      vertex -5.689980598401374 -3.7887990641886593 0.8
    endloop
  endfacet
  facet normal -0.8179293607667166 -0.5753186602186219 0
    outer loop
      vertex -5.489100013132009 -4.074390580788137 0
      vertex -5.489100013132009 -4.074390580788137 0.8
      vertex -5.689980598401374 -3.7887990641886593 0.8
    endloop
  endfacet
  facet normal -0.8462385310876442 -0.5328042309353652 0
    outer loop
      vertex -5.876016673962732 -3.493323003429954 0
      vertex -5.689980598401374 -3.7887990641886593 0
      vertex -5.876016673962732 -3.493323003429954 0.8
    endloop
  endfacet
  facet normal -0.8462385310876442 -0.5328042309353652 0
    outer loop
      vertex -5.689980598401374 -3.7887990641886593 0
      vertex -5.689980598401374 -3.7887990641886593 0.8
      vertex -5.876016673962732 -3.493323003429954 0.8
    endloop
  endfacet
  facet normal -0.7874863061334672 -0.6163321488063619 -7.625197309256623e-18
    outer loop
      vertex -5.273898992665371 -4.349352477569978 0
      vertex -5.489100013132009 -4.074390580788137 0.8
      vertex -5.489100013132009 -4.074390580788137 0
    endloop
  endfacet
  facet normal -0.7874863061334672 -0.6163321488063619 0
    outer loop
      vertex -5.273898992665371 -4.349352477569978 0
      vertex -5.273898992665371 -4.349352477569978 0.8
      vertex -5.489100013132009 -4.074390580788137 0.8
    endloop
  endfacet
  facet normal -0.6460427508649528 -0.7633012275994613 0
    outer loop
      vertex -4.281648251774517 -5.329011710163258 0
      vertex -4.281648251774517 -5.329011710163258 0.8
      vertex -4.54816558892944 -5.1034368159759795 0
    endloop
  endfacet
  facet normal -0.6460427508649528 -0.7633012275994613 0
    outer loop
      vertex -4.54816558892944 -5.1034368159759795 0
      vertex -4.281648251774517 -5.329011710163258 0.8
      vertex -4.54816558892944 -5.1034368159759795 0.8
    endloop
  endfacet
  facet normal -0.5648264981889947 -0.8252096866515549 0
    outer loop
      vertex -4.003960583202719 -5.540683821257071 0
      vertex -3.7158270386354 -5.737900920887968 0.8
      vertex -4.003960583202719 -5.540683821257071 0.8
    endloop
  endfacet
  facet normal -0.6062254109666378 -0.7952928712734267 -9.322328975962497e-18
    outer loop
      vertex -4.281648251774517 -5.329011710163258 0
      vertex -4.003960583202719 -5.540683821257071 0
      vertex -4.003960583202719 -5.540683821257071 0.8
    endloop
  endfacet
  facet normal -0.6062254109666378 -0.7952928712734267 0
    outer loop
      vertex -4.281648251774517 -5.329011710163258 0
      vertex -4.003960583202719 -5.540683821257071 0.8
      vertex -4.281648251774517 -5.329011710163258 0.8
    endloop
  endfacet
  facet normal -0.5648264981889947 -0.8252096866515549 9.129468206184438e-18
    outer loop
      vertex -4.003960583202719 -5.540683821257071 0
      vertex -3.7158270386354 -5.737900920887968 0
      vertex -3.7158270386354 -5.737900920887968 0.8
    endloop
  endfacet
  facet normal -0.521954017568593 -0.8529736241783826 5.522379064326287e-18
    outer loop
      vertex -3.7158270386354 -5.737900920887968 0
      vertex -3.4179993255916874 -5.92014849216096 0
      vertex -3.4179993255916874 -5.92014849216096 0.8
    endloop
  endfacet
  facet normal -0.521954017568593 -0.8529736241783826 0
    outer loop
      vertex -3.7158270386354 -5.737900920887968 0
      vertex -3.4179993255916874 -5.92014849216096 0.8
      vertex -3.7158270386354 -5.737900920887968 0.8
    endloop
  endfacet
  facet normal 0 0 1
    outer loop
      vertex -3.7158270386354 -5.737900920887968 0.8
      vertex -3.4179993255916874 -5.92014849216096 0.8
      vertex -3.465560379046037 -3.84889472786473 0.8
    endloop
  endfacet
  facet normal -0.6841746389904311 -0.7293182181752442 0
    outer loop
      vertex -4.802817281365385 -4.864547637838377 0
      vertex -4.54816558892944 -5.1034368159759795 0.8
      vertex -4.802817281365385 -4.864547637838377 0.8
    endloop
  endfacet
  facet normal -0.7205215936007867 -0.6934325007922422 0
    outer loop
      vertex -4.802817281365385 -4.864547637838377 0
      vertex -4.802817281365385 -4.864547637838377 0.8
      vertex -5.044938971892531 -4.612967410340209 0.8
    endloop
  endfacet
  facet normal -0.7205215936007867 -0.6934325007922422 1.1553307992288531e-17
    outer loop
      vertex -4.802817281365385 -4.864547637838377 0
      vertex -5.044938971892531 -4.612967410340209 0.8
      vertex -5.044938971892531 -4.612967410340209 0
    endloop
  endfacet
  facet normal -0.7549887896414853 -0.6557376971897261 0
    outer loop
      vertex -5.044938971892531 -4.612967410340209 0
      vertex -5.044938971892531 -4.612967410340209 0.8
      vertex -5.273898992665371 -4.349352477569978 0.8
    endloop
  endfacet
  facet normal -0.6841746389904311 -0.7293182181752442 3.525578509582614e-19
    outer loop
      vertex -4.802817281365385 -4.864547637838377 0
      vertex -4.54816558892944 -5.1034368159759795 0
      vertex -4.54816558892944 -5.1034368159759795 0.8
    endloop
  endfacet
  facet normal 0 0 1
    outer loop
      vertex -4.281648251774517 -5.329011710163258 0.8
      vertex -4.293750333468395 -2.8961711691194423 0.8
      vertex -4.54816558892944 -5.1034368159759795 0.8
    endloop
  endfacet
  facet normal 0 0 1
    outer loop
      vertex -4.802817281365385 -4.864547637838377 0.8
      vertex -4.866854817475 -1.771390288055971 0.8
      vertex -5.044938971892531 -4.612967410340209 0.8
    endloop
  endfacet
  facet normal 0 0 1
    outer loop
      vertex -4.802817281365385 -4.864547637838377 0.8
      vertex -4.54816558892944 -5.1034368159759795 0.8
      vertex -4.572961041547282 -2.43148651641119 0.8
    endloop
  endfacet
  facet normal 0 0 1
    outer loop
      vertex -4.54816558892944 -5.1034368159759795 0.8
      vertex -4.293750333468395 -2.8961711691194423 0.8
      vertex -4.392209612945059 -2.7445571742908967 0.8
    endloop
  endfacet
  facet normal 0 0 1
    outer loop
      vertex -4.54816558892944 -5.1034368159759795 0.8
      vertex -4.392209612945059 -2.7445571742908967 0.8
      vertex -4.485317661576375 -2.5895993593121034 0.8
    endloop
  endfacet
  facet normal 0 0 1
    outer loop
      vertex -4.281648251774517 -5.329011710163258 0.8
      vertex -4.003960583202719 -5.540683821257071 0.8
      vertex -3.9674963982110047 -3.329124764436041 0.8
    endloop
  endfacet
  facet normal 0 0 1
    outer loop
      vertex -4.003960583202719 -5.540683821257071 0.8
      vertex -3.7158270386354 -5.737900920887968 0.8
      vertex -3.7256037721693356 -3.597773742162819 0.8
    endloop
  endfacet
  facet normal 0 0 1
    outer loop
      vertex -3.7158270386354 -5.737900920887968 0.8
      vertex -3.597773742162818 -3.725603772169335 0.8
      vertex -3.7256037721693356 -3.597773742162819 0.8
    endloop
  endfacet
  facet normal 0 0 1
    outer loop
      vertex -3.7158270386354 -5.737900920887968 0.8
      vertex -3.465560379046037 -3.84889472786473 0.8
      vertex -3.597773742162818 -3.725603772169335 0.8
    endloop
  endfacet
  facet normal 0 0 1
    outer loop
      vertex -4.281648251774517 -5.329011710163258 0.8
      vertex -4.081264285342029 -3.188633124112938 0.8
      vertex -4.190059780611935 -3.044256625499383 0.8
    endloop
  endfacet
  facet normal 0 0 1
    outer loop
      vertex -4.281648251774517 -5.329011710163258 0.8
      vertex -3.9674963982110047 -3.329124764436041 0.8
      vertex -4.081264285342029 -3.188633124112938 0.8
    endloop
  endfacet
  facet normal 0 0 1
    outer loop
      vertex -4.003960583202719 -5.540683821257071 0.8
      vertex -3.7256037721693356 -3.597773742162819 0.8
      vertex -3.8488947278647294 -3.4655603790460368 0.8
    endloop
  endfacet
  facet normal 0 0 1
    outer loop
      vertex -4.003960583202719 -5.540683821257071 0.8
      vertex -3.8488947278647294 -3.4655603790460368 0.8
      vertex -3.9674963982110047 -3.329124764436041 0.8
    endloop
  endfacet
  facet normal 0 0 1
    outer loop
      vertex -4.281648251774517 -5.329011710163258 0.8
      vertex -4.190059780611935 -3.044256625499383 0.8
      vertex -4.293750333468395 -2.8961711691194423 0.8
    endloop
  endfacet
  facet normal -0.8723399617031741 -0.4888997762483686 -1.861120668101553e-18
    outer loop
      vertex -5.876016673962732 -3.493323003429954 0
      vertex -6.046722892936253 -3.188733261817545 0.8
      vertex -6.046722892936253 -3.188733261817545 0
    endloop
  endfacet
  facet normal -0.8961655569610556 -0.4437198378669596 0
    outer loop
      vertex -6.046722892936253 -3.188733261817545 0
      vertex -6.046722892936253 -3.188733261817545 0.8
      vertex -6.201653902287612 -2.875824479209703 0.8
    endloop
  endfacet
  facet normal -0.9176531586036287 -0.3973822850918034 1.0953623514785016e-17
    outer loop
      vertex -6.201653902287612 -2.875824479209703 0
      vertex -6.3404055047031935 -2.555412998892813 0.8
      vertex -6.3404055047031935 -2.555412998892813 0
    endloop
  endfacet
  facet normal -0.8961655569610556 -0.4437198378669596 5.475028506890271e-18
    outer loop
      vertex -6.046722892936253 -3.188733261817545 0
      vertex -6.201653902287612 -2.875824479209703 0.8
      vertex -6.201653902287612 -2.875824479209703 0
    endloop
  endfacet
  facet normal -0.9176531586036287 -0.3973822850918034 0
    outer loop
      vertex -6.201653902287612 -2.875824479209703 0
      vertex -6.201653902287612 -2.875824479209703 0.8
      vertex -6.3404055047031935 -2.555412998892813 0.8
    endloop
  endfacet
  facet normal -0.9367467079316273 -0.35000800730734516 0
    outer loop
      vertex -6.46261571309474 -2.228334737834935 0
      vertex -6.3404055047031935 -2.555412998892813 0
      vertex -6.46261571309474 -2.228334737834935 0.8
    endloop
  endfacet
  facet normal -0.9533963920549311 -0.3017205985951903 -9.61274144583445e-18
    outer loop
      vertex -6.46261571309474 -2.228334737834935 0
      vertex -6.567965694982331 -1.8954430058738716 0.8
      vertex -6.567965694982331 -1.8954430058738716 0
    endloop
  endfacet
  facet normal -0.9533963920549311 -0.3017205985951903 0
    outer loop
      vertex -6.46261571309474 -2.228334737834935 0
      vertex -6.46261571309474 -2.228334737834935 0.8
      vertex -6.567965694982331 -1.8954430058738716 0.8
    endloop
  endfacet
  facet normal -0.9675587738486935 -0.2526460352913 0
    outer loop
      vertex -6.567965694982331 -1.8954430058738716 0
      vertex -6.567965694982331 -1.8954430058738716 0.8
      vertex -6.656180604291922 -1.557606279529246 0.8
    endloop
  endfacet
  facet normal -0.9367467079316273 -0.35000800730734516 0
    outer loop
      vertex -6.3404055047031935 -2.555412998892813 0
      vertex -6.3404055047031935 -2.555412998892813 0.8
      vertex -6.46261571309474 -2.228334737834935 0.8
    endloop
  endfacet
  facet normal -0.8723399617031741 -0.4888997762483686 0
    outer loop
      vertex -5.876016673962732 -3.493323003429954 0
      vertex -5.876016673962732 -3.493323003429954 0.8
      vertex -6.046722892936253 -3.188733261817545 0.8
    endloop
  endfacet
  facet normal 0 0 1
    outer loop
      vertex -5.273898992665371 -4.349352477569978 0.8
      vertex -5.044938971892531 -4.612967410340209 0.8
      vertex -5.12879511272081 -0.7208051461593282 0.8
    endloop
  endfacet
  facet normal 0 0 1
    outer loop
      vertex -5.273898992665371 -4.349352477569978 0.8
      vertex -5.12879511272081 -0.7208051461593282 0.8
      vertex -5.150826526135079 -0.5413736830155883 0.8
    endloop
  endfacet
  facet normal 0 0 1
    outer loop
      vertex -5.273898992665371 -4.349352477569978 0.8
      vertex -5.150826526135079 -0.5413736830155883 0.8
      vertex -5.166582450851256 -0.3612826394313169 0.8
    endloop
  endfacet
  facet normal -0.9675587738486935 -0.2526460352913 -3.718506805432907e-18
    outer loop
      vertex -6.567965694982331 -1.8954430058738716 0
      vertex -6.656180604291922 -1.557606279529246 0.8
      vertex -6.656180604291922 -1.557606279529246 0
    endloop
  endfacet
  facet normal -0.9791969052758562 -0.20291234732806632 -4.075269846341986e-18
    outer loop
      vertex -6.656180604291922 -1.557606279529246 0
      vertex -6.727030298397365 -1.2157059362464182 0.8
      vertex -6.727030298397365 -1.2157059362464182 0
    endloop
  endfacet
  facet normal -0.9791969052758562 -0.20291234732806632 0
    outer loop
      vertex -6.656180604291922 -1.557606279529246 0
      vertex -6.656180604291922 -1.557606279529246 0.8
      vertex -6.727030298397365 -1.2157059362464182 0.8
    endloop
  endfacet
  facet normal -0.9882804237803486 -0.15264928421887333 -4.104738247571424e-18
    outer loop
      vertex -6.727030298397365 -1.2157059362464182 0
      vertex -6.780329938536248 -0.8706339549833516 0.8
      vertex -6.780329938536248 -0.8706339549833516 0
    endloop
  endfacet
  facet normal -0.9882804237803486 -0.15264928421887333 0
    outer loop
      vertex -6.727030298397365 -1.2157059362464182 0
      vertex -6.727030298397365 -1.2157059362464182 0.8
      vertex -6.780329938536248 -0.8706339549833516 0.8
    endloop
  endfacet
  facet normal 0 0 -1
    outer loop
      vertex -6.046722892936253 -3.188733261817545 0
      vertex -6.201653902287612 -2.875824479209703 0
      vertex -6.046722892936253 3.188733261817545 0
    endloop
  endfacet
  facet normal 0 0 1
    outer loop
      vertex -6.201653902287612 -2.875824479209703 0.8
      vertex -6.3404055047031935 2.555412998892813 0.8
      vertex -6.3404055047031935 -2.555412998892813 0.8
    endloop
  endfacet
  facet normal 0 0 1
    outer loop
      vertex -5.876016673962732 -3.493323003429954 0.8
      vertex -6.046722892936253 3.188733261817545 0.8
      vertex -6.046722892936253 -3.188733261817545 0.8
    endloop
  endfacet
  facet normal 0 0 1
    outer loop
      vertex -6.046722892936253 -3.188733261817545 0.8
      vertex -6.201653902287612 2.875824479209703 0.8
      vertex -6.201653902287612 -2.875824479209703 0.8
    endloop
  endfacet
  facet normal -0.9947856314995347 -0.10198797655641571 2.199320324558843e-18
    outer loop
      vertex -6.780329938536248 -0.8706339549833516 0
      vertex -6.8159404720331205 -0.5232905891393776 0.8
      vertex -6.8159404720331205 -0.5232905891393776 0
    endloop
  endfacet
  facet normal 0 0 -1
    outer loop
      vertex -6.567965694982331 -1.8954430058738716 0
      vertex -6.656180604291922 -1.557606279529246 0
      vertex -6.567965694982331 1.8954430058738716 0
    endloop
  endfacet
  facet normal 0 0 -1
    outer loop
      vertex -6.46261571309474 -2.228334737834935 0
      vertex -6.567965694982331 -1.8954430058738716 0
      vertex -6.46261571309474 2.228334737834935 0
    endloop
  endfacet
  facet normal -0.9947856314995347 -0.10198797655641571 0
    outer loop
      vertex -6.780329938536248 -0.8706339549833516 0
      vertex -6.780329938536248 -0.8706339549833516 0.8
      vertex -6.8159404720331205 -0.5232905891393776 0.8
    endloop
  endfacet
  facet normal 0 0 1
    outer loop
      vertex -6.567965694982331 -1.8954430058738716 0.8
      vertex -6.656180604291922 1.557606279529246 0.8
      vertex -6.656180604291922 -1.557606279529246 0.8
    endloop
  endfacet
  facet normal 0 0 1
    outer loop
      vertex -6.656180604291922 -1.557606279529246 0.8
      vertex -6.727030298397365 1.2157059362464182 0.8
      vertex -6.727030298397365 -1.2157059362464182 0.8
    endloop
  endfacet
  facet normal 0 0 1
    outer loop
      vertex -6.46261571309474 -2.228334737834935 0.8
      vertex -6.567965694982331 1.8954430058738716 0.8
      vertex -6.567965694982331 -1.8954430058738716 0.8
    endloop
  endfacet
  facet normal 0 0 1
    outer loop
      vertex -6.46261571309474 -2.228334737834935 0.8
      vertex -6.3404055047031935 -2.555412998892813 0.8
      vertex -6.46261571309474 2.228334737834935 0.8
    endloop
  endfacet
  facet normal 0 0 -1
    outer loop
      vertex -6.727030298397365 -1.2157059362464182 0
      vertex -6.780329938536248 -0.8706339549833516 0
      vertex -6.727030298397365 1.2157059362464182 0
    endloop
  endfacet
  facet normal 0 0 -1
    outer loop
      vertex -6.656180604291922 -1.557606279529246 0
      vertex -6.727030298397365 -1.2157059362464182 0
      vertex -6.656180604291922 1.557606279529246 0
    endloop
  endfacet
  facet normal -0.9986955570892299 -0.051060593907951236 -1.2613934083519186e-18
    outer loop
      vertex -6.8159404720331205 -0.5232905891393776 0
      vertex -6.833768995072044 -0.17458201789685604 0.8
      vertex -6.833768995072044 -0.17458201789685604 0
    endloop
  endfacet
  facet normal 0 0 -1
    outer loop
      vertex -6.780329938536248 -0.8706339549833516 0
      vertex -6.8159404720331205 -0.5232905891393776 0
      vertex -6.780329938536248 0.8706339549833516 0
    endloop
  endfacet
  facet normal 0 0 -1
    outer loop
      vertex -6.8159404720331205 -0.5232905891393776 0
      vertex -6.833768995072044 -0.17458201789685604 0
      vertex -6.8159404720331205 0.5232905891393776 0
    endloop
  endfacet
  facet normal -0.9986955570892299 -0.051060593907951236 0
    outer loop
      vertex -6.8159404720331205 -0.5232905891393776 0
      vertex -6.8159404720331205 -0.5232905891393776 0.8
      vertex -6.833768995072044 -0.17458201789685604 0.8
    endloop
  endfacet
  facet normal 0 0 1
    outer loop
      vertex -6.727030298397365 -1.2157059362464182 0.8
      vertex -6.780329938536248 0.8706339549833516 0.8
      vertex -6.780329938536248 -0.8706339549833516 0.8
    endloop
  endfacet
  facet normal 0 0 1
    outer loop
      vertex -6.780329938536248 -0.8706339549833516 0.8
      vertex -6.8159404720331205 0.5232905891393776 0.8
      vertex -6.8159404720331205 -0.5232905891393776 0.8
    endloop
  endfacet
  facet normal -1 0 0
    outer loop
      vertex -6.833768995072044 -0.17458201789685604 0
      vertex -6.833768995072044 -0.17458201789685604 0.8
      vertex -6.833768995072044 0.17458201789685604 0.8
    endloop
  endfacet
  facet normal 0 0 1
    outer loop
      vertex -6.8159404720331205 -0.5232905891393776 0.8
      vertex -6.833768995072044 0.17458201789685604 0.8
      vertex -6.833768995072044 -0.17458201789685604 0.8
    endloop
  endfacet
  facet normal 0 0 -1
    outer loop
      vertex -6.46261571309474 -2.228334737834935 0
      vertex -6.3404055047031935 2.555412998892813 0
      vertex -6.3404055047031935 -2.555412998892813 0
    endloop
  endfacet
  facet normal 0 0 -1
    outer loop
      vertex -6.201653902287612 -2.875824479209703 0
      vertex -6.3404055047031935 -2.555412998892813 0
      vertex -6.201653902287612 2.875824479209703 0
    endloop
  endfacet
  facet normal 0 0 1
    outer loop
      vertex -5.689980598401374 -3.7887990641886593 0.8
      vertex -5.489100013132009 -4.074390580788137 0.8
      vertex -5.689980598401374 3.7887990641886593 0.8
    endloop
  endfacet
  facet normal 0 0 -1
    outer loop
      vertex -5.876016673962732 -3.493323003429954 0
      vertex -6.046722892936253 -3.188733261817545 0
      vertex -5.876016673962732 3.493323003429954 0
    endloop
  endfacet
  facet normal 0 0 -1
    outer loop
      vertex -5.876016673962732 -3.493323003429954 0
      vertex -5.689980598401374 3.7887990641886593 0
      vertex -5.689980598401374 -3.7887990641886593 0
    endloop
  endfacet
  facet normal 0 0 -1
    outer loop
      vertex -5.689980598401374 -3.7887990641886593 0
      vertex -5.489100013132009 4.074390580788137 0
      vertex -5.489100013132009 -4.074390580788137 0
    endloop
  endfacet
  facet normal 0 0 1
    outer loop
      vertex -5.876016673962732 -3.493323003429954 0.8
      vertex -5.689980598401374 -3.7887990641886593 0.8
      vertex -5.876016673962732 3.493323003429954 0.8
    endloop
  endfacet
  facet normal 0 0 -1
    outer loop
      vertex -5.273898992665371 -4.349352477569978 0
      vertex -5.489100013132009 -4.074390580788137 0
      vertex -5.273898992665371 4.349352477569978 0
    endloop
  endfacet
  facet normal 0 0 1
    outer loop
      vertex -5.273898992665371 -4.349352477569978 0.8
      vertex -5.489100013132009 4.074390580788137 0.8
      vertex -5.489100013132009 -4.074390580788137 0.8
    endloop
  endfacet
  facet normal 0 0 1
    outer loop
      vertex -5.273898992665371 -4.349352477569978 0.8
      vertex -5.166582450851256 -0.3612826394313169 0.8
      vertex -5.176043690702088 -0.18075142860222276 0.8
    endloop
  endfacet
  facet normal 0 0 1
    outer loop
      vertex -5.273898992665371 -4.349352477569978 0.8
      vertex -5.176043690702088 -0.18075142860222276 0.8
      vertex -5.273898992665371 4.349352477569978 0.8
    endloop
  endfacet
  facet normal 0 0 1
    outer loop
      vertex -4.802817281365385 -4.864547637838377 0.8
      vertex -4.655032972899711 -2.2704112817318136 0.8
      vertex -4.731433463627523 -2.1065699006356953 0.8
    endloop
  endfacet
  facet normal 0 0 1
    outer loop
      vertex -5.044938971892531 -4.612967410340209 0.8
      vertex -4.866854817475 -1.771390288055971 0.8
      vertex -4.925710690535062 -1.6004604212998317 0.8
    endloop
  endfacet
  facet normal 0 0 1
    outer loop
      vertex -4.802817281365385 -4.864547637838377 0.8
      vertex -4.8020694315013595 -1.940161988607871 0.8
      vertex -4.866854817475 -1.771390288055971 0.8
    endloop
  endfacet
  facet normal 0 0 1
    outer loop
      vertex -4.802817281365385 -4.864547637838377 0.8
      vertex -4.731433463627523 -2.1065699006356953 0.8
      vertex -4.8020694315013595 -1.940161988607871 0.8
    endloop
  endfacet
  facet normal 0 0 1
    outer loop
      vertex -4.54816558892944 -5.1034368159759795 0.8
      vertex -4.485317661576375 -2.5895993593121034 0.8
      vertex -4.572961041547282 -2.43148651641119 0.8
    endloop
  endfacet
  facet normal 0 0 1
    outer loop
      vertex -4.802817281365385 -4.864547637838377 0.8
      vertex -4.572961041547282 -2.43148651641119 0.8
      vertex -4.655032972899711 -2.2704112817318136 0.8
    endloop
  endfacet
  facet normal 0 0 1
    outer loop
      vertex -5.044938971892531 -4.612967410340209 0.8
      vertex -4.925710690535062 -1.6004604212998317 0.8
      vertex -4.978565343866274 -1.4275806400523663 0.8
    endloop
  endfacet
  facet normal 0 0 1
    outer loop
      vertex -5.044938971892531 -4.612967410340209 0.8
      vertex -4.978565343866274 -1.4275806400523663 0.8
      vertex -5.025354382215185 -1.2529615716969384 0.8
    endloop
  endfacet
  facet normal 0 0 1
    outer loop
      vertex -5.044938971892531 -4.612967410340209 0.8
      vertex -5.025354382215185 -1.2529615716969384 0.8
      vertex -5.066020800345869 -1.0768159626703313 0.8
    endloop
  endfacet
  facet normal 0 0 1
    outer loop
      vertex -5.044938971892531 -4.612967410340209 0.8
      vertex -5.066020800345869 -1.0768159626703313 0.8
      vertex -5.100515052492012 -0.8993584192639941 0.8
    endloop
  endfacet
  facet normal 0 0 1
    outer loop
      vertex -5.044938971892531 -4.612967410340209 0.8
      vertex -5.100515052492012 -0.8993584192639941 0.8
      vertex -5.12879511272081 -0.7208051461593282 0.8
    endloop
  endfacet
  facet normal 0 0 -1
    outer loop
      vertex -4.281648251774517 -5.329011710163258 0
      vertex -4.003960583202721 5.54068382125707 0
      vertex -4.003960583202719 -5.540683821257071 0
    endloop
  endfacet
  facet normal 0 0 -1
    outer loop
      vertex -4.003960583202719 -5.540683821257071 0
      vertex -3.7158270386353993 5.737900920887968 0
      vertex -3.7158270386354 -5.737900920887968 0
    endloop
  endfacet
  facet normal 0 0 -1
    outer loop
      vertex -3.7158270386354 -5.737900920887968 0
      vertex -3.4179993255916874 5.92014849216096 0
      vertex -3.4179993255916874 -5.92014849216096 0
    endloop
  endfacet
  facet normal 0 0 -1
    outer loop
      vertex -5.273898992665371 -4.349352477569978 0
      vertex -5.044938971892531 4.612967410340209 0
      vertex -5.044938971892531 -4.612967410340209 0
    endloop
  endfacet
  facet normal 0 0 -1
    outer loop
      vertex -4.802817281365385 -4.864547637838377 0
      vertex -5.044938971892531 -4.612967410340209 0
      vertex -4.802817281365385 4.864547637838377 0
    endloop
  endfacet
  facet normal 0 0 -1
    outer loop
      vertex -4.802817281365385 -4.864547637838377 0
      vertex -4.54816558892944 5.1034368159759795 0
      vertex -4.54816558892944 -5.1034368159759795 0
    endloop
  endfacet
  facet normal 0 0 -1
    outer loop
      vertex -4.281648251774517 -5.329011710163258 0
      vertex -4.54816558892944 -5.1034368159759795 0
      vertex -4.281648251774517 5.329011710163258 0
    endloop
  endfacet
  facet normal 0 0 1
    outer loop
      vertex -4.087029820298907 -1.1719369424293613 0.8
      vertex -4.043640102702377 -1.3138583138452544 0.8
      vertex -4.125440121618082 1.028587746372165 0.8
    endloop
  endfacet
  facet normal 0 0 1
    outer loop
      vertex -3.995323832515715 -1.454178951290086 0.8
      vertex -3.9953238325157145 1.4541789512900858 0.8
      vertex -4.043640102702377 -1.3138583138452544 0.8
    endloop
  endfacet
  facet normal 0 0 1
    outer loop
      vertex -3.995323832515715 -1.454178951290086 0.8
      vertex -3.9421398756715873 -1.5927278956818658 0.8
      vertex -3.942139875671589 1.592727895681866 0.8
    endloop
  endfacet
  facet normal 0 0 1
    outer loop
      vertex -3.884153028629053 -1.7293363464736822 0.8
      vertex -3.8214339394290415 -1.8638378673111642 0.8
      vertex -3.884153028629052 1.7293363464736822 0.8
    endloop
  endfacet
  facet normal 0 0 1
    outer loop
      vertex -3.9421398756715873 -1.5927278956818658 0.8
      vertex -3.884153028629053 -1.7293363464736822 0.8
      vertex -3.884153028629052 1.7293363464736822 0.8
    endloop
  endfacet
  facet normal 0 0 1
    outer loop
      vertex -4.187141410949056 -0.7383060027920287 0.8
      vertex -4.158824209624403 -0.8839853745878105 0.8
      vertex -4.187141410949056 0.7383060027920288 0.8
    endloop
  endfacet
  facet normal 0 0 1
    outer loop
      vertex -4.210357225444158 -0.5917271188591667 0.8
      vertex -4.187141410949056 -0.7383060027920287 0.8
      vertex -4.210357225444157 0.5917271188591666 0.8
    endloop
  endfacet
  facet normal 0 0 1
    outer loop
      vertex -4.087029820298907 -1.1719369424293613 0.8
      vertex -4.125440121618082 1.028587746372165 0.8
      vertex -4.125440121618082 -1.0285877463721649 0.8
    endloop
  endfacet
  facet normal 0 0 1
    outer loop
      vertex -4.158824209624403 -0.8839853745878105 0.8
      vertex -4.125440121618082 -1.0285877463721649 0.8
      vertex -4.158824209624402 0.8839853745878105 0.8
    endloop
  endfacet
  facet normal 0 0 1
    outer loop
      vertex -4.210357225444158 -0.5917271188591667 0.8
      vertex -4.228443368215866 0.44442730658054985 0.8
      vertex -4.228443368215867 -0.4444273065805499 0.8
    endloop
  endfacet
  facet normal 0 0 1
    outer loop
      vertex -4.249144774434372 -0.14838340520508714 0.8
      vertex -4.2413778040851735 -0.2965860280876432 0.8
      vertex -4.251734816406497 0 0.8
    endloop
  endfacet
  facet normal 0 0 1
    outer loop
      vertex -4.2413778040851735 -0.2965860280876432 0.8
      vertex -4.228443368215867 -0.4444273065805499 0.8
      vertex -4.241377804085174 0.29658602808764317 0.8
    endloop
  endfacet
  facet normal 0 0 1
    outer loop
      vertex -4.2413778040851735 -0.2965860280876432 0.8
      vertex -4.249144774434372 0.14838340520508714 0.8
      vertex -4.251734816406497 0 0.8
    endloop
  endfacet
  facet normal 0 0 1
    outer loop
      vertex -3.7540590216206082 -1.9960685888095409 0.8
      vertex -3.821433939429041 1.8638378673111637 0.8
      vertex -3.8214339394290415 -1.8638378673111642 0.8
    endloop
  endfacet
  facet normal 0 0 1
    outer loop
      vertex -3.6821103611627914 -2.1258674082032485 0.8
      vertex -3.6821103611627928 2.125867408203249 0.8
      vertex -3.7540590216206082 -1.9960685888095409 0.8
    endloop
  endfacet
  facet normal 0 0 1
    outer loop
      vertex -3.6821103611627914 -2.1258674082032485 0.8
      vertex -3.60567561641552 -2.253076185624831 0.8
      vertex -3.6056756164155215 2.2530761856248316 0.8
    endloop
  endfacet
  facet normal 0 0 1
    outer loop
      vertex -3.60567561641552 -2.253076185624831 0.8
      vertex -3.524847911341398 -2.3775399367740113 0.8
      vertex -3.6056756164155215 2.2530761856248316 0.8
    endloop
  endfacet
  facet normal 0 0 1
    outer loop
      vertex -3.439725722048503 -2.4991070217421845 0.8
      vertex -3.524847911341398 2.377539936774012 0.8
      vertex -3.524847911341398 -2.3775399367740113 0.8
    endloop
  endfacet
  facet normal -0.4777198185122632 -0.8785122509109422 -1.158268250818747e-17
    outer loop
      vertex -3.4179993255916874 -5.92014849216096 0
      vertex -3.1112544425694044 -6.086951071971342 0
      vertex -3.1112544425694044 -6.086951071971342 0.8
    endloop
  endfacet
  facet normal -0.4322393029947466 -0.9017589394880515 0
    outer loop
      vertex -3.1112544425694044 -6.086951071971342 0
      vertex -2.7963926519447018 -6.237873491433647 0.8
      vertex -3.1112544425694044 -6.086951071971342 0.8
    endloop
  endfacet
  facet normal -0.4322393029947466 -0.9017589394880515 -8.256655574348672e-18
    outer loop
      vertex -3.1112544425694044 -6.086951071971342 0
      vertex -2.7963926519447018 -6.237873491433647 0
      vertex -2.7963926519447018 -6.237873491433647 0.8
    endloop
  endfacet
  facet normal -0.38563112448813414 -0.922653041953484 3.4913075399279328e-19
    outer loop
      vertex -2.7963926519447018 -6.237873491433647 0
      vertex -2.4742353921788784 -6.372522011187591 0
      vertex -2.4742353921788784 -6.372522011187591 0.8
    endloop
  endfacet
  facet normal -0.38563112448813414 -0.922653041953484 0
    outer loop
      vertex -2.7963926519447018 -6.237873491433647 0
      vertex -2.4742353921788784 -6.372522011187591 0.8
      vertex -2.7963926519447018 -6.237873491433647 0.8
    endloop
  endfacet
  facet normal -0.4777198185122632 -0.8785122509109422 0
    outer loop
      vertex -3.4179993255916874 -5.92014849216096 0
      vertex -3.1112544425694044 -6.086951071971342 0.8
      vertex -3.4179993255916874 -5.92014849216096 0.8
    endloop
  endfacet
  facet normal 0 0 1
    outer loop
      vertex -3.4179993255916874 -5.92014849216096 0.8
      vertex -3.1112544425694044 -6.086951071971342 0.8
      vertex -3.044256625499383 -4.190059780611936 0.8
    endloop
  endfacet
  facet normal 0 0 1
    outer loop
      vertex -3.1112544425694044 -6.086951071971342 0.8
      vertex -2.7963926519447018 -6.237873491433647 0.8
      vertex -2.7445571742908967 -4.392209612945059 0.8
    endloop
  endfacet
  facet normal 0 0 1
    outer loop
      vertex -2.7963926519447018 -6.237873491433647 0.8
      vertex -2.4742353921788784 -6.372522011187591 0.8
      vertex -2.43148651641119 -4.572961041547284 0.8
    endloop
  endfacet
  facet normal -0.338016878408502 -0.9411400479795619 0
    outer loop
      vertex -2.145623134779247 -6.490545348619096 0
      vertex -2.145623134779247 -6.490545348619096 0.8
      vertex -2.4742353921788784 -6.372522011187591 0
    endloop
  endfacet
  facet normal -0.338016878408502 -0.9411400479795619 0
    outer loop
      vertex -2.4742353921788784 -6.372522011187591 0
      vertex -2.145623134779247 -6.490545348619096 0.8
      vertex -2.4742353921788784 -6.372522011187591 0.8
    endloop
  endfacet
  facet normal -0.28952078488735083 -0.9571717270783818 1.2136300412945227e-17
    outer loop
      vertex -2.145623134779247 -6.490545348619096 0
      vertex -1.8114131916049248 -6.591635594316526 0
      vertex -1.8114131916049248 -6.591635594316526 0.8
    endloop
  endfacet
  facet normal -0.28952078488735083 -0.9571717270783818 0
    outer loop
      vertex -2.145623134779247 -6.490545348619096 0
      vertex -1.8114131916049248 -6.591635594316526 0.8
      vertex -2.145623134779247 -6.490545348619096 0.8
    endloop
  endfacet
  facet normal 0 0 1
    outer loop
      vertex -2.145623134779247 -6.490545348619096 0.8
      vertex -1.8114131916049248 -6.591635594316526 0.8
      vertex -1.771390288055971 -4.866854817474999 0.8
    endloop
  endfacet
  facet normal 0 0 1
    outer loop
      vertex -2.145623134779247 -6.490545348619096 0.8
      vertex -2.1065699006356957 -4.731433463627523 0.8
      vertex -2.4742353921788784 -6.372522011187591 0.8
    endloop
  endfacet
  facet normal 0 0 1
    outer loop
      vertex -2.4742353921788784 -6.372522011187591 0.8
      vertex -2.270411281731814 -4.655032972899712 0.8
      vertex -2.43148651641119 -4.572961041547284 0.8
    endloop
  endfacet
  facet normal 0 0 1
    outer loop
      vertex -2.4742353921788784 -6.372522011187591 0.8
      vertex -2.1065699006356957 -4.731433463627523 0.8
      vertex -2.270411281731814 -4.655032972899712 0.8
    endloop
  endfacet
  facet normal 0 0 1
    outer loop
      vertex -2.145623134779247 -6.490545348619096 0.8
      vertex -1.9401619886078707 -4.802069431501358 0.8
      vertex -2.1065699006356957 -4.731433463627523 0.8
    endloop
  endfacet
  facet normal 0 0 1
    outer loop
      vertex -2.145623134779247 -6.490545348619096 0.8
      vertex -1.771390288055971 -4.866854817474999 0.8
      vertex -1.9401619886078707 -4.802069431501358 0.8
    endloop
  endfacet
  facet normal 0 0 1
    outer loop
      vertex -1.8114131916049248 -6.591635594316526 0.8
      vertex -1.6004604212998315 -4.925710690535061 0.8
      vertex -1.771390288055971 -4.866854817474999 0.8
    endloop
  endfacet
  facet normal 0 0 1
    outer loop
      vertex -3.4179993255916874 -5.92014849216096 0.8
      vertex -3.044256625499383 -4.190059780611936 0.8
      vertex -3.188633124112938 -4.081264285342029 0.8
    endloop
  endfacet
  facet normal 0 0 1
    outer loop
      vertex -3.1112544425694044 -6.086951071971342 0.8
      vertex -2.896171169119442 -4.293750333468394 0.8
      vertex -3.044256625499383 -4.190059780611936 0.8
    endloop
  endfacet
  facet normal 0 0 1
    outer loop
      vertex -3.4179993255916874 -5.92014849216096 0.8
      vertex -3.188633124112938 -4.081264285342029 0.8
      vertex -3.3291247644360413 -3.967496398211005 0.8
    endloop
  endfacet
  facet normal 0 0 1
    outer loop
      vertex -3.4179993255916874 -5.92014849216096 0.8
      vertex -3.3291247644360413 -3.967496398211005 0.8
      vertex -3.465560379046037 -3.84889472786473 0.8
    endloop
  endfacet
  facet normal 0 0 1
    outer loop
      vertex -3.1112544425694044 -6.086951071971342 0.8
      vertex -2.7445571742908967 -4.392209612945059 0.8
      vertex -2.896171169119442 -4.293750333468394 0.8
    endloop
  endfacet
  facet normal 0 0 1
    outer loop
      vertex -2.7963926519447018 -6.237873491433647 0.8
      vertex -2.5895993593121034 -4.485317661576375 0.8
      vertex -2.7445571742908967 -4.392209612945059 0.8
    endloop
  endfacet
  facet normal 0 0 1
    outer loop
      vertex -2.7963926519447018 -6.237873491433647 0.8
      vertex -2.43148651641119 -4.572961041547284 0.8
      vertex -2.5895993593121034 -4.485317661576375 0.8
    endloop
  endfacet
  facet normal -0.2402693646954611 -0.9707062544296495 -3.460841287100522e-18
    outer loop
      vertex -1.8114131916049248 -6.591635594316526 0
      vertex -1.4724774782380703 -6.675529015371184 0
      vertex -1.4724774782380703 -6.675529015371184 0.8
    endloop
  endfacet
  facet normal -0.2402693646954611 -0.9707062544296495 0
    outer loop
      vertex -1.8114131916049248 -6.591635594316526 0
      vertex -1.4724774782380703 -6.675529015371184 0.8
      vertex -1.8114131916049248 -6.591635594316526 0.8
    endloop
  endfacet
  facet normal -0.19039110916466878 -0.9817083199968547 0
    outer loop
      vertex -1.4724774782380703 -6.675529015371184 0
      vertex -1.1297002392557036 -6.742006743426361 0.8
      vertex -1.4724774782380703 -6.675529015371184 0.8
    endloop
  endfacet
  facet normal 0 0 1
    outer loop
      vertex -1.8114131916049248 -6.591635594316526 0.8
      vertex -1.4724774782380703 -6.675529015371184 0.8
      vertex -1.4275806400523665 -4.978565343866273 0.8
    endloop
  endfacet
  facet normal -0.19039110916466878 -0.9817083199968547 2.9734952349406735e-18
    outer loop
      vertex -1.4724774782380703 -6.675529015371184 0
      vertex -1.1297002392557036 -6.742006743426361 0
      vertex -1.1297002392557036 -6.742006743426361 0.8
    endloop
  endfacet
  facet normal -0.14001614496862963 -0.9901492206471323 5.499680922466693e-18
    outer loop
      vertex -1.1297002392557036 -6.742006743426361 0
      vertex -0.783975741336552 -6.7908953456798855 0
      vertex -0.783975741336552 -6.7908953456798855 0.8
    endloop
  endfacet
  facet normal -0.14001614496862963 -0.9901492206471323 0
    outer loop
      vertex -1.1297002392557036 -6.742006743426361 0
      vertex -0.783975741336552 -6.7908953456798855 0.8
      vertex -1.1297002392557036 -6.742006743426361 0.8
    endloop
  endfacet
  facet normal 0 0 1
    outer loop
      vertex -1.4724774782380703 -6.675529015371184 0.8
      vertex -1.1297002392557036 -6.742006743426361 0.8
      vertex -1.0768159626703315 -5.066020800345869 0.8
    endloop
  endfacet
  facet normal 0 0 1
    outer loop
      vertex -1.1297002392557036 -6.742006743426361 0.8
      vertex -0.783975741336552 -6.7908953456798855 0.8
      vertex -0.7208051461593283 -5.12879511272081 0.8
    endloop
  endfacet
  facet normal 0 0 1
    outer loop
      vertex -1.4724774782380703 -6.675529015371184 0.8
      vertex -1.2529615716969382 -5.025354382215185 0.8
      vertex -1.4275806400523665 -4.978565343866273 0.8
    endloop
  endfacet
  facet normal 0 0 1
    outer loop
      vertex -1.8114131916049248 -6.591635594316526 0.8
      vertex -1.4275806400523665 -4.978565343866273 0.8
      vertex -1.6004604212998315 -4.925710690535061 0.8
    endloop
  endfacet
  facet normal 0 0 1
    outer loop
      vertex -1.4724774782380703 -6.675529015371184 0.8
      vertex -1.0768159626703315 -5.066020800345869 0.8
      vertex -1.2529615716969382 -5.025354382215185 0.8
    endloop
  endfacet
  facet normal 0 0 1
    outer loop
      vertex -1.1297002392557036 -6.742006743426361 0.8
      vertex -0.8993584192639943 -5.100515052492013 0.8
      vertex -1.0768159626703315 -5.066020800345869 0.8
    endloop
  endfacet
  facet normal 0 0 1
    outer loop
      vertex -1.1297002392557036 -6.742006743426361 0.8
      vertex -0.7208051461593283 -5.12879511272081 0.8
      vertex -0.8993584192639943 -5.100515052492013 0.8
    endloop
  endfacet
  facet normal -0.08927589463719275 -0.9960069350344548 5.188677364216622e-19
    outer loop
      vertex -0.783975741336552 -6.7908953456798855 0
      vertex -0.436205940221403 -6.822067277350501 0
      vertex -0.436205940221403 -6.822067277350501 0.8
    endloop
  endfacet
  facet normal -0.08927589463719275 -0.9960069350344548 0
    outer loop
      vertex -0.783975741336552 -6.7908953456798855 0
      vertex -0.436205940221403 -6.822067277350501 0.8
      vertex -0.783975741336552 -6.7908953456798855 0.8
    endloop
  endfacet
  facet normal 0 0 1
    outer loop
      vertex -0.783975741336552 -6.7908953456798855 0.8
      vertex -0.436205940221403 -6.822067277350501 0.8
      vertex -0.3612826394313169 -5.166582450851256 0.8
    endloop
  endfacet
  facet normal -0.038302733690035014 -0.99926618105081 -6.15768310558389e-19
    outer loop
      vertex -0.436205940221403 -6.822067277350501 0
      vertex -0.08729812761353208 -6.835441214427646 0
      vertex -0.08729812761353208 -6.835441214427646 0.8
    endloop
  endfacet
  facet normal -0.038302733690035014 -0.99926618105081 0
    outer loop
      vertex -0.436205940221403 -6.822067277350501 0
      vertex -0.08729812761353208 -6.835441214427646 0.8
      vertex -0.436205940221403 -6.822067277350501 0.8
    endloop
  endfacet
  facet normal 0 0 1
    outer loop
      vertex -0.436205940221403 -6.822067277350501 0.8
      vertex -0.08729812761353208 -6.835441214427646 0.8
      vertex -0.1807514286022227 -5.176043690702087 0.8
    endloop
  endfacet
  facet normal 0 0 1
    outer loop
      vertex -0.783975741336552 -6.7908953456798855 0.8
      vertex -0.5413736830155884 -5.150826526135079 0.8
      vertex -0.7208051461593283 -5.12879511272081 0.8
    endloop
  endfacet
  facet normal 0 0 1
    outer loop
      vertex -0.783975741336552 -6.7908953456798855 0.8
      vertex -0.3612826394313169 -5.166582450851256 0.8
      vertex -0.5413736830155884 -5.150826526135079 0.8
    endloop
  endfacet
  facet normal 0 0 1
    outer loop
      vertex -0.436205940221403 -6.822067277350501 0.8
      vertex -0.1807514286022227 -5.176043690702087 0.8
      vertex -0.3612826394313169 -5.166582450851256 0.8
    endloop
  endfacet
  facet normal 0 0 1
    outer loop
      vertex -0.08729812761353208 -6.835441214427646 0.8
      vertex -0.08330528518879805 -5.177744619462373 0.8
      vertex -0.1807514286022227 -5.176043690702087 0.8
    endloop
  endfacet
  facet normal 0 0 -1
    outer loop
      vertex -3.4179993255916874 -5.92014849216096 0
      vertex -3.1112544425694058 6.086951071971341 0
      vertex -3.1112544425694044 -6.086951071971342 0
    endloop
  endfacet
  facet normal 0 0 -1
    outer loop
      vertex -3.1112544425694044 -6.086951071971342 0
      vertex -2.7963926519447 6.237873491433648 0
      vertex -2.7963926519447018 -6.237873491433647 0
    endloop
  endfacet
  facet normal 0 0 -1
    outer loop
      vertex -2.7963926519447018 -6.237873491433647 0
      vertex -2.4742353921788784 6.372522011187591 0
      vertex -2.4742353921788784 -6.372522011187591 0
    endloop
  endfacet
  facet normal 0 0 -1
    outer loop
      vertex -2.145623134779247 -6.490545348619096 0
      vertex -2.4742353921788784 -6.372522011187591 0
      vertex -2.1456231347792483 6.490545348619096 0
    endloop
  endfacet
  facet normal 0 0 -1
    outer loop
      vertex -2.145623134779247 -6.490545348619096 0
      vertex -1.8114131916049228 6.591635594316526 0
      vertex -1.8114131916049248 -6.591635594316526 0
    endloop
  endfacet
  facet normal 0 0 1
    outer loop
      vertex -3.350412756812421 -2.617629329762291 0.8
      vertex -3.257017829723685 -2.7329624596589692 0.8
      vertex -3.257017829723685 2.7329624596589692 0.8
    endloop
  endfacet
  facet normal 0 0 1
    outer loop
      vertex -3.1596547281145675 -2.8449658957791484 0.8
      vertex -3.257017829723685 2.7329624596589692 0.8
      vertex -3.257017829723685 -2.7329624596589692 0.8
    endloop
  endfacet
  facet normal 0 0 1
    outer loop
      vertex -3.058442073926742 -2.9535031791887216 0.8
      vertex -3.0584420739267406 2.9535031791887203 0.8
      vertex -3.1596547281145675 -2.8449658957791484 0.8
    endloop
  endfacet
  facet normal 0 0 1
    outer loop
      vertex -3.058442073926742 -2.9535031791887216 0.8
      vertex -2.953503179188721 -3.058442073926742 0.8
      vertex -2.953503179188721 3.0584420739267415 0.8
    endloop
  endfacet
  facet normal 0 0 1
    outer loop
      vertex -2.8449658957791484 -3.1596547281145666 0.8
      vertex -2.953503179188721 3.0584420739267415 0.8
      vertex -2.953503179188721 -3.058442073926742 0.8
    endloop
  endfacet
  facet normal 0 0 1
    outer loop
      vertex -2.7329624596589683 -3.2570178297236847 0.8
      vertex -2.6176293297622912 -3.350412756812421 0.8
      vertex -2.6176293297622903 3.350412756812421 0.8
    endloop
  endfacet
  facet normal 0 0 1
    outer loop
      vertex -2.499107021742185 -3.439725722048503 0.8
      vertex -2.6176293297622903 3.350412756812421 0.8
      vertex -2.6176293297622912 -3.350412756812421 0.8
    endloop
  endfacet
  facet normal 0 0 1
    outer loop
      vertex -2.7329624596589683 -3.2570178297236847 0.8
      vertex -2.7329624596589683 3.2570178297236847 0.8
      vertex -2.8449658957791484 -3.1596547281145666 0.8
    endloop
  endfacet
  facet normal 0 0 1
    outer loop
      vertex -3.350412756812421 -2.617629329762291 0.8
      vertex -3.350412756812421 2.6176293297622912 0.8
      vertex -3.439725722048503 -2.4991070217421845 0.8
    endloop
  endfacet
  facet normal 0 0 1
    outer loop
      vertex -2.3775399367740118 -3.5248479113413986 0.8
      vertex -2.3775399367740118 3.5248479113413973 0.8
      vertex -2.499107021742185 -3.439725722048503 0.8
    endloop
  endfacet
  facet normal 0 0 1
    outer loop
      vertex -2.3775399367740118 -3.5248479113413986 0.8
      vertex -2.2530761856248316 -3.6056756164155215 0.8
      vertex -2.3775399367740118 3.5248479113413973 0.8
    endloop
  endfacet
  facet normal 0 0 1
    outer loop
      vertex -2.1258674082032485 -3.682110361162792 0.8
      vertex -2.125867408203248 3.6821103611627923 0.8
      vertex -2.2530761856248316 -3.6056756164155215 0.8
    endloop
  endfacet
  facet normal 0 0 1
    outer loop
      vertex -2.1258674082032485 -3.682110361162792 0.8
      vertex -1.9960685888095409 -3.754059021620608 0.8
      vertex -1.9960685888095409 3.7540590216206087 0.8
    endloop
  endfacet
  facet normal 0 0 1
    outer loop
      vertex -1.8638378673111637 -3.821433939429041 0.8
      vertex -1.9960685888095409 3.7540590216206087 0.8
      vertex -1.9960685888095409 -3.754059021620608 0.8
    endloop
  endfacet
  facet normal 0 0 1
    outer loop
      vertex -1.8638378673111637 -3.821433939429041 0.8
      vertex -1.7293363464736822 -3.884153028629053 0.8
      vertex -1.7293363464736817 3.884153028629052 0.8
    endloop
  endfacet
  facet normal 0 0 -1
    outer loop
      vertex -1.8114131916049248 -6.591635594316526 0
      vertex -1.4724774782380703 6.675529015371184 0
      vertex -1.4724774782380703 -6.675529015371184 0
    endloop
  endfacet
  facet normal 0 0 -1
    outer loop
      vertex -1.4724774782380703 -6.675529015371184 0
      vertex -1.1297002392557054 6.74200674342636 0
      vertex -1.1297002392557036 -6.742006743426361 0
    endloop
  endfacet
  facet normal 0 0 -1
    outer loop
      vertex -1.1297002392557036 -6.742006743426361 0
      vertex -0.7839757413365538 6.790895345679885 0
      vertex -0.783975741336552 -6.7908953456798855 0
    endloop
  endfacet
  facet normal 0 0 -1
    outer loop
      vertex -0.783975741336552 -6.7908953456798855 0
      vertex -0.43620594022139964 6.822067277350501 0
      vertex -0.436205940221403 -6.822067277350501 0
    endloop
  endfacet
  facet normal 0 0 1
    outer loop
      vertex -0.7285215929150581 -4.680938750505447 0.8
      vertex -0.7251592874526978 -4.68350213766098 0.8
      vertex -0.5917271188591666 4.210357225444158 0.8
    endloop
  endfacet
  facet normal 0 0 1
    outer loop
      vertex -0.7251592874526978 -4.68350213766098 0.8
      vertex -0.546909287571907 -4.816442139446735 0.8
      vertex -0.5917271188591666 4.210357225444158 0.8
    endloop
  endfacet
  facet normal 0 0 1
    outer loop
      vertex -0.546909287571907 -4.816442139446735 0.8
      vertex -0.5466771349310875 -4.816615015268326 0.8
      vertex -0.5917271188591666 4.210357225444158 0.8
    endloop
  endfacet
  facet normal 0 0 -1
    outer loop
      vertex -0.436205940221403 -6.822067277350501 0
      vertex -0.08729812761353038 6.835441214427646 0
      vertex -0.08729812761353208 -6.835441214427646 0
    endloop
  endfacet
  facet normal 0 0 1
    outer loop
      vertex -0.36965958774089813 -4.948237583041191 0.8
      vertex -0.1988503634929657 -5.080145239830017 0.8
      vertex -0.2965860280876432 4.241377804085175 0.8
    endloop
  endfacet
  facet normal 0 0 1
    outer loop
      vertex -0.36965958774089813 -4.948237583041191 0.8
      vertex -0.2965860280876432 4.241377804085175 0.8
      vertex -0.5466771349310875 -4.816615015268326 0.8
    endloop
  endfacet
  facet normal 0 0 1
    outer loop
      vertex -0.08330528518879805 -5.177744619462373 0.8
      vertex 0 4.251734816406497 0.8
      vertex -0.1988503634929657 -5.080145239830017 0.8
    endloop
  endfacet
  facet normal 0 0 1
    outer loop
      vertex -1.7293363464736822 -3.884153028629053 0.8
      vertex -1.5927278956818658 -3.9421398756715877 0.8
      vertex -1.7293363464736817 3.884153028629052 0.8
    endloop
  endfacet
  facet normal 0 0 1
    outer loop
      vertex -1.4589835079195277 -3.9934795360213804 0.8
      vertex -1.454178951290086 3.9953238325157145 0.8
      vertex -1.5927278956818658 -3.9421398756715877 0.8
    endloop
  endfacet
  facet normal 0 0 1
    outer loop
      vertex -1.4589835079195277 -3.9934795360213804 0.8
      vertex -1.41404889523983 -4.050731249153614 0.8
      vertex -1.3138583138452544 4.043640102702376 0.8
    endloop
  endfacet
  facet normal 0 0 1
    outer loop
      vertex -1.4048589766025543 -4.061618313193321 0.8
      vertex -1.2567389756441116 -4.2249183133244514 0.8
      vertex -1.3138583138452544 4.043640102702376 0.8
    endloop
  endfacet
  facet normal 0 0 1
    outer loop
      vertex -1.4048589766025543 -4.061618313193321 0.8
      vertex -1.3138583138452544 4.043640102702376 0.8
      vertex -1.41404889523983 -4.050731249153614 0.8
    endloop
  endfacet
  facet normal 0 0 1
    outer loop
      vertex -1.0880201011896133 -4.3877066522836685 0.8
      vertex -1.0285877463721647 4.125440121618081 0.8
      vertex -1.2471800968050957 -4.234756648540497 0.8
    endloop
  endfacet
  facet normal 0 0 1
    outer loop
      vertex -1.2567389756441116 -4.2249183133244514 0.8
      vertex -1.2471800968050957 -4.234756648540497 0.8
      vertex -1.3138583138452544 4.043640102702376 0.8
    endloop
  endfacet
  facet normal 0 0 1
    outer loop
      vertex -1.0788611099123955 -4.395980089902878 0.8
      vertex -0.9100411087274551 -4.5392700880765915 0.8
      vertex -1.0285877463721647 4.125440121618081 0.8
    endloop
  endfacet
  facet normal 0 0 1
    outer loop
      vertex -1.0880201011896133 -4.3877066522836685 0.8
      vertex -1.0788611099123955 -4.395980089902878 0.8
      vertex -1.0285877463721647 4.125440121618081 0.8
    endloop
  endfacet
  facet normal 0 0 1
    outer loop
      vertex -0.9100411087274551 -4.5392700880765915 0.8
      vertex -0.9035515934228897 -4.544548749923706 0.8
      vertex -1.0285877463721647 4.125440121618081 0.8
    endloop
  endfacet
  facet normal 0 0 1
    outer loop
      vertex -0.7285215929150581 -4.680938750505447 0.8
      vertex -0.5917271188591666 4.210357225444158 0.8
      vertex -0.9035515934228897 -4.544548749923706 0.8
    endloop
  endfacet
  facet normal 0 0 -1
    outer loop
      vertex -6.833768995072044 -0.17458201789685604 0
      vertex -6.833768995072044 0.17458201789685604 0
      vertex -6.8159404720331205 0.5232905891393776 0
    endloop
  endfacet
  facet normal -1 0 0
    outer loop
      vertex -6.833768995072044 -0.17458201789685604 0
      vertex -6.833768995072044 0.17458201789685604 0.8
      vertex -6.833768995072044 0.17458201789685604 0
    endloop
  endfacet
  facet normal 0 0 -1
    outer loop
      vertex -6.8159404720331205 -0.5232905891393776 0
      vertex -6.8159404720331205 0.5232905891393776 0
      vertex -6.780329938536248 0.8706339549833516 0
    endloop
  endfacet
  facet normal 0 0 -1
    outer loop
      vertex -6.780329938536248 -0.8706339549833516 0
      vertex -6.780329938536248 0.8706339549833516 0
      vertex -6.727030298397365 1.2157059362464182 0
    endloop
  endfacet
  facet normal -0.9986955570892299 0.051060593907951236 1.2613934083519186e-18
    outer loop
      vertex -6.833768995072044 0.17458201789685604 0
      vertex -6.8159404720331205 0.5232905891393776 0.8
      vertex -6.8159404720331205 0.5232905891393776 0
    endloop
  endfacet
  facet normal 0 0 1
    outer loop
      vertex -6.8159404720331205 -0.5232905891393776 0.8
      vertex -6.8159404720331205 0.5232905891393776 0.8
      vertex -6.833768995072044 0.17458201789685604 0.8
    endloop
  endfacet
  facet normal 0 0 1
    outer loop
      vertex -6.780329938536248 -0.8706339549833516 0.8
      vertex -6.780329938536248 0.8706339549833516 0.8
      vertex -6.8159404720331205 0.5232905891393776 0.8
    endloop
  endfacet
  facet normal -0.9986955570892299 0.051060593907951236 0
    outer loop
      vertex -6.833768995072044 0.17458201789685604 0
      vertex -6.833768995072044 0.17458201789685604 0.8
      vertex -6.8159404720331205 0.5232905891393776 0.8
    endloop
  endfacet
  facet normal 0 0 1
    outer loop
      vertex -6.727030298397365 -1.2157059362464182 0.8
      vertex -6.727030298397365 1.2157059362464182 0.8
      vertex -6.780329938536248 0.8706339549833516 0.8
    endloop
  endfacet
  facet normal 0 0 1
    outer loop
      vertex -6.656180604291922 -1.557606279529246 0.8
      vertex -6.656180604291922 1.557606279529246 0.8
      vertex -6.727030298397365 1.2157059362464182 0.8
    endloop
  endfacet
  facet normal 0 0 -1
    outer loop
      vertex -6.727030298397365 -1.2157059362464182 0
      vertex -6.727030298397365 1.2157059362464182 0
      vertex -6.656180604291922 1.557606279529246 0
    endloop
  endfacet
  facet normal 0 0 -1
    outer loop
      vertex -6.656180604291922 -1.557606279529246 0
      vertex -6.656180604291922 1.557606279529246 0
      vertex -6.567965694982331 1.8954430058738716 0
    endloop
  endfacet
  facet normal -0.9947856314995347 0.10198797655641571 -2.199320324558843e-18
    outer loop
      vertex -6.8159404720331205 0.5232905891393776 0
      vertex -6.780329938536248 0.8706339549833516 0.8
      vertex -6.780329938536248 0.8706339549833516 0
    endloop
  endfacet
  facet normal 0 0 -1
    outer loop
      vertex -6.567965694982331 -1.8954430058738716 0
      vertex -6.567965694982331 1.8954430058738716 0
      vertex -6.46261571309474 2.228334737834935 0
    endloop
  endfacet
  facet normal 0 0 -1
    outer loop
      vertex -6.46261571309474 -2.228334737834935 0
      vertex -6.46261571309474 2.228334737834935 0
      vertex -6.3404055047031935 2.555412998892813 0
    endloop
  endfacet
  facet normal -0.9947856314995347 0.10198797655641571 0
    outer loop
      vertex -6.8159404720331205 0.5232905891393776 0
      vertex -6.8159404720331205 0.5232905891393776 0.8
      vertex -6.780329938536248 0.8706339549833516 0.8
    endloop
  endfacet
  facet normal 0 0 1
    outer loop
      vertex -6.567965694982331 -1.8954430058738716 0.8
      vertex -6.567965694982331 1.8954430058738716 0.8
      vertex -6.656180604291922 1.557606279529246 0.8
    endloop
  endfacet
  facet normal 0 0 1
    outer loop
      vertex -6.46261571309474 -2.228334737834935 0.8
      vertex -6.46261571309474 2.228334737834935 0.8
      vertex -6.567965694982331 1.8954430058738716 0.8
    endloop
  endfacet
  facet normal 0 0 1
    outer loop
      vertex -6.3404055047031935 -2.555412998892813 0.8
      vertex -6.3404055047031935 2.555412998892813 0.8
      vertex -6.46261571309474 2.228334737834935 0.8
    endloop
  endfacet
  facet normal 0 0 1
    outer loop
      vertex -6.201653902287612 -2.875824479209703 0.8
      vertex -6.201653902287612 2.875824479209703 0.8
      vertex -6.3404055047031935 2.555412998892813 0.8
    endloop
  endfacet
  facet normal -0.9882804237803486 0.15264928421887333 4.104738247571424e-18
    outer loop
      vertex -6.780329938536248 0.8706339549833516 0
      vertex -6.727030298397365 1.2157059362464182 0.8
      vertex -6.727030298397365 1.2157059362464182 0
    endloop
  endfacet
  facet normal -0.9882804237803486 0.15264928421887333 0
    outer loop
      vertex -6.780329938536248 0.8706339549833516 0
      vertex -6.780329938536248 0.8706339549833516 0.8
      vertex -6.727030298397365 1.2157059362464182 0.8
    endloop
  endfacet
  facet normal -0.9791969052758562 0.20291234732806632 4.075269846341986e-18
    outer loop
      vertex -6.727030298397365 1.2157059362464182 0
      vertex -6.656180604291922 1.557606279529246 0.8
      vertex -6.656180604291922 1.557606279529246 0
    endloop
  endfacet
  facet normal -0.9791969052758562 0.20291234732806632 0
    outer loop
      vertex -6.727030298397365 1.2157059362464182 0
      vertex -6.727030298397365 1.2157059362464182 0.8
      vertex -6.656180604291922 1.557606279529246 0.8
    endloop
  endfacet
  facet normal -0.9675587738486935 0.2526460352913 0
    outer loop
      vertex -6.656180604291922 1.557606279529246 0
      vertex -6.656180604291922 1.557606279529246 0.8
      vertex -6.567965694982331 1.8954430058738716 0.8
    endloop
  endfacet
  facet normal 0 0 -1
    outer loop
      vertex -6.3404055047031935 -2.555412998892813 0
      vertex -6.3404055047031935 2.555412998892813 0
      vertex -6.201653902287612 2.875824479209703 0
    endloop
  endfacet
  facet normal 0 0 -1
    outer loop
      vertex -6.201653902287612 -2.875824479209703 0
      vertex -6.201653902287612 2.875824479209703 0
      vertex -6.046722892936253 3.188733261817545 0
    endloop
  endfacet
  facet normal 0 0 -1
    outer loop
      vertex -6.046722892936253 -3.188733261817545 0
      vertex -6.046722892936253 3.188733261817545 0
      vertex -5.876016673962732 3.493323003429954 0
    endloop
  endfacet
  facet normal 0 0 1
    outer loop
      vertex -6.046722892936253 -3.188733261817545 0.8
      vertex -6.046722892936253 3.188733261817545 0.8
      vertex -6.201653902287612 2.875824479209703 0.8
    endloop
  endfacet
  facet normal 0 0 -1
    outer loop
      vertex -5.876016673962732 -3.493323003429954 0
      vertex -5.876016673962732 3.493323003429954 0
      vertex -5.689980598401374 3.7887990641886593 0
    endloop
  endfacet
  facet normal 0 0 1
    outer loop
      vertex -5.876016673962732 -3.493323003429954 0.8
      vertex -5.876016673962732 3.493323003429954 0.8
      vertex -6.046722892936253 3.188733261817545 0.8
    endloop
  endfacet
  facet normal 0 0 1
    outer loop
      vertex -5.689980598401374 -3.7887990641886593 0.8
      vertex -5.689980598401374 3.7887990641886593 0.8
      vertex -5.876016673962732 3.493323003429954 0.8
    endloop
  endfacet
  facet normal 0 0 1
    outer loop
      vertex -5.489100013132009 -4.074390580788137 0.8
      vertex -5.489100013132009 4.074390580788137 0.8
      vertex -5.689980598401374 3.7887990641886593 0.8
    endloop
  endfacet
  facet normal 0 0 -1
    outer loop
      vertex -5.689980598401374 -3.7887990641886593 0
      vertex -5.689980598401374 3.7887990641886593 0
      vertex -5.489100013132009 4.074390580788137 0
    endloop
  endfacet
  facet normal 0 0 -1
    outer loop
      vertex -5.489100013132009 -4.074390580788137 0
      vertex -5.489100013132009 4.074390580788137 0
      vertex -5.273898992665371 4.349352477569978 0
    endloop
  endfacet
  facet normal 0 0 -1
    outer loop
      vertex -5.273898992665371 -4.349352477569978 0
      vertex -5.273898992665371 4.349352477569978 0
      vertex -5.044938971892531 4.612967410340209 0
    endloop
  endfacet
  facet normal 0 0 1
    outer loop
      vertex -5.273898992665371 -4.349352477569978 0.8
      vertex -5.273898992665371 4.349352477569978 0.8
      vertex -5.489100013132009 4.074390580788137 0.8
    endloop
  endfacet
  facet normal 0 0 1
    outer loop
      vertex -5.273898992665371 4.349352477569978 0.8
      vertex -5.176043690702088 -0.18075142860222276 0.8
      vertex -5.179198718624207 0 0.8
    endloop
  endfacet
  facet normal 0 0 1
    outer loop
      vertex -5.273898992665371 4.349352477569978 0.8
      vertex -5.179198718624207 0 0.8
      vertex -5.176043690702087 0.18075142860222274 0.8
    endloop
  endfacet
  facet normal 0 0 1
    outer loop
      vertex -5.273898992665371 4.349352477569978 0.8
      vertex -5.176043690702087 0.18075142860222274 0.8
      vertex -5.166582450851255 0.3612826394313169 0.8
    endloop
  endfacet
  facet normal -0.9675587738486935 0.2526460352913 3.718506805432907e-18
    outer loop
      vertex -6.656180604291922 1.557606279529246 0
      vertex -6.567965694982331 1.8954430058738716 0.8
      vertex -6.567965694982331 1.8954430058738716 0
    endloop
  endfacet
  facet normal -0.9533963920549311 0.3017205985951903 9.61274144583445e-18
    outer loop
      vertex -6.567965694982331 1.8954430058738716 0
      vertex -6.46261571309474 2.228334737834935 0.8
      vertex -6.46261571309474 2.228334737834935 0
    endloop
  endfacet
  facet normal -0.9533963920549311 0.3017205985951903 0
    outer loop
      vertex -6.567965694982331 1.8954430058738716 0
      vertex -6.567965694982331 1.8954430058738716 0.8
      vertex -6.46261571309474 2.228334737834935 0.8
    endloop
  endfacet
  facet normal -0.9367467079316273 0.35000800730734516 0
    outer loop
      vertex -6.46261571309474 2.228334737834935 0
      vertex -6.46261571309474 2.228334737834935 0.8
      vertex -6.3404055047031935 2.555412998892813 0.8
    endloop
  endfacet
  facet normal -0.9367467079316273 0.35000800730734516 -6.6996179738767685e-18
    outer loop
      vertex -6.46261571309474 2.228334737834935 0
      vertex -6.3404055047031935 2.555412998892813 0.8
      vertex -6.3404055047031935 2.555412998892813 0
    endloop
  endfacet
  facet normal -0.9176531586036287 0.3973822850918034 -1.0953623514785016e-17
    outer loop
      vertex -6.3404055047031935 2.555412998892813 0
      vertex -6.201653902287612 2.875824479209703 0.8
      vertex -6.201653902287612 2.875824479209703 0
    endloop
  endfacet
  facet normal -0.9176531586036287 0.3973822850918034 0
    outer loop
      vertex -6.3404055047031935 2.555412998892813 0
      vertex -6.3404055047031935 2.555412998892813 0.8
      vertex -6.201653902287612 2.875824479209703 0.8
    endloop
  endfacet
  facet normal -0.8961655569610556 0.4437198378669596 0
    outer loop
      vertex -6.201653902287612 2.875824479209703 0
      vertex -6.201653902287612 2.875824479209703 0.8
      vertex -6.046722892936253 3.188733261817545 0.8
    endloop
  endfacet
  facet normal -0.8961655569610556 0.4437198378669596 -5.475028506890271e-18
    outer loop
      vertex -6.201653902287612 2.875824479209703 0
      vertex -6.046722892936253 3.188733261817545 0.8
      vertex -6.046722892936253 3.188733261817545 0
    endloop
  endfacet
  facet normal -0.8723399617031741 0.4888997762483686 0
    outer loop
      vertex -6.046722892936253 3.188733261817545 0
      vertex -6.046722892936253 3.188733261817545 0.8
      vertex -5.876016673962732 3.493323003429954 0.8
    endloop
  endfacet
  facet normal 0 0 1
    outer loop
      vertex -5.273898992665371 4.349352477569978 0.8
      vertex -5.166582450851255 0.3612826394313169 0.8
      vertex -5.150826526135078 0.5413736830155884 0.8
    endloop
  endfacet
  facet normal 0 0 1
    outer loop
      vertex -5.273898992665371 4.349352477569978 0.8
      vertex -5.150826526135078 0.5413736830155884 0.8
      vertex -5.12879511272081 0.7208051461593284 0.8
    endloop
  endfacet
  facet normal 0 0 1
    outer loop
      vertex -5.273898992665371 4.349352477569978 0.8
      vertex -5.12879511272081 0.7208051461593284 0.8
      vertex -5.100515052492013 0.8993584192639942 0.8
    endloop
  endfacet
  facet normal 0 0 1
    outer loop
      vertex -5.273898992665371 4.349352477569978 0.8
      vertex -5.100515052492013 0.8993584192639942 0.8
      vertex -5.066020800345868 1.0768159626703315 0.8
    endloop
  endfacet
  facet normal -0.8723399617031741 0.4888997762483686 1.861120668101553e-18
    outer loop
      vertex -6.046722892936253 3.188733261817545 0
      vertex -5.876016673962732 3.493323003429954 0.8
      vertex -5.876016673962732 3.493323003429954 0
    endloop
  endfacet
  facet normal 0 0 1
    outer loop
      vertex -5.273898992665371 4.349352477569978 0.8
      vertex -5.066020800345868 1.0768159626703315 0.8
      vertex -5.044938971892531 4.612967410340209 0.8
    endloop
  endfacet
  facet normal 0 0 -1
    outer loop
      vertex -5.044938971892531 -4.612967410340209 0
      vertex -5.044938971892531 4.612967410340209 0
      vertex -4.802817281365385 4.864547637838377 0
    endloop
  endfacet
  facet normal 0 0 -1
    outer loop
      vertex -4.802817281365385 -4.864547637838377 0
      vertex -4.802817281365385 4.864547637838377 0
      vertex -4.54816558892944 5.1034368159759795 0
    endloop
  endfacet
  facet normal 0 0 1
    outer loop
      vertex -4.2413778040851735 -0.2965860280876432 0.8
      vertex -4.241377804085174 0.29658602808764317 0.8
      vertex -4.249144774434372 0.14838340520508714 0.8
    endloop
  endfacet
  facet normal 0 0 1
    outer loop
      vertex -4.228443368215867 -0.4444273065805499 0.8
      vertex -4.228443368215866 0.44442730658054985 0.8
      vertex -4.241377804085174 0.29658602808764317 0.8
    endloop
  endfacet
  facet normal 0 0 1
    outer loop
      vertex -4.210357225444158 -0.5917271188591667 0.8
      vertex -4.210357225444157 0.5917271188591666 0.8
      vertex -4.228443368215866 0.44442730658054985 0.8
    endloop
  endfacet
  facet normal 0 0 1
    outer loop
      vertex -4.187141410949056 -0.7383060027920287 0.8
      vertex -4.187141410949056 0.7383060027920288 0.8
      vertex -4.210357225444157 0.5917271188591666 0.8
    endloop
  endfacet
  facet normal 0 0 1
    outer loop
      vertex -4.158824209624403 -0.8839853745878105 0.8
      vertex -4.158824209624402 0.8839853745878105 0.8
      vertex -4.187141410949056 0.7383060027920288 0.8
    endloop
  endfacet
  facet normal 0 0 1
    outer loop
      vertex -4.158824209624402 0.8839853745878105 0.8
      vertex -4.125440121618082 -1.0285877463721649 0.8
      vertex -4.125440121618082 1.028587746372165 0.8
    endloop
  endfacet
  facet normal 0 0 1
    outer loop
      vertex -4.043640102702377 -1.3138583138452544 0.8
      vertex -4.0870298202989055 1.1719369424293613 0.8
      vertex -4.125440121618082 1.028587746372165 0.8
    endloop
  endfacet
  facet normal 0 0 1
    outer loop
      vertex -4.043640102702377 -1.3138583138452544 0.8
      vertex -4.043640102702377 1.3138583138452544 0.8
      vertex -4.0870298202989055 1.1719369424293613 0.8
    endloop
  endfacet
  facet normal 0 0 1
    outer loop
      vertex -4.043640102702377 1.3138583138452544 0.8
      vertex -4.043640102702377 -1.3138583138452544 0.8
      vertex -3.9953238325157145 1.4541789512900858 0.8
    endloop
  endfacet
  facet normal 0 0 1
    outer loop
      vertex -3.995323832515715 -1.454178951290086 0.8
      vertex -3.942139875671589 1.592727895681866 0.8
      vertex -3.9953238325157145 1.4541789512900858 0.8
    endloop
  endfacet
  facet normal 0 0 1
    outer loop
      vertex -3.9421398756715873 -1.5927278956818658 0.8
      vertex -3.884153028629052 1.7293363464736822 0.8
      vertex -3.942139875671589 1.592727895681866 0.8
    endloop
  endfacet
  facet normal 0 0 1
    outer loop
      vertex -3.884153028629052 1.7293363464736822 0.8
      vertex -3.8214339394290415 -1.8638378673111642 0.8
      vertex -3.821433939429041 1.8638378673111637 0.8
    endloop
  endfacet
  facet normal 0 0 1
    outer loop
      vertex -3.7540590216206082 -1.9960685888095409 0.8
      vertex -3.754059021620608 1.9960685888095404 0.8
      vertex -3.821433939429041 1.8638378673111637 0.8
    endloop
  endfacet
  facet normal 0 0 1
    outer loop
      vertex -3.754059021620608 1.9960685888095404 0.8
      vertex -3.7540590216206082 -1.9960685888095409 0.8
      vertex -3.6821103611627928 2.125867408203249 0.8
    endloop
  endfacet
  facet normal 0 0 1
    outer loop
      vertex -3.6821103611627914 -2.1258674082032485 0.8
      vertex -3.6056756164155215 2.2530761856248316 0.8
      vertex -3.6821103611627928 2.125867408203249 0.8
    endloop
  endfacet
  facet normal 0 0 1
    outer loop
      vertex -3.6056756164155215 2.2530761856248316 0.8
      vertex -3.524847911341398 -2.3775399367740113 0.8
      vertex -3.524847911341398 2.377539936774012 0.8
    endloop
  endfacet
  facet normal 0 0 1
    outer loop
      vertex -3.524847911341398 2.377539936774012 0.8
      vertex -3.439725722048503 -2.4991070217421845 0.8
      vertex -3.4397257220485025 2.4991070217421845 0.8
    endloop
  endfacet
  facet normal 0 0 1
    outer loop
      vertex -5.044938971892531 4.612967410340209 0.8
      vertex -5.066020800345868 1.0768159626703315 0.8
      vertex -5.025354382215184 1.2529615716969382 0.8
    endloop
  endfacet
  facet normal 0 0 1
    outer loop
      vertex -5.044938971892531 4.612967410340209 0.8
      vertex -5.025354382215184 1.2529615716969382 0.8
      vertex -4.978565343866273 1.4275806400523667 0.8
    endloop
  endfacet
  facet normal 0 0 1
    outer loop
      vertex -5.044938971892531 4.612967410340209 0.8
      vertex -4.978565343866273 1.4275806400523667 0.8
      vertex -4.925710690535061 1.6004604212998317 0.8
    endloop
  endfacet
  facet normal 0 0 -1
    outer loop
      vertex -4.54816558892944 -5.1034368159759795 0
      vertex -4.54816558892944 5.1034368159759795 0
      vertex -4.281648251774517 5.329011710163258 0
    endloop
  endfacet
  facet normal 0 0 1
    outer loop
      vertex -5.044938971892531 4.612967410340209 0.8
      vertex -4.925710690535061 1.6004604212998317 0.8
      vertex -4.866854817474999 1.7713902880559709 0.8
    endloop
  endfacet
  facet normal 0 0 1
    outer loop
      vertex -4.802817281365385 4.864547637838377 0.8
      vertex -4.866854817474999 1.7713902880559709 0.8
      vertex -4.802069431501359 1.9401619886078707 0.8
    endloop
  endfacet
  facet normal 0 0 1
    outer loop
      vertex -4.802817281365385 4.864547637838377 0.8
      vertex -4.802069431501359 1.9401619886078707 0.8
      vertex -4.731433463627524 2.1065699006356957 0.8
    endloop
  endfacet
  facet normal 0 0 1
    outer loop
      vertex -4.802817281365385 4.864547637838377 0.8
      vertex -4.731433463627524 2.1065699006356957 0.8
      vertex -4.655032972899713 2.2704112817318136 0.8
    endloop
  endfacet
  facet normal 0 0 1
    outer loop
      vertex -4.802817281365385 4.864547637838377 0.8
      vertex -4.655032972899713 2.2704112817318136 0.8
      vertex -4.572961041547283 2.4314865164111894 0.8
    endloop
  endfacet
  facet normal 0 0 1
    outer loop
      vertex -4.54816558892944 5.1034368159759795 0.8
      vertex -4.572961041547283 2.4314865164111894 0.8
      vertex -4.485317661576375 2.5895993593121034 0.8
    endloop
  endfacet
  facet normal 0 0 -1
    outer loop
      vertex -4.281648251774517 -5.329011710163258 0
      vertex -4.281648251774517 5.329011710163258 0
      vertex -4.003960583202721 5.54068382125707 0
    endloop
  endfacet
  facet normal 0 0 -1
    outer loop
      vertex -4.003960583202719 -5.540683821257071 0
      vertex -4.003960583202721 5.54068382125707 0
      vertex -3.7158270386353993 5.737900920887968 0
    endloop
  endfacet
  facet normal 0 0 -1
    outer loop
      vertex -3.7158270386354 -5.737900920887968 0
      vertex -3.7158270386353993 5.737900920887968 0
      vertex -3.4179993255916874 5.92014849216096 0
    endloop
  endfacet
  facet normal -0.8462385310876442 0.5328042309353652 -4.993671317337088e-18
    outer loop
      vertex -5.876016673962732 3.493323003429954 0
      vertex -5.689980598401374 3.7887990641886593 0.8
      vertex -5.689980598401374 3.7887990641886593 0
    endloop
  endfacet
  facet normal -0.8462385310876442 0.5328042309353652 0
    outer loop
      vertex -5.876016673962732 3.493323003429954 0
      vertex -5.876016673962732 3.493323003429954 0.8
      vertex -5.689980598401374 3.7887990641886593 0.8
    endloop
  endfacet
  facet normal -0.8179293607667166 0.5753186602186219 1.2307225042745142e-17
    outer loop
      vertex -5.689980598401374 3.7887990641886593 0
      vertex -5.489100013132009 4.074390580788137 0.8
      vertex -5.489100013132009 4.074390580788137 0
    endloop
  endfacet
  facet normal -0.8179293607667166 0.5753186602186219 0
    outer loop
      vertex -5.689980598401374 3.7887990641886593 0
      vertex -5.689980598401374 3.7887990641886593 0.8
      vertex -5.489100013132009 4.074390580788137 0.8
    endloop
  endfacet
  facet normal -0.7874863061334672 0.6163321488063619 7.625197309256623e-18
    outer loop
      vertex -5.489100013132009 4.074390580788137 0
      vertex -5.273898992665371 4.349352477569978 0.8
      vertex -5.273898992665371 4.349352477569978 0
    endloop
  endfacet
  facet normal -0.7874863061334672 0.6163321488063619 0
    outer loop
      vertex -5.489100013132009 4.074390580788137 0
      vertex -5.489100013132009 4.074390580788137 0.8
      vertex -5.273898992665371 4.349352477569978 0.8
    endloop
  endfacet
  facet normal -0.7549887896414853 0.6557376971897261 0
    outer loop
      vertex -5.273898992665371 4.349352477569978 0
      vertex -5.273898992665371 4.349352477569978 0.8
      vertex -5.044938971892531 4.612967410340209 0.8
    endloop
  endfacet
  facet normal 0 0 1
    outer loop
      vertex -5.044938971892531 4.612967410340209 0.8
      vertex -4.866854817474999 1.7713902880559709 0.8
      vertex -4.802817281365385 4.864547637838377 0.8
    endloop
  endfacet
  facet normal 0 0 1
    outer loop
      vertex -4.54816558892944 5.1034368159759795 0.8
      vertex -4.485317661576375 2.5895993593121034 0.8
      vertex -4.392209612945059 2.7445571742908967 0.8
    endloop
  endfacet
  facet normal 0 0 1
    outer loop
      vertex -4.54816558892944 5.1034368159759795 0.8
      vertex -4.392209612945059 2.7445571742908967 0.8
      vertex -4.293750333468395 2.896171169119442 0.8
    endloop
  endfacet
  facet normal 0 0 1
    outer loop
      vertex -4.802817281365385 4.864547637838377 0.8
      vertex -4.572961041547283 2.4314865164111894 0.8
      vertex -4.54816558892944 5.1034368159759795 0.8
    endloop
  endfacet
  facet normal -0.7549887896414853 0.6557376971897261 -5.3662244446995174e-18
    outer loop
      vertex -5.273898992665371 4.349352477569978 0
      vertex -5.044938971892531 4.612967410340209 0.8
      vertex -5.044938971892531 4.612967410340209 0
    endloop
  endfacet
  facet normal -0.7205215936007867 0.6934325007922422 0
    outer loop
      vertex -5.044938971892531 4.612967410340209 0
      vertex -5.044938971892531 4.612967410340209 0.8
      vertex -4.802817281365385 4.864547637838377 0.8
    endloop
  endfacet
  facet normal -0.7205215936007867 0.6934325007922422 -1.1553307992288531e-17
    outer loop
      vertex -5.044938971892531 4.612967410340209 0
      vertex -4.802817281365385 4.864547637838377 0.8
      vertex -4.802817281365385 4.864547637838377 0
    endloop
  endfacet
  facet normal -0.6841746389904311 0.7293182181752442 0
    outer loop
      vertex -4.802817281365385 4.864547637838377 0
      vertex -4.802817281365385 4.864547637838377 0.8
      vertex -4.54816558892944 5.1034368159759795 0
    endloop
  endfacet
  facet normal 0 0 1
    outer loop
      vertex -4.54816558892944 5.1034368159759795 0.8
      vertex -4.293750333468395 2.896171169119442 0.8
      vertex -4.281648251774517 5.329011710163258 0.8
    endloop
  endfacet
  facet normal -0.6841746389904311 0.7293182181752442 0
    outer loop
      vertex -4.54816558892944 5.1034368159759795 0
      vertex -4.802817281365385 4.864547637838377 0.8
      vertex -4.54816558892944 5.1034368159759795 0.8
    endloop
  endfacet
  facet normal 0 0 1
    outer loop
      vertex -4.281648251774517 5.329011710163258 0.8
      vertex -4.293750333468395 2.896171169119442 0.8
      vertex -4.190059780611935 3.044256625499383 0.8
    endloop
  endfacet
  facet normal 0 0 1
    outer loop
      vertex -4.281648251774517 5.329011710163258 0.8
      vertex -4.190059780611935 3.044256625499383 0.8
      vertex -4.081264285342029 3.1886331241129375 0.8
    endloop
  endfacet
  facet normal 0 0 1
    outer loop
      vertex -4.003960583202721 5.54068382125707 0.8
      vertex -4.081264285342029 3.1886331241129375 0.8
      vertex -3.967496398211005 3.329124764436041 0.8
    endloop
  endfacet
  facet normal 0 0 1
    outer loop
      vertex -4.003960583202721 5.54068382125707 0.8
      vertex -3.967496398211005 3.329124764436041 0.8
      vertex -3.8488947278647294 3.4655603790460368 0.8
    endloop
  endfacet
  facet normal 0 0 1
    outer loop
      vertex -4.003960583202721 5.54068382125707 0.8
      vertex -3.8488947278647294 3.4655603790460368 0.8
      vertex -3.725603772169335 3.597773742162818 0.8
    endloop
  endfacet
  facet normal 0 0 1
    outer loop
      vertex -4.281648251774517 5.329011710163258 0.8
      vertex -4.081264285342029 3.1886331241129375 0.8
      vertex -4.003960583202721 5.54068382125707 0.8
    endloop
  endfacet
  facet normal 0 0 1
    outer loop
      vertex -3.7158270386353993 5.737900920887968 0.8
      vertex -3.725603772169335 3.597773742162818 0.8
      vertex -3.5977737421628184 3.725603772169335 0.8
    endloop
  endfacet
  facet normal 0 0 1
    outer loop
      vertex -3.7158270386353993 5.737900920887968 0.8
      vertex -3.5977737421628184 3.725603772169335 0.8
      vertex -3.4655603790460368 3.84889472786473 0.8
    endloop
  endfacet
  facet normal 0 0 1
    outer loop
      vertex -4.003960583202721 5.54068382125707 0.8
      vertex -3.725603772169335 3.597773742162818 0.8
      vertex -3.7158270386353993 5.737900920887968 0.8
    endloop
  endfacet
  facet normal -0.6460427508649528 0.7633012275994613 0
    outer loop
      vertex -4.54816558892944 5.1034368159759795 0
      vertex -4.54816558892944 5.1034368159759795 0.8
      vertex -4.281648251774517 5.329011710163258 0
    endloop
  endfacet
  facet normal -0.6460427508649528 0.7633012275994613 0
    outer loop
      vertex -4.281648251774517 5.329011710163258 0
      vertex -4.54816558892944 5.1034368159759795 0.8
      vertex -4.281648251774517 5.329011710163258 0.8
    endloop
  endfacet
  facet normal -0.6062254109666386 0.795292871273426 0
    outer loop
      vertex -4.281648251774517 5.329011710163258 0
      vertex -4.281648251774517 5.329011710163258 0.8
      vertex -4.003960583202721 5.54068382125707 0
    endloop
  endfacet
  facet normal -0.6062254109666386 0.795292871273426 0
    outer loop
      vertex -4.003960583202721 5.54068382125707 0
      vertex -4.281648251774517 5.329011710163258 0.8
      vertex -4.003960583202721 5.54068382125707 0.8
    endloop
  endfacet
  facet normal -0.564826498188993 0.8252096866515563 0
    outer loop
      vertex -4.003960583202721 5.54068382125707 0
      vertex -4.003960583202721 5.54068382125707 0.8
      vertex -3.7158270386353993 5.737900920887968 0
    endloop
  endfacet
  facet normal 0 0 1
    outer loop
      vertex -3.7158270386353993 5.737900920887968 0.8
      vertex -3.4655603790460368 3.84889472786473 0.8
      vertex -3.4179993255916874 5.92014849216096 0.8
    endloop
  endfacet
  facet normal -0.5219540175685942 0.852973624178382 0
    outer loop
      vertex -3.7158270386353993 5.737900920887968 0
      vertex -3.7158270386353993 5.737900920887968 0.8
      vertex -3.4179993255916874 5.92014849216096 0
    endloop
  endfacet
  facet normal -0.564826498188993 0.8252096866515563 0
    outer loop
      vertex -3.7158270386353993 5.737900920887968 0
      vertex -4.003960583202721 5.54068382125707 0.8
      vertex -3.7158270386353993 5.737900920887968 0.8
    endloop
  endfacet
  facet normal -0.5219540175685942 0.852973624178382 0
    outer loop
      vertex -3.4179993255916874 5.92014849216096 0
      vertex -3.7158270386353993 5.737900920887968 0.8
      vertex -3.4179993255916874 5.92014849216096 0.8
    endloop
  endfacet
  facet normal 0 0 1
    outer loop
      vertex -3.4397257220485025 2.4991070217421845 0.8
      vertex -3.439725722048503 -2.4991070217421845 0.8
      vertex -3.350412756812421 2.6176293297622912 0.8
    endloop
  endfacet
  facet normal 0 0 1
    outer loop
      vertex -3.350412756812421 -2.617629329762291 0.8
      vertex -3.257017829723685 2.7329624596589692 0.8
      vertex -3.350412756812421 2.6176293297622912 0.8
    endloop
  endfacet
  facet normal 0 0 1
    outer loop
      vertex -3.1596547281145666 2.844965895779148 0.8
      vertex -3.257017829723685 2.7329624596589692 0.8
      vertex -3.1596547281145675 -2.8449658957791484 0.8
    endloop
  endfacet
  facet normal 0 0 1
    outer loop
      vertex -3.1596547281145666 2.844965895779148 0.8
      vertex -3.1596547281145675 -2.8449658957791484 0.8
      vertex -3.0584420739267406 2.9535031791887203 0.8
    endloop
  endfacet
  facet normal 0 0 1
    outer loop
      vertex -3.058442073926742 -2.9535031791887216 0.8
      vertex -2.953503179188721 3.0584420739267415 0.8
      vertex -3.0584420739267406 2.9535031791887203 0.8
    endloop
  endfacet
  facet normal 0 0 1
    outer loop
      vertex -2.953503179188721 3.0584420739267415 0.8
      vertex -2.8449658957791484 -3.1596547281145666 0.8
      vertex -2.8449658957791484 3.159654728114567 0.8
    endloop
  endfacet
  facet normal 0 0 1
    outer loop
      vertex -2.8449658957791484 3.159654728114567 0.8
      vertex -2.8449658957791484 -3.1596547281145666 0.8
      vertex -2.7329624596589683 3.2570178297236847 0.8
    endloop
  endfacet
  facet normal 0 0 1
    outer loop
      vertex -2.7329624596589683 -3.2570178297236847 0.8
      vertex -2.6176293297622903 3.350412756812421 0.8
      vertex -2.7329624596589683 3.2570178297236847 0.8
    endloop
  endfacet
  facet normal 0 0 1
    outer loop
      vertex -2.6176293297622903 3.350412756812421 0.8
      vertex -2.499107021742185 -3.439725722048503 0.8
      vertex -2.4991070217421845 3.439725722048503 0.8
    endloop
  endfacet
  facet normal 0 0 1
    outer loop
      vertex -2.4991070217421845 3.439725722048503 0.8
      vertex -2.499107021742185 -3.439725722048503 0.8
      vertex -2.3775399367740118 3.5248479113413973 0.8
    endloop
  endfacet
  facet normal 0 0 1
    outer loop
      vertex -2.3775399367740118 3.5248479113413973 0.8
      vertex -2.2530761856248316 -3.6056756164155215 0.8
      vertex -2.253076185624831 3.6056756164155206 0.8
    endloop
  endfacet
  facet normal 0 0 1
    outer loop
      vertex -2.125867408203248 3.6821103611627923 0.8
      vertex -2.253076185624831 3.6056756164155206 0.8
      vertex -2.2530761856248316 -3.6056756164155215 0.8
    endloop
  endfacet
  facet normal 0 0 1
    outer loop
      vertex -2.1258674082032485 -3.682110361162792 0.8
      vertex -1.9960685888095409 3.7540590216206087 0.8
      vertex -2.125867408203248 3.6821103611627923 0.8
    endloop
  endfacet
  facet normal 0 0 1
    outer loop
      vertex -1.9960685888095409 3.7540590216206087 0.8
      vertex -1.8638378673111637 -3.821433939429041 0.8
      vertex -1.8638378673111637 3.8214339394290415 0.8
    endloop
  endfacet
  facet normal 0 0 1
    outer loop
      vertex -1.8638378673111637 3.8214339394290415 0.8
      vertex -1.8638378673111637 -3.821433939429041 0.8
      vertex -1.7293363464736817 3.884153028629052 0.8
    endloop
  endfacet
  facet normal 0 0 -1
    outer loop
      vertex -3.4179993255916874 -5.92014849216096 0
      vertex -3.4179993255916874 5.92014849216096 0
      vertex -3.1112544425694058 6.086951071971341 0
    endloop
  endfacet
  facet normal 0 0 -1
    outer loop
      vertex -3.1112544425694044 -6.086951071971342 0
      vertex -3.1112544425694058 6.086951071971341 0
      vertex -2.7963926519447 6.237873491433648 0
    endloop
  endfacet
  facet normal 0 0 -1
    outer loop
      vertex -2.7963926519447018 -6.237873491433647 0
      vertex -2.7963926519447 6.237873491433648 0
      vertex -2.4742353921788784 6.372522011187591 0
    endloop
  endfacet
  facet normal 0 0 -1
    outer loop
      vertex -2.4742353921788784 -6.372522011187591 0
      vertex -2.4742353921788784 6.372522011187591 0
      vertex -2.1456231347792483 6.490545348619096 0
    endloop
  endfacet
  facet normal 0 0 -1
    outer loop
      vertex -2.145623134779247 -6.490545348619096 0
      vertex -2.1456231347792483 6.490545348619096 0
      vertex -1.8114131916049228 6.591635594316526 0
    endloop
  endfacet
  facet normal 0 0 1
    outer loop
      vertex -1.7293363464736817 3.884153028629052 0.8
      vertex -1.5927278956818658 -3.9421398756715877 0.8
      vertex -1.5927278956818658 3.942139875671588 0.8
    endloop
  endfacet
  facet normal 0 0 1
    outer loop
      vertex -1.5927278956818658 3.942139875671588 0.8
      vertex -1.5927278956818658 -3.9421398756715877 0.8
      vertex -1.454178951290086 3.9953238325157145 0.8
    endloop
  endfacet
  facet normal 0 0 1
    outer loop
      vertex -1.4589835079195277 -3.9934795360213804 0.8
      vertex -1.3138583138452544 4.043640102702376 0.8
      vertex -1.454178951290086 3.9953238325157145 0.8
    endloop
  endfacet
  facet normal 0 0 1
    outer loop
      vertex -0.8839853745878105 4.158824209624403 0.8
      vertex -1.0285877463721647 4.125440121618081 0.8
      vertex -0.9035515934228897 -4.544548749923706 0.8
    endloop
  endfacet
  facet normal 0 0 1
    outer loop
      vertex -1.3138583138452544 4.043640102702376 0.8
      vertex -1.2471800968050957 -4.234756648540497 0.8
      vertex -1.1719369424293613 4.0870298202989055 0.8
    endloop
  endfacet
  facet normal 0 0 1
    outer loop
      vertex -1.1719369424293613 4.0870298202989055 0.8
      vertex -1.2471800968050957 -4.234756648540497 0.8
      vertex -1.0285877463721647 4.125440121618081 0.8
    endloop
  endfacet
  facet normal 0 0 1
    outer loop
      vertex -0.8839853745878105 4.158824209624403 0.8
      vertex -0.9035515934228897 -4.544548749923706 0.8
      vertex -0.7383060027920288 4.187141410949056 0.8
    endloop
  endfacet
  facet normal 0 0 1
    outer loop
      vertex -0.5466771349310875 -4.816615015268326 0.8
      vertex -0.44442730658054985 4.228443368215865 0.8
      vertex -0.5917271188591666 4.210357225444158 0.8
    endloop
  endfacet
  facet normal 0 0 1
    outer loop
      vertex -0.5466771349310875 -4.816615015268326 0.8
      vertex -0.2965860280876432 4.241377804085175 0.8
      vertex -0.44442730658054985 4.228443368215865 0.8
    endloop
  endfacet
  facet normal 0 0 1
    outer loop
      vertex -0.7383060027920288 4.187141410949056 0.8
      vertex -0.9035515934228897 -4.544548749923706 0.8
      vertex -0.5917271188591666 4.210357225444158 0.8
    endloop
  endfacet
  facet normal 0 0 1
    outer loop
      vertex -0.14838340520508714 4.249144774434373 0.8
      vertex -0.2965860280876432 4.241377804085175 0.8
      vertex -0.1988503634929657 -5.080145239830017 0.8
    endloop
  endfacet
  facet normal 0 0 1
    outer loop
      vertex -0.14838340520508714 4.249144774434373 0.8
      vertex -0.1988503634929657 -5.080145239830017 0.8
      vertex 0 4.251734816406497 0.8
    endloop
  endfacet
  facet normal 0 0 -1
    outer loop
      vertex -1.8114131916049248 -6.591635594316526 0
      vertex -1.8114131916049228 6.591635594316526 0
      vertex -1.4724774782380703 6.675529015371184 0
    endloop
  endfacet
  facet normal 0 0 -1
    outer loop
      vertex -1.4724774782380703 -6.675529015371184 0
      vertex -1.4724774782380703 6.675529015371184 0
      vertex -1.1297002392557054 6.74200674342636 0
    endloop
  endfacet
  facet normal 0 0 -1
    outer loop
      vertex -1.1297002392557036 -6.742006743426361 0
      vertex -1.1297002392557054 6.74200674342636 0
      vertex -0.7839757413365538 6.790895345679885 0
    endloop
  endfacet
  facet normal 0 0 -1
    outer loop
      vertex -0.783975741336552 -6.7908953456798855 0
      vertex -0.7839757413365538 6.790895345679885 0
      vertex -0.43620594022139964 6.822067277350501 0
    endloop
  endfacet
  facet normal 0 0 -1
    outer loop
      vertex -0.436205940221403 -6.822067277350501 0
      vertex -0.43620594022139964 6.822067277350501 0
      vertex -0.08729812761353038 6.835441214427646 0
    endloop
  endfacet
  facet normal 0 0 1
    outer loop
      vertex -3.4179993255916874 5.92014849216096 0.8
      vertex -3.4655603790460368 3.84889472786473 0.8
      vertex -3.3291247644360413 3.9674963982110056 0.8
    endloop
  endfacet
  facet normal 0 0 1
    outer loop
      vertex -3.4179993255916874 5.92014849216096 0.8
      vertex -3.3291247644360413 3.9674963982110056 0.8
      vertex -3.1886331241129375 4.081264285342029 0.8
    endloop
  endfacet
  facet normal 0 0 1
    outer loop
      vertex -3.1112544425694058 6.086951071971341 0.8
      vertex -3.1886331241129375 4.081264285342029 0.8
      vertex -3.0442566254993833 4.190059780611936 0.8
    endloop
  endfacet
  facet normal 0 0 1
    outer loop
      vertex -3.1112544425694058 6.086951071971341 0.8
      vertex -3.0442566254993833 4.190059780611936 0.8
      vertex -2.8961711691194423 4.293750333468396 0.8
    endloop
  endfacet
  facet normal 0 0 1
    outer loop
      vertex -2.7963926519447 6.237873491433648 0.8
      vertex -2.8961711691194423 4.293750333468396 0.8
      vertex -2.744557174290897 4.392209612945059 0.8
    endloop
  endfacet
  facet normal 0 0 1
    outer loop
      vertex -2.7963926519447 6.237873491433648 0.8
      vertex -2.744557174290897 4.392209612945059 0.8
      vertex -2.5895993593121034 4.485317661576375 0.8
    endloop
  endfacet
  facet normal 0 0 1
    outer loop
      vertex -3.4179993255916874 5.92014849216096 0.8
      vertex -3.1886331241129375 4.081264285342029 0.8
      vertex -3.1112544425694058 6.086951071971341 0.8
    endloop
  endfacet
  facet normal -0.4777198185122628 0.8785122509109424 0
    outer loop
      vertex -3.4179993255916874 5.92014849216096 0
      vertex -3.4179993255916874 5.92014849216096 0.8
      vertex -3.1112544425694058 6.086951071971341 0
    endloop
  endfacet
  facet normal 0 0 1
    outer loop
      vertex -3.1112544425694058 6.086951071971341 0.8
      vertex -2.8961711691194423 4.293750333468396 0.8
      vertex -2.7963926519447 6.237873491433648 0.8
    endloop
  endfacet
  facet normal 0 0 1
    outer loop
      vertex -2.7963926519447 6.237873491433648 0.8
      vertex -2.5895993593121034 4.485317661576375 0.8
      vertex -2.4742353921788784 6.372522011187591 0.8
    endloop
  endfacet
  facet normal -0.4322393029947473 0.9017589394880513 0
    outer loop
      vertex -3.1112544425694058 6.086951071971341 0
      vertex -3.1112544425694058 6.086951071971341 0.8
      vertex -2.7963926519447 6.237873491433648 0
    endloop
  endfacet
  facet normal -0.4777198185122628 0.8785122509109424 0
    outer loop
      vertex -3.1112544425694058 6.086951071971341 0
      vertex -3.4179993255916874 5.92014849216096 0.8
      vertex -3.1112544425694058 6.086951071971341 0.8
    endloop
  endfacet
  facet normal -0.38563112448813375 0.922653041953484 0
    outer loop
      vertex -2.7963926519447 6.237873491433648 0
      vertex -2.7963926519447 6.237873491433648 0.8
      vertex -2.4742353921788784 6.372522011187591 0
    endloop
  endfacet
  facet normal -0.4322393029947473 0.9017589394880513 0
    outer loop
      vertex -2.7963926519447 6.237873491433648 0
      vertex -3.1112544425694058 6.086951071971341 0.8
      vertex -2.7963926519447 6.237873491433648 0.8
    endloop
  endfacet
  facet normal -0.38563112448813375 0.922653041953484 0
    outer loop
      vertex -2.4742353921788784 6.372522011187591 0
      vertex -2.7963926519447 6.237873491433648 0.8
      vertex -2.4742353921788784 6.372522011187591 0.8
    endloop
  endfacet
  facet normal 0 0 1
    outer loop
      vertex -2.4742353921788784 6.372522011187591 0.8
      vertex -2.5895993593121034 4.485317661576375 0.8
      vertex -2.4314865164111894 4.572961041547283 0.8
    endloop
  endfacet
  facet normal 0 0 1
    outer loop
      vertex -2.4742353921788784 6.372522011187591 0.8
      vertex -2.4314865164111894 4.572961041547283 0.8
      vertex -2.2704112817318136 4.655032972899712 0.8
    endloop
  endfacet
  facet normal 0 0 1
    outer loop
      vertex -2.1456231347792483 6.490545348619096 0.8
      vertex -2.2704112817318136 4.655032972899712 0.8
      vertex -2.106569900635696 4.731433463627524 0.8
    endloop
  endfacet
  facet normal 0 0 1
    outer loop
      vertex -2.4742353921788784 6.372522011187591 0.8
      vertex -2.2704112817318136 4.655032972899712 0.8
      vertex -2.1456231347792483 6.490545348619096 0.8
    endloop
  endfacet
  facet normal 0 0 1
    outer loop
      vertex -2.1456231347792483 6.490545348619096 0.8
      vertex -2.106569900635696 4.731433463627524 0.8
      vertex -1.9401619886078707 4.802069431501358 0.8
    endloop
  endfacet
  facet normal 0 0 1
    outer loop
      vertex -1.8114131916049228 6.591635594316526 0.8
      vertex -1.9401619886078707 4.802069431501358 0.8
      vertex -1.7713902880559709 4.866854817475 0.8
    endloop
  endfacet
  facet normal 0 0 1
    outer loop
      vertex -1.8114131916049228 6.591635594316526 0.8
      vertex -1.7713902880559709 4.866854817475 0.8
      vertex -1.6004604212998317 4.925710690535062 0.8
    endloop
  endfacet
  facet normal 0 0 1
    outer loop
      vertex -2.1456231347792483 6.490545348619096 0.8
      vertex -1.9401619886078707 4.802069431501358 0.8
      vertex -1.8114131916049228 6.591635594316526 0.8
    endloop
  endfacet
  facet normal -0.33801687840850314 0.9411400479795615 0
    outer loop
      vertex -2.4742353921788784 6.372522011187591 0
      vertex -2.4742353921788784 6.372522011187591 0.8
      vertex -2.1456231347792483 6.490545348619096 0
    endloop
  endfacet
  facet normal -0.33801687840850314 0.9411400479795615 0
    outer loop
      vertex -2.1456231347792483 6.490545348619096 0
      vertex -2.4742353921788784 6.372522011187591 0.8
      vertex -2.1456231347792483 6.490545348619096 0.8
    endloop
  endfacet
  facet normal -0.28952078488734817 0.9571717270783826 0
    outer loop
      vertex -2.1456231347792483 6.490545348619096 0
      vertex -2.1456231347792483 6.490545348619096 0.8
      vertex -1.8114131916049228 6.591635594316526 0
    endloop
  endfacet
  facet normal -0.28952078488734817 0.9571717270783826 0
    outer loop
      vertex -1.8114131916049228 6.591635594316526 0
      vertex -2.1456231347792483 6.490545348619096 0.8
      vertex -1.8114131916049228 6.591635594316526 0.8
    endloop
  endfacet
  facet normal 0 0 1
    outer loop
      vertex -1.4724774782380703 6.675529015371184 0.8
      vertex -1.6004604212998317 4.925710690535062 0.8
      vertex -1.427580640052367 4.978565343866273 0.8
    endloop
  endfacet
  facet normal 0 0 1
    outer loop
      vertex -1.4724774782380703 6.675529015371184 0.8
      vertex -1.427580640052367 4.978565343866273 0.8
      vertex -1.2529615716969382 5.025354382215185 0.8
    endloop
  endfacet
  facet normal 0 0 1
    outer loop
      vertex -1.1297002392557054 6.74200674342636 0.8
      vertex -1.2529615716969382 5.025354382215185 0.8
      vertex -1.0768159626703315 5.0660208003458695 0.8
    endloop
  endfacet
  facet normal 0 0 1
    outer loop
      vertex -1.1297002392557054 6.74200674342636 0.8
      vertex -1.0768159626703315 5.0660208003458695 0.8
      vertex -0.8993584192639942 5.100515052492012 0.8
    endloop
  endfacet
  facet normal 0 0 1
    outer loop
      vertex -1.8114131916049228 6.591635594316526 0.8
      vertex -1.6004604212998317 4.925710690535062 0.8
      vertex -1.4724774782380703 6.675529015371184 0.8
    endloop
  endfacet
  facet normal 0 0 1
    outer loop
      vertex -1.4724774782380703 6.675529015371184 0.8
      vertex -1.2529615716969382 5.025354382215185 0.8
      vertex -1.1297002392557054 6.74200674342636 0.8
    endloop
  endfacet
  facet normal -0.24026936469546242 0.9707062544296492 0
    outer loop
      vertex -1.8114131916049228 6.591635594316526 0
      vertex -1.8114131916049228 6.591635594316526 0.8
      vertex -1.4724774782380703 6.675529015371184 0
    endloop
  endfacet
  facet normal -0.1903911091646673 0.9817083199968553 0
    outer loop
      vertex -1.4724774782380703 6.675529015371184 0
      vertex -1.4724774782380703 6.675529015371184 0.8
      vertex -1.1297002392557054 6.74200674342636 0
    endloop
  endfacet
  facet normal -0.24026936469546242 0.9707062544296492 0
    outer loop
      vertex -1.4724774782380703 6.675529015371184 0
      vertex -1.8114131916049228 6.591635594316526 0.8
      vertex -1.4724774782380703 6.675529015371184 0.8
    endloop
  endfacet
  facet normal 0 0 1
    outer loop
      vertex -1.1297002392557054 6.74200674342636 0.8
      vertex -0.8993584192639942 5.100515052492012 0.8
      vertex -0.7839757413365538 6.790895345679885 0.8
    endloop
  endfacet
  facet normal -0.14001614496862963 0.9901492206471323 0
    outer loop
      vertex -1.1297002392557054 6.74200674342636 0
      vertex -1.1297002392557054 6.74200674342636 0.8
      vertex -0.7839757413365538 6.790895345679885 0
    endloop
  endfacet
  facet normal -0.1903911091646673 0.9817083199968553 0
    outer loop
      vertex -1.1297002392557054 6.74200674342636 0
      vertex -1.4724774782380703 6.675529015371184 0.8
      vertex -1.1297002392557054 6.74200674342636 0.8
    endloop
  endfacet
  facet normal -0.14001614496862963 0.9901492206471323 0
    outer loop
      vertex -0.7839757413365538 6.790895345679885 0
      vertex -1.1297002392557054 6.74200674342636 0.8
      vertex -0.7839757413365538 6.790895345679885 0.8
    endloop
  endfacet
  facet normal 0 0 1
    outer loop
      vertex -0.7839757413365538 6.790895345679885 0.8
      vertex -0.8993584192639942 5.100515052492012 0.8
      vertex -0.7208051461593282 5.12879511272081 0.8
    endloop
  endfacet
  facet normal 0 0 1
    outer loop
      vertex -0.7839757413365538 6.790895345679885 0.8
      vertex -0.7208051461593282 5.12879511272081 0.8
      vertex -0.5413736830155884 5.150826526135079 0.8
    endloop
  endfacet
  facet normal 0 0 1
    outer loop
      vertex -0.43620594022139964 6.822067277350501 0.8
      vertex -0.5413736830155884 5.150826526135079 0.8
      vertex -0.3612826394313169 5.166582450851256 0.8
    endloop
  endfacet
  facet normal 0 0 1
    outer loop
      vertex -0.43620594022139964 6.822067277350501 0.8
      vertex -0.3612826394313169 5.166582450851256 0.8
      vertex -0.18075142860222274 5.1760436907020875 0.8
    endloop
  endfacet
  facet normal 0 0 1
    outer loop
      vertex -0.08729812761353038 6.835441214427646 0.8
      vertex -0.18075142860222274 5.1760436907020875 0.8
      vertex 0 5.179198718624207 0.8
    endloop
  endfacet
  facet normal 0 0 1
    outer loop
      vertex -0.7839757413365538 6.790895345679885 0.8
      vertex -0.5413736830155884 5.150826526135079 0.8
      vertex -0.43620594022139964 6.822067277350501 0.8
    endloop
  endfacet
  facet normal -0.08927589463719399 0.9960069350344548 0
    outer loop
      vertex -0.7839757413365538 6.790895345679885 0
      vertex -0.7839757413365538 6.790895345679885 0.8
      vertex -0.43620594022139964 6.822067277350501 0
    endloop
  endfacet
  facet normal -0.08927589463719399 0.9960069350344548 0
    outer loop
      vertex -0.43620594022139964 6.822067277350501 0
      vertex -0.7839757413365538 6.790895345679885 0.8
      vertex -0.43620594022139964 6.822067277350501 0.8
    endloop
  endfacet
  facet normal 0 0 1
    outer loop
      vertex -0.43620594022139964 6.822067277350501 0.8
      vertex -0.18075142860222274 5.1760436907020875 0.8
      vertex -0.08729812761353038 6.835441214427646 0.8
    endloop
  endfacet
  facet normal -0.03830273369003521 0.99926618105081 0
    outer loop
      vertex -0.43620594022139964 6.822067277350501 0
      vertex -0.43620594022139964 6.822067277350501 0.8
      vertex -0.08729812761353038 6.835441214427646 0
    endloop
  endfacet
  facet normal -0.03830273369003521 0.99926618105081 0
    outer loop
      vertex -0.08729812761353038 6.835441214427646 0
      vertex -0.43620594022139964 6.822067277350501 0.8
      vertex -0.08729812761353038 6.835441214427646 0.8
    endloop
  endfacet
  facet normal 0.012770354715973568 -0.9999184556954772 2.9618298978789155e-19
    outer loop
      vertex -0.08729812761353208 -6.835441214427646 0
      vertex 0.2618374358417168 -6.830982265836499 0
      vertex 0.2618374358417168 -6.830982265836499 0.8
    endloop
  endfacet
  facet normal 0.012770354715973568 -0.9999184556954772 0
    outer loop
      vertex -0.08729812761353208 -6.835441214427646 0
      vertex 0.2618374358417168 -6.830982265836499 0.8
      vertex -0.08729812761353208 -6.835441214427646 0.8
    endloop
  endfacet
  facet normal 0.06381012672462891 -0.9979620572583843 0
    outer loop
      vertex 0.2618374358417168 -6.830982265836499 0
      vertex 0.6102898953230498 -6.8087020644648195 0.8
      vertex 0.2618374358417168 -6.830982265836499 0.8
    endloop
  endfacet
  facet normal 0 0 1
    outer loop
      vertex -0.08729812761353208 -6.835441214427646 0.8
      vertex 0.2618374358417168 -6.830982265836499 0.8
      vertex -0.08330528518879805 -5.177744619462373 0.8
    endloop
  endfacet
  facet normal 0.06381012672462891 -0.9979620572583843 -1.3020018598165547e-18
    outer loop
      vertex 0.2618374358417168 -6.830982265836499 0
      vertex 0.6102898953230498 -6.8087020644648195 0
      vertex 0.6102898953230498 -6.8087020644648195 0.8
    endloop
  endfacet
  facet normal 0.1146834253983978 -0.9934020897596755 -8.710054160632341e-19
    outer loop
      vertex 0.6102898953230498 -6.8087020644648195 0
      vertex 0.9571501781494456 -6.768658736814068 0
      vertex 0.9571501781494456 -6.768658736814068 0.8
    endloop
  endfacet
  facet normal 0.1146834253983978 -0.9934020897596755 0
    outer loop
      vertex 0.6102898953230498 -6.8087020644648195 0
      vertex 0.9571501781494456 -6.768658736814068 0.8
      vertex 0.6102898953230498 -6.8087020644648195 0.8
    endloop
  endfacet
  facet normal 0 0 1
    outer loop
      vertex 0.2618374358417168 -6.830982265836499 0.8
      vertex 0.6102898953230498 -6.8087020644648195 0.8
      vertex 0.6099266186356544 -4.3730790093541145 0.8
    endloop
  endfacet
  facet normal 0 0 1
    outer loop
      vertex 0.6102898953230498 -6.8087020644648195 0.8
      vertex 0.9571501781494456 -6.768658736814068 0.8
      vertex 0.9720961451530457 -4.572512485086918 0.8
    endloop
  endfacet
  facet normal 0 0 1
    outer loop
      vertex 0.2618374358417168 -6.830982265836499 0.8
      vertex 0.6099266186356544 -4.3730790093541145 0.8
      vertex 0.45420757681131363 -4.2560848370194435 0.8
    endloop
  endfacet
  facet normal 0 0 1
    outer loop
      vertex 0.6102898953230498 -6.8087020644648195 0.8
      vertex 0.7834513336420059 -4.476982228457928 0.8
      vertex 0.6099266186356544 -4.3730790093541145 0.8
    endloop
  endfacet
  facet normal 0 0 1
    outer loop
      vertex 0.6102898953230498 -6.8087020644648195 0.8
      vertex 0.9720961451530457 -4.572512485086918 0.8
      vertex 0.7834513336420059 -4.476982228457928 0.8
    endloop
  endfacet
  facet normal 0.16525752810968822 -0.9862504496339027 5.495922540653551e-18
    outer loop
      vertex 0.9571501781494456 -6.768658736814068 0
      vertex 1.3015133654469822 -6.710956751353996 0
      vertex 1.3015133654469822 -6.710956751353996 0.8
    endloop
  endfacet
  facet normal 0.16525752810968822 -0.9862504496339027 0
    outer loop
      vertex 0.9571501781494456 -6.768658736814068 0
      vertex 1.3015133654469822 -6.710956751353996 0.8
      vertex 0.9571501781494456 -6.768658736814068 0.8
    endloop
  endfacet
  facet normal 0 0 1
    outer loop
      vertex 0.9571501781494456 -6.768658736814068 0.8
      vertex 1.3015133654469822 -6.710956751353996 0.8
      vertex 1.371424861252308 -4.76426263153553 0.8
    endloop
  endfacet
  facet normal 0.21540049279897944 -0.9765257946935947 -5.254817775115394e-18
    outer loop
      vertex 1.3015133654469822 -6.710956751353996 0
      vertex 1.642481052978853 -6.635746645976352 0
      vertex 1.642481052978853 -6.635746645976352 0.8
    endloop
  endfacet
  facet normal 0.21540049279897944 -0.9765257946935947 0
    outer loop
      vertex 1.3015133654469822 -6.710956751353996 0
      vertex 1.642481052978853 -6.635746645976352 0.8
      vertex 1.3015133654469822 -6.710956751353996 0.8
    endloop
  endfacet
  facet normal 0 0 1
    outer loop
      vertex 1.3015133654469822 -6.710956751353996 0.8
      vertex 1.642481052978853 -6.635746645976352 0.8
      vertex 1.5724067464470863 -4.880360387265682 0.8
    endloop
  endfacet
  facet normal 0 0 1
    outer loop
      vertex 0.9571501781494456 -6.768658736814068 0.8
      vertex 1.1700094267725945 -4.665568046271801 0.8
      vertex 0.9720961451530457 -4.572512485086918 0.8
    endloop
  endfacet
  facet normal 0 0 1
    outer loop
      vertex 0.9571501781494456 -6.768658736814068 0.8
      vertex 1.1729348599910736 -4.666972629725933 0.8
      vertex 1.1700094267725945 -4.665568046271801 0.8
    endloop
  endfacet
  facet normal 0 0 1
    outer loop
      vertex 0.9571501781494456 -6.768658736814068 0.8
      vertex 1.371424861252308 -4.76426263153553 0.8
      vertex 1.1729348599910736 -4.666972629725933 0.8
    endloop
  endfacet
  facet normal 0 0 1
    outer loop
      vertex 1.3015133654469822 -6.710956751353996 0.8
      vertex 1.3838067427277565 -4.77088039368391 0.8
      vertex 1.371424861252308 -4.76426263153553 0.8
    endloop
  endfacet
  facet normal 0 0 1
    outer loop
      vertex 1.3015133654469822 -6.710956751353996 0.8
      vertex 1.5724067464470863 -4.880360387265682 0.8
      vertex 1.3838067427277565 -4.77088039368391 0.8
    endloop
  endfacet
  facet normal 0 0 1
    outer loop
      vertex 1.642481052978853 -6.635746645976352 0.8
      vertex 1.6234140682550633 -4.917807116062674 0.8
      vertex 1.5950739458203316 -4.895682275295258 0.8
    endloop
  endfacet
  facet normal 0 0 1
    outer loop
      vertex 1.642481052978853 -6.635746645976352 0.8
      vertex 1.5950739458203316 -4.895682275295258 0.8
      vertex 1.5724067464470863 -4.880360387265682 0.8
    endloop
  endfacet
  facet normal 0 0 1
    outer loop
      vertex 1.642481052978853 -6.635746645976352 0.8
      vertex 1.7713902880559707 -4.866854817475 0.8
      vertex 1.6234140682550633 -4.917807116062674 0.8
    endloop
  endfacet
  facet normal 0 0 1
    outer loop
      vertex 0.2618374358417168 -6.830982265836499 0.8
      vertex 0.45420757681131363 -4.2560848370194435 0.8
      vertex 0.42763894405543434 -4.229912159615977 0.8
    endloop
  endfacet
  facet normal 0.26498150219666106 -0.9642534954531411 -3.822951406020867e-18
    outer loop
      vertex 1.642481052978853 -6.635746645976352 0
      vertex 1.9791636949794653 -6.543224635258685 0
      vertex 1.9791636949794653 -6.543224635258685 0.8
    endloop
  endfacet
  facet normal 0.26498150219666106 -0.9642534954531411 0
    outer loop
      vertex 1.642481052978853 -6.635746645976352 0
      vertex 1.9791636949794653 -6.543224635258685 0.8
      vertex 1.642481052978853 -6.635746645976352 0.8
    endloop
  endfacet
  facet normal 0.3138712051102904 -0.9494655689400296 0
    outer loop
      vertex 1.9791636949794653 -6.543224635258685 0
      vertex 2.3106829248777387 -6.43363209856294 0.8
      vertex 1.9791636949794653 -6.543224635258685 0.8
    endloop
  endfacet
  facet normal 0 0 1
    outer loop
      vertex 1.642481052978853 -6.635746645976352 0.8
      vertex 1.9791636949794653 -6.543224635258685 0.8
      vertex 1.7713902880559707 -4.866854817475 0.8
    endloop
  endfacet
  facet normal 0.3138712051102904 -0.9494655689400296 -4.554113541177603e-18
    outer loop
      vertex 1.9791636949794653 -6.543224635258685 0
      vertex 2.3106829248777387 -6.43363209856294 0
      vertex 2.3106829248777387 -6.43363209856294 0.8
    endloop
  endfacet
  facet normal 0.3619420538871178 -0.9322005951660697 -1.1952919069619086e-17
    outer loop
      vertex 2.3106829248777387 -6.43363209856294 0
      vertex 2.636173846855224 -6.307254950304249 0
      vertex 2.636173846855224 -6.307254950304249 0.8
    endloop
  endfacet
  facet normal 0.3619420538871178 -0.9322005951660697 0
    outer loop
      vertex 2.3106829248777387 -6.43363209856294 0
      vertex 2.636173846855224 -6.307254950304249 0.8
      vertex 2.3106829248777387 -6.43363209856294 0.8
    endloop
  endfacet
  facet normal 0 0 1
    outer loop
      vertex 1.9791636949794653 -6.543224635258685 0.8
      vertex 2.3106829248777387 -6.43363209856294 0.8
      vertex 2.106569900635696 -4.731433463627524 0.8
    endloop
  endfacet
  facet normal 0 0 1
    outer loop
      vertex 1.9791636949794653 -6.543224635258685 0.8
      vertex 1.940161988607871 -4.802069431501358 0.8
      vertex 1.7713902880559707 -4.866854817475 0.8
    endloop
  endfacet
  facet normal 0 0 1
    outer loop
      vertex 1.9791636949794653 -6.543224635258685 0.8
      vertex 2.106569900635696 -4.731433463627524 0.8
      vertex 1.940161988607871 -4.802069431501358 0.8
    endloop
  endfacet
  facet normal 0 0 1
    outer loop
      vertex 2.3106829248777387 -6.43363209856294 0.8
      vertex 2.636173846855224 -6.307254950304249 0.8
      vertex 2.4314865164111894 -4.572961041547282 0.8
    endloop
  endfacet
  facet normal 0 0 1
    outer loop
      vertex 2.3106829248777387 -6.43363209856294 0.8
      vertex 2.2704112817318136 -4.655032972899711 0.8
      vertex 2.106569900635696 -4.731433463627524 0.8
    endloop
  endfacet
  facet normal 0 0 1
    outer loop
      vertex 2.3106829248777387 -6.43363209856294 0.8
      vertex 2.4314865164111894 -4.572961041547282 0.8
      vertex 2.2704112817318136 -4.655032972899711 0.8
    endloop
  endfacet
  facet normal 0.40906863717134023 -0.9125036164765498 4.4813900397467245e-18
    outer loop
      vertex 2.636173846855224 -6.307254950304249 0
      vertex 2.954787292260534 -6.16442289403287 0
      vertex 2.954787292260534 -6.16442289403287 0.8
    endloop
  endfacet
  facet normal 0.40906863717134023 -0.9125036164765498 0
    outer loop
      vertex 2.636173846855224 -6.307254950304249 0
      vertex 2.954787292260534 -6.16442289403287 0.8
      vertex 2.636173846855224 -6.307254950304249 0.8
    endloop
  endfacet
  facet normal 0.4551280070880097 -0.8904260200399001 1.4381858988123921e-18
    outer loop
      vertex 2.954787292260534 -6.16442289403287 0
      vertex 3.265692034993398 -6.0055085622752715 0
      vertex 3.265692034993398 -6.0055085622752715 0.8
    endloop
  endfacet
  facet normal 0.4551280070880097 -0.8904260200399001 0
    outer loop
      vertex 2.954787292260534 -6.16442289403287 0
      vertex 3.265692034993398 -6.0055085622752715 0.8
      vertex 2.954787292260534 -6.16442289403287 0.8
    endloop
  endfacet
  facet normal 0 0 1
    outer loop
      vertex 2.636173846855224 -6.307254950304249 0.8
      vertex 2.954787292260534 -6.16442289403287 0.8
      vertex 2.744557174290897 -4.39220961294506 0.8
    endloop
  endfacet
  facet normal 0.500000000000001 -0.8660254037844382 0
    outer loop
      vertex 3.265692034993398 -6.0055085622752715 0
      vertex 3.5680769600786455 -5.830926544378419 0.8
      vertex 3.265692034993398 -6.0055085622752715 0.8
    endloop
  endfacet
  facet normal 0 0 1
    outer loop
      vertex 2.954787292260534 -6.16442289403287 0.8
      vertex 3.265692034993398 -6.0055085622752715 0.8
      vertex 3.044256625499383 -4.190059780611936 0.8
    endloop
  endfacet
  facet normal 0 0 1
    outer loop
      vertex 3.265692034993398 -6.0055085622752715 0.8
      vertex 3.5680769600786455 -5.830926544378419 0.8
      vertex 3.3291247644360413 -3.967496398211005 0.8
    endloop
  endfacet
  facet normal 0 0 1
    outer loop
      vertex 2.636173846855224 -6.307254950304249 0.8
      vertex 2.5895993593121034 -4.485317661576375 0.8
      vertex 2.4314865164111894 -4.572961041547282 0.8
    endloop
  endfacet
  facet normal 0 0 1
    outer loop
      vertex 2.636173846855224 -6.307254950304249 0.8
      vertex 2.744557174290897 -4.39220961294506 0.8
      vertex 2.5895993593121034 -4.485317661576375 0.8
    endloop
  endfacet
  facet normal 0 0 1
    outer loop
      vertex 2.954787292260534 -6.16442289403287 0.8
      vertex 2.896171169119442 -4.293750333468394 0.8
      vertex 2.744557174290897 -4.39220961294506 0.8
    endloop
  endfacet
  facet normal 0 0 1
    outer loop
      vertex 2.954787292260534 -6.16442289403287 0.8
      vertex 3.044256625499383 -4.190059780611936 0.8
      vertex 2.896171169119442 -4.293750333468394 0.8
    endloop
  endfacet
  facet normal 0 0 1
    outer loop
      vertex 3.265692034993398 -6.0055085622752715 0.8
      vertex 3.188633124112938 -4.081264285342028 0.8
      vertex 3.044256625499383 -4.190059780611936 0.8
    endloop
  endfacet
  facet normal 0 0 1
    outer loop
      vertex 3.265692034993398 -6.0055085622752715 0.8
      vertex 3.3291247644360413 -3.967496398211005 0.8
      vertex 3.188633124112938 -4.081264285342028 0.8
    endloop
  endfacet
  facet normal 0 0 1
    outer loop
      vertex 0.2618374358417168 -6.830982265836499 0.8
      vertex 0 4.251734816406497 0.8
      vertex -0.08330528518879805 -5.177744619462373 0.8
    endloop
  endfacet
  facet normal 0 0 -1
    outer loop
      vertex -0.08729812761353208 -6.835441214427646 0
      vertex 0.2618374358417168 6.830982265836499 0
      vertex 0.2618374358417168 -6.830982265836499 0
    endloop
  endfacet
  facet normal 0 0 1
    outer loop
      vertex 0.2618374358417168 -6.830982265836499 0.8
      vertex 0.42763894405543434 -4.229912159615977 0.8
      vertex 0.2965860280876432 4.2413778040851735 0.8
    endloop
  endfacet
  facet normal 0 0 -1
    outer loop
      vertex 0.2618374358417168 -6.830982265836499 0
      vertex 0.6102898953230498 6.8087020644648195 0
      vertex 0.6102898953230498 -6.8087020644648195 0
    endloop
  endfacet
  facet normal 0 0 -1
    outer loop
      vertex 0.6102898953230498 -6.8087020644648195 0
      vertex 0.9571501781494438 6.768658736814068 0
      vertex 0.9571501781494456 -6.768658736814068 0
    endloop
  endfacet
  facet normal 0 0 -1
    outer loop
      vertex 0.9571501781494456 -6.768658736814068 0
      vertex 1.301513365446979 6.710956751353997 0
      vertex 1.3015133654469822 -6.710956751353996 0
    endloop
  endfacet
  facet normal 0 0 -1
    outer loop
      vertex 1.3015133654469822 -6.710956751353996 0
      vertex 1.6424810529788563 6.635746645976351 0
      vertex 1.642481052978853 -6.635746645976352 0
    endloop
  endfacet
  facet normal 0 0 1
    outer loop
      vertex 0.44442730658054985 -4.228443368215866 0.8
      vertex 0.2965860280876432 4.2413778040851735 0.8
      vertex 0.42763894405543434 -4.229912159615977 0.8
    endloop
  endfacet
  facet normal 0 0 1
    outer loop
      vertex 0.44442730658054985 -4.228443368215866 0.8
      vertex 0.5917271188591666 -4.210357225444158 0.8
      vertex 0.5917271188591666 4.210357225444157 0.8
    endloop
  endfacet
  facet normal 0 0 1
    outer loop
      vertex 0.7383060027920288 -4.187141410949056 0.8
      vertex 0.738306002792029 4.187141410949056 0.8
      vertex 0.5917271188591666 -4.210357225444158 0.8
    endloop
  endfacet
  facet normal 0 0 1
    outer loop
      vertex 0.7383060027920288 -4.187141410949056 0.8
      vertex 0.8839853745878105 -4.158824209624403 0.8
      vertex 0.738306002792029 4.187141410949056 0.8
    endloop
  endfacet
  facet normal 0 0 1
    outer loop
      vertex 1.0285877463721649 -4.125440121618082 0.8
      vertex 1.0285877463721649 4.125440121618083 0.8
      vertex 0.8839853745878105 -4.158824209624403 0.8
    endloop
  endfacet
  facet normal 0 0 1
    outer loop
      vertex 1.0285877463721649 -4.125440121618082 0.8
      vertex 1.1719369424293613 -4.087029820298906 0.8
      vertex 1.0285877463721649 4.125440121618083 0.8
    endloop
  endfacet
  facet normal 0 0 1
    outer loop
      vertex 1.3138583138452544 -4.043640102702377 0.8
      vertex 1.3138583138452544 4.043640102702377 0.8
      vertex 1.1719369424293613 -4.087029820298906 0.8
    endloop
  endfacet
  facet normal 0 0 1
    outer loop
      vertex 1.3138583138452544 -4.043640102702377 0.8
      vertex 1.4541789512900858 -3.995323832515714 0.8
      vertex 1.3138583138452544 4.043640102702377 0.8
    endloop
  endfacet
  facet normal 0 0 1
    outer loop
      vertex 1.5927278956818658 -3.9421398756715873 0.8
      vertex 1.5927278956818658 3.942139875671588 0.8
      vertex 1.4541789512900858 -3.995323832515714 0.8
    endloop
  endfacet
  facet normal 0 0 1
    outer loop
      vertex 1.729336346473682 -3.884153028629053 0.8
      vertex 1.729336346473682 3.8841530286290524 0.8
      vertex 1.5927278956818658 -3.9421398756715873 0.8
    endloop
  endfacet
  facet normal 0 0 -1
    outer loop
      vertex 1.642481052978853 -6.635746645976352 0
      vertex 1.979163694979467 6.543224635258684 0
      vertex 1.9791636949794653 -6.543224635258685 0
    endloop
  endfacet
  facet normal 0 0 -1
    outer loop
      vertex 1.9791636949794653 -6.543224635258685 0
      vertex 2.3106829248777387 6.43363209856294 0
      vertex 2.3106829248777387 -6.43363209856294 0
    endloop
  endfacet
  facet normal 0 0 -1
    outer loop
      vertex 2.3106829248777387 -6.43363209856294 0
      vertex 2.636173846855224 6.307254950304249 0
      vertex 2.636173846855224 -6.307254950304249 0
    endloop
  endfacet
  facet normal 0 0 -1
    outer loop
      vertex 2.636173846855224 -6.307254950304249 0
      vertex 2.9547872922605327 6.164422894032871 0
      vertex 2.954787292260534 -6.16442289403287 0
    endloop
  endfacet
  facet normal 0 0 -1
    outer loop
      vertex 2.954787292260534 -6.16442289403287 0
      vertex 3.265692034993396 6.005508562275272 0
      vertex 3.265692034993398 -6.0055085622752715 0
    endloop
  endfacet
  facet normal 0 0 1
    outer loop
      vertex 1.8638378673111642 -3.8214339394290424 0.8
      vertex 1.729336346473682 3.8841530286290524 0.8
      vertex 1.729336346473682 -3.884153028629053 0.8
    endloop
  endfacet
  facet normal 0 0 1
    outer loop
      vertex 1.8638378673111642 -3.8214339394290424 0.8
      vertex 1.996068588809541 -3.7540590216206087 0.8
      vertex 1.9960685888095409 3.7540590216206082 0.8
    endloop
  endfacet
  facet normal 0 0 1
    outer loop
      vertex 2.125867408203248 -3.6821103611627914 0.8
      vertex 1.9960685888095409 3.7540590216206082 0.8
      vertex 1.996068588809541 -3.7540590216206087 0.8
    endloop
  endfacet
  facet normal 0 0 1
    outer loop
      vertex 2.125867408203248 -3.6821103611627914 0.8
      vertex 2.253076185624831 -3.60567561641552 0.8
      vertex 2.253076185624832 3.6056756164155215 0.8
    endloop
  endfacet
  facet normal 0 0 1
    outer loop
      vertex 2.3775399367740113 -3.5248479113413977 0.8
      vertex 2.3775399367740118 3.524847911341398 0.8
      vertex 2.253076185624831 -3.60567561641552 0.8
    endloop
  endfacet
  facet normal 0 0 1
    outer loop
      vertex 2.3775399367740113 -3.5248479113413977 0.8
      vertex 2.499107021742185 -3.4397257220485034 0.8
      vertex 2.3775399367740118 3.524847911341398 0.8
    endloop
  endfacet
  facet normal 0 0 1
    outer loop
      vertex 2.6176293297622903 -3.3504127568124207 0.8
      vertex 2.6176293297622903 3.350412756812421 0.8
      vertex 2.499107021742185 -3.4397257220485034 0.8
    endloop
  endfacet
  facet normal 0 0 1
    outer loop
      vertex 2.7329624596589692 -3.257017829723685 0.8
      vertex 2.7329624596589692 3.257017829723685 0.8
      vertex 2.6176293297622903 -3.3504127568124207 0.8
    endloop
  endfacet
  facet normal 0 0 1
    outer loop
      vertex 2.7329624596589692 -3.257017829723685 0.8
      vertex 2.8449658957791484 -3.159654728114567 0.8
      vertex 2.7329624596589692 3.257017829723685 0.8
    endloop
  endfacet
  facet normal 0 0 1
    outer loop
      vertex 2.953503179188721 -3.0584420739267415 0.8
      vertex 2.9535031791887216 3.0584420739267415 0.8
      vertex 2.8449658957791484 -3.159654728114567 0.8
    endloop
  endfacet
  facet normal 0 0 1
    outer loop
      vertex 3.058442073926742 -2.953503179188721 0.8
      vertex 3.0584420739267415 2.9535031791887207 0.8
      vertex 2.953503179188721 -3.0584420739267415 0.8
    endloop
  endfacet
  facet normal 0 0 1
    outer loop
      vertex 3.058442073926742 -2.953503179188721 0.8
      vertex 3.1596547281145675 -2.8449658957791484 0.8
      vertex 3.0584420739267415 2.9535031791887207 0.8
    endloop
  endfacet
  facet normal 0 0 1
    outer loop
      vertex 3.257017829723685 -2.7329624596589692 0.8
      vertex 3.257017829723686 2.7329624596589697 0.8
      vertex 3.1596547281145675 -2.8449658957791484 0.8
    endloop
  endfacet
  facet normal 0 0 1
    outer loop
      vertex 3.350412756812421 -2.6176293297622903 0.8
      vertex 3.3504127568124202 2.617629329762291 0.8
      vertex 3.257017829723685 -2.7329624596589692 0.8
    endloop
  endfacet
  facet normal 0 0 1
    outer loop
      vertex 3.4397257220485034 -2.499107021742185 0.8
      vertex 3.3504127568124202 2.617629329762291 0.8
      vertex 3.350412756812421 -2.6176293297622903 0.8
    endloop
  endfacet
  facet normal 0.500000000000001 -0.8660254037844382 -2.2715150691061722e-18
    outer loop
      vertex 3.265692034993398 -6.0055085622752715 0
      vertex 3.5680769600786455 -5.830926544378419 0
      vertex 3.5680769600786455 -5.830926544378419 0.8
    endloop
  endfacet
  facet normal 0.54356755000122 -0.8393654261319506 1.1768485213109035e-17
    outer loop
      vertex 3.5680769600786455 -5.830926544378419 0
      vertex 3.8611531797725873 -5.641132304893492 0
      vertex 3.8611531797725873 -5.641132304893492 0.8
    endloop
  endfacet
  facet normal 0.54356755000122 -0.8393654261319506 0
    outer loop
      vertex 3.5680769600786455 -5.830926544378419 0
      vertex 3.8611531797725873 -5.641132304893492 0.8
      vertex 3.5680769600786455 -5.830926544378419 0.8
    endloop
  endfacet
  facet normal 0.5857169943281936 -0.8105156399201354 0
    outer loop
      vertex 3.8611531797725873 -5.641132304893492 0
      vertex 4.144156091681024 -5.436620995320897 0.8
      vertex 3.8611531797725873 -5.641132304893492 0.8
    endloop
  endfacet
  facet normal 0.5857169943281936 -0.8105156399201354 -7.096535091739227e-19
    outer loop
      vertex 3.8611531797725873 -5.641132304893492 0
      vertex 4.144156091681024 -5.436620995320897 0
      vertex 4.144156091681024 -5.436620995320897 0.8
    endloop
  endfacet
  facet normal 0.6263383698932316 -0.7795513109471943 0
    outer loop
      vertex 4.144156091681024 -5.436620995320897 0
      vertex 4.416347373519626 -5.217926162316521 0.8
      vertex 4.144156091681024 -5.436620995320897 0.8
    endloop
  endfacet
  facet normal 0.6263383698932316 -0.7795513109471943 1.1106946589374571e-17
    outer loop
      vertex 4.144156091681024 -5.436620995320897 0
      vertex 4.416347373519626 -5.217926162316521 0
      vertex 4.416347373519626 -5.217926162316521 0.8
    endloop
  endfacet
  facet normal 0.6653257001655645 -0.7465532216119635 0
    outer loop
      vertex 4.416347373519626 -5.217926162316521 0
      vertex 4.6770169093124565 -4.985618355729436 0.8
      vertex 4.416347373519626 -5.217926162316521 0.8
    endloop
  endfacet
  facet normal 0 0 1
    outer loop
      vertex 3.5680769600786455 -5.830926544378419 0.8
      vertex 3.8611531797725873 -5.641132304893492 0.8
      vertex 3.5977737421628184 -3.725603772169335 0.8
    endloop
  endfacet
  facet normal 0 0 1
    outer loop
      vertex 3.5680769600786455 -5.830926544378419 0.8
      vertex 3.4655603790460368 -3.84889472786473 0.8
      vertex 3.3291247644360413 -3.967496398211005 0.8
    endloop
  endfacet
  facet normal 0 0 1
    outer loop
      vertex 3.5680769600786455 -5.830926544378419 0.8
      vertex 3.5977737421628184 -3.725603772169335 0.8
      vertex 3.4655603790460368 -3.84889472786473 0.8
    endloop
  endfacet
  facet normal 0 0 1
    outer loop
      vertex 3.8611531797725873 -5.641132304893492 0.8
      vertex 3.725603772169335 -3.597773742162818 0.8
      vertex 3.5977737421628184 -3.725603772169335 0.8
    endloop
  endfacet
  facet normal 0 0 1
    outer loop
      vertex 3.8611531797725873 -5.641132304893492 0.8
      vertex 4.144156091681024 -5.436620995320897 0.8
      vertex 3.967496398211005 -3.3291247644360413 0.8
    endloop
  endfacet
  facet normal 0 0 1
    outer loop
      vertex 4.144156091681024 -5.436620995320897 0.8
      vertex 4.416347373519626 -5.217926162316521 0.8
      vertex 4.190059780611935 -3.044256625499383 0.8
    endloop
  endfacet
  facet normal 0 0 1
    outer loop
      vertex 3.8611531797725873 -5.641132304893492 0.8
      vertex 3.8488947278647294 -3.4655603790460368 0.8
      vertex 3.725603772169335 -3.597773742162818 0.8
    endloop
  endfacet
  facet normal 0 0 1
    outer loop
      vertex 3.8611531797725873 -5.641132304893492 0.8
      vertex 3.967496398211005 -3.3291247644360413 0.8
      vertex 3.8488947278647294 -3.4655603790460368 0.8
    endloop
  endfacet
  facet normal 0 0 1
    outer loop
      vertex 4.144156091681024 -5.436620995320897 0.8
      vertex 4.081264285342029 -3.1886331241129375 0.8
      vertex 3.967496398211005 -3.3291247644360413 0.8
    endloop
  endfacet
  facet normal 0 0 1
    outer loop
      vertex 4.144156091681024 -5.436620995320897 0.8
      vertex 4.190059780611935 -3.044256625499383 0.8
      vertex 4.081264285342029 -3.1886331241129375 0.8
    endloop
  endfacet
  facet normal 0.6653257001655645 -0.7465532216119635 2.684492979765003e-18
    outer loop
      vertex 4.416347373519626 -5.217926162316521 0
      vertex 4.6770169093124565 -4.985618355729436 0
      vertex 4.6770169093124565 -4.985618355729436 0.8
    endloop
  endfacet
  facet normal 0.7025772716520319 -0.7116074601618417 1.0816442916655933e-17
    outer loop
      vertex 4.6770169093124565 -4.985618355729436 0
      vertex 4.925484642003478 -4.740303640102478 0
      vertex 4.925484642003478 -4.740303640102478 0.8
    endloop
  endfacet
  facet normal 0.7025772716520319 -0.7116074601618417 0
    outer loop
      vertex 4.6770169093124565 -4.985618355729436 0
      vertex 4.925484642003478 -4.740303640102478 0.8
      vertex 4.6770169093124565 -4.985618355729436 0.8
    endloop
  endfacet
  facet normal 0.7379958992559507 -0.6748051960984006 0
    outer loop
      vertex 4.925484642003478 -4.740303640102478 0
      vertex 5.161102347647758 -4.482622013519065 0
      vertex 4.925484642003478 -4.740303640102478 0.8
    endloop
  endfacet
  facet normal 0.7379958992559507 -0.6748051960984006 0
    outer loop
      vertex 5.161102347647758 -4.482622013519065 0
      vertex 5.161102347647758 -4.482622013519065 0.8
      vertex 4.925484642003478 -4.740303640102478 0.8
    endloop
  endfacet
  facet normal 0 0 1
    outer loop
      vertex 4.416347373519626 -5.217926162316521 0.8
      vertex 4.6770169093124565 -4.985618355729436 0.8
      vertex 4.485317661576375 -2.5895993593121034 0.8
    endloop
  endfacet
  facet normal 0 0 1
    outer loop
      vertex 4.416347373519626 -5.217926162316521 0.8
      vertex 4.293750333468396 -2.8961711691194423 0.8
      vertex 4.190059780611935 -3.044256625499383 0.8
    endloop
  endfacet
  facet normal 0 0 1
    outer loop
      vertex 4.416347373519626 -5.217926162316521 0.8
      vertex 4.392209612945059 -2.744557174290897 0.8
      vertex 4.293750333468396 -2.8961711691194423 0.8
    endloop
  endfacet
  facet normal 0 0 1
    outer loop
      vertex 4.416347373519626 -5.217926162316521 0.8
      vertex 4.485317661576375 -2.5895993593121034 0.8
      vertex 4.392209612945059 -2.744557174290897 0.8
    endloop
  endfacet
  facet normal 0 0 1
    outer loop
      vertex 4.6770169093124565 -4.985618355729436 0.8
      vertex 4.925484642003478 -4.740303640102478 0.8
      vertex 4.731433463627524 -2.1065699006356957 0.8
    endloop
  endfacet
  facet normal 0 0 1
    outer loop
      vertex 4.925484642003478 -4.740303640102478 0.8
      vertex 5.161102347647758 -4.482622013519065 0.8
      vertex 4.925710690535061 -1.6004604212998317 0.8
    endloop
  endfacet
  facet normal 0.7714891798219422 -0.6362424423265607 0
    outer loop
      vertex 5.161102347647758 -4.482622013519065 0
      vertex 5.383255326553749 -4.2132457379212545 0
      vertex 5.161102347647758 -4.482622013519065 0.8
    endloop
  endfacet
  facet normal 0.7714891798219422 -0.6362424423265607 0
    outer loop
      vertex 5.383255326553749 -4.2132457379212545 0
      vertex 5.383255326553749 -4.2132457379212545 0.8
      vertex 5.161102347647758 -4.482622013519065 0.8
    endloop
  endfacet
  facet normal 0.8029697332052276 -0.59601980466787 0
    outer loop
      vertex 5.383255326553749 -4.2132457379212545 0
      vertex 5.591364006964562 -3.932877585255117 0
      vertex 5.383255326553749 -4.2132457379212545 0.8
    endloop
  endfacet
  facet normal 0.8029697332052276 -0.59601980466787 0
    outer loop
      vertex 5.591364006964562 -3.932877585255117 0
      vertex 5.591364006964562 -3.932877585255117 0.8
      vertex 5.383255326553749 -4.2132457379212545 0.8
    endloop
  endfacet
  facet normal 0.8323554302364271 -0.554242219391425 0
    outer loop
      vertex 5.591364006964562 -3.932877585255117 0
      vertex 5.784885457094536 -3.642249004018955 0
      vertex 5.591364006964562 -3.932877585255117 0.8
    endloop
  endfacet
  facet normal 0.8595696069872018 -0.5110186794471094 0
    outer loop
      vertex 5.784885457094536 -3.642249004018955 0
      vertex 5.963314801576262 -3.3421182109976884 0
      vertex 5.784885457094536 -3.642249004018955 0.8
    endloop
  endfacet
  facet normal 0.8323554302364271 -0.554242219391425 0
    outer loop
      vertex 5.784885457094536 -3.642249004018955 0
      vertex 5.784885457094536 -3.642249004018955 0.8
      vertex 5.591364006964562 -3.932877585255117 0.8
    endloop
  endfacet
  facet normal 0.8595696069872018 -0.5110186794471094 0
    outer loop
      vertex 5.963314801576262 -3.3421182109976884 0
      vertex 5.963314801576262 -3.3421182109976884 0.8
      vertex 5.784885457094536 -3.642249004018955 0.8
    endloop
  endfacet
  facet normal 0 0 -1
    outer loop
      vertex 3.265692034993398 -6.0055085622752715 0
      vertex 3.5680769600786486 5.830926544378417 0
      vertex 3.5680769600786455 -5.830926544378419 0
    endloop
  endfacet
  facet normal 0 0 -1
    outer loop
      vertex 3.5680769600786455 -5.830926544378419 0
      vertex 3.861153179772588 5.641132304893491 0
      vertex 3.8611531797725873 -5.641132304893492 0
    endloop
  endfacet
  facet normal 0 0 -1
    outer loop
      vertex 3.8611531797725873 -5.641132304893492 0
      vertex 4.144156091681025 5.436620995320896 0
      vertex 4.144156091681024 -5.436620995320897 0
    endloop
  endfacet
  facet normal 0 0 1
    outer loop
      vertex 4.6770169093124565 -4.985618355729436 0.8
      vertex 4.572961041547283 -2.4314865164111894 0.8
      vertex 4.485317661576375 -2.5895993593121034 0.8
    endloop
  endfacet
  facet normal 0 0 1
    outer loop
      vertex 4.6770169093124565 -4.985618355729436 0.8
      vertex 4.655032972899712 -2.2704112817318136 0.8
      vertex 4.572961041547283 -2.4314865164111894 0.8
    endloop
  endfacet
  facet normal 0 0 1
    outer loop
      vertex 4.6770169093124565 -4.985618355729436 0.8
      vertex 4.731433463627524 -2.1065699006356957 0.8
      vertex 4.655032972899712 -2.2704112817318136 0.8
    endloop
  endfacet
  facet normal 0 0 1
    outer loop
      vertex 4.925484642003478 -4.740303640102478 0.8
      vertex 4.802069431501359 -1.9401619886078707 0.8
      vertex 4.731433463627524 -2.1065699006356957 0.8
    endloop
  endfacet
  facet normal 0 0 1
    outer loop
      vertex 4.925484642003478 -4.740303640102478 0.8
      vertex 4.866854817474998 -1.7713902880559709 0.8
      vertex 4.802069431501359 -1.9401619886078707 0.8
    endloop
  endfacet
  facet normal 0 0 1
    outer loop
      vertex 4.925484642003478 -4.740303640102478 0.8
      vertex 4.925710690535061 -1.6004604212998317 0.8
      vertex 4.866854817474998 -1.7713902880559709 0.8
    endloop
  endfacet
  facet normal 0 0 -1
    outer loop
      vertex 4.144156091681024 -5.436620995320897 0
      vertex 4.416347373519626 5.217926162316521 0
      vertex 4.416347373519626 -5.217926162316521 0
    endloop
  endfacet
  facet normal 0 0 -1
    outer loop
      vertex 4.416347373519626 -5.217926162316521 0
      vertex 4.677016909312455 4.985618355729437 0
      vertex 4.6770169093124565 -4.985618355729436 0
    endloop
  endfacet
  facet normal 0 0 1
    outer loop
      vertex 5.161102347647758 -4.482622013519065 0.8
      vertex 4.978565343866273 -1.427580640052367 0.8
      vertex 4.925710690535061 -1.6004604212998317 0.8
    endloop
  endfacet
  facet normal 0 0 1
    outer loop
      vertex 5.161102347647758 -4.482622013519065 0.8
      vertex 5.025354382215184 -1.2529615716969382 0.8
      vertex 4.978565343866273 -1.427580640052367 0.8
    endloop
  endfacet
  facet normal 0 0 1
    outer loop
      vertex 5.161102347647758 -4.482622013519065 0.8
      vertex 5.066020800345869 -1.0768159626703313 0.8
      vertex 5.025354382215184 -1.2529615716969382 0.8
    endloop
  endfacet
  facet normal 0 0 1
    outer loop
      vertex 5.161102347647758 -4.482622013519065 0.8
      vertex 5.100515052492013 -0.8993584192639942 0.8
      vertex 5.066020800345869 -1.0768159626703313 0.8
    endloop
  endfacet
  facet normal 0 0 1
    outer loop
      vertex 3.4397257220485034 -2.499107021742185 0.8
      vertex 3.524847911341398 -2.3775399367740118 0.8
      vertex 3.524847911341398 2.3775399367740127 0.8
    endloop
  endfacet
  facet normal 0 0 1
    outer loop
      vertex 3.605675616415521 -2.2530761856248316 0.8
      vertex 3.6056756164155206 2.253076185624831 0.8
      vertex 3.524847911341398 -2.3775399367740118 0.8
    endloop
  endfacet
  facet normal 0 0 1
    outer loop
      vertex 3.6821103611627923 -2.1258674082032485 0.8
      vertex 3.6056756164155206 2.253076185624831 0.8
      vertex 3.605675616415521 -2.2530761856248316 0.8
    endloop
  endfacet
  facet normal 0 0 1
    outer loop
      vertex 3.6821103611627923 -2.1258674082032485 0.8
      vertex 3.7540590216206073 -1.9960685888095409 0.8
      vertex 3.6821103611627923 2.1258674082032485 0.8
    endloop
  endfacet
  facet normal 0 0 1
    outer loop
      vertex 3.7540590216206073 -1.9960685888095409 0.8
      vertex 3.821433939429041 -1.8638378673111637 0.8
      vertex 3.8214339394290415 1.863837867311164 0.8
    endloop
  endfacet
  facet normal 0 0 1
    outer loop
      vertex 3.884153028629053 -1.7293363464736822 0.8
      vertex 3.884153028629053 1.7293363464736824 0.8
      vertex 3.821433939429041 -1.8638378673111637 0.8
    endloop
  endfacet
  facet normal 0 0 1
    outer loop
      vertex 3.942139875671588 -1.592727895681866 0.8
      vertex 3.884153028629053 1.7293363464736824 0.8
      vertex 3.884153028629053 -1.7293363464736822 0.8
    endloop
  endfacet
  facet normal 0 0 1
    outer loop
      vertex 3.995323832515714 -1.4541789512900858 0.8
      vertex 3.942139875671588 1.592727895681866 0.8
      vertex 3.942139875671588 -1.592727895681866 0.8
    endloop
  endfacet
  facet normal 0 0 1
    outer loop
      vertex 3.995323832515714 -1.4541789512900858 0.8
      vertex 4.043640102702376 -1.3138583138452544 0.8
      vertex 4.043640102702377 1.3138583138452544 0.8
    endloop
  endfacet
  facet normal 0 0 1
    outer loop
      vertex 4.087029820298906 -1.1719369424293613 0.8
      vertex 4.087029820298906 1.1719369424293613 0.8
      vertex 4.043640102702376 -1.3138583138452544 0.8
    endloop
  endfacet
  facet normal 0 0 1
    outer loop
      vertex 4.125440121618082 -1.0285877463721649 0.8
      vertex 4.125440121618083 1.028587746372165 0.8
      vertex 4.087029820298906 -1.1719369424293613 0.8
    endloop
  endfacet
  facet normal 0 0 1
    outer loop
      vertex 4.158824209624403 -0.8839853745878105 0.8
      vertex 4.187141410949055 0.7383060027920288 0.8
      vertex 4.125440121618082 -1.0285877463721649 0.8
    endloop
  endfacet
  facet normal 0 0 1
    outer loop
      vertex 4.158824209624403 -0.8839853745878105 0.8
      vertex 4.187141410949055 -0.738306002792029 0.8
      vertex 4.210357225444158 0.5917271188591667 0.8
    endloop
  endfacet
  facet normal 0 0 1
    outer loop
      vertex 4.187141410949055 -0.738306002792029 0.8
      vertex 4.210357225444157 -0.5917271188591666 0.8
      vertex 4.228443368215868 0.4444273065805499 0.8
    endloop
  endfacet
  facet normal 0 0 1
    outer loop
      vertex 4.228443368215866 -0.44442730658054985 0.8
      vertex 4.241377804085175 0.2965860280876432 0.8
      vertex 4.210357225444157 -0.5917271188591666 0.8
    endloop
  endfacet
  facet normal 0 0 1
    outer loop
      vertex 4.241377804085174 -0.2965860280876431 0.8
      vertex 4.249144774434372 0.14838340520508714 0.8
      vertex 4.228443368215866 -0.44442730658054985 0.8
    endloop
  endfacet
  facet normal 0 0 1
    outer loop
      vertex 4.241377804085174 -0.2965860280876431 0.8
      vertex 4.249144774434372 -0.1483834052050871 0.8
      vertex 4.251734816406497 0 0.8
    endloop
  endfacet
  facet normal 0 0 1
    outer loop
      vertex 4.241377804085174 -0.2965860280876431 0.8
      vertex 4.251734816406497 0 0.8
      vertex 4.249144774434372 0.14838340520508714 0.8
    endloop
  endfacet
  facet normal 0 0 -1
    outer loop
      vertex 4.6770169093124565 -4.985618355729436 0
      vertex 4.925484642003476 4.7403036401024785 0
      vertex 4.925484642003478 -4.740303640102478 0
    endloop
  endfacet
  facet normal 0 0 -1
    outer loop
      vertex 4.925484642003478 -4.740303640102478 0
      vertex 5.16110234764776 4.482622013519062 0
      vertex 5.161102347647758 -4.482622013519065 0
    endloop
  endfacet
  facet normal 0 0 1
    outer loop
      vertex 5.161102347647758 -4.482622013519065 0.8
      vertex 5.383255326553749 -4.2132457379212545 0.8
      vertex 5.166582450851255 -0.3612826394313169 0.8
    endloop
  endfacet
  facet normal 0 0 1
    outer loop
      vertex 5.161102347647758 -4.482622013519065 0.8
      vertex 5.12879511272081 -0.7208051461593283 0.8
      vertex 5.100515052492013 -0.8993584192639942 0.8
    endloop
  endfacet
  facet normal 0 0 1
    outer loop
      vertex 5.161102347647758 -4.482622013519065 0.8
      vertex 5.150826526135078 -0.5413736830155884 0.8
      vertex 5.12879511272081 -0.7208051461593283 0.8
    endloop
  endfacet
  facet normal 0 0 1
    outer loop
      vertex 5.161102347647758 -4.482622013519065 0.8
      vertex 5.166582450851255 -0.3612826394313169 0.8
      vertex 5.150826526135078 -0.5413736830155884 0.8
    endloop
  endfacet
  facet normal 0.8845412647776796 -0.466461950115444 0
    outer loop
      vertex 5.963314801576262 -3.3421182109976884 0
      vertex 6.126186538622775 -3.0332682131618394 0
      vertex 5.963314801576262 -3.3421182109976884 0.8
    endloop
  endfacet
  facet normal 0.8845412647776796 -0.466461950115444 0
    outer loop
      vertex 6.126186538622775 -3.0332682131618394 0
      vertex 6.126186538622775 -3.0332682131618394 0.8
      vertex 5.963314801576262 -3.3421182109976884 0.8
    endloop
  endfacet
  facet normal 0.9072052554039121 -0.42068827481583415 0
    outer loop
      vertex 6.126186538622775 -3.0332682131618394 0
      vertex 6.273075754468564 -2.71650476489175 0
      vertex 6.126186538622775 -3.0332682131618394 0.8
    endloop
  endfacet
  facet normal 0.927502451102094 -0.37381707184077084 0
    outer loop
      vertex 6.273075754468564 -2.71650476489175 0
      vertex 6.403599231921075 -2.392654265856383 0
      vertex 6.273075754468564 -2.71650476489175 0.8
    endloop
  endfacet
  facet normal 0.9072052554039121 -0.42068827481583415 0
    outer loop
      vertex 6.273075754468564 -2.71650476489175 0
      vertex 6.273075754468564 -2.71650476489175 0.8
      vertex 6.126186538622775 -3.0332682131618394 0.8
    endloop
  endfacet
  facet normal 0.927502451102094 -0.37381707184077084 0
    outer loop
      vertex 6.403599231921075 -2.392654265856383 0
      vertex 6.403599231921075 -2.392654265856383 0.8
      vertex 6.273075754468564 -2.71650476489175 0.8
    endloop
  endfacet
  facet normal 0.945379898806154 -0.32597062280712635 0
    outer loop
      vertex 6.403599231921075 -2.392654265856383 0
      vertex 6.517416450130601 -2.062561605030975 0
      vertex 6.403599231921075 -2.392654265856383 0.8
    endloop
  endfacet
  facet normal 0.945379898806154 -0.32597062280712635 0
    outer loop
      vertex 6.517416450130601 -2.062561605030975 0
      vertex 6.517416450130601 -2.062561605030975 0.8
      vertex 6.403599231921075 -2.392654265856383 0.8
    endloop
  endfacet
  facet normal 0.9607909582962475 -0.27727375363740847 0
    outer loop
      vertex 6.517416450130601 -2.062561605030975 0
      vertex 6.61423047297031 -1.7270879564781494 0
      vertex 6.517416450130601 -2.062561605030975 0.8
    endloop
  endfacet
  facet normal 0.9607909582962475 -0.27727375363740847 0
    outer loop
      vertex 6.61423047297031 -1.7270879564781494 0
      vertex 6.61423047297031 -1.7270879564781494 0.8
      vertex 6.517416450130601 -2.062561605030975 0.8
    endloop
  endfacet
  facet normal 0 0 -1
    outer loop
      vertex 5.161102347647758 -4.482622013519065 0
      vertex 5.3832553265537495 4.213245737921253 0
      vertex 5.383255326553749 -4.2132457379212545 0
    endloop
  endfacet
  facet normal 0 0 -1
    outer loop
      vertex 5.383255326553749 -4.2132457379212545 0
      vertex 5.591364006964562 3.932877585255117 0
      vertex 5.591364006964562 -3.932877585255117 0
    endloop
  endfacet
  facet normal 0 0 1
    outer loop
      vertex 5.383255326553749 -4.2132457379212545 0.8
      vertex 5.176043690702087 -0.18075142860222274 0.8
      vertex 5.166582450851255 -0.3612826394313169 0.8
    endloop
  endfacet
  facet normal 0 0 1
    outer loop
      vertex 5.383255326553749 -4.2132457379212545 0.8
      vertex 5.179198718624207 0 0.8
      vertex 5.176043690702087 -0.18075142860222274 0.8
    endloop
  endfacet
  facet normal 0 0 1
    outer loop
      vertex 5.383255326553749 -4.2132457379212545 0.8
      vertex 5.591364006964562 -3.932877585255117 0.8
      vertex 5.3832553265537495 4.213245737921253 0.8
    endloop
  endfacet
  facet normal 0 0 -1
    outer loop
      vertex 5.591364006964562 -3.932877585255117 0
      vertex 5.784885457094535 3.642249004018956 0
      vertex 5.784885457094536 -3.642249004018955 0
    endloop
  endfacet
  facet normal 0 0 -1
    outer loop
      vertex 5.784885457094536 -3.642249004018955 0
      vertex 5.963314801576261 3.34211821099769 0
      vertex 5.963314801576262 -3.3421182109976884 0
    endloop
  endfacet
  facet normal 0 0 1
    outer loop
      vertex 5.591364006964562 -3.932877585255117 0.8
      vertex 5.784885457094536 -3.642249004018955 0.8
      vertex 5.591364006964562 3.932877585255117 0.8
    endloop
  endfacet
  facet normal 0 0 1
    outer loop
      vertex 5.784885457094536 -3.642249004018955 0.8
      vertex 5.963314801576262 -3.3421182109976884 0.8
      vertex 5.784885457094535 3.642249004018956 0.8
    endloop
  endfacet
  facet normal 0 0 -1
    outer loop
      vertex 5.963314801576262 -3.3421182109976884 0
      vertex 6.126186538622774 3.033268213161842 0
      vertex 6.126186538622775 -3.0332682131618394 0
    endloop
  endfacet
  facet normal 0 0 -1
    outer loop
      vertex 6.126186538622775 -3.0332682131618394 0
      vertex 6.2730757544685645 2.7165047648917477 0
      vertex 6.273075754468564 -2.71650476489175 0
    endloop
  endfacet
  facet normal 0 0 -1
    outer loop
      vertex 6.273075754468564 -2.71650476489175 0
      vertex 6.403599231921075 2.3926542658563816 0
      vertex 6.403599231921075 -2.392654265856383 0
    endloop
  endfacet
  facet normal 0 0 1
    outer loop
      vertex 5.963314801576262 -3.3421182109976884 0.8
      vertex 6.126186538622775 -3.0332682131618394 0.8
      vertex 5.963314801576261 3.34211821099769 0.8
    endloop
  endfacet
  facet normal 0 0 1
    outer loop
      vertex 6.126186538622775 -3.0332682131618394 0.8
      vertex 6.273075754468564 -2.71650476489175 0.8
      vertex 6.126186538622774 3.033268213161842 0.8
    endloop
  endfacet
  facet normal 0.973695423877779 -0.22785350890313763 0
    outer loop
      vertex 6.61423047297031 -1.7270879564781494 0
      vertex 6.693788723708688 -1.3871085326431147 0
      vertex 6.61423047297031 -1.7270879564781494 0.8
    endloop
  endfacet
  facet normal 0.973695423877779 -0.22785350890313763 0
    outer loop
      vertex 6.693788723708688 -1.3871085326431147 0
      vertex 6.693788723708688 -1.3871085326431147 0.8
      vertex 6.61423047297031 -1.7270879564781494 0.8
    endloop
  endfacet
  facet normal 0.9840596292734574 -0.17783882038010074 0
    outer loop
      vertex 6.693788723708688 -1.3871085326431147 0
      vertex 6.755883643953397 -1.0435103010243305 0
      vertex 6.693788723708688 -1.3871085326431147 0.8
    endloop
  endfacet
  facet normal 0.9918565354547736 -0.12736017068005692 0
    outer loop
      vertex 6.755883643953397 -1.0435103010243305 0
      vertex 6.800353235147421 -0.6971896701765793 0
      vertex 6.755883643953397 -1.0435103010243305 0.8
    endloop
  endfacet
  facet normal 0.9840596292734574 -0.17783882038010074 0
    outer loop
      vertex 6.755883643953397 -1.0435103010243305 0
      vertex 6.755883643953397 -1.0435103010243305 0.8
      vertex 6.693788723708688 -1.3871085326431147 0.8
    endloop
  endfacet
  facet normal 0 0 1
    outer loop
      vertex 6.273075754468564 -2.71650476489175 0.8
      vertex 6.403599231921075 -2.392654265856383 0.8
      vertex 6.2730757544685645 2.7165047648917477 0.8
    endloop
  endfacet
  facet normal 0 0 -1
    outer loop
      vertex 6.403599231921075 -2.392654265856383 0
      vertex 6.517416450130601 2.062561605030975 0
      vertex 6.517416450130601 -2.062561605030975 0
    endloop
  endfacet
  facet normal 0 0 -1
    outer loop
      vertex 6.517416450130601 -2.062561605030975 0
      vertex 6.614230472970309 1.7270879564781505 0
      vertex 6.61423047297031 -1.7270879564781494 0
    endloop
  endfacet
  facet normal 0 0 -1
    outer loop
      vertex 6.61423047297031 -1.7270879564781494 0
      vertex 6.693788723708687 1.387108532643117 0
      vertex 6.693788723708688 -1.3871085326431147 0
    endloop
  endfacet
  facet normal 0 0 -1
    outer loop
      vertex 6.693788723708688 -1.3871085326431147 0
      vertex 6.755883643953396 1.0435103010243336 0
      vertex 6.755883643953397 -1.0435103010243305 0
    endloop
  endfacet
  facet normal 0.9970658011837403 -0.076549252836497 0
    outer loop
      vertex 6.800353235147421 -0.6971896701765793 0
      vertex 6.8270814812048055 -0.34905015108337356 0
      vertex 6.800353235147421 -0.6971896701765793 0.8
    endloop
  endfacet
  facet normal 0 0 1
    outer loop
      vertex 6.403599231921075 -2.392654265856383 0.8
      vertex 6.517416450130601 -2.062561605030975 0.8
      vertex 6.403599231921075 2.3926542658563816 0.8
    endloop
  endfacet
  facet normal 0 0 1
    outer loop
      vertex 6.517416450130601 -2.062561605030975 0.8
      vertex 6.61423047297031 -1.7270879564781494 0.8
      vertex 6.517416450130601 2.062561605030975 0.8
    endloop
  endfacet
  facet normal 0.9918565354547736 -0.12736017068005692 0
    outer loop
      vertex 6.800353235147421 -0.6971896701765793 0
      vertex 6.800353235147421 -0.6971896701765793 0.8
      vertex 6.755883643953397 -1.0435103010243305 0.8
    endloop
  endfacet
  facet normal 0.9970658011837403 -0.076549252836497 0
    outer loop
      vertex 6.8270814812048055 -0.34905015108337356 0
      vertex 6.8270814812048055 -0.34905015108337356 0.8
      vertex 6.800353235147421 -0.6971896701765793 0.8
    endloop
  endfacet
  facet normal 0 0 1
    outer loop
      vertex 6.61423047297031 -1.7270879564781494 0.8
      vertex 6.693788723708688 -1.3871085326431147 0.8
      vertex 6.614230472970309 1.7270879564781505 0.8
    endloop
  endfacet
  facet normal 0 0 -1
    outer loop
      vertex 6.755883643953397 -1.0435103010243305 0
      vertex 6.800353235147421 0.697189670176577 0
      vertex 6.800353235147421 -0.6971896701765793 0
    endloop
  endfacet
  facet normal 0 0 -1
    outer loop
      vertex 6.800353235147421 -0.6971896701765793 0
      vertex 6.8270814812048055 0.3490501510833724 0
      vertex 6.8270814812048055 -0.34905015108337356 0
    endloop
  endfacet
  facet normal 0.9996738360808565 -0.025538626732558436 0
    outer loop
      vertex 6.8270814812048055 -0.34905015108337356 0
      vertex 6.835998651183375 0 0
      vertex 6.8270814812048055 -0.34905015108337356 0.8
    endloop
  endfacet
  facet normal 0 0 1
    outer loop
      vertex 6.693788723708688 -1.3871085326431147 0.8
      vertex 6.755883643953397 -1.0435103010243305 0.8
      vertex 6.693788723708687 1.387108532643117 0.8
    endloop
  endfacet
  facet normal 0 0 1
    outer loop
      vertex 6.755883643953397 -1.0435103010243305 0.8
      vertex 6.800353235147421 -0.6971896701765793 0.8
      vertex 6.755883643953396 1.0435103010243336 0.8
    endloop
  endfacet
  facet normal 0.9996738360808565 -0.025538626732558436 3.6325745849006244e-19
    outer loop
      vertex 6.8270814812048055 -0.34905015108337356 0.8
      vertex 6.835998651183375 0 0
      vertex 6.835998651183375 0 0.8
    endloop
  endfacet
  facet normal 0 0 1
    outer loop
      vertex 6.800353235147421 -0.6971896701765793 0.8
      vertex 6.8270814812048055 -0.34905015108337356 0.8
      vertex 6.800353235147421 0.697189670176577 0.8
    endloop
  endfacet
  facet normal 0 0 1
    outer loop
      vertex 0.2618374358417168 -6.830982265836499 0.8
      vertex 0.1483834052050871 4.249144774434372 0.8
      vertex 0 4.251734816406497 0.8
    endloop
  endfacet
  facet normal 0 0 1
    outer loop
      vertex 0.2618374358417168 -6.830982265836499 0.8
      vertex 0.2965860280876432 4.2413778040851735 0.8
      vertex 0.1483834052050871 4.249144774434372 0.8
    endloop
  endfacet
  facet normal 0 0 1
    outer loop
      vertex 0.44442730658054985 -4.228443368215866 0.8
      vertex 0.44442730658054985 4.228443368215866 0.8
      vertex 0.2965860280876432 4.2413778040851735 0.8
    endloop
  endfacet
  facet normal 0 0 1
    outer loop
      vertex 0.44442730658054985 4.228443368215866 0.8
      vertex 0.44442730658054985 -4.228443368215866 0.8
      vertex 0.5917271188591666 4.210357225444157 0.8
    endloop
  endfacet
  facet normal 0 0 1
    outer loop
      vertex 0.5917271188591666 -4.210357225444158 0.8
      vertex 0.738306002792029 4.187141410949056 0.8
      vertex 0.5917271188591666 4.210357225444157 0.8
    endloop
  endfacet
  facet normal 0 0 1
    outer loop
      vertex 0.738306002792029 4.187141410949056 0.8
      vertex 0.8839853745878105 -4.158824209624403 0.8
      vertex 0.8839853745878105 4.158824209624403 0.8
    endloop
  endfacet
  facet normal 0 0 1
    outer loop
      vertex 0.8839853745878105 4.158824209624403 0.8
      vertex 0.8839853745878105 -4.158824209624403 0.8
      vertex 1.0285877463721649 4.125440121618083 0.8
    endloop
  endfacet
  facet normal 0 0 1
    outer loop
      vertex 1.0285877463721649 4.125440121618083 0.8
      vertex 1.1719369424293613 -4.087029820298906 0.8
      vertex 1.1719369424293613 4.087029820298906 0.8
    endloop
  endfacet
  facet normal 0 0 1
    outer loop
      vertex 1.1719369424293613 4.087029820298906 0.8
      vertex 1.1719369424293613 -4.087029820298906 0.8
      vertex 1.3138583138452544 4.043640102702377 0.8
    endloop
  endfacet
  facet normal 0 0 1
    outer loop
      vertex 1.3138583138452544 4.043640102702377 0.8
      vertex 1.4541789512900858 -3.995323832515714 0.8
      vertex 1.454178951290086 3.995323832515715 0.8
    endloop
  endfacet
  facet normal 0 0 1
    outer loop
      vertex 1.5927278956818658 3.942139875671588 0.8
      vertex 1.454178951290086 3.995323832515715 0.8
      vertex 1.4541789512900858 -3.995323832515714 0.8
    endloop
  endfacet
  facet normal 0 0 1
    outer loop
      vertex 1.5927278956818658 -3.9421398756715873 0.8
      vertex 1.729336346473682 3.8841530286290524 0.8
      vertex 1.5927278956818658 3.942139875671588 0.8
    endloop
  endfacet
  facet normal 0 0 -1
    outer loop
      vertex -0.08729812761353208 -6.835441214427646 0
      vertex -0.08729812761353038 6.835441214427646 0
      vertex 0.2618374358417168 6.830982265836499 0
    endloop
  endfacet
  facet normal 0 0 -1
    outer loop
      vertex 0.2618374358417168 -6.830982265836499 0
      vertex 0.2618374358417168 6.830982265836499 0
      vertex 0.6102898953230498 6.8087020644648195 0
    endloop
  endfacet
  facet normal 0 0 -1
    outer loop
      vertex 0.6102898953230498 -6.8087020644648195 0
      vertex 0.6102898953230498 6.8087020644648195 0
      vertex 0.9571501781494438 6.768658736814068 0
    endloop
  endfacet
  facet normal 0 0 -1
    outer loop
      vertex 0.9571501781494456 -6.768658736814068 0
      vertex 0.9571501781494438 6.768658736814068 0
      vertex 1.301513365446979 6.710956751353997 0
    endloop
  endfacet
  facet normal 0 0 -1
    outer loop
      vertex 1.3015133654469822 -6.710956751353996 0
      vertex 1.301513365446979 6.710956751353997 0
      vertex 1.6424810529788563 6.635746645976351 0
    endloop
  endfacet
  facet normal 0 0 1
    outer loop
      vertex 1.863837867311164 3.821433939429041 0.8
      vertex 1.8638378673111642 -3.8214339394290424 0.8
      vertex 1.9960685888095409 3.7540590216206082 0.8
    endloop
  endfacet
  facet normal 0 0 1
    outer loop
      vertex 1.9960685888095409 3.7540590216206082 0.8
      vertex 2.125867408203248 -3.6821103611627914 0.8
      vertex 2.1258674082032485 3.6821103611627914 0.8
    endloop
  endfacet
  facet normal 0 0 1
    outer loop
      vertex 1.729336346473682 3.8841530286290524 0.8
      vertex 1.8638378673111642 -3.8214339394290424 0.8
      vertex 1.863837867311164 3.821433939429041 0.8
    endloop
  endfacet
  facet normal 0 0 1
    outer loop
      vertex 2.253076185624832 3.6056756164155215 0.8
      vertex 2.1258674082032485 3.6821103611627914 0.8
      vertex 2.125867408203248 -3.6821103611627914 0.8
    endloop
  endfacet
  facet normal 0 0 1
    outer loop
      vertex 2.253076185624831 -3.60567561641552 0.8
      vertex 2.3775399367740118 3.524847911341398 0.8
      vertex 2.253076185624832 3.6056756164155215 0.8
    endloop
  endfacet
  facet normal 0 0 1
    outer loop
      vertex 2.6176293297622903 3.350412756812421 0.8
      vertex 2.499107021742185 3.439725722048503 0.8
      vertex 2.499107021742185 -3.4397257220485034 0.8
    endloop
  endfacet
  facet normal 0 0 1
    outer loop
      vertex 2.3775399367740118 3.524847911341398 0.8
      vertex 2.499107021742185 -3.4397257220485034 0.8
      vertex 2.499107021742185 3.439725722048503 0.8
    endloop
  endfacet
  facet normal 0 0 1
    outer loop
      vertex 2.6176293297622903 -3.3504127568124207 0.8
      vertex 2.7329624596589692 3.257017829723685 0.8
      vertex 2.6176293297622903 3.350412756812421 0.8
    endloop
  endfacet
  facet normal 0 0 1
    outer loop
      vertex 2.9535031791887216 3.0584420739267415 0.8
      vertex 2.8449658957791484 3.1596547281145666 0.8
      vertex 2.8449658957791484 -3.159654728114567 0.8
    endloop
  endfacet
  facet normal 0 0 1
    outer loop
      vertex 2.953503179188721 -3.0584420739267415 0.8
      vertex 3.0584420739267415 2.9535031791887207 0.8
      vertex 2.9535031791887216 3.0584420739267415 0.8
    endloop
  endfacet
  facet normal 0 0 1
    outer loop
      vertex 2.8449658957791484 3.1596547281145666 0.8
      vertex 2.7329624596589692 3.257017829723685 0.8
      vertex 2.8449658957791484 -3.159654728114567 0.8
    endloop
  endfacet
  facet normal 0 0 1
    outer loop
      vertex 3.257017829723686 2.7329624596589697 0.8
      vertex 3.159654728114567 2.844965895779148 0.8
      vertex 3.1596547281145675 -2.8449658957791484 0.8
    endloop
  endfacet
  facet normal 0 0 1
    outer loop
      vertex 3.159654728114567 2.844965895779148 0.8
      vertex 3.0584420739267415 2.9535031791887207 0.8
      vertex 3.1596547281145675 -2.8449658957791484 0.8
    endloop
  endfacet
  facet normal 0 0 1
    outer loop
      vertex 3.257017829723686 2.7329624596589697 0.8
      vertex 3.257017829723685 -2.7329624596589692 0.8
      vertex 3.3504127568124202 2.617629329762291 0.8
    endloop
  endfacet
  facet normal 0 0 1
    outer loop
      vertex 3.3504127568124202 2.617629329762291 0.8
      vertex 3.4397257220485034 -2.499107021742185 0.8
      vertex 3.4397257220485025 2.4991070217421845 0.8
    endloop
  endfacet
  facet normal 0 0 -1
    outer loop
      vertex 1.642481052978853 -6.635746645976352 0
      vertex 1.6424810529788563 6.635746645976351 0
      vertex 1.979163694979467 6.543224635258684 0
    endloop
  endfacet
  facet normal 0 0 -1
    outer loop
      vertex 1.9791636949794653 -6.543224635258685 0
      vertex 1.979163694979467 6.543224635258684 0
      vertex 2.3106829248777387 6.43363209856294 0
    endloop
  endfacet
  facet normal 0 0 -1
    outer loop
      vertex 2.3106829248777387 -6.43363209856294 0
      vertex 2.3106829248777387 6.43363209856294 0
      vertex 2.636173846855224 6.307254950304249 0
    endloop
  endfacet
  facet normal 0 0 -1
    outer loop
      vertex 2.636173846855224 -6.307254950304249 0
      vertex 2.636173846855224 6.307254950304249 0
      vertex 2.9547872922605327 6.164422894032871 0
    endloop
  endfacet
  facet normal 0 0 -1
    outer loop
      vertex 2.954787292260534 -6.16442289403287 0
      vertex 2.9547872922605327 6.164422894032871 0
      vertex 3.265692034993396 6.005508562275272 0
    endloop
  endfacet
  facet normal 0 0 -1
    outer loop
      vertex 3.265692034993398 -6.0055085622752715 0
      vertex 3.265692034993396 6.005508562275272 0
      vertex 3.5680769600786486 5.830926544378417 0
    endloop
  endfacet
  facet normal 0 0 1
    outer loop
      vertex 0.2618374358417168 6.830982265836499 0.8
      vertex 0 5.179198718624207 0.8
      vertex 0.18075142860222274 5.1760436907020875 0.8
    endloop
  endfacet
  facet normal 0 0 1
    outer loop
      vertex 0.2618374358417168 6.830982265836499 0.8
      vertex 0.18075142860222274 5.1760436907020875 0.8
      vertex 0.3612826394313169 5.166582450851256 0.8
    endloop
  endfacet
  facet normal 0 0 1
    outer loop
      vertex 0.6102898953230498 6.8087020644648195 0.8
      vertex 0.3612826394313169 5.166582450851256 0.8
      vertex 0.5413736830155884 5.150826526135079 0.8
    endloop
  endfacet
  facet normal 0 0 1
    outer loop
      vertex 0.9571501781494438 6.768658736814068 0.8
      vertex 0.5413736830155884 5.150826526135079 0.8
      vertex 0.7208051461593282 5.12879511272081 0.8
    endloop
  endfacet
  facet normal 0 0 1
    outer loop
      vertex -0.08729812761353038 6.835441214427646 0.8
      vertex 0 5.179198718624207 0.8
      vertex 0.2618374358417168 6.830982265836499 0.8
    endloop
  endfacet
  facet normal 0 0 1
    outer loop
      vertex 0.2618374358417168 6.830982265836499 0.8
      vertex 0.3612826394313169 5.166582450851256 0.8
      vertex 0.6102898953230498 6.8087020644648195 0.8
    endloop
  endfacet
  facet normal 0.01277035471597363 0.9999184556954774 0
    outer loop
      vertex -0.08729812761353038 6.835441214427646 0
      vertex -0.08729812761353038 6.835441214427646 0.8
      vertex 0.2618374358417168 6.830982265836499 0
    endloop
  endfacet
  facet normal 0.06381012672462891 0.9979620572583843 0
    outer loop
      vertex 0.2618374358417168 6.830982265836499 0
      vertex 0.2618374358417168 6.830982265836499 0.8
      vertex 0.6102898953230498 6.8087020644648195 0
    endloop
  endfacet
  facet normal 0.01277035471597363 0.9999184556954774 -1.0620668594183869e-19
    outer loop
      vertex -0.08729812761353038 6.835441214427646 0.8
      vertex 0.2618374358417168 6.830982265836499 0.8
      vertex 0.2618374358417168 6.830982265836499 0
    endloop
  endfacet
  facet normal 0 0 1
    outer loop
      vertex 0.6102898953230498 6.8087020644648195 0.8
      vertex 0.5413736830155884 5.150826526135079 0.8
      vertex 0.9571501781494438 6.768658736814068 0.8
    endloop
  endfacet
  facet normal 0.11468342539839836 0.9934020897596753 0
    outer loop
      vertex 0.6102898953230498 6.8087020644648195 0
      vertex 0.6102898953230498 6.8087020644648195 0.8
      vertex 0.9571501781494438 6.768658736814068 0
    endloop
  endfacet
  facet normal 0.06381012672462891 0.9979620572583843 0
    outer loop
      vertex 0.6102898953230498 6.8087020644648195 0
      vertex 0.2618374358417168 6.830982265836499 0.8
      vertex 0.6102898953230498 6.8087020644648195 0.8
    endloop
  endfacet
  facet normal 0.11468342539839836 0.9934020897596753 0
    outer loop
      vertex 0.9571501781494438 6.768658736814068 0
      vertex 0.6102898953230498 6.8087020644648195 0.8
      vertex 0.9571501781494438 6.768658736814068 0.8
    endloop
  endfacet
  facet normal 0 0 1
    outer loop
      vertex 0.9571501781494438 6.768658736814068 0.8
      vertex 0.7208051461593282 5.12879511272081 0.8
      vertex 0.8993584192639942 5.100515052492012 0.8
    endloop
  endfacet
  facet normal 0 0 1
    outer loop
      vertex 1.301513365446979 6.710956751353997 0.8
      vertex 0.8993584192639942 5.100515052492012 0.8
      vertex 1.0768159626703315 5.066020800345869 0.8
    endloop
  endfacet
  facet normal 0 0 1
    outer loop
      vertex 1.301513365446979 6.710956751353997 0.8
      vertex 1.0768159626703315 5.066020800345869 0.8
      vertex 1.2529615716969382 5.025354382215185 0.8
    endloop
  endfacet
  facet normal 0 0 1
    outer loop
      vertex 1.6424810529788563 6.635746645976351 0.8
      vertex 1.2529615716969382 5.025354382215185 0.8
      vertex 1.4275806400523665 4.978565343866273 0.8
    endloop
  endfacet
  facet normal 0 0 1
    outer loop
      vertex 1.6424810529788563 6.635746645976351 0.8
      vertex 1.4275806400523665 4.978565343866273 0.8
      vertex 1.6004604212998315 4.925710690535062 0.8
    endloop
  endfacet
  facet normal 0 0 1
    outer loop
      vertex 0.9571501781494438 6.768658736814068 0.8
      vertex 0.8993584192639942 5.100515052492012 0.8
      vertex 1.301513365446979 6.710956751353997 0.8
    endloop
  endfacet
  facet normal 0.1652575281096864 0.9862504496339031 0
    outer loop
      vertex 0.9571501781494438 6.768658736814068 0
      vertex 0.9571501781494438 6.768658736814068 0.8
      vertex 1.301513365446979 6.710956751353997 0
    endloop
  endfacet
  facet normal 0.1652575281096864 0.9862504496339031 0
    outer loop
      vertex 1.301513365446979 6.710956751353997 0
      vertex 0.9571501781494438 6.768658736814068 0.8
      vertex 1.301513365446979 6.710956751353997 0.8
    endloop
  endfacet
  facet normal 0 0 1
    outer loop
      vertex 1.301513365446979 6.710956751353997 0.8
      vertex 1.2529615716969382 5.025354382215185 0.8
      vertex 1.6424810529788563 6.635746645976351 0.8
    endloop
  endfacet
  facet normal 0.2154004927989804 0.9765257946935946 0
    outer loop
      vertex 1.301513365446979 6.710956751353997 0
      vertex 1.301513365446979 6.710956751353997 0.8
      vertex 1.6424810529788563 6.635746645976351 0
    endloop
  endfacet
  facet normal 0.2154004927989804 0.9765257946935946 0
    outer loop
      vertex 1.6424810529788563 6.635746645976351 0
      vertex 1.301513365446979 6.710956751353997 0.8
      vertex 1.6424810529788563 6.635746645976351 0.8
    endloop
  endfacet
  facet normal 0 0 1
    outer loop
      vertex 2.636173846855224 6.307254950304249 0.8
      vertex 2.4314865164111894 4.572961041547283 0.8
      vertex 2.5895993593121034 4.485317661576375 0.8
    endloop
  endfacet
  facet normal 0 0 1
    outer loop
      vertex 2.9547872922605327 6.164422894032871 0.8
      vertex 2.5895993593121034 4.485317661576375 0.8
      vertex 2.744557174290897 4.392209612945059 0.8
    endloop
  endfacet
  facet normal 0 0 1
    outer loop
      vertex 2.9547872922605327 6.164422894032871 0.8
      vertex 2.744557174290897 4.392209612945059 0.8
      vertex 2.896171169119442 4.293750333468396 0.8
    endloop
  endfacet
  facet normal 0 0 1
    outer loop
      vertex 3.5680769600786486 5.830926544378417 0.8
      vertex 3.188633124112938 4.081264285342029 0.8
      vertex 3.3291247644360413 3.967496398211005 0.8
    endloop
  endfacet
  facet normal 0 0 1
    outer loop
      vertex 3.265692034993396 6.005508562275272 0.8
      vertex 2.896171169119442 4.293750333468396 0.8
      vertex 3.044256625499383 4.190059780611935 0.8
    endloop
  endfacet
  facet normal 0 0 1
    outer loop
      vertex 3.265692034993396 6.005508562275272 0.8
      vertex 3.044256625499383 4.190059780611935 0.8
      vertex 3.188633124112938 4.081264285342029 0.8
    endloop
  endfacet
  facet normal 0 0 1
    outer loop
      vertex 1.979163694979467 6.543224635258684 0.8
      vertex 1.6004604212998315 4.925710690535062 0.8
      vertex 1.7713902880559709 4.866854817475 0.8
    endloop
  endfacet
  facet normal 0 0 1
    outer loop
      vertex 1.979163694979467 6.543224635258684 0.8
      vertex 1.7713902880559709 4.866854817475 0.8
      vertex 1.9401619886078707 4.802069431501358 0.8
    endloop
  endfacet
  facet normal 0 0 1
    outer loop
      vertex 2.3106829248777387 6.43363209856294 0.8
      vertex 1.9401619886078707 4.802069431501358 0.8
      vertex 2.106569900635696 4.731433463627524 0.8
    endloop
  endfacet
  facet normal 0 0 1
    outer loop
      vertex 1.979163694979467 6.543224635258684 0.8
      vertex 1.9401619886078707 4.802069431501358 0.8
      vertex 2.3106829248777387 6.43363209856294 0.8
    endloop
  endfacet
  facet normal 0 0 1
    outer loop
      vertex 2.3106829248777387 6.43363209856294 0.8
      vertex 2.106569900635696 4.731433463627524 0.8
      vertex 2.270411281731814 4.655032972899711 0.8
    endloop
  endfacet
  facet normal 0 0 1
    outer loop
      vertex 2.636173846855224 6.307254950304249 0.8
      vertex 2.270411281731814 4.655032972899711 0.8
      vertex 2.4314865164111894 4.572961041547283 0.8
    endloop
  endfacet
  facet normal 0 0 1
    outer loop
      vertex 2.3106829248777387 6.43363209856294 0.8
      vertex 2.270411281731814 4.655032972899711 0.8
      vertex 2.636173846855224 6.307254950304249 0.8
    endloop
  endfacet
  facet normal 0 0 1
    outer loop
      vertex 1.6424810529788563 6.635746645976351 0.8
      vertex 1.6004604212998315 4.925710690535062 0.8
      vertex 1.979163694979467 6.543224635258684 0.8
    endloop
  endfacet
  facet normal 0.2649815021966623 0.9642534954531409 0
    outer loop
      vertex 1.6424810529788563 6.635746645976351 0
      vertex 1.6424810529788563 6.635746645976351 0.8
      vertex 1.979163694979467 6.543224635258684 0
    endloop
  endfacet
  facet normal 0.3138712051102896 0.9494655689400299 0
    outer loop
      vertex 1.979163694979467 6.543224635258684 0
      vertex 1.979163694979467 6.543224635258684 0.8
      vertex 2.3106829248777387 6.43363209856294 0
    endloop
  endfacet
  facet normal 0.2649815021966623 0.9642534954531409 0
    outer loop
      vertex 1.979163694979467 6.543224635258684 0
      vertex 1.6424810529788563 6.635746645976351 0.8
      vertex 1.979163694979467 6.543224635258684 0.8
    endloop
  endfacet
  facet normal 0.3619420538871178 0.9322005951660697 0
    outer loop
      vertex 2.3106829248777387 6.43363209856294 0
      vertex 2.3106829248777387 6.43363209856294 0.8
      vertex 2.636173846855224 6.307254950304249 0
    endloop
  endfacet
  facet normal 0.3619420538871178 0.9322005951660697 0
    outer loop
      vertex 2.636173846855224 6.307254950304249 0
      vertex 2.3106829248777387 6.43363209856294 0.8
      vertex 2.636173846855224 6.307254950304249 0.8
    endloop
  endfacet
  facet normal 0.3138712051102896 0.9494655689400299 0
    outer loop
      vertex 2.3106829248777387 6.43363209856294 0
      vertex 1.979163694979467 6.543224635258684 0.8
      vertex 2.3106829248777387 6.43363209856294 0.8
    endloop
  endfacet
  facet normal 0 0 1
    outer loop
      vertex 2.636173846855224 6.307254950304249 0.8
      vertex 2.5895993593121034 4.485317661576375 0.8
      vertex 2.9547872922605327 6.164422894032871 0.8
    endloop
  endfacet
  facet normal 0 0 1
    outer loop
      vertex 2.9547872922605327 6.164422894032871 0.8
      vertex 2.896171169119442 4.293750333468396 0.8
      vertex 3.265692034993396 6.005508562275272 0.8
    endloop
  endfacet
  facet normal 0 0 1
    outer loop
      vertex 3.265692034993396 6.005508562275272 0.8
      vertex 3.188633124112938 4.081264285342029 0.8
      vertex 3.5680769600786486 5.830926544378417 0.8
    endloop
  endfacet
  facet normal 0.5000000000000004 0.8660254037844383 0
    outer loop
      vertex 3.265692034993396 6.005508562275272 0
      vertex 3.265692034993396 6.005508562275272 0.8
      vertex 3.5680769600786486 5.830926544378417 0
    endloop
  endfacet
  facet normal 0.4090686371713395 0.9125036164765502 0
    outer loop
      vertex 2.636173846855224 6.307254950304249 0
      vertex 2.636173846855224 6.307254950304249 0.8
      vertex 2.9547872922605327 6.164422894032871 0
    endloop
  endfacet
  facet normal 0.4090686371713395 0.9125036164765502 0
    outer loop
      vertex 2.9547872922605327 6.164422894032871 0
      vertex 2.636173846855224 6.307254950304249 0.8
      vertex 2.9547872922605327 6.164422894032871 0.8
    endloop
  endfacet
  facet normal 0.4551280070880102 0.8904260200398999 0
    outer loop
      vertex 2.9547872922605327 6.164422894032871 0
      vertex 2.9547872922605327 6.164422894032871 0.8
      vertex 3.265692034993396 6.005508562275272 0
    endloop
  endfacet
  facet normal 0.4551280070880102 0.8904260200398999 0
    outer loop
      vertex 3.265692034993396 6.005508562275272 0
      vertex 2.9547872922605327 6.164422894032871 0.8
      vertex 3.265692034993396 6.005508562275272 0.8
    endloop
  endfacet
  facet normal 0 0 1
    outer loop
      vertex 3.524847911341398 2.3775399367740127 0.8
      vertex 3.4397257220485025 2.4991070217421845 0.8
      vertex 3.4397257220485034 -2.499107021742185 0.8
    endloop
  endfacet
  facet normal 0 0 1
    outer loop
      vertex 3.524847911341398 -2.3775399367740118 0.8
      vertex 3.6056756164155206 2.253076185624831 0.8
      vertex 3.524847911341398 2.3775399367740127 0.8
    endloop
  endfacet
  facet normal 0 0 1
    outer loop
      vertex 3.8214339394290415 1.863837867311164 0.8
      vertex 3.7540590216206082 1.9960685888095409 0.8
      vertex 3.7540590216206073 -1.9960685888095409 0.8
    endloop
  endfacet
  facet normal 0 0 1
    outer loop
      vertex 3.821433939429041 -1.8638378673111637 0.8
      vertex 3.884153028629053 1.7293363464736824 0.8
      vertex 3.8214339394290415 1.863837867311164 0.8
    endloop
  endfacet
  facet normal 0 0 1
    outer loop
      vertex 3.7540590216206082 1.9960685888095409 0.8
      vertex 3.6821103611627923 2.1258674082032485 0.8
      vertex 3.7540590216206073 -1.9960685888095409 0.8
    endloop
  endfacet
  facet normal 0 0 1
    outer loop
      vertex 3.6821103611627923 -2.1258674082032485 0.8
      vertex 3.6821103611627923 2.1258674082032485 0.8
      vertex 3.6056756164155206 2.253076185624831 0.8
    endloop
  endfacet
  facet normal 0 0 1
    outer loop
      vertex 4.043640102702376 -1.3138583138452544 0.8
      vertex 4.087029820298906 1.1719369424293613 0.8
      vertex 4.043640102702377 1.3138583138452544 0.8
    endloop
  endfacet
  facet normal 0 0 1
    outer loop
      vertex 4.158824209624403 0.8839853745878105 0.8
      vertex 4.125440121618082 -1.0285877463721649 0.8
      vertex 4.187141410949055 0.7383060027920288 0.8
    endloop
  endfacet
  facet normal 0 0 1
    outer loop
      vertex 4.187141410949055 -0.738306002792029 0.8
      vertex 4.228443368215868 0.4444273065805499 0.8
      vertex 4.210357225444158 0.5917271188591667 0.8
    endloop
  endfacet
  facet normal 0 0 1
    outer loop
      vertex 4.228443368215866 -0.44442730658054985 0.8
      vertex 4.249144774434372 0.14838340520508714 0.8
      vertex 4.241377804085175 0.2965860280876432 0.8
    endloop
  endfacet
  facet normal 0 0 1
    outer loop
      vertex 4.210357225444157 -0.5917271188591666 0.8
      vertex 4.241377804085175 0.2965860280876432 0.8
      vertex 4.228443368215868 0.4444273065805499 0.8
    endloop
  endfacet
  facet normal 0 0 1
    outer loop
      vertex 4.158824209624403 -0.8839853745878105 0.8
      vertex 4.210357225444158 0.5917271188591667 0.8
      vertex 4.187141410949055 0.7383060027920288 0.8
    endloop
  endfacet
  facet normal 0 0 1
    outer loop
      vertex 4.125440121618082 -1.0285877463721649 0.8
      vertex 4.158824209624403 0.8839853745878105 0.8
      vertex 4.125440121618083 1.028587746372165 0.8
    endloop
  endfacet
  facet normal 0 0 1
    outer loop
      vertex 4.087029820298906 -1.1719369424293613 0.8
      vertex 4.125440121618083 1.028587746372165 0.8
      vertex 4.087029820298906 1.1719369424293613 0.8
    endloop
  endfacet
  facet normal 0 0 1
    outer loop
      vertex 3.942139875671588 -1.592727895681866 0.8
      vertex 3.942139875671588 1.592727895681866 0.8
      vertex 3.884153028629053 1.7293363464736824 0.8
    endloop
  endfacet
  facet normal 0 0 1
    outer loop
      vertex 3.942139875671588 1.592727895681866 0.8
      vertex 3.995323832515714 -1.4541789512900858 0.8
      vertex 3.995323832515714 1.4541789512900858 0.8
    endloop
  endfacet
  facet normal 0 0 1
    outer loop
      vertex 4.043640102702377 1.3138583138452544 0.8
      vertex 3.995323832515714 1.4541789512900858 0.8
      vertex 3.995323832515714 -1.4541789512900858 0.8
    endloop
  endfacet
  facet normal 0 0 -1
    outer loop
      vertex 4.416347373519626 -5.217926162316521 0
      vertex 4.416347373519626 5.217926162316521 0
      vertex 4.677016909312455 4.985618355729437 0
    endloop
  endfacet
  facet normal 0 0 -1
    outer loop
      vertex 4.6770169093124565 -4.985618355729436 0
      vertex 4.677016909312455 4.985618355729437 0
      vertex 4.925484642003476 4.7403036401024785 0
    endloop
  endfacet
  facet normal 0 0 -1
    outer loop
      vertex 4.925484642003478 -4.740303640102478 0
      vertex 4.925484642003476 4.7403036401024785 0
      vertex 5.16110234764776 4.482622013519062 0
    endloop
  endfacet
  facet normal 0 0 -1
    outer loop
      vertex 3.5680769600786455 -5.830926544378419 0
      vertex 3.5680769600786486 5.830926544378417 0
      vertex 3.861153179772588 5.641132304893491 0
    endloop
  endfacet
  facet normal 0 0 -1
    outer loop
      vertex 3.8611531797725873 -5.641132304893492 0
      vertex 3.861153179772588 5.641132304893491 0
      vertex 4.144156091681025 5.436620995320896 0
    endloop
  endfacet
  facet normal 0 0 -1
    outer loop
      vertex 4.144156091681024 -5.436620995320897 0
      vertex 4.144156091681025 5.436620995320896 0
      vertex 4.416347373519626 5.217926162316521 0
    endloop
  endfacet
  facet normal 0 0 1
    outer loop
      vertex 5.16110234764776 4.482622013519062 0.8
      vertex 5.066020800345869 1.0768159626703315 0.8
      vertex 5.100515052492012 0.8993584192639942 0.8
    endloop
  endfacet
  facet normal 0 0 1
    outer loop
      vertex 5.16110234764776 4.482622013519062 0.8
      vertex 5.025354382215184 1.2529615716969382 0.8
      vertex 5.066020800345869 1.0768159626703315 0.8
    endloop
  endfacet
  facet normal 0 0 1
    outer loop
      vertex 5.16110234764776 4.482622013519062 0.8
      vertex 4.978565343866274 1.4275806400523665 0.8
      vertex 5.025354382215184 1.2529615716969382 0.8
    endloop
  endfacet
  facet normal 0 0 1
    outer loop
      vertex 4.677016909312455 4.985618355729437 0.8
      vertex 4.655032972899712 2.2704112817318136 0.8
      vertex 4.731433463627523 2.1065699006356957 0.8
    endloop
  endfacet
  facet normal 0 0 1
    outer loop
      vertex 4.677016909312455 4.985618355729437 0.8
      vertex 4.485317661576375 2.5895993593121034 0.8
      vertex 4.572961041547283 2.4314865164111903 0.8
    endloop
  endfacet
  facet normal 0 0 1
    outer loop
      vertex 4.677016909312455 4.985618355729437 0.8
      vertex 4.572961041547283 2.4314865164111903 0.8
      vertex 4.655032972899712 2.2704112817318136 0.8
    endloop
  endfacet
  facet normal 0 0 1
    outer loop
      vertex 4.925484642003476 4.7403036401024785 0.8
      vertex 4.866854817475 1.7713902880559709 0.8
      vertex 4.925710690535062 1.6004604212998317 0.8
    endloop
  endfacet
  facet normal 0 0 1
    outer loop
      vertex 4.925484642003476 4.7403036401024785 0.8
      vertex 4.8020694315013595 1.940161988607871 0.8
      vertex 4.866854817475 1.7713902880559709 0.8
    endloop
  endfacet
  facet normal 0 0 1
    outer loop
      vertex 4.925484642003476 4.7403036401024785 0.8
      vertex 4.731433463627523 2.1065699006356957 0.8
      vertex 4.8020694315013595 1.940161988607871 0.8
    endloop
  endfacet
  facet normal 0 0 1
    outer loop
      vertex 4.925484642003476 4.7403036401024785 0.8
      vertex 4.925710690535062 1.6004604212998317 0.8
      vertex 4.978565343866274 1.4275806400523665 0.8
    endloop
  endfacet
  facet normal 0 0 1
    outer loop
      vertex 5.383255326553749 -4.2132457379212545 0.8
      vertex 5.16110234764776 4.482622013519062 0.8
      vertex 5.179198718624207 0 0.8
    endloop
  endfacet
  facet normal 0 0 -1
    outer loop
      vertex 5.161102347647758 -4.482622013519065 0
      vertex 5.16110234764776 4.482622013519062 0
      vertex 5.3832553265537495 4.213245737921253 0
    endloop
  endfacet
  facet normal 0 0 -1
    outer loop
      vertex 5.383255326553749 -4.2132457379212545 0
      vertex 5.3832553265537495 4.213245737921253 0
      vertex 5.591364006964562 3.932877585255117 0
    endloop
  endfacet
  facet normal 0 0 1
    outer loop
      vertex 5.383255326553749 -4.2132457379212545 0.8
      vertex 5.3832553265537495 4.213245737921253 0.8
      vertex 5.16110234764776 4.482622013519062 0.8
    endloop
  endfacet
  facet normal 0 0 1
    outer loop
      vertex 5.16110234764776 4.482622013519062 0.8
      vertex 5.176043690702088 0.18075142860222276 0.8
      vertex 5.179198718624207 0 0.8
    endloop
  endfacet
  facet normal 0 0 1
    outer loop
      vertex 5.16110234764776 4.482622013519062 0.8
      vertex 5.166582450851256 0.3612826394313169 0.8
      vertex 5.176043690702088 0.18075142860222276 0.8
    endloop
  endfacet
  facet normal 0 0 1
    outer loop
      vertex 5.591364006964562 -3.932877585255117 0.8
      vertex 5.591364006964562 3.932877585255117 0.8
      vertex 5.3832553265537495 4.213245737921253 0.8
    endloop
  endfacet
  facet normal 0 0 -1
    outer loop
      vertex 5.591364006964562 -3.932877585255117 0
      vertex 5.591364006964562 3.932877585255117 0
      vertex 5.784885457094535 3.642249004018956 0
    endloop
  endfacet
  facet normal 0 0 -1
    outer loop
      vertex 5.784885457094536 -3.642249004018955 0
      vertex 5.784885457094535 3.642249004018956 0
      vertex 5.963314801576261 3.34211821099769 0
    endloop
  endfacet
  facet normal 0 0 1
    outer loop
      vertex 5.963314801576262 -3.3421182109976884 0.8
      vertex 5.963314801576261 3.34211821099769 0.8
      vertex 5.784885457094535 3.642249004018956 0.8
    endloop
  endfacet
  facet normal 0 0 1
    outer loop
      vertex 5.784885457094536 -3.642249004018955 0.8
      vertex 5.784885457094535 3.642249004018956 0.8
      vertex 5.591364006964562 3.932877585255117 0.8
    endloop
  endfacet
  facet normal 0 0 -1
    outer loop
      vertex 6.273075754468564 -2.71650476489175 0
      vertex 6.2730757544685645 2.7165047648917477 0
      vertex 6.403599231921075 2.3926542658563816 0
    endloop
  endfacet
  facet normal 0 0 -1
    outer loop
      vertex 6.8270814812048055 -0.34905015108337356 0
      vertex 6.8270814812048055 0.3490501510833724 0
      vertex 6.835998651183375 0 0
    endloop
  endfacet
  facet normal 0 0 -1
    outer loop
      vertex 6.800353235147421 -0.6971896701765793 0
      vertex 6.800353235147421 0.697189670176577 0
      vertex 6.8270814812048055 0.3490501510833724 0
    endloop
  endfacet
  facet normal 0.9996738360808565 0.025538626732558523 0
    outer loop
      vertex 6.835998651183375 0 0
      vertex 6.8270814812048055 0.3490501510833724 0
      vertex 6.835998651183375 0 0.8
    endloop
  endfacet
  facet normal 0 0 -1
    outer loop
      vertex 6.693788723708688 -1.3871085326431147 0
      vertex 6.693788723708687 1.387108532643117 0
      vertex 6.755883643953396 1.0435103010243336 0
    endloop
  endfacet
  facet normal 0 0 -1
    outer loop
      vertex 6.755883643953397 -1.0435103010243305 0
      vertex 6.755883643953396 1.0435103010243336 0
      vertex 6.800353235147421 0.697189670176577 0
    endloop
  endfacet
  facet normal 0 0 1
    outer loop
      vertex 6.8270814812048055 -0.34905015108337356 0.8
      vertex 6.835998651183375 0 0.8
      vertex 6.8270814812048055 0.3490501510833724 0.8
    endloop
  endfacet
  facet normal 0.9996738360808565 0.025538626732558523 0
    outer loop
      vertex 6.8270814812048055 0.3490501510833724 0
      vertex 6.8270814812048055 0.3490501510833724 0.8
      vertex 6.835998651183375 0 0.8
    endloop
  endfacet
  facet normal 0 0 1
    outer loop
      vertex 6.8270814812048055 -0.34905015108337356 0.8
      vertex 6.8270814812048055 0.3490501510833724 0.8
      vertex 6.800353235147421 0.697189670176577 0.8
    endloop
  endfacet
  facet normal 0 0 1
    outer loop
      vertex 6.800353235147421 -0.6971896701765793 0.8
      vertex 6.800353235147421 0.697189670176577 0.8
      vertex 6.755883643953396 1.0435103010243336 0.8
    endloop
  endfacet
  facet normal 0 0 -1
    outer loop
      vertex 6.517416450130601 -2.062561605030975 0
      vertex 6.517416450130601 2.062561605030975 0
      vertex 6.614230472970309 1.7270879564781505 0
    endloop
  endfacet
  facet normal 0 0 -1
    outer loop
      vertex 6.403599231921075 -2.392654265856383 0
      vertex 6.403599231921075 2.3926542658563816 0
      vertex 6.517416450130601 2.062561605030975 0
    endloop
  endfacet
  facet normal 0 0 -1
    outer loop
      vertex 6.61423047297031 -1.7270879564781494 0
      vertex 6.614230472970309 1.7270879564781505 0
      vertex 6.693788723708687 1.387108532643117 0
    endloop
  endfacet
  facet normal 0.9970658011837403 0.07654925283649726 0
    outer loop
      vertex 6.8270814812048055 0.3490501510833724 0
      vertex 6.800353235147421 0.697189670176577 0
      vertex 6.8270814812048055 0.3490501510833724 0.8
    endloop
  endfacet
  facet normal 0.9918565354547737 0.12736017068005748 0
    outer loop
      vertex 6.800353235147421 0.697189670176577 0
      vertex 6.755883643953396 1.0435103010243336 0
      vertex 6.800353235147421 0.697189670176577 0.8
    endloop
  endfacet
  facet normal 0 0 1
    outer loop
      vertex 6.517416450130601 -2.062561605030975 0.8
      vertex 6.517416450130601 2.062561605030975 0.8
      vertex 6.403599231921075 2.3926542658563816 0.8
    endloop
  endfacet
  facet normal 0 0 1
    outer loop
      vertex 6.61423047297031 -1.7270879564781494 0.8
      vertex 6.614230472970309 1.7270879564781505 0.8
      vertex 6.517416450130601 2.062561605030975 0.8
    endloop
  endfacet
  facet normal 0.9970658011837403 0.07654925283649726 0
    outer loop
      vertex 6.800353235147421 0.697189670176577 0
      vertex 6.800353235147421 0.697189670176577 0.8
      vertex 6.8270814812048055 0.3490501510833724 0.8
    endloop
  endfacet
  facet normal 0 0 1
    outer loop
      vertex 6.693788723708688 -1.3871085326431147 0.8
      vertex 6.693788723708687 1.387108532643117 0.8
      vertex 6.614230472970309 1.7270879564781505 0.8
    endloop
  endfacet
  facet normal 0 0 1
    outer loop
      vertex 6.755883643953397 -1.0435103010243305 0.8
      vertex 6.755883643953396 1.0435103010243336 0.8
      vertex 6.693788723708687 1.387108532643117 0.8
    endloop
  endfacet
  facet normal 0 0 -1
    outer loop
      vertex 5.963314801576262 -3.3421182109976884 0
      vertex 5.963314801576261 3.34211821099769 0
      vertex 6.126186538622774 3.033268213161842 0
    endloop
  endfacet
  facet normal 0 0 -1
    outer loop
      vertex 6.126186538622775 -3.0332682131618394 0
      vertex 6.126186538622774 3.033268213161842 0
      vertex 6.2730757544685645 2.7165047648917477 0
    endloop
  endfacet
  facet normal 0 0 1
    outer loop
      vertex 6.126186538622775 -3.0332682131618394 0.8
      vertex 6.126186538622774 3.033268213161842 0.8
      vertex 5.963314801576261 3.34211821099769 0.8
    endloop
  endfacet
  facet normal 0 0 1
    outer loop
      vertex 6.273075754468564 -2.71650476489175 0.8
      vertex 6.2730757544685645 2.7165047648917477 0.8
      vertex 6.126186538622774 3.033268213161842 0.8
    endloop
  endfacet
  facet normal 0 0 1
    outer loop
      vertex 6.403599231921075 -2.392654265856383 0.8
      vertex 6.403599231921075 2.3926542658563816 0.8
      vertex 6.2730757544685645 2.7165047648917477 0.8
    endloop
  endfacet
  facet normal 0.9840596292734574 0.1778388203801012 0
    outer loop
      vertex 6.755883643953396 1.0435103010243336 0
      vertex 6.693788723708687 1.387108532643117 0
      vertex 6.755883643953396 1.0435103010243336 0.8
    endloop
  endfacet
  facet normal 0.9918565354547737 0.12736017068005748 0
    outer loop
      vertex 6.755883643953396 1.0435103010243336 0
      vertex 6.755883643953396 1.0435103010243336 0.8
      vertex 6.800353235147421 0.697189670176577 0.8
    endloop
  endfacet
  facet normal 0.9840596292734574 0.1778388203801012 0
    outer loop
      vertex 6.693788723708687 1.387108532643117 0
      vertex 6.693788723708687 1.387108532643117 0.8
      vertex 6.755883643953396 1.0435103010243336 0.8
    endloop
  endfacet
  facet normal 0.9736954238777789 0.22785350890313835 0
    outer loop
      vertex 6.693788723708687 1.387108532643117 0
      vertex 6.614230472970309 1.7270879564781505 0
      vertex 6.693788723708687 1.387108532643117 0.8
    endloop
  endfacet
  facet normal 0.9736954238777789 0.22785350890313835 0
    outer loop
      vertex 6.614230472970309 1.7270879564781505 0
      vertex 6.614230472970309 1.7270879564781505 0.8
      vertex 6.693788723708687 1.387108532643117 0.8
    endloop
  endfacet
  facet normal 0 0 1
    outer loop
      vertex 5.16110234764776 4.482622013519062 0.8
      vertex 5.150826526135079 0.5413736830155883 0.8
      vertex 5.166582450851256 0.3612826394313169 0.8
    endloop
  endfacet
  facet normal 0 0 1
    outer loop
      vertex 5.16110234764776 4.482622013519062 0.8
      vertex 5.12879511272081 0.7208051461593282 0.8
      vertex 5.150826526135079 0.5413736830155883 0.8
    endloop
  endfacet
  facet normal 0 0 1
    outer loop
      vertex 5.16110234764776 4.482622013519062 0.8
      vertex 5.100515052492012 0.8993584192639942 0.8
      vertex 5.12879511272081 0.7208051461593282 0.8
    endloop
  endfacet
  facet normal 0.9275024511020943 0.3738170718407695 0
    outer loop
      vertex 6.403599231921075 2.3926542658563816 0
      vertex 6.2730757544685645 2.7165047648917477 0
      vertex 6.403599231921075 2.3926542658563816 0.8
    endloop
  endfacet
  facet normal 0.9607909582962479 0.27727375363740697 0
    outer loop
      vertex 6.614230472970309 1.7270879564781505 0
      vertex 6.517416450130601 2.062561605030975 0
      vertex 6.614230472970309 1.7270879564781505 0.8
    endloop
  endfacet
  facet normal 0.9607909582962479 0.27727375363740697 0
    outer loop
      vertex 6.517416450130601 2.062561605030975 0
      vertex 6.517416450130601 2.062561605030975 0.8
      vertex 6.614230472970309 1.7270879564781505 0.8
    endloop
  endfacet
  facet normal 0.9453798988061536 0.3259706228071276 1.1284661792167137e-17
    outer loop
      vertex 6.403599231921075 2.3926542658563816 0
      vertex 6.517416450130601 2.062561605030975 0.8
      vertex 6.517416450130601 2.062561605030975 0
    endloop
  endfacet
  facet normal 0.9453798988061536 0.3259706228071276 0
    outer loop
      vertex 6.403599231921075 2.3926542658563816 0
      vertex 6.403599231921075 2.3926542658563816 0.8
      vertex 6.517416450130601 2.062561605030975 0.8
    endloop
  endfacet
  facet normal 0.9072052554039116 0.4206882748158351 0
    outer loop
      vertex 6.2730757544685645 2.7165047648917477 0
      vertex 6.126186538622774 3.033268213161842 0
      vertex 6.2730757544685645 2.7165047648917477 0.8
    endloop
  endfacet
  facet normal 0.9072052554039116 0.4206882748158351 0
    outer loop
      vertex 6.126186538622774 3.033268213161842 0
      vertex 6.126186538622774 3.033268213161842 0.8
      vertex 6.2730757544685645 2.7165047648917477 0.8
    endloop
  endfacet
  facet normal 0.9275024511020943 0.3738170718407695 0
    outer loop
      vertex 6.2730757544685645 2.7165047648917477 0
      vertex 6.2730757544685645 2.7165047648917477 0.8
      vertex 6.403599231921075 2.3926542658563816 0.8
    endloop
  endfacet
  facet normal 0.88454126477768 0.466461950115443 1.1051931359329423e-17
    outer loop
      vertex 5.963314801576261 3.34211821099769 0
      vertex 6.126186538622774 3.033268213161842 0.8
      vertex 6.126186538622774 3.033268213161842 0
    endloop
  endfacet
  facet normal 0.88454126477768 0.466461950115443 0
    outer loop
      vertex 5.963314801576261 3.34211821099769 0
      vertex 5.963314801576261 3.34211821099769 0.8
      vertex 6.126186538622774 3.033268213161842 0.8
    endloop
  endfacet
  facet normal 0 0 1
    outer loop
      vertex 3.861153179772588 5.641132304893491 0.8
      vertex 3.725603772169335 3.5977737421628184 0.8
      vertex 3.84889472786473 3.465560379046037 0.8
    endloop
  endfacet
  facet normal 0 0 1
    outer loop
      vertex 4.144156091681025 5.436620995320896 0.8
      vertex 3.84889472786473 3.465560379046037 0.8
      vertex 3.967496398211005 3.3291247644360413 0.8
    endloop
  endfacet
  facet normal 0 0 1
    outer loop
      vertex 4.144156091681025 5.436620995320896 0.8
      vertex 4.081264285342029 3.188633124112938 0.8
      vertex 4.190059780611935 3.044256625499383 0.8
    endloop
  endfacet
  facet normal 0 0 1
    outer loop
      vertex 4.144156091681025 5.436620995320896 0.8
      vertex 3.967496398211005 3.3291247644360413 0.8
      vertex 4.081264285342029 3.188633124112938 0.8
    endloop
  endfacet
  facet normal 0 0 1
    outer loop
      vertex 3.5680769600786486 5.830926544378417 0.8
      vertex 3.465560379046037 3.8488947278647303 0.8
      vertex 3.597773742162818 3.725603772169335 0.8
    endloop
  endfacet
  facet normal 0 0 1
    outer loop
      vertex 3.5680769600786486 5.830926544378417 0.8
      vertex 3.3291247644360413 3.967496398211005 0.8
      vertex 3.465560379046037 3.8488947278647303 0.8
    endloop
  endfacet
  facet normal 0 0 1
    outer loop
      vertex 3.861153179772588 5.641132304893491 0.8
      vertex 3.597773742162818 3.725603772169335 0.8
      vertex 3.725603772169335 3.5977737421628184 0.8
    endloop
  endfacet
  facet normal 0 0 1
    outer loop
      vertex 3.5680769600786486 5.830926544378417 0.8
      vertex 3.597773742162818 3.725603772169335 0.8
      vertex 3.861153179772588 5.641132304893491 0.8
    endloop
  endfacet
  facet normal 0 0 1
    outer loop
      vertex 4.144156091681025 5.436620995320896 0.8
      vertex 4.190059780611935 3.044256625499383 0.8
      vertex 4.416347373519626 5.217926162316521 0.8
    endloop
  endfacet
  facet normal 0 0 1
    outer loop
      vertex 4.144156091681025 5.436620995320896 0.8
      vertex 3.861153179772588 5.641132304893491 0.8
      vertex 3.84889472786473 3.465560379046037 0.8
    endloop
  endfacet
  facet normal 0 0 1
    outer loop
      vertex 4.416347373519626 5.217926162316521 0.8
      vertex 4.293750333468396 2.8961711691194423 0.8
      vertex 4.392209612945059 2.744557174290897 0.8
    endloop
  endfacet
  facet normal 0 0 1
    outer loop
      vertex 4.416347373519626 5.217926162316521 0.8
      vertex 4.190059780611935 3.044256625499383 0.8
      vertex 4.293750333468396 2.8961711691194423 0.8
    endloop
  endfacet
  facet normal 0 0 1
    outer loop
      vertex 4.677016909312455 4.985618355729437 0.8
      vertex 4.392209612945059 2.744557174290897 0.8
      vertex 4.485317661576375 2.5895993593121034 0.8
    endloop
  endfacet
  facet normal 0 0 1
    outer loop
      vertex 4.925484642003476 4.7403036401024785 0.8
      vertex 4.978565343866274 1.4275806400523665 0.8
      vertex 5.16110234764776 4.482622013519062 0.8
    endloop
  endfacet
  facet normal 0 0 1
    outer loop
      vertex 4.677016909312455 4.985618355729437 0.8
      vertex 4.731433463627523 2.1065699006356957 0.8
      vertex 4.925484642003476 4.7403036401024785 0.8
    endloop
  endfacet
  facet normal 0 0 1
    outer loop
      vertex 4.677016909312455 4.985618355729437 0.8
      vertex 4.416347373519626 5.217926162316521 0.8
      vertex 4.392209612945059 2.744557174290897 0.8
    endloop
  endfacet
  facet normal 0.6653257001655656 0.7465532216119626 0
    outer loop
      vertex 4.677016909312455 4.985618355729437 0
      vertex 4.416347373519626 5.217926162316521 0.8
      vertex 4.677016909312455 4.985618355729437 0.8
    endloop
  endfacet
  facet normal 0.7379958992559502 0.6748051960984011 -1.36204364610157e-18
    outer loop
      vertex 4.925484642003476 4.7403036401024785 0
      vertex 5.16110234764776 4.482622013519062 0.8
      vertex 5.16110234764776 4.482622013519062 0
    endloop
  endfacet
  facet normal 0.7379958992559502 0.6748051960984011 0
    outer loop
      vertex 4.925484642003476 4.7403036401024785 0
      vertex 4.925484642003476 4.7403036401024785 0.8
      vertex 5.16110234764776 4.482622013519062 0.8
    endloop
  endfacet
  facet normal 0.7025772716520319 0.7116074601618417 0
    outer loop
      vertex 4.677016909312455 4.985618355729437 0
      vertex 4.677016909312455 4.985618355729437 0.8
      vertex 4.925484642003476 4.7403036401024785 0
    endloop
  endfacet
  facet normal 0.7025772716520319 0.7116074601618417 0
    outer loop
      vertex 4.925484642003476 4.7403036401024785 0
      vertex 4.677016909312455 4.985618355729437 0.8
      vertex 4.925484642003476 4.7403036401024785 0.8
    endloop
  endfacet
  facet normal 0.5435675500012211 0.83936542613195 0
    outer loop
      vertex 3.5680769600786486 5.830926544378417 0
      vertex 3.5680769600786486 5.830926544378417 0.8
      vertex 3.861153179772588 5.641132304893491 0
    endloop
  endfacet
  facet normal 0.5000000000000004 0.8660254037844383 0
    outer loop
      vertex 3.5680769600786486 5.830926544378417 0
      vertex 3.265692034993396 6.005508562275272 0.8
      vertex 3.5680769600786486 5.830926544378417 0.8
    endloop
  endfacet
  facet normal 0.5435675500012211 0.83936542613195 0
    outer loop
      vertex 3.861153179772588 5.641132304893491 0
      vertex 3.5680769600786486 5.830926544378417 0.8
      vertex 3.861153179772588 5.641132304893491 0.8
    endloop
  endfacet
  facet normal 0.6263383698932313 0.7795513109471944 0
    outer loop
      vertex 4.144156091681025 5.436620995320896 0
      vertex 4.144156091681025 5.436620995320896 0.8
      vertex 4.416347373519626 5.217926162316521 0
    endloop
  endfacet
  facet normal 0.5857169943281936 0.8105156399201354 0
    outer loop
      vertex 4.144156091681025 5.436620995320896 0
      vertex 3.861153179772588 5.641132304893491 0.8
      vertex 4.144156091681025 5.436620995320896 0.8
    endloop
  endfacet
  facet normal 0.5857169943281936 0.8105156399201354 7.096535091739227e-19
    outer loop
      vertex 4.144156091681025 5.436620995320896 0
      vertex 3.861153179772588 5.641132304893491 0
      vertex 3.861153179772588 5.641132304893491 0.8
    endloop
  endfacet
  facet normal 0.6653257001655656 0.7465532216119626 -6.746035355232217e-18
    outer loop
      vertex 4.677016909312455 4.985618355729437 0
      vertex 4.416347373519626 5.217926162316521 0
      vertex 4.416347373519626 5.217926162316521 0.8
    endloop
  endfacet
  facet normal 0.6263383698932313 0.7795513109471944 0
    outer loop
      vertex 4.416347373519626 5.217926162316521 0
      vertex 4.144156091681025 5.436620995320896 0.8
      vertex 4.416347373519626 5.217926162316521 0.8
    endloop
  endfacet
  facet normal 0.8029697332052269 0.5960198046678706 9.051291734109409e-18
    outer loop
      vertex 5.3832553265537495 4.213245737921253 0
      vertex 5.591364006964562 3.932877585255117 0.8
      vertex 5.591364006964562 3.932877585255117 0
    endloop
  endfacet
  facet normal 0.8029697332052269 0.5960198046678706 0
    outer loop
      vertex 5.3832553265537495 4.213245737921253 0
      vertex 5.3832553265537495 4.213245737921253 0.8
      vertex 5.591364006964562 3.932877585255117 0.8
    endloop
  endfacet
  facet normal 0.8323554302364274 0.5542422193914245 0
    outer loop
      vertex 5.784885457094535 3.642249004018956 0
      vertex 5.591364006964562 3.932877585255117 0
      vertex 5.784885457094535 3.642249004018956 0.8
    endloop
  endfacet
  facet normal 0.859569606987201 0.5110186794471105 0
    outer loop
      vertex 5.963314801576261 3.34211821099769 0
      vertex 5.784885457094535 3.642249004018956 0
      vertex 5.963314801576261 3.34211821099769 0.8
    endloop
  endfacet
  facet normal 0.8323554302364274 0.5542422193914245 0
    outer loop
      vertex 5.591364006964562 3.932877585255117 0
      vertex 5.591364006964562 3.932877585255117 0.8
      vertex 5.784885457094535 3.642249004018956 0.8
    endloop
  endfacet
  facet normal 0.859569606987201 0.5110186794471105 0
    outer loop
      vertex 5.784885457094535 3.642249004018956 0
      vertex 5.784885457094535 3.642249004018956 0.8
      vertex 5.963314801576261 3.34211821099769 0.8
    endloop
  endfacet
  facet normal 0.7714891798219424 0.6362424423265605 0
    outer loop
      vertex 5.3832553265537495 4.213245737921253 0
      vertex 5.16110234764776 4.482622013519062 0
      vertex 5.3832553265537495 4.213245737921253 0.8
    endloop
  endfacet
  facet normal 0.7714891798219424 0.6362424423265605 0
    outer loop
      vertex 5.16110234764776 4.482622013519062 0
      vertex 5.16110234764776 4.482622013519062 0.8
      vertex 5.3832553265537495 4.213245737921253 0.8
    endloop
  endfacet
endsolid OpenSCAD_Model
