solid OpenSCAD_Model
  facet normal -0.754709580222774 -0.6560590289905049 1.2695765029355331e-17
    outer loop
      vertex -7.966862208437371 -6.684991140740008 0.9000000000000004
      vertex -7.7287061849649 -6.958958306132126 0
      vertex -7.7287061849649 -6.958958306132126 0.9000000000000004
    endloop
  endfacet
  facet normal -0.754709580222774 -0.6560590289905049 0
    outer loop
      vertex -7.966862208437371 -6.684991140740008 0
      vertex -7.7287061849649 -6.958958306132126 0
      vertex -7.966862208437371 -6.684991140740008 0.9000000000000004
    endloop
  endfacet
  facet normal -0.7771459614569686 -0.6293203910498403 0
    outer loop
      vertex -7.966862208437371 -6.684991140740008 0
      vertex -7.966862208437371 -6.684991140740008 0.9000000000000004
      vertex -8.195311837509909 -6.4028793433868465 0.9000000000000004
    endloop
  endfacet
  facet normal -0.8191520442889905 -0.5735764363510479 0
    outer loop
      vertex -8.621990754572435 -5.815606196095768 0
      vertex -8.413776741499454 -6.112966623841721 0
      vertex -8.621990754572435 -5.815606196095768 0.9000000000000004
    endloop
  endfacet
  facet normal -0.8191520442889905 -0.5735764363510479 3.3462705501537867e-18
    outer loop
      vertex -8.621990754572435 -5.815606196095768 0.9000000000000004
      vertex -8.413776741499454 -6.112966623841721 0
      vertex -8.413776741499454 -6.112966623841721 0.9000000000000004
    endloop
  endfacet
  facet normal -0.8571673007021131 -0.5150380749100527 -2.242411452311292e-18
    outer loop
      vertex -8.81970020002683 -5.5111603480253315 0
      vertex -9.00666419935816 -5.2 0.9000000000000004
      vertex -9.00666419935816 -5.2 0
    endloop
  endfacet
  facet normal -0.8571673007021131 -0.5150380749100527 0
    outer loop
      vertex -8.81970020002683 -5.5111603480253315 0
      vertex -8.81970020002683 -5.5111603480253315 0.9000000000000004
      vertex -9.00666419935816 -5.2 0.9000000000000004
    endloop
  endfacet
  facet normal -0.8386705679454268 -0.5446390350150228 0
    outer loop
      vertex -8.81970020002683 -5.5111603480253315 0
      vertex -8.621990754572435 -5.815606196095768 0
      vertex -8.81970020002683 -5.5111603480253315 0.9000000000000004
    endloop
  endfacet
  facet normal -0.8386705679454268 -0.5446390350150228 -7.539209200356263e-18
    outer loop
      vertex -8.81970020002683 -5.5111603480253315 0.9000000000000004
      vertex -8.621990754572435 -5.815606196095768 0
      vertex -8.621990754572435 -5.815606196095768 0.9000000000000004
    endloop
  endfacet
  facet normal -0.7986355100472924 -0.6018150231520488 9.797384948530332e-18
    outer loop
      vertex -8.195311837509909 -6.4028793433868465 0
      vertex -8.413776741499454 -6.112966623841721 0.9000000000000004
      vertex -8.413776741499454 -6.112966623841721 0
    endloop
  endfacet
  facet normal -0.7986355100472924 -0.6018150231520488 0
    outer loop
      vertex -8.195311837509909 -6.4028793433868465 0
      vertex -8.195311837509909 -6.4028793433868465 0.9000000000000004
      vertex -8.413776741499454 -6.112966623841721 0.9000000000000004
    endloop
  endfacet
  facet normal -0.7771459614569686 -0.6293203910498403 -3.4097503701166172e-19
    outer loop
      vertex -7.966862208437371 -6.684991140740008 0
      vertex -8.195311837509909 -6.4028793433868465 0.9000000000000004
      vertex -8.195311837509909 -6.4028793433868465 0
    endloop
  endfacet
  facet normal -0.6560590289905049 -0.754709580222774 1.2695765029355331e-17
    outer loop
      vertex -6.684991140740008 -7.966862208437371 0.9000000000000004
      vertex -6.958958306132126 -7.7287061849649 0.9000000000000004
      vertex -6.958958306132126 -7.7287061849649 0
    endloop
  endfacet
  facet normal -0.6560590289905049 -0.754709580222774 0
    outer loop
      vertex -6.684991140740008 -7.966862208437371 0
      vertex -6.684991140740008 -7.966862208437371 0.9000000000000004
      vertex -6.958958306132126 -7.7287061849649 0
    endloop
  endfacet
  facet normal -0.6293203910498403 -0.7771459614569686 0
    outer loop
      vertex -6.684991140740008 -7.966862208437371 0
      vertex -6.4028793433868465 -8.195311837509909 0.9000000000000004
      vertex -6.684991140740008 -7.966862208437371 0.9000000000000004
    endloop
  endfacet
  facet normal -0.5735764363510479 -0.8191520442889905 3.3462705501537867e-18
    outer loop
      vertex -6.112966623841721 -8.413776741499454 0
      vertex -5.815606196095768 -8.621990754572435 0
      vertex -5.815606196095768 -8.621990754572435 0.9000000000000004
    endloop
  endfacet
  facet normal -0.5735764363510479 -0.8191520442889905 0
    outer loop
      vertex -6.112966623841721 -8.413776741499454 0
      vertex -5.815606196095768 -8.621990754572435 0.9000000000000004
      vertex -6.112966623841721 -8.413776741499454 0.9000000000000004
    endloop
  endfacet
  facet normal -0.6018150231520488 -0.7986355100472924 9.797384948530332e-18
    outer loop
      vertex -6.4028793433868465 -8.195311837509909 0
      vertex -6.112966623841721 -8.413776741499454 0
      vertex -6.112966623841721 -8.413776741499454 0.9000000000000004
    endloop
  endfacet
  facet normal -0.6018150231520488 -0.7986355100472924 0
    outer loop
      vertex -6.4028793433868465 -8.195311837509909 0
      vertex -6.112966623841721 -8.413776741499454 0.9000000000000004
      vertex -6.4028793433868465 -8.195311837509909 0.9000000000000004
    endloop
  endfacet
  facet normal -0.6293203910498403 -0.7771459614569686 -3.4097503701166172e-19
    outer loop
      vertex -6.684991140740008 -7.966862208437371 0
      vertex -6.4028793433868465 -8.195311837509909 0
      vertex -6.4028793433868465 -8.195311837509909 0.9000000000000004
    endloop
  endfacet
  facet normal -0.5446390350150228 -0.8386705679454268 -7.539209200356263e-18
    outer loop
      vertex -5.815606196095768 -8.621990754572435 0
      vertex -5.5111603480253315 -8.81970020002683 0
      vertex -5.5111603480253315 -8.81970020002683 0.9000000000000004
    endloop
  endfacet
  facet normal -0.5446390350150228 -0.8386705679454268 0
    outer loop
      vertex -5.815606196095768 -8.621990754572435 0
      vertex -5.5111603480253315 -8.81970020002683 0.9000000000000004
      vertex -5.815606196095768 -8.621990754572435 0.9000000000000004
    endloop
  endfacet
  facet normal -0.5150380749100527 -0.8571673007021131 -2.242411452311292e-18
    outer loop
      vertex -5.5111603480253315 -8.81970020002683 0
      vertex -5.2 -9.00666419935816 0
      vertex -5.2 -9.00666419935816 0.9000000000000004
    endloop
  endfacet
  facet normal -0.5150380749100527 -0.8571673007021131 0
    outer loop
      vertex -5.5111603480253315 -8.81970020002683 0
      vertex -5.2 -9.00666419935816 0.9000000000000004
      vertex -5.5111603480253315 -8.81970020002683 0.9000000000000004
    endloop
  endfacet
  facet normal 0 0 -1
    outer loop
      vertex -5.5111603480253315 -8.81970020002683 0
      vertex -5.0347851093465845 -5.9551716962231165 0
      vertex -5.2 -9.00666419935816 0
    endloop
  endfacet
  facet normal -0.7071067811865476 -0.7071067811865476 0
    outer loop
      vertex -7.4811339235219725 -7.224447052773572 0
      vertex -7.224447052773572 -7.4811339235219725 0
      vertex -7.4811339235219725 -7.224447052773572 0.9000000000000004
    endloop
  endfacet
  facet normal -0.7071067811865476 -0.7071067811865476 1.454137735323554e-17
    outer loop
      vertex -7.4811339235219725 -7.224447052773572 0.9000000000000004
      vertex -7.224447052773572 -7.4811339235219725 0
      vertex -7.224447052773572 -7.4811339235219725 0.9000000000000004
    endloop
  endfacet
  facet normal -0.7313537016191707 -0.6819983600624983 -1.3292895140315341e-17
    outer loop
      vertex -7.4811339235219725 -7.224447052773572 0
      vertex -7.7287061849649 -6.958958306132126 0.9000000000000004
      vertex -7.7287061849649 -6.958958306132126 0
    endloop
  endfacet
  facet normal -0.7313537016191707 -0.6819983600624983 0
    outer loop
      vertex -7.4811339235219725 -7.224447052773572 0
      vertex -7.4811339235219725 -7.224447052773572 0.9000000000000004
      vertex -7.7287061849649 -6.958958306132126 0.9000000000000004
    endloop
  endfacet
  facet normal -0.6819983600624983 -0.7313537016191707 -1.3292895140315341e-17
    outer loop
      vertex -7.224447052773572 -7.4811339235219725 0
      vertex -6.958958306132126 -7.7287061849649 0
      vertex -6.958958306132126 -7.7287061849649 0.9000000000000004
    endloop
  endfacet
  facet normal -0.6819983600624983 -0.7313537016191707 0
    outer loop
      vertex -7.224447052773572 -7.4811339235219725 0
      vertex -6.958958306132126 -7.7287061849649 0.9000000000000004
      vertex -7.224447052773572 -7.4811339235219725 0.9000000000000004
    endloop
  endfacet
  facet normal 0 0 -1
    outer loop
      vertex -6.684991140740008 -7.966862208437371 0
      vertex -6.958958306132126 -7.7287061849649 0
      vertex -6.619445335084655 -4.122629559470631 0
    endloop
  endfacet
  facet normal 0 0 -1
    outer loop
      vertex -7.4811339235219725 -7.224447052773572 0
      vertex -7.10987599778936 -3.203559633416202 0
      vertex -7.224447052773572 -7.4811339235219725 0
    endloop
  endfacet
  facet normal 0 0 -1
    outer loop
      vertex -7.4811339235219725 -7.224447052773572 0
      vertex -7.7287061849649 -6.958958306132126 0
      vertex -7.473430754877426 -2.2273221098097253 0
    endloop
  endfacet
  facet normal 0 0 -1
    outer loop
      vertex -7.224447052773572 -7.4811339235219725 0
      vertex -6.79652435369776 -3.8236615616955762 0
      vertex -6.958958306132126 -7.7287061849649 0
    endloop
  endfacet
  facet normal 0 0 -1
    outer loop
      vertex -6.958958306132126 -7.7287061849649 0
      vertex -6.79652435369776 -3.8236615616955762 0
      vertex -6.619445335084655 -4.122629559470631 0
    endloop
  endfacet
  facet normal 0 0 -1
    outer loop
      vertex -6.684991140740008 -7.966862208437371 0
      vertex -6.619445335084655 -4.122629559470631 0
      vertex -6.429224020483735 -4.4134124578640925 0
    endloop
  endfacet
  facet normal 0 0 -1
    outer loop
      vertex -6.4028793433868465 -8.195311837509909 0
      vertex -6.0108905135577935 -4.968131063369397 0
      vertex -6.112966623841721 -8.413776741499454 0
    endloop
  endfacet
  facet normal 0 0 -1
    outer loop
      vertex -6.112966623841721 -8.413776741499454 0
      vertex -5.783608883687986 -5.230965428037202 0
      vertex -5.815606196095768 -8.621990754572435 0
    endloop
  endfacet
  facet normal 0 0 -1
    outer loop
      vertex -6.684991140740008 -7.966862208437371 0
      vertex -6.226238076707414 -4.695432934347351 0
      vertex -6.4028793433868465 -8.195311837509909 0
    endloop
  endfacet
  facet normal 0 0 -1
    outer loop
      vertex -5.815606196095768 -8.621990754572435 0
      vertex -5.295071208415852 -5.724976150745127 0
      vertex -5.5111603480253315 -8.81970020002683 0
    endloop
  endfacet
  facet normal 0 0 -1
    outer loop
      vertex -5.815606196095768 -8.621990754572435 0
      vertex -5.544844433735909 -5.483414195048822 0
      vertex -5.295071208415852 -5.724976150745127 0
    endloop
  endfacet
  facet normal 0 0 -1
    outer loop
      vertex -5.5111603480253315 -8.81970020002683 0
      vertex -5.295071208415852 -5.724976150745127 0
      vertex -5.0347851093465845 -5.9551716962231165 0
    endloop
  endfacet
  facet normal 0 0 -1
    outer loop
      vertex -6.4028793433868465 -8.195311837509909 0
      vertex -6.226238076707414 -4.695432934347351 0
      vertex -6.0108905135577935 -4.968131063369397 0
    endloop
  endfacet
  facet normal 0 0 -1
    outer loop
      vertex -6.112966623841721 -8.413776741499454 0
      vertex -6.0108905135577935 -4.968131063369397 0
      vertex -5.783608883687986 -5.230965428037202 0
    endloop
  endfacet
  facet normal 0 0 -1
    outer loop
      vertex -6.684991140740008 -7.966862208437371 0
      vertex -6.429224020483735 -4.4134124578640925 0
      vertex -6.226238076707414 -4.695432934347351 0
    endloop
  endfacet
  facet normal 0 0 -1
    outer loop
      vertex -5.815606196095768 -8.621990754572435 0
      vertex -5.783608883687986 -5.230965428037202 0
      vertex -5.544844433735909 -5.483414195048822 0
    endloop
  endfacet
  facet normal -0.8746197071393939 -0.4848096202463406 0
    outer loop
      vertex -9.18265496573284 -4.8825042529732645 0
      vertex -9.00666419935816 -5.2 0
      vertex -9.18265496573284 -4.8825042529732645 0.9000000000000004
    endloop
  endfacet
  facet normal -0.8910065241883675 -0.45399049973954764 -6.470857955064742e-18
    outer loop
      vertex -9.18265496573284 -4.8825042529732645 0
      vertex -9.347458081511338 -4.559059926606405 0.9000000000000004
      vertex -9.347458081511338 -4.559059926606405 0
    endloop
  endfacet
  facet normal -0.8910065241883675 -0.45399049973954764 0
    outer loop
      vertex -9.18265496573284 -4.8825042529732645 0
      vertex -9.18265496573284 -4.8825042529732645 0.9000000000000004
      vertex -9.347458081511338 -4.559059926606405 0.9000000000000004
    endloop
  endfacet
  facet normal -0.9063077870366504 -0.42261826174069883 -8.070904325454321e-18
    outer loop
      vertex -9.347458081511338 -4.559059926606405 0
      vertex -9.50087275948305 -4.2300610879883225 0.9000000000000004
      vertex -9.50087275948305 -4.2300610879883225 0
    endloop
  endfacet
  facet normal -0.9205048534524414 -0.39073112848927155 8.447971189026273e-18
    outer loop
      vertex -9.50087275948305 -4.2300610879883225 0
      vertex -9.642712087494589 -3.895908571525485 0.9000000000000004
      vertex -9.642712087494589 -3.895908571525485 0
    endloop
  endfacet
  facet normal -0.9205048534524414 -0.39073112848927155 0
    outer loop
      vertex -9.50087275948305 -4.2300610879883225 0
      vertex -9.50087275948305 -4.2300610879883225 0.9000000000000004
      vertex -9.642712087494589 -3.895908571525485 0.9000000000000004
    endloop
  endfacet
  facet normal -0.9063077870366504 -0.42261826174069883 0
    outer loop
      vertex -9.347458081511338 -4.559059926606405 0
      vertex -9.347458081511338 -4.559059926606405 0.9000000000000004
      vertex -9.50087275948305 -4.2300610879883225 0.9000000000000004
    endloop
  endfacet
  facet normal -0.9455185755993184 -0.3255681544571519 -5.98220287994651e-18
    outer loop
      vertex -9.772803256173448 -3.557009490586955 0
      vertex -9.890987769469596 -3.213776741499453 0.9000000000000004
      vertex -9.890987769469596 -3.213776741499453 0
    endloop
  endfacet
  facet normal -0.9455185755993184 -0.3255681544571519 0
    outer loop
      vertex -9.772803256173448 -3.557009490586955 0
      vertex -9.772803256173448 -3.557009490586955 0.9000000000000004
      vertex -9.890987769469596 -3.213776741499453 0.9000000000000004
    endloop
  endfacet
  facet normal -0.9563047559630349 -0.2923717047227385 6.117036034395912e-19
    outer loop
      vertex -9.890987769469596 -3.213776741499453 0
      vertex -9.997121637758516 -2.8666285004967915 0.9000000000000004
      vertex -9.997121637758516 -2.8666285004967915 0
    endloop
  endfacet
  facet normal -0.9563047559630349 -0.2923717047227385 0
    outer loop
      vertex -9.890987769469596 -3.213776741499453 0
      vertex -9.890987769469596 -3.213776741499453 0.9000000000000004
      vertex -9.997121637758516 -2.8666285004967915 0.9000000000000004
    endloop
  endfacet
  facet normal -0.9659258262890685 -0.25881904510251985 -8.551511759960928e-18
    outer loop
      vertex -9.997121637758516 -2.8666285004967915 0
      vertex -10.091075553270363 -2.5159877142365445 0.9000000000000004
      vertex -10.091075553270363 -2.5159877142365445 0
    endloop
  endfacet
  facet normal -0.9659258262890685 -0.25881904510251985 0
    outer loop
      vertex -9.997121637758516 -2.8666285004967915 0
      vertex -9.997121637758516 -2.8666285004967915 0.9000000000000004
      vertex -10.091075553270363 -2.5159877142365445 0.9000000000000004
    endloop
  endfacet
  facet normal -0.9335804264972005 -0.35836794954530354 0
    outer loop
      vertex -9.772803256173448 -3.557009490586955 0
      vertex -9.642712087494589 -3.895908571525485 0
      vertex -9.772803256173448 -3.557009490586955 0.9000000000000004
    endloop
  endfacet
  facet normal -0.9335804264972005 -0.35836794954530354 1.0577067472025239e-17
    outer loop
      vertex -9.772803256173448 -3.557009490586955 0.9000000000000004
      vertex -9.642712087494589 -3.895908571525485 0
      vertex -9.642712087494589 -3.895908571525485 0.9000000000000004
    endloop
  endfacet
  facet normal -0.8746197071393939 -0.4848096202463406 -3.212700934245113e-18
    outer loop
      vertex -9.18265496573284 -4.8825042529732645 0.9000000000000004
      vertex -9.00666419935816 -5.2 0
      vertex -9.00666419935816 -5.2 0.9000000000000004
    endloop
  endfacet
  facet normal 0 0 -1
    outer loop
      vertex -7.966862208437371 -6.684991140740008 0
      vertex -7.749935841566284 -0.8669633673929383 0
      vertex -7.703621963095841 -1.2113379703874534 0
    endloop
  endfacet
  facet normal 0 0 -1
    outer loop
      vertex -7.966862208437371 -6.684991140740008 0
      vertex -7.7808629397914695 -0.5208674888824095 0
      vertex -7.749935841566284 -0.8669633673929383 0
    endloop
  endfacet
  facet normal -0.9743700647852342 -0.2249510543438693 -2.1079947354120453e-18
    outer loop
      vertex -10.091075553270363 -2.5159877142365445 0
      vertex -10.17273504763158 -2.162281584504697 0.9000000000000004
      vertex -10.17273504763158 -2.162281584504697 0
    endloop
  endfacet
  facet normal -0.9743700647852342 -0.2249510543438693 0
    outer loop
      vertex -10.091075553270363 -2.5159877142365445 0
      vertex -10.091075553270363 -2.5159877142365445 0.9000000000000004
      vertex -10.17273504763158 -2.162281584504697 0.9000000000000004
    endloop
  endfacet
  facet normal -0.981627183447665 -0.19080899537653967 0
    outer loop
      vertex -10.17273504763158 -2.162281584504697 0
      vertex -10.17273504763158 -2.162281584504697 0.9000000000000004
      vertex -10.242000631326963 -1.8059410477360756 0.9000000000000004
    endloop
  endfacet
  facet normal -0.981627183447665 -0.19080899537653967 -4.3096139252244586e-18
    outer loop
      vertex -10.17273504763158 -2.162281584504697 0
      vertex -10.242000631326963 -1.8059410477360756 0.9000000000000004
      vertex -10.242000631326963 -1.8059410477360756 0
    endloop
  endfacet
  facet normal -0.9876883405951373 -0.1564344650402335 0
    outer loop
      vertex -10.242000631326963 -1.8059410477360756 0
      vertex -10.242000631326963 -1.8059410477360756 0.9000000000000004
      vertex -10.298787914912332 -1.4474002499846805 0.9000000000000004
    endloop
  endfacet
  facet normal -0.9876883405951373 -0.1564344650402335 3.061594673408841e-18
    outer loop
      vertex -10.242000631326963 -1.8059410477360756 0
      vertex -10.298787914912332 -1.4474002499846805 0.9000000000000004
      vertex -10.298787914912332 -1.4474002499846805 0
    endloop
  endfacet
  facet normal -0.9925461516413219 -0.12186934340514778 0
    outer loop
      vertex -10.298787914912332 -1.4474002499846805 0
      vertex -10.298787914912332 -1.4474002499846805 0.9000000000000004
      vertex -10.343027711830043 -1.0870960179835962 0.9000000000000004
    endloop
  endfacet
  facet normal 0 0 -1
    outer loop
      vertex -9.347458081511338 -4.559059926606405 0
      vertex -9.50087275948305 -4.2300610879883225 0
      vertex -9.347458081511338 4.559059926606405 0
    endloop
  endfacet
  facet normal 0 0 -1
    outer loop
      vertex -9.18265496573284 -4.8825042529732645 0
      vertex -9.347458081511338 -4.559059926606405 0
      vertex -9.18265496573284 4.8825042529732645 0
    endloop
  endfacet
  facet normal -0.9925461516413219 -0.12186934340514778 -4.7745159342485924e-18
    outer loop
      vertex -10.298787914912332 -1.4474002499846805 0
      vertex -10.343027711830043 -1.0870960179835962 0.9000000000000004
      vertex -10.343027711830043 -1.0870960179835962 0
    endloop
  endfacet
  facet normal -0.9961946980917458 -0.08715574274765514 7.514286305044674e-19
    outer loop
      vertex -10.343027711830043 -1.0870960179835962 0
      vertex -10.374666122702171 -0.7254673269389031 0.9000000000000004
      vertex -10.374666122702171 -0.7254673269389031 0
    endloop
  endfacet
  facet normal 0 0 -1
    outer loop
      vertex -10.091075553270363 -2.5159877142365445 0
      vertex -10.17273504763158 -2.162281584504697 0
      vertex -10.091075553270363 2.5159877142365445 0
    endloop
  endfacet
  facet normal -0.9961946980917458 -0.08715574274765514 0
    outer loop
      vertex -10.343027711830043 -1.0870960179835962 0
      vertex -10.343027711830043 -1.0870960179835962 0.9000000000000004
      vertex -10.374666122702171 -0.7254673269389031 0.9000000000000004
    endloop
  endfacet
  facet normal 0 0 -1
    outer loop
      vertex -9.772803256173448 -3.557009490586955 0
      vertex -9.890987769469596 -3.213776741499453 0
      vertex -9.772803256173448 3.557009490586955 0
    endloop
  endfacet
  facet normal 0 0 -1
    outer loop
      vertex -9.997121637758516 -2.8666285004967915 0
      vertex -10.091075553270363 -2.5159877142365445 0
      vertex -9.997121637758516 2.8666285004967915 0
    endloop
  endfacet
  facet normal 0 0 -1
    outer loop
      vertex -9.890987769469596 -3.213776741499453 0
      vertex -9.997121637758516 -2.8666285004967915 0
      vertex -9.890987769469596 3.213776741499453 0
    endloop
  endfacet
  facet normal 0 0 -1
    outer loop
      vertex -10.242000631326963 -1.8059410477360756 0
      vertex -10.298787914912332 -1.4474002499846805 0
      vertex -10.242000631326963 1.8059410477360756 0
    endloop
  endfacet
  facet normal 0 0 -1
    outer loop
      vertex -10.298787914912332 -1.4474002499846805 0
      vertex -10.343027711830043 -1.0870960179835962 0
      vertex -10.298787914912332 1.4474002499846805 0
    endloop
  endfacet
  facet normal -0.9986295347545737 -0.0523359562429469 3.30680832109783e-19
    outer loop
      vertex -10.374666122702171 -0.7254673269389031 0
      vertex -10.393664600998596 -0.3629547657060101 0.9000000000000004
      vertex -10.393664600998596 -0.3629547657060101 0
    endloop
  endfacet
  facet normal 0 0 -1
    outer loop
      vertex -10.17273504763158 -2.162281584504697 0
      vertex -10.242000631326963 -1.8059410477360756 0
      vertex -10.17273504763158 2.162281584504697 0
    endloop
  endfacet
  facet normal -0.9986295347545737 -0.0523359562429469 0
    outer loop
      vertex -10.374666122702171 -0.7254673269389031 0
      vertex -10.374666122702171 -0.7254673269389031 0.9000000000000004
      vertex -10.393664600998596 -0.3629547657060101 0.9000000000000004
    endloop
  endfacet
  facet normal 0 0 -1
    outer loop
      vertex -10.343027711830043 -1.0870960179835962 0
      vertex -10.374666122702171 -0.7254673269389031 0
      vertex -10.343027711830043 1.0870960179835962 0
    endloop
  endfacet
  facet normal 0 0 -1
    outer loop
      vertex -10.374666122702171 -0.7254673269389031 0
      vertex -10.393664600998596 -0.3629547657060101 0
      vertex -10.374666122702171 0.7254673269389031 0
    endloop
  endfacet
  facet normal -0.9998476951563913 -0.017452406437283328 6.827102680886125e-21
    outer loop
      vertex -10.393664600998596 -0.3629547657060101 0
      vertex -10.4 0 0.9000000000000004
      vertex -10.4 0 0
    endloop
  endfacet
  facet normal -0.9998476951563913 -0.017452406437283328 0
    outer loop
      vertex -10.393664600998596 -0.3629547657060101 0
      vertex -10.393664600998596 -0.3629547657060101 0.9000000000000004
      vertex -10.4 0 0.9000000000000004
    endloop
  endfacet
  facet normal 0 0 -1
    outer loop
      vertex -9.772803256173448 -3.557009490586955 0
      vertex -9.642712087494589 3.895908571525485 0
      vertex -9.642712087494589 -3.895908571525485 0
    endloop
  endfacet
  facet normal 0 0 -1
    outer loop
      vertex -9.50087275948305 -4.2300610879883225 0
      vertex -9.642712087494589 -3.895908571525485 0
      vertex -9.50087275948305 4.2300610879883225 0
    endloop
  endfacet
  facet normal 0 0 -1
    outer loop
      vertex -9.18265496573284 -4.8825042529732645 0
      vertex -9.00666419935816 5.2 0
      vertex -9.00666419935816 -5.2 0
    endloop
  endfacet
  facet normal 0 0 -1
    outer loop
      vertex -8.81970020002683 -5.5111603480253315 0
      vertex -9.00666419935816 -5.2 0
      vertex -8.81970020002683 5.5111603480253315 0
    endloop
  endfacet
  facet normal 0 0 -1
    outer loop
      vertex -8.81970020002683 -5.5111603480253315 0
      vertex -8.621990754572435 5.815606196095768 0
      vertex -8.621990754572435 -5.815606196095768 0
    endloop
  endfacet
  facet normal 0 0 -1
    outer loop
      vertex -8.621990754572435 -5.815606196095768 0
      vertex -8.413776741499454 6.112966623841721 0
      vertex -8.413776741499454 -6.112966623841721 0
    endloop
  endfacet
  facet normal 0 0 -1
    outer loop
      vertex -8.195311837509909 -6.4028793433868465 0
      vertex -8.413776741499454 -6.112966623841721 0
      vertex -8.195311837509909 6.4028793433868465 0
    endloop
  endfacet
  facet normal 0 0 -1
    outer loop
      vertex -7.966862208437371 -6.684991140740008 0
      vertex -7.796341854880618 -0.1737374761864921 0
      vertex -7.7808629397914695 -0.5208674888824095 0
    endloop
  endfacet
  facet normal 0 0 -1
    outer loop
      vertex -7.966862208437371 -6.684991140740008 0
      vertex -8.195311837509909 -6.4028793433868465 0
      vertex -7.966862208437371 6.684991140740008 0
    endloop
  endfacet
  facet normal 0 0 -1
    outer loop
      vertex -7.966862208437371 -6.684991140740008 0
      vertex -7.796341854880618 0.1737374761864921 0
      vertex -7.796341854880618 -0.1737374761864921 0
    endloop
  endfacet
  facet normal 0 0 -1
    outer loop
      vertex -7.966862208437371 -6.684991140740008 0
      vertex -7.703621963095841 -1.2113379703874534 0
      vertex -7.7287061849649 -6.958958306132126 0
    endloop
  endfacet
  facet normal 0 0 -1
    outer loop
      vertex -7.4811339235219725 -7.224447052773572 0
      vertex -7.245526492583719 -2.8836568578911206 0
      vertex -7.10987599778936 -3.203559633416202 0
    endloop
  endfacet
  facet normal 0 0 -1
    outer loop
      vertex -7.4811339235219725 -7.224447052773572 0
      vertex -7.3667916652048735 -2.5580288485986657 0
      vertex -7.245526492583719 -2.8836568578911206 0
    endloop
  endfacet
  facet normal 0 0 -1
    outer loop
      vertex -7.4811339235219725 -7.224447052773572 0
      vertex -7.473430754877426 -2.2273221098097253 0
      vertex -7.3667916652048735 -2.5580288485986657 0
    endloop
  endfacet
  facet normal 0 0 -1
    outer loop
      vertex -7.224447052773572 -7.4811339235219725 0
      vertex -6.9601095023228075 -3.5171020378247158 0
      vertex -6.79652435369776 -3.8236615616955762 0
    endloop
  endfacet
  facet normal 0 0 -1
    outer loop
      vertex -7.224447052773572 -7.4811339235219725 0
      vertex -7.10987599778936 -3.203559633416202 0
      vertex -6.9601095023228075 -3.5171020378247158 0
    endloop
  endfacet
  facet normal 0 0 -1
    outer loop
      vertex -7.7287061849649 -6.958958306132126 0
      vertex -7.5652320395598105 -1.892193229142498 0
      vertex -7.473430754877426 -2.2273221098097253 0
    endloop
  endfacet
  facet normal 0 0 -1
    outer loop
      vertex -7.7287061849649 -6.958958306132126 0
      vertex -7.642013256298824 -1.553307573968542 0
      vertex -7.5652320395598105 -1.892193229142498 0
    endloop
  endfacet
  facet normal 0 0 -1
    outer loop
      vertex -7.7287061849649 -6.958958306132126 0
      vertex -7.703621963095841 -1.2113379703874534 0
      vertex -7.642013256298824 -1.553307573968542 0
    endloop
  endfacet
  facet normal -0.4848096202463406 -0.8746197071393939 0
    outer loop
      vertex -4.8825042529732645 -9.18265496573284 0
      vertex -4.8825042529732645 -9.18265496573284 0.9000000000000004
      vertex -5.2 -9.00666419935816 0
    endloop
  endfacet
  facet normal -0.45399049973954764 -0.8910065241883675 -6.470857955064742e-18
    outer loop
      vertex -4.8825042529732645 -9.18265496573284 0
      vertex -4.559059926606405 -9.347458081511338 0
      vertex -4.559059926606405 -9.347458081511338 0.9000000000000004
    endloop
  endfacet
  facet normal -0.45399049973954764 -0.8910065241883675 0
    outer loop
      vertex -4.8825042529732645 -9.18265496573284 0
      vertex -4.559059926606405 -9.347458081511338 0.9000000000000004
      vertex -4.8825042529732645 -9.18265496573284 0.9000000000000004
    endloop
  endfacet
  facet normal -0.42261826174069883 -0.9063077870366504 -8.070904325454321e-18
    outer loop
      vertex -4.559059926606405 -9.347458081511338 0
      vertex -4.2300610879883225 -9.50087275948305 0
      vertex -4.2300610879883225 -9.50087275948305 0.9000000000000004
    endloop
  endfacet
  facet normal -0.42261826174069883 -0.9063077870366504 0
    outer loop
      vertex -4.559059926606405 -9.347458081511338 0
      vertex -4.2300610879883225 -9.50087275948305 0.9000000000000004
      vertex -4.559059926606405 -9.347458081511338 0.9000000000000004
    endloop
  endfacet
  facet normal -0.39073112848927155 -0.9205048534524414 8.447971189026273e-18
    outer loop
      vertex -4.2300610879883225 -9.50087275948305 0
      vertex -3.895908571525485 -9.642712087494589 0
      vertex -3.895908571525485 -9.642712087494589 0.9000000000000004
    endloop
  endfacet
  facet normal -0.39073112848927155 -0.9205048534524414 0
    outer loop
      vertex -4.2300610879883225 -9.50087275948305 0
      vertex -3.895908571525485 -9.642712087494589 0.9000000000000004
      vertex -4.2300610879883225 -9.50087275948305 0.9000000000000004
    endloop
  endfacet
  facet normal -0.4848096202463406 -0.8746197071393939 -3.212700934245113e-18
    outer loop
      vertex -4.8825042529732645 -9.18265496573284 0.9000000000000004
      vertex -5.2 -9.00666419935816 0.9000000000000004
      vertex -5.2 -9.00666419935816 0
    endloop
  endfacet
  facet normal 0 0 -1
    outer loop
      vertex -4.8825042529732645 -9.18265496573284 0
      vertex -5.2 -9.00666419935816 0
      vertex -4.76450291048458 -6.173543799535157 0
    endloop
  endfacet
  facet normal 0 0 -1
    outer loop
      vertex -4.8825042529732645 -9.18265496573284 0
      vertex -4.484761232117168 -6.379658903083606 0
      vertex -4.559059926606405 -9.347458081511338 0
    endloop
  endfacet
  facet normal 0 0 -1
    outer loop
      vertex -4.559059926606405 -9.347458081511338 0
      vertex -4.196115475452622 -6.5731077844092916 0
      vertex -4.2300610879883225 -9.50087275948305 0
    endloop
  endfacet
  facet normal 0 0 -1
    outer loop
      vertex -4.2300610879883225 -9.50087275948305 0
      vertex -3.594420585385383 -6.920496491159635 0
      vertex -3.895908571525485 -9.642712087494589 0
    endloop
  endfacet
  facet normal -0.3255681544571519 -0.9455185755993184 -5.98220287994651e-18
    outer loop
      vertex -3.557009490586955 -9.772803256173448 0
      vertex -3.213776741499453 -9.890987769469596 0
      vertex -3.213776741499453 -9.890987769469596 0.9000000000000004
    endloop
  endfacet
  facet normal -0.3255681544571519 -0.9455185755993184 0
    outer loop
      vertex -3.557009490586955 -9.772803256173448 0
      vertex -3.213776741499453 -9.890987769469596 0.9000000000000004
      vertex -3.557009490586955 -9.772803256173448 0.9000000000000004
    endloop
  endfacet
  facet normal -0.35836794954530354 -0.9335804264972005 0
    outer loop
      vertex -3.557009490586955 -9.772803256173448 0
      vertex -3.557009490586955 -9.772803256173448 0.9000000000000004
      vertex -3.895908571525485 -9.642712087494589 0
    endloop
  endfacet
  facet normal -0.35836794954530354 -0.9335804264972005 1.0577067472025239e-17
    outer loop
      vertex -3.557009490586955 -9.772803256173448 0.9000000000000004
      vertex -3.895908571525485 -9.642712087494589 0.9000000000000004
      vertex -3.895908571525485 -9.642712087494589 0
    endloop
  endfacet
  facet normal -0.2923717047227385 -0.9563047559630349 6.117036034395912e-19
    outer loop
      vertex -3.213776741499453 -9.890987769469596 0
      vertex -2.8666285004967915 -9.997121637758516 0
      vertex -2.8666285004967915 -9.997121637758516 0.9000000000000004
    endloop
  endfacet
  facet normal -0.2923717047227385 -0.9563047559630349 0
    outer loop
      vertex -3.213776741499453 -9.890987769469596 0
      vertex -2.8666285004967915 -9.997121637758516 0.9000000000000004
      vertex -3.213776741499453 -9.890987769469596 0.9000000000000004
    endloop
  endfacet
  facet normal -0.25881904510251985 -0.9659258262890685 -8.551511759960928e-18
    outer loop
      vertex -2.8666285004967915 -9.997121637758516 0
      vertex -2.5159877142365445 -10.091075553270363 0
      vertex -2.5159877142365445 -10.091075553270363 0.9000000000000004
    endloop
  endfacet
  facet normal -0.25881904510251985 -0.9659258262890685 0
    outer loop
      vertex -2.8666285004967915 -9.997121637758516 0
      vertex -2.5159877142365445 -10.091075553270363 0.9000000000000004
      vertex -2.8666285004967915 -9.997121637758516 0.9000000000000004
    endloop
  endfacet
  facet normal 0 0 -1
    outer loop
      vertex -3.557009490586955 -9.772803256173448 0
      vertex -3.895908571525485 -9.642712087494589 0
      vertex -3.282566061491385 -7.073746608462869 0
    endloop
  endfacet
  facet normal 0 0 -1
    outer loop
      vertex -3.895908571525485 -9.642712087494589 0
      vertex -3.594420585385383 -6.920496491159635 0
      vertex -3.282566061491385 -7.073746608462869 0
    endloop
  endfacet
  facet normal 0 0 -1
    outer loop
      vertex -3.557009490586955 -9.772803256173448 0
      vertex -3.282566061491385 -7.073746608462869 0
      vertex -2.9641943065310614 -7.21295245665212 0
    endloop
  endfacet
  facet normal 0 0 -1
    outer loop
      vertex -3.557009490586955 -9.772803256173448 0
      vertex -2.9641943065310614 -7.21295245665212 0
      vertex -3.213776741499453 -9.890987769469596 0
    endloop
  endfacet
  facet normal 0 0 -1
    outer loop
      vertex -3.213776741499453 -9.890987769469596 0
      vertex -2.639937418153992 -7.337837655401313 0
      vertex -2.8666285004967915 -9.997121637758516 0
    endloop
  endfacet
  facet normal 0 0 -1
    outer loop
      vertex -3.213776741499453 -9.890987769469596 0
      vertex -2.9641943065310614 -7.21295245665212 0
      vertex -2.639937418153992 -7.337837655401313 0
    endloop
  endfacet
  facet normal 0 0 -1
    outer loop
      vertex -2.8666285004967915 -9.997121637758516 0
      vertex -2.639937418153992 -7.337837655401313 0
      vertex -2.3104391783974045 -7.448154256708258 0
    endloop
  endfacet
  facet normal 0 0 -1
    outer loop
      vertex -4.8825042529732645 -9.18265496573284 0
      vertex -4.76450291048458 -6.173543799535157 0
      vertex -4.484761232117168 -6.379658903083606 0
    endloop
  endfacet
  facet normal 0 0 -1
    outer loop
      vertex -5.2 -9.00666419935816 0
      vertex -5.0347851093465845 -5.9551716962231165 0
      vertex -4.76450291048458 -6.173543799535157 0
    endloop
  endfacet
  facet normal 0 0 -1
    outer loop
      vertex -4.559059926606405 -9.347458081511338 0
      vertex -4.484761232117168 -6.379658903083606 0
      vertex -4.196115475452622 -6.5731077844092916 0
    endloop
  endfacet
  facet normal 0 0 -1
    outer loop
      vertex -4.2300610879883225 -9.50087275948305 0
      vertex -4.196115475452622 -6.5731077844092916 0
      vertex -3.8991387199224845 -6.753506368664818 0
    endloop
  endfacet
  facet normal 0 0 -1
    outer loop
      vertex -4.2300610879883225 -9.50087275948305 0
      vertex -3.8991387199224845 -6.753506368664818 0
      vertex -3.594420585385383 -6.920496491159635 0
    endloop
  endfacet
  facet normal -0.2249510543438693 -0.9743700647852342 -2.1079947354120453e-18
    outer loop
      vertex -2.5159877142365445 -10.091075553270363 0
      vertex -2.162281584504697 -10.17273504763158 0
      vertex -2.162281584504697 -10.17273504763158 0.9000000000000004
    endloop
  endfacet
  facet normal -0.2249510543438693 -0.9743700647852342 0
    outer loop
      vertex -2.5159877142365445 -10.091075553270363 0
      vertex -2.162281584504697 -10.17273504763158 0.9000000000000004
      vertex -2.5159877142365445 -10.091075553270363 0.9000000000000004
    endloop
  endfacet
  facet normal -0.19080899537653967 -0.981627183447665 0
    outer loop
      vertex -2.162281584504697 -10.17273504763158 0
      vertex -1.8059410477360756 -10.242000631326963 0.9000000000000004
      vertex -2.162281584504697 -10.17273504763158 0.9000000000000004
    endloop
  endfacet
  facet normal 0 0 -1
    outer loop
      vertex -2.8666285004967915 -9.997121637758516 0
      vertex -2.3104391783974045 -7.448154256708258 0
      vertex -2.5159877142365445 -10.091075553270363 0
    endloop
  endfacet
  facet normal 0 0 -1
    outer loop
      vertex -2.5159877142365445 -10.091075553270363 0
      vertex -1.9763537755165244 -7.5436832371724485 0
      vertex -2.162281584504697 -10.17273504763158 0
    endloop
  endfacet
  facet normal -0.19080899537653967 -0.981627183447665 -4.3096139252244586e-18
    outer loop
      vertex -2.162281584504697 -10.17273504763158 0
      vertex -1.8059410477360756 -10.242000631326963 0
      vertex -1.8059410477360756 -10.242000631326963 0.9000000000000004
    endloop
  endfacet
  facet normal -0.1564344650402335 -0.9876883405951373 0
    outer loop
      vertex -1.8059410477360756 -10.242000631326963 0
      vertex -1.4474002499846805 -10.298787914912332 0.9000000000000004
      vertex -1.8059410477360756 -10.242000631326963 0.9000000000000004
    endloop
  endfacet
  facet normal -0.1564344650402335 -0.9876883405951373 3.061594673408841e-18
    outer loop
      vertex -1.8059410477360756 -10.242000631326963 0
      vertex -1.4474002499846805 -10.298787914912332 0
      vertex -1.4474002499846805 -10.298787914912332 0.9000000000000004
    endloop
  endfacet
  facet normal -0.12186934340514778 -0.9925461516413219 0
    outer loop
      vertex -1.4474002499846805 -10.298787914912332 0
      vertex -1.0870960179835962 -10.343027711830043 0.9000000000000004
      vertex -1.4474002499846805 -10.298787914912332 0.9000000000000004
    endloop
  endfacet
  facet normal 0 0 -1
    outer loop
      vertex -2.162281584504697 -10.17273504763158 0
      vertex -1.638344505154368 -7.624234932845754 0
      vertex -1.8059410477360756 -10.242000631326963 0
    endloop
  endfacet
  facet normal 0 0 -1
    outer loop
      vertex -1.8059410477360756 -10.242000631326963 0
      vertex -1.297082453429598 -7.689649415792639 0
      vertex -1.4474002499846805 -10.298787914912332 0
    endloop
  endfacet
  facet normal 0 0 -1
    outer loop
      vertex -2.5159877142365445 -10.091075553270363 0
      vertex -2.3104391783974045 -7.448154256708258 0
      vertex -1.9763537755165244 -7.5436832371724485 0
    endloop
  endfacet
  facet normal 0 0 -1
    outer loop
      vertex -1.8059410477360756 -10.242000631326963 0
      vertex -1.638344505154368 -7.624234932845754 0
      vertex -1.297082453429598 -7.689649415792639 0
    endloop
  endfacet
  facet normal 0 0 -1
    outer loop
      vertex -2.162281584504697 -10.17273504763158 0
      vertex -1.9763537755165244 -7.5436832371724485 0
      vertex -1.638344505154368 -7.624234932845754 0
    endloop
  endfacet
  facet normal -0.12186934340514778 -0.9925461516413219 -4.7745159342485924e-18
    outer loop
      vertex -1.4474002499846805 -10.298787914912332 0
      vertex -1.0870960179835962 -10.343027711830043 0
      vertex -1.0870960179835962 -10.343027711830043 0.9000000000000004
    endloop
  endfacet
  facet normal -0.08715574274765514 -0.9961946980917458 7.514286305044674e-19
    outer loop
      vertex -1.0870960179835962 -10.343027711830043 0
      vertex -0.7254673269389031 -10.374666122702171 0
      vertex -0.7254673269389031 -10.374666122702171 0.9000000000000004
    endloop
  endfacet
  facet normal -0.08715574274765514 -0.9961946980917458 0
    outer loop
      vertex -1.0870960179835962 -10.343027711830043 0
      vertex -0.7254673269389031 -10.374666122702171 0.9000000000000004
      vertex -1.0870960179835962 -10.343027711830043 0.9000000000000004
    endloop
  endfacet
  facet normal 0 0 -1
    outer loop
      vertex -1.4474002499846805 -10.298787914912332 0
      vertex -0.9532451645572048 -7.739796811612261 0
      vertex -1.0870960179835962 -10.343027711830043 0
    endloop
  endfacet
  facet normal 0 0 -1
    outer loop
      vertex -1.0870960179835962 -10.343027711830043 0
      vertex -0.6075152956471587 -7.774577557292084 0
      vertex -0.7254673269389031 -10.374666122702171 0
    endloop
  endfacet
  facet normal -0.0523359562429469 -0.9986295347545737 3.30680832109783e-19
    outer loop
      vertex -0.7254673269389031 -10.374666122702171 0
      vertex -0.3629547657060101 -10.393664600998596 0
      vertex -0.3629547657060101 -10.393664600998596 0.9000000000000004
    endloop
  endfacet
  facet normal -0.0523359562429469 -0.9986295347545737 0
    outer loop
      vertex -0.7254673269389031 -10.374666122702171 0
      vertex -0.3629547657060101 -10.393664600998596 0.9000000000000004
      vertex -0.7254673269389031 -10.374666122702171 0.9000000000000004
    endloop
  endfacet
  facet normal -0.017452406437283328 -0.9998476951563913 6.827102680886125e-21
    outer loop
      vertex -0.3629547657060101 -10.393664600998596 0
      vertex 0 -10.4 0
      vertex 0 -10.4 0.9000000000000004
    endloop
  endfacet
  facet normal -0.017452406437283328 -0.9998476951563913 0
    outer loop
      vertex -0.3629547657060101 -10.393664600998596 0
      vertex 0 -10.4 0.9000000000000004
      vertex -0.3629547657060101 -10.393664600998596 0.9000000000000004
    endloop
  endfacet
  facet normal 0 0 -1
    outer loop
      vertex -0.7254673269389031 -10.374666122702171 0
      vertex -0.2605792613518871 -7.793922598881023 0
      vertex -0.3629547657060101 -10.393664600998596 0
    endloop
  endfacet
  facet normal 0 0 -1
    outer loop
      vertex -0.3629547657060101 -10.393664600998596 0
      vertex -0.2605792613518871 -7.793922598881023 0
      vertex 0 -10.4 0
    endloop
  endfacet
  facet normal 0 0 -1
    outer loop
      vertex -1.4474002499846805 -10.298787914912332 0
      vertex -1.297082453429598 -7.689649415792639 0
      vertex -0.9532451645572048 -7.739796811612261 0
    endloop
  endfacet
  facet normal 0 0 -1
    outer loop
      vertex -1.0870960179835962 -10.343027711830043 0
      vertex -0.9532451645572048 -7.739796811612261 0
      vertex -0.6075152956471587 -7.774577557292084 0
    endloop
  endfacet
  facet normal 0 0 -1
    outer loop
      vertex -0.7254673269389031 -10.374666122702171 0
      vertex -0.6075152956471587 -7.774577557292084 0
      vertex -0.2605792613518871 -7.793922598881023 0
    endloop
  endfacet
  facet normal 0 0 -1
    outer loop
      vertex 0 -10.4 0
      vertex -0.2605792613518871 -7.793922598881023 0
      vertex 0.0868741289464353 -7.797793528589661 0
    endloop
  endfacet
  facet normal 0 0 -1
    outer loop
      vertex -10.393664600998596 -0.3629547657060101 0
      vertex -10.4 0 0
      vertex -10.393664600998596 0.3629547657060101 0
    endloop
  endfacet
  facet normal 0 0 -1
    outer loop
      vertex -10.393664600998596 -0.3629547657060101 0
      vertex -10.393664600998596 0.3629547657060101 0
      vertex -10.374666122702171 0.7254673269389031 0
    endloop
  endfacet
  facet normal -0.9998476951563913 0.017452406437283328 -6.827102680886125e-21
    outer loop
      vertex -10.4 0 0
      vertex -10.393664600998596 0.3629547657060101 0.9000000000000004
      vertex -10.393664600998596 0.3629547657060101 0
    endloop
  endfacet
  facet normal -0.9998476951563913 0.017452406437283328 0
    outer loop
      vertex -10.4 0 0
      vertex -10.4 0 0.9000000000000004
      vertex -10.393664600998596 0.3629547657060101 0.9000000000000004
    endloop
  endfacet
  facet normal 0 0 -1
    outer loop
      vertex -10.374666122702171 -0.7254673269389031 0
      vertex -10.374666122702171 0.7254673269389031 0
      vertex -10.343027711830043 1.0870960179835962 0
    endloop
  endfacet
  facet normal 0 0 -1
    outer loop
      vertex -10.343027711830043 -1.0870960179835962 0
      vertex -10.343027711830043 1.0870960179835962 0
      vertex -10.298787914912332 1.4474002499846805 0
    endloop
  endfacet
  facet normal 0 0 -1
    outer loop
      vertex -10.298787914912332 -1.4474002499846805 0
      vertex -10.298787914912332 1.4474002499846805 0
      vertex -10.242000631326963 1.8059410477360756 0
    endloop
  endfacet
  facet normal -0.9986295347545737 0.0523359562429469 -3.30680832109783e-19
    outer loop
      vertex -10.393664600998596 0.3629547657060101 0
      vertex -10.374666122702171 0.7254673269389031 0.9000000000000004
      vertex -10.374666122702171 0.7254673269389031 0
    endloop
  endfacet
  facet normal -0.9986295347545737 0.0523359562429469 0
    outer loop
      vertex -10.393664600998596 0.3629547657060101 0
      vertex -10.393664600998596 0.3629547657060101 0.9000000000000004
      vertex -10.374666122702171 0.7254673269389031 0.9000000000000004
    endloop
  endfacet
  facet normal -0.9961946980917458 0.08715574274765514 -7.514286305044674e-19
    outer loop
      vertex -10.374666122702171 0.7254673269389031 0
      vertex -10.343027711830043 1.0870960179835962 0.9000000000000004
      vertex -10.343027711830043 1.0870960179835962 0
    endloop
  endfacet
  facet normal 0 0 -1
    outer loop
      vertex -10.242000631326963 -1.8059410477360756 0
      vertex -10.242000631326963 1.8059410477360756 0
      vertex -10.17273504763158 2.162281584504697 0
    endloop
  endfacet
  facet normal 0 0 -1
    outer loop
      vertex -10.17273504763158 -2.162281584504697 0
      vertex -10.17273504763158 2.162281584504697 0
      vertex -10.091075553270363 2.5159877142365445 0
    endloop
  endfacet
  facet normal -0.9961946980917458 0.08715574274765514 0
    outer loop
      vertex -10.374666122702171 0.7254673269389031 0
      vertex -10.374666122702171 0.7254673269389031 0.9000000000000004
      vertex -10.343027711830043 1.0870960179835962 0.9000000000000004
    endloop
  endfacet
  facet normal -0.9925461516413219 0.12186934340514778 0
    outer loop
      vertex -10.343027711830043 1.0870960179835962 0
      vertex -10.343027711830043 1.0870960179835962 0.9000000000000004
      vertex -10.298787914912332 1.4474002499846805 0.9000000000000004
    endloop
  endfacet
  facet normal 0 0 -1
    outer loop
      vertex -10.091075553270363 -2.5159877142365445 0
      vertex -10.091075553270363 2.5159877142365445 0
      vertex -9.997121637758516 2.8666285004967915 0
    endloop
  endfacet
  facet normal 0 0 -1
    outer loop
      vertex -9.997121637758516 -2.8666285004967915 0
      vertex -9.997121637758516 2.8666285004967915 0
      vertex -9.890987769469596 3.213776741499453 0
    endloop
  endfacet
  facet normal 0 0 -1
    outer loop
      vertex -9.890987769469596 -3.213776741499453 0
      vertex -9.890987769469596 3.213776741499453 0
      vertex -9.772803256173448 3.557009490586955 0
    endloop
  endfacet
  facet normal 0 0 -1
    outer loop
      vertex -9.772803256173448 -3.557009490586955 0
      vertex -9.772803256173448 3.557009490586955 0
      vertex -9.642712087494589 3.895908571525485 0
    endloop
  endfacet
  facet normal -0.9925461516413219 0.12186934340514778 4.7745159342485924e-18
    outer loop
      vertex -10.343027711830043 1.0870960179835962 0
      vertex -10.298787914912332 1.4474002499846805 0.9000000000000004
      vertex -10.298787914912332 1.4474002499846805 0
    endloop
  endfacet
  facet normal -0.9876883405951373 0.1564344650402335 0
    outer loop
      vertex -10.298787914912332 1.4474002499846805 0
      vertex -10.298787914912332 1.4474002499846805 0.9000000000000004
      vertex -10.242000631326963 1.8059410477360756 0.9000000000000004
    endloop
  endfacet
  facet normal -0.9876883405951373 0.1564344650402335 -3.061594673408841e-18
    outer loop
      vertex -10.298787914912332 1.4474002499846805 0
      vertex -10.242000631326963 1.8059410477360756 0.9000000000000004
      vertex -10.242000631326963 1.8059410477360756 0
    endloop
  endfacet
  facet normal -0.981627183447665 0.19080899537653967 0
    outer loop
      vertex -10.242000631326963 1.8059410477360756 0
      vertex -10.242000631326963 1.8059410477360756 0.9000000000000004
      vertex -10.17273504763158 2.162281584504697 0.9000000000000004
    endloop
  endfacet
  facet normal -0.981627183447665 0.19080899537653967 4.3096139252244586e-18
    outer loop
      vertex -10.242000631326963 1.8059410477360756 0
      vertex -10.17273504763158 2.162281584504697 0.9000000000000004
      vertex -10.17273504763158 2.162281584504697 0
    endloop
  endfacet
  facet normal -0.9743700647852342 0.2249510543438693 2.1079947354120453e-18
    outer loop
      vertex -10.17273504763158 2.162281584504697 0
      vertex -10.091075553270363 2.5159877142365445 0.9000000000000004
      vertex -10.091075553270363 2.5159877142365445 0
    endloop
  endfacet
  facet normal -0.9743700647852342 0.2249510543438693 0
    outer loop
      vertex -10.17273504763158 2.162281584504697 0
      vertex -10.17273504763158 2.162281584504697 0.9000000000000004
      vertex -10.091075553270363 2.5159877142365445 0.9000000000000004
    endloop
  endfacet
  facet normal 0 0 -1
    outer loop
      vertex -9.642712087494589 -3.895908571525485 0
      vertex -9.642712087494589 3.895908571525485 0
      vertex -9.50087275948305 4.2300610879883225 0
    endloop
  endfacet
  facet normal 0 0 -1
    outer loop
      vertex -9.50087275948305 -4.2300610879883225 0
      vertex -9.50087275948305 4.2300610879883225 0
      vertex -9.347458081511338 4.559059926606405 0
    endloop
  endfacet
  facet normal 0 0 -1
    outer loop
      vertex -9.347458081511338 -4.559059926606405 0
      vertex -9.347458081511338 4.559059926606405 0
      vertex -9.18265496573284 4.8825042529732645 0
    endloop
  endfacet
  facet normal 0 0 -1
    outer loop
      vertex -9.18265496573284 -4.8825042529732645 0
      vertex -9.18265496573284 4.8825042529732645 0
      vertex -9.00666419935816 5.2 0
    endloop
  endfacet
  facet normal 0 0 -1
    outer loop
      vertex -7.966862208437371 -6.684991140740008 0
      vertex -7.7287061849649 6.958958306132126 0
      vertex -7.796341854880618 0.1737374761864921 0
    endloop
  endfacet
  facet normal 0 0 -1
    outer loop
      vertex -9.00666419935816 -5.2 0
      vertex -9.00666419935816 5.2 0
      vertex -8.81970020002683 5.5111603480253315 0
    endloop
  endfacet
  facet normal 0 0 -1
    outer loop
      vertex -8.81970020002683 -5.5111603480253315 0
      vertex -8.81970020002683 5.5111603480253315 0
      vertex -8.621990754572435 5.815606196095768 0
    endloop
  endfacet
  facet normal 0 0 -1
    outer loop
      vertex -8.621990754572435 -5.815606196095768 0
      vertex -8.621990754572435 5.815606196095768 0
      vertex -8.413776741499454 6.112966623841721 0
    endloop
  endfacet
  facet normal 0 0 -1
    outer loop
      vertex -8.413776741499454 -6.112966623841721 0
      vertex -8.413776741499454 6.112966623841721 0
      vertex -8.195311837509909 6.4028793433868465 0
    endloop
  endfacet
  facet normal 0 0 -1
    outer loop
      vertex -8.195311837509909 -6.4028793433868465 0
      vertex -8.195311837509909 6.4028793433868465 0
      vertex -7.966862208437371 6.684991140740008 0
    endloop
  endfacet
  facet normal 0 0 -1
    outer loop
      vertex -7.966862208437371 -6.684991140740008 0
      vertex -7.966862208437371 6.684991140740008 0
      vertex -7.7287061849649 6.958958306132126 0
    endloop
  endfacet
  facet normal -0.9659258262890685 0.25881904510251985 8.551511759960928e-18
    outer loop
      vertex -10.091075553270363 2.5159877142365445 0
      vertex -9.997121637758516 2.8666285004967915 0.9000000000000004
      vertex -9.997121637758516 2.8666285004967915 0
    endloop
  endfacet
  facet normal -0.9659258262890685 0.25881904510251985 0
    outer loop
      vertex -10.091075553270363 2.5159877142365445 0
      vertex -10.091075553270363 2.5159877142365445 0.9000000000000004
      vertex -9.997121637758516 2.8666285004967915 0.9000000000000004
    endloop
  endfacet
  facet normal -0.9563047559630349 0.2923717047227385 -6.117036034395912e-19
    outer loop
      vertex -9.997121637758516 2.8666285004967915 0
      vertex -9.890987769469596 3.213776741499453 0.9000000000000004
      vertex -9.890987769469596 3.213776741499453 0
    endloop
  endfacet
  facet normal -0.9563047559630349 0.2923717047227385 0
    outer loop
      vertex -9.997121637758516 2.8666285004967915 0
      vertex -9.997121637758516 2.8666285004967915 0.9000000000000004
      vertex -9.890987769469596 3.213776741499453 0.9000000000000004
    endloop
  endfacet
  facet normal -0.9455185755993184 0.3255681544571519 5.98220287994651e-18
    outer loop
      vertex -9.890987769469596 3.213776741499453 0
      vertex -9.772803256173448 3.557009490586955 0.9000000000000004
      vertex -9.772803256173448 3.557009490586955 0
    endloop
  endfacet
  facet normal -0.9455185755993184 0.3255681544571519 0
    outer loop
      vertex -9.890987769469596 3.213776741499453 0
      vertex -9.890987769469596 3.213776741499453 0.9000000000000004
      vertex -9.772803256173448 3.557009490586955 0.9000000000000004
    endloop
  endfacet
  facet normal -0.9335804264972005 0.35836794954530354 -1.0577067472025239e-17
    outer loop
      vertex -9.772803256173448 3.557009490586955 0
      vertex -9.642712087494589 3.895908571525485 0.9000000000000004
      vertex -9.642712087494589 3.895908571525485 0
    endloop
  endfacet
  facet normal -0.9335804264972005 0.35836794954530354 0
    outer loop
      vertex -9.772803256173448 3.557009490586955 0
      vertex -9.772803256173448 3.557009490586955 0.9000000000000004
      vertex -9.642712087494589 3.895908571525485 0.9000000000000004
    endloop
  endfacet
  facet normal -0.9205048534524414 0.39073112848927155 -8.447971189026273e-18
    outer loop
      vertex -9.642712087494589 3.895908571525485 0
      vertex -9.50087275948305 4.2300610879883225 0.9000000000000004
      vertex -9.50087275948305 4.2300610879883225 0
    endloop
  endfacet
  facet normal -0.9205048534524414 0.39073112848927155 0
    outer loop
      vertex -9.642712087494589 3.895908571525485 0
      vertex -9.642712087494589 3.895908571525485 0.9000000000000004
      vertex -9.50087275948305 4.2300610879883225 0.9000000000000004
    endloop
  endfacet
  facet normal -0.9063077870366504 0.42261826174069883 0
    outer loop
      vertex -9.50087275948305 4.2300610879883225 0
      vertex -9.50087275948305 4.2300610879883225 0.9000000000000004
      vertex -9.347458081511338 4.559059926606405 0.9000000000000004
    endloop
  endfacet
  facet normal -0.9063077870366504 0.42261826174069883 8.070904325454321e-18
    outer loop
      vertex -9.50087275948305 4.2300610879883225 0
      vertex -9.347458081511338 4.559059926606405 0.9000000000000004
      vertex -9.347458081511338 4.559059926606405 0
    endloop
  endfacet
  facet normal -0.8910065241883675 0.45399049973954764 6.470857955064742e-18
    outer loop
      vertex -9.347458081511338 4.559059926606405 0
      vertex -9.18265496573284 4.8825042529732645 0.9000000000000004
      vertex -9.18265496573284 4.8825042529732645 0
    endloop
  endfacet
  facet normal -0.8910065241883675 0.45399049973954764 0
    outer loop
      vertex -9.347458081511338 4.559059926606405 0
      vertex -9.347458081511338 4.559059926606405 0.9000000000000004
      vertex -9.18265496573284 4.8825042529732645 0.9000000000000004
    endloop
  endfacet
  facet normal -0.8746197071393939 0.4848096202463406 0
    outer loop
      vertex -9.18265496573284 4.8825042529732645 0
      vertex -9.18265496573284 4.8825042529732645 0.9000000000000004
      vertex -9.00666419935816 5.2 0.9000000000000004
    endloop
  endfacet
  facet normal -0.8746197071393939 0.4848096202463406 3.212700934245113e-18
    outer loop
      vertex -9.18265496573284 4.8825042529732645 0
      vertex -9.00666419935816 5.2 0.9000000000000004
      vertex -9.00666419935816 5.2 0
    endloop
  endfacet
  facet normal 0 0 -1
    outer loop
      vertex -7.7287061849649 6.958958306132126 0
      vertex -7.7808629397914695 0.5208674888824095 0
      vertex -7.796341854880618 0.1737374761864921 0
    endloop
  endfacet
  facet normal 0 0 -1
    outer loop
      vertex -7.7287061849649 6.958958306132126 0
      vertex -7.749935841566284 0.8669633673929383 0
      vertex -7.7808629397914695 0.5208674888824095 0
    endloop
  endfacet
  facet normal 0 0 -1
    outer loop
      vertex -7.7287061849649 6.958958306132126 0
      vertex -7.703621963095841 1.2113379703874534 0
      vertex -7.749935841566284 0.8669633673929383 0
    endloop
  endfacet
  facet normal 0 0 -1
    outer loop
      vertex -7.7287061849649 6.958958306132126 0
      vertex -7.642013256298824 1.553307573968542 0
      vertex -7.703621963095841 1.2113379703874534 0
    endloop
  endfacet
  facet normal 0 0 -1
    outer loop
      vertex -7.4811339235219725 7.224447052773572 0
      vertex -7.5652320395598105 1.892193229142498 0
      vertex -7.642013256298824 1.553307573968542 0
    endloop
  endfacet
  facet normal 0 0 -1
    outer loop
      vertex -7.4811339235219725 7.224447052773572 0
      vertex -7.473430754877426 2.2273221098097253 0
      vertex -7.5652320395598105 1.892193229142498 0
    endloop
  endfacet
  facet normal 0 0 -1
    outer loop
      vertex -7.4811339235219725 7.224447052773572 0
      vertex -7.3667916652048735 2.5580288485986657 0
      vertex -7.473430754877426 2.2273221098097253 0
    endloop
  endfacet
  facet normal 0 0 -1
    outer loop
      vertex -7.224447052773572 7.4811339235219725 0
      vertex -7.245526492583719 2.8836568578911206 0
      vertex -7.3667916652048735 2.5580288485986657 0
    endloop
  endfacet
  facet normal 0 0 -1
    outer loop
      vertex -7.224447052773572 7.4811339235219725 0
      vertex -7.10987599778936 3.203559633416202 0
      vertex -7.245526492583719 2.8836568578911206 0
    endloop
  endfacet
  facet normal 0 0 -1
    outer loop
      vertex -6.958958306132126 7.7287061849649 0
      vertex -6.9601095023228075 3.5171020378247158 0
      vertex -7.10987599778936 3.203559633416202 0
    endloop
  endfacet
  facet normal 0 0 -1
    outer loop
      vertex -6.958958306132126 7.7287061849649 0
      vertex -6.79652435369776 3.8236615616955762 0
      vertex -6.9601095023228075 3.5171020378247158 0
    endloop
  endfacet
  facet normal -0.8571673007021131 0.5150380749100527 2.242411452311292e-18
    outer loop
      vertex -9.00666419935816 5.2 0
      vertex -8.81970020002683 5.5111603480253315 0.9000000000000004
      vertex -8.81970020002683 5.5111603480253315 0
    endloop
  endfacet
  facet normal -0.8571673007021131 0.5150380749100527 0
    outer loop
      vertex -9.00666419935816 5.2 0
      vertex -9.00666419935816 5.2 0.9000000000000004
      vertex -8.81970020002683 5.5111603480253315 0.9000000000000004
    endloop
  endfacet
  facet normal -0.8386705679454268 0.5446390350150228 7.539209200356263e-18
    outer loop
      vertex -8.81970020002683 5.5111603480253315 0
      vertex -8.621990754572435 5.815606196095768 0.9000000000000004
      vertex -8.621990754572435 5.815606196095768 0
    endloop
  endfacet
  facet normal -0.8386705679454268 0.5446390350150228 0
    outer loop
      vertex -8.81970020002683 5.5111603480253315 0
      vertex -8.81970020002683 5.5111603480253315 0.9000000000000004
      vertex -8.621990754572435 5.815606196095768 0.9000000000000004
    endloop
  endfacet
  facet normal -0.8191520442889905 0.5735764363510479 -3.3462705501537867e-18
    outer loop
      vertex -8.621990754572435 5.815606196095768 0
      vertex -8.413776741499454 6.112966623841721 0.9000000000000004
      vertex -8.413776741499454 6.112966623841721 0
    endloop
  endfacet
  facet normal -0.8191520442889905 0.5735764363510479 0
    outer loop
      vertex -8.621990754572435 5.815606196095768 0
      vertex -8.621990754572435 5.815606196095768 0.9000000000000004
      vertex -8.413776741499454 6.112966623841721 0.9000000000000004
    endloop
  endfacet
  facet normal -0.7986355100472924 0.6018150231520488 -9.797384948530332e-18
    outer loop
      vertex -8.413776741499454 6.112966623841721 0
      vertex -8.195311837509909 6.4028793433868465 0.9000000000000004
      vertex -8.195311837509909 6.4028793433868465 0
    endloop
  endfacet
  facet normal -0.7986355100472924 0.6018150231520488 0
    outer loop
      vertex -8.413776741499454 6.112966623841721 0
      vertex -8.413776741499454 6.112966623841721 0.9000000000000004
      vertex -8.195311837509909 6.4028793433868465 0.9000000000000004
    endloop
  endfacet
  facet normal -0.7771459614569686 0.6293203910498403 0
    outer loop
      vertex -8.195311837509909 6.4028793433868465 0
      vertex -8.195311837509909 6.4028793433868465 0.9000000000000004
      vertex -7.966862208437371 6.684991140740008 0.9000000000000004
    endloop
  endfacet
  facet normal -0.7771459614569686 0.6293203910498403 3.4097503701166172e-19
    outer loop
      vertex -8.195311837509909 6.4028793433868465 0
      vertex -7.966862208437371 6.684991140740008 0.9000000000000004
      vertex -7.966862208437371 6.684991140740008 0
    endloop
  endfacet
  facet normal -0.754709580222774 0.6560590289905049 0
    outer loop
      vertex -7.966862208437371 6.684991140740008 0
      vertex -7.966862208437371 6.684991140740008 0.9000000000000004
      vertex -7.7287061849649 6.958958306132126 0.9000000000000004
    endloop
  endfacet
  facet normal -0.754709580222774 0.6560590289905049 -1.2695765029355331e-17
    outer loop
      vertex -7.966862208437371 6.684991140740008 0
      vertex -7.7287061849649 6.958958306132126 0.9000000000000004
      vertex -7.7287061849649 6.958958306132126 0
    endloop
  endfacet
  facet normal 0 0 -1
    outer loop
      vertex -7.7287061849649 6.958958306132126 0
      vertex -7.4811339235219725 7.224447052773572 0
      vertex -7.642013256298824 1.553307573968542 0
    endloop
  endfacet
  facet normal 0 0 -1
    outer loop
      vertex -7.4811339235219725 7.224447052773572 0
      vertex -7.224447052773572 7.4811339235219725 0
      vertex -7.3667916652048735 2.5580288485986657 0
    endloop
  endfacet
  facet normal 0 0 -1
    outer loop
      vertex -6.684991140740008 7.966862208437371 0
      vertex -6.619445335084655 4.122629559470631 0
      vertex -6.79652435369776 3.8236615616955762 0
    endloop
  endfacet
  facet normal 0 0 -1
    outer loop
      vertex -7.224447052773572 7.4811339235219725 0
      vertex -6.958958306132126 7.7287061849649 0
      vertex -7.10987599778936 3.203559633416202 0
    endloop
  endfacet
  facet normal -0.7313537016191707 0.6819983600624983 1.3292895140315341e-17
    outer loop
      vertex -7.7287061849649 6.958958306132126 0
      vertex -7.4811339235219725 7.224447052773572 0.9000000000000004
      vertex -7.4811339235219725 7.224447052773572 0
    endloop
  endfacet
  facet normal -0.7313537016191707 0.6819983600624983 0
    outer loop
      vertex -7.7287061849649 6.958958306132126 0
      vertex -7.7287061849649 6.958958306132126 0.9000000000000004
      vertex -7.4811339235219725 7.224447052773572 0.9000000000000004
    endloop
  endfacet
  facet normal -0.7071067811865476 0.7071067811865476 -1.454137735323554e-17
    outer loop
      vertex -7.4811339235219725 7.224447052773572 0
      vertex -7.224447052773572 7.4811339235219725 0.9000000000000004
      vertex -7.224447052773572 7.4811339235219725 0
    endloop
  endfacet
  facet normal -0.7071067811865476 0.7071067811865476 0
    outer loop
      vertex -7.4811339235219725 7.224447052773572 0
      vertex -7.4811339235219725 7.224447052773572 0.9000000000000004
      vertex -7.224447052773572 7.4811339235219725 0.9000000000000004
    endloop
  endfacet
  facet normal 0 0 -1
    outer loop
      vertex -6.958958306132126 7.7287061849649 0
      vertex -6.684991140740008 7.966862208437371 0
      vertex -6.79652435369776 3.8236615616955762 0
    endloop
  endfacet
  facet normal 0 0 -1
    outer loop
      vertex -6.684991140740008 7.966862208437371 0
      vertex -6.4028793433868465 8.195311837509909 0
      vertex -6.619445335084655 4.122629559470631 0
    endloop
  endfacet
  facet normal -0.6819983600624983 0.7313537016191707 0
    outer loop
      vertex -7.224447052773572 7.4811339235219725 0
      vertex -7.224447052773572 7.4811339235219725 0.9000000000000004
      vertex -6.958958306132126 7.7287061849649 0
    endloop
  endfacet
  facet normal -0.6819983600624983 0.7313537016191707 1.3292895140315341e-17
    outer loop
      vertex -7.224447052773572 7.4811339235219725 0.9000000000000004
      vertex -6.958958306132126 7.7287061849649 0.9000000000000004
      vertex -6.958958306132126 7.7287061849649 0
    endloop
  endfacet
  facet normal 0 0 -1
    outer loop
      vertex -6.4028793433868465 8.195311837509909 0
      vertex -6.429224020483735 4.4134124578640925 0
      vertex -6.619445335084655 4.122629559470631 0
    endloop
  endfacet
  facet normal 0 0 -1
    outer loop
      vertex -6.4028793433868465 8.195311837509909 0
      vertex -6.226238076707414 4.695432934347351 0
      vertex -6.429224020483735 4.4134124578640925 0
    endloop
  endfacet
  facet normal 0 0 -1
    outer loop
      vertex -6.112966623841721 8.413776741499454 0
      vertex -6.0108905135577935 4.968131063369397 0
      vertex -6.226238076707414 4.695432934347351 0
    endloop
  endfacet
  facet normal 0 0 -1
    outer loop
      vertex -5.815606196095768 8.621990754572435 0
      vertex -5.783608883687986 5.230965428037202 0
      vertex -6.0108905135577935 4.968131063369397 0
    endloop
  endfacet
  facet normal 0 0 -1
    outer loop
      vertex -6.4028793433868465 8.195311837509909 0
      vertex -6.112966623841721 8.413776741499454 0
      vertex -6.226238076707414 4.695432934347351 0
    endloop
  endfacet
  facet normal 0 0 -1
    outer loop
      vertex -6.112966623841721 8.413776741499454 0
      vertex -5.815606196095768 8.621990754572435 0
      vertex -6.0108905135577935 4.968131063369397 0
    endloop
  endfacet
  facet normal 0 0 -1
    outer loop
      vertex -5.5111603480253315 8.81970020002683 0
      vertex -5.544844433735909 5.483414195048822 0
      vertex -5.783608883687986 5.230965428037202 0
    endloop
  endfacet
  facet normal 0 0 -1
    outer loop
      vertex -5.5111603480253315 8.81970020002683 0
      vertex -5.295071208415852 5.724976150745127 0
      vertex -5.544844433735909 5.483414195048822 0
    endloop
  endfacet
  facet normal 0 0 -1
    outer loop
      vertex -5.815606196095768 8.621990754572435 0
      vertex -5.5111603480253315 8.81970020002683 0
      vertex -5.783608883687986 5.230965428037202 0
    endloop
  endfacet
  facet normal -0.6560590289905049 0.754709580222774 0
    outer loop
      vertex -6.958958306132126 7.7287061849649 0
      vertex -6.958958306132126 7.7287061849649 0.9000000000000004
      vertex -6.684991140740008 7.966862208437371 0
    endloop
  endfacet
  facet normal -0.6293203910498403 0.7771459614569686 0
    outer loop
      vertex -6.684991140740008 7.966862208437371 0
      vertex -6.684991140740008 7.966862208437371 0.9000000000000004
      vertex -6.4028793433868465 8.195311837509909 0
    endloop
  endfacet
  facet normal -0.6560590289905049 0.754709580222774 -1.2695765029355331e-17
    outer loop
      vertex -6.958958306132126 7.7287061849649 0.9000000000000004
      vertex -6.684991140740008 7.966862208437371 0.9000000000000004
      vertex -6.684991140740008 7.966862208437371 0
    endloop
  endfacet
  facet normal -0.6293203910498403 0.7771459614569686 3.4097503701166172e-19
    outer loop
      vertex -6.684991140740008 7.966862208437371 0.9000000000000004
      vertex -6.4028793433868465 8.195311837509909 0.9000000000000004
      vertex -6.4028793433868465 8.195311837509909 0
    endloop
  endfacet
  facet normal -0.6018150231520488 0.7986355100472924 0
    outer loop
      vertex -6.4028793433868465 8.195311837509909 0
      vertex -6.4028793433868465 8.195311837509909 0.9000000000000004
      vertex -6.112966623841721 8.413776741499454 0
    endloop
  endfacet
  facet normal -0.6018150231520488 0.7986355100472924 -9.797384948530332e-18
    outer loop
      vertex -6.4028793433868465 8.195311837509909 0.9000000000000004
      vertex -6.112966623841721 8.413776741499454 0.9000000000000004
      vertex -6.112966623841721 8.413776741499454 0
    endloop
  endfacet
  facet normal -0.5735764363510479 0.8191520442889905 0
    outer loop
      vertex -6.112966623841721 8.413776741499454 0
      vertex -6.112966623841721 8.413776741499454 0.9000000000000004
      vertex -5.815606196095768 8.621990754572435 0
    endloop
  endfacet
  facet normal -0.5735764363510479 0.8191520442889905 -3.3462705501537867e-18
    outer loop
      vertex -6.112966623841721 8.413776741499454 0.9000000000000004
      vertex -5.815606196095768 8.621990754572435 0.9000000000000004
      vertex -5.815606196095768 8.621990754572435 0
    endloop
  endfacet
  facet normal 0 0 -1
    outer loop
      vertex -5.5111603480253315 8.81970020002683 0
      vertex -5.2 9.00666419935816 0
      vertex -5.295071208415852 5.724976150745127 0
    endloop
  endfacet
  facet normal -0.5446390350150228 0.8386705679454268 0
    outer loop
      vertex -5.815606196095768 8.621990754572435 0
      vertex -5.815606196095768 8.621990754572435 0.9000000000000004
      vertex -5.5111603480253315 8.81970020002683 0
    endloop
  endfacet
  facet normal -0.5446390350150228 0.8386705679454268 7.539209200356263e-18
    outer loop
      vertex -5.815606196095768 8.621990754572435 0.9000000000000004
      vertex -5.5111603480253315 8.81970020002683 0.9000000000000004
      vertex -5.5111603480253315 8.81970020002683 0
    endloop
  endfacet
  facet normal -0.5150380749100527 0.8571673007021131 0
    outer loop
      vertex -5.5111603480253315 8.81970020002683 0
      vertex -5.5111603480253315 8.81970020002683 0.9000000000000004
      vertex -5.2 9.00666419935816 0
    endloop
  endfacet
  facet normal -0.5150380749100527 0.8571673007021131 2.242411452311292e-18
    outer loop
      vertex -5.5111603480253315 8.81970020002683 0.9000000000000004
      vertex -5.2 9.00666419935816 0.9000000000000004
      vertex -5.2 9.00666419935816 0
    endloop
  endfacet
  facet normal 0 0 -1
    outer loop
      vertex -5.2 9.00666419935816 0
      vertex -5.0347851093465845 5.9551716962231165 0
      vertex -5.295071208415852 5.724976150745127 0
    endloop
  endfacet
  facet normal 0 0 -1
    outer loop
      vertex -4.8825042529732645 9.18265496573284 0
      vertex -4.76450291048458 6.173543799535157 0
      vertex -5.0347851093465845 5.9551716962231165 0
    endloop
  endfacet
  facet normal 0 0 -1
    outer loop
      vertex -4.559059926606405 9.347458081511338 0
      vertex -4.484761232117166 6.379658903083607 0
      vertex -4.76450291048458 6.173543799535157 0
    endloop
  endfacet
  facet normal 0 0 -1
    outer loop
      vertex -4.2300610879883225 9.50087275948305 0
      vertex -4.196115475452623 6.573107784409291 0
      vertex -4.484761232117166 6.379658903083607 0
    endloop
  endfacet
  facet normal 0 0 -1
    outer loop
      vertex -3.895908571525485 9.642712087494589 0
      vertex -3.8991387199224845 6.753506368664818 0
      vertex -4.196115475452623 6.573107784409291 0
    endloop
  endfacet
  facet normal 0 0 -1
    outer loop
      vertex -5.2 9.00666419935816 0
      vertex -4.8825042529732645 9.18265496573284 0
      vertex -5.0347851093465845 5.9551716962231165 0
    endloop
  endfacet
  facet normal 0 0 -1
    outer loop
      vertex -4.8825042529732645 9.18265496573284 0
      vertex -4.559059926606405 9.347458081511338 0
      vertex -4.76450291048458 6.173543799535157 0
    endloop
  endfacet
  facet normal -0.4848096202463406 0.8746197071393939 0
    outer loop
      vertex -5.2 9.00666419935816 0
      vertex -5.2 9.00666419935816 0.9000000000000004
      vertex -4.8825042529732645 9.18265496573284 0
    endloop
  endfacet
  facet normal 0 0 -1
    outer loop
      vertex -4.559059926606405 9.347458081511338 0
      vertex -4.2300610879883225 9.50087275948305 0
      vertex -4.484761232117166 6.379658903083607 0
    endloop
  endfacet
  facet normal 0 0 -1
    outer loop
      vertex -4.2300610879883225 9.50087275948305 0
      vertex -3.895908571525485 9.642712087494589 0
      vertex -4.196115475452623 6.573107784409291 0
    endloop
  endfacet
  facet normal -0.4848096202463406 0.8746197071393939 3.212700934245113e-18
    outer loop
      vertex -5.2 9.00666419935816 0.9000000000000004
      vertex -4.8825042529732645 9.18265496573284 0.9000000000000004
      vertex -4.8825042529732645 9.18265496573284 0
    endloop
  endfacet
  facet normal -0.45399049973954764 0.8910065241883675 0
    outer loop
      vertex -4.8825042529732645 9.18265496573284 0
      vertex -4.8825042529732645 9.18265496573284 0.9000000000000004
      vertex -4.559059926606405 9.347458081511338 0
    endloop
  endfacet
  facet normal -0.45399049973954764 0.8910065241883675 6.470857955064742e-18
    outer loop
      vertex -4.8825042529732645 9.18265496573284 0.9000000000000004
      vertex -4.559059926606405 9.347458081511338 0.9000000000000004
      vertex -4.559059926606405 9.347458081511338 0
    endloop
  endfacet
  facet normal -0.42261826174069883 0.9063077870366504 0
    outer loop
      vertex -4.559059926606405 9.347458081511338 0
      vertex -4.559059926606405 9.347458081511338 0.9000000000000004
      vertex -4.2300610879883225 9.50087275948305 0
    endloop
  endfacet
  facet normal -0.42261826174069883 0.9063077870366504 8.070904325454321e-18
    outer loop
      vertex -4.559059926606405 9.347458081511338 0.9000000000000004
      vertex -4.2300610879883225 9.50087275948305 0.9000000000000004
      vertex -4.2300610879883225 9.50087275948305 0
    endloop
  endfacet
  facet normal -0.39073112848927155 0.9205048534524414 0
    outer loop
      vertex -4.2300610879883225 9.50087275948305 0
      vertex -4.2300610879883225 9.50087275948305 0.9000000000000004
      vertex -3.895908571525485 9.642712087494589 0
    endloop
  endfacet
  facet normal -0.39073112848927155 0.9205048534524414 -8.447971189026273e-18
    outer loop
      vertex -4.2300610879883225 9.50087275948305 0.9000000000000004
      vertex -3.895908571525485 9.642712087494589 0.9000000000000004
      vertex -3.895908571525485 9.642712087494589 0
    endloop
  endfacet
  facet normal 0 0 -1
    outer loop
      vertex -3.557009490586955 9.772803256173448 0
      vertex -3.594420585385381 6.920496491159636 0
      vertex -3.8991387199224845 6.753506368664818 0
    endloop
  endfacet
  facet normal 0 0 -1
    outer loop
      vertex -3.557009490586955 9.772803256173448 0
      vertex -3.2825660614913867 7.073746608462868 0
      vertex -3.594420585385381 6.920496491159636 0
    endloop
  endfacet
  facet normal 0 0 -1
    outer loop
      vertex -3.895908571525485 9.642712087494589 0
      vertex -3.557009490586955 9.772803256173448 0
      vertex -3.8991387199224845 6.753506368664818 0
    endloop
  endfacet
  facet normal 0 0 -1
    outer loop
      vertex -3.557009490586955 9.772803256173448 0
      vertex -3.213776741499453 9.890987769469596 0
      vertex -3.2825660614913867 7.073746608462868 0
    endloop
  endfacet
  facet normal 0 0 -1
    outer loop
      vertex -3.213776741499453 9.890987769469596 0
      vertex -2.9641943065310614 7.21295245665212 0
      vertex -3.2825660614913867 7.073746608462868 0
    endloop
  endfacet
  facet normal 0 0 -1
    outer loop
      vertex -2.8666285004967915 9.997121637758516 0
      vertex -2.639937418153992 7.337837655401313 0
      vertex -2.9641943065310614 7.21295245665212 0
    endloop
  endfacet
  facet normal 0 0 -1
    outer loop
      vertex -3.213776741499453 9.890987769469596 0
      vertex -2.8666285004967915 9.997121637758516 0
      vertex -2.9641943065310614 7.21295245665212 0
    endloop
  endfacet
  facet normal -0.35836794954530354 0.9335804264972005 0
    outer loop
      vertex -3.895908571525485 9.642712087494589 0
      vertex -3.895908571525485 9.642712087494589 0.9000000000000004
      vertex -3.557009490586955 9.772803256173448 0
    endloop
  endfacet
  facet normal -0.35836794954530354 0.9335804264972005 -1.0577067472025239e-17
    outer loop
      vertex -3.895908571525485 9.642712087494589 0.9000000000000004
      vertex -3.557009490586955 9.772803256173448 0.9000000000000004
      vertex -3.557009490586955 9.772803256173448 0
    endloop
  endfacet
  facet normal -0.3255681544571519 0.9455185755993184 0
    outer loop
      vertex -3.557009490586955 9.772803256173448 0
      vertex -3.557009490586955 9.772803256173448 0.9000000000000004
      vertex -3.213776741499453 9.890987769469596 0
    endloop
  endfacet
  facet normal -0.3255681544571519 0.9455185755993184 5.98220287994651e-18
    outer loop
      vertex -3.557009490586955 9.772803256173448 0.9000000000000004
      vertex -3.213776741499453 9.890987769469596 0.9000000000000004
      vertex -3.213776741499453 9.890987769469596 0
    endloop
  endfacet
  facet normal 0 0 -1
    outer loop
      vertex -2.8666285004967915 9.997121637758516 0
      vertex -2.5159877142365445 10.091075553270363 0
      vertex -2.639937418153992 7.337837655401313 0
    endloop
  endfacet
  facet normal -0.2923717047227385 0.9563047559630349 0
    outer loop
      vertex -3.213776741499453 9.890987769469596 0
      vertex -3.213776741499453 9.890987769469596 0.9000000000000004
      vertex -2.8666285004967915 9.997121637758516 0
    endloop
  endfacet
  facet normal -0.2923717047227385 0.9563047559630349 -6.117036034395912e-19
    outer loop
      vertex -3.213776741499453 9.890987769469596 0.9000000000000004
      vertex -2.8666285004967915 9.997121637758516 0.9000000000000004
      vertex -2.8666285004967915 9.997121637758516 0
    endloop
  endfacet
  facet normal -0.25881904510251985 0.9659258262890685 0
    outer loop
      vertex -2.8666285004967915 9.997121637758516 0
      vertex -2.8666285004967915 9.997121637758516 0.9000000000000004
      vertex -2.5159877142365445 10.091075553270363 0
    endloop
  endfacet
  facet normal -0.25881904510251985 0.9659258262890685 8.551511759960928e-18
    outer loop
      vertex -2.8666285004967915 9.997121637758516 0.9000000000000004
      vertex -2.5159877142365445 10.091075553270363 0.9000000000000004
      vertex -2.5159877142365445 10.091075553270363 0
    endloop
  endfacet
  facet normal 0 0 -1
    outer loop
      vertex -2.5159877142365445 10.091075553270363 0
      vertex -2.3104391783974028 7.448154256708258 0
      vertex -2.639937418153992 7.337837655401313 0
    endloop
  endfacet
  facet normal 0 0 -1
    outer loop
      vertex -2.162281584504697 10.17273504763158 0
      vertex -1.9763537755165261 7.543683237172448 0
      vertex -2.3104391783974028 7.448154256708258 0
    endloop
  endfacet
  facet normal 0 0 -1
    outer loop
      vertex -1.8059410477360756 10.242000631326963 0
      vertex -1.638344505154364 7.624234932845755 0
      vertex -1.9763537755165261 7.543683237172448 0
    endloop
  endfacet
  facet normal 0 0 -1
    outer loop
      vertex -1.4474002499846805 10.298787914912332 0
      vertex -1.297082453429598 7.689649415792639 0
      vertex -1.638344505154364 7.624234932845755 0
    endloop
  endfacet
  facet normal 0 0 -1
    outer loop
      vertex -2.5159877142365445 10.091075553270363 0
      vertex -2.162281584504697 10.17273504763158 0
      vertex -2.3104391783974028 7.448154256708258 0
    endloop
  endfacet
  facet normal 0 0 -1
    outer loop
      vertex -2.162281584504697 10.17273504763158 0
      vertex -1.8059410477360756 10.242000631326963 0
      vertex -1.9763537755165261 7.543683237172448 0
    endloop
  endfacet
  facet normal -0.2249510543438693 0.9743700647852342 0
    outer loop
      vertex -2.5159877142365445 10.091075553270363 0
      vertex -2.5159877142365445 10.091075553270363 0.9000000000000004
      vertex -2.162281584504697 10.17273504763158 0
    endloop
  endfacet
  facet normal -0.2249510543438693 0.9743700647852342 2.1079947354120453e-18
    outer loop
      vertex -2.5159877142365445 10.091075553270363 0.9000000000000004
      vertex -2.162281584504697 10.17273504763158 0.9000000000000004
      vertex -2.162281584504697 10.17273504763158 0
    endloop
  endfacet
  facet normal -0.19080899537653967 0.981627183447665 0
    outer loop
      vertex -2.162281584504697 10.17273504763158 0
      vertex -2.162281584504697 10.17273504763158 0.9000000000000004
      vertex -1.8059410477360756 10.242000631326963 0
    endloop
  endfacet
  facet normal 0 0 -1
    outer loop
      vertex -1.8059410477360756 10.242000631326963 0
      vertex -1.4474002499846805 10.298787914912332 0
      vertex -1.638344505154364 7.624234932845755 0
    endloop
  endfacet
  facet normal -0.1564344650402335 0.9876883405951373 0
    outer loop
      vertex -1.8059410477360756 10.242000631326963 0
      vertex -1.8059410477360756 10.242000631326963 0.9000000000000004
      vertex -1.4474002499846805 10.298787914912332 0
    endloop
  endfacet
  facet normal -0.19080899537653967 0.981627183447665 4.3096139252244586e-18
    outer loop
      vertex -2.162281584504697 10.17273504763158 0.9000000000000004
      vertex -1.8059410477360756 10.242000631326963 0.9000000000000004
      vertex -1.8059410477360756 10.242000631326963 0
    endloop
  endfacet
  facet normal -0.12186934340514778 0.9925461516413219 0
    outer loop
      vertex -1.4474002499846805 10.298787914912332 0
      vertex -1.4474002499846805 10.298787914912332 0.9000000000000004
      vertex -1.0870960179835962 10.343027711830043 0
    endloop
  endfacet
  facet normal -0.1564344650402335 0.9876883405951373 -3.061594673408841e-18
    outer loop
      vertex -1.8059410477360756 10.242000631326963 0.9000000000000004
      vertex -1.4474002499846805 10.298787914912332 0.9000000000000004
      vertex -1.4474002499846805 10.298787914912332 0
    endloop
  endfacet
  facet normal 0 0 -1
    outer loop
      vertex -1.0870960179835962 10.343027711830043 0
      vertex -0.9532451645572066 7.73979681161226 0
      vertex -1.297082453429598 7.689649415792639 0
    endloop
  endfacet
  facet normal 0 0 -1
    outer loop
      vertex -0.7254673269389031 10.374666122702171 0
      vertex -0.6075152956471549 7.774577557292085 0
      vertex -0.9532451645572066 7.73979681161226 0
    endloop
  endfacet
  facet normal 0 0 -1
    outer loop
      vertex -0.3629547657060101 10.393664600998596 0
      vertex -0.2605792613518871 7.793922598881023 0
      vertex -0.6075152956471549 7.774577557292085 0
    endloop
  endfacet
  facet normal 0 0 -1
    outer loop
      vertex 0 10.4 0
      vertex 0.08687412894643336 7.797793528589661 0
      vertex -0.2605792613518871 7.793922598881023 0
    endloop
  endfacet
  facet normal 0 0 -1
    outer loop
      vertex -1.4474002499846805 10.298787914912332 0
      vertex -1.0870960179835962 10.343027711830043 0
      vertex -1.297082453429598 7.689649415792639 0
    endloop
  endfacet
  facet normal 0 0 -1
    outer loop
      vertex -1.0870960179835962 10.343027711830043 0
      vertex -0.7254673269389031 10.374666122702171 0
      vertex -0.9532451645572066 7.73979681161226 0
    endloop
  endfacet
  facet normal -0.12186934340514778 0.9925461516413219 4.7745159342485924e-18
    outer loop
      vertex -1.4474002499846805 10.298787914912332 0.9000000000000004
      vertex -1.0870960179835962 10.343027711830043 0.9000000000000004
      vertex -1.0870960179835962 10.343027711830043 0
    endloop
  endfacet
  facet normal -0.08715574274765514 0.9961946980917458 0
    outer loop
      vertex -1.0870960179835962 10.343027711830043 0
      vertex -1.0870960179835962 10.343027711830043 0.9000000000000004
      vertex -0.7254673269389031 10.374666122702171 0
    endloop
  endfacet
  facet normal -0.08715574274765514 0.9961946980917458 -7.514286305044674e-19
    outer loop
      vertex -1.0870960179835962 10.343027711830043 0.9000000000000004
      vertex -0.7254673269389031 10.374666122702171 0.9000000000000004
      vertex -0.7254673269389031 10.374666122702171 0
    endloop
  endfacet
  facet normal 0 0 -1
    outer loop
      vertex -0.7254673269389031 10.374666122702171 0
      vertex -0.3629547657060101 10.393664600998596 0
      vertex -0.6075152956471549 7.774577557292085 0
    endloop
  endfacet
  facet normal 0 0 -1
    outer loop
      vertex -0.3629547657060101 10.393664600998596 0
      vertex 0 10.4 0
      vertex -0.2605792613518871 7.793922598881023 0
    endloop
  endfacet
  facet normal -0.0523359562429469 0.9986295347545737 0
    outer loop
      vertex -0.7254673269389031 10.374666122702171 0
      vertex -0.7254673269389031 10.374666122702171 0.9000000000000004
      vertex -0.3629547657060101 10.393664600998596 0
    endloop
  endfacet
  facet normal -0.0523359562429469 0.9986295347545737 -3.30680832109783e-19
    outer loop
      vertex -0.7254673269389031 10.374666122702171 0.9000000000000004
      vertex -0.3629547657060101 10.393664600998596 0.9000000000000004
      vertex -0.3629547657060101 10.393664600998596 0
    endloop
  endfacet
  facet normal -0.017452406437283328 0.9998476951563913 0
    outer loop
      vertex -0.3629547657060101 10.393664600998596 0
      vertex -0.3629547657060101 10.393664600998596 0.9000000000000004
      vertex 0 10.4 0
    endloop
  endfacet
  facet normal -0.017452406437283328 0.9998476951563913 -6.827102680886125e-21
    outer loop
      vertex -0.3629547657060101 10.393664600998596 0.9000000000000004
      vertex 0 10.4 0.9000000000000004
      vertex 0 10.4 0
    endloop
  endfacet
  facet normal 0.017452406437283328 -0.9998476951563913 -6.827102680886125e-21
    outer loop
      vertex 0 -10.4 0
      vertex 0.3629547657060101 -10.393664600998596 0
      vertex 0.3629547657060101 -10.393664600998596 0.9000000000000004
    endloop
  endfacet
  facet normal 0.017452406437283328 -0.9998476951563913 0
    outer loop
      vertex 0 -10.4 0
      vertex 0.3629547657060101 -10.393664600998596 0.9000000000000004
      vertex 0 -10.4 0.9000000000000004
    endloop
  endfacet
  facet normal 0.0523359562429469 -0.9986295347545737 -3.30680832109783e-19
    outer loop
      vertex 0.3629547657060101 -10.393664600998596 0
      vertex 0.7254673269389031 -10.374666122702171 0
      vertex 0.7254673269389031 -10.374666122702171 0.9000000000000004
    endloop
  endfacet
  facet normal 0.0523359562429469 -0.9986295347545737 0
    outer loop
      vertex 0.3629547657060101 -10.393664600998596 0
      vertex 0.7254673269389031 -10.374666122702171 0.9000000000000004
      vertex 0.3629547657060101 -10.393664600998596 0.9000000000000004
    endloop
  endfacet
  facet normal 0 0 -1
    outer loop
      vertex 0 -10.4 0
      vertex 0.43415503870317856 -7.786182661045376 0
      vertex 0.3629547657060101 -10.393664600998596 0
    endloop
  endfacet
  facet normal 0 0 -1
    outer loop
      vertex 0.3629547657060101 -10.393664600998596 0
      vertex 0.7805739738178857 -7.759113048550921 0
      vertex 0.7254673269389031 -10.374666122702171 0
    endloop
  endfacet
  facet normal 0.08715574274765514 -0.9961946980917458 -7.514286305044674e-19
    outer loop
      vertex 0.7254673269389031 -10.374666122702171 0
      vertex 1.0870960179835962 -10.343027711830043 0
      vertex 1.0870960179835962 -10.343027711830043 0.9000000000000004
    endloop
  endfacet
  facet normal 0.08715574274765514 -0.9961946980917458 0
    outer loop
      vertex 0.7254673269389031 -10.374666122702171 0
      vertex 1.0870960179835962 -10.343027711830043 0.9000000000000004
      vertex 0.7254673269389031 -10.374666122702171 0.9000000000000004
    endloop
  endfacet
  facet normal 0.12186934340514778 -0.9925461516413219 0
    outer loop
      vertex 1.0870960179835962 -10.343027711830043 0
      vertex 1.4474002499846805 -10.298787914912332 0.9000000000000004
      vertex 1.0870960179835962 -10.343027711830043 0.9000000000000004
    endloop
  endfacet
  facet normal 0 0 -1
    outer loop
      vertex 0.7254673269389031 -10.374666122702171 0
      vertex 0.7805739738178857 -7.759113048550921 0
      vertex 1.0870960179835962 -10.343027711830043 0
    endloop
  endfacet
  facet normal 0 0 -1
    outer loop
      vertex 0 -10.4 0
      vertex 0.0868741289464353 -7.797793528589661 0
      vertex 0.43415503870317856 -7.786182661045376 0
    endloop
  endfacet
  facet normal 0 0 -1
    outer loop
      vertex 0.3629547657060101 -10.393664600998596 0
      vertex 0.43415503870317856 -7.786182661045376 0
      vertex 0.7805739738178857 -7.759113048550921 0
    endloop
  endfacet
  facet normal 0 0 -1
    outer loop
      vertex 1.0870960179835962 -10.343027711830043 0
      vertex 0.7805739738178857 -7.759113048550921 0
      vertex 1.1254431515609398 -7.716638435316222 0
    endloop
  endfacet
  facet normal 0 0 -1
    outer loop
      vertex 1.0870960179835962 -10.343027711830043 0
      vertex 1.1254431515609398 -7.716638435316222 0
      vertex 1.468077866102534 -7.658843150754221 0
    endloop
  endfacet
  facet normal 0.12186934340514778 -0.9925461516413219 4.7745159342485924e-18
    outer loop
      vertex 1.0870960179835962 -10.343027711830043 0
      vertex 1.4474002499846805 -10.298787914912332 0
      vertex 1.4474002499846805 -10.298787914912332 0.9000000000000004
    endloop
  endfacet
  facet normal 0.1564344650402335 -0.9876883405951373 0
    outer loop
      vertex 1.4474002499846805 -10.298787914912332 0
      vertex 1.8059410477360756 -10.242000631326963 0.9000000000000004
      vertex 1.4474002499846805 -10.298787914912332 0.9000000000000004
    endloop
  endfacet
  facet normal 0.1564344650402335 -0.9876883405951373 -3.061594673408841e-18
    outer loop
      vertex 1.4474002499846805 -10.298787914912332 0
      vertex 1.8059410477360756 -10.242000631326963 0
      vertex 1.8059410477360756 -10.242000631326963 0.9000000000000004
    endloop
  endfacet
  facet normal 0.19080899537653967 -0.981627183447665 0
    outer loop
      vertex 1.8059410477360756 -10.242000631326963 0
      vertex 2.162281584504697 -10.17273504763158 0.9000000000000004
      vertex 1.8059410477360756 -10.242000631326963 0.9000000000000004
    endloop
  endfacet
  facet normal 0 0 -1
    outer loop
      vertex 1.0870960179835962 -10.343027711830043 0
      vertex 1.468077866102534 -7.658843150754221 0
      vertex 1.4474002499846805 -10.298787914912332 0
    endloop
  endfacet
  facet normal 0 0 -1
    outer loop
      vertex 1.4474002499846805 -10.298787914912332 0
      vertex 1.8077978479327377 -7.585841942052627 0
      vertex 1.8059410477360756 -10.242000631326963 0
    endloop
  endfacet
  facet normal 0.19080899537653967 -0.981627183447665 4.3096139252244586e-18
    outer loop
      vertex 1.8059410477360756 -10.242000631326963 0
      vertex 2.162281584504697 -10.17273504763158 0
      vertex 2.162281584504697 -10.17273504763158 0.9000000000000004
    endloop
  endfacet
  facet normal 0.2249510543438693 -0.9743700647852342 2.1079947354120453e-18
    outer loop
      vertex 2.162281584504697 -10.17273504763158 0
      vertex 2.5159877142365445 -10.091075553270363 0
      vertex 2.5159877142365445 -10.091075553270363 0.9000000000000004
    endloop
  endfacet
  facet normal 0.2249510543438693 -0.9743700647852342 0
    outer loop
      vertex 2.162281584504697 -10.17273504763158 0
      vertex 2.5159877142365445 -10.091075553270363 0.9000000000000004
      vertex 2.162281584504697 -10.17273504763158 0.9000000000000004
    endloop
  endfacet
  facet normal 0 0 -1
    outer loop
      vertex 1.8059410477360756 -10.242000631326963 0
      vertex 2.143928614473589 -7.4977797463540075 0
      vertex 2.162281584504697 -10.17273504763158 0
    endloop
  endfacet
  facet normal 0 0 -1
    outer loop
      vertex 2.162281584504697 -10.17273504763158 0
      vertex 2.475802809201879 -7.394831402996494 0
      vertex 2.5159877142365445 -10.091075553270363 0
    endloop
  endfacet
  facet normal 0 0 -1
    outer loop
      vertex 1.4474002499846805 -10.298787914912332 0
      vertex 1.468077866102534 -7.658843150754221 0
      vertex 1.8077978479327377 -7.585841942052627 0
    endloop
  endfacet
  facet normal 0 0 -1
    outer loop
      vertex 1.8059410477360756 -10.242000631326963 0
      vertex 1.8077978479327377 -7.585841942052627 0
      vertex 2.143928614473589 -7.4977797463540075 0
    endloop
  endfacet
  facet normal 0 0 -1
    outer loop
      vertex 2.162281584504697 -10.17273504763158 0
      vertex 2.143928614473589 -7.4977797463540075 0
      vertex 2.475802809201879 -7.394831402996494 0
    endloop
  endfacet
  facet normal 0 0 -1
    outer loop
      vertex 2.5159877142365445 -10.091075553270363 0
      vertex 2.475802809201879 -7.394831402996494 0
      vertex 2.8027615266237036 -7.277201306386472 0
    endloop
  endfacet
  facet normal 0.25881904510251985 -0.9659258262890685 8.551511759960928e-18
    outer loop
      vertex 2.5159877142365445 -10.091075553270363 0
      vertex 2.8666285004967915 -9.997121637758516 0
      vertex 2.8666285004967915 -9.997121637758516 0.9000000000000004
    endloop
  endfacet
  facet normal 0.25881904510251985 -0.9659258262890685 0
    outer loop
      vertex 2.5159877142365445 -10.091075553270363 0
      vertex 2.8666285004967915 -9.997121637758516 0.9000000000000004
      vertex 2.5159877142365445 -10.091075553270363 0.9000000000000004
    endloop
  endfacet
  facet normal 0.2923717047227385 -0.9563047559630349 -6.117036034395912e-19
    outer loop
      vertex 2.8666285004967915 -9.997121637758516 0
      vertex 3.213776741499453 -9.890987769469596 0
      vertex 3.213776741499453 -9.890987769469596 0.9000000000000004
    endloop
  endfacet
  facet normal 0.2923717047227385 -0.9563047559630349 0
    outer loop
      vertex 2.8666285004967915 -9.997121637758516 0
      vertex 3.213776741499453 -9.890987769469596 0.9000000000000004
      vertex 2.8666285004967915 -9.997121637758516 0.9000000000000004
    endloop
  endfacet
  facet normal 0 0 -1
    outer loop
      vertex 2.5159877142365445 -10.091075553270363 0
      vertex 2.8027615266237036 -7.277201306386472 0
      vertex 2.8666285004967915 -9.997121637758516 0
    endloop
  endfacet
  facet normal 0.3255681544571519 -0.9455185755993184 5.98220287994651e-18
    outer loop
      vertex 3.213776741499453 -9.890987769469596 0
      vertex 3.557009490586955 -9.772803256173448 0
      vertex 3.557009490586955 -9.772803256173448 0.9000000000000004
    endloop
  endfacet
  facet normal 0.3255681544571519 -0.9455185755993184 0
    outer loop
      vertex 3.213776741499453 -9.890987769469596 0
      vertex 3.557009490586955 -9.772803256173448 0.9000000000000004
      vertex 3.213776741499453 -9.890987769469596 0.9000000000000004
    endloop
  endfacet
  facet normal 0.35836794954530354 -0.9335804264972005 -1.0577067472025239e-17
    outer loop
      vertex 3.557009490586955 -9.772803256173448 0
      vertex 3.895908571525485 -9.642712087494589 0
      vertex 3.895908571525485 -9.642712087494589 0.9000000000000004
    endloop
  endfacet
  facet normal 0.35836794954530354 -0.9335804264972005 0
    outer loop
      vertex 3.557009490586955 -9.772803256173448 0
      vertex 3.895908571525485 -9.642712087494589 0.9000000000000004
      vertex 3.557009490586955 -9.772803256173448 0.9000000000000004
    endloop
  endfacet
  facet normal 0 0 -1
    outer loop
      vertex 2.8666285004967915 -9.997121637758516 0
      vertex 3.1241556204703524 -7.145123000192405 0
      vertex 3.213776741499453 -9.890987769469596 0
    endloop
  endfacet
  facet normal 0 0 -1
    outer loop
      vertex 2.8666285004967915 -9.997121637758516 0
      vertex 2.8027615266237036 -7.277201306386472 0
      vertex 3.1241556204703524 -7.145123000192405 0
    endloop
  endfacet
  facet normal 0 0 -1
    outer loop
      vertex 3.213776741499453 -9.890987769469596 0
      vertex 3.4393469925181592 -6.998858713665486 0
      vertex 3.557009490586955 -9.772803256173448 0
    endloop
  endfacet
  facet normal 0 0 -1
    outer loop
      vertex 3.557009490586955 -9.772803256173448 0
      vertex 3.7477098594734164 -6.8386988410077505 0
      vertex 3.895908571525485 -9.642712087494589 0
    endloop
  endfacet
  facet normal 0 0 -1
    outer loop
      vertex 3.213776741499453 -9.890987769469596 0
      vertex 3.1241556204703524 -7.145123000192405 0
      vertex 3.4393469925181592 -6.998858713665486 0
    endloop
  endfacet
  facet normal 0 0 -1
    outer loop
      vertex 3.557009490586955 -9.772803256173448 0
      vertex 3.4393469925181592 -6.998858713665486 0
      vertex 3.7477098594734164 -6.8386988410077505 0
    endloop
  endfacet
  facet normal 0.39073112848927155 -0.9205048534524414 -8.447971189026273e-18
    outer loop
      vertex 3.895908571525485 -9.642712087494589 0
      vertex 4.2300610879883225 -9.50087275948305 0
      vertex 4.2300610879883225 -9.50087275948305 0.9000000000000004
    endloop
  endfacet
  facet normal 0.39073112848927155 -0.9205048534524414 0
    outer loop
      vertex 3.895908571525485 -9.642712087494589 0
      vertex 4.2300610879883225 -9.50087275948305 0.9000000000000004
      vertex 3.895908571525485 -9.642712087494589 0.9000000000000004
    endloop
  endfacet
  facet normal 0.42261826174069883 -0.9063077870366504 0
    outer loop
      vertex 4.2300610879883225 -9.50087275948305 0
      vertex 4.559059926606405 -9.347458081511338 0.9000000000000004
      vertex 4.2300610879883225 -9.50087275948305 0.9000000000000004
    endloop
  endfacet
  facet normal 0.42261826174069883 -0.9063077870366504 8.070904325454321e-18
    outer loop
      vertex 4.2300610879883225 -9.50087275948305 0
      vertex 4.559059926606405 -9.347458081511338 0
      vertex 4.559059926606405 -9.347458081511338 0.9000000000000004
    endloop
  endfacet
  facet normal 0.45399049973954764 -0.8910065241883675 6.470857955064742e-18
    outer loop
      vertex 4.559059926606405 -9.347458081511338 0
      vertex 4.8825042529732645 -9.18265496573284 0
      vertex 4.8825042529732645 -9.18265496573284 0.9000000000000004
    endloop
  endfacet
  facet normal 0.45399049973954764 -0.8910065241883675 0
    outer loop
      vertex 4.559059926606405 -9.347458081511338 0
      vertex 4.8825042529732645 -9.18265496573284 0.9000000000000004
      vertex 4.559059926606405 -9.347458081511338 0.9000000000000004
    endloop
  endfacet
  facet normal 0.4848096202463406 -0.8746197071393939 0
    outer loop
      vertex 4.8825042529732645 -9.18265496573284 0
      vertex 5.2 -9.00666419935816 0.9000000000000004
      vertex 4.8825042529732645 -9.18265496573284 0.9000000000000004
    endloop
  endfacet
  facet normal 0 0 -1
    outer loop
      vertex 3.895908571525485 -9.642712087494589 0
      vertex 4.048631995407202 -6.664961364821263 0
      vertex 4.2300610879883225 -9.50087275948305 0
    endloop
  endfacet
  facet normal 0 0 -1
    outer loop
      vertex 4.2300610879883225 -9.50087275948305 0
      vertex 4.34151594727331 -6.477991224783077 0
      vertex 4.559059926606405 -9.347458081511338 0
    endloop
  endfacet
  facet normal 0.4848096202463406 -0.8746197071393939 3.212700934245113e-18
    outer loop
      vertex 4.8825042529732645 -9.18265496573284 0
      vertex 5.2 -9.00666419935816 0
      vertex 5.2 -9.00666419935816 0.9000000000000004
    endloop
  endfacet
  facet normal 0 0 -1
    outer loop
      vertex 4.559059926606405 -9.347458081511338 0
      vertex 4.625780221095931 -6.278159632799463 0
      vertex 4.8825042529732645 -9.18265496573284 0
    endloop
  endfacet
  facet normal 0 0 -1
    outer loop
      vertex 4.8825042529732645 -9.18265496573284 0
      vertex 5.166210447096946 -5.8415238290279525 0
      vertex 5.2 -9.00666419935816 0
    endloop
  endfacet
  facet normal 0 0 -1
    outer loop
      vertex 3.895908571525485 -9.642712087494589 0
      vertex 3.7477098594734164 -6.8386988410077505 0
      vertex 4.048631995407202 -6.664961364821263 0
    endloop
  endfacet
  facet normal 0 0 -1
    outer loop
      vertex 4.2300610879883225 -9.50087275948305 0
      vertex 4.048631995407202 -6.664961364821263 0
      vertex 4.34151594727331 -6.477991224783077 0
    endloop
  endfacet
  facet normal 0 0 -1
    outer loop
      vertex 4.559059926606405 -9.347458081511338 0
      vertex 4.34151594727331 -6.477991224783077 0
      vertex 4.625780221095931 -6.278159632799463 0
    endloop
  endfacet
  facet normal 0 0 -1
    outer loop
      vertex 4.8825042529732645 -9.18265496573284 0
      vertex 4.625780221095931 -6.278159632799463 0
      vertex 4.900860436472137 -6.065863335999019 0
    endloop
  endfacet
  facet normal 0 0 -1
    outer loop
      vertex 4.8825042529732645 -9.18265496573284 0
      vertex 4.900860436472137 -6.065863335999019 0
      vertex 5.166210447096946 -5.8415238290279525 0
    endloop
  endfacet
  facet normal 0.5150380749100527 -0.8571673007021131 2.242411452311292e-18
    outer loop
      vertex 5.2 -9.00666419935816 0
      vertex 5.5111603480253315 -8.81970020002683 0
      vertex 5.5111603480253315 -8.81970020002683 0.9000000000000004
    endloop
  endfacet
  facet normal 0.5150380749100527 -0.8571673007021131 0
    outer loop
      vertex 5.2 -9.00666419935816 0
      vertex 5.5111603480253315 -8.81970020002683 0.9000000000000004
      vertex 5.2 -9.00666419935816 0.9000000000000004
    endloop
  endfacet
  facet normal 0.5446390350150228 -0.8386705679454268 7.539209200356263e-18
    outer loop
      vertex 5.5111603480253315 -8.81970020002683 0
      vertex 5.815606196095768 -8.621990754572435 0
      vertex 5.815606196095768 -8.621990754572435 0.9000000000000004
    endloop
  endfacet
  facet normal 0.5446390350150228 -0.8386705679454268 0
    outer loop
      vertex 5.5111603480253315 -8.81970020002683 0
      vertex 5.815606196095768 -8.621990754572435 0.9000000000000004
      vertex 5.5111603480253315 -8.81970020002683 0.9000000000000004
    endloop
  endfacet
  facet normal 0 0 -1
    outer loop
      vertex 5.2 -9.00666419935816 0
      vertex 5.42130342508622 -5.605586517211505 0
      vertex 5.5111603480253315 -8.81970020002683 0
    endloop
  endfacet
  facet normal 0.5735764363510479 -0.8191520442889905 -3.3462705501537867e-18
    outer loop
      vertex 5.815606196095768 -8.621990754572435 0
      vertex 6.112966623841721 -8.413776741499454 0
      vertex 6.112966623841721 -8.413776741499454 0.9000000000000004
    endloop
  endfacet
  facet normal 0.5735764363510479 -0.8191520442889905 0
    outer loop
      vertex 5.815606196095768 -8.621990754572435 0
      vertex 6.112966623841721 -8.413776741499454 0.9000000000000004
      vertex 5.815606196095768 -8.621990754572435 0.9000000000000004
    endloop
  endfacet
  facet normal 0.6018150231520488 -0.7986355100472924 -9.797384948530332e-18
    outer loop
      vertex 6.112966623841721 -8.413776741499454 0
      vertex 6.4028793433868465 -8.195311837509909 0
      vertex 6.4028793433868465 -8.195311837509909 0.9000000000000004
    endloop
  endfacet
  facet normal 0.6018150231520488 -0.7986355100472924 0
    outer loop
      vertex 6.112966623841721 -8.413776741499454 0
      vertex 6.4028793433868465 -8.195311837509909 0.9000000000000004
      vertex 6.112966623841721 -8.413776741499454 0.9000000000000004
    endloop
  endfacet
  facet normal 0.6293203910498403 -0.7771459614569686 0
    outer loop
      vertex 6.4028793433868465 -8.195311837509909 0
      vertex 6.684991140740008 -7.966862208437371 0.9000000000000004
      vertex 6.4028793433868465 -8.195311837509909 0.9000000000000004
    endloop
  endfacet
  facet normal 0.6293203910498403 -0.7771459614569686 3.4097503701166172e-19
    outer loop
      vertex 6.4028793433868465 -8.195311837509909 0
      vertex 6.684991140740008 -7.966862208437371 0
      vertex 6.684991140740008 -7.966862208437371 0.9000000000000004
    endloop
  endfacet
  facet normal 0.6560590289905049 -0.754709580222774 0
    outer loop
      vertex 6.684991140740008 -7.966862208437371 0
      vertex 6.958958306132126 -7.7287061849649 0.9000000000000004
      vertex 6.684991140740008 -7.966862208437371 0.9000000000000004
    endloop
  endfacet
  facet normal 0.6560590289905049 -0.754709580222774 -1.2695765029355331e-17
    outer loop
      vertex 6.684991140740008 -7.966862208437371 0
      vertex 6.958958306132126 -7.7287061849649 0
      vertex 6.958958306132126 -7.7287061849649 0.9000000000000004
    endloop
  endfacet
  facet normal 0 0 -1
    outer loop
      vertex 5.5111603480253315 -8.81970020002683 0
      vertex 5.665632906944687 -5.358519832242902 0
      vertex 5.815606196095768 -8.621990754572435 0
    endloop
  endfacet
  facet normal 0 0 -1
    outer loop
      vertex 5.2 -9.00666419935816 0
      vertex 5.166210447096946 -5.8415238290279525 0
      vertex 5.42130342508622 -5.605586517211505 0
    endloop
  endfacet
  facet normal 0 0 -1
    outer loop
      vertex 5.5111603480253315 -8.81970020002683 0
      vertex 5.42130342508622 -5.605586517211505 0
      vertex 5.665632906944687 -5.358519832242902 0
    endloop
  endfacet
  facet normal 0 0 -1
    outer loop
      vertex 5.815606196095768 -8.621990754572435 0
      vertex 5.89871379910234 -5.100814302155554 0
      vertex 6.112966623841721 -8.413776741499454 0
    endloop
  endfacet
  facet normal 0 0 -1
    outer loop
      vertex 6.112966623841721 -8.413776741499454 0
      vertex 6.329302023971475 -4.555553415134719 0
      vertex 6.4028793433868465 -8.195311837509909 0
    endloop
  endfacet
  facet normal 0 0 -1
    outer loop
      vertex 5.815606196095768 -8.621990754572435 0
      vertex 5.665632906944687 -5.358519832242902 0
      vertex 5.89871379910234 -5.100814302155554 0
    endloop
  endfacet
  facet normal 0 0 -1
    outer loop
      vertex 6.112966623841721 -8.413776741499454 0
      vertex 5.89871379910234 -5.100814302155554 0
      vertex 6.12008334102278 -4.832981577425105 0
    endloop
  endfacet
  facet normal 0 0 -1
    outer loop
      vertex 6.112966623841721 -8.413776741499454 0
      vertex 6.12008334102278 -4.832981577425105 0
      vertex 6.329302023971475 -4.555553415134719 0
    endloop
  endfacet
  facet normal 0 0 -1
    outer loop
      vertex 6.4028793433868465 -8.195311837509909 0
      vertex 6.329302023971475 -4.555553415134719 0
      vertex 6.525954463619628 -4.269080623220656 0
    endloop
  endfacet
  facet normal 0.6819983600624983 -0.7313537016191707 1.3292895140315341e-17
    outer loop
      vertex 6.958958306132126 -7.7287061849649 0
      vertex 7.224447052773572 -7.4811339235219725 0
      vertex 7.224447052773572 -7.4811339235219725 0.9000000000000004
    endloop
  endfacet
  facet normal 0.6819983600624983 -0.7313537016191707 0
    outer loop
      vertex 6.958958306132126 -7.7287061849649 0
      vertex 7.224447052773572 -7.4811339235219725 0.9000000000000004
      vertex 6.958958306132126 -7.7287061849649 0.9000000000000004
    endloop
  endfacet
  facet normal 0 0 -1
    outer loop
      vertex 6.4028793433868465 -8.195311837509909 0
      vertex 6.525954463619628 -4.269080623220656 0
      vertex 6.684991140740008 -7.966862208437371 0
    endloop
  endfacet
  facet normal 0.7071067811865476 -0.7071067811865476 0
    outer loop
      vertex 7.224447052773572 -7.4811339235219725 0
      vertex 7.4811339235219725 -7.224447052773572 0
      vertex 7.224447052773572 -7.4811339235219725 0.9000000000000004
    endloop
  endfacet
  facet normal 0.7071067811865476 -0.7071067811865476 -1.454137735323554e-17
    outer loop
      vertex 7.224447052773572 -7.4811339235219725 0.9000000000000004
      vertex 7.4811339235219725 -7.224447052773572 0
      vertex 7.4811339235219725 -7.224447052773572 0.9000000000000004
    endloop
  endfacet
  facet normal 0.7313537016191707 -0.6819983600624983 0
    outer loop
      vertex 7.4811339235219725 -7.224447052773572 0
      vertex 7.7287061849649 -6.958958306132126 0
      vertex 7.4811339235219725 -7.224447052773572 0.9000000000000004
    endloop
  endfacet
  facet normal 0.7313537016191707 -0.6819983600624983 1.3292895140315341e-17
    outer loop
      vertex 7.4811339235219725 -7.224447052773572 0.9000000000000004
      vertex 7.7287061849649 -6.958958306132126 0
      vertex 7.7287061849649 -6.958958306132126 0.9000000000000004
    endloop
  endfacet
  facet normal 0 0 -1
    outer loop
      vertex 6.684991140740008 -7.966862208437371 0
      vertex 6.8800245964365425 -3.6712930394103926 0
      vertex 6.958958306132126 -7.7287061849649 0
    endloop
  endfacet
  facet normal 0 0 -1
    outer loop
      vertex 6.958958306132126 -7.7287061849649 0
      vertex 7.036739316130891 -3.3611650994279887 0
      vertex 7.224447052773572 -7.4811339235219725 0
    endloop
  endfacet
  facet normal 0 0 -1
    outer loop
      vertex 6.684991140740008 -7.966862208437371 0
      vertex 6.525954463619628 -4.269080623220656 0
      vertex 6.709650224751326 -3.974131966894089 0
    endloop
  endfacet
  facet normal 0 0 -1
    outer loop
      vertex 6.684991140740008 -7.966862208437371 0
      vertex 6.709650224751326 -3.974131966894089 0
      vertex 6.8800245964365425 -3.6712930394103926 0
    endloop
  endfacet
  facet normal 0 0 -1
    outer loop
      vertex 7.224447052773572 -7.4811339235219725 0
      vertex 7.307972966987392 -2.7215183524232414 0
      vertex 7.4811339235219725 -7.224447052773572 0
    endloop
  endfacet
  facet normal 0 0 -1
    outer loop
      vertex 7.4811339235219725 -7.224447052773572 0
      vertex 7.605510386813257 -1.72317810596313 0
      vertex 7.7287061849649 -6.958958306132126 0
    endloop
  endfacet
  facet normal 0.754709580222774 -0.6560590289905049 0
    outer loop
      vertex 7.7287061849649 -6.958958306132126 0
      vertex 7.966862208437371 -6.684991140740008 0
      vertex 7.7287061849649 -6.958958306132126 0.9000000000000004
    endloop
  endfacet
  facet normal 0.7771459614569686 -0.6293203910498403 0
    outer loop
      vertex 7.966862208437371 -6.684991140740008 0
      vertex 8.195311837509909 -6.4028793433868465 0
      vertex 7.966862208437371 -6.684991140740008 0.9000000000000004
    endloop
  endfacet
  facet normal 0.754709580222774 -0.6560590289905049 -1.2695765029355331e-17
    outer loop
      vertex 7.7287061849649 -6.958958306132126 0.9000000000000004
      vertex 7.966862208437371 -6.684991140740008 0
      vertex 7.966862208437371 -6.684991140740008 0.9000000000000004
    endloop
  endfacet
  facet normal 0.7771459614569686 -0.6293203910498403 3.4097503701166172e-19
    outer loop
      vertex 7.966862208437371 -6.684991140740008 0.9000000000000004
      vertex 8.195311837509909 -6.4028793433868465 0
      vertex 8.195311837509909 -6.4028793433868465 0.9000000000000004
    endloop
  endfacet
  facet normal 0.7986355100472924 -0.6018150231520488 0
    outer loop
      vertex 8.195311837509909 -6.4028793433868465 0
      vertex 8.413776741499454 -6.112966623841721 0
      vertex 8.195311837509909 -6.4028793433868465 0.9000000000000004
    endloop
  endfacet
  facet normal 0.7986355100472924 -0.6018150231520488 -9.797384948530332e-18
    outer loop
      vertex 8.195311837509909 -6.4028793433868465 0.9000000000000004
      vertex 8.413776741499454 -6.112966623841721 0
      vertex 8.413776741499454 -6.112966623841721 0.9000000000000004
    endloop
  endfacet
  facet normal 0.8191520442889905 -0.5735764363510479 0
    outer loop
      vertex 8.413776741499454 -6.112966623841721 0
      vertex 8.621990754572435 -5.815606196095768 0
      vertex 8.413776741499454 -6.112966623841721 0.9000000000000004
    endloop
  endfacet
  facet normal 0.8191520442889905 -0.5735764363510479 -3.3462705501537867e-18
    outer loop
      vertex 8.413776741499454 -6.112966623841721 0.9000000000000004
      vertex 8.621990754572435 -5.815606196095768 0
      vertex 8.621990754572435 -5.815606196095768 0.9000000000000004
    endloop
  endfacet
  facet normal 0.8386705679454268 -0.5446390350150228 0
    outer loop
      vertex 8.621990754572435 -5.815606196095768 0
      vertex 8.81970020002683 -5.5111603480253315 0
      vertex 8.621990754572435 -5.815606196095768 0.9000000000000004
    endloop
  endfacet
  facet normal 0.8386705679454268 -0.5446390350150228 7.539209200356263e-18
    outer loop
      vertex 8.621990754572435 -5.815606196095768 0.9000000000000004
      vertex 8.81970020002683 -5.5111603480253315 0
      vertex 8.81970020002683 -5.5111603480253315 0.9000000000000004
    endloop
  endfacet
  facet normal 0.8571673007021131 -0.5150380749100527 0
    outer loop
      vertex 8.81970020002683 -5.5111603480253315 0
      vertex 9.00666419935816 -5.2 0
      vertex 8.81970020002683 -5.5111603480253315 0.9000000000000004
    endloop
  endfacet
  facet normal 0.8571673007021131 -0.5150380749100527 2.242411452311292e-18
    outer loop
      vertex 8.81970020002683 -5.5111603480253315 0.9000000000000004
      vertex 9.00666419935816 -5.2 0
      vertex 9.00666419935816 -5.2 0.9000000000000004
    endloop
  endfacet
  facet normal 0 0 -1
    outer loop
      vertex 6.958958306132126 -7.7287061849649 0
      vertex 6.8800245964365425 -3.6712930394103926 0
      vertex 7.036739316130891 -3.3611650994279887 0
    endloop
  endfacet
  facet normal 0 0 -1
    outer loop
      vertex 7.224447052773572 -7.4811339235219725 0
      vertex 7.036739316130891 -3.3611650994279887 0
      vertex 7.179483241264621 -3.0443638772649133 0
    endloop
  endfacet
  facet normal 0 0 -1
    outer loop
      vertex 7.224447052773572 -7.4811339235219725 0
      vertex 7.179483241264621 -3.0443638772649133 0
      vertex 7.307972966987392 -2.7215183524232414 0
    endloop
  endfacet
  facet normal 0 0 -1
    outer loop
      vertex 7.4811339235219725 -7.224447052773572 0
      vertex 7.307972966987392 -2.7215183524232414 0
      vertex 7.421953388842351 -2.3932695048085493 0
    endloop
  endfacet
  facet normal 0 0 -1
    outer loop
      vertex 7.4811339235219725 -7.224447052773572 0
      vertex 7.421953388842351 -2.3932695048085493 0
      vertex 7.521198209252433 -2.0602690421236263 0
    endloop
  endfacet
  facet normal 0 0 -1
    outer loop
      vertex 7.4811339235219725 -7.224447052773572 0
      vertex 7.521198209252433 -2.0602690421236263 0
      vertex 7.605510386813257 -1.72317810596313 0
    endloop
  endfacet
  facet normal 0 0 -1
    outer loop
      vertex 7.7287061849649 -6.958958306132126 0
      vertex 7.605510386813257 -1.72317810596313 0
      vertex 7.674722527500576 -1.3826659591782011 0
    endloop
  endfacet
  facet normal 0 0 -1
    outer loop
      vertex 7.7287061849649 -6.958958306132126 0
      vertex 7.674722527500576 -1.3826659591782011 0
      vertex 7.728697217015641 -1.0394086571169634 0
    endloop
  endfacet
  facet normal 0 0 -1
    outer loop
      vertex 7.7287061849649 -6.958958306132126 0
      vertex 7.728697217015641 -1.0394086571169634 0
      vertex 7.767327293608553 -0.6940877053792599 0
    endloop
  endfacet
  facet normal 0 0 -1
    outer loop
      vertex 7.7287061849649 -6.958958306132126 0
      vertex 7.767327293608553 -0.6940877053792599 0
      vertex 7.790536060838005 -0.34738870675034633 0
    endloop
  endfacet
  facet normal 0.8746197071393939 -0.4848096202463406 0
    outer loop
      vertex 9.00666419935816 -5.2 0
      vertex 9.18265496573284 -4.8825042529732645 0
      vertex 9.00666419935816 -5.2 0.9000000000000004
    endloop
  endfacet
  facet normal 0.8746197071393939 -0.4848096202463406 3.212700934245113e-18
    outer loop
      vertex 9.00666419935816 -5.2 0.9000000000000004
      vertex 9.18265496573284 -4.8825042529732645 0
      vertex 9.18265496573284 -4.8825042529732645 0.9000000000000004
    endloop
  endfacet
  facet normal 0.8910065241883675 -0.45399049973954764 0
    outer loop
      vertex 9.18265496573284 -4.8825042529732645 0
      vertex 9.347458081511338 -4.559059926606405 0
      vertex 9.18265496573284 -4.8825042529732645 0.9000000000000004
    endloop
  endfacet
  facet normal 0.8910065241883675 -0.45399049973954764 6.470857955064742e-18
    outer loop
      vertex 9.18265496573284 -4.8825042529732645 0.9000000000000004
      vertex 9.347458081511338 -4.559059926606405 0
      vertex 9.347458081511338 -4.559059926606405 0.9000000000000004
    endloop
  endfacet
  facet normal 0.9063077870366504 -0.42261826174069883 0
    outer loop
      vertex 9.347458081511338 -4.559059926606405 0
      vertex 9.50087275948305 -4.2300610879883225 0
      vertex 9.347458081511338 -4.559059926606405 0.9000000000000004
    endloop
  endfacet
  facet normal 0.9063077870366504 -0.42261826174069883 8.070904325454321e-18
    outer loop
      vertex 9.347458081511338 -4.559059926606405 0.9000000000000004
      vertex 9.50087275948305 -4.2300610879883225 0
      vertex 9.50087275948305 -4.2300610879883225 0.9000000000000004
    endloop
  endfacet
  facet normal 0.9205048534524414 -0.39073112848927155 0
    outer loop
      vertex 9.50087275948305 -4.2300610879883225 0
      vertex 9.642712087494589 -3.895908571525485 0
      vertex 9.50087275948305 -4.2300610879883225 0.9000000000000004
    endloop
  endfacet
  facet normal 0.9205048534524414 -0.39073112848927155 -8.447971189026273e-18
    outer loop
      vertex 9.50087275948305 -4.2300610879883225 0.9000000000000004
      vertex 9.642712087494589 -3.895908571525485 0
      vertex 9.642712087494589 -3.895908571525485 0.9000000000000004
    endloop
  endfacet
  facet normal 0.9335804264972005 -0.35836794954530354 0
    outer loop
      vertex 9.642712087494589 -3.895908571525485 0
      vertex 9.772803256173448 -3.557009490586955 0
      vertex 9.642712087494589 -3.895908571525485 0.9000000000000004
    endloop
  endfacet
  facet normal 0.9335804264972005 -0.35836794954530354 -1.0577067472025239e-17
    outer loop
      vertex 9.642712087494589 -3.895908571525485 0.9000000000000004
      vertex 9.772803256173448 -3.557009490586955 0
      vertex 9.772803256173448 -3.557009490586955 0.9000000000000004
    endloop
  endfacet
  facet normal 0.9455185755993184 -0.3255681544571519 0
    outer loop
      vertex 9.772803256173448 -3.557009490586955 0
      vertex 9.890987769469596 -3.213776741499453 0
      vertex 9.772803256173448 -3.557009490586955 0.9000000000000004
    endloop
  endfacet
  facet normal 0.9455185755993184 -0.3255681544571519 5.98220287994651e-18
    outer loop
      vertex 9.772803256173448 -3.557009490586955 0.9000000000000004
      vertex 9.890987769469596 -3.213776741499453 0
      vertex 9.890987769469596 -3.213776741499453 0.9000000000000004
    endloop
  endfacet
  facet normal 0.9563047559630349 -0.2923717047227385 0
    outer loop
      vertex 9.890987769469596 -3.213776741499453 0
      vertex 9.997121637758516 -2.8666285004967915 0
      vertex 9.890987769469596 -3.213776741499453 0.9000000000000004
    endloop
  endfacet
  facet normal 0.9563047559630349 -0.2923717047227385 -6.117036034395912e-19
    outer loop
      vertex 9.890987769469596 -3.213776741499453 0.9000000000000004
      vertex 9.997121637758516 -2.8666285004967915 0
      vertex 9.997121637758516 -2.8666285004967915 0.9000000000000004
    endloop
  endfacet
  facet normal 0.9659258262890685 -0.25881904510251985 0
    outer loop
      vertex 9.997121637758516 -2.8666285004967915 0
      vertex 10.091075553270363 -2.5159877142365445 0
      vertex 9.997121637758516 -2.8666285004967915 0.9000000000000004
    endloop
  endfacet
  facet normal 0.9659258262890685 -0.25881904510251985 8.551511759960928e-18
    outer loop
      vertex 9.997121637758516 -2.8666285004967915 0.9000000000000004
      vertex 10.091075553270363 -2.5159877142365445 0
      vertex 10.091075553270363 -2.5159877142365445 0.9000000000000004
    endloop
  endfacet
  facet normal 0 0 -1
    outer loop
      vertex 7.7287061849649 -6.958958306132126 0
      vertex 7.966862208437371 6.684991140740008 0
      vertex 7.966862208437371 -6.684991140740008 0
    endloop
  endfacet
  facet normal 0 0 -1
    outer loop
      vertex 7.966862208437371 -6.684991140740008 0
      vertex 8.195311837509909 6.4028793433868465 0
      vertex 8.195311837509909 -6.4028793433868465 0
    endloop
  endfacet
  facet normal 0 0 -1
    outer loop
      vertex 8.195311837509909 -6.4028793433868465 0
      vertex 8.413776741499454 6.112966623841721 0
      vertex 8.413776741499454 -6.112966623841721 0
    endloop
  endfacet
  facet normal 0 0 -1
    outer loop
      vertex 8.413776741499454 -6.112966623841721 0
      vertex 8.621990754572435 5.815606196095768 0
      vertex 8.621990754572435 -5.815606196095768 0
    endloop
  endfacet
  facet normal 0 0 -1
    outer loop
      vertex 8.621990754572435 -5.815606196095768 0
      vertex 8.81970020002683 5.5111603480253315 0
      vertex 8.81970020002683 -5.5111603480253315 0
    endloop
  endfacet
  facet normal 0 0 -1
    outer loop
      vertex 8.81970020002683 -5.5111603480253315 0
      vertex 9.00666419935816 5.2 0
      vertex 9.00666419935816 -5.2 0
    endloop
  endfacet
  facet normal 0 0 -1
    outer loop
      vertex 7.7287061849649 -6.958958306132126 0
      vertex 7.790536060838005 -0.34738870675034633 0
      vertex 7.966862208437371 6.684991140740008 0
    endloop
  endfacet
  facet normal 0 0 -1
    outer loop
      vertex 9.00666419935816 -5.2 0
      vertex 9.18265496573284 4.8825042529732645 0
      vertex 9.18265496573284 -4.8825042529732645 0
    endloop
  endfacet
  facet normal 0 0 -1
    outer loop
      vertex 9.18265496573284 -4.8825042529732645 0
      vertex 9.347458081511338 4.559059926606405 0
      vertex 9.347458081511338 -4.559059926606405 0
    endloop
  endfacet
  facet normal 0 0 -1
    outer loop
      vertex 9.347458081511338 -4.559059926606405 0
      vertex 9.50087275948305 4.2300610879883225 0
      vertex 9.50087275948305 -4.2300610879883225 0
    endloop
  endfacet
  facet normal 0 0 -1
    outer loop
      vertex 9.50087275948305 -4.2300610879883225 0
      vertex 9.642712087494589 3.895908571525485 0
      vertex 9.642712087494589 -3.895908571525485 0
    endloop
  endfacet
  facet normal 0.9743700647852342 -0.2249510543438693 0
    outer loop
      vertex 10.091075553270363 -2.5159877142365445 0
      vertex 10.17273504763158 -2.162281584504697 0
      vertex 10.091075553270363 -2.5159877142365445 0.9000000000000004
    endloop
  endfacet
  facet normal 0.9743700647852342 -0.2249510543438693 2.1079947354120453e-18
    outer loop
      vertex 10.091075553270363 -2.5159877142365445 0.9000000000000004
      vertex 10.17273504763158 -2.162281584504697 0
      vertex 10.17273504763158 -2.162281584504697 0.9000000000000004
    endloop
  endfacet
  facet normal 0.981627183447665 -0.19080899537653967 0
    outer loop
      vertex 10.17273504763158 -2.162281584504697 0
      vertex 10.242000631326963 -1.8059410477360756 0
      vertex 10.17273504763158 -2.162281584504697 0.9000000000000004
    endloop
  endfacet
  facet normal 0.9876883405951373 -0.1564344650402335 0
    outer loop
      vertex 10.242000631326963 -1.8059410477360756 0
      vertex 10.298787914912332 -1.4474002499846805 0
      vertex 10.242000631326963 -1.8059410477360756 0.9000000000000004
    endloop
  endfacet
  facet normal 0.981627183447665 -0.19080899537653967 4.3096139252244586e-18
    outer loop
      vertex 10.17273504763158 -2.162281584504697 0.9000000000000004
      vertex 10.242000631326963 -1.8059410477360756 0
      vertex 10.242000631326963 -1.8059410477360756 0.9000000000000004
    endloop
  endfacet
  facet normal 0.9925461516413219 -0.12186934340514778 0
    outer loop
      vertex 10.298787914912332 -1.4474002499846805 0
      vertex 10.343027711830043 -1.0870960179835962 0
      vertex 10.298787914912332 -1.4474002499846805 0.9000000000000004
    endloop
  endfacet
  facet normal 0.9876883405951373 -0.1564344650402335 -3.061594673408841e-18
    outer loop
      vertex 10.242000631326963 -1.8059410477360756 0.9000000000000004
      vertex 10.298787914912332 -1.4474002499846805 0
      vertex 10.298787914912332 -1.4474002499846805 0.9000000000000004
    endloop
  endfacet
  facet normal 0 0 -1
    outer loop
      vertex 9.642712087494589 -3.895908571525485 0
      vertex 9.772803256173448 3.557009490586955 0
      vertex 9.772803256173448 -3.557009490586955 0
    endloop
  endfacet
  facet normal 0 0 -1
    outer loop
      vertex 9.772803256173448 -3.557009490586955 0
      vertex 9.890987769469596 3.213776741499453 0
      vertex 9.890987769469596 -3.213776741499453 0
    endloop
  endfacet
  facet normal 0 0 -1
    outer loop
      vertex 9.890987769469596 -3.213776741499453 0
      vertex 9.997121637758516 2.8666285004967915 0
      vertex 9.997121637758516 -2.8666285004967915 0
    endloop
  endfacet
  facet normal 0 0 -1
    outer loop
      vertex 9.997121637758516 -2.8666285004967915 0
      vertex 10.091075553270363 2.5159877142365445 0
      vertex 10.091075553270363 -2.5159877142365445 0
    endloop
  endfacet
  facet normal 0.9925461516413219 -0.12186934340514778 4.7745159342485924e-18
    outer loop
      vertex 10.298787914912332 -1.4474002499846805 0.9000000000000004
      vertex 10.343027711830043 -1.0870960179835962 0
      vertex 10.343027711830043 -1.0870960179835962 0.9000000000000004
    endloop
  endfacet
  facet normal 0 0 -1
    outer loop
      vertex 10.091075553270363 -2.5159877142365445 0
      vertex 10.17273504763158 2.162281584504697 0
      vertex 10.17273504763158 -2.162281584504697 0
    endloop
  endfacet
  facet normal 0 0 -1
    outer loop
      vertex 10.17273504763158 -2.162281584504697 0
      vertex 10.242000631326963 1.8059410477360756 0
      vertex 10.242000631326963 -1.8059410477360756 0
    endloop
  endfacet
  facet normal 0.9961946980917458 -0.08715574274765514 0
    outer loop
      vertex 10.343027711830043 -1.0870960179835962 0
      vertex 10.374666122702171 -0.7254673269389031 0
      vertex 10.343027711830043 -1.0870960179835962 0.9000000000000004
    endloop
  endfacet
  facet normal 0.9961946980917458 -0.08715574274765514 -7.514286305044674e-19
    outer loop
      vertex 10.343027711830043 -1.0870960179835962 0.9000000000000004
      vertex 10.374666122702171 -0.7254673269389031 0
      vertex 10.374666122702171 -0.7254673269389031 0.9000000000000004
    endloop
  endfacet
  facet normal 0 0 -1
    outer loop
      vertex 10.242000631326963 -1.8059410477360756 0
      vertex 10.298787914912332 1.4474002499846805 0
      vertex 10.298787914912332 -1.4474002499846805 0
    endloop
  endfacet
  facet normal 0.9986295347545737 -0.0523359562429469 0
    outer loop
      vertex 10.374666122702171 -0.7254673269389031 0
      vertex 10.393664600998596 -0.3629547657060101 0
      vertex 10.374666122702171 -0.7254673269389031 0.9000000000000004
    endloop
  endfacet
  facet normal 0 0 -1
    outer loop
      vertex 10.298787914912332 -1.4474002499846805 0
      vertex 10.343027711830043 1.0870960179835962 0
      vertex 10.343027711830043 -1.0870960179835962 0
    endloop
  endfacet
  facet normal 0 0 -1
    outer loop
      vertex 10.343027711830043 -1.0870960179835962 0
      vertex 10.374666122702171 0.7254673269389031 0
      vertex 10.374666122702171 -0.7254673269389031 0
    endloop
  endfacet
  facet normal 0.9986295347545737 -0.0523359562429469 -3.30680832109783e-19
    outer loop
      vertex 10.374666122702171 -0.7254673269389031 0.9000000000000004
      vertex 10.393664600998596 -0.3629547657060101 0
      vertex 10.393664600998596 -0.3629547657060101 0.9000000000000004
    endloop
  endfacet
  facet normal 0 0 -1
    outer loop
      vertex 10.374666122702171 -0.7254673269389031 0
      vertex 10.393664600998596 0.3629547657060101 0
      vertex 10.393664600998596 -0.3629547657060101 0
    endloop
  endfacet
  facet normal 0.9998476951563913 -0.017452406437283328 0
    outer loop
      vertex 10.393664600998596 -0.3629547657060101 0
      vertex 10.4 0 0
      vertex 10.393664600998596 -0.3629547657060101 0.9000000000000004
    endloop
  endfacet
  facet normal 0.9998476951563913 -0.017452406437283328 -6.827102680886125e-21
    outer loop
      vertex 10.393664600998596 -0.3629547657060101 0.9000000000000004
      vertex 10.4 0 0
      vertex 10.4 0 0.9000000000000004
    endloop
  endfacet
  facet normal 0 0 -1
    outer loop
      vertex 0.3629547657060101 10.393664600998596 0
      vertex 0.43415503870318045 7.786182661045376 0
      vertex 0.08687412894643336 7.797793528589661 0
    endloop
  endfacet
  facet normal 0 0 -1
    outer loop
      vertex 1.0870960179835962 10.343027711830043 0
      vertex 0.7805739738178857 7.759113048550921 0
      vertex 0.43415503870318045 7.786182661045376 0
    endloop
  endfacet
  facet normal 0 0 -1
    outer loop
      vertex 1.4474002499846805 10.298787914912332 0
      vertex 1.1254431515609362 7.716638435316223 0
      vertex 0.7805739738178857 7.759113048550921 0
    endloop
  endfacet
  facet normal 0 0 -1
    outer loop
      vertex 0 10.4 0
      vertex 0.3629547657060101 10.393664600998596 0
      vertex 0.08687412894643336 7.797793528589661 0
    endloop
  endfacet
  facet normal 0 0 -1
    outer loop
      vertex 0.3629547657060101 10.393664600998596 0
      vertex 0.7254673269389031 10.374666122702171 0
      vertex 0.43415503870318045 7.786182661045376 0
    endloop
  endfacet
  facet normal 0.017452406437283328 0.9998476951563913 0
    outer loop
      vertex 0 10.4 0
      vertex 0 10.4 0.9000000000000004
      vertex 0.3629547657060101 10.393664600998596 0
    endloop
  endfacet
  facet normal 0.017452406437283328 0.9998476951563913 6.827102680886125e-21
    outer loop
      vertex 0 10.4 0.9000000000000004
      vertex 0.3629547657060101 10.393664600998596 0.9000000000000004
      vertex 0.3629547657060101 10.393664600998596 0
    endloop
  endfacet
  facet normal 0.0523359562429469 0.9986295347545737 0
    outer loop
      vertex 0.3629547657060101 10.393664600998596 0
      vertex 0.3629547657060101 10.393664600998596 0.9000000000000004
      vertex 0.7254673269389031 10.374666122702171 0
    endloop
  endfacet
  facet normal 0.0523359562429469 0.9986295347545737 3.30680832109783e-19
    outer loop
      vertex 0.3629547657060101 10.393664600998596 0.9000000000000004
      vertex 0.7254673269389031 10.374666122702171 0.9000000000000004
      vertex 0.7254673269389031 10.374666122702171 0
    endloop
  endfacet
  facet normal 0 0 -1
    outer loop
      vertex 0.7254673269389031 10.374666122702171 0
      vertex 1.0870960179835962 10.343027711830043 0
      vertex 0.43415503870318045 7.786182661045376 0
    endloop
  endfacet
  facet normal 0 0 -1
    outer loop
      vertex 1.0870960179835962 10.343027711830043 0
      vertex 1.4474002499846805 10.298787914912332 0
      vertex 0.7805739738178857 7.759113048550921 0
    endloop
  endfacet
  facet normal 0.08715574274765514 0.9961946980917458 0
    outer loop
      vertex 0.7254673269389031 10.374666122702171 0
      vertex 0.7254673269389031 10.374666122702171 0.9000000000000004
      vertex 1.0870960179835962 10.343027711830043 0
    endloop
  endfacet
  facet normal 0.08715574274765514 0.9961946980917458 7.514286305044674e-19
    outer loop
      vertex 0.7254673269389031 10.374666122702171 0.9000000000000004
      vertex 1.0870960179835962 10.343027711830043 0.9000000000000004
      vertex 1.0870960179835962 10.343027711830043 0
    endloop
  endfacet
  facet normal 0.12186934340514778 0.9925461516413219 0
    outer loop
      vertex 1.0870960179835962 10.343027711830043 0
      vertex 1.0870960179835962 10.343027711830043 0.9000000000000004
      vertex 1.4474002499846805 10.298787914912332 0
    endloop
  endfacet
  facet normal 0 0 -1
    outer loop
      vertex 1.8059410477360756 10.242000631326963 0
      vertex 1.4680778661025358 7.658843150754221 0
      vertex 1.1254431515609362 7.716638435316223 0
    endloop
  endfacet
  facet normal 0 0 -1
    outer loop
      vertex 2.162281584504697 10.17273504763158 0
      vertex 1.8077978479327357 7.585841942052628 0
      vertex 1.4680778661025358 7.658843150754221 0
    endloop
  endfacet
  facet normal 0 0 -1
    outer loop
      vertex 2.162281584504697 10.17273504763158 0
      vertex 2.1439286144735927 7.497779746354007 0
      vertex 1.8077978479327357 7.585841942052628 0
    endloop
  endfacet
  facet normal 0 0 -1
    outer loop
      vertex 2.5159877142365445 10.091075553270363 0
      vertex 2.4758028092018813 7.394831402996494 0
      vertex 2.1439286144735927 7.497779746354007 0
    endloop
  endfacet
  facet normal 0 0 -1
    outer loop
      vertex 1.4474002499846805 10.298787914912332 0
      vertex 1.8059410477360756 10.242000631326963 0
      vertex 1.1254431515609362 7.716638435316223 0
    endloop
  endfacet
  facet normal 0 0 -1
    outer loop
      vertex 1.8059410477360756 10.242000631326963 0
      vertex 2.162281584504697 10.17273504763158 0
      vertex 1.4680778661025358 7.658843150754221 0
    endloop
  endfacet
  facet normal 0.1564344650402335 0.9876883405951373 0
    outer loop
      vertex 1.4474002499846805 10.298787914912332 0
      vertex 1.4474002499846805 10.298787914912332 0.9000000000000004
      vertex 1.8059410477360756 10.242000631326963 0
    endloop
  endfacet
  facet normal 0.12186934340514778 0.9925461516413219 -4.7745159342485924e-18
    outer loop
      vertex 1.0870960179835962 10.343027711830043 0.9000000000000004
      vertex 1.4474002499846805 10.298787914912332 0.9000000000000004
      vertex 1.4474002499846805 10.298787914912332 0
    endloop
  endfacet
  facet normal 0.19080899537653967 0.981627183447665 0
    outer loop
      vertex 1.8059410477360756 10.242000631326963 0
      vertex 1.8059410477360756 10.242000631326963 0.9000000000000004
      vertex 2.162281584504697 10.17273504763158 0
    endloop
  endfacet
  facet normal 0.1564344650402335 0.9876883405951373 3.061594673408841e-18
    outer loop
      vertex 1.4474002499846805 10.298787914912332 0.9000000000000004
      vertex 1.8059410477360756 10.242000631326963 0.9000000000000004
      vertex 1.8059410477360756 10.242000631326963 0
    endloop
  endfacet
  facet normal 0 0 -1
    outer loop
      vertex 2.162281584504697 10.17273504763158 0
      vertex 2.5159877142365445 10.091075553270363 0
      vertex 2.1439286144735927 7.497779746354007 0
    endloop
  endfacet
  facet normal 0.19080899537653967 0.981627183447665 -4.3096139252244586e-18
    outer loop
      vertex 1.8059410477360756 10.242000631326963 0.9000000000000004
      vertex 2.162281584504697 10.17273504763158 0.9000000000000004
      vertex 2.162281584504697 10.17273504763158 0
    endloop
  endfacet
  facet normal 0.2249510543438693 0.9743700647852342 0
    outer loop
      vertex 2.162281584504697 10.17273504763158 0
      vertex 2.162281584504697 10.17273504763158 0.9000000000000004
      vertex 2.5159877142365445 10.091075553270363 0
    endloop
  endfacet
  facet normal 0.2249510543438693 0.9743700647852342 -2.1079947354120453e-18
    outer loop
      vertex 2.162281584504697 10.17273504763158 0.9000000000000004
      vertex 2.5159877142365445 10.091075553270363 0.9000000000000004
      vertex 2.5159877142365445 10.091075553270363 0
    endloop
  endfacet
  facet normal 0 0 -1
    outer loop
      vertex 4.2300610879883225 9.50087275948305 0
      vertex 4.048631995407204 6.664961364821261 0
      vertex 3.747709859473414 6.838698841007751 0
    endloop
  endfacet
  facet normal 0 0 -1
    outer loop
      vertex 4.559059926606405 9.347458081511338 0
      vertex 4.34151594727331 6.477991224783077 0
      vertex 4.048631995407204 6.664961364821261 0
    endloop
  endfacet
  facet normal 0 0 -1
    outer loop
      vertex 5.2 9.00666419935816 0
      vertex 4.900860436472138 6.065863335999017 0
      vertex 4.625780221095928 6.278159632799465 0
    endloop
  endfacet
  facet normal 0 0 -1
    outer loop
      vertex 5.2 9.00666419935816 0
      vertex 5.166210447096945 5.8415238290279525 0
      vertex 4.900860436472138 6.065863335999017 0
    endloop
  endfacet
  facet normal 0 0 -1
    outer loop
      vertex 4.8825042529732645 9.18265496573284 0
      vertex 4.625780221095928 6.278159632799465 0
      vertex 4.34151594727331 6.477991224783077 0
    endloop
  endfacet
  facet normal 0 0 -1
    outer loop
      vertex 2.8666285004967915 9.997121637758516 0
      vertex 2.802761526623702 7.2772013063864724 0
      vertex 2.4758028092018813 7.394831402996494 0
    endloop
  endfacet
  facet normal 0 0 -1
    outer loop
      vertex 3.213776741499453 9.890987769469596 0
      vertex 3.124155620470356 7.145123000192403 0
      vertex 2.802761526623702 7.2772013063864724 0
    endloop
  endfacet
  facet normal 0 0 -1
    outer loop
      vertex 2.8666285004967915 9.997121637758516 0
      vertex 3.213776741499453 9.890987769469596 0
      vertex 2.802761526623702 7.2772013063864724 0
    endloop
  endfacet
  facet normal 0 0 -1
    outer loop
      vertex 3.557009490586955 9.772803256173448 0
      vertex 3.4393469925181592 6.998858713665486 0
      vertex 3.124155620470356 7.145123000192403 0
    endloop
  endfacet
  facet normal 0 0 -1
    outer loop
      vertex 3.895908571525485 9.642712087494589 0
      vertex 3.747709859473414 6.838698841007751 0
      vertex 3.4393469925181592 6.998858713665486 0
    endloop
  endfacet
  facet normal 0 0 -1
    outer loop
      vertex 3.213776741499453 9.890987769469596 0
      vertex 3.557009490586955 9.772803256173448 0
      vertex 3.124155620470356 7.145123000192403 0
    endloop
  endfacet
  facet normal 0 0 -1
    outer loop
      vertex 3.895908571525485 9.642712087494589 0
      vertex 3.4393469925181592 6.998858713665486 0
      vertex 3.557009490586955 9.772803256173448 0
    endloop
  endfacet
  facet normal 0 0 -1
    outer loop
      vertex 2.5159877142365445 10.091075553270363 0
      vertex 2.8666285004967915 9.997121637758516 0
      vertex 2.4758028092018813 7.394831402996494 0
    endloop
  endfacet
  facet normal 0.25881904510251985 0.9659258262890685 0
    outer loop
      vertex 2.5159877142365445 10.091075553270363 0
      vertex 2.5159877142365445 10.091075553270363 0.9000000000000004
      vertex 2.8666285004967915 9.997121637758516 0
    endloop
  endfacet
  facet normal 0.25881904510251985 0.9659258262890685 -8.551511759960928e-18
    outer loop
      vertex 2.5159877142365445 10.091075553270363 0.9000000000000004
      vertex 2.8666285004967915 9.997121637758516 0.9000000000000004
      vertex 2.8666285004967915 9.997121637758516 0
    endloop
  endfacet
  facet normal 0.2923717047227385 0.9563047559630349 0
    outer loop
      vertex 2.8666285004967915 9.997121637758516 0
      vertex 2.8666285004967915 9.997121637758516 0.9000000000000004
      vertex 3.213776741499453 9.890987769469596 0
    endloop
  endfacet
  facet normal 0.2923717047227385 0.9563047559630349 6.117036034395912e-19
    outer loop
      vertex 2.8666285004967915 9.997121637758516 0.9000000000000004
      vertex 3.213776741499453 9.890987769469596 0.9000000000000004
      vertex 3.213776741499453 9.890987769469596 0
    endloop
  endfacet
  facet normal 0.35836794954530354 0.9335804264972005 1.0577067472025239e-17
    outer loop
      vertex 3.895908571525485 9.642712087494589 0
      vertex 3.557009490586955 9.772803256173448 0
      vertex 3.557009490586955 9.772803256173448 0.9000000000000004
    endloop
  endfacet
  facet normal 0.35836794954530354 0.9335804264972005 0
    outer loop
      vertex 3.895908571525485 9.642712087494589 0
      vertex 3.557009490586955 9.772803256173448 0.9000000000000004
      vertex 3.895908571525485 9.642712087494589 0.9000000000000004
    endloop
  endfacet
  facet normal 0.3255681544571519 0.9455185755993184 0
    outer loop
      vertex 3.213776741499453 9.890987769469596 0
      vertex 3.213776741499453 9.890987769469596 0.9000000000000004
      vertex 3.557009490586955 9.772803256173448 0
    endloop
  endfacet
  facet normal 0.3255681544571519 0.9455185755993184 -5.98220287994651e-18
    outer loop
      vertex 3.213776741499453 9.890987769469596 0.9000000000000004
      vertex 3.557009490586955 9.772803256173448 0.9000000000000004
      vertex 3.557009490586955 9.772803256173448 0
    endloop
  endfacet
  facet normal 0 0 -1
    outer loop
      vertex 3.895908571525485 9.642712087494589 0
      vertex 4.2300610879883225 9.50087275948305 0
      vertex 3.747709859473414 6.838698841007751 0
    endloop
  endfacet
  facet normal 0 0 -1
    outer loop
      vertex 4.2300610879883225 9.50087275948305 0
      vertex 4.559059926606405 9.347458081511338 0
      vertex 4.048631995407204 6.664961364821261 0
    endloop
  endfacet
  facet normal 0 0 -1
    outer loop
      vertex 4.559059926606405 9.347458081511338 0
      vertex 4.8825042529732645 9.18265496573284 0
      vertex 4.34151594727331 6.477991224783077 0
    endloop
  endfacet
  facet normal 0 0 -1
    outer loop
      vertex 4.8825042529732645 9.18265496573284 0
      vertex 5.2 9.00666419935816 0
      vertex 4.625780221095928 6.278159632799465 0
    endloop
  endfacet
  facet normal 0.4848096202463406 0.8746197071393939 -3.212700934245113e-18
    outer loop
      vertex 4.8825042529732645 9.18265496573284 0.9000000000000004
      vertex 5.2 9.00666419935816 0.9000000000000004
      vertex 5.2 9.00666419935816 0
    endloop
  endfacet
  facet normal 0.39073112848927155 0.9205048534524414 0
    outer loop
      vertex 3.895908571525485 9.642712087494589 0
      vertex 3.895908571525485 9.642712087494589 0.9000000000000004
      vertex 4.2300610879883225 9.50087275948305 0
    endloop
  endfacet
  facet normal 0.39073112848927155 0.9205048534524414 8.447971189026273e-18
    outer loop
      vertex 3.895908571525485 9.642712087494589 0.9000000000000004
      vertex 4.2300610879883225 9.50087275948305 0.9000000000000004
      vertex 4.2300610879883225 9.50087275948305 0
    endloop
  endfacet
  facet normal 0.42261826174069883 0.9063077870366504 -8.070904325454321e-18
    outer loop
      vertex 4.2300610879883225 9.50087275948305 0.9000000000000004
      vertex 4.559059926606405 9.347458081511338 0.9000000000000004
      vertex 4.559059926606405 9.347458081511338 0
    endloop
  endfacet
  facet normal 0.42261826174069883 0.9063077870366504 0
    outer loop
      vertex 4.2300610879883225 9.50087275948305 0
      vertex 4.2300610879883225 9.50087275948305 0.9000000000000004
      vertex 4.559059926606405 9.347458081511338 0
    endloop
  endfacet
  facet normal 0.45399049973954764 0.8910065241883675 0
    outer loop
      vertex 4.559059926606405 9.347458081511338 0
      vertex 4.559059926606405 9.347458081511338 0.9000000000000004
      vertex 4.8825042529732645 9.18265496573284 0
    endloop
  endfacet
  facet normal 0.45399049973954764 0.8910065241883675 -6.470857955064742e-18
    outer loop
      vertex 4.559059926606405 9.347458081511338 0.9000000000000004
      vertex 4.8825042529732645 9.18265496573284 0.9000000000000004
      vertex 4.8825042529732645 9.18265496573284 0
    endloop
  endfacet
  facet normal 0.4848096202463406 0.8746197071393939 0
    outer loop
      vertex 4.8825042529732645 9.18265496573284 0
      vertex 4.8825042529732645 9.18265496573284 0.9000000000000004
      vertex 5.2 9.00666419935816 0
    endloop
  endfacet
  facet normal 0 0 -1
    outer loop
      vertex 7.7287061849649 6.958958306132126 0
      vertex 7.728697217015641 1.0394086571169627 0
      vertex 7.674722527500577 1.382665959178198 0
    endloop
  endfacet
  facet normal 0 0 -1
    outer loop
      vertex 7.7287061849649 6.958958306132126 0
      vertex 7.674722527500577 1.382665959178198 0
      vertex 7.605510386813257 1.7231781059631315 0
    endloop
  endfacet
  facet normal 0 0 -1
    outer loop
      vertex 7.7287061849649 6.958958306132126 0
      vertex 7.605510386813257 1.7231781059631315 0
      vertex 7.521198209252433 2.060269042123625 0
    endloop
  endfacet
  facet normal 0 0 -1
    outer loop
      vertex 7.7287061849649 6.958958306132126 0
      vertex 7.521198209252433 2.060269042123625 0
      vertex 7.42195338884235 2.393269504808553 0
    endloop
  endfacet
  facet normal 0 0 -1
    outer loop
      vertex 7.224447052773572 7.4811339235219725 0
      vertex 7.179483241264622 3.044363877264912 0
      vertex 7.03673931613089 3.361165099427992 0
    endloop
  endfacet
  facet normal 0 0 -1
    outer loop
      vertex 7.224447052773572 7.4811339235219725 0
      vertex 7.03673931613089 3.361165099427992 0
      vertex 6.8800245964365425 3.6712930394103926 0
    endloop
  endfacet
  facet normal 0 0 -1
    outer loop
      vertex 6.958958306132126 7.7287061849649 0
      vertex 6.8800245964365425 3.6712930394103926 0
      vertex 6.709650224751328 3.974131966894087 0
    endloop
  endfacet
  facet normal 0 0 -1
    outer loop
      vertex 7.4811339235219725 7.224447052773572 0
      vertex 7.42195338884235 2.393269504808553 0
      vertex 7.307972966987392 2.7215183524232422 0
    endloop
  endfacet
  facet normal 0 0 -1
    outer loop
      vertex 7.4811339235219725 7.224447052773572 0
      vertex 7.307972966987392 2.7215183524232422 0
      vertex 7.179483241264622 3.044363877264912 0
    endloop
  endfacet
  facet normal 0 0 -1
    outer loop
      vertex 7.966862208437371 6.684991140740008 0
      vertex 7.790536060838005 -0.34738870675034633 0
      vertex 7.798277439844969 0 0
    endloop
  endfacet
  facet normal 0 0 -1
    outer loop
      vertex 7.966862208437371 -6.684991140740008 0
      vertex 7.966862208437371 6.684991140740008 0
      vertex 8.195311837509909 6.4028793433868465 0
    endloop
  endfacet
  facet normal 0 0 -1
    outer loop
      vertex 7.966862208437371 6.684991140740008 0
      vertex 7.798277439844969 0 0
      vertex 7.790536060838005 0.3473887067503435 0
    endloop
  endfacet
  facet normal 0 0 -1
    outer loop
      vertex 7.966862208437371 6.684991140740008 0
      vertex 7.790536060838005 0.3473887067503435 0
      vertex 7.767327293608553 0.6940877053792619 0
    endloop
  endfacet
  facet normal 0 0 -1
    outer loop
      vertex 8.195311837509909 -6.4028793433868465 0
      vertex 8.195311837509909 6.4028793433868465 0
      vertex 8.413776741499454 6.112966623841721 0
    endloop
  endfacet
  facet normal 0 0 -1
    outer loop
      vertex 8.413776741499454 -6.112966623841721 0
      vertex 8.413776741499454 6.112966623841721 0
      vertex 8.621990754572435 5.815606196095768 0
    endloop
  endfacet
  facet normal 0 0 -1
    outer loop
      vertex 8.621990754572435 -5.815606196095768 0
      vertex 8.621990754572435 5.815606196095768 0
      vertex 8.81970020002683 5.5111603480253315 0
    endloop
  endfacet
  facet normal 0 0 -1
    outer loop
      vertex 8.81970020002683 -5.5111603480253315 0
      vertex 8.81970020002683 5.5111603480253315 0
      vertex 9.00666419935816 5.2 0
    endloop
  endfacet
  facet normal 0 0 -1
    outer loop
      vertex 9.00666419935816 -5.2 0
      vertex 9.00666419935816 5.2 0
      vertex 9.18265496573284 4.8825042529732645 0
    endloop
  endfacet
  facet normal 0 0 -1
    outer loop
      vertex 9.50087275948305 -4.2300610879883225 0
      vertex 9.50087275948305 4.2300610879883225 0
      vertex 9.642712087494589 3.895908571525485 0
    endloop
  endfacet
  facet normal 0 0 -1
    outer loop
      vertex 9.642712087494589 -3.895908571525485 0
      vertex 9.642712087494589 3.895908571525485 0
      vertex 9.772803256173448 3.557009490586955 0
    endloop
  endfacet
  facet normal 0 0 -1
    outer loop
      vertex 10.393664600998596 -0.3629547657060101 0
      vertex 10.393664600998596 0.3629547657060101 0
      vertex 10.4 0 0
    endloop
  endfacet
  facet normal 0 0 -1
    outer loop
      vertex 10.374666122702171 -0.7254673269389031 0
      vertex 10.374666122702171 0.7254673269389031 0
      vertex 10.393664600998596 0.3629547657060101 0
    endloop
  endfacet
  facet normal 0.9998476951563913 0.017452406437283328 0
    outer loop
      vertex 10.4 0 0
      vertex 10.393664600998596 0.3629547657060101 0
      vertex 10.4 0 0.9000000000000004
    endloop
  endfacet
  facet normal 0 0 -1
    outer loop
      vertex 10.343027711830043 -1.0870960179835962 0
      vertex 10.343027711830043 1.0870960179835962 0
      vertex 10.374666122702171 0.7254673269389031 0
    endloop
  endfacet
  facet normal 0.9998476951563913 0.017452406437283328 6.827102680886125e-21
    outer loop
      vertex 10.4 0 0.9000000000000004
      vertex 10.393664600998596 0.3629547657060101 0
      vertex 10.393664600998596 0.3629547657060101 0.9000000000000004
    endloop
  endfacet
  facet normal 0 0 -1
    outer loop
      vertex 10.17273504763158 -2.162281584504697 0
      vertex 10.17273504763158 2.162281584504697 0
      vertex 10.242000631326963 1.8059410477360756 0
    endloop
  endfacet
  facet normal 0 0 -1
    outer loop
      vertex 10.298787914912332 -1.4474002499846805 0
      vertex 10.298787914912332 1.4474002499846805 0
      vertex 10.343027711830043 1.0870960179835962 0
    endloop
  endfacet
  facet normal 0 0 -1
    outer loop
      vertex 10.242000631326963 -1.8059410477360756 0
      vertex 10.242000631326963 1.8059410477360756 0
      vertex 10.298787914912332 1.4474002499846805 0
    endloop
  endfacet
  facet normal 0.9986295347545737 0.0523359562429469 0
    outer loop
      vertex 10.393664600998596 0.3629547657060101 0
      vertex 10.374666122702171 0.7254673269389031 0
      vertex 10.393664600998596 0.3629547657060101 0.9000000000000004
    endloop
  endfacet
  facet normal 0.9986295347545737 0.0523359562429469 3.30680832109783e-19
    outer loop
      vertex 10.393664600998596 0.3629547657060101 0.9000000000000004
      vertex 10.374666122702171 0.7254673269389031 0
      vertex 10.374666122702171 0.7254673269389031 0.9000000000000004
    endloop
  endfacet
  facet normal 0 0 -1
    outer loop
      vertex 9.890987769469596 -3.213776741499453 0
      vertex 9.890987769469596 3.213776741499453 0
      vertex 9.997121637758516 2.8666285004967915 0
    endloop
  endfacet
  facet normal 0 0 -1
    outer loop
      vertex 9.997121637758516 -2.8666285004967915 0
      vertex 9.997121637758516 2.8666285004967915 0
      vertex 10.091075553270363 2.5159877142365445 0
    endloop
  endfacet
  facet normal 0 0 -1
    outer loop
      vertex 9.772803256173448 -3.557009490586955 0
      vertex 9.772803256173448 3.557009490586955 0
      vertex 9.890987769469596 3.213776741499453 0
    endloop
  endfacet
  facet normal 0 0 -1
    outer loop
      vertex 10.091075553270363 -2.5159877142365445 0
      vertex 10.091075553270363 2.5159877142365445 0
      vertex 10.17273504763158 2.162281584504697 0
    endloop
  endfacet
  facet normal 0.9961946980917458 0.08715574274765514 0
    outer loop
      vertex 10.374666122702171 0.7254673269389031 0
      vertex 10.343027711830043 1.0870960179835962 0
      vertex 10.374666122702171 0.7254673269389031 0.9000000000000004
    endloop
  endfacet
  facet normal 0.9961946980917458 0.08715574274765514 7.514286305044674e-19
    outer loop
      vertex 10.374666122702171 0.7254673269389031 0.9000000000000004
      vertex 10.343027711830043 1.0870960179835962 0
      vertex 10.343027711830043 1.0870960179835962 0.9000000000000004
    endloop
  endfacet
  facet normal 0.9925461516413219 0.12186934340514778 0
    outer loop
      vertex 10.343027711830043 1.0870960179835962 0
      vertex 10.298787914912332 1.4474002499846805 0
      vertex 10.343027711830043 1.0870960179835962 0.9000000000000004
    endloop
  endfacet
  facet normal 0 0 -1
    outer loop
      vertex 9.18265496573284 -4.8825042529732645 0
      vertex 9.18265496573284 4.8825042529732645 0
      vertex 9.347458081511338 4.559059926606405 0
    endloop
  endfacet
  facet normal 0 0 -1
    outer loop
      vertex 9.347458081511338 -4.559059926606405 0
      vertex 9.347458081511338 4.559059926606405 0
      vertex 9.50087275948305 4.2300610879883225 0
    endloop
  endfacet
  facet normal 0.9876883405951373 0.1564344650402335 0
    outer loop
      vertex 10.298787914912332 1.4474002499846805 0
      vertex 10.242000631326963 1.8059410477360756 0
      vertex 10.298787914912332 1.4474002499846805 0.9000000000000004
    endloop
  endfacet
  facet normal 0.9925461516413219 0.12186934340514778 -4.7745159342485924e-18
    outer loop
      vertex 10.343027711830043 1.0870960179835962 0.9000000000000004
      vertex 10.298787914912332 1.4474002499846805 0
      vertex 10.298787914912332 1.4474002499846805 0.9000000000000004
    endloop
  endfacet
  facet normal 0.981627183447665 0.19080899537653967 0
    outer loop
      vertex 10.242000631326963 1.8059410477360756 0
      vertex 10.17273504763158 2.162281584504697 0
      vertex 10.242000631326963 1.8059410477360756 0.9000000000000004
    endloop
  endfacet
  facet normal 0.9876883405951373 0.1564344650402335 3.061594673408841e-18
    outer loop
      vertex 10.298787914912332 1.4474002499846805 0.9000000000000004
      vertex 10.242000631326963 1.8059410477360756 0
      vertex 10.242000631326963 1.8059410477360756 0.9000000000000004
    endloop
  endfacet
  facet normal 0.981627183447665 0.19080899537653967 -4.3096139252244586e-18
    outer loop
      vertex 10.242000631326963 1.8059410477360756 0.9000000000000004
      vertex 10.17273504763158 2.162281584504697 0
      vertex 10.17273504763158 2.162281584504697 0.9000000000000004
    endloop
  endfacet
  facet normal 0.9743700647852342 0.2249510543438693 0
    outer loop
      vertex 10.17273504763158 2.162281584504697 0
      vertex 10.091075553270363 2.5159877142365445 0
      vertex 10.17273504763158 2.162281584504697 0.9000000000000004
    endloop
  endfacet
  facet normal 0.9743700647852342 0.2249510543438693 -2.1079947354120453e-18
    outer loop
      vertex 10.17273504763158 2.162281584504697 0.9000000000000004
      vertex 10.091075553270363 2.5159877142365445 0
      vertex 10.091075553270363 2.5159877142365445 0.9000000000000004
    endloop
  endfacet
  facet normal 0 0 -1
    outer loop
      vertex 7.966862208437371 6.684991140740008 0
      vertex 7.767327293608553 0.6940877053792619 0
      vertex 7.728697217015641 1.0394086571169627 0
    endloop
  endfacet
  facet normal 0 0 -1
    outer loop
      vertex 7.7287061849649 6.958958306132126 0
      vertex 7.966862208437371 6.684991140740008 0
      vertex 7.728697217015641 1.0394086571169627 0
    endloop
  endfacet
  facet normal 0.8746197071393939 0.4848096202463406 -3.212700934245113e-18
    outer loop
      vertex 9.18265496573284 4.8825042529732645 0.9000000000000004
      vertex 9.00666419935816 5.2 0
      vertex 9.00666419935816 5.2 0.9000000000000004
    endloop
  endfacet
  facet normal 0.9335804264972005 0.35836794954530354 1.0577067472025239e-17
    outer loop
      vertex 9.642712087494589 3.895908571525485 0
      vertex 9.772803256173448 3.557009490586955 0.9000000000000004
      vertex 9.772803256173448 3.557009490586955 0
    endloop
  endfacet
  facet normal 0.9335804264972005 0.35836794954530354 0
    outer loop
      vertex 9.642712087494589 3.895908571525485 0
      vertex 9.642712087494589 3.895908571525485 0.9000000000000004
      vertex 9.772803256173448 3.557009490586955 0.9000000000000004
    endloop
  endfacet
  facet normal 0.9659258262890685 0.25881904510251985 0
    outer loop
      vertex 10.091075553270363 2.5159877142365445 0
      vertex 9.997121637758516 2.8666285004967915 0
      vertex 10.091075553270363 2.5159877142365445 0.9000000000000004
    endloop
  endfacet
  facet normal 0.9659258262890685 0.25881904510251985 -8.551511759960928e-18
    outer loop
      vertex 10.091075553270363 2.5159877142365445 0.9000000000000004
      vertex 9.997121637758516 2.8666285004967915 0
      vertex 9.997121637758516 2.8666285004967915 0.9000000000000004
    endloop
  endfacet
  facet normal 0.9563047559630349 0.2923717047227385 0
    outer loop
      vertex 9.997121637758516 2.8666285004967915 0
      vertex 9.890987769469596 3.213776741499453 0
      vertex 9.997121637758516 2.8666285004967915 0.9000000000000004
    endloop
  endfacet
  facet normal 0.9563047559630349 0.2923717047227385 6.117036034395912e-19
    outer loop
      vertex 9.997121637758516 2.8666285004967915 0.9000000000000004
      vertex 9.890987769469596 3.213776741499453 0
      vertex 9.890987769469596 3.213776741499453 0.9000000000000004
    endloop
  endfacet
  facet normal 0.9455185755993184 0.3255681544571519 0
    outer loop
      vertex 9.890987769469596 3.213776741499453 0
      vertex 9.772803256173448 3.557009490586955 0
      vertex 9.890987769469596 3.213776741499453 0.9000000000000004
    endloop
  endfacet
  facet normal 0.9455185755993184 0.3255681544571519 -5.98220287994651e-18
    outer loop
      vertex 9.890987769469596 3.213776741499453 0.9000000000000004
      vertex 9.772803256173448 3.557009490586955 0
      vertex 9.772803256173448 3.557009490586955 0.9000000000000004
    endloop
  endfacet
  facet normal 0.9063077870366504 0.42261826174069883 -8.070904325454321e-18
    outer loop
      vertex 9.50087275948305 4.2300610879883225 0.9000000000000004
      vertex 9.347458081511338 4.559059926606405 0
      vertex 9.347458081511338 4.559059926606405 0.9000000000000004
    endloop
  endfacet
  facet normal 0.9205048534524414 0.39073112848927155 0
    outer loop
      vertex 9.642712087494589 3.895908571525485 0
      vertex 9.50087275948305 4.2300610879883225 0
      vertex 9.642712087494589 3.895908571525485 0.9000000000000004
    endloop
  endfacet
  facet normal 0.9205048534524414 0.39073112848927155 8.447971189026273e-18
    outer loop
      vertex 9.642712087494589 3.895908571525485 0.9000000000000004
      vertex 9.50087275948305 4.2300610879883225 0
      vertex 9.50087275948305 4.2300610879883225 0.9000000000000004
    endloop
  endfacet
  facet normal 0.9063077870366504 0.42261826174069883 0
    outer loop
      vertex 9.50087275948305 4.2300610879883225 0
      vertex 9.347458081511338 4.559059926606405 0
      vertex 9.50087275948305 4.2300610879883225 0.9000000000000004
    endloop
  endfacet
  facet normal 0.8910065241883675 0.45399049973954764 0
    outer loop
      vertex 9.347458081511338 4.559059926606405 0
      vertex 9.18265496573284 4.8825042529732645 0
      vertex 9.347458081511338 4.559059926606405 0.9000000000000004
    endloop
  endfacet
  facet normal 0.8910065241883675 0.45399049973954764 -6.470857955064742e-18
    outer loop
      vertex 9.347458081511338 4.559059926606405 0.9000000000000004
      vertex 9.18265496573284 4.8825042529732645 0
      vertex 9.18265496573284 4.8825042529732645 0.9000000000000004
    endloop
  endfacet
  facet normal 0.8746197071393939 0.4848096202463406 0
    outer loop
      vertex 9.18265496573284 4.8825042529732645 0
      vertex 9.00666419935816 5.2 0
      vertex 9.18265496573284 4.8825042529732645 0.9000000000000004
    endloop
  endfacet
  facet normal 0 0 -1
    outer loop
      vertex 6.4028793433868465 8.195311837509909 0
      vertex 6.120083341022781 4.8329815774251035 0
      vertex 5.898713799102338 5.100814302155555 0
    endloop
  endfacet
  facet normal 0 0 -1
    outer loop
      vertex 6.112966623841721 8.413776741499454 0
      vertex 5.898713799102338 5.100814302155555 0
      vertex 5.665632906944688 5.3585198322429015 0
    endloop
  endfacet
  facet normal 0 0 -1
    outer loop
      vertex 6.4028793433868465 8.195311837509909 0
      vertex 6.329302023971475 4.555553415134718 0
      vertex 6.120083341022781 4.8329815774251035 0
    endloop
  endfacet
  facet normal 0 0 -1
    outer loop
      vertex 5.5111603480253315 8.81970020002683 0
      vertex 5.421303425086218 5.605586517211509 0
      vertex 5.166210447096945 5.8415238290279525 0
    endloop
  endfacet
  facet normal 0 0 -1
    outer loop
      vertex 5.815606196095768 8.621990754572435 0
      vertex 5.665632906944688 5.3585198322429015 0
      vertex 5.421303425086218 5.605586517211509 0
    endloop
  endfacet
  facet normal 0 0 -1
    outer loop
      vertex 5.5111603480253315 8.81970020002683 0
      vertex 5.815606196095768 8.621990754572435 0
      vertex 5.421303425086218 5.605586517211509 0
    endloop
  endfacet
  facet normal 0 0 -1
    outer loop
      vertex 6.4028793433868465 8.195311837509909 0
      vertex 6.684991140740008 7.966862208437371 0
      vertex 6.329302023971475 4.555553415134718 0
    endloop
  endfacet
  facet normal 0 0 -1
    outer loop
      vertex 5.815606196095768 8.621990754572435 0
      vertex 6.112966623841721 8.413776741499454 0
      vertex 5.665632906944688 5.3585198322429015 0
    endloop
  endfacet
  facet normal 0 0 -1
    outer loop
      vertex 6.112966623841721 8.413776741499454 0
      vertex 6.4028793433868465 8.195311837509909 0
      vertex 5.898713799102338 5.100814302155555 0
    endloop
  endfacet
  facet normal 0 0 -1
    outer loop
      vertex 6.958958306132126 7.7287061849649 0
      vertex 6.709650224751328 3.974131966894087 0
      vertex 6.525954463619627 4.269080623220658 0
    endloop
  endfacet
  facet normal 0 0 -1
    outer loop
      vertex 6.684991140740008 7.966862208437371 0
      vertex 6.525954463619627 4.269080623220658 0
      vertex 6.329302023971475 4.555553415134718 0
    endloop
  endfacet
  facet normal 0 0 -1
    outer loop
      vertex 6.958958306132126 7.7287061849649 0
      vertex 7.224447052773572 7.4811339235219725 0
      vertex 6.8800245964365425 3.6712930394103926 0
    endloop
  endfacet
  facet normal 0 0 -1
    outer loop
      vertex 7.7287061849649 6.958958306132126 0
      vertex 7.42195338884235 2.393269504808553 0
      vertex 7.4811339235219725 7.224447052773572 0
    endloop
  endfacet
  facet normal 0 0 -1
    outer loop
      vertex 7.224447052773572 7.4811339235219725 0
      vertex 7.4811339235219725 7.224447052773572 0
      vertex 7.179483241264622 3.044363877264912 0
    endloop
  endfacet
  facet normal 0 0 -1
    outer loop
      vertex 6.958958306132126 7.7287061849649 0
      vertex 6.525954463619627 4.269080623220658 0
      vertex 6.684991140740008 7.966862208437371 0
    endloop
  endfacet
  facet normal 0.6819983600624983 0.7313537016191707 0
    outer loop
      vertex 6.958958306132126 7.7287061849649 0
      vertex 6.958958306132126 7.7287061849649 0.9000000000000004
      vertex 7.224447052773572 7.4811339235219725 0
    endloop
  endfacet
  facet normal 0.6819983600624983 0.7313537016191707 -1.3292895140315341e-17
    outer loop
      vertex 6.958958306132126 7.7287061849649 0.9000000000000004
      vertex 7.224447052773572 7.4811339235219725 0.9000000000000004
      vertex 7.224447052773572 7.4811339235219725 0
    endloop
  endfacet
  facet normal 0.7313537016191707 0.6819983600624983 0
    outer loop
      vertex 7.7287061849649 6.958958306132126 0
      vertex 7.4811339235219725 7.224447052773572 0
      vertex 7.7287061849649 6.958958306132126 0.9000000000000004
    endloop
  endfacet
  facet normal 0.7313537016191707 0.6819983600624983 -1.3292895140315341e-17
    outer loop
      vertex 7.7287061849649 6.958958306132126 0.9000000000000004
      vertex 7.4811339235219725 7.224447052773572 0
      vertex 7.4811339235219725 7.224447052773572 0.9000000000000004
    endloop
  endfacet
  facet normal 0.7071067811865476 0.7071067811865476 1.454137735323554e-17
    outer loop
      vertex 7.224447052773572 7.4811339235219725 0
      vertex 7.4811339235219725 7.224447052773572 0.9000000000000004
      vertex 7.4811339235219725 7.224447052773572 0
    endloop
  endfacet
  facet normal 0.7071067811865476 0.7071067811865476 0
    outer loop
      vertex 7.224447052773572 7.4811339235219725 0
      vertex 7.224447052773572 7.4811339235219725 0.9000000000000004
      vertex 7.4811339235219725 7.224447052773572 0.9000000000000004
    endloop
  endfacet
  facet normal 0 0 -1
    outer loop
      vertex 5.2 9.00666419935816 0
      vertex 5.5111603480253315 8.81970020002683 0
      vertex 5.166210447096945 5.8415238290279525 0
    endloop
  endfacet
  facet normal 0.5150380749100527 0.8571673007021131 0
    outer loop
      vertex 5.2 9.00666419935816 0
      vertex 5.2 9.00666419935816 0.9000000000000004
      vertex 5.5111603480253315 8.81970020002683 0
    endloop
  endfacet
  facet normal 0.5150380749100527 0.8571673007021131 0
    outer loop
      vertex 5.5111603480253315 8.81970020002683 0
      vertex 5.2 9.00666419935816 0.9000000000000004
      vertex 5.5111603480253315 8.81970020002683 0.9000000000000004
    endloop
  endfacet
  facet normal 0.5446390350150228 0.8386705679454268 0
    outer loop
      vertex 5.5111603480253315 8.81970020002683 0
      vertex 5.5111603480253315 8.81970020002683 0.9000000000000004
      vertex 5.815606196095768 8.621990754572435 0
    endloop
  endfacet
  facet normal 0.5446390350150228 0.8386705679454268 -7.539209200356263e-18
    outer loop
      vertex 5.5111603480253315 8.81970020002683 0.9000000000000004
      vertex 5.815606196095768 8.621990754572435 0.9000000000000004
      vertex 5.815606196095768 8.621990754572435 0
    endloop
  endfacet
  facet normal 0.6293203910498403 0.7771459614569686 0
    outer loop
      vertex 6.4028793433868465 8.195311837509909 0
      vertex 6.4028793433868465 8.195311837509909 0.9000000000000004
      vertex 6.684991140740008 7.966862208437371 0
    endloop
  endfacet
  facet normal 0.6018150231520488 0.7986355100472924 0
    outer loop
      vertex 6.112966623841721 8.413776741499454 0
      vertex 6.112966623841721 8.413776741499454 0.9000000000000004
      vertex 6.4028793433868465 8.195311837509909 0
    endloop
  endfacet
  facet normal 0.6018150231520488 0.7986355100472924 9.797384948530332e-18
    outer loop
      vertex 6.112966623841721 8.413776741499454 0.9000000000000004
      vertex 6.4028793433868465 8.195311837509909 0.9000000000000004
      vertex 6.4028793433868465 8.195311837509909 0
    endloop
  endfacet
  facet normal 0.5735764363510479 0.8191520442889905 0
    outer loop
      vertex 5.815606196095768 8.621990754572435 0
      vertex 5.815606196095768 8.621990754572435 0.9000000000000004
      vertex 6.112966623841721 8.413776741499454 0
    endloop
  endfacet
  facet normal 0.5735764363510479 0.8191520442889905 3.3462705501537867e-18
    outer loop
      vertex 5.815606196095768 8.621990754572435 0.9000000000000004
      vertex 6.112966623841721 8.413776741499454 0.9000000000000004
      vertex 6.112966623841721 8.413776741499454 0
    endloop
  endfacet
  facet normal 0.6560590289905049 0.754709580222774 1.2695765029355331e-17
    outer loop
      vertex 6.958958306132126 7.7287061849649 0
      vertex 6.684991140740008 7.966862208437371 0
      vertex 6.684991140740008 7.966862208437371 0.9000000000000004
    endloop
  endfacet
  facet normal 0.6293203910498403 0.7771459614569686 -3.4097503701166172e-19
    outer loop
      vertex 6.4028793433868465 8.195311837509909 0.9000000000000004
      vertex 6.684991140740008 7.966862208437371 0.9000000000000004
      vertex 6.684991140740008 7.966862208437371 0
    endloop
  endfacet
  facet normal 0.6560590289905049 0.754709580222774 0
    outer loop
      vertex 6.958958306132126 7.7287061849649 0
      vertex 6.684991140740008 7.966862208437371 0.9000000000000004
      vertex 6.958958306132126 7.7287061849649 0.9000000000000004
    endloop
  endfacet
  facet normal 0.7771459614569686 0.6293203910498403 0
    outer loop
      vertex 8.195311837509909 6.4028793433868465 0
      vertex 7.966862208437371 6.684991140740008 0
      vertex 8.195311837509909 6.4028793433868465 0.9000000000000004
    endloop
  endfacet
  facet normal 0.7986355100472924 0.6018150231520488 0
    outer loop
      vertex 8.413776741499454 6.112966623841721 0
      vertex 8.195311837509909 6.4028793433868465 0
      vertex 8.413776741499454 6.112966623841721 0.9000000000000004
    endloop
  endfacet
  facet normal 0.7986355100472924 0.6018150231520488 9.797384948530332e-18
    outer loop
      vertex 8.413776741499454 6.112966623841721 0.9000000000000004
      vertex 8.195311837509909 6.4028793433868465 0
      vertex 8.195311837509909 6.4028793433868465 0.9000000000000004
    endloop
  endfacet
  facet normal 0.8386705679454268 0.5446390350150228 -7.539209200356263e-18
    outer loop
      vertex 8.621990754572435 5.815606196095768 0
      vertex 8.81970020002683 5.5111603480253315 0.9000000000000004
      vertex 8.81970020002683 5.5111603480253315 0
    endloop
  endfacet
  facet normal 0.8386705679454268 0.5446390350150228 0
    outer loop
      vertex 8.621990754572435 5.815606196095768 0
      vertex 8.621990754572435 5.815606196095768 0.9000000000000004
      vertex 8.81970020002683 5.5111603480253315 0.9000000000000004
    endloop
  endfacet
  facet normal 0.8571673007021131 0.5150380749100527 -2.242411452311292e-18
    outer loop
      vertex 8.81970020002683 5.5111603480253315 0
      vertex 9.00666419935816 5.2 0.9000000000000004
      vertex 9.00666419935816 5.2 0
    endloop
  endfacet
  facet normal 0.8571673007021131 0.5150380749100527 0
    outer loop
      vertex 8.81970020002683 5.5111603480253315 0
      vertex 8.81970020002683 5.5111603480253315 0.9000000000000004
      vertex 9.00666419935816 5.2 0.9000000000000004
    endloop
  endfacet
  facet normal 0.8191520442889905 0.5735764363510479 3.3462705501537867e-18
    outer loop
      vertex 8.413776741499454 6.112966623841721 0
      vertex 8.621990754572435 5.815606196095768 0.9000000000000004
      vertex 8.621990754572435 5.815606196095768 0
    endloop
  endfacet
  facet normal 0.8191520442889905 0.5735764363510479 0
    outer loop
      vertex 8.413776741499454 6.112966623841721 0
      vertex 8.413776741499454 6.112966623841721 0.9000000000000004
      vertex 8.621990754572435 5.815606196095768 0.9000000000000004
    endloop
  endfacet
  facet normal 0.754709580222774 0.6560590289905049 1.2695765029355331e-17
    outer loop
      vertex 7.7287061849649 6.958958306132126 0
      vertex 7.966862208437371 6.684991140740008 0.9000000000000004
      vertex 7.966862208437371 6.684991140740008 0
    endloop
  endfacet
  facet normal 0.7771459614569686 0.6293203910498403 -3.4097503701166172e-19
    outer loop
      vertex 8.195311837509909 6.4028793433868465 0.9000000000000004
      vertex 7.966862208437371 6.684991140740008 0
      vertex 7.966862208437371 6.684991140740008 0.9000000000000004
    endloop
  endfacet
  facet normal 0.754709580222774 0.6560590289905049 0
    outer loop
      vertex 7.7287061849649 6.958958306132126 0
      vertex 7.7287061849649 6.958958306132126 0.9000000000000004
      vertex 7.966862208437371 6.684991140740008 0.9000000000000004
    endloop
  endfacet
  facet normal -0.5495670285844887 -0.44503060491814633 0.7070529271412462
    outer loop
      vertex -7.966862208437371 -6.684991140740008 0.9000000000000004
      vertex -7.328500008542514 -5.725651720528623 2
      vertex -8.195311837509909 -6.4028793433868465 0.9000000000000004
    endloop
  endfacet
  facet normal -0.5647635913283334 -0.4255798915960656 0.7070529271412462
    outer loop
      vertex -8.195311837509909 -6.4028793433868465 0.9000000000000004
      vertex -7.523858047687012 -5.46640284632 2
      vertex -8.413776741499454 -6.112966623841721 0.9000000000000004
    endloop
  endfacet
  facet normal -0.5792720766313045 -0.40561067473163404 0.7070529271412465
    outer loop
      vertex -8.621990754572435 -5.815606196095768 0.9000000000000004
      vertex -8.413776741499454 -6.112966623841721 0.9000000000000004
      vertex -7.7100494247618885 -5.200494002277947 2
    endloop
  endfacet
  facet normal -0.5930748081389274 -0.38514728373957186 0.707052927141246
    outer loop
      vertex -8.81970020002683 -5.5111603480253315 0.9000000000000004
      vertex -8.621990754572435 -5.815606196095768 0.9000000000000004
      vertex -7.886847294254762 -4.928249157368806 2
    endloop
  endfacet
  facet normal -0.5792720766313054 -0.40561067473163315 0.7070529271412461
    outer loop
      vertex -8.413776741499454 -6.112966623841721 0.9000000000000004
      vertex -7.523858047687012 -5.46640284632 2
      vertex -7.7100494247618885 -5.200494002277947 2
    endloop
  endfacet
  facet normal -0.5930748081389259 -0.38514728373957363 0.7070529271412462
    outer loop
      vertex -8.621990754572435 -5.815606196095768 0.9000000000000004
      vertex -7.7100494247618885 -5.200494002277947 2
      vertex -7.886847294254762 -4.928249157368806 2
    endloop
  endfacet
  facet normal -0.4255798915960654 -0.5647635913283332 0.7070529271412462
    outer loop
      vertex -6.4028793433868465 -8.195311837509909 0.9000000000000004
      vertex -6.112966623841721 -8.413776741499454 0.9000000000000004
      vertex -5.725651720528623 -7.328500008542514 2
    endloop
  endfacet
  facet normal -0.36421465010967025 -0.6061549693489993 0.7070529271412459
    outer loop
      vertex -5.5111603480253315 -8.81970020002683 0.9000000000000004
      vertex -5.2 -9.00666419935816 0.9000000000000004
      vertex -4.928249157368806 -7.886847294254762 2
    endloop
  endfacet
  facet normal -0.4056106747316341 -0.5792720766313046 0.7070529271412461
    outer loop
      vertex -6.112966623841721 -8.413776741499454 0.9000000000000004
      vertex -5.815606196095768 -8.621990754572435 0.9000000000000004
      vertex -5.46640284632 -7.523858047687012 2
    endloop
  endfacet
  facet normal -0.3851472837395716 -0.5930748081389271 0.7070529271412462
    outer loop
      vertex -5.815606196095768 -8.621990754572435 0.9000000000000004
      vertex -5.5111603480253315 -8.81970020002683 0.9000000000000004
      vertex -5.200494002277947 -7.7100494247618885 2
    endloop
  endfacet
  facet normal -0.3851472837395737 -0.5930748081389262 0.7070529271412461
    outer loop
      vertex -5.5111603480253315 -8.81970020002683 0.9000000000000004
      vertex -4.928249157368806 -7.886847294254762 2
      vertex -5.200494002277947 -7.7100494247618885 2
    endloop
  endfacet
  facet normal -0.4056106747316331 -0.5792720766313053 0.7070529271412462
    outer loop
      vertex -5.815606196095768 -8.621990754572435 0.9000000000000004
      vertex -5.200494002277947 -7.7100494247618885 2
      vertex -5.46640284632 -7.523858047687012 2
    endloop
  endfacet
  facet normal -0.5337009030706296 -0.4639391169998389 0.707052927141246
    outer loop
      vertex -7.966862208437371 -6.684991140740008 0.9000000000000004
      vertex -7.7287061849649 -6.958958306132126 0.9000000000000004
      vertex -7.124213321006496 -5.977924770084815 2
    endloop
  endfacet
  facet normal -0.5171845452166964 -0.4822823907318146 0.7070529271412459
    outer loop
      vertex -7.4811339235219725 -7.224447052773572 0.9000000000000004
      vertex -6.911246876939767 -6.222914639137382 2
      vertex -7.7287061849649 -6.958958306132126 0.9000000000000004
    endloop
  endfacet
  facet normal -0.48228239073181445 -0.5171845452166962 0.7070529271412461
    outer loop
      vertex -7.224447052773572 -7.4811339235219725 0.9000000000000004
      vertex -6.958958306132126 -7.7287061849649 0.9000000000000004
      vertex -6.460322845268675 -6.689860143149456 2
    endloop
  endfacet
  facet normal -0.46393911699983903 -0.5337009030706297 0.707052927141246
    outer loop
      vertex -6.684991140740008 -7.966862208437371 0.9000000000000004
      vertex -6.222914639137382 -6.911246876939767 2
      vertex -6.958958306132126 -7.7287061849649 0.9000000000000004
    endloop
  endfacet
  facet normal -0.5000380776605895 -0.5000380776605895 0.7070529271412461
    outer loop
      vertex -7.4811339235219725 -7.224447052773572 0.9000000000000004
      vertex -7.224447052773572 -7.4811339235219725 0.9000000000000004
      vertex -6.689860143149456 -6.460322845268675 2
    endloop
  endfacet
  facet normal -0.5171845452166953 -0.4822823907318158 0.7070529271412462
    outer loop
      vertex -7.4811339235219725 -7.224447052773572 0.9000000000000004
      vertex -6.689860143149456 -6.460322845268675 2
      vertex -6.911246876939767 -6.222914639137382 2
    endloop
  endfacet
  facet normal -0.5000380776605897 -0.5000380776605896 0.7070529271412461
    outer loop
      vertex -7.224447052773572 -7.4811339235219725 0.9000000000000004
      vertex -6.460322845268675 -6.689860143149456 2
      vertex -6.689860143149456 -6.460322845268675 2
    endloop
  endfacet
  facet normal -0.48228239073181584 -0.5171845452166954 0.7070529271412459
    outer loop
      vertex -6.958958306132126 -7.7287061849649 0.9000000000000004
      vertex -6.222914639137382 -6.911246876939767 2
      vertex -6.460322845268675 -6.689860143149456 2
    endloop
  endfacet
  facet normal -0.5647635913283328 -0.42557989159606613 0.7070529271412465
    outer loop
      vertex -8.195311837509909 -6.4028793433868465 0.9000000000000004
      vertex -7.328500008542514 -5.725651720528623 2
      vertex -7.523858047687012 -5.46640284632 2
    endloop
  endfacet
  facet normal -0.5337009030706301 -0.46393911699983864 0.707052927141246
    outer loop
      vertex -7.7287061849649 -6.958958306132126 0.9000000000000004
      vertex -6.911246876939767 -6.222914639137382 2
      vertex -7.124213321006496 -5.977924770084815 2
    endloop
  endfacet
  facet normal -0.54956702858449 -0.44503060491814517 0.7070529271412459
    outer loop
      vertex -7.966862208437371 -6.684991140740008 0.9000000000000004
      vertex -7.124213321006496 -5.977924770084815 2
      vertex -7.328500008542514 -5.725651720528623 2
    endloop
  endfacet
  facet normal 0 0 1
    outer loop
      vertex -7.328500008542514 -5.725651720528623 2
      vertex -7.124213321006496 -5.977924770084815 2
      vertex -7.024012361682798 -5.020462298900443 2
    endloop
  endfacet
  facet normal 0 0 1
    outer loop
      vertex -7.523858047687012 -5.46640284632 2
      vertex -7.328500008542514 -5.725651720528623 2
      vertex -7.213400260296652 -4.7443279857642295 2
    endloop
  endfacet
  facet normal 0 0 1
    outer loop
      vertex -6.689860143149456 -6.460322845268675 2
      vertex -6.460322845268675 -6.689860143149456 2
      vertex -6.393678404341722 -5.801953792784613 2
    endloop
  endfacet
  facet normal 0 0 1
    outer loop
      vertex -6.911246876939767 -6.222914639137382 2
      vertex -6.689860143149456 -6.460322845268675 2
      vertex -6.613842966839098 -5.549673194139134 2
    endloop
  endfacet
  facet normal 0 0 1
    outer loop
      vertex -6.689860143149456 -6.460322845268675 2
      vertex -6.393678404341722 -5.801953792784613 2
      vertex -6.613842966839098 -5.549673194139134 2
    endloop
  endfacet
  facet normal 0 0 1
    outer loop
      vertex -6.911246876939767 -6.222914639137382 2
      vertex -6.824059681255221 -5.289045359837668 2
      vertex -7.124213321006496 -5.977924770084815 2
    endloop
  endfacet
  facet normal 0 0 1
    outer loop
      vertex -7.124213321006496 -5.977924770084815 2
      vertex -6.824059681255221 -5.289045359837668 2
      vertex -7.024012361682798 -5.020462298900443 2
    endloop
  endfacet
  facet normal 0 0 1
    outer loop
      vertex -6.911246876939767 -6.222914639137382 2
      vertex -6.613842966839098 -5.549673194139134 2
      vertex -6.824059681255221 -5.289045359837668 2
    endloop
  endfacet
  facet normal -0.4450306049181465 -0.5495670285844889 0.707052927141246
    outer loop
      vertex -6.684991140740008 -7.966862208437371 0.9000000000000004
      vertex -6.4028793433868465 -8.195311837509909 0.9000000000000004
      vertex -5.977924770084815 -7.124213321006496 2
    endloop
  endfacet
  facet normal -0.4639391169998386 -0.53370090307063 0.707052927141246
    outer loop
      vertex -6.684991140740008 -7.966862208437371 0.9000000000000004
      vertex -5.977924770084815 -7.124213321006496 2
      vertex -6.222914639137382 -6.911246876939767 2
    endloop
  endfacet
  facet normal -0.44503060491814483 -0.5495670285844898 0.7070529271412463
    outer loop
      vertex -6.4028793433868465 -8.195311837509909 0.9000000000000004
      vertex -5.725651720528623 -7.328500008542514 2
      vertex -5.977924770084815 -7.124213321006496 2
    endloop
  endfacet
  facet normal 0 0 1
    outer loop
      vertex -6.222914639137382 -6.911246876939767 2
      vertex -6.163897142178858 -6.045507701789219 2
      vertex -6.460322845268675 -6.689860143149456 2
    endloop
  endfacet
  facet normal 0 0 1
    outer loop
      vertex -6.222914639137382 -6.911246876939767 2
      vertex -5.977924770084815 -7.124213321006496 2
      vertex -5.924844793196081 -6.279968592938245 2
    endloop
  endfacet
  facet normal 0 0 1
    outer loop
      vertex -5.977924770084815 -7.124213321006496 2
      vertex -5.676880914834202 -6.504983814779609 2
      vertex -5.924844793196081 -6.279968592938245 2
    endloop
  endfacet
  facet normal -0.4255798915960664 -0.5647635913283328 0.7070529271412461
    outer loop
      vertex -6.112966623841721 -8.413776741499454 0.9000000000000004
      vertex -5.46640284632 -7.523858047687012 2
      vertex -5.725651720528623 -7.328500008542514 2
    endloop
  endfacet
  facet normal 0 0 1
    outer loop
      vertex -5.725651720528623 -7.328500008542514 2
      vertex -5.46640284632 -7.523858047687012 2
      vertex -5.420378468320753 -6.720214923045114 2
    endloop
  endfacet
  facet normal 0 0 1
    outer loop
      vertex -5.46640284632 -7.523858047687012 2
      vertex -5.200494002277947 -7.7100494247618885 2
      vertex -5.155723257700852 -6.925338189702795 2
    endloop
  endfacet
  facet normal 0 0 1
    outer loop
      vertex -5.977924770084815 -7.124213321006496 2
      vertex -5.725651720528623 -7.328500008542514 2
      vertex -5.676880914834202 -6.504983814779609 2
    endloop
  endfacet
  facet normal 0 0 1
    outer loop
      vertex -5.725651720528623 -7.328500008542514 2
      vertex -5.420378468320753 -6.720214923045114 2
      vertex -5.676880914834202 -6.504983814779609 2
    endloop
  endfacet
  facet normal 0 0 1
    outer loop
      vertex -5.46640284632 -7.523858047687012 2
      vertex -5.155723257700852 -6.925338189702795 2
      vertex -5.420378468320753 -6.720214923045114 2
    endloop
  endfacet
  facet normal 0 0 1
    outer loop
      vertex -6.460322845268675 -6.689860143149456 2
      vertex -6.163897142178858 -6.045507701789219 2
      vertex -6.393678404341722 -5.801953792784613 2
    endloop
  endfacet
  facet normal 0 0 1
    outer loop
      vertex -6.222914639137382 -6.911246876939767 2
      vertex -5.924844793196081 -6.279968592938245 2
      vertex -6.163897142178858 -6.045507701789219 2
    endloop
  endfacet
  facet normal -0.6409051866793937 -0.2988589966998597 0.7070529271412465
    outer loop
      vertex -9.347458081511338 -4.559059926606405 0.9000000000000004
      vertex -8.495972756076188 -3.7826507806049423 2
      vertex -9.50087275948305 -4.2300610879883225 0.9000000000000004
    endloop
  endfacet
  facet normal -0.6509447931261878 -0.2763096714248359 0.7070529271412457
    outer loop
      vertex -9.50087275948305 -4.2300610879883225 0.9000000000000004
      vertex -8.622809847471125 -3.483841318767982 2
      vertex -9.642712087494589 -3.895908571525485 0.9000000000000004
    endloop
  endfacet
  facet normal -0.660191323612913 -0.2534237053774274 0.7070529271412465
    outer loop
      vertex -9.772803256173448 -3.557009490586955 0.9000000000000004
      vertex -9.642712087494589 -3.895908571525485 0.9000000000000004
      vertex -8.739141373308948 -3.1807873329287193 2
    endloop
  endfacet
  facet normal -0.668633512666498 -0.23022898158193664 0.7070529271412462
    outer loop
      vertex -9.772803256173448 -3.557009490586955 0.9000000000000004
      vertex -8.844825601544928 -2.873858047687011 2
      vertex -9.890987769469596 -3.213776741499453 0.9000000000000004
    endloop
  endfacet
  facet normal -0.6762610747799923 -0.20675375923645445 0.7070529271412458
    outer loop
      vertex -9.890987769469596 -3.213776741499453 0.9000000000000004
      vertex -8.939733772226367 -2.5634274090980926 2
      vertex -9.997121637758516 -2.8666285004967915 0.9000000000000004
    endloop
  endfacet
  facet normal -0.668633512666497 -0.2302289815819384 0.7070529271412466
    outer loop
      vertex -9.772803256173448 -3.557009490586955 0.9000000000000004
      vertex -8.739141373308948 -3.1807873329287193 2
      vertex -8.844825601544928 -2.873858047687011 2
    endloop
  endfacet
  facet normal -0.6762610747799912 -0.20675375923645672 0.7070529271412462
    outer loop
      vertex -9.890987769469596 -3.213776741499453 0.9000000000000004
      vertex -8.844825601544928 -2.873858047687011 2
      vertex -8.939733772226367 -2.5634274090980926 2
    endloop
  endfacet
  facet normal -0.6184966240999341 -0.34283827703157754 0.7070529271412458
    outer loop
      vertex -9.18265496573284 -4.8825042529732645 0.9000000000000004
      vertex -9.00666419935816 -5.2 0.9000000000000004
      vertex -8.211412613588022 -4.366085533908785 2
    endloop
  endfacet
  facet normal -0.6061549693489995 -0.3642146501096704 0.7070529271412458
    outer loop
      vertex -8.81970020002683 -5.5111603480253315 0.9000000000000004
      vertex -8.05403625519528 -4.65 2
      vertex -9.00666419935816 -5.2 0.9000000000000004
    endloop
  endfacet
  facet normal -0.6300847359865076 -0.32104420832310454 0.707052927141246
    outer loop
      vertex -9.18265496573284 -4.8825042529732645 0.9000000000000004
      vertex -8.358784630582255 -4.07685166513842 2
      vertex -9.347458081511338 -4.559059926606405 0.9000000000000004
    endloop
  endfacet
  facet normal -0.6300847359865079 -0.3210442083231039 0.707052927141246
    outer loop
      vertex -9.18265496573284 -4.8825042529732645 0.9000000000000004
      vertex -8.211412613588022 -4.366085533908785 2
      vertex -8.358784630582255 -4.07685166513842 2
    endloop
  endfacet
  facet normal -0.6409051866793953 -0.29885899669985716 0.707052927141246
    outer loop
      vertex -9.347458081511338 -4.559059926606405 0.9000000000000004
      vertex -8.358784630582255 -4.07685166513842 2
      vertex -8.495972756076188 -3.7826507806049423 2
    endloop
  endfacet
  facet normal -0.6061549693489987 -0.3642146501096712 0.707052927141246
    outer loop
      vertex -8.81970020002683 -5.5111603480253315 0.9000000000000004
      vertex -7.886847294254762 -4.928249157368806 2
      vertex -8.05403625519528 -4.65 2
    endloop
  endfacet
  facet normal -0.6184966240999344 -0.3428382770315774 0.7070529271412457
    outer loop
      vertex -9.00666419935816 -5.2 0.9000000000000004
      vertex -8.05403625519528 -4.65 2
      vertex -8.211412613588022 -4.366085533908785 2
    endloop
  endfacet
  facet normal 0 0 1
    outer loop
      vertex -7.886847294254762 -4.928249157368806 2
      vertex -7.859854070431205 -3.5727419922630124 2
      vertex -8.05403625519528 -4.65 2
    endloop
  endfacet
  facet normal 0 0 1
    outer loop
      vertex -8.05403625519528 -4.65 2
      vertex -7.992477484015239 -3.2652863609893257 2
      vertex -8.211412613588022 -4.366085533908785 2
    endloop
  endfacet
  facet normal 0 0 1
    outer loop
      vertex -7.886847294254762 -4.928249157368806 2
      vertex -7.715408689705605 -3.874823880200068 2
      vertex -7.859854070431205 -3.5727419922630124 2
    endloop
  endfacet
  facet normal -0.6509447931261851 -0.2763096714248403 0.7070529271412465
    outer loop
      vertex -9.50087275948305 -4.2300610879883225 0.9000000000000004
      vertex -8.495972756076188 -3.7826507806049423 2
      vertex -8.622809847471125 -3.483841318767982 2
    endloop
  endfacet
  facet normal -0.6601913236129158 -0.2534237053774224 0.7070529271412457
    outer loop
      vertex -9.642712087494589 -3.895908571525485 0.9000000000000004
      vertex -8.622809847471125 -3.483841318767982 2
      vertex -8.739141373308948 -3.1807873329287193 2
    endloop
  endfacet
  facet normal 0 0 1
    outer loop
      vertex -8.495972756076188 -3.7826507806049423 2
      vertex -8.530066076408731 -1.3340779901693995 2
      vertex -8.622809847471125 -3.483841318767982 2
    endloop
  endfacet
  facet normal 0 0 1
    outer loop
      vertex -8.211412613588022 -4.366085533908785 2
      vertex -8.221478578305812 -2.636111025395578 2
      vertex -8.358784630582255 -4.07685166513842 2
    endloop
  endfacet
  facet normal 0 0 1
    outer loop
      vertex -8.358784630582255 -4.07685166513842 2
      vertex -8.317511819613372 -2.3153376605465836 2
      vertex -8.495972756076188 -3.7826507806049423 2
    endloop
  endfacet
  facet normal 0 0 1
    outer loop
      vertex -8.211412613588022 -4.366085533908785 2
      vertex -8.11307945224557 -2.9529194288541323 2
      vertex -8.221478578305812 -2.636111025395578 2
    endloop
  endfacet
  facet normal 0 0 1
    outer loop
      vertex -8.05403625519528 -4.65 2
      vertex -7.859854070431205 -3.5727419922630124 2
      vertex -7.992477484015239 -3.2652863609893257 2
    endloop
  endfacet
  facet normal 0 0 1
    outer loop
      vertex -8.211412613588022 -4.366085533908785 2
      vertex -7.992477484015239 -3.2652863609893257 2
      vertex -8.11307945224557 -2.9529194288541323 2
    endloop
  endfacet
  facet normal 0 0 1
    outer loop
      vertex -8.358784630582255 -4.07685166513842 2
      vertex -8.221478578305812 -2.636111025395578 2
      vertex -8.317511819613372 -2.3153376605465836 2
    endloop
  endfacet
  facet normal 0 0 1
    outer loop
      vertex -8.495972756076188 -3.7826507806049423 2
      vertex -8.317511819613372 -2.3153376605465836 2
      vertex -8.401034733050977 -1.9910818079186412 2
    endloop
  endfacet
  facet normal -0.6890361499682673 -0.15907652956329932 0.707052927141246
    outer loop
      vertex -10.091075553270363 -2.5159877142365445 0.9000000000000004
      vertex -9.096772686824394 -1.9335787246051621 2
      vertex -10.17273504763158 -2.162281584504697 0.9000000000000004
    endloop
  endfacet
  facet normal -0.6941680985817813 -0.1349326095958651 0.707052927141246
    outer loop
      vertex -10.17273504763158 -2.162281584504697 0.9000000000000004
      vertex -9.158712103013535 -1.6149280523024523 2
      vertex -10.242000631326963 -1.8059410477360756 0.9000000000000004
    endloop
  endfacet
  facet normal -0.6984543102955696 -0.1106242950284257 0.7070529271412459
    outer loop
      vertex -10.242000631326963 -1.8059410477360756 0.9000000000000004
      vertex -9.209493039296605 -1.2943098389286087 2
      vertex -10.298787914912332 -1.4474002499846805 0.9000000000000004
    endloop
  endfacet
  facet normal -0.6830647169439016 -0.18302663928331117 0.7070529271412461
    outer loop
      vertex -9.997121637758516 -2.8666285004967915 0.9000000000000004
      vertex -9.023750254366767 -2.24987362907691 2
      vertex -10.091075553270363 -2.5159877142365445 0.9000000000000004
    endloop
  endfacet
  facet normal -0.6830647169439024 -0.18302663928330976 0.7070529271412458
    outer loop
      vertex -9.997121637758516 -2.8666285004967915 0.9000000000000004
      vertex -8.939733772226367 -2.5634274090980926 2
      vertex -9.023750254366767 -2.24987362907691 2
    endloop
  endfacet
  facet normal -0.6890361499682672 -0.15907652956329985 0.7070529271412462
    outer loop
      vertex -10.091075553270363 -2.5159877142365445 0.9000000000000004
      vertex -9.023750254366767 -2.24987362907691 2
      vertex -9.096772686824394 -1.9335787246051621 2
    endloop
  endfacet
  facet normal -0.6941680985817814 -0.13493260959586467 0.707052927141246
    outer loop
      vertex -10.17273504763158 -2.162281584504697 0.9000000000000004
      vertex -9.096772686824394 -1.9335787246051621 2
      vertex -9.158712103013535 -1.6149280523024523 2
    endloop
  endfacet
  facet normal -0.6984543102955694 -0.11062429502842648 0.7070529271412461
    outer loop
      vertex -10.242000631326963 -1.8059410477360756 0.9000000000000004
      vertex -9.158712103013535 -1.6149280523024523 2
      vertex -9.209493039296605 -1.2943098389286087 2
    endloop
  endfacet
  facet normal -0.7018895630209021 -0.08618120179785327 0.7070529271412463
    outer loop
      vertex -10.298787914912332 -1.4474002499846805 0.9000000000000004
      vertex -9.249053626924942 -0.9721147083891774 2
      vertex -10.343027711830043 -1.0870960179835962 0.9000000000000004
    endloop
  endfacet
  facet normal -0.7044696714314936 -0.06163311004808603 0.7070529271412459
    outer loop
      vertex -10.343027711830043 -1.0870960179835962 0.9000000000000004
      vertex -9.277345667416366 -0.6487352058203654 2
      vertex -10.374666122702171 -0.7254673269389031 0.9000000000000004
    endloop
  endfacet
  facet normal -0.7061914920626785 -0.03700992784758458 0.7070529271412462
    outer loop
      vertex -10.374666122702171 -0.7254673269389031 0.9000000000000004
      vertex -9.29433469127759 -0.32456531933325905 2
      vertex -10.393664600998596 -0.3629547657060101 0.9000000000000004
    endloop
  endfacet
  facet normal -0.7070529271412461 -0.012341654750936617 0.7070529271412462
    outer loop
      vertex -10.393664600998596 -0.3629547657060101 0.9000000000000004
      vertex -9.29433469127759 -0.32456531933325905 2
      vertex -10.4 0 0.9000000000000004
    endloop
  endfacet
  facet normal -0.7018895630209031 -0.08618120179785063 0.7070529271412459
    outer loop
      vertex -10.298787914912332 -1.4474002499846805 0.9000000000000004
      vertex -9.209493039296605 -1.2943098389286087 2
      vertex -9.249053626924942 -0.9721147083891774 2
    endloop
  endfacet
  facet normal -0.7044696714314929 -0.061633110048089024 0.7070529271412463
    outer loop
      vertex -10.343027711830043 -1.0870960179835962 0.9000000000000004
      vertex -9.249053626924942 -0.9721147083891774 2
      vertex -9.277345667416366 -0.6487352058203654 2
    endloop
  endfacet
  facet normal -0.706191492062679 -0.03700992784758229 0.7070529271412459
    outer loop
      vertex -10.374666122702171 -0.7254673269389031 0.9000000000000004
      vertex -9.277345667416366 -0.6487352058203654 2
      vertex -9.29433469127759 -0.32456531933325905 2
    endloop
  endfacet
  facet normal -0.7070529271412462 -0.01234165475093714 0.7070529271412461
    outer loop
      vertex -9.29433469127759 -0.32456531933325905 2
      vertex -9.3 0 2
      vertex -10.4 0 0.9000000000000004
    endloop
  endfacet
  facet normal 0 0 1
    outer loop
      vertex -9.158712103013535 -1.6149280523024523 2
      vertex -9.209493039296605 1.2943098389286087 2
      vertex -9.209493039296605 -1.2943098389286087 2
    endloop
  endfacet
  facet normal 0 0 1
    outer loop
      vertex -9.158712103013535 -1.6149280523024523 2
      vertex -9.096772686824394 -1.9335787246051621 2
      vertex -9.158712103013535 1.6149280523024523 2
    endloop
  endfacet
  facet normal 0 0 1
    outer loop
      vertex -9.209493039296605 -1.2943098389286087 2
      vertex -9.249053626924942 0.9721147083891774 2
      vertex -9.249053626924942 -0.9721147083891774 2
    endloop
  endfacet
  facet normal 0 0 1
    outer loop
      vertex -9.249053626924942 -0.9721147083891774 2
      vertex -9.277345667416366 0.6487352058203654 2
      vertex -9.277345667416366 -0.6487352058203654 2
    endloop
  endfacet
  facet normal 0 0 1
    outer loop
      vertex -9.277345667416366 -0.6487352058203654 2
      vertex -9.29433469127759 0.32456531933325905 2
      vertex -9.29433469127759 -0.32456531933325905 2
    endloop
  endfacet
  facet normal 0 0 1
    outer loop
      vertex -8.495972756076188 -3.7826507806049423 2
      vertex -8.401034733050977 -1.9910818079186412 2
      vertex -8.47192169222285 -1.6638311791156584 2
    endloop
  endfacet
  facet normal 0 0 1
    outer loop
      vertex -8.495972756076188 -3.7826507806049423 2
      vertex -8.47192169222285 -1.6638311791156584 2
      vertex -8.530066076408731 -1.3340779901693995 2
    endloop
  endfacet
  facet normal 0 0 1
    outer loop
      vertex -8.622809847471125 -3.483841318767982 2
      vertex -8.530066076408731 -1.3340779901693995 2
      vertex -8.575380430931583 -1.0023182211998036 2
    endloop
  endfacet
  facet normal 0 0 1
    outer loop
      vertex -8.622809847471125 -3.483841318767982 2
      vertex -8.575380430931583 -1.0023182211998036 2
      vertex -8.60779659869772 -0.6690508704137761 2
    endloop
  endfacet
  facet normal 0 0 1
    outer loop
      vertex -8.622809847471125 -3.483841318767982 2
      vertex -8.60779659869772 -0.6690508704137761 2
      vertex -8.627265822711562 -0.3347772035644696 2
    endloop
  endfacet
  facet normal 0 0 1
    outer loop
      vertex -8.844825601544928 -2.873858047687011 2
      vertex -8.739141373308948 -3.1807873329287193 2
      vertex -8.844825601544928 2.873858047687011 2
    endloop
  endfacet
  facet normal 0 0 1
    outer loop
      vertex -8.939733772226367 -2.5634274090980926 2
      vertex -9.023750254366767 2.24987362907691 2
      vertex -9.023750254366767 -2.24987362907691 2
    endloop
  endfacet
  facet normal 0 0 1
    outer loop
      vertex -9.023750254366767 -2.24987362907691 2
      vertex -9.096772686824394 1.9335787246051621 2
      vertex -9.096772686824394 -1.9335787246051621 2
    endloop
  endfacet
  facet normal 0 0 1
    outer loop
      vertex -8.844825601544928 -2.873858047687011 2
      vertex -8.939733772226367 2.5634274090980926 2
      vertex -8.939733772226367 -2.5634274090980926 2
    endloop
  endfacet
  facet normal 0 0 1
    outer loop
      vertex -8.622809847471125 -3.483841318767982 2
      vertex -8.739141373308948 3.1807873329287193 2
      vertex -8.739141373308948 -3.1807873329287193 2
    endloop
  endfacet
  facet normal 0 0 1
    outer loop
      vertex -8.622809847471125 -3.483841318767982 2
      vertex -8.627265822711562 -0.3347772035644696 2
      vertex -8.739141373308948 3.1807873329287193 2
    endloop
  endfacet
  facet normal 0 0 1
    outer loop
      vertex -7.7100494247618885 -5.200494002277947 2
      vertex -7.523858047687012 -5.46640284632 2
      vertex -7.391938519707024 -4.461057752666402 2
    endloop
  endfacet
  facet normal 0 0 1
    outer loop
      vertex -7.7100494247618885 -5.200494002277947 2
      vertex -7.715408689705605 -3.874823880200068 2
      vertex -7.886847294254762 -4.928249157368806 2
    endloop
  endfacet
  facet normal 0 0 1
    outer loop
      vertex -7.7100494247618885 -5.200494002277947 2
      vertex -7.391938519707024 -4.461057752666402 2
      vertex -7.559358601412134 -4.171077664945819 2
    endloop
  endfacet
  facet normal 0 0 1
    outer loop
      vertex -7.523858047687012 -5.46640284632 2
      vertex -7.213400260296652 -4.7443279857642295 2
      vertex -7.391938519707024 -4.461057752666402 2
    endloop
  endfacet
  facet normal 0 0 1
    outer loop
      vertex -7.328500008542514 -5.725651720528623 2
      vertex -7.024012361682798 -5.020462298900443 2
      vertex -7.213400260296652 -4.7443279857642295 2
    endloop
  endfacet
  facet normal 0 0 1
    outer loop
      vertex -7.7100494247618885 -5.200494002277947 2
      vertex -7.559358601412134 -4.171077664945819 2
      vertex -7.715408689705605 -3.874823880200068 2
    endloop
  endfacet
  facet normal -0.27630967142483565 -0.6509447931261871 0.7070529271412465
    outer loop
      vertex -4.2300610879883225 -9.50087275948305 0.9000000000000004
      vertex -3.895908571525485 -9.642712087494589 0.9000000000000004
      vertex -3.7826507806049423 -8.495972756076188 2
    endloop
  endfacet
  facet normal -0.3428382770315776 -0.6184966240999342 0.7070529271412458
    outer loop
      vertex -4.8825042529732645 -9.18265496573284 0.9000000000000004
      vertex -4.65 -8.05403625519528 2
      vertex -5.2 -9.00666419935816 0.9000000000000004
    endloop
  endfacet
  facet normal -0.32104420832310465 -0.6300847359865077 0.7070529271412459
    outer loop
      vertex -4.8825042529732645 -9.18265496573284 0.9000000000000004
      vertex -4.559059926606405 -9.347458081511338 0.9000000000000004
      vertex -4.366085533908785 -8.211412613588022 2
    endloop
  endfacet
  facet normal -0.3428382770315772 -0.6184966240999343 0.7070529271412459
    outer loop
      vertex -4.8825042529732645 -9.18265496573284 0.9000000000000004
      vertex -4.366085533908785 -8.211412613588022 2
      vertex -4.65 -8.05403625519528 2
    endloop
  endfacet
  facet normal -0.3642146501096714 -0.6061549693489988 0.7070529271412457
    outer loop
      vertex -5.2 -9.00666419935816 0.9000000000000004
      vertex -4.65 -8.05403625519528 2
      vertex -4.928249157368806 -7.886847294254762 2
    endloop
  endfacet
  facet normal -0.2988589966998599 -0.640905186679394 0.7070529271412459
    outer loop
      vertex -4.559059926606405 -9.347458081511338 0.9000000000000004
      vertex -4.2300610879883225 -9.50087275948305 0.9000000000000004
      vertex -4.07685166513842 -8.358784630582255 2
    endloop
  endfacet
  facet normal -0.32104420832310404 -0.6300847359865078 0.7070529271412459
    outer loop
      vertex -4.559059926606405 -9.347458081511338 0.9000000000000004
      vertex -4.07685166513842 -8.358784630582255 2
      vertex -4.366085533908785 -8.211412613588022 2
    endloop
  endfacet
  facet normal -0.29885899669985705 -0.6409051866793949 0.7070529271412463
    outer loop
      vertex -4.2300610879883225 -9.50087275948305 0.9000000000000004
      vertex -3.7826507806049423 -8.495972756076188 2
      vertex -4.07685166513842 -8.358784630582255 2
    endloop
  endfacet
  facet normal 0 0 1
    outer loop
      vertex -4.65 -8.05403625519528 2
      vertex -4.366085533908785 -8.211412613588022 2
      vertex -4.3168794097053915 -7.4770544677576805 2
    endloop
  endfacet
  facet normal 0 0 1
    outer loop
      vertex -4.366085533908785 -8.211412613588022 2
      vertex -4.07685166513842 -8.358784630582255 2
      vertex -4.023707348461036 -7.6388199694517045 2
    endloop
  endfacet
  facet normal 0 0 1
    outer loop
      vertex -4.07685166513842 -8.358784630582255 2
      vertex -3.7244832491464392 -7.789095960288399 2
      vertex -4.023707348461036 -7.6388199694517045 2
    endloop
  endfacet
  facet normal -0.25342370537742775 -0.6601913236129139 0.7070529271412458
    outer loop
      vertex -3.557009490586955 -9.772803256173448 0.9000000000000004
      vertex -3.483841318767982 -8.622809847471125 2
      vertex -3.895908571525485 -9.642712087494589 0.9000000000000004
    endloop
  endfacet
  facet normal -0.23022898158193655 -0.6686335126664976 0.7070529271412466
    outer loop
      vertex -3.557009490586955 -9.772803256173448 0.9000000000000004
      vertex -3.213776741499453 -9.890987769469596 0.9000000000000004
      vertex -3.1807873329287193 -8.739141373308948 2
    endloop
  endfacet
  facet normal -0.20675375923645437 -0.676261074779992 0.7070529271412462
    outer loop
      vertex -3.213776741499453 -9.890987769469596 0.9000000000000004
      vertex -2.8666285004967915 -9.997121637758516 0.9000000000000004
      vertex -2.873858047687011 -8.844825601544928 2
    endloop
  endfacet
  facet normal -0.23022898158193875 -0.6686335126664972 0.7070529271412461
    outer loop
      vertex -3.213776741499453 -9.890987769469596 0.9000000000000004
      vertex -2.873858047687011 -8.844825601544928 2
      vertex -3.1807873329287193 -8.739141373308948 2
    endloop
  endfacet
  facet normal -0.18302663928331125 -0.6830647169439018 0.7070529271412458
    outer loop
      vertex -2.8666285004967915 -9.997121637758516 0.9000000000000004
      vertex -2.5159877142365445 -10.091075553270363 0.9000000000000004
      vertex -2.5634274090980926 -8.939733772226367 2
    endloop
  endfacet
  facet normal -0.20675375923645703 -0.6762610747799915 0.7070529271412458
    outer loop
      vertex -2.8666285004967915 -9.997121637758516 0.9000000000000004
      vertex -2.5634274090980926 -8.939733772226367 2
      vertex -2.873858047687011 -8.844825601544928 2
    endloop
  endfacet
  facet normal -0.2763096714248404 -0.650944793126186 0.7070529271412457
    outer loop
      vertex -3.895908571525485 -9.642712087494589 0.9000000000000004
      vertex -3.483841318767982 -8.622809847471125 2
      vertex -3.7826507806049423 -8.495972756076188 2
    endloop
  endfacet
  facet normal -0.25342370537742204 -0.6601913236129149 0.7070529271412466
    outer loop
      vertex -3.557009490586955 -9.772803256173448 0.9000000000000004
      vertex -3.1807873329287193 -8.739141373308948 2
      vertex -3.483841318767982 -8.622809847471125 2
    endloop
  endfacet
  facet normal 0 0 1
    outer loop
      vertex -3.483841318767982 -8.622809847471125 2
      vertex -3.1807873329287193 -8.739141373308948 2
      vertex -3.1096876080879787 -8.054292913214514 2
    endloop
  endfacet
  facet normal 0 0 1
    outer loop
      vertex -4.07685166513842 -8.358784630582255 2
      vertex -3.7826507806049423 -8.495972756076188 2
      vertex -3.7244832491464392 -7.789095960288399 2
    endloop
  endfacet
  facet normal 0 0 1
    outer loop
      vertex -3.7826507806049423 -8.495972756076188 2
      vertex -3.4196571732307306 -7.927656410902599 2
      vertex -3.7244832491464392 -7.789095960288399 2
    endloop
  endfacet
  facet normal 0 0 1
    outer loop
      vertex -3.7826507806049423 -8.495972756076188 2
      vertex -3.483841318767982 -8.622809847471125 2
      vertex -3.4196571732307306 -7.927656410902599 2
    endloop
  endfacet
  facet normal 0 0 1
    outer loop
      vertex -3.483841318767982 -8.622809847471125 2
      vertex -3.1096876080879787 -8.054292913214514 2
      vertex -3.4196571732307306 -7.927656410902599 2
    endloop
  endfacet
  facet normal 0 0 1
    outer loop
      vertex -3.1807873329287193 -8.739141373308948 2
      vertex -2.873858047687011 -8.844825601544928 2
      vertex -2.795040777388648 -8.168814993895266 2
    endloop
  endfacet
  facet normal 0 0 1
    outer loop
      vertex -2.873858047687011 -8.844825601544928 2
      vertex -2.5634274090980926 -8.939733772226367 2
      vertex -2.476189939854897 -8.271050400856888 2
    endloop
  endfacet
  facet normal 0 0 1
    outer loop
      vertex -3.1807873329287193 -8.739141373308948 2
      vertex -2.795040777388648 -8.168814993895266 2
      vertex -3.1096876080879787 -8.054292913214514 2
    endloop
  endfacet
  facet normal 0 0 1
    outer loop
      vertex -2.873858047687011 -8.844825601544928 2
      vertex -2.476189939854897 -8.271050400856888 2
      vertex -2.795040777388648 -8.168814993895266 2
    endloop
  endfacet
  facet normal 0 0 1
    outer loop
      vertex -5.200494002277947 -7.7100494247618885 2
      vertex -4.928249157368806 -7.886847294254762 2
      vertex -4.883313349551281 -7.120045089874623 2
    endloop
  endfacet
  facet normal 0 0 1
    outer loop
      vertex -5.200494002277947 -7.7100494247618885 2
      vertex -4.883313349551281 -7.120045089874623 2
      vertex -5.155723257700852 -6.925338189702795 2
    endloop
  endfacet
  facet normal 0 0 1
    outer loop
      vertex -4.928249157368806 -7.886847294254762 2
      vertex -4.65 -8.05403625519528 2
      vertex -4.603558474250526 -7.304042765887235 2
    endloop
  endfacet
  facet normal 0 0 1
    outer loop
      vertex -4.928249157368806 -7.886847294254762 2
      vertex -4.603558474250526 -7.304042765887235 2
      vertex -4.883313349551281 -7.120045089874623 2
    endloop
  endfacet
  facet normal 0 0 1
    outer loop
      vertex -4.65 -8.05403625519528 2
      vertex -4.3168794097053915 -7.4770544677576805 2
      vertex -4.603558474250526 -7.304042765887235 2
    endloop
  endfacet
  facet normal 0 0 1
    outer loop
      vertex -4.366085533908785 -8.211412613588022 2
      vertex -4.023707348461036 -7.6388199694517045 2
      vertex -4.3168794097053915 -7.4770544677576805 2
    endloop
  endfacet
  facet normal -0.1590765295632993 -0.6890361499682672 0.7070529271412461
    outer loop
      vertex -2.5159877142365445 -10.091075553270363 0.9000000000000004
      vertex -2.162281584504697 -10.17273504763158 0.9000000000000004
      vertex -2.24987362907691 -9.023750254366767 2
    endloop
  endfacet
  facet normal -0.13493260959586512 -0.6941680985817814 0.707052927141246
    outer loop
      vertex -2.162281584504697 -10.17273504763158 0.9000000000000004
      vertex -1.8059410477360756 -10.242000631326963 0.9000000000000004
      vertex -1.9335787246051621 -9.096772686824394 2
    endloop
  endfacet
  facet normal -0.18302663928330964 -0.683064716943902 0.7070529271412461
    outer loop
      vertex -2.5159877142365445 -10.091075553270363 0.9000000000000004
      vertex -2.24987362907691 -9.023750254366767 2
      vertex -2.5634274090980926 -8.939733772226367 2
    endloop
  endfacet
  facet normal -0.15907652956329993 -0.6890361499682673 0.707052927141246
    outer loop
      vertex -2.162281584504697 -10.17273504763158 0.9000000000000004
      vertex -1.9335787246051621 -9.096772686824394 2
      vertex -2.24987362907691 -9.023750254366767 2
    endloop
  endfacet
  facet normal -0.11062429502842569 -0.6984543102955695 0.707052927141246
    outer loop
      vertex -1.8059410477360756 -10.242000631326963 0.9000000000000004
      vertex -1.4474002499846805 -10.298787914912332 0.9000000000000004
      vertex -1.6149280523024523 -9.158712103013535 2
    endloop
  endfacet
  facet normal -0.13493260959586478 -0.6941680985817813 0.707052927141246
    outer loop
      vertex -1.8059410477360756 -10.242000631326963 0.9000000000000004
      vertex -1.6149280523024523 -9.158712103013535 2
      vertex -1.9335787246051621 -9.096772686824394 2
    endloop
  endfacet
  facet normal -0.11062429502842665 -0.6984543102955695 0.707052927141246
    outer loop
      vertex -1.4474002499846805 -10.298787914912332 0.9000000000000004
      vertex -1.2943098389286087 -9.209493039296605 2
      vertex -1.6149280523024523 -9.158712103013535 2
    endloop
  endfacet
  facet normal 0 0 1
    outer loop
      vertex -2.5634274090980926 -8.939733772226367 2
      vertex -2.24987362907691 -9.023750254366767 2
      vertex -2.153614677434513 -8.360845362335803 2
    endloop
  endfacet
  facet normal 0 0 1
    outer loop
      vertex -2.5634274090980926 -8.939733772226367 2
      vertex -2.153614677434513 -8.360845362335803 2
      vertex -2.476189939854897 -8.271050400856888 2
    endloop
  endfacet
  facet normal 0 0 1
    outer loop
      vertex -2.24987362907691 -9.023750254366767 2
      vertex -1.9335787246051621 -9.096772686824394 2
      vertex -1.8278001739640894 -8.438064818180191 2
    endloop
  endfacet
  facet normal 0 0 1
    outer loop
      vertex -2.24987362907691 -9.023750254366767 2
      vertex -1.8278001739640894 -8.438064818180191 2
      vertex -2.153614677434513 -8.360845362335803 2
    endloop
  endfacet
  facet normal 0 0 1
    outer loop
      vertex -1.6149280523024523 -9.158712103013535 2
      vertex -1.4992364854064701 -8.502592622993268 2
      vertex -1.9335787246051621 -9.096772686824394 2
    endloop
  endfacet
  facet normal 0 0 1
    outer loop
      vertex -1.9335787246051621 -9.096772686824394 2
      vertex -1.4992364854064701 -8.502592622993268 2
      vertex -1.8278001739640894 -8.438064818180191 2
    endloop
  endfacet
  facet normal 0 0 1
    outer loop
      vertex -1.6149280523024523 -9.158712103013535 2
      vertex -1.2943098389286087 -9.209493039296605 2
      vertex -1.1684178027600176 -8.554331720826994 2
    endloop
  endfacet
  facet normal 0 0 1
    outer loop
      vertex -1.6149280523024523 -9.158712103013535 2
      vertex -1.1684178027600176 -8.554331720826994 2
      vertex -1.4992364854064701 -8.502592622993268 2
    endloop
  endfacet
  facet normal -0.08618120179785332 -0.7018895630209026 0.7070529271412459
    outer loop
      vertex -1.4474002499846805 -10.298787914912332 0.9000000000000004
      vertex -1.0870960179835962 -10.343027711830043 0.9000000000000004
      vertex -1.2943098389286087 -9.209493039296605 2
    endloop
  endfacet
  facet normal -0.061633110048086 -0.7044696714314933 0.7070529271412465
    outer loop
      vertex -1.0870960179835962 -10.343027711830043 0.9000000000000004
      vertex -0.7254673269389031 -10.374666122702171 0.9000000000000004
      vertex -0.9721147083891774 -9.249053626924942 2
    endloop
  endfacet
  facet normal -0.08618120179785052 -0.7018895630209026 0.7070529271412465
    outer loop
      vertex -1.0870960179835962 -10.343027711830043 0.9000000000000004
      vertex -0.9721147083891774 -9.249053626924942 2
      vertex -1.2943098389286087 -9.209493039296605 2
    endloop
  endfacet
  facet normal -0.06163311004808943 -0.7044696714314933 0.7070529271412458
    outer loop
      vertex -0.7254673269389031 -10.374666122702171 0.9000000000000004
      vertex -0.6487352058203654 -9.277345667416366 2
      vertex -0.9721147083891774 -9.249053626924942 2
    endloop
  endfacet
  facet normal -0.0370099278475846 -0.7061914920626787 0.7070529271412458
    outer loop
      vertex -0.7254673269389031 -10.374666122702171 0.9000000000000004
      vertex -0.3629547657060101 -10.393664600998596 0.9000000000000004
      vertex -0.6487352058203654 -9.277345667416366 2
    endloop
  endfacet
  facet normal -0.012341654750936617 -0.7070529271412461 0.7070529271412462
    outer loop
      vertex -0.3629547657060101 -10.393664600998596 0.9000000000000004
      vertex 0 -10.4 0.9000000000000004
      vertex -0.32456531933325905 -9.29433469127759 2
    endloop
  endfacet
  facet normal -0.037009927847582114 -0.7061914920626787 0.7070529271412462
    outer loop
      vertex -0.3629547657060101 -10.393664600998596 0.9000000000000004
      vertex -0.32456531933325905 -9.29433469127759 2
      vertex -0.6487352058203654 -9.277345667416366 2
    endloop
  endfacet
  facet normal -0.01234165475093714 -0.7070529271412462 0.7070529271412461
    outer loop
      vertex -0.32456531933325905 -9.29433469127759 2
      vertex 0 -10.4 0.9000000000000004
      vertex 0 -9.3 2
    endloop
  endfacet
  facet normal 0 0 1
    outer loop
      vertex -1.2943098389286087 -9.209493039296605 2
      vertex -0.9721147083891774 -9.249053626924942 2
      vertex -0.8358417087484075 -8.593204291163454 2
    endloop
  endfacet
  facet normal 0 0 1
    outer loop
      vertex -1.2943098389286087 -9.209493039296605 2
      vertex -0.8358417087484075 -8.593204291163454 2
      vertex -1.1684178027600176 -8.554331720826994 2
    endloop
  endfacet
  facet normal 0 0 1
    outer loop
      vertex -0.9721147083891774 -9.249053626924942 2
      vertex -0.6487352058203654 -9.277345667416366 2
      vertex -0.8358417087484075 -8.593204291163454 2
    endloop
  endfacet
  facet normal 0 0 1
    outer loop
      vertex -0.6487352058203654 -9.277345667416366 2
      vertex -0.5020084294089489 -8.619151865964298 2
      vertex -0.8358417087484075 -8.593204291163454 2
    endloop
  endfacet
  facet normal 0 0 1
    outer loop
      vertex -0.6487352058203654 -9.277345667416366 2
      vertex -0.32456531933325905 -9.29433469127759 2
      vertex -0.5020084294089489 -8.619151865964298 2
    endloop
  endfacet
  facet normal 0 0 1
    outer loop
      vertex -0.32456531933325905 -9.29433469127759 2
      vertex -0.16742008170510536 -8.632135417612222 2
      vertex -0.5020084294089489 -8.619151865964298 2
    endloop
  endfacet
  facet normal 0 0 1
    outer loop
      vertex -0.32456531933325905 -9.29433469127759 2
      vertex 0 -9.3 2
      vertex -0.16742008170510536 -8.632135417612222 2
    endloop
  endfacet
  facet normal -0.7070529271412461 0.012341654750936617 0.7070529271412462
    outer loop
      vertex -10.4 0 0.9000000000000004
      vertex -9.29433469127759 0.32456531933325905 2
      vertex -10.393664600998596 0.3629547657060101 0.9000000000000004
    endloop
  endfacet
  facet normal -0.7061914920626785 0.03700992784758458 0.7070529271412462
    outer loop
      vertex -10.393664600998596 0.3629547657060101 0.9000000000000004
      vertex -9.29433469127759 0.32456531933325905 2
      vertex -10.374666122702171 0.7254673269389031 0.9000000000000004
    endloop
  endfacet
  facet normal -0.7044696714314936 0.06163311004808603 0.7070529271412459
    outer loop
      vertex -10.374666122702171 0.7254673269389031 0.9000000000000004
      vertex -9.277345667416366 0.6487352058203654 2
      vertex -10.343027711830043 1.0870960179835962 0.9000000000000004
    endloop
  endfacet
  facet normal -0.7018895630209021 0.08618120179785327 0.7070529271412463
    outer loop
      vertex -10.343027711830043 1.0870960179835962 0.9000000000000004
      vertex -9.249053626924942 0.9721147083891774 2
      vertex -10.298787914912332 1.4474002499846805 0.9000000000000004
    endloop
  endfacet
  facet normal -0.7070529271412461 0.012341654750936978 0.7070529271412461
    outer loop
      vertex -10.4 0 0.9000000000000004
      vertex -9.3 0 2
      vertex -9.29433469127759 0.32456531933325905 2
    endloop
  endfacet
  facet normal -0.706191492062679 0.03700992784758216 0.7070529271412459
    outer loop
      vertex -10.374666122702171 0.7254673269389031 0.9000000000000004
      vertex -9.29433469127759 0.32456531933325905 2
      vertex -9.277345667416366 0.6487352058203654 2
    endloop
  endfacet
  facet normal 0 0 1
    outer loop
      vertex -9.29433469127759 -0.32456531933325905 2
      vertex -9.29433469127759 0.32456531933325905 2
      vertex -9.3 0 2
    endloop
  endfacet
  facet normal 0 0 1
    outer loop
      vertex -9.277345667416366 -0.6487352058203654 2
      vertex -9.277345667416366 0.6487352058203654 2
      vertex -9.29433469127759 0.32456531933325905 2
    endloop
  endfacet
  facet normal 0 0 1
    outer loop
      vertex -9.249053626924942 -0.9721147083891774 2
      vertex -9.249053626924942 0.9721147083891774 2
      vertex -9.277345667416366 0.6487352058203654 2
    endloop
  endfacet
  facet normal 0 0 1
    outer loop
      vertex -9.209493039296605 -1.2943098389286087 2
      vertex -9.209493039296605 1.2943098389286087 2
      vertex -9.249053626924942 0.9721147083891774 2
    endloop
  endfacet
  facet normal 0 0 1
    outer loop
      vertex -9.158712103013535 -1.6149280523024523 2
      vertex -9.158712103013535 1.6149280523024523 2
      vertex -9.209493039296605 1.2943098389286087 2
    endloop
  endfacet
  facet normal 0 0 1
    outer loop
      vertex -9.096772686824394 -1.9335787246051621 2
      vertex -9.096772686824394 1.9335787246051621 2
      vertex -9.158712103013535 1.6149280523024523 2
    endloop
  endfacet
  facet normal -0.7044696714314929 0.061633110048089086 0.7070529271412463
    outer loop
      vertex -10.343027711830043 1.0870960179835962 0.9000000000000004
      vertex -9.277345667416366 0.6487352058203654 2
      vertex -9.249053626924942 0.9721147083891774 2
    endloop
  endfacet
  facet normal -0.7018895630209031 0.08618120179785056 0.7070529271412459
    outer loop
      vertex -9.249053626924942 0.9721147083891774 2
      vertex -9.209493039296605 1.2943098389286087 2
      vertex -10.298787914912332 1.4474002499846805 0.9000000000000004
    endloop
  endfacet
  facet normal -0.6984543102955696 0.11062429502842576 0.7070529271412459
    outer loop
      vertex -9.209493039296605 1.2943098389286087 2
      vertex -10.242000631326963 1.8059410477360756 0.9000000000000004
      vertex -10.298787914912332 1.4474002499846805 0.9000000000000004
    endloop
  endfacet
  facet normal -0.6941680985817813 0.1349326095958651 0.707052927141246
    outer loop
      vertex -10.242000631326963 1.8059410477360756 0.9000000000000004
      vertex -9.158712103013535 1.6149280523024523 2
      vertex -10.17273504763158 2.162281584504697 0.9000000000000004
    endloop
  endfacet
  facet normal -0.6890361499682673 0.15907652956329932 0.707052927141246
    outer loop
      vertex -10.17273504763158 2.162281584504697 0.9000000000000004
      vertex -9.096772686824394 1.9335787246051621 2
      vertex -10.091075553270363 2.5159877142365445 0.9000000000000004
    endloop
  endfacet
  facet normal -0.6984543102955694 0.11062429502842651 0.7070529271412461
    outer loop
      vertex -9.209493039296605 1.2943098389286087 2
      vertex -9.158712103013535 1.6149280523024523 2
      vertex -10.242000631326963 1.8059410477360756 0.9000000000000004
    endloop
  endfacet
  facet normal -0.6941680985817812 0.13493260959586492 0.707052927141246
    outer loop
      vertex -10.17273504763158 2.162281584504697 0.9000000000000004
      vertex -9.158712103013535 1.6149280523024523 2
      vertex -9.096772686824394 1.9335787246051621 2
    endloop
  endfacet
  facet normal -0.6830647169439016 0.18302663928331117 0.7070529271412461
    outer loop
      vertex -10.091075553270363 2.5159877142365445 0.9000000000000004
      vertex -9.023750254366767 2.24987362907691 2
      vertex -9.997121637758516 2.8666285004967915 0.9000000000000004
    endloop
  endfacet
  facet normal -0.6890361499682671 0.15907652956329996 0.7070529271412462
    outer loop
      vertex -10.091075553270363 2.5159877142365445 0.9000000000000004
      vertex -9.096772686824394 1.9335787246051621 2
      vertex -9.023750254366767 2.24987362907691 2
    endloop
  endfacet
  facet normal -0.6830647169439024 0.18302663928330953 0.7070529271412458
    outer loop
      vertex -9.023750254366767 2.24987362907691 2
      vertex -8.939733772226367 2.5634274090980926 2
      vertex -9.997121637758516 2.8666285004967915 0.9000000000000004
    endloop
  endfacet
  facet normal 0 0 1
    outer loop
      vertex -9.023750254366767 -2.24987362907691 2
      vertex -9.023750254366767 2.24987362907691 2
      vertex -9.096772686824394 1.9335787246051621 2
    endloop
  endfacet
  facet normal 0 0 1
    outer loop
      vertex -8.939733772226367 -2.5634274090980926 2
      vertex -8.939733772226367 2.5634274090980926 2
      vertex -9.023750254366767 2.24987362907691 2
    endloop
  endfacet
  facet normal 0 0 1
    outer loop
      vertex -8.844825601544928 -2.873858047687011 2
      vertex -8.844825601544928 2.873858047687011 2
      vertex -8.939733772226367 2.5634274090980926 2
    endloop
  endfacet
  facet normal 0 0 1
    outer loop
      vertex -8.739141373308948 -3.1807873329287193 2
      vertex -8.739141373308948 3.1807873329287193 2
      vertex -8.844825601544928 2.873858047687011 2
    endloop
  endfacet
  facet normal 0 0 1
    outer loop
      vertex -8.627265822711562 -0.3347772035644696 2
      vertex -8.633758819410783 0 2
      vertex -8.739141373308948 3.1807873329287193 2
    endloop
  endfacet
  facet normal 0 0 1
    outer loop
      vertex -8.633758819410783 0 2
      vertex -8.627265822711562 0.3347772035644696 2
      vertex -8.739141373308948 3.1807873329287193 2
    endloop
  endfacet
  facet normal 0 0 1
    outer loop
      vertex -8.627265822711562 0.3347772035644696 2
      vertex -8.60779659869772 0.6690508704137761 2
      vertex -8.622809847471125 3.483841318767982 2
    endloop
  endfacet
  facet normal 0 0 1
    outer loop
      vertex -8.60779659869772 0.6690508704137761 2
      vertex -8.575380430931581 1.0023182211998036 2
      vertex -8.622809847471125 3.483841318767982 2
    endloop
  endfacet
  facet normal 0 0 1
    outer loop
      vertex -8.575380430931581 1.0023182211998036 2
      vertex -8.530066076408731 1.3340779901693995 2
      vertex -8.622809847471125 3.483841318767982 2
    endloop
  endfacet
  facet normal 0 0 1
    outer loop
      vertex -8.530066076408731 1.3340779901693995 2
      vertex -8.471921692222848 1.6638311791156584 2
      vertex -8.495972756076188 3.7826507806049423 2
    endloop
  endfacet
  facet normal 0 0 1
    outer loop
      vertex -8.627265822711562 0.3347772035644696 2
      vertex -8.622809847471125 3.483841318767982 2
      vertex -8.739141373308948 3.1807873329287193 2
    endloop
  endfacet
  facet normal 0 0 1
    outer loop
      vertex -8.471921692222848 1.6638311791156584 2
      vertex -8.401034733050976 1.9910818079186412 2
      vertex -8.495972756076188 3.7826507806049423 2
    endloop
  endfacet
  facet normal -0.6762610747799923 0.2067537592364544 0.7070529271412457
    outer loop
      vertex -8.939733772226367 2.5634274090980926 2
      vertex -9.890987769469596 3.213776741499453 0.9000000000000004
      vertex -9.997121637758516 2.8666285004967915 0.9000000000000004
    endloop
  endfacet
  facet normal -0.668633512666498 0.23022898158193664 0.7070529271412462
    outer loop
      vertex -9.890987769469596 3.213776741499453 0.9000000000000004
      vertex -8.844825601544928 2.873858047687011 2
      vertex -9.772803256173448 3.557009490586955 0.9000000000000004
    endloop
  endfacet
  facet normal -0.6762610747799911 0.20675375923645678 0.7070529271412461
    outer loop
      vertex -8.939733772226367 2.5634274090980926 2
      vertex -8.844825601544928 2.873858047687011 2
      vertex -9.890987769469596 3.213776741499453 0.9000000000000004
    endloop
  endfacet
  facet normal -0.6686335126664971 0.23022898158193839 0.7070529271412466
    outer loop
      vertex -9.772803256173448 3.557009490586955 0.9000000000000004
      vertex -8.844825601544928 2.873858047687011 2
      vertex -8.739141373308948 3.1807873329287193 2
    endloop
  endfacet
  facet normal -0.660191323612913 0.2534237053774274 0.7070529271412465
    outer loop
      vertex -9.772803256173448 3.557009490586955 0.9000000000000004
      vertex -8.739141373308948 3.1807873329287193 2
      vertex -9.642712087494589 3.895908571525485 0.9000000000000004
    endloop
  endfacet
  facet normal -0.6509447931261878 0.2763096714248359 0.7070529271412457
    outer loop
      vertex -9.642712087494589 3.895908571525485 0.9000000000000004
      vertex -8.622809847471125 3.483841318767982 2
      vertex -9.50087275948305 4.2300610879883225 0.9000000000000004
    endloop
  endfacet
  facet normal -0.6409051866793937 0.2988589966998597 0.7070529271412465
    outer loop
      vertex -9.50087275948305 4.2300610879883225 0.9000000000000004
      vertex -8.495972756076188 3.7826507806049423 2
      vertex -9.347458081511338 4.559059926606405 0.9000000000000004
    endloop
  endfacet
  facet normal 0 0 1
    outer loop
      vertex -8.530066076408731 1.3340779901693995 2
      vertex -8.495972756076188 3.7826507806049423 2
      vertex -8.622809847471125 3.483841318767982 2
    endloop
  endfacet
  facet normal -0.6601913236129158 0.2534237053774225 0.7070529271412457
    outer loop
      vertex -9.642712087494589 3.895908571525485 0.9000000000000004
      vertex -8.739141373308948 3.1807873329287193 2
      vertex -8.622809847471125 3.483841318767982 2
    endloop
  endfacet
  facet normal -0.6509447931261854 0.27630967142484025 0.7070529271412465
    outer loop
      vertex -9.50087275948305 4.2300610879883225 0.9000000000000004
      vertex -8.622809847471125 3.483841318767982 2
      vertex -8.495972756076188 3.7826507806049423 2
    endloop
  endfacet
  facet normal 0 0 1
    outer loop
      vertex -8.401034733050976 1.9910818079186412 2
      vertex -8.317511819613372 2.3153376605465836 2
      vertex -8.358784630582255 4.07685166513842 2
    endloop
  endfacet
  facet normal 0 0 1
    outer loop
      vertex -8.317511819613372 2.3153376605465836 2
      vertex -8.221478578305812 2.636111025395578 2
      vertex -8.358784630582255 4.07685166513842 2
    endloop
  endfacet
  facet normal 0 0 1
    outer loop
      vertex -8.401034733050976 1.9910818079186412 2
      vertex -8.358784630582255 4.07685166513842 2
      vertex -8.495972756076188 3.7826507806049423 2
    endloop
  endfacet
  facet normal 0 0 1
    outer loop
      vertex -8.221478578305812 2.636111025395578 2
      vertex -8.11307945224557 2.9529194288541323 2
      vertex -8.211412613588022 4.366085533908785 2
    endloop
  endfacet
  facet normal 0 0 1
    outer loop
      vertex -8.221478578305812 2.636111025395578 2
      vertex -8.211412613588022 4.366085533908785 2
      vertex -8.358784630582255 4.07685166513842 2
    endloop
  endfacet
  facet normal 0 0 1
    outer loop
      vertex -8.11307945224557 2.9529194288541323 2
      vertex -7.992477484015238 3.265286360989326 2
      vertex -8.05403625519528 4.65 2
    endloop
  endfacet
  facet normal -0.6300847359865074 0.3210442083231045 0.7070529271412459
    outer loop
      vertex -9.347458081511338 4.559059926606405 0.9000000000000004
      vertex -8.358784630582255 4.07685166513842 2
      vertex -9.18265496573284 4.8825042529732645 0.9000000000000004
    endloop
  endfacet
  facet normal -0.6409051866793953 0.2988589966998572 0.707052927141246
    outer loop
      vertex -9.347458081511338 4.559059926606405 0.9000000000000004
      vertex -8.495972756076188 3.7826507806049423 2
      vertex -8.358784630582255 4.07685166513842 2
    endloop
  endfacet
  facet normal -0.630084735986508 0.32104420832310393 0.7070529271412458
    outer loop
      vertex -9.18265496573284 4.8825042529732645 0.9000000000000004
      vertex -8.358784630582255 4.07685166513842 2
      vertex -8.211412613588022 4.366085533908785 2
    endloop
  endfacet
  facet normal -0.6184966240999342 0.3428382770315776 0.7070529271412459
    outer loop
      vertex -9.18265496573284 4.8825042529732645 0.9000000000000004
      vertex -8.211412613588022 4.366085533908785 2
      vertex -9.00666419935816 5.2 0.9000000000000004
    endloop
  endfacet
  facet normal -0.6061549693489995 0.36421465010967036 0.7070529271412457
    outer loop
      vertex -8.05403625519528 4.65 2
      vertex -8.81970020002683 5.5111603480253315 0.9000000000000004
      vertex -9.00666419935816 5.2 0.9000000000000004
    endloop
  endfacet
  facet normal 0 0 1
    outer loop
      vertex -8.11307945224557 2.9529194288541323 2
      vertex -8.05403625519528 4.65 2
      vertex -8.211412613588022 4.366085533908785 2
    endloop
  endfacet
  facet normal 0 0 1
    outer loop
      vertex -7.992477484015238 3.265286360989326 2
      vertex -7.859854070431205 3.5727419922630124 2
      vertex -7.886847294254762 4.928249157368806 2
    endloop
  endfacet
  facet normal 0 0 1
    outer loop
      vertex -7.859854070431205 3.5727419922630124 2
      vertex -7.715408689705605 3.874823880200068 2
      vertex -7.886847294254762 4.928249157368806 2
    endloop
  endfacet
  facet normal 0 0 1
    outer loop
      vertex -7.992477484015238 3.265286360989326 2
      vertex -7.886847294254762 4.928249157368806 2
      vertex -8.05403625519528 4.65 2
    endloop
  endfacet
  facet normal -0.6184966240999344 0.3428382770315772 0.7070529271412457
    outer loop
      vertex -8.211412613588022 4.366085533908785 2
      vertex -8.05403625519528 4.65 2
      vertex -9.00666419935816 5.2 0.9000000000000004
    endloop
  endfacet
  facet normal -0.6061549693489986 0.36421465010967136 0.707052927141246
    outer loop
      vertex -8.05403625519528 4.65 2
      vertex -7.886847294254762 4.928249157368806 2
      vertex -8.81970020002683 5.5111603480253315 0.9000000000000004
    endloop
  endfacet
  facet normal 0 0 1
    outer loop
      vertex -7.715408689705605 3.874823880200068 2
      vertex -7.559358601412133 4.171077664945819 2
      vertex -7.7100494247618885 5.200494002277947 2
    endloop
  endfacet
  facet normal 0 0 1
    outer loop
      vertex -7.886847294254762 4.928249157368806 2
      vertex -7.715408689705605 3.874823880200068 2
      vertex -7.7100494247618885 5.200494002277947 2
    endloop
  endfacet
  facet normal 0 0 1
    outer loop
      vertex -7.559358601412133 4.171077664945819 2
      vertex -7.391938519707024 4.461057752666402 2
      vertex -7.523858047687012 5.46640284632 2
    endloop
  endfacet
  facet normal 0 0 1
    outer loop
      vertex -7.559358601412133 4.171077664945819 2
      vertex -7.523858047687012 5.46640284632 2
      vertex -7.7100494247618885 5.200494002277947 2
    endloop
  endfacet
  facet normal 0 0 1
    outer loop
      vertex -7.391938519707024 4.461057752666402 2
      vertex -7.213400260296652 4.7443279857642295 2
      vertex -7.328500008542514 5.725651720528623 2
    endloop
  endfacet
  facet normal -0.5930748081389274 0.38514728373957186 0.7070529271412461
    outer loop
      vertex -7.886847294254762 4.928249157368806 2
      vertex -8.621990754572435 5.815606196095768 0.9000000000000004
      vertex -8.81970020002683 5.5111603480253315 0.9000000000000004
    endloop
  endfacet
  facet normal -0.5792720766313045 0.40561067473163404 0.7070529271412465
    outer loop
      vertex -8.621990754572435 5.815606196095768 0.9000000000000004
      vertex -7.7100494247618885 5.200494002277947 2
      vertex -8.413776741499454 6.112966623841721 0.9000000000000004
    endloop
  endfacet
  facet normal -0.5930748081389259 0.3851472837395736 0.7070529271412465
    outer loop
      vertex -7.886847294254762 4.928249157368806 2
      vertex -7.7100494247618885 5.200494002277947 2
      vertex -8.621990754572435 5.815606196095768 0.9000000000000004
    endloop
  endfacet
  facet normal -0.5792720766313054 0.4056106747316331 0.7070529271412461
    outer loop
      vertex -8.413776741499454 6.112966623841721 0.9000000000000004
      vertex -7.7100494247618885 5.200494002277947 2
      vertex -7.523858047687012 5.46640284632 2
    endloop
  endfacet
  facet normal -0.5647635913283334 0.4255798915960656 0.7070529271412462
    outer loop
      vertex -8.413776741499454 6.112966623841721 0.9000000000000004
      vertex -7.523858047687012 5.46640284632 2
      vertex -8.195311837509909 6.4028793433868465 0.9000000000000004
    endloop
  endfacet
  facet normal -0.5495670285844887 0.44503060491814633 0.7070529271412462
    outer loop
      vertex -8.195311837509909 6.4028793433868465 0.9000000000000004
      vertex -7.328500008542514 5.725651720528623 2
      vertex -7.966862208437371 6.684991140740008 0.9000000000000004
    endloop
  endfacet
  facet normal 0 0 1
    outer loop
      vertex -7.391938519707024 4.461057752666402 2
      vertex -7.328500008542514 5.725651720528623 2
      vertex -7.523858047687012 5.46640284632 2
    endloop
  endfacet
  facet normal 0 0 1
    outer loop
      vertex -7.213400260296652 4.7443279857642295 2
      vertex -7.124213321006496 5.977924770084815 2
      vertex -7.328500008542514 5.725651720528623 2
    endloop
  endfacet
  facet normal -0.5647635913283326 0.4255798915960662 0.7070529271412463
    outer loop
      vertex -8.195311837509909 6.4028793433868465 0.9000000000000004
      vertex -7.523858047687012 5.46640284632 2
      vertex -7.328500008542514 5.725651720528623 2
    endloop
  endfacet
  facet normal -0.54956702858449 0.44503060491814506 0.7070529271412461
    outer loop
      vertex -7.966862208437371 6.684991140740008 0.9000000000000004
      vertex -7.328500008542514 5.725651720528623 2
      vertex -7.124213321006496 5.977924770084815 2
    endloop
  endfacet
  facet normal -0.5337009030706302 0.4639391169998386 0.707052927141246
    outer loop
      vertex -7.124213321006496 5.977924770084815 2
      vertex -6.911246876939767 6.222914639137382 2
      vertex -7.7287061849649 6.958958306132126 0.9000000000000004
    endloop
  endfacet
  facet normal 0 0 1
    outer loop
      vertex -7.213400260296652 4.7443279857642295 2
      vertex -7.024012361682798 5.020462298900443 2
      vertex -7.124213321006496 5.977924770084815 2
    endloop
  endfacet
  facet normal 0 0 1
    outer loop
      vertex -7.024012361682798 5.020462298900443 2
      vertex -6.824059681255221 5.289045359837668 2
      vertex -6.911246876939767 6.222914639137382 2
    endloop
  endfacet
  facet normal 0 0 1
    outer loop
      vertex -7.024012361682798 5.020462298900443 2
      vertex -6.911246876939767 6.222914639137382 2
      vertex -7.124213321006496 5.977924770084815 2
    endloop
  endfacet
  facet normal 0 0 1
    outer loop
      vertex -6.824059681255221 5.289045359837668 2
      vertex -6.613842966839098 5.549673194139134 2
      vertex -6.689860143149456 6.460322845268675 2
    endloop
  endfacet
  facet normal 0 0 1
    outer loop
      vertex -6.824059681255221 5.289045359837668 2
      vertex -6.689860143149456 6.460322845268675 2
      vertex -6.911246876939767 6.222914639137382 2
    endloop
  endfacet
  facet normal 0 0 1
    outer loop
      vertex -6.613842966839098 5.549673194139134 2
      vertex -6.460322845268675 6.689860143149456 2
      vertex -6.689860143149456 6.460322845268675 2
    endloop
  endfacet
  facet normal -0.5337009030706296 0.4639391169998389 0.707052927141246
    outer loop
      vertex -7.966862208437371 6.684991140740008 0.9000000000000004
      vertex -7.124213321006496 5.977924770084815 2
      vertex -7.7287061849649 6.958958306132126 0.9000000000000004
    endloop
  endfacet
  facet normal -0.5171845452166964 0.4822823907318147 0.7070529271412459
    outer loop
      vertex -6.911246876939767 6.222914639137382 2
      vertex -7.4811339235219725 7.224447052773572 0.9000000000000004
      vertex -7.7287061849649 6.958958306132126 0.9000000000000004
    endloop
  endfacet
  facet normal -0.5171845452166952 0.48228239073181567 0.7070529271412461
    outer loop
      vertex -6.911246876939767 6.222914639137382 2
      vertex -6.689860143149456 6.460322845268675 2
      vertex -7.4811339235219725 7.224447052773572 0.9000000000000004
    endloop
  endfacet
  facet normal -0.5000380776605895 0.5000380776605895 0.7070529271412462
    outer loop
      vertex -6.689860143149456 6.460322845268675 2
      vertex -7.224447052773572 7.4811339235219725 0.9000000000000004
      vertex -7.4811339235219725 7.224447052773572 0.9000000000000004
    endloop
  endfacet
  facet normal -0.5000380776605896 0.5000380776605896 0.7070529271412461
    outer loop
      vertex -6.689860143149456 6.460322845268675 2
      vertex -6.460322845268675 6.689860143149456 2
      vertex -7.224447052773572 7.4811339235219725 0.9000000000000004
    endloop
  endfacet
  facet normal -0.48228239073181584 0.5171845452166953 0.7070529271412459
    outer loop
      vertex -6.958958306132126 7.7287061849649 0.9000000000000004
      vertex -6.460322845268675 6.689860143149456 2
      vertex -6.222914639137382 6.911246876939767 2
    endloop
  endfacet
  facet normal -0.48228239073181456 0.5171845452166963 0.7070529271412461
    outer loop
      vertex -7.224447052773572 7.4811339235219725 0.9000000000000004
      vertex -6.460322845268675 6.689860143149456 2
      vertex -6.958958306132126 7.7287061849649 0.9000000000000004
    endloop
  endfacet
  facet normal -0.46393911699983903 0.5337009030706297 0.707052927141246
    outer loop
      vertex -6.958958306132126 7.7287061849649 0.9000000000000004
      vertex -6.222914639137382 6.911246876939767 2
      vertex -6.684991140740008 7.966862208437371 0.9000000000000004
    endloop
  endfacet
  facet normal 0 0 1
    outer loop
      vertex -6.613842966839098 5.549673194139134 2
      vertex -6.393678404341722 5.801953792784613 2
      vertex -6.460322845268675 6.689860143149456 2
    endloop
  endfacet
  facet normal 0 0 1
    outer loop
      vertex -6.393678404341722 5.801953792784613 2
      vertex -6.222914639137382 6.911246876939767 2
      vertex -6.460322845268675 6.689860143149456 2
    endloop
  endfacet
  facet normal 0 0 1
    outer loop
      vertex -6.393678404341722 5.801953792784613 2
      vertex -6.163897142178858 6.045507701789219 2
      vertex -6.222914639137382 6.911246876939767 2
    endloop
  endfacet
  facet normal 0 0 1
    outer loop
      vertex -6.163897142178858 6.045507701789219 2
      vertex -5.92484479319608 6.279968592938245 2
      vertex -5.977924770084815 7.124213321006496 2
    endloop
  endfacet
  facet normal 0 0 1
    outer loop
      vertex -6.163897142178858 6.045507701789219 2
      vertex -5.977924770084815 7.124213321006496 2
      vertex -6.222914639137382 6.911246876939767 2
    endloop
  endfacet
  facet normal 0 0 1
    outer loop
      vertex -5.92484479319608 6.279968592938245 2
      vertex -5.725651720528623 7.328500008542514 2
      vertex -5.977924770084815 7.124213321006496 2
    endloop
  endfacet
  facet normal -0.4639391169998385 0.5337009030706301 0.7070529271412461
    outer loop
      vertex -6.222914639137382 6.911246876939767 2
      vertex -5.977924770084815 7.124213321006496 2
      vertex -6.684991140740008 7.966862208437371 0.9000000000000004
    endloop
  endfacet
  facet normal -0.4450306049181464 0.5495670285844889 0.707052927141246
    outer loop
      vertex -5.977924770084815 7.124213321006496 2
      vertex -6.4028793433868465 8.195311837509909 0.9000000000000004
      vertex -6.684991140740008 7.966862208437371 0.9000000000000004
    endloop
  endfacet
  facet normal -0.445030604918145 0.5495670285844898 0.7070529271412463
    outer loop
      vertex -5.977924770084815 7.124213321006496 2
      vertex -5.725651720528623 7.328500008542514 2
      vertex -6.4028793433868465 8.195311837509909 0.9000000000000004
    endloop
  endfacet
  facet normal 0 0 1
    outer loop
      vertex -5.92484479319608 6.279968592938245 2
      vertex -5.676880914834202 6.504983814779609 2
      vertex -5.725651720528623 7.328500008542514 2
    endloop
  endfacet
  facet normal 0 0 1
    outer loop
      vertex -5.676880914834202 6.504983814779609 2
      vertex -5.46640284632 7.523858047687012 2
      vertex -5.725651720528623 7.328500008542514 2
    endloop
  endfacet
  facet normal 0 0 1
    outer loop
      vertex -5.676880914834202 6.504983814779609 2
      vertex -5.420378468320753 6.720214923045114 2
      vertex -5.46640284632 7.523858047687012 2
    endloop
  endfacet
  facet normal 0 0 1
    outer loop
      vertex -5.420378468320753 6.720214923045114 2
      vertex -5.155723257700854 6.925338189702794 2
      vertex -5.200494002277947 7.7100494247618885 2
    endloop
  endfacet
  facet normal -0.42557989159606624 0.5647635913283328 0.7070529271412461
    outer loop
      vertex -5.725651720528623 7.328500008542514 2
      vertex -5.46640284632 7.523858047687012 2
      vertex -6.112966623841721 8.413776741499454 0.9000000000000004
    endloop
  endfacet
  facet normal 0 0 1
    outer loop
      vertex -5.420378468320753 6.720214923045114 2
      vertex -5.200494002277947 7.7100494247618885 2
      vertex -5.46640284632 7.523858047687012 2
    endloop
  endfacet
  facet normal -0.4255798915960656 0.5647635913283332 0.7070529271412463
    outer loop
      vertex -5.725651720528623 7.328500008542514 2
      vertex -6.112966623841721 8.413776741499454 0.9000000000000004
      vertex -6.4028793433868465 8.195311837509909 0.9000000000000004
    endloop
  endfacet
  facet normal -0.405610674731634 0.5792720766313046 0.7070529271412462
    outer loop
      vertex -5.46640284632 7.523858047687012 2
      vertex -5.815606196095768 8.621990754572435 0.9000000000000004
      vertex -6.112966623841721 8.413776741499454 0.9000000000000004
    endloop
  endfacet
  facet normal -0.40561067473163304 0.5792720766313053 0.7070529271412465
    outer loop
      vertex -5.46640284632 7.523858047687012 2
      vertex -5.200494002277947 7.7100494247618885 2
      vertex -5.815606196095768 8.621990754572435 0.9000000000000004
    endloop
  endfacet
  facet normal -0.3851472837395716 0.5930748081389272 0.7070529271412465
    outer loop
      vertex -5.200494002277947 7.7100494247618885 2
      vertex -5.5111603480253315 8.81970020002683 0.9000000000000004
      vertex -5.815606196095768 8.621990754572435 0.9000000000000004
    endloop
  endfacet
  facet normal -0.38514728373957374 0.5930748081389261 0.707052927141246
    outer loop
      vertex -5.200494002277947 7.7100494247618885 2
      vertex -4.928249157368806 7.886847294254762 2
      vertex -5.5111603480253315 8.81970020002683 0.9000000000000004
    endloop
  endfacet
  facet normal -0.36421465010967036 0.6061549693489994 0.707052927141246
    outer loop
      vertex -5.5111603480253315 8.81970020002683 0.9000000000000004
      vertex -4.928249157368806 7.886847294254762 2
      vertex -5.2 9.00666419935816 0.9000000000000004
    endloop
  endfacet
  facet normal 0 0 1
    outer loop
      vertex -5.155723257700854 6.925338189702794 2
      vertex -4.883313349551278 7.120045089874624 2
      vertex -4.928249157368806 7.886847294254762 2
    endloop
  endfacet
  facet normal 0 0 1
    outer loop
      vertex -5.200494002277947 7.7100494247618885 2
      vertex -5.155723257700854 6.925338189702794 2
      vertex -4.928249157368806 7.886847294254762 2
    endloop
  endfacet
  facet normal 0 0 1
    outer loop
      vertex -4.883313349551278 7.120045089874624 2
      vertex -4.65 8.05403625519528 2
      vertex -4.928249157368806 7.886847294254762 2
    endloop
  endfacet
  facet normal 0 0 1
    outer loop
      vertex -4.883313349551278 7.120045089874624 2
      vertex -4.603558474250526 7.304042765887235 2
      vertex -4.65 8.05403625519528 2
    endloop
  endfacet
  facet normal 0 0 1
    outer loop
      vertex -4.603558474250526 7.304042765887235 2
      vertex -4.3168794097053915 7.477054467757681 2
      vertex -4.366085533908785 8.211412613588022 2
    endloop
  endfacet
  facet normal -0.3642146501096715 0.6061549693489989 0.7070529271412458
    outer loop
      vertex -4.928249157368806 7.886847294254762 2
      vertex -4.65 8.05403625519528 2
      vertex -5.2 9.00666419935816 0.9000000000000004
    endloop
  endfacet
  facet normal -0.34283827703157754 0.6184966240999343 0.7070529271412459
    outer loop
      vertex -4.65 8.05403625519528 2
      vertex -4.8825042529732645 9.18265496573284 0.9000000000000004
      vertex -5.2 9.00666419935816 0.9000000000000004
    endloop
  endfacet
  facet normal -0.34283827703157715 0.6184966240999343 0.7070529271412458
    outer loop
      vertex -4.65 8.05403625519528 2
      vertex -4.366085533908785 8.211412613588022 2
      vertex -4.8825042529732645 9.18265496573284 0.9000000000000004
    endloop
  endfacet
  facet normal -0.32104420832310465 0.6300847359865076 0.7070529271412459
    outer loop
      vertex -4.366085533908785 8.211412613588022 2
      vertex -4.559059926606405 9.347458081511338 0.9000000000000004
      vertex -4.8825042529732645 9.18265496573284 0.9000000000000004
    endloop
  endfacet
  facet normal 0 0 1
    outer loop
      vertex -4.603558474250526 7.304042765887235 2
      vertex -4.366085533908785 8.211412613588022 2
      vertex -4.65 8.05403625519528 2
    endloop
  endfacet
  facet normal 0 0 1
    outer loop
      vertex -4.3168794097053915 7.477054467757681 2
      vertex -4.07685166513842 8.358784630582255 2
      vertex -4.366085533908785 8.211412613588022 2
    endloop
  endfacet
  facet normal 0 0 1
    outer loop
      vertex -4.3168794097053915 7.477054467757681 2
      vertex -4.023707348461036 7.638819969451704 2
      vertex -4.07685166513842 8.358784630582255 2
    endloop
  endfacet
  facet normal 0 0 1
    outer loop
      vertex -4.023707348461036 7.638819969451704 2
      vertex -3.7826507806049423 8.495972756076188 2
      vertex -4.07685166513842 8.358784630582255 2
    endloop
  endfacet
  facet normal -0.3210442083231039 0.6300847359865079 0.7070529271412461
    outer loop
      vertex -4.366085533908785 8.211412613588022 2
      vertex -4.07685166513842 8.358784630582255 2
      vertex -4.559059926606405 9.347458081511338 0.9000000000000004
    endloop
  endfacet
  facet normal -0.2988589966998601 0.6409051866793941 0.7070529271412459
    outer loop
      vertex -4.07685166513842 8.358784630582255 2
      vertex -4.2300610879883225 9.50087275948305 0.9000000000000004
      vertex -4.559059926606405 9.347458081511338 0.9000000000000004
    endloop
  endfacet
  facet normal -0.29885899669985705 0.6409051866793949 0.7070529271412463
    outer loop
      vertex -4.07685166513842 8.358784630582255 2
      vertex -3.7826507806049423 8.495972756076188 2
      vertex -4.2300610879883225 9.50087275948305 0.9000000000000004
    endloop
  endfacet
  facet normal -0.27630967142483565 0.6509447931261871 0.7070529271412463
    outer loop
      vertex -4.2300610879883225 9.50087275948305 0.9000000000000004
      vertex -3.7826507806049423 8.495972756076188 2
      vertex -3.895908571525485 9.642712087494589 0.9000000000000004
    endloop
  endfacet
  facet normal 0 0 1
    outer loop
      vertex -4.023707348461036 7.638819969451704 2
      vertex -3.7244832491464415 7.789095960288398 2
      vertex -3.7826507806049423 8.495972756076188 2
    endloop
  endfacet
  facet normal 0 0 1
    outer loop
      vertex -3.7244832491464415 7.789095960288398 2
      vertex -3.483841318767982 8.622809847471125 2
      vertex -3.7826507806049423 8.495972756076188 2
    endloop
  endfacet
  facet normal 0 0 1
    outer loop
      vertex -3.7244832491464415 7.789095960288398 2
      vertex -3.419657173230729 7.927656410902599 2
      vertex -3.483841318767982 8.622809847471125 2
    endloop
  endfacet
  facet normal 0 0 1
    outer loop
      vertex -3.419657173230729 7.927656410902599 2
      vertex -3.1807873329287193 8.739141373308948 2
      vertex -3.483841318767982 8.622809847471125 2
    endloop
  endfacet
  facet normal -0.2763096714248405 0.650944793126186 0.7070529271412457
    outer loop
      vertex -3.7826507806049423 8.495972756076188 2
      vertex -3.483841318767982 8.622809847471125 2
      vertex -3.895908571525485 9.642712087494589 0.9000000000000004
    endloop
  endfacet
  facet normal -0.2534237053774222 0.6601913236129149 0.7070529271412466
    outer loop
      vertex -3.483841318767982 8.622809847471125 2
      vertex -3.1807873329287193 8.739141373308948 2
      vertex -3.557009490586955 9.772803256173448 0.9000000000000004
    endloop
  endfacet
  facet normal 0 0 1
    outer loop
      vertex -3.419657173230729 7.927656410902599 2
      vertex -3.1096876080879787 8.054292913214514 2
      vertex -3.1807873329287193 8.739141373308948 2
    endloop
  endfacet
  facet normal 0 0 1
    outer loop
      vertex -3.1096876080879787 8.054292913214514 2
      vertex -2.795040777388648 8.168814993895268 2
      vertex -2.873858047687011 8.844825601544928 2
    endloop
  endfacet
  facet normal 0 0 1
    outer loop
      vertex -3.1096876080879787 8.054292913214514 2
      vertex -2.873858047687011 8.844825601544928 2
      vertex -3.1807873329287193 8.739141373308948 2
    endloop
  endfacet
  facet normal 0 0 1
    outer loop
      vertex -2.795040777388648 8.168814993895268 2
      vertex -2.476189939854899 8.271050400856886 2
      vertex -2.5634274090980926 8.939733772226367 2
    endloop
  endfacet
  facet normal 0 0 1
    outer loop
      vertex -2.795040777388648 8.168814993895268 2
      vertex -2.5634274090980926 8.939733772226367 2
      vertex -2.873858047687011 8.844825601544928 2
    endloop
  endfacet
  facet normal -0.25342370537742775 0.6601913236129138 0.7070529271412457
    outer loop
      vertex -3.483841318767982 8.622809847471125 2
      vertex -3.557009490586955 9.772803256173448 0.9000000000000004
      vertex -3.895908571525485 9.642712087494589 0.9000000000000004
    endloop
  endfacet
  facet normal -0.2302289815819366 0.6686335126664976 0.7070529271412466
    outer loop
      vertex -3.1807873329287193 8.739141373308948 2
      vertex -3.213776741499453 9.890987769469596 0.9000000000000004
      vertex -3.557009490586955 9.772803256173448 0.9000000000000004
    endloop
  endfacet
  facet normal -0.2302289815819386 0.6686335126664973 0.7070529271412462
    outer loop
      vertex -3.1807873329287193 8.739141373308948 2
      vertex -2.873858047687011 8.844825601544928 2
      vertex -3.213776741499453 9.890987769469596 0.9000000000000004
    endloop
  endfacet
  facet normal -0.20675375923645442 0.676261074779992 0.7070529271412462
    outer loop
      vertex -2.873858047687011 8.844825601544928 2
      vertex -2.8666285004967915 9.997121637758516 0.9000000000000004
      vertex -3.213776741499453 9.890987769469596 0.9000000000000004
    endloop
  endfacet
  facet normal -0.20675375923645692 0.6762610747799915 0.7070529271412458
    outer loop
      vertex -2.873858047687011 8.844825601544928 2
      vertex -2.5634274090980926 8.939733772226367 2
      vertex -2.8666285004967915 9.997121637758516 0.9000000000000004
    endloop
  endfacet
  facet normal -0.18302663928331125 0.6830647169439018 0.7070529271412458
    outer loop
      vertex -2.8666285004967915 9.997121637758516 0.9000000000000004
      vertex -2.5634274090980926 8.939733772226367 2
      vertex -2.5159877142365445 10.091075553270363 0.9000000000000004
    endloop
  endfacet
  facet normal 0 0 1
    outer loop
      vertex -2.476189939854899 8.271050400856886 2
      vertex -2.1536146774345113 8.360845362335803 2
      vertex -2.24987362907691 9.023750254366767 2
    endloop
  endfacet
  facet normal 0 0 1
    outer loop
      vertex -2.476189939854899 8.271050400856886 2
      vertex -2.24987362907691 9.023750254366767 2
      vertex -2.5634274090980926 8.939733772226367 2
    endloop
  endfacet
  facet normal 0 0 1
    outer loop
      vertex -2.1536146774345113 8.360845362335803 2
      vertex -1.8278001739640894 8.438064818180191 2
      vertex -1.9335787246051621 9.096772686824394 2
    endloop
  endfacet
  facet normal 0 0 1
    outer loop
      vertex -2.1536146774345113 8.360845362335803 2
      vertex -1.9335787246051621 9.096772686824394 2
      vertex -2.24987362907691 9.023750254366767 2
    endloop
  endfacet
  facet normal 0 0 1
    outer loop
      vertex -1.8278001739640894 8.438064818180191 2
      vertex -1.4992364854064701 8.502592622993268 2
      vertex -1.6149280523024523 9.158712103013535 2
    endloop
  endfacet
  facet normal 0 0 1
    outer loop
      vertex -1.8278001739640894 8.438064818180191 2
      vertex -1.6149280523024523 9.158712103013535 2
      vertex -1.9335787246051621 9.096772686824394 2
    endloop
  endfacet
  facet normal 0 0 1
    outer loop
      vertex -1.4992364854064701 8.502592622993268 2
      vertex -1.1684178027600176 8.554331720826994 2
      vertex -1.2943098389286087 9.209493039296605 2
    endloop
  endfacet
  facet normal 0 0 1
    outer loop
      vertex -1.4992364854064701 8.502592622993268 2
      vertex -1.2943098389286087 9.209493039296605 2
      vertex -1.6149280523024523 9.158712103013535 2
    endloop
  endfacet
  facet normal -0.18302663928330945 0.683064716943902 0.7070529271412461
    outer loop
      vertex -2.5634274090980926 8.939733772226367 2
      vertex -2.24987362907691 9.023750254366767 2
      vertex -2.5159877142365445 10.091075553270363 0.9000000000000004
    endloop
  endfacet
  facet normal -0.15907652956329982 0.6890361499682672 0.707052927141246
    outer loop
      vertex -2.24987362907691 9.023750254366767 2
      vertex -1.9335787246051621 9.096772686824394 2
      vertex -2.162281584504697 10.17273504763158 0.9000000000000004
    endloop
  endfacet
  facet normal -0.15907652956329923 0.6890361499682672 0.7070529271412461
    outer loop
      vertex -2.24987362907691 9.023750254366767 2
      vertex -2.162281584504697 10.17273504763158 0.9000000000000004
      vertex -2.5159877142365445 10.091075553270363 0.9000000000000004
    endloop
  endfacet
  facet normal -0.13493260959586523 0.6941680985817814 0.707052927141246
    outer loop
      vertex -1.9335787246051621 9.096772686824394 2
      vertex -1.8059410477360756 10.242000631326963 0.9000000000000004
      vertex -2.162281584504697 10.17273504763158 0.9000000000000004
    endloop
  endfacet
  facet normal -0.13493260959586476 0.6941680985817813 0.707052927141246
    outer loop
      vertex -1.9335787246051621 9.096772686824394 2
      vertex -1.6149280523024523 9.158712103013535 2
      vertex -1.8059410477360756 10.242000631326963 0.9000000000000004
    endloop
  endfacet
  facet normal -0.11062429502842654 0.6984543102955695 0.707052927141246
    outer loop
      vertex -1.6149280523024523 9.158712103013535 2
      vertex -1.2943098389286087 9.209493039296605 2
      vertex -1.4474002499846805 10.298787914912332 0.9000000000000004
    endloop
  endfacet
  facet normal -0.1106242950284257 0.6984543102955695 0.707052927141246
    outer loop
      vertex -1.6149280523024523 9.158712103013535 2
      vertex -1.4474002499846805 10.298787914912332 0.9000000000000004
      vertex -1.8059410477360756 10.242000631326963 0.9000000000000004
    endloop
  endfacet
  facet normal 0 0 1
    outer loop
      vertex -1.1684178027600176 8.554331720826994 2
      vertex -0.9721147083891774 9.249053626924942 2
      vertex -1.2943098389286087 9.209493039296605 2
    endloop
  endfacet
  facet normal 0 0 1
    outer loop
      vertex -1.1684178027600176 8.554331720826994 2
      vertex -0.8358417087484097 8.593204291163454 2
      vertex -0.9721147083891774 9.249053626924942 2
    endloop
  endfacet
  facet normal 0 0 1
    outer loop
      vertex -0.8358417087484097 8.593204291163454 2
      vertex -0.6487352058203654 9.277345667416366 2
      vertex -0.9721147083891774 9.249053626924942 2
    endloop
  endfacet
  facet normal 0 0 1
    outer loop
      vertex -0.8358417087484097 8.593204291163454 2
      vertex -0.5020084294089511 8.619151865964298 2
      vertex -0.6487352058203654 9.277345667416366 2
    endloop
  endfacet
  facet normal 0 0 1
    outer loop
      vertex -0.5020084294089511 8.619151865964298 2
      vertex -0.32456531933325905 9.29433469127759 2
      vertex -0.6487352058203654 9.277345667416366 2
    endloop
  endfacet
  facet normal 0 0 1
    outer loop
      vertex -0.5020084294089511 8.619151865964298 2
      vertex -0.16742008170510964 8.632135417612222 2
      vertex -0.32456531933325905 9.29433469127759 2
    endloop
  endfacet
  facet normal 0 0 1
    outer loop
      vertex -0.16742008170510964 8.632135417612222 2
      vertex 0 9.3 2
      vertex -0.32456531933325905 9.29433469127759 2
    endloop
  endfacet
  facet normal -0.0861812017978505 0.7018895630209026 0.7070529271412463
    outer loop
      vertex -1.2943098389286087 9.209493039296605 2
      vertex -0.9721147083891774 9.249053626924942 2
      vertex -1.0870960179835962 10.343027711830043 0.9000000000000004
    endloop
  endfacet
  facet normal -0.061633110048089274 0.7044696714314934 0.7070529271412459
    outer loop
      vertex -0.9721147083891774 9.249053626924942 2
      vertex -0.6487352058203654 9.277345667416366 2
      vertex -0.7254673269389031 10.374666122702171 0.9000000000000004
    endloop
  endfacet
  facet normal -0.08618120179785332 0.7018895630209026 0.7070529271412459
    outer loop
      vertex -1.4474002499846805 10.298787914912332 0.9000000000000004
      vertex -1.2943098389286087 9.209493039296605 2
      vertex -1.0870960179835962 10.343027711830043 0.9000000000000004
    endloop
  endfacet
  facet normal -0.06163311004808616 0.7044696714314931 0.7070529271412462
    outer loop
      vertex -0.9721147083891774 9.249053626924942 2
      vertex -0.7254673269389031 10.374666122702171 0.9000000000000004
      vertex -1.0870960179835962 10.343027711830043 0.9000000000000004
    endloop
  endfacet
  facet normal -0.037009927847582204 0.7061914920626787 0.7070529271412463
    outer loop
      vertex -0.6487352058203654 9.277345667416366 2
      vertex -0.32456531933325905 9.29433469127759 2
      vertex -0.3629547657060101 10.393664600998596 0.9000000000000004
    endloop
  endfacet
  facet normal -0.012341654750937136 0.7070529271412461 0.7070529271412461
    outer loop
      vertex -0.32456531933325905 9.29433469127759 2
      vertex 0 9.3 2
      vertex 0 10.4 0.9000000000000004
    endloop
  endfacet
  facet normal -0.037009927847584605 0.7061914920626788 0.7070529271412458
    outer loop
      vertex -0.7254673269389031 10.374666122702171 0.9000000000000004
      vertex -0.6487352058203654 9.277345667416366 2
      vertex -0.3629547657060101 10.393664600998596 0.9000000000000004
    endloop
  endfacet
  facet normal -0.012341654750936713 0.7070529271412461 0.7070529271412462
    outer loop
      vertex -0.32456531933325905 9.29433469127759 2
      vertex 0 10.4 0.9000000000000004
      vertex -0.3629547657060101 10.393664600998596 0.9000000000000004
    endloop
  endfacet
  facet normal 0.012341654750936617 -0.7070529271412461 0.7070529271412462
    outer loop
      vertex 0 -10.4 0.9000000000000004
      vertex 0.3629547657060101 -10.393664600998596 0.9000000000000004
      vertex 0.32456531933325905 -9.29433469127759 2
    endloop
  endfacet
  facet normal 0.0370099278475846 -0.7061914920626787 0.7070529271412458
    outer loop
      vertex 0.3629547657060101 -10.393664600998596 0.9000000000000004
      vertex 0.7254673269389031 -10.374666122702171 0.9000000000000004
      vertex 0.6487352058203654 -9.277345667416366 2
    endloop
  endfacet
  facet normal 0.012341654750936978 -0.7070529271412461 0.7070529271412461
    outer loop
      vertex 0 -10.4 0.9000000000000004
      vertex 0.32456531933325905 -9.29433469127759 2
      vertex 0 -9.3 2
    endloop
  endfacet
  facet normal 0.03700992784758231 -0.7061914920626787 0.7070529271412463
    outer loop
      vertex 0.3629547657060101 -10.393664600998596 0.9000000000000004
      vertex 0.6487352058203654 -9.277345667416366 2
      vertex 0.32456531933325905 -9.29433469127759 2
    endloop
  endfacet
  facet normal 0.061633110048086 -0.7044696714314933 0.7070529271412465
    outer loop
      vertex 0.7254673269389031 -10.374666122702171 0.9000000000000004
      vertex 1.0870960179835962 -10.343027711830043 0.9000000000000004
      vertex 0.9721147083891774 -9.249053626924942 2
    endloop
  endfacet
  facet normal 0.08618120179785332 -0.7018895630209026 0.7070529271412459
    outer loop
      vertex 1.0870960179835962 -10.343027711830043 0.9000000000000004
      vertex 1.4474002499846805 -10.298787914912332 0.9000000000000004
      vertex 1.2943098389286087 -9.209493039296605 2
    endloop
  endfacet
  facet normal 0.061633110048089274 -0.7044696714314934 0.7070529271412459
    outer loop
      vertex 0.6487352058203654 -9.277345667416366 2
      vertex 0.7254673269389031 -10.374666122702171 0.9000000000000004
      vertex 0.9721147083891774 -9.249053626924942 2
    endloop
  endfacet
  facet normal 0.08618120179785071 -0.7018895630209024 0.7070529271412463
    outer loop
      vertex 1.0870960179835962 -10.343027711830043 0.9000000000000004
      vertex 1.2943098389286087 -9.209493039296605 2
      vertex 0.9721147083891774 -9.249053626924942 2
    endloop
  endfacet
  facet normal 0 0 1
    outer loop
      vertex -0.16742008170510536 -8.632135417612222 2
      vertex 0 -9.3 2
      vertex 0.16742008170510536 -8.632135417612222 2
    endloop
  endfacet
  facet normal 0 0 1
    outer loop
      vertex 0 -9.3 2
      vertex 0.32456531933325905 -9.29433469127759 2
      vertex 0.16742008170510536 -8.632135417612222 2
    endloop
  endfacet
  facet normal 0 0 1
    outer loop
      vertex 0.32456531933325905 -9.29433469127759 2
      vertex 0.5020084294089489 -8.619151865964298 2
      vertex 0.16742008170510536 -8.632135417612222 2
    endloop
  endfacet
  facet normal 0 0 1
    outer loop
      vertex 0.32456531933325905 -9.29433469127759 2
      vertex 0.6487352058203654 -9.277345667416366 2
      vertex 0.5020084294089489 -8.619151865964298 2
    endloop
  endfacet
  facet normal 0 0 1
    outer loop
      vertex 0.6487352058203654 -9.277345667416366 2
      vertex 0.8358417087484075 -8.593204291163454 2
      vertex 0.5020084294089489 -8.619151865964298 2
    endloop
  endfacet
  facet normal 0 0 1
    outer loop
      vertex 0.6487352058203654 -9.277345667416366 2
      vertex 0.9721147083891774 -9.249053626924942 2
      vertex 0.8358417087484075 -8.593204291163454 2
    endloop
  endfacet
  facet normal 0 0 1
    outer loop
      vertex 0.9721147083891774 -9.249053626924942 2
      vertex 1.1684178027600176 -8.554331720826994 2
      vertex 0.8358417087484075 -8.593204291163454 2
    endloop
  endfacet
  facet normal 0 0 1
    outer loop
      vertex 0.9721147083891774 -9.249053626924942 2
      vertex 1.2943098389286087 -9.209493039296605 2
      vertex 1.1684178027600176 -8.554331720826994 2
    endloop
  endfacet
  facet normal 0.11062429502842569 -0.6984543102955695 0.707052927141246
    outer loop
      vertex 1.4474002499846805 -10.298787914912332 0.9000000000000004
      vertex 1.8059410477360756 -10.242000631326963 0.9000000000000004
      vertex 1.6149280523024523 -9.158712103013535 2
    endloop
  endfacet
  facet normal 0.11062429502842654 -0.6984543102955695 0.707052927141246
    outer loop
      vertex 1.2943098389286087 -9.209493039296605 2
      vertex 1.4474002499846805 -10.298787914912332 0.9000000000000004
      vertex 1.6149280523024523 -9.158712103013535 2
    endloop
  endfacet
  facet normal 0.13493260959586478 -0.6941680985817813 0.7070529271412461
    outer loop
      vertex 1.8059410477360756 -10.242000631326963 0.9000000000000004
      vertex 1.9335787246051621 -9.096772686824394 2
      vertex 1.6149280523024523 -9.158712103013535 2
    endloop
  endfacet
  facet normal 0.13493260959586512 -0.6941680985817814 0.707052927141246
    outer loop
      vertex 1.8059410477360756 -10.242000631326963 0.9000000000000004
      vertex 2.162281584504697 -10.17273504763158 0.9000000000000004
      vertex 1.9335787246051621 -9.096772686824394 2
    endloop
  endfacet
  facet normal 0.1590765295632993 -0.6890361499682672 0.7070529271412461
    outer loop
      vertex 2.162281584504697 -10.17273504763158 0.9000000000000004
      vertex 2.5159877142365445 -10.091075553270363 0.9000000000000004
      vertex 2.24987362907691 -9.023750254366767 2
    endloop
  endfacet
  facet normal 0.15907652956329993 -0.6890361499682672 0.707052927141246
    outer loop
      vertex 2.162281584504697 -10.17273504763158 0.9000000000000004
      vertex 2.24987362907691 -9.023750254366767 2
      vertex 1.9335787246051621 -9.096772686824394 2
    endloop
  endfacet
  facet normal 0.1830266392833094 -0.683064716943902 0.7070529271412461
    outer loop
      vertex 2.5159877142365445 -10.091075553270363 0.9000000000000004
      vertex 2.5634274090980926 -8.939733772226367 2
      vertex 2.24987362907691 -9.023750254366767 2
    endloop
  endfacet
  facet normal 0 0 1
    outer loop
      vertex 1.2943098389286087 -9.209493039296605 2
      vertex 1.6149280523024523 -9.158712103013535 2
      vertex 1.4992364854064701 -8.502592622993268 2
    endloop
  endfacet
  facet normal 0 0 1
    outer loop
      vertex 1.2943098389286087 -9.209493039296605 2
      vertex 1.4992364854064701 -8.502592622993268 2
      vertex 1.1684178027600176 -8.554331720826994 2
    endloop
  endfacet
  facet normal 0 0 1
    outer loop
      vertex 1.6149280523024523 -9.158712103013535 2
      vertex 1.9335787246051621 -9.096772686824394 2
      vertex 1.8278001739640894 -8.438064818180191 2
    endloop
  endfacet
  facet normal 0 0 1
    outer loop
      vertex 1.6149280523024523 -9.158712103013535 2
      vertex 1.8278001739640894 -8.438064818180191 2
      vertex 1.4992364854064701 -8.502592622993268 2
    endloop
  endfacet
  facet normal 0 0 1
    outer loop
      vertex 1.9335787246051621 -9.096772686824394 2
      vertex 2.24987362907691 -9.023750254366767 2
      vertex 2.153614677434513 -8.360845362335803 2
    endloop
  endfacet
  facet normal 0 0 1
    outer loop
      vertex 1.9335787246051621 -9.096772686824394 2
      vertex 2.153614677434513 -8.360845362335803 2
      vertex 1.8278001739640894 -8.438064818180191 2
    endloop
  endfacet
  facet normal 0 0 1
    outer loop
      vertex 2.24987362907691 -9.023750254366767 2
      vertex 2.5634274090980926 -8.939733772226367 2
      vertex 2.4761899398549008 -8.271050400856886 2
    endloop
  endfacet
  facet normal 0 0 1
    outer loop
      vertex 2.24987362907691 -9.023750254366767 2
      vertex 2.4761899398549008 -8.271050400856886 2
      vertex 2.153614677434513 -8.360845362335803 2
    endloop
  endfacet
  facet normal 0.18302663928331125 -0.6830647169439018 0.7070529271412458
    outer loop
      vertex 2.5159877142365445 -10.091075553270363 0.9000000000000004
      vertex 2.8666285004967915 -9.997121637758516 0.9000000000000004
      vertex 2.5634274090980926 -8.939733772226367 2
    endloop
  endfacet
  facet normal 0.20675375923645692 -0.6762610747799915 0.7070529271412458
    outer loop
      vertex 2.5634274090980926 -8.939733772226367 2
      vertex 2.8666285004967915 -9.997121637758516 0.9000000000000004
      vertex 2.873858047687011 -8.844825601544928 2
    endloop
  endfacet
  facet normal 0.20675375923645437 -0.676261074779992 0.7070529271412462
    outer loop
      vertex 2.8666285004967915 -9.997121637758516 0.9000000000000004
      vertex 3.213776741499453 -9.890987769469596 0.9000000000000004
      vertex 2.873858047687011 -8.844825601544928 2
    endloop
  endfacet
  facet normal 0.23022898158193866 -0.6686335126664973 0.7070529271412462
    outer loop
      vertex 3.213776741499453 -9.890987769469596 0.9000000000000004
      vertex 3.1807873329287193 -8.739141373308948 2
      vertex 2.873858047687011 -8.844825601544928 2
    endloop
  endfacet
  facet normal 0.23022898158193655 -0.6686335126664976 0.7070529271412466
    outer loop
      vertex 3.213776741499453 -9.890987769469596 0.9000000000000004
      vertex 3.557009490586955 -9.772803256173448 0.9000000000000004
      vertex 3.1807873329287193 -8.739141373308948 2
    endloop
  endfacet
  facet normal 0.25342370537742775 -0.6601913236129139 0.7070529271412458
    outer loop
      vertex 3.557009490586955 -9.772803256173448 0.9000000000000004
      vertex 3.895908571525485 -9.642712087494589 0.9000000000000004
      vertex 3.483841318767982 -8.622809847471125 2
    endloop
  endfacet
  facet normal 0 0 1
    outer loop
      vertex 2.5634274090980926 -8.939733772226367 2
      vertex 2.873858047687011 -8.844825601544928 2
      vertex 2.795040777388652 -8.168814993895264 2
    endloop
  endfacet
  facet normal 0 0 1
    outer loop
      vertex 2.5634274090980926 -8.939733772226367 2
      vertex 2.795040777388652 -8.168814993895264 2
      vertex 2.4761899398549008 -8.271050400856886 2
    endloop
  endfacet
  facet normal 0 0 1
    outer loop
      vertex 2.873858047687011 -8.844825601544928 2
      vertex 3.1807873329287193 -8.739141373308948 2
      vertex 3.1096876080879747 -8.054292913214516 2
    endloop
  endfacet
  facet normal 0 0 1
    outer loop
      vertex 2.873858047687011 -8.844825601544928 2
      vertex 3.1096876080879747 -8.054292913214516 2
      vertex 2.795040777388652 -8.168814993895264 2
    endloop
  endfacet
  facet normal 0 0 1
    outer loop
      vertex 3.1807873329287193 -8.739141373308948 2
      vertex 3.4196571732307266 -7.927656410902601 2
      vertex 3.1096876080879747 -8.054292913214516 2
    endloop
  endfacet
  facet normal 0.25342370537742226 -0.6601913236129149 0.7070529271412466
    outer loop
      vertex 3.557009490586955 -9.772803256173448 0.9000000000000004
      vertex 3.483841318767982 -8.622809847471125 2
      vertex 3.1807873329287193 -8.739141373308948 2
    endloop
  endfacet
  facet normal 0.27630967142484053 -0.650944793126186 0.7070529271412457
    outer loop
      vertex 3.895908571525485 -9.642712087494589 0.9000000000000004
      vertex 3.7826507806049423 -8.495972756076188 2
      vertex 3.483841318767982 -8.622809847471125 2
    endloop
  endfacet
  facet normal 0 0 1
    outer loop
      vertex 3.1807873329287193 -8.739141373308948 2
      vertex 3.483841318767982 -8.622809847471125 2
      vertex 3.4196571732307266 -7.927656410902601 2
    endloop
  endfacet
  facet normal 0 0 1
    outer loop
      vertex 3.483841318767982 -8.622809847471125 2
      vertex 3.7244832491464397 -7.7890959602884 2
      vertex 3.4196571732307266 -7.927656410902601 2
    endloop
  endfacet
  facet normal 0 0 1
    outer loop
      vertex 3.483841318767982 -8.622809847471125 2
      vertex 3.7826507806049423 -8.495972756076188 2
      vertex 3.7244832491464397 -7.7890959602884 2
    endloop
  endfacet
  facet normal 0 0 1
    outer loop
      vertex 3.7826507806049423 -8.495972756076188 2
      vertex 4.023707348461036 -7.638819969451704 2
      vertex 3.7244832491464397 -7.7890959602884 2
    endloop
  endfacet
  facet normal 0.27630967142483565 -0.6509447931261871 0.7070529271412465
    outer loop
      vertex 3.895908571525485 -9.642712087494589 0.9000000000000004
      vertex 4.2300610879883225 -9.50087275948305 0.9000000000000004
      vertex 3.7826507806049423 -8.495972756076188 2
    endloop
  endfacet
  facet normal 0.29885899669985705 -0.6409051866793949 0.7070529271412463
    outer loop
      vertex 3.7826507806049423 -8.495972756076188 2
      vertex 4.2300610879883225 -9.50087275948305 0.9000000000000004
      vertex 4.07685166513842 -8.358784630582255 2
    endloop
  endfacet
  facet normal 0.2988589966998599 -0.640905186679394 0.7070529271412459
    outer loop
      vertex 4.2300610879883225 -9.50087275948305 0.9000000000000004
      vertex 4.559059926606405 -9.347458081511338 0.9000000000000004
      vertex 4.07685166513842 -8.358784630582255 2
    endloop
  endfacet
  facet normal 0.32104420832310404 -0.6300847359865078 0.7070529271412459
    outer loop
      vertex 4.559059926606405 -9.347458081511338 0.9000000000000004
      vertex 4.366085533908785 -8.211412613588022 2
      vertex 4.07685166513842 -8.358784630582255 2
    endloop
  endfacet
  facet normal 0 0 1
    outer loop
      vertex 3.7826507806049423 -8.495972756076188 2
      vertex 4.07685166513842 -8.358784630582255 2
      vertex 4.023707348461036 -7.638819969451704 2
    endloop
  endfacet
  facet normal 0 0 1
    outer loop
      vertex 4.07685166513842 -8.358784630582255 2
      vertex 4.3168794097053915 -7.477054467757681 2
      vertex 4.023707348461036 -7.638819969451704 2
    endloop
  endfacet
  facet normal 0 0 1
    outer loop
      vertex 4.07685166513842 -8.358784630582255 2
      vertex 4.366085533908785 -8.211412613588022 2
      vertex 4.3168794097053915 -7.477054467757681 2
    endloop
  endfacet
  facet normal 0 0 1
    outer loop
      vertex 4.366085533908785 -8.211412613588022 2
      vertex 4.65 -8.05403625519528 2
      vertex 4.603558474250526 -7.304042765887235 2
    endloop
  endfacet
  facet normal 0.32104420832310465 -0.6300847359865077 0.7070529271412459
    outer loop
      vertex 4.559059926606405 -9.347458081511338 0.9000000000000004
      vertex 4.8825042529732645 -9.18265496573284 0.9000000000000004
      vertex 4.366085533908785 -8.211412613588022 2
    endloop
  endfacet
  facet normal 0.34283827703157727 -0.6184966240999343 0.7070529271412458
    outer loop
      vertex 4.8825042529732645 -9.18265496573284 0.9000000000000004
      vertex 4.65 -8.05403625519528 2
      vertex 4.366085533908785 -8.211412613588022 2
    endloop
  endfacet
  facet normal 0.3428382770315776 -0.6184966240999342 0.7070529271412458
    outer loop
      vertex 4.8825042529732645 -9.18265496573284 0.9000000000000004
      vertex 5.2 -9.00666419935816 0.9000000000000004
      vertex 4.65 -8.05403625519528 2
    endloop
  endfacet
  facet normal 0.3642146501096715 -0.6061549693489989 0.7070529271412458
    outer loop
      vertex 4.65 -8.05403625519528 2
      vertex 5.2 -9.00666419935816 0.9000000000000004
      vertex 4.928249157368806 -7.886847294254762 2
    endloop
  endfacet
  facet normal 0 0 1
    outer loop
      vertex 4.366085533908785 -8.211412613588022 2
      vertex 4.603558474250526 -7.304042765887235 2
      vertex 4.3168794097053915 -7.477054467757681 2
    endloop
  endfacet
  facet normal 0 0 1
    outer loop
      vertex 4.65 -8.05403625519528 2
      vertex 4.883313349551281 -7.1200450898746235 2
      vertex 4.603558474250526 -7.304042765887235 2
    endloop
  endfacet
  facet normal 0 0 1
    outer loop
      vertex 4.65 -8.05403625519528 2
      vertex 4.928249157368806 -7.886847294254762 2
      vertex 4.883313349551281 -7.1200450898746235 2
    endloop
  endfacet
  facet normal 0 0 1
    outer loop
      vertex 4.928249157368806 -7.886847294254762 2
      vertex 5.200494002277947 -7.7100494247618885 2
      vertex 5.155723257700855 -6.925338189702793 2
    endloop
  endfacet
  facet normal 0 0 1
    outer loop
      vertex 4.928249157368806 -7.886847294254762 2
      vertex 5.155723257700855 -6.925338189702793 2
      vertex 4.883313349551281 -7.1200450898746235 2
    endloop
  endfacet
  facet normal 0.36421465010967047 -0.6061549693489994 0.707052927141246
    outer loop
      vertex 4.928249157368806 -7.886847294254762 2
      vertex 5.2 -9.00666419935816 0.9000000000000004
      vertex 5.5111603480253315 -8.81970020002683 0.9000000000000004
    endloop
  endfacet
  facet normal 0.38514728373957374 -0.5930748081389261 0.707052927141246
    outer loop
      vertex 4.928249157368806 -7.886847294254762 2
      vertex 5.5111603480253315 -8.81970020002683 0.9000000000000004
      vertex 5.200494002277947 -7.7100494247618885 2
    endloop
  endfacet
  facet normal 0.3851472837395716 -0.5930748081389271 0.7070529271412462
    outer loop
      vertex 5.5111603480253315 -8.81970020002683 0.9000000000000004
      vertex 5.815606196095768 -8.621990754572435 0.9000000000000004
      vertex 5.200494002277947 -7.7100494247618885 2
    endloop
  endfacet
  facet normal 0.4056106747316329 -0.5792720766313053 0.7070529271412465
    outer loop
      vertex 5.815606196095768 -8.621990754572435 0.9000000000000004
      vertex 5.46640284632 -7.523858047687012 2
      vertex 5.200494002277947 -7.7100494247618885 2
    endloop
  endfacet
  facet normal 0.4056106747316341 -0.5792720766313046 0.7070529271412461
    outer loop
      vertex 5.815606196095768 -8.621990754572435 0.9000000000000004
      vertex 6.112966623841721 -8.413776741499454 0.9000000000000004
      vertex 5.46640284632 -7.523858047687012 2
    endloop
  endfacet
  facet normal 0.4255798915960654 -0.5647635913283332 0.7070529271412462
    outer loop
      vertex 6.112966623841721 -8.413776741499454 0.9000000000000004
      vertex 6.4028793433868465 -8.195311837509909 0.9000000000000004
      vertex 5.725651720528623 -7.328500008542514 2
    endloop
  endfacet
  facet normal 0 0 1
    outer loop
      vertex 5.200494002277947 -7.7100494247618885 2
      vertex 5.46640284632 -7.523858047687012 2
      vertex 5.420378468320756 -6.720214923045112 2
    endloop
  endfacet
  facet normal 0.42557989159606613 -0.5647635913283328 0.7070529271412462
    outer loop
      vertex 6.112966623841721 -8.413776741499454 0.9000000000000004
      vertex 5.725651720528623 -7.328500008542514 2
      vertex 5.46640284632 -7.523858047687012 2
    endloop
  endfacet
  facet normal 0 0 1
    outer loop
      vertex 5.155723257700855 -6.925338189702793 2
      vertex 5.200494002277947 -7.7100494247618885 2
      vertex 5.420378468320756 -6.720214923045112 2
    endloop
  endfacet
  facet normal 0 0 1
    outer loop
      vertex 5.46640284632 -7.523858047687012 2
      vertex 5.676880914834197 -6.504983814779611 2
      vertex 5.420378468320756 -6.720214923045112 2
    endloop
  endfacet
  facet normal 0 0 1
    outer loop
      vertex 5.46640284632 -7.523858047687012 2
      vertex 5.725651720528623 -7.328500008542514 2
      vertex 5.676880914834197 -6.504983814779611 2
    endloop
  endfacet
  facet normal 0 0 1
    outer loop
      vertex 5.725651720528623 -7.328500008542514 2
      vertex 5.924844793196077 -6.279968592938249 2
      vertex 5.676880914834197 -6.504983814779611 2
    endloop
  endfacet
  facet normal 0.44503060491814506 -0.5495670285844897 0.7070529271412463
    outer loop
      vertex 6.4028793433868465 -8.195311837509909 0.9000000000000004
      vertex 5.977924770084815 -7.124213321006496 2
      vertex 5.725651720528623 -7.328500008542514 2
    endloop
  endfacet
  facet normal 0.4450306049181465 -0.5495670285844889 0.707052927141246
    outer loop
      vertex 6.4028793433868465 -8.195311837509909 0.9000000000000004
      vertex 6.684991140740008 -7.966862208437371 0.9000000000000004
      vertex 5.977924770084815 -7.124213321006496 2
    endloop
  endfacet
  facet normal 0.4639391169998383 -0.53370090307063 0.707052927141246
    outer loop
      vertex 6.684991140740008 -7.966862208437371 0.9000000000000004
      vertex 6.222914639137382 -6.911246876939767 2
      vertex 5.977924770084815 -7.124213321006496 2
    endloop
  endfacet
  facet normal 0 0 1
    outer loop
      vertex 5.725651720528623 -7.328500008542514 2
      vertex 5.977924770084815 -7.124213321006496 2
      vertex 5.924844793196077 -6.279968592938249 2
    endloop
  endfacet
  facet normal 0 0 1
    outer loop
      vertex 5.977924770084815 -7.124213321006496 2
      vertex 6.222914639137382 -6.911246876939767 2
      vertex 6.163897142178858 -6.045507701789219 2
    endloop
  endfacet
  facet normal 0 0 1
    outer loop
      vertex 5.977924770084815 -7.124213321006496 2
      vertex 6.163897142178858 -6.045507701789219 2
      vertex 5.924844793196077 -6.279968592938249 2
    endloop
  endfacet
  facet normal 0 0 1
    outer loop
      vertex 6.222914639137382 -6.911246876939767 2
      vertex 6.393678404341722 -5.801953792784613 2
      vertex 6.163897142178858 -6.045507701789219 2
    endloop
  endfacet
  facet normal 0 0 1
    outer loop
      vertex 6.222914639137382 -6.911246876939767 2
      vertex 6.460322845268675 -6.689860143149456 2
      vertex 6.393678404341722 -5.801953792784613 2
    endloop
  endfacet
  facet normal 0 0 1
    outer loop
      vertex 6.460322845268675 -6.689860143149456 2
      vertex 6.613842966839098 -5.549673194139134 2
      vertex 6.393678404341722 -5.801953792784613 2
    endloop
  endfacet
  facet normal 0.46393911699983903 -0.5337009030706297 0.707052927141246
    outer loop
      vertex 6.684991140740008 -7.966862208437371 0.9000000000000004
      vertex 6.958958306132126 -7.7287061849649 0.9000000000000004
      vertex 6.222914639137382 -6.911246876939767 2
    endloop
  endfacet
  facet normal 0.48228239073181467 -0.5171845452166962 0.7070529271412462
    outer loop
      vertex 6.460322845268675 -6.689860143149456 2
      vertex 6.958958306132126 -7.7287061849649 0.9000000000000004
      vertex 7.224447052773572 -7.4811339235219725 0.9000000000000004
    endloop
  endfacet
  facet normal 0.4822823907318159 -0.5171845452166954 0.7070529271412459
    outer loop
      vertex 6.222914639137382 -6.911246876939767 2
      vertex 6.958958306132126 -7.7287061849649 0.9000000000000004
      vertex 6.460322845268675 -6.689860143149456 2
    endloop
  endfacet
  facet normal 0.5000380776605896 -0.5000380776605896 0.7070529271412461
    outer loop
      vertex 6.460322845268675 -6.689860143149456 2
      vertex 7.224447052773572 -7.4811339235219725 0.9000000000000004
      vertex 6.689860143149456 -6.460322845268675 2
    endloop
  endfacet
  facet normal 0.5000380776605895 -0.5000380776605895 0.7070529271412461
    outer loop
      vertex 7.224447052773572 -7.4811339235219725 0.9000000000000004
      vertex 7.4811339235219725 -7.224447052773572 0.9000000000000004
      vertex 6.689860143149456 -6.460322845268675 2
    endloop
  endfacet
  facet normal 0.5171845452166953 -0.48228239073181567 0.7070529271412463
    outer loop
      vertex 7.4811339235219725 -7.224447052773572 0.9000000000000004
      vertex 6.911246876939767 -6.222914639137382 2
      vertex 6.689860143149456 -6.460322845268675 2
    endloop
  endfacet
  facet normal 0.5171845452166964 -0.4822823907318146 0.7070529271412459
    outer loop
      vertex 7.4811339235219725 -7.224447052773572 0.9000000000000004
      vertex 7.7287061849649 -6.958958306132126 0.9000000000000004
      vertex 6.911246876939767 -6.222914639137382 2
    endloop
  endfacet
  facet normal 0.5337009030706296 -0.4639391169998389 0.707052927141246
    outer loop
      vertex 7.7287061849649 -6.958958306132126 0.9000000000000004
      vertex 7.966862208437371 -6.684991140740008 0.9000000000000004
      vertex 7.124213321006496 -5.977924770084815 2
    endloop
  endfacet
  facet normal 0 0 1
    outer loop
      vertex 6.460322845268675 -6.689860143149456 2
      vertex 6.689860143149456 -6.460322845268675 2
      vertex 6.613842966839098 -5.549673194139134 2
    endloop
  endfacet
  facet normal 0 0 1
    outer loop
      vertex 6.689860143149456 -6.460322845268675 2
      vertex 6.911246876939767 -6.222914639137382 2
      vertex 6.824059681255221 -5.289045359837668 2
    endloop
  endfacet
  facet normal 0 0 1
    outer loop
      vertex 6.689860143149456 -6.460322845268675 2
      vertex 6.824059681255221 -5.289045359837668 2
      vertex 6.613842966839098 -5.549673194139134 2
    endloop
  endfacet
  facet normal 0 0 1
    outer loop
      vertex 6.911246876939767 -6.222914639137382 2
      vertex 7.124213321006496 -5.977924770084815 2
      vertex 7.024012361682798 -5.020462298900443 2
    endloop
  endfacet
  facet normal 0 0 1
    outer loop
      vertex 6.911246876939767 -6.222914639137382 2
      vertex 7.024012361682798 -5.020462298900443 2
      vertex 6.824059681255221 -5.289045359837668 2
    endloop
  endfacet
  facet normal 0 0 1
    outer loop
      vertex 7.124213321006496 -5.977924770084815 2
      vertex 7.213400260296654 -4.744327985764225 2
      vertex 7.024012361682798 -5.020462298900443 2
    endloop
  endfacet
  facet normal 0.53370090307063 -0.4639391169998386 0.707052927141246
    outer loop
      vertex 7.7287061849649 -6.958958306132126 0.9000000000000004
      vertex 7.124213321006496 -5.977924770084815 2
      vertex 6.911246876939767 -6.222914639137382 2
    endloop
  endfacet
  facet normal 0.5495670285844901 -0.44503060491814517 0.7070529271412461
    outer loop
      vertex 7.124213321006496 -5.977924770084815 2
      vertex 7.966862208437371 -6.684991140740008 0.9000000000000004
      vertex 7.328500008542514 -5.725651720528623 2
    endloop
  endfacet
  facet normal 0.5647635913283325 -0.4255798915960662 0.7070529271412462
    outer loop
      vertex 7.328500008542514 -5.725651720528623 2
      vertex 8.195311837509909 -6.4028793433868465 0.9000000000000004
      vertex 7.523858047687012 -5.46640284632 2
    endloop
  endfacet
  facet normal 0 0 1
    outer loop
      vertex 7.124213321006496 -5.977924770084815 2
      vertex 7.328500008542514 -5.725651720528623 2
      vertex 7.213400260296654 -4.744327985764225 2
    endloop
  endfacet
  facet normal 0 0 1
    outer loop
      vertex 7.328500008542514 -5.725651720528623 2
      vertex 7.523858047687012 -5.46640284632 2
      vertex 7.391938519707026 -4.461057752666398 2
    endloop
  endfacet
  facet normal 0.5495670285844887 -0.44503060491814633 0.7070529271412465
    outer loop
      vertex 7.328500008542514 -5.725651720528623 2
      vertex 7.966862208437371 -6.684991140740008 0.9000000000000004
      vertex 8.195311837509909 -6.4028793433868465 0.9000000000000004
    endloop
  endfacet
  facet normal 0.5647635913283333 -0.4255798915960655 0.7070529271412462
    outer loop
      vertex 7.523858047687012 -5.46640284632 2
      vertex 8.195311837509909 -6.4028793433868465 0.9000000000000004
      vertex 8.413776741499454 -6.112966623841721 0.9000000000000004
    endloop
  endfacet
  facet normal 0.5792720766313054 -0.40561067473163315 0.7070529271412462
    outer loop
      vertex 7.523858047687012 -5.46640284632 2
      vertex 8.413776741499454 -6.112966623841721 0.9000000000000004
      vertex 7.7100494247618885 -5.200494002277947 2
    endloop
  endfacet
  facet normal 0.5930748081389259 -0.3851472837395736 0.7070529271412463
    outer loop
      vertex 7.7100494247618885 -5.200494002277947 2
      vertex 8.621990754572435 -5.815606196095768 0.9000000000000004
      vertex 7.886847294254762 -4.928249157368806 2
    endloop
  endfacet
  facet normal 0.5792720766313044 -0.405610674731634 0.7070529271412465
    outer loop
      vertex 7.7100494247618885 -5.200494002277947 2
      vertex 8.413776741499454 -6.112966623841721 0.9000000000000004
      vertex 8.621990754572435 -5.815606196095768 0.9000000000000004
    endloop
  endfacet
  facet normal 0.5930748081389274 -0.38514728373957186 0.707052927141246
    outer loop
      vertex 8.621990754572435 -5.815606196095768 0.9000000000000004
      vertex 8.81970020002683 -5.5111603480253315 0.9000000000000004
      vertex 7.886847294254762 -4.928249157368806 2
    endloop
  endfacet
  facet normal 0 0 1
    outer loop
      vertex 7.328500008542514 -5.725651720528623 2
      vertex 7.391938519707026 -4.461057752666398 2
      vertex 7.213400260296654 -4.744327985764225 2
    endloop
  endfacet
  facet normal 0 0 1
    outer loop
      vertex 7.523858047687012 -5.46640284632 2
      vertex 7.7100494247618885 -5.200494002277947 2
      vertex 7.55935860141213 -4.171077664945823 2
    endloop
  endfacet
  facet normal 0 0 1
    outer loop
      vertex 7.523858047687012 -5.46640284632 2
      vertex 7.55935860141213 -4.171077664945823 2
      vertex 7.391938519707026 -4.461057752666398 2
    endloop
  endfacet
  facet normal 0 0 1
    outer loop
      vertex 7.7100494247618885 -5.200494002277947 2
      vertex 7.886847294254762 -4.928249157368806 2
      vertex 7.715408689705603 -3.874823880200071 2
    endloop
  endfacet
  facet normal 0 0 1
    outer loop
      vertex 7.7100494247618885 -5.200494002277947 2
      vertex 7.715408689705603 -3.874823880200071 2
      vertex 7.55935860141213 -4.171077664945823 2
    endloop
  endfacet
  facet normal 0.6061549693489987 -0.3642146501096713 0.707052927141246
    outer loop
      vertex 8.81970020002683 -5.5111603480253315 0.9000000000000004
      vertex 8.05403625519528 -4.65 2
      vertex 7.886847294254762 -4.928249157368806 2
    endloop
  endfacet
  facet normal 0.6184966240999344 -0.3428382770315772 0.7070529271412457
    outer loop
      vertex 8.05403625519528 -4.65 2
      vertex 9.00666419935816 -5.2 0.9000000000000004
      vertex 8.211412613588022 -4.366085533908785 2
    endloop
  endfacet
  facet normal 0 0 1
    outer loop
      vertex 7.886847294254762 -4.928249157368806 2
      vertex 8.05403625519528 -4.65 2
      vertex 7.992477484015238 -3.265286360989326 2
    endloop
  endfacet
  facet normal 0 0 1
    outer loop
      vertex 7.715408689705603 -3.874823880200071 2
      vertex 7.886847294254762 -4.928249157368806 2
      vertex 7.859854070431205 -3.5727419922630124 2
    endloop
  endfacet
  facet normal 0 0 1
    outer loop
      vertex 7.886847294254762 -4.928249157368806 2
      vertex 7.992477484015238 -3.265286360989326 2
      vertex 7.859854070431205 -3.5727419922630124 2
    endloop
  endfacet
  facet normal 0 0 1
    outer loop
      vertex 8.05403625519528 -4.65 2
      vertex 8.211412613588022 -4.366085533908785 2
      vertex 8.11307945224557 -2.9529194288541323 2
    endloop
  endfacet
  facet normal 0.6061549693489995 -0.3642146501096704 0.7070529271412458
    outer loop
      vertex 8.81970020002683 -5.5111603480253315 0.9000000000000004
      vertex 9.00666419935816 -5.2 0.9000000000000004
      vertex 8.05403625519528 -4.65 2
    endloop
  endfacet
  facet normal 0.6184966240999341 -0.3428382770315775 0.7070529271412458
    outer loop
      vertex 8.211412613588022 -4.366085533908785 2
      vertex 9.00666419935816 -5.2 0.9000000000000004
      vertex 9.18265496573284 -4.8825042529732645 0.9000000000000004
    endloop
  endfacet
  facet normal 0.6300847359865079 -0.3210442083231039 0.7070529271412459
    outer loop
      vertex 8.211412613588022 -4.366085533908785 2
      vertex 9.18265496573284 -4.8825042529732645 0.9000000000000004
      vertex 8.358784630582255 -4.07685166513842 2
    endloop
  endfacet
  facet normal 0.6409051866793954 -0.29885899669985727 0.707052927141246
    outer loop
      vertex 8.358784630582255 -4.07685166513842 2
      vertex 9.347458081511338 -4.559059926606405 0.9000000000000004
      vertex 8.495972756076188 -3.7826507806049423 2
    endloop
  endfacet
  facet normal 0.6300847359865074 -0.3210442083231045 0.7070529271412459
    outer loop
      vertex 8.358784630582255 -4.07685166513842 2
      vertex 9.18265496573284 -4.8825042529732645 0.9000000000000004
      vertex 9.347458081511338 -4.559059926606405 0.9000000000000004
    endloop
  endfacet
  facet normal 0 0 1
    outer loop
      vertex 8.05403625519528 -4.65 2
      vertex 8.11307945224557 -2.9529194288541323 2
      vertex 7.992477484015238 -3.265286360989326 2
    endloop
  endfacet
  facet normal 0 0 1
    outer loop
      vertex 8.211412613588022 -4.366085533908785 2
      vertex 8.358784630582255 -4.07685166513842 2
      vertex 8.221478578305812 -2.636111025395578 2
    endloop
  endfacet
  facet normal 0 0 1
    outer loop
      vertex 8.211412613588022 -4.366085533908785 2
      vertex 8.221478578305812 -2.636111025395578 2
      vertex 8.11307945224557 -2.9529194288541323 2
    endloop
  endfacet
  facet normal 0 0 1
    outer loop
      vertex 8.358784630582255 -4.07685166513842 2
      vertex 8.495972756076188 -3.7826507806049423 2
      vertex 8.401034733050977 -1.9910818079186374 2
    endloop
  endfacet
  facet normal 0 0 1
    outer loop
      vertex 8.358784630582255 -4.07685166513842 2
      vertex 8.317511819613372 -2.3153376605465836 2
      vertex 8.221478578305812 -2.636111025395578 2
    endloop
  endfacet
  facet normal 0 0 1
    outer loop
      vertex 8.358784630582255 -4.07685166513842 2
      vertex 8.401034733050977 -1.9910818079186374 2
      vertex 8.317511819613372 -2.3153376605465836 2
    endloop
  endfacet
  facet normal 0.6509447931261851 -0.27630967142484014 0.7070529271412465
    outer loop
      vertex 8.495972756076188 -3.7826507806049423 2
      vertex 9.50087275948305 -4.2300610879883225 0.9000000000000004
      vertex 8.622809847471125 -3.483841318767982 2
    endloop
  endfacet
  facet normal 0.6601913236129158 -0.25342370537742254 0.7070529271412456
    outer loop
      vertex 8.622809847471125 -3.483841318767982 2
      vertex 9.642712087494589 -3.895908571525485 0.9000000000000004
      vertex 8.739141373308948 -3.1807873329287193 2
    endloop
  endfacet
  facet normal 0 0 1
    outer loop
      vertex 8.495972756076188 -3.7826507806049423 2
      vertex 8.622809847471125 -3.483841318767982 2
      vertex 8.530066076408731 -1.334077990169404 2
    endloop
  endfacet
  facet normal 0.6409051866793936 -0.2988589966998597 0.7070529271412463
    outer loop
      vertex 8.495972756076188 -3.7826507806049423 2
      vertex 9.347458081511338 -4.559059926606405 0.9000000000000004
      vertex 9.50087275948305 -4.2300610879883225 0.9000000000000004
    endloop
  endfacet
  facet normal 0.6509447931261879 -0.276309671424836 0.7070529271412457
    outer loop
      vertex 8.622809847471125 -3.483841318767982 2
      vertex 9.50087275948305 -4.2300610879883225 0.9000000000000004
      vertex 9.642712087494589 -3.895908571525485 0.9000000000000004
    endloop
  endfacet
  facet normal 0.660191323612913 -0.25342370537742737 0.7070529271412466
    outer loop
      vertex 8.739141373308948 -3.1807873329287193 2
      vertex 9.642712087494589 -3.895908571525485 0.9000000000000004
      vertex 9.772803256173448 -3.557009490586955 0.9000000000000004
    endloop
  endfacet
  facet normal 0.6686335126664968 -0.23022898158193847 0.7070529271412465
    outer loop
      vertex 8.739141373308948 -3.1807873329287193 2
      vertex 9.772803256173448 -3.557009490586955 0.9000000000000004
      vertex 8.844825601544928 -2.873858047687011 2
    endloop
  endfacet
  facet normal 0.6762610747799911 -0.20675375923645678 0.7070529271412461
    outer loop
      vertex 8.844825601544928 -2.873858047687011 2
      vertex 9.890987769469596 -3.213776741499453 0.9000000000000004
      vertex 8.939733772226367 -2.5634274090980926 2
    endloop
  endfacet
  facet normal 0.668633512666498 -0.23022898158193655 0.7070529271412462
    outer loop
      vertex 8.844825601544928 -2.873858047687011 2
      vertex 9.772803256173448 -3.557009490586955 0.9000000000000004
      vertex 9.890987769469596 -3.213776741499453 0.9000000000000004
    endloop
  endfacet
  facet normal 0.6762610747799923 -0.20675375923645445 0.7070529271412458
    outer loop
      vertex 9.890987769469596 -3.213776741499453 0.9000000000000004
      vertex 9.997121637758516 -2.8666285004967915 0.9000000000000004
      vertex 8.939733772226367 -2.5634274090980926 2
    endloop
  endfacet
  facet normal 0 0 1
    outer loop
      vertex 8.495972756076188 -3.7826507806049423 2
      vertex 8.47192169222285 -1.6638311791156544 2
      vertex 8.401034733050977 -1.9910818079186374 2
    endloop
  endfacet
  facet normal 0 0 1
    outer loop
      vertex 8.622809847471125 -3.483841318767982 2
      vertex 8.739141373308948 -3.1807873329287193 2
      vertex 8.627265822711562 -0.3347772035644696 2
    endloop
  endfacet
  facet normal 0 0 1
    outer loop
      vertex 8.495972756076188 -3.7826507806049423 2
      vertex 8.530066076408731 -1.334077990169404 2
      vertex 8.47192169222285 -1.6638311791156544 2
    endloop
  endfacet
  facet normal 0 0 1
    outer loop
      vertex 8.622809847471125 -3.483841318767982 2
      vertex 8.575380430931581 -1.0023182211998078 2
      vertex 8.530066076408731 -1.334077990169404 2
    endloop
  endfacet
  facet normal 0 0 1
    outer loop
      vertex 8.622809847471125 -3.483841318767982 2
      vertex 8.60779659869772 -0.6690508704137761 2
      vertex 8.575380430931581 -1.0023182211998078 2
    endloop
  endfacet
  facet normal 0 0 1
    outer loop
      vertex 8.622809847471125 -3.483841318767982 2
      vertex 8.627265822711562 -0.3347772035644696 2
      vertex 8.60779659869772 -0.6690508704137761 2
    endloop
  endfacet
  facet normal 0 0 1
    outer loop
      vertex 8.739141373308948 -3.1807873329287193 2
      vertex 8.633758819410783 0 2
      vertex 8.627265822711562 -0.3347772035644696 2
    endloop
  endfacet
  facet normal 0 0 1
    outer loop
      vertex 8.739141373308948 -3.1807873329287193 2
      vertex 8.627265822711562 0.3347772035644687 2
      vertex 8.633758819410783 0 2
    endloop
  endfacet
  facet normal 0 0 1
    outer loop
      vertex 8.739141373308948 -3.1807873329287193 2
      vertex 8.844825601544928 -2.873858047687011 2
      vertex 8.739141373308948 3.1807873329287193 2
    endloop
  endfacet
  facet normal 0 0 1
    outer loop
      vertex 8.844825601544928 -2.873858047687011 2
      vertex 8.939733772226367 -2.5634274090980926 2
      vertex 8.844825601544928 2.873858047687011 2
    endloop
  endfacet
  facet normal 0 0 1
    outer loop
      vertex 8.939733772226367 -2.5634274090980926 2
      vertex 9.023750254366767 -2.24987362907691 2
      vertex 8.939733772226367 2.5634274090980926 2
    endloop
  endfacet
  facet normal 0 0 1
    outer loop
      vertex 9.023750254366767 -2.24987362907691 2
      vertex 9.096772686824394 -1.9335787246051621 2
      vertex 9.023750254366767 2.24987362907691 2
    endloop
  endfacet
  facet normal 0.6830647169439024 -0.18302663928330945 0.7070529271412457
    outer loop
      vertex 9.997121637758516 -2.8666285004967915 0.9000000000000004
      vertex 9.023750254366767 -2.24987362907691 2
      vertex 8.939733772226367 -2.5634274090980926 2
    endloop
  endfacet
  facet normal 0.6890361499682672 -0.15907652956329982 0.7070529271412462
    outer loop
      vertex 9.023750254366767 -2.24987362907691 2
      vertex 10.091075553270363 -2.5159877142365445 0.9000000000000004
      vertex 9.096772686824394 -1.9335787246051621 2
    endloop
  endfacet
  facet normal 0.6830647169439016 -0.18302663928331117 0.707052927141246
    outer loop
      vertex 9.997121637758516 -2.8666285004967915 0.9000000000000004
      vertex 10.091075553270363 -2.5159877142365445 0.9000000000000004
      vertex 9.023750254366767 -2.24987362907691 2
    endloop
  endfacet
  facet normal 0.6941680985817813 -0.13493260959586476 0.7070529271412459
    outer loop
      vertex 9.096772686824394 -1.9335787246051621 2
      vertex 10.17273504763158 -2.162281584504697 0.9000000000000004
      vertex 9.158712103013535 -1.6149280523024523 2
    endloop
  endfacet
  facet normal 0.6984543102955694 -0.11062429502842651 0.7070529271412461
    outer loop
      vertex 9.158712103013535 -1.6149280523024523 2
      vertex 10.242000631326963 -1.8059410477360756 0.9000000000000004
      vertex 9.209493039296605 -1.2943098389286087 2
    endloop
  endfacet
  facet normal 0.6890361499682672 -0.15907652956329946 0.7070529271412459
    outer loop
      vertex 9.096772686824394 -1.9335787246051621 2
      vertex 10.091075553270363 -2.5159877142365445 0.9000000000000004
      vertex 10.17273504763158 -2.162281584504697 0.9000000000000004
    endloop
  endfacet
  facet normal 0.6941680985817813 -0.13493260959586525 0.7070529271412461
    outer loop
      vertex 9.158712103013535 -1.6149280523024523 2
      vertex 10.17273504763158 -2.162281584504697 0.9000000000000004
      vertex 10.242000631326963 -1.8059410477360756 0.9000000000000004
    endloop
  endfacet
  facet normal 0.6984543102955697 -0.11062429502842573 0.707052927141246
    outer loop
      vertex 10.242000631326963 -1.8059410477360756 0.9000000000000004
      vertex 10.298787914912332 -1.4474002499846805 0.9000000000000004
      vertex 9.209493039296605 -1.2943098389286087 2
    endloop
  endfacet
  facet normal 0.701889563020903 -0.0861812017978507 0.7070529271412459
    outer loop
      vertex 10.298787914912332 -1.4474002499846805 0.9000000000000004
      vertex 9.249053626924942 -0.9721147083891774 2
      vertex 9.209493039296605 -1.2943098389286087 2
    endloop
  endfacet
  facet normal 0.7044696714314929 -0.06163311004808922 0.7070529271412463
    outer loop
      vertex 9.249053626924942 -0.9721147083891774 2
      vertex 10.343027711830043 -1.0870960179835962 0.9000000000000004
      vertex 9.277345667416366 -0.6487352058203654 2
    endloop
  endfacet
  facet normal 0 0 1
    outer loop
      vertex 9.096772686824394 -1.9335787246051621 2
      vertex 9.158712103013535 -1.6149280523024523 2
      vertex 9.096772686824394 1.9335787246051621 2
    endloop
  endfacet
  facet normal 0 0 1
    outer loop
      vertex 9.158712103013535 -1.6149280523024523 2
      vertex 9.209493039296605 -1.2943098389286087 2
      vertex 9.158712103013535 1.6149280523024523 2
    endloop
  endfacet
  facet normal 0 0 1
    outer loop
      vertex 9.209493039296605 -1.2943098389286087 2
      vertex 9.249053626924942 -0.9721147083891774 2
      vertex 9.209493039296605 1.2943098389286087 2
    endloop
  endfacet
  facet normal 0 0 1
    outer loop
      vertex 9.249053626924942 -0.9721147083891774 2
      vertex 9.277345667416366 -0.6487352058203654 2
      vertex 9.249053626924942 0.9721147083891774 2
    endloop
  endfacet
  facet normal 0 0 1
    outer loop
      vertex 9.277345667416366 -0.6487352058203654 2
      vertex 9.29433469127759 -0.32456531933325905 2
      vertex 9.277345667416366 0.6487352058203654 2
    endloop
  endfacet
  facet normal 0.706191492062679 -0.03700992784758222 0.7070529271412459
    outer loop
      vertex 9.277345667416366 -0.6487352058203654 2
      vertex 10.374666122702171 -0.7254673269389031 0.9000000000000004
      vertex 9.29433469127759 -0.32456531933325905 2
    endloop
  endfacet
  facet normal 0.7070529271412461 -0.012341654750937136 0.7070529271412461
    outer loop
      vertex 9.29433469127759 -0.32456531933325905 2
      vertex 10.4 0 0.9000000000000004
      vertex 9.3 0 2
    endloop
  endfacet
  facet normal 0.7018895630209021 -0.08618120179785327 0.7070529271412463
    outer loop
      vertex 10.298787914912332 -1.4474002499846805 0.9000000000000004
      vertex 10.343027711830043 -1.0870960179835962 0.9000000000000004
      vertex 9.249053626924942 -0.9721147083891774 2
    endloop
  endfacet
  facet normal 0.7044696714314936 -0.061633110048085915 0.7070529271412459
    outer loop
      vertex 9.277345667416366 -0.6487352058203654 2
      vertex 10.343027711830043 -1.0870960179835962 0.9000000000000004
      vertex 10.374666122702171 -0.7254673269389031 0.9000000000000004
    endloop
  endfacet
  facet normal 0.7061914920626785 -0.03700992784758452 0.7070529271412462
    outer loop
      vertex 9.29433469127759 -0.32456531933325905 2
      vertex 10.374666122702171 -0.7254673269389031 0.9000000000000004
      vertex 10.393664600998596 -0.3629547657060101 0.9000000000000004
    endloop
  endfacet
  facet normal 0.7070529271412461 -0.012341654750936713 0.7070529271412462
    outer loop
      vertex 9.29433469127759 -0.32456531933325905 2
      vertex 10.393664600998596 -0.3629547657060101 0.9000000000000004
      vertex 10.4 0 0.9000000000000004
    endloop
  endfacet
  facet normal 0 0 1
    outer loop
      vertex -0.16742008170510964 8.632135417612222 2
      vertex 0.16742008170510964 8.632135417612222 2
      vertex 0 9.3 2
    endloop
  endfacet
  facet normal 0 0 1
    outer loop
      vertex 0.16742008170510964 8.632135417612222 2
      vertex 0.32456531933325905 9.29433469127759 2
      vertex 0 9.3 2
    endloop
  endfacet
  facet normal 0 0 1
    outer loop
      vertex 0.16742008170510964 8.632135417612222 2
      vertex 0.5020084294089511 8.619151865964298 2
      vertex 0.32456531933325905 9.29433469127759 2
    endloop
  endfacet
  facet normal 0 0 1
    outer loop
      vertex 0.5020084294089511 8.619151865964298 2
      vertex 0.6487352058203654 9.277345667416366 2
      vertex 0.32456531933325905 9.29433469127759 2
    endloop
  endfacet
  facet normal 0 0 1
    outer loop
      vertex 0.5020084294089511 8.619151865964298 2
      vertex 0.8358417087484097 8.593204291163454 2
      vertex 0.6487352058203654 9.277345667416366 2
    endloop
  endfacet
  facet normal 0 0 1
    outer loop
      vertex 0.8358417087484097 8.593204291163454 2
      vertex 0.9721147083891774 9.249053626924942 2
      vertex 0.6487352058203654 9.277345667416366 2
    endloop
  endfacet
  facet normal 0 0 1
    outer loop
      vertex 0.8358417087484097 8.593204291163454 2
      vertex 1.1684178027600176 8.554331720826994 2
      vertex 1.2943098389286087 9.209493039296605 2
    endloop
  endfacet
  facet normal 0 0 1
    outer loop
      vertex 0.8358417087484097 8.593204291163454 2
      vertex 1.2943098389286087 9.209493039296605 2
      vertex 0.9721147083891774 9.249053626924942 2
    endloop
  endfacet
  facet normal 0.012341654750937136 0.7070529271412461 0.7070529271412461
    outer loop
      vertex 0 9.3 2
      vertex 0.32456531933325905 9.29433469127759 2
      vertex 0 10.4 0.9000000000000004
    endloop
  endfacet
  facet normal 0.037009927847582204 0.7061914920626787 0.7070529271412463
    outer loop
      vertex 0.32456531933325905 9.29433469127759 2
      vertex 0.6487352058203654 9.277345667416366 2
      vertex 0.3629547657060101 10.393664600998596 0.9000000000000004
    endloop
  endfacet
  facet normal 0.012341654750936605 0.7070529271412461 0.7070529271412463
    outer loop
      vertex 0.32456531933325905 9.29433469127759 2
      vertex 0.3629547657060101 10.393664600998596 0.9000000000000004
      vertex 0 10.4 0.9000000000000004
    endloop
  endfacet
  facet normal 0.03700992784758451 0.7061914920626787 0.7070529271412458
    outer loop
      vertex 0.6487352058203654 9.277345667416366 2
      vertex 0.7254673269389031 10.374666122702171 0.9000000000000004
      vertex 0.3629547657060101 10.393664600998596 0.9000000000000004
    endloop
  endfacet
  facet normal 0.061633110048089274 0.7044696714314934 0.7070529271412459
    outer loop
      vertex 0.6487352058203654 9.277345667416366 2
      vertex 0.9721147083891774 9.249053626924942 2
      vertex 0.7254673269389031 10.374666122702171 0.9000000000000004
    endloop
  endfacet
  facet normal 0.0861812017978505 0.7018895630209026 0.7070529271412463
    outer loop
      vertex 0.9721147083891774 9.249053626924942 2
      vertex 1.2943098389286087 9.209493039296605 2
      vertex 1.0870960179835962 10.343027711830043 0.9000000000000004
    endloop
  endfacet
  facet normal 0.06163311004808616 0.7044696714314933 0.7070529271412465
    outer loop
      vertex 0.9721147083891774 9.249053626924942 2
      vertex 1.0870960179835962 10.343027711830043 0.9000000000000004
      vertex 0.7254673269389031 10.374666122702171 0.9000000000000004
    endloop
  endfacet
  facet normal 0.08618120179785334 0.7018895630209026 0.7070529271412459
    outer loop
      vertex 1.2943098389286087 9.209493039296605 2
      vertex 1.4474002499846805 10.298787914912332 0.9000000000000004
      vertex 1.0870960179835962 10.343027711830043 0.9000000000000004
    endloop
  endfacet
  facet normal 0 0 1
    outer loop
      vertex 1.1684178027600176 8.554331720826994 2
      vertex 1.4992364854064701 8.502592622993268 2
      vertex 1.6149280523024523 9.158712103013535 2
    endloop
  endfacet
  facet normal 0 0 1
    outer loop
      vertex 1.1684178027600176 8.554331720826994 2
      vertex 1.6149280523024523 9.158712103013535 2
      vertex 1.2943098389286087 9.209493039296605 2
    endloop
  endfacet
  facet normal 0 0 1
    outer loop
      vertex 1.8278001739640894 8.438064818180191 2
      vertex 1.9335787246051621 9.096772686824394 2
      vertex 1.4992364854064701 8.502592622993268 2
    endloop
  endfacet
  facet normal 0 0 1
    outer loop
      vertex 1.4992364854064701 8.502592622993268 2
      vertex 1.9335787246051621 9.096772686824394 2
      vertex 1.6149280523024523 9.158712103013535 2
    endloop
  endfacet
  facet normal 0 0 1
    outer loop
      vertex 1.8278001739640894 8.438064818180191 2
      vertex 2.1536146774345113 8.360845362335803 2
      vertex 2.24987362907691 9.023750254366767 2
    endloop
  endfacet
  facet normal 0 0 1
    outer loop
      vertex 1.8278001739640894 8.438064818180191 2
      vertex 2.24987362907691 9.023750254366767 2
      vertex 1.9335787246051621 9.096772686824394 2
    endloop
  endfacet
  facet normal 0 0 1
    outer loop
      vertex 2.1536146774345113 8.360845362335803 2
      vertex 2.476189939854899 8.271050400856886 2
      vertex 2.5634274090980926 8.939733772226367 2
    endloop
  endfacet
  facet normal 0 0 1
    outer loop
      vertex 2.1536146774345113 8.360845362335803 2
      vertex 2.5634274090980926 8.939733772226367 2
      vertex 2.24987362907691 9.023750254366767 2
    endloop
  endfacet
  facet normal 0.11062429502842654 0.6984543102955695 0.707052927141246
    outer loop
      vertex 1.2943098389286087 9.209493039296605 2
      vertex 1.6149280523024523 9.158712103013535 2
      vertex 1.4474002499846805 10.298787914912332 0.9000000000000004
    endloop
  endfacet
  facet normal 0.13493260959586476 0.6941680985817813 0.707052927141246
    outer loop
      vertex 1.9335787246051621 9.096772686824394 2
      vertex 1.8059410477360756 10.242000631326963 0.9000000000000004
      vertex 1.6149280523024523 9.158712103013535 2
    endloop
  endfacet
  facet normal 0.11062429502842577 0.6984543102955695 0.707052927141246
    outer loop
      vertex 1.6149280523024523 9.158712103013535 2
      vertex 1.8059410477360756 10.242000631326963 0.9000000000000004
      vertex 1.4474002499846805 10.298787914912332 0.9000000000000004
    endloop
  endfacet
  facet normal 0.15907652956329982 0.6890361499682672 0.707052927141246
    outer loop
      vertex 1.9335787246051621 9.096772686824394 2
      vertex 2.24987362907691 9.023750254366767 2
      vertex 2.162281584504697 10.17273504763158 0.9000000000000004
    endloop
  endfacet
  facet normal 0.18302663928330945 0.683064716943902 0.7070529271412461
    outer loop
      vertex 2.24987362907691 9.023750254366767 2
      vertex 2.5634274090980926 8.939733772226367 2
      vertex 2.5159877142365445 10.091075553270363 0.9000000000000004
    endloop
  endfacet
  facet normal 0.13493260959586514 0.6941680985817814 0.707052927141246
    outer loop
      vertex 1.9335787246051621 9.096772686824394 2
      vertex 2.162281584504697 10.17273504763158 0.9000000000000004
      vertex 1.8059410477360756 10.242000631326963 0.9000000000000004
    endloop
  endfacet
  facet normal 0.1590765295632994 0.6890361499682672 0.7070529271412461
    outer loop
      vertex 2.24987362907691 9.023750254366767 2
      vertex 2.5159877142365445 10.091075553270363 0.9000000000000004
      vertex 2.162281584504697 10.17273504763158 0.9000000000000004
    endloop
  endfacet
  facet normal 0 0 1
    outer loop
      vertex 4.023707348461038 7.638819969451704 2
      vertex 4.3168794097053915 7.4770544677576805 2
      vertex 4.366085533908785 8.211412613588022 2
    endloop
  endfacet
  facet normal 0 0 1
    outer loop
      vertex 4.3168794097053915 7.4770544677576805 2
      vertex 4.603558474250525 7.304042765887235 2
      vertex 4.65 8.05403625519528 2
    endloop
  endfacet
  facet normal 0 0 1
    outer loop
      vertex 4.883313349551278 7.120045089874624 2
      vertex 4.928249157368806 7.886847294254762 2
      vertex 4.603558474250525 7.304042765887235 2
    endloop
  endfacet
  facet normal 0 0 1
    outer loop
      vertex 4.603558474250525 7.304042765887235 2
      vertex 4.928249157368806 7.886847294254762 2
      vertex 4.65 8.05403625519528 2
    endloop
  endfacet
  facet normal 0 0 1
    outer loop
      vertex 4.883313349551278 7.120045089874624 2
      vertex 5.155723257700853 6.925338189702795 2
      vertex 5.200494002277947 7.7100494247618885 2
    endloop
  endfacet
  facet normal 0 0 1
    outer loop
      vertex 4.883313349551278 7.120045089874624 2
      vertex 5.200494002277947 7.7100494247618885 2
      vertex 4.928249157368806 7.886847294254762 2
    endloop
  endfacet
  facet normal 0 0 1
    outer loop
      vertex 2.476189939854899 8.271050400856886 2
      vertex 2.795040777388648 8.168814993895266 2
      vertex 2.873858047687011 8.844825601544928 2
    endloop
  endfacet
  facet normal 0 0 1
    outer loop
      vertex 2.795040777388648 8.168814993895266 2
      vertex 3.1096876080879787 8.054292913214514 2
      vertex 3.1807873329287193 8.739141373308948 2
    endloop
  endfacet
  facet normal 0 0 1
    outer loop
      vertex 2.476189939854899 8.271050400856886 2
      vertex 2.873858047687011 8.844825601544928 2
      vertex 2.5634274090980926 8.939733772226367 2
    endloop
  endfacet
  facet normal 0 0 1
    outer loop
      vertex 2.795040777388648 8.168814993895266 2
      vertex 3.1807873329287193 8.739141373308948 2
      vertex 2.873858047687011 8.844825601544928 2
    endloop
  endfacet
  facet normal 0 0 1
    outer loop
      vertex 3.1096876080879787 8.054292913214514 2
      vertex 3.419657173230729 7.927656410902598 2
      vertex 3.483841318767982 8.622809847471125 2
    endloop
  endfacet
  facet normal 0 0 1
    outer loop
      vertex 3.419657173230729 7.927656410902598 2
      vertex 3.7826507806049423 8.495972756076188 2
      vertex 3.483841318767982 8.622809847471125 2
    endloop
  endfacet
  facet normal 0 0 1
    outer loop
      vertex 3.7244832491464415 7.789095960288398 2
      vertex 3.7826507806049423 8.495972756076188 2
      vertex 3.419657173230729 7.927656410902598 2
    endloop
  endfacet
  facet normal 0 0 1
    outer loop
      vertex 3.7244832491464415 7.789095960288398 2
      vertex 4.07685166513842 8.358784630582255 2
      vertex 3.7826507806049423 8.495972756076188 2
    endloop
  endfacet
  facet normal 0 0 1
    outer loop
      vertex 3.1096876080879787 8.054292913214514 2
      vertex 3.483841318767982 8.622809847471125 2
      vertex 3.1807873329287193 8.739141373308948 2
    endloop
  endfacet
  facet normal 0.2534237053774222 0.6601913236129149 0.7070529271412466
    outer loop
      vertex 3.1807873329287193 8.739141373308948 2
      vertex 3.483841318767982 8.622809847471125 2
      vertex 3.557009490586955 9.772803256173448 0.9000000000000004
    endloop
  endfacet
  facet normal 0.2763096714248405 0.650944793126186 0.7070529271412457
    outer loop
      vertex 3.483841318767982 8.622809847471125 2
      vertex 3.7826507806049423 8.495972756076188 2
      vertex 3.895908571525485 9.642712087494589 0.9000000000000004
    endloop
  endfacet
  facet normal 0.20675375923645692 0.6762610747799915 0.7070529271412458
    outer loop
      vertex 2.5634274090980926 8.939733772226367 2
      vertex 2.873858047687011 8.844825601544928 2
      vertex 2.8666285004967915 9.997121637758516 0.9000000000000004
    endloop
  endfacet
  facet normal 0.18302663928331142 0.6830647169439018 0.7070529271412458
    outer loop
      vertex 2.5634274090980926 8.939733772226367 2
      vertex 2.8666285004967915 9.997121637758516 0.9000000000000004
      vertex 2.5159877142365445 10.091075553270363 0.9000000000000004
    endloop
  endfacet
  facet normal 0.2302289815819386 0.6686335126664973 0.7070529271412462
    outer loop
      vertex 2.873858047687011 8.844825601544928 2
      vertex 3.1807873329287193 8.739141373308948 2
      vertex 3.213776741499453 9.890987769469596 0.9000000000000004
    endloop
  endfacet
  facet normal 0.20675375923645448 0.676261074779992 0.7070529271412462
    outer loop
      vertex 2.873858047687011 8.844825601544928 2
      vertex 3.213776741499453 9.890987769469596 0.9000000000000004
      vertex 2.8666285004967915 9.997121637758516 0.9000000000000004
    endloop
  endfacet
  facet normal 0.23022898158193675 0.6686335126664976 0.7070529271412466
    outer loop
      vertex 3.1807873329287193 8.739141373308948 2
      vertex 3.557009490586955 9.772803256173448 0.9000000000000004
      vertex 3.213776741499453 9.890987769469596 0.9000000000000004
    endloop
  endfacet
  facet normal 0.2534237053774276 0.6601913236129139 0.7070529271412458
    outer loop
      vertex 3.483841318767982 8.622809847471125 2
      vertex 3.895908571525485 9.642712087494589 0.9000000000000004
      vertex 3.557009490586955 9.772803256173448 0.9000000000000004
    endloop
  endfacet
  facet normal 0 0 1
    outer loop
      vertex 3.7244832491464415 7.789095960288398 2
      vertex 4.023707348461038 7.638819969451704 2
      vertex 4.07685166513842 8.358784630582255 2
    endloop
  endfacet
  facet normal 0 0 1
    outer loop
      vertex 4.023707348461038 7.638819969451704 2
      vertex 4.366085533908785 8.211412613588022 2
      vertex 4.07685166513842 8.358784630582255 2
    endloop
  endfacet
  facet normal 0 0 1
    outer loop
      vertex 4.3168794097053915 7.4770544677576805 2
      vertex 4.65 8.05403625519528 2
      vertex 4.366085533908785 8.211412613588022 2
    endloop
  endfacet
  facet normal 0.29885899669985705 0.6409051866793949 0.7070529271412463
    outer loop
      vertex 3.7826507806049423 8.495972756076188 2
      vertex 4.07685166513842 8.358784630582255 2
      vertex 4.2300610879883225 9.50087275948305 0.9000000000000004
    endloop
  endfacet
  facet normal 0.3210442083231039 0.6300847359865079 0.7070529271412461
    outer loop
      vertex 4.07685166513842 8.358784630582255 2
      vertex 4.366085533908785 8.211412613588022 2
      vertex 4.559059926606405 9.347458081511338 0.9000000000000004
    endloop
  endfacet
  facet normal 0.29885899669985994 0.6409051866793941 0.707052927141246
    outer loop
      vertex 4.07685166513842 8.358784630582255 2
      vertex 4.559059926606405 9.347458081511338 0.9000000000000004
      vertex 4.2300610879883225 9.50087275948305 0.9000000000000004
    endloop
  endfacet
  facet normal 0.3642146501096715 0.6061549693489989 0.7070529271412458
    outer loop
      vertex 4.65 8.05403625519528 2
      vertex 4.928249157368806 7.886847294254762 2
      vertex 5.2 9.00666419935816 0.9000000000000004
    endloop
  endfacet
  facet normal 0.34283827703157715 0.6184966240999343 0.7070529271412458
    outer loop
      vertex 4.366085533908785 8.211412613588022 2
      vertex 4.65 8.05403625519528 2
      vertex 4.8825042529732645 9.18265496573284 0.9000000000000004
    endloop
  endfacet
  facet normal 0.32104420832310476 0.6300847359865076 0.707052927141246
    outer loop
      vertex 4.366085533908785 8.211412613588022 2
      vertex 4.8825042529732645 9.18265496573284 0.9000000000000004
      vertex 4.559059926606405 9.347458081511338 0.9000000000000004
    endloop
  endfacet
  facet normal 0.3428382770315776 0.6184966240999342 0.7070529271412458
    outer loop
      vertex 4.65 8.05403625519528 2
      vertex 5.2 9.00666419935816 0.9000000000000004
      vertex 4.8825042529732645 9.18265496573284 0.9000000000000004
    endloop
  endfacet
  facet normal 0.27630967142483553 0.6509447931261871 0.7070529271412465
    outer loop
      vertex 3.7826507806049423 8.495972756076188 2
      vertex 4.2300610879883225 9.50087275948305 0.9000000000000004
      vertex 3.895908571525485 9.642712087494589 0.9000000000000004
    endloop
  endfacet
  facet normal 0 0 1
    outer loop
      vertex 7.715408689705605 3.874823880200069 2
      vertex 7.7100494247618885 5.200494002277947 2
      vertex 7.559358601412134 4.17107766494582 2
    endloop
  endfacet
  facet normal 0 0 1
    outer loop
      vertex 7.0240123616827965 5.020462298900444 2
      vertex 7.213400260296653 4.744327985764229 2
      vertex 7.328500008542514 5.725651720528623 2
    endloop
  endfacet
  facet normal 0 0 1
    outer loop
      vertex 7.391938519707024 4.4610577526664015 2
      vertex 7.523858047687012 5.46640284632 2
      vertex 7.213400260296653 4.744327985764229 2
    endloop
  endfacet
  facet normal 0 0 1
    outer loop
      vertex 7.391938519707024 4.4610577526664015 2
      vertex 7.559358601412134 4.17107766494582 2
      vertex 7.7100494247618885 5.200494002277947 2
    endloop
  endfacet
  facet normal 0 0 1
    outer loop
      vertex 7.715408689705605 3.874823880200069 2
      vertex 7.886847294254762 4.928249157368806 2
      vertex 7.7100494247618885 5.200494002277947 2
    endloop
  endfacet
  facet normal 0 0 1
    outer loop
      vertex 7.391938519707024 4.4610577526664015 2
      vertex 7.7100494247618885 5.200494002277947 2
      vertex 7.523858047687012 5.46640284632 2
    endloop
  endfacet
  facet normal 0 0 1
    outer loop
      vertex 8.739141373308948 -3.1807873329287193 2
      vertex 8.622809847471125 3.483841318767982 2
      vertex 8.627265822711562 0.3347772035644687 2
    endloop
  endfacet
  facet normal 0 0 1
    outer loop
      vertex 8.739141373308948 -3.1807873329287193 2
      vertex 8.739141373308948 3.1807873329287193 2
      vertex 8.622809847471125 3.483841318767982 2
    endloop
  endfacet
  facet normal 0 0 1
    outer loop
      vertex 8.939733772226367 -2.5634274090980926 2
      vertex 8.939733772226367 2.5634274090980926 2
      vertex 8.844825601544928 2.873858047687011 2
    endloop
  endfacet
  facet normal 0 0 1
    outer loop
      vertex 9.096772686824394 -1.9335787246051621 2
      vertex 9.096772686824394 1.9335787246051621 2
      vertex 9.023750254366767 2.24987362907691 2
    endloop
  endfacet
  facet normal 0 0 1
    outer loop
      vertex 9.023750254366767 -2.24987362907691 2
      vertex 9.023750254366767 2.24987362907691 2
      vertex 8.939733772226367 2.5634274090980926 2
    endloop
  endfacet
  facet normal 0 0 1
    outer loop
      vertex 8.844825601544928 -2.873858047687011 2
      vertex 8.844825601544928 2.873858047687011 2
      vertex 8.739141373308948 3.1807873329287193 2
    endloop
  endfacet
  facet normal 0 0 1
    outer loop
      vertex 8.627265822711562 0.3347772035644687 2
      vertex 8.622809847471125 3.483841318767982 2
      vertex 8.60779659869772 0.6690508704137743 2
    endloop
  endfacet
  facet normal 0 0 1
    outer loop
      vertex 8.60779659869772 0.6690508704137743 2
      vertex 8.622809847471125 3.483841318767982 2
      vertex 8.575380430931583 1.0023182211998052 2
    endloop
  endfacet
  facet normal 0 0 1
    outer loop
      vertex 8.575380430931583 1.0023182211998052 2
      vertex 8.622809847471125 3.483841318767982 2
      vertex 8.530066076408731 1.3340779901694002 2
    endloop
  endfacet
  facet normal 0 0 1
    outer loop
      vertex 8.530066076408731 1.3340779901694002 2
      vertex 8.495972756076188 3.7826507806049423 2
      vertex 8.47192169222285 1.663831179115658 2
    endloop
  endfacet
  facet normal 0 0 1
    outer loop
      vertex 8.401034733050977 1.9910818079186399 2
      vertex 8.47192169222285 1.663831179115658 2
      vertex 8.495972756076188 3.7826507806049423 2
    endloop
  endfacet
  facet normal 0 0 1
    outer loop
      vertex 9.29433469127759 -0.32456531933325905 2
      vertex 9.3 0 2
      vertex 9.29433469127759 0.32456531933325905 2
    endloop
  endfacet
  facet normal 0 0 1
    outer loop
      vertex 9.29433469127759 -0.32456531933325905 2
      vertex 9.29433469127759 0.32456531933325905 2
      vertex 9.277345667416366 0.6487352058203654 2
    endloop
  endfacet
  facet normal 0 0 1
    outer loop
      vertex 9.277345667416366 -0.6487352058203654 2
      vertex 9.277345667416366 0.6487352058203654 2
      vertex 9.249053626924942 0.9721147083891774 2
    endloop
  endfacet
  facet normal 0 0 1
    outer loop
      vertex 9.249053626924942 -0.9721147083891774 2
      vertex 9.249053626924942 0.9721147083891774 2
      vertex 9.209493039296605 1.2943098389286087 2
    endloop
  endfacet
  facet normal 0 0 1
    outer loop
      vertex 9.158712103013535 -1.6149280523024523 2
      vertex 9.158712103013535 1.6149280523024523 2
      vertex 9.096772686824394 1.9335787246051621 2
    endloop
  endfacet
  facet normal 0 0 1
    outer loop
      vertex 9.209493039296605 -1.2943098389286087 2
      vertex 9.209493039296605 1.2943098389286087 2
      vertex 9.158712103013535 1.6149280523024523 2
    endloop
  endfacet
  facet normal 0.7070529271412461 0.012341654750937136 0.7070529271412461
    outer loop
      vertex 9.3 0 2
      vertex 10.4 0 0.9000000000000004
      vertex 9.29433469127759 0.32456531933325905 2
    endloop
  endfacet
  facet normal 0.706191492062679 0.03700992784758222 0.7070529271412459
    outer loop
      vertex 9.29433469127759 0.32456531933325905 2
      vertex 10.374666122702171 0.7254673269389031 0.9000000000000004
      vertex 9.277345667416366 0.6487352058203654 2
    endloop
  endfacet
  facet normal 0.7044696714314929 0.06163311004808922 0.7070529271412463
    outer loop
      vertex 9.277345667416366 0.6487352058203654 2
      vertex 10.343027711830043 1.0870960179835962 0.9000000000000004
      vertex 9.249053626924942 0.9721147083891774 2
    endloop
  endfacet
  facet normal 0.7018895630209031 0.08618120179785056 0.7070529271412459
    outer loop
      vertex 9.249053626924942 0.9721147083891774 2
      vertex 10.298787914912332 1.4474002499846805 0.9000000000000004
      vertex 9.209493039296605 1.2943098389286087 2
    endloop
  endfacet
  facet normal 0.7070529271412461 0.012341654750936605 0.7070529271412463
    outer loop
      vertex 9.29433469127759 0.32456531933325905 2
      vertex 10.4 0 0.9000000000000004
      vertex 10.393664600998596 0.3629547657060101 0.9000000000000004
    endloop
  endfacet
  facet normal 0.7061914920626785 0.03700992784758448 0.7070529271412462
    outer loop
      vertex 9.29433469127759 0.32456531933325905 2
      vertex 10.393664600998596 0.3629547657060101 0.9000000000000004
      vertex 10.374666122702171 0.7254673269389031 0.9000000000000004
    endloop
  endfacet
  facet normal 0.7044696714314936 0.061633110048086096 0.7070529271412459
    outer loop
      vertex 9.277345667416366 0.6487352058203654 2
      vertex 10.374666122702171 0.7254673269389031 0.9000000000000004
      vertex 10.343027711830043 1.0870960179835962 0.9000000000000004
    endloop
  endfacet
  facet normal 0.7018895630209021 0.0861812017978531 0.7070529271412463
    outer loop
      vertex 9.249053626924942 0.9721147083891774 2
      vertex 10.343027711830043 1.0870960179835962 0.9000000000000004
      vertex 10.298787914912332 1.4474002499846805 0.9000000000000004
    endloop
  endfacet
  facet normal 0.6984543102955694 0.11062429502842651 0.7070529271412461
    outer loop
      vertex 9.209493039296605 1.2943098389286087 2
      vertex 10.242000631326963 1.8059410477360756 0.9000000000000004
      vertex 9.158712103013535 1.6149280523024523 2
    endloop
  endfacet
  facet normal 0.6941680985817813 0.13493260959586476 0.7070529271412459
    outer loop
      vertex 9.096772686824394 1.9335787246051621 2
      vertex 9.158712103013535 1.6149280523024523 2
      vertex 10.17273504763158 2.162281584504697 0.9000000000000004
    endloop
  endfacet
  facet normal 0.6890361499682672 0.15907652956329982 0.7070529271412462
    outer loop
      vertex 9.096772686824394 1.9335787246051621 2
      vertex 10.091075553270363 2.5159877142365445 0.9000000000000004
      vertex 9.023750254366767 2.24987362907691 2
    endloop
  endfacet
  facet normal 0.6830647169439024 0.18302663928330953 0.7070529271412458
    outer loop
      vertex 9.023750254366767 2.24987362907691 2
      vertex 9.997121637758516 2.8666285004967915 0.9000000000000004
      vertex 8.939733772226367 2.5634274090980926 2
    endloop
  endfacet
  facet normal 0.6830647169439016 0.18302663928331123 0.707052927141246
    outer loop
      vertex 9.023750254366767 2.24987362907691 2
      vertex 10.091075553270363 2.5159877142365445 0.9000000000000004
      vertex 9.997121637758516 2.8666285004967915 0.9000000000000004
    endloop
  endfacet
  facet normal 0.6984543102955696 0.11062429502842576 0.7070529271412459
    outer loop
      vertex 9.209493039296605 1.2943098389286087 2
      vertex 10.298787914912332 1.4474002499846805 0.9000000000000004
      vertex 10.242000631326963 1.8059410477360756 0.9000000000000004
    endloop
  endfacet
  facet normal 0.6941680985817813 0.1349326095958651 0.7070529271412461
    outer loop
      vertex 9.158712103013535 1.6149280523024523 2
      vertex 10.242000631326963 1.8059410477360756 0.9000000000000004
      vertex 10.17273504763158 2.162281584504697 0.9000000000000004
    endloop
  endfacet
  facet normal 0.6890361499682672 0.1590765295632992 0.707052927141246
    outer loop
      vertex 9.096772686824394 1.9335787246051621 2
      vertex 10.17273504763158 2.162281584504697 0.9000000000000004
      vertex 10.091075553270363 2.5159877142365445 0.9000000000000004
    endloop
  endfacet
  facet normal 0 0 1
    outer loop
      vertex 8.401034733050977 1.9910818079186399 2
      vertex 8.495972756076188 3.7826507806049423 2
      vertex 8.31751181961337 2.3153376605465845 2
    endloop
  endfacet
  facet normal 0 0 1
    outer loop
      vertex 8.31751181961337 2.3153376605465845 2
      vertex 8.358784630582255 4.07685166513842 2
      vertex 8.221478578305812 2.6361110253955795 2
    endloop
  endfacet
  facet normal 0 0 1
    outer loop
      vertex 8.11307945224557 2.9529194288541323 2
      vertex 8.211412613588022 4.366085533908785 2
      vertex 7.992477484015239 3.2652863609893252 2
    endloop
  endfacet
  facet normal 0 0 1
    outer loop
      vertex 7.859854070431207 3.5727419922630106 2
      vertex 7.992477484015239 3.2652863609893252 2
      vertex 8.05403625519528 4.65 2
    endloop
  endfacet
  facet normal 0 0 1
    outer loop
      vertex 8.11307945224557 2.9529194288541323 2
      vertex 8.221478578305812 2.6361110253955795 2
      vertex 8.211412613588022 4.366085533908785 2
    endloop
  endfacet
  facet normal 0 0 1
    outer loop
      vertex 8.31751181961337 2.3153376605465845 2
      vertex 8.495972756076188 3.7826507806049423 2
      vertex 8.358784630582255 4.07685166513842 2
    endloop
  endfacet
  facet normal 0 0 1
    outer loop
      vertex 8.221478578305812 2.6361110253955795 2
      vertex 8.358784630582255 4.07685166513842 2
      vertex 8.211412613588022 4.366085533908785 2
    endloop
  endfacet
  facet normal 0 0 1
    outer loop
      vertex 8.530066076408731 1.3340779901694002 2
      vertex 8.622809847471125 3.483841318767982 2
      vertex 8.495972756076188 3.7826507806049423 2
    endloop
  endfacet
  facet normal 0.6601913236129158 0.25342370537742254 0.7070529271412456
    outer loop
      vertex 8.739141373308948 3.1807873329287193 2
      vertex 9.642712087494589 3.895908571525485 0.9000000000000004
      vertex 8.622809847471125 3.483841318767982 2
    endloop
  endfacet
  facet normal 0.6509447931261851 0.27630967142484014 0.7070529271412465
    outer loop
      vertex 8.622809847471125 3.483841318767982 2
      vertex 9.50087275948305 4.2300610879883225 0.9000000000000004
      vertex 8.495972756076188 3.7826507806049423 2
    endloop
  endfacet
  facet normal 0 0 1
    outer loop
      vertex 7.715408689705605 3.874823880200069 2
      vertex 7.859854070431207 3.5727419922630106 2
      vertex 7.886847294254762 4.928249157368806 2
    endloop
  endfacet
  facet normal 0 0 1
    outer loop
      vertex 7.992477484015239 3.2652863609893252 2
      vertex 8.211412613588022 4.366085533908785 2
      vertex 8.05403625519528 4.65 2
    endloop
  endfacet
  facet normal 0 0 1
    outer loop
      vertex 7.859854070431207 3.5727419922630106 2
      vertex 8.05403625519528 4.65 2
      vertex 7.886847294254762 4.928249157368806 2
    endloop
  endfacet
  facet normal 0.6184966240999344 0.3428382770315772 0.7070529271412457
    outer loop
      vertex 8.211412613588022 4.366085533908785 2
      vertex 9.00666419935816 5.2 0.9000000000000004
      vertex 8.05403625519528 4.65 2
    endloop
  endfacet
  facet normal 0.6061549693489986 0.36421465010967136 0.707052927141246
    outer loop
      vertex 8.05403625519528 4.65 2
      vertex 8.81970020002683 5.5111603480253315 0.9000000000000004
      vertex 7.886847294254762 4.928249157368806 2
    endloop
  endfacet
  facet normal 0.6409051866793954 0.29885899669985727 0.707052927141246
    outer loop
      vertex 8.495972756076188 3.7826507806049423 2
      vertex 9.347458081511338 4.559059926606405 0.9000000000000004
      vertex 8.358784630582255 4.07685166513842 2
    endloop
  endfacet
  facet normal 0.6300847359865079 0.3210442083231039 0.7070529271412459
    outer loop
      vertex 8.358784630582255 4.07685166513842 2
      vertex 9.18265496573284 4.8825042529732645 0.9000000000000004
      vertex 8.211412613588022 4.366085533908785 2
    endloop
  endfacet
  facet normal 0.6300847359865076 0.32104420832310443 0.7070529271412461
    outer loop
      vertex 8.358784630582255 4.07685166513842 2
      vertex 9.347458081511338 4.559059926606405 0.9000000000000004
      vertex 9.18265496573284 4.8825042529732645 0.9000000000000004
    endloop
  endfacet
  facet normal 0.6061549693489995 0.36421465010967047 0.7070529271412457
    outer loop
      vertex 8.05403625519528 4.65 2
      vertex 9.00666419935816 5.2 0.9000000000000004
      vertex 8.81970020002683 5.5111603480253315 0.9000000000000004
    endloop
  endfacet
  facet normal 0.6184966240999342 0.34283827703157754 0.7070529271412459
    outer loop
      vertex 8.211412613588022 4.366085533908785 2
      vertex 9.18265496573284 4.8825042529732645 0.9000000000000004
      vertex 9.00666419935816 5.2 0.9000000000000004
    endloop
  endfacet
  facet normal 0.6762610747799911 0.20675375923645678 0.7070529271412461
    outer loop
      vertex 8.939733772226367 2.5634274090980926 2
      vertex 9.890987769469596 3.213776741499453 0.9000000000000004
      vertex 8.844825601544928 2.873858047687011 2
    endloop
  endfacet
  facet normal 0.6686335126664968 0.23022898158193847 0.7070529271412465
    outer loop
      vertex 8.739141373308948 3.1807873329287193 2
      vertex 8.844825601544928 2.873858047687011 2
      vertex 9.772803256173448 3.557009490586955 0.9000000000000004
    endloop
  endfacet
  facet normal 0.6762610747799924 0.20675375923645464 0.7070529271412458
    outer loop
      vertex 8.939733772226367 2.5634274090980926 2
      vertex 9.997121637758516 2.8666285004967915 0.9000000000000004
      vertex 9.890987769469596 3.213776741499453 0.9000000000000004
    endloop
  endfacet
  facet normal 0.6686335126664981 0.2302289815819366 0.7070529271412462
    outer loop
      vertex 8.844825601544928 2.873858047687011 2
      vertex 9.890987769469596 3.213776741499453 0.9000000000000004
      vertex 9.772803256173448 3.557009490586955 0.9000000000000004
    endloop
  endfacet
  facet normal 0.660191323612913 0.2534237053774273 0.7070529271412465
    outer loop
      vertex 8.739141373308948 3.1807873329287193 2
      vertex 9.772803256173448 3.557009490586955 0.9000000000000004
      vertex 9.642712087494589 3.895908571525485 0.9000000000000004
    endloop
  endfacet
  facet normal 0.6509447931261878 0.2763096714248358 0.7070529271412457
    outer loop
      vertex 8.622809847471125 3.483841318767982 2
      vertex 9.642712087494589 3.895908571525485 0.9000000000000004
      vertex 9.50087275948305 4.2300610879883225 0.9000000000000004
    endloop
  endfacet
  facet normal 0.6409051866793936 0.2988589966998598 0.7070529271412463
    outer loop
      vertex 8.495972756076188 3.7826507806049423 2
      vertex 9.50087275948305 4.2300610879883225 0.9000000000000004
      vertex 9.347458081511338 4.559059926606405 0.9000000000000004
    endloop
  endfacet
  facet normal 0 0 1
    outer loop
      vertex 6.16389714217886 6.045507701789218 2
      vertex 6.222914639137382 6.911246876939767 2
      vertex 5.92484479319608 6.279968592938246 2
    endloop
  endfacet
  facet normal 0 0 1
    outer loop
      vertex 6.393678404341723 5.801953792784613 2
      vertex 6.460322845268675 6.689860143149456 2
      vertex 6.16389714217886 6.045507701789218 2
    endloop
  endfacet
  facet normal 0 0 1
    outer loop
      vertex 5.155723257700853 6.925338189702795 2
      vertex 5.420378468320753 6.720214923045114 2
      vertex 5.46640284632 7.523858047687012 2
    endloop
  endfacet
  facet normal 0 0 1
    outer loop
      vertex 5.420378468320753 6.720214923045114 2
      vertex 5.676880914834202 6.504983814779609 2
      vertex 5.725651720528623 7.328500008542514 2
    endloop
  endfacet
  facet normal 0 0 1
    outer loop
      vertex 5.676880914834202 6.504983814779609 2
      vertex 5.977924770084815 7.124213321006496 2
      vertex 5.725651720528623 7.328500008542514 2
    endloop
  endfacet
  facet normal 0 0 1
    outer loop
      vertex 5.155723257700853 6.925338189702795 2
      vertex 5.46640284632 7.523858047687012 2
      vertex 5.200494002277947 7.7100494247618885 2
    endloop
  endfacet
  facet normal 0 0 1
    outer loop
      vertex 5.420378468320753 6.720214923045114 2
      vertex 5.725651720528623 7.328500008542514 2
      vertex 5.46640284632 7.523858047687012 2
    endloop
  endfacet
  facet normal 0.42557989159606624 0.5647635913283328 0.7070529271412461
    outer loop
      vertex 5.46640284632 7.523858047687012 2
      vertex 5.725651720528623 7.328500008542514 2
      vertex 6.112966623841721 8.413776741499454 0.9000000000000004
    endloop
  endfacet
  facet normal 0 0 1
    outer loop
      vertex 5.92484479319608 6.279968592938246 2
      vertex 5.977924770084815 7.124213321006496 2
      vertex 5.676880914834202 6.504983814779609 2
    endloop
  endfacet
  facet normal 0 0 1
    outer loop
      vertex 5.92484479319608 6.279968592938246 2
      vertex 6.222914639137382 6.911246876939767 2
      vertex 5.977924770084815 7.124213321006496 2
    endloop
  endfacet
  facet normal 0 0 1
    outer loop
      vertex 6.16389714217886 6.045507701789218 2
      vertex 6.460322845268675 6.689860143149456 2
      vertex 6.222914639137382 6.911246876939767 2
    endloop
  endfacet
  facet normal 0.445030604918145 0.5495670285844898 0.7070529271412463
    outer loop
      vertex 5.725651720528623 7.328500008542514 2
      vertex 5.977924770084815 7.124213321006496 2
      vertex 6.4028793433868465 8.195311837509909 0.9000000000000004
    endloop
  endfacet
  facet normal 0.4639391169998385 0.5337009030706301 0.7070529271412461
    outer loop
      vertex 5.977924770084815 7.124213321006496 2
      vertex 6.222914639137382 6.911246876939767 2
      vertex 6.684991140740008 7.966862208437371 0.9000000000000004
    endloop
  endfacet
  facet normal 0.4450306049181464 0.5495670285844889 0.707052927141246
    outer loop
      vertex 5.977924770084815 7.124213321006496 2
      vertex 6.684991140740008 7.966862208437371 0.9000000000000004
      vertex 6.4028793433868465 8.195311837509909 0.9000000000000004
    endloop
  endfacet
  facet normal 0 0 1
    outer loop
      vertex 6.82405968125522 5.289045359837669 2
      vertex 6.911246876939767 6.222914639137382 2
      vertex 6.613842966839098 5.549673194139134 2
    endloop
  endfacet
  facet normal 0 0 1
    outer loop
      vertex 7.0240123616827965 5.020462298900444 2
      vertex 7.124213321006496 5.977924770084815 2
      vertex 6.82405968125522 5.289045359837669 2
    endloop
  endfacet
  facet normal 0 0 1
    outer loop
      vertex 6.82405968125522 5.289045359837669 2
      vertex 7.124213321006496 5.977924770084815 2
      vertex 6.911246876939767 6.222914639137382 2
    endloop
  endfacet
  facet normal 0 0 1
    outer loop
      vertex 6.393678404341723 5.801953792784613 2
      vertex 6.613842966839098 5.549673194139134 2
      vertex 6.689860143149456 6.460322845268675 2
    endloop
  endfacet
  facet normal 0 0 1
    outer loop
      vertex 6.613842966839098 5.549673194139134 2
      vertex 6.911246876939767 6.222914639137382 2
      vertex 6.689860143149456 6.460322845268675 2
    endloop
  endfacet
  facet normal 0 0 1
    outer loop
      vertex 6.393678404341723 5.801953792784613 2
      vertex 6.689860143149456 6.460322845268675 2
      vertex 6.460322845268675 6.689860143149456 2
    endloop
  endfacet
  facet normal 0 0 1
    outer loop
      vertex 7.213400260296653 4.744327985764229 2
      vertex 7.523858047687012 5.46640284632 2
      vertex 7.328500008542514 5.725651720528623 2
    endloop
  endfacet
  facet normal 0 0 1
    outer loop
      vertex 7.0240123616827965 5.020462298900444 2
      vertex 7.328500008542514 5.725651720528623 2
      vertex 7.124213321006496 5.977924770084815 2
    endloop
  endfacet
  facet normal 0.5495670285844901 0.44503060491814517 0.7070529271412461
    outer loop
      vertex 7.124213321006496 5.977924770084815 2
      vertex 7.328500008542514 5.725651720528623 2
      vertex 7.966862208437371 6.684991140740008 0.9000000000000004
    endloop
  endfacet
  facet normal 0.5337009030706302 0.4639391169998386 0.707052927141246
    outer loop
      vertex 7.124213321006496 5.977924770084815 2
      vertex 7.7287061849649 6.958958306132126 0.9000000000000004
      vertex 6.911246876939767 6.222914639137382 2
    endloop
  endfacet
  facet normal 0.5647635913283325 0.4255798915960662 0.7070529271412462
    outer loop
      vertex 7.328500008542514 5.725651720528623 2
      vertex 7.523858047687012 5.46640284632 2
      vertex 8.195311837509909 6.4028793433868465 0.9000000000000004
    endloop
  endfacet
  facet normal 0.4822823907318159 0.5171845452166954 0.7070529271412459
    outer loop
      vertex 6.460322845268675 6.689860143149456 2
      vertex 6.958958306132126 7.7287061849649 0.9000000000000004
      vertex 6.222914639137382 6.911246876939767 2
    endloop
  endfacet
  facet normal 0.5000380776605895 0.5000380776605895 0.7070529271412461
    outer loop
      vertex 6.460322845268675 6.689860143149456 2
      vertex 6.689860143149456 6.460322845268675 2
      vertex 7.224447052773572 7.4811339235219725 0.9000000000000004
    endloop
  endfacet
  facet normal 0.5171845452166952 0.48228239073181567 0.7070529271412461
    outer loop
      vertex 6.689860143149456 6.460322845268675 2
      vertex 6.911246876939767 6.222914639137382 2
      vertex 7.4811339235219725 7.224447052773572 0.9000000000000004
    endloop
  endfacet
  facet normal 0.5000380776605896 0.5000380776605895 0.7070529271412461
    outer loop
      vertex 6.689860143149456 6.460322845268675 2
      vertex 7.4811339235219725 7.224447052773572 0.9000000000000004
      vertex 7.224447052773572 7.4811339235219725 0.9000000000000004
    endloop
  endfacet
  facet normal 0.46393911699983914 0.5337009030706297 0.7070529271412458
    outer loop
      vertex 6.222914639137382 6.911246876939767 2
      vertex 6.958958306132126 7.7287061849649 0.9000000000000004
      vertex 6.684991140740008 7.966862208437371 0.9000000000000004
    endloop
  endfacet
  facet normal 0.48228239073181456 0.5171845452166962 0.7070529271412461
    outer loop
      vertex 6.460322845268675 6.689860143149456 2
      vertex 7.224447052773572 7.4811339235219725 0.9000000000000004
      vertex 6.958958306132126 7.7287061849649 0.9000000000000004
    endloop
  endfacet
  facet normal 0.5171845452166964 0.48228239073181484 0.7070529271412459
    outer loop
      vertex 6.911246876939767 6.222914639137382 2
      vertex 7.7287061849649 6.958958306132126 0.9000000000000004
      vertex 7.4811339235219725 7.224447052773572 0.9000000000000004
    endloop
  endfacet
  facet normal 0.5337009030706295 0.46393911699983903 0.707052927141246
    outer loop
      vertex 7.124213321006496 5.977924770084815 2
      vertex 7.966862208437371 6.684991140740008 0.9000000000000004
      vertex 7.7287061849649 6.958958306132126 0.9000000000000004
    endloop
  endfacet
  facet normal 0.4056106747316329 0.5792720766313052 0.7070529271412463
    outer loop
      vertex 5.200494002277947 7.7100494247618885 2
      vertex 5.46640284632 7.523858047687012 2
      vertex 5.815606196095768 8.621990754572435 0.9000000000000004
    endloop
  endfacet
  facet normal 0.38514728373957374 0.5930748081389261 0.707052927141246
    outer loop
      vertex 4.928249157368806 7.886847294254762 2
      vertex 5.200494002277947 7.7100494247618885 2
      vertex 5.5111603480253315 8.81970020002683 0.9000000000000004
    endloop
  endfacet
  facet normal 0.38514728373957147 0.5930748081389272 0.7070529271412462
    outer loop
      vertex 5.200494002277947 7.7100494247618885 2
      vertex 5.815606196095768 8.621990754572435 0.9000000000000004
      vertex 5.5111603480253315 8.81970020002683 0.9000000000000004
    endloop
  endfacet
  facet normal 0.40561067473163426 0.5792720766313046 0.7070529271412461
    outer loop
      vertex 5.46640284632 7.523858047687012 2
      vertex 6.112966623841721 8.413776741499454 0.9000000000000004
      vertex 5.815606196095768 8.621990754572435 0.9000000000000004
    endloop
  endfacet
  facet normal 0.36421465010967036 0.6061549693489994 0.707052927141246
    outer loop
      vertex 4.928249157368806 7.886847294254762 2
      vertex 5.5111603480253315 8.81970020002683 0.9000000000000004
      vertex 5.2 9.00666419935816 0.9000000000000004
    endloop
  endfacet
  facet normal 0.4255798915960655 0.5647635913283332 0.7070529271412462
    outer loop
      vertex 5.725651720528623 7.328500008542514 2
      vertex 6.4028793433868465 8.195311837509909 0.9000000000000004
      vertex 6.112966623841721 8.413776741499454 0.9000000000000004
    endloop
  endfacet
  facet normal 0.5930748081389259 0.3851472837395736 0.7070529271412463
    outer loop
      vertex 7.886847294254762 4.928249157368806 2
      vertex 8.621990754572435 5.815606196095768 0.9000000000000004
      vertex 7.7100494247618885 5.200494002277947 2
    endloop
  endfacet
  facet normal 0.5792720766313054 0.40561067473163315 0.7070529271412462
    outer loop
      vertex 7.523858047687012 5.46640284632 2
      vertex 7.7100494247618885 5.200494002277947 2
      vertex 8.413776741499454 6.112966623841721 0.9000000000000004
    endloop
  endfacet
  facet normal 0.5930748081389275 0.38514728373957174 0.7070529271412461
    outer loop
      vertex 7.886847294254762 4.928249157368806 2
      vertex 8.81970020002683 5.5111603480253315 0.9000000000000004
      vertex 8.621990754572435 5.815606196095768 0.9000000000000004
    endloop
  endfacet
  facet normal 0.5792720766313045 0.40561067473163404 0.7070529271412462
    outer loop
      vertex 7.7100494247618885 5.200494002277947 2
      vertex 8.621990754572435 5.815606196095768 0.9000000000000004
      vertex 8.413776741499454 6.112966623841721 0.9000000000000004
    endloop
  endfacet
  facet normal 0.5647635913283332 0.4255798915960656 0.7070529271412462
    outer loop
      vertex 7.523858047687012 5.46640284632 2
      vertex 8.413776741499454 6.112966623841721 0.9000000000000004
      vertex 8.195311837509909 6.4028793433868465 0.9000000000000004
    endloop
  endfacet
  facet normal 0.5495670285844888 0.4450306049181462 0.7070529271412462
    outer loop
      vertex 7.328500008542514 5.725651720528623 2
      vertex 8.195311837509909 6.4028793433868465 0.9000000000000004
      vertex 7.966862208437371 6.684991140740008 0.9000000000000004
    endloop
  endfacet
  facet normal -0.8874166754934207 -0.42433275437090484 0.18009263622981955
    outer loop
      vertex -7.859854070431205 -3.5727419922630124 2
      vertex -7.715408689705605 -3.874823880200068 2
      vertex -2.002798470125523 -0.9103835939113066 37.134
    endloop
  endfacet
  facet normal -0.7890082012478022 -0.5873948422820051 0.1800926362298196
    outer loop
      vertex -6.824059681255221 -5.289045359837668 2
      vertex -1.7898145545785291 -1.2792825568336583 37.134
      vertex -7.024012361682798 -5.020462298900443 2
    endloop
  endfacet
  facet normal -0.8111912826897376 -0.5563590075337796 0.1800926362298196
    outer loop
      vertex -7.213400260296652 -4.7443279857642295 2
      vertex -7.024012361682798 -5.020462298900443 2
      vertex -1.83807318510846 -1.2089197517557737 37.134
    endloop
  endfacet
  facet normal -0.8321542553861956 -0.5244863559888288 0.18009263622981958
    outer loop
      vertex -7.213400260296652 -4.7443279857642295 2
      vertex -1.8835671789665864 -1.1367386165340985 37.134
      vertex -7.391938519707024 -4.461057752666402 2
    endloop
  endfacet
  facet normal -0.8702956359177526 -0.4584235470373534 0.18009263622981958
    outer loop
      vertex -7.559358601412134 -4.171077664945819 2
      vertex -1.9659918087115071 -0.9873581964410165 37.134
      vertex -7.715408689705605 -3.874823880200068 2
    endloop
  endfacet
  facet normal -0.8518655890349401 -0.4918248271427015 0.18009263622981955
    outer loop
      vertex -7.559358601412134 -4.171077664945819 2
      vertex -7.391938519707024 -4.461057752666402 2
      vertex -1.9262281088646 -1.0628477184526046 37.134
    endloop
  endfacet
  facet normal -0.9176307336481176 -0.3542886944854595 0.1800926362298196
    outer loop
      vertex -7.992477484015239 -3.2652863609893257 2
      vertex -2.067323765728999 -0.7524443153164713 37.134
      vertex -8.11307945224557 -2.9529194288541323 2
    endloop
  endfacet
  facet normal -0.9032029560920701 -0.38960372493386153 0.18009263622981958
    outer loop
      vertex -7.992477484015239 -3.2652863609893257 2
      vertex -7.859854070431205 -3.5727419922630124 2
      vertex -2.0365927323915587 -0.8320396879776136 37.134
    endloop
  endfacet
  facet normal -0.9306783074136045 -0.31844078018611577 0.1800926362298196
    outer loop
      vertex -8.221478578305812 -2.636111025395578 2
      vertex -8.11307945224557 -2.9529194288541323 2
      vertex -2.0949453477445137 -0.6717171949292486 37.134
    endloop
  endfacet
  facet normal -0.9423260525981728 -0.2821139007042008 0.1800926362298196
    outer loop
      vertex -8.221478578305812 -2.636111025395578 2
      vertex -2.1194159329549374 -0.5899797480734018 37.134
      vertex -8.317511819613372 -2.3153376605465836 2
    endloop
  endfacet
  facet normal -0.9613541117896571 -0.208242440729342 0.1800926362298196
    outer loop
      vertex -8.47192169222285 -1.6638311791156584 2
      vertex -8.401034733050977 -1.9910818079186412 2
      vertex -2.1587616833802463 -0.42396697320579746 37.134
    endloop
  endfacet
  facet normal -0.9525564498866321 -0.24536269511718742 0.18009263622981958
    outer loop
      vertex -8.317511819613372 -2.3153376605465836 2
      vertex -2.1406987152756125 -0.5073549156333688 37.134
      vertex -8.401034733050977 -1.9910818079186412 2
    endloop
  endfacet
  facet normal -0.9687058057880437 -0.17080896992936628 0.1800926362298196
    outer loop
      vertex -8.47192169222285 -1.6638311791156584 2
      vertex -2.17357766884898 -0.33994134417724897 37.134
      vertex -8.530066076408731 -1.3340779901693995 2
    endloop
  endfacet
  facet normal -0.9746004742356684 -0.1331185862132111 0.18009263622981955
    outer loop
      vertex -8.530066076408731 -1.3340779901693995 2
      vertex -2.1851243870322747 -0.25540441107550615 37.134
      vertex -8.575380430931583 -1.0023182211998036 2
    endloop
  endfacet
  facet normal -0.9790292509912435 -0.09522797949824767 0.18009263622981958
    outer loop
      vertex -8.575380430931583 -1.0023182211998036 2
      vertex -2.1933844705691428 -0.17048332547824854 37.134
      vertex -8.60779659869772 -0.6690508704137761 2
    endloop
  endfacet
  facet normal -0.9819854747538309 -0.05719414085627355 0.18009263622981955
    outer loop
      vertex -8.60779659869772 -0.6690508704137761 2
      vertex -2.1983454955093062 -0.08530581676499702 37.134
      vertex -8.627265822711562 -0.3347772035644696 2
    endloop
  endfacet
  facet normal -0.9834646990820765 -0.01907427679349214 0.18009263622981958
    outer loop
      vertex -8.627265822711562 -0.3347772035644696 2
      vertex -2.2 0 37.134
      vertex -8.633758819410783 0 2
    endloop
  endfacet
  facet normal -0.07622539280368669 -0.9806917619046861 0.18009263622981958
    outer loop
      vertex -0.8358417087484075 -8.593204291163454 2
      vertex -0.5020084294089489 -8.619151865964298 2
      vertex -0.4410979673266411 -6.385905392467976 14.186891083974288
    endloop
  endfacet
  facet normal -0.038141380531554595 -0.9829099030261833 0.18009263622981958
    outer loop
      vertex -0.5020084294089489 -8.619151865964298 2
      vertex -0.16742008170510536 -8.632135417612222 2
      vertex -0.2782512903213501 -6.489771895110607 13.669122685085787
    endloop
  endfacet
  facet normal -0.1141947548442667 -0.9769985672158642 0.18009263622981952
    outer loop
      vertex -1.1684178027600176 -8.554331720826994 2
      vertex -0.8358417087484075 -8.593204291163454 2
      vertex -0.7057035490870476 -6.101787194609642 15.598401801300847
    endloop
  endfacet
  facet normal -0.6025843144943425 -0.7774694761218458 0.18009263622981958
    outer loop
      vertex -5.420378468320753 -6.720214923045114 2
      vertex -5.155723257700852 -6.925338189702795 2
      vertex -1.6380390782407515 -2.0308498239487065 34.89982721966396
    endloop
  endfacet
  facet normal -0.4752135412790641 -0.8612425515270394 0.18009263622981958
    outer loop
      vertex -4.3168794097053915 -7.4770544677576805 2
      vertex -4.023707348461036 -7.6388199694517045 2
      vertex -1.5052688448141234 -2.607202118268573 32.7077490343154
    endloop
  endfacet
  facet normal -0.5405243163060754 -0.8218272968560023 0.18009263622981958
    outer loop
      vertex -4.603558474250526 -7.304042765887235 2
      vertex -1.5888893529772758 -2.3662175461649895 33.58119975032744
      vertex -4.883313349551281 -7.120045089874623 2
    endloop
  endfacet
  facet normal -0.5719844748921711 -0.8002502126573422 0.18009263622981958
    outer loop
      vertex -5.155723257700852 -6.925338189702795 2
      vertex -4.883313349551281 -7.120045089874623 2
      vertex -1.6234493553638458 -2.198817551136017 34.22122292629925
    endloop
  endfacet
  facet normal -0.5082511578030121 -0.8421682747335543 0.18009263622981955
    outer loop
      vertex -4.603558474250526 -7.304042765887235 2
      vertex -4.3168794097053915 -7.4770544677576805 2
      vertex -1.5562519689744796 -2.469161845008689 33.20938479679501
    endloop
  endfacet
  facet normal -0.4414611584477552 -0.8790214377122778 0.18009263622981958
    outer loop
      vertex -4.023707348461036 -7.6388199694517045 2
      vertex -3.7244832491464392 -7.789095960288399 2
      vertex -1.4439040645956993 -2.742924101650715 32.22044923547729
    endloop
  endfacet
  facet normal -0.4070447760990721 -0.8954781921555935 0.18009263622981955
    outer loop
      vertex -3.4196571732307306 -7.927656410902599 2
      vertex -1.3516640290617943 -2.906498335301876 31.640875241545146
      vertex -3.7244832491464392 -7.789095960288399 2
    endloop
  endfacet
  facet normal -0.3003338120771496 -0.936678303207137 0.18009263622981952
    outer loop
      vertex -2.795040777388648 -8.168814993895266 2
      vertex -2.476189939854897 -8.271050400856888 2
      vertex -1.106931637897535 -3.2351298177919583 30.47574570362783
    endloop
  endfacet
  facet normal -0.2637878978308124 -0.9476194316991366 0.18009263622981958
    outer loop
      vertex -2.476189939854897 -8.271050400856888 2
      vertex -2.153614677434513 -8.360845362335803 2
      vertex -1.002606937405929 -3.3489403934898245 30.057784905701592
    endloop
  endfacet
  facet normal -0.18956134846469117 -0.9652114470643424 0.18009263622981958
    outer loop
      vertex -1.4992364854064701 -8.502592622993268 2
      vertex -0.7338515892624855 -3.5908987522125244 29.129985122356153
      vertex -1.8278001739640894 -8.438064818180191 2
    endloop
  endfacet
  facet normal -0.2268452215285255 -0.9571352505500297 0.18009263622981958
    outer loop
      vertex -2.153614677434513 -8.360845362335803 2
      vertex -1.8278001739640894 -8.438064818180191 2
      vertex -0.8724611103534698 -3.4734800904989243 29.58854139036134
    endloop
  endfacet
  facet normal -0.37201615974132657 -0.9105880623350548 0.18009263622981958
    outer loop
      vertex -3.4196571732307306 -7.927656410902599 2
      vertex -3.1096876080879787 -8.054292913214514 2
      vertex -1.256084032356739 -3.049238331615925 31.13563567679378
    endloop
  endfacet
  facet normal -0.33642799574093374 -0.9243283215706052 0.18009263622981955
    outer loop
      vertex -3.1096876080879787 -8.054292913214514 2
      vertex -2.795040777388648 -8.168814993895266 2
      vertex -1.203503509644687 -3.117152270713154 30.900863067781586
    endloop
  endfacet
  facet normal -0.15199235712602827 -0.9718358738753513 0.18009263622981958
    outer loop
      vertex -1.4992364854064701 -8.502592622993268 2
      vertex -1.1684178027600176 -8.554331720826994 2
      vertex -0.593509279191494 -3.700202137231827 28.679597056233522
    endloop
  endfacet
  facet normal -0.07622539280369148 -0.9806917619046858 0.1800926362298196
    outer loop
      vertex -0.8358417087484075 -8.593204291163454 2
      vertex -0.5877629220485687 -6.2588149309158325 14.816883388222935
      vertex -0.6067263789944385 -6.237692698231251 14.92387778308314
    endloop
  endfacet
  facet normal -0.11419475484426325 -0.9769985672158646 0.18009263622981975
    outer loop
      vertex -0.8358417087484075 -8.593204291163454 2
      vertex -0.6067263789944385 -6.237692698231251 14.92387778308314
      vertex -0.6180435493588448 -6.225087195634842 14.985086262847778
    endloop
  endfacet
  facet normal -0.114194754844263 -0.9769985672158646 0.1800926362298196
    outer loop
      vertex -0.8358417087484075 -8.593204291163454 2
      vertex -0.6180435493588448 -6.225087195634842 14.985086262847778
      vertex -0.7057035490870476 -6.101787194609642 15.598401801300847
    endloop
  endfacet
  facet normal -0.11419475484427558 -0.9769985672158632 0.18009263622982002
    outer loop
      vertex -1.1684178027600176 -8.554331720826994 2
      vertex -0.7057035490870476 -6.101787194609642 15.598401801300847
      vertex -0.7367442324757576 -6.0343441516160965 15.944596262378294
    endloop
  endfacet
  facet normal -0.1141947548442466 -0.9769985672158666 0.18009263622981944
    outer loop
      vertex -1.1684178027600176 -8.554331720826994 2
      vertex -0.7367442324757576 -6.0343441516160965 15.944596262378294
      vertex -0.7693242356181145 -5.903844155371189 16.631897234103363
    endloop
  endfacet
  facet normal -0.03814138053154799 -0.9829099030261836 0.18009263622981958
    outer loop
      vertex -0.5020084294089489 -8.619151865964298 2
      vertex -0.2782512903213501 -6.489771895110607 13.669122685085787
      vertex -0.29925796389579773 -6.477885395288467 13.729547892272539
    endloop
  endfacet
  facet normal -0.03814138053155072 -0.9829099030261834 0.18009263622981952
    outer loop
      vertex -0.5020084294089489 -8.619151865964298 2
      vertex -0.29925796389579773 -6.477885395288467 13.729547892272539
      vertex -0.37445375264313285 -6.429122643640332 13.979759790127558
    endloop
  endfacet
  facet normal -0.03814138053154941 -0.9829099030261834 0.18009263622981966
    outer loop
      vertex -0.16742008170510536 -8.632135417612222 2
      vertex -0.12729968815779846 -6.563538469258876 13.298489020433879
      vertex -0.2782512903213501 -6.489771895110607 13.669122685085787
    endloop
  endfacet
  facet normal -7.093347567916241e-12 -0.9836496542853963 0.18009263622985902
    outer loop
      vertex -0.16742008170510536 -8.632135417612222 2
      vertex -0.12723129242658615 -6.563571892678738 13.298306464744318
      vertex -0.12729968815779846 -6.563538469258876 13.298489020433879
    endloop
  endfacet
  facet normal -3.425539409958744e-14 -0.9836496542854035 0.18009263622981972
    outer loop
      vertex -0.16742008170510536 -8.632135417612222 2
      vertex -0.10259687900543213 -6.5736395344138145 13.24331791818576
      vertex -0.12723129242658615 -6.563571892678738 13.298306464744318
    endloop
  endfacet
  facet normal 4.871258135916014e-15 -0.9836496542854036 0.1800926362298195
    outer loop
      vertex -0.16742008170510536 -8.632135417612222 2
      vertex 0.04662312567234039 -6.623319536447525 12.971970250405512
      vertex -0.10259687900543213 -6.5736395344138145 13.24331791818576
    endloop
  endfacet
  facet normal -7.684413824701326e-15 -0.9836496542854035 0.18009263622981964
    outer loop
      vertex -0.16742008170510536 -8.632135417612222 2
      vertex 0.08931591361761093 -6.632508240640163 12.921782381030969
      vertex 0.04662312567234039 -6.623319536447525 12.971970250405512
    endloop
  endfacet
  facet normal -0.07622539280368709 -0.9806917619046862 0.18009263622981928
    outer loop
      vertex -0.8358417087484075 -8.593204291163454 2
      vertex -0.4410979673266411 -6.385905392467976 14.186891083974288
      vertex -0.4650029242038727 -6.367714926600456 14.275829064054289
    endloop
  endfacet
  facet normal -0.07622539280368462 -0.9806917619046863 0.18009263622981952
    outer loop
      vertex -0.8358417087484075 -8.593204291163454 2
      vertex -0.4650029242038727 -6.367714926600456 14.275829064054289
      vertex -0.5877629220485687 -6.2588149309158325 14.816883388222935
    endloop
  endfacet
  facet normal -0.0762253928036955 -0.9806917619046854 0.1800926362298195
    outer loop
      vertex -0.5020084294089489 -8.619151865964298 2
      vertex -0.37445375264313285 -6.429122643640332 13.979759790127558
      vertex -0.4410979673266411 -6.385905392467976 14.186891083974288
    endloop
  endfacet
  facet normal -0.1141947548443379 -0.9769985672158558 0.1800926362298209
    outer loop
      vertex -1.1684178027600176 -8.554331720826994 2
      vertex -0.7693242356181145 -5.903844155371189 16.631897234103363
      vertex -0.7682199627161026 -5.802729606628418 17.181141631267188
    endloop
  endfacet
  facet normal -0.11419475484425626 -0.9769985672158655 0.1800926362298197
    outer loop
      vertex -1.1684178027600176 -8.554331720826994 2
      vertex -0.7682199627161026 -5.802729606628418 17.181141631267188
      vertex -0.5135481531437218 -3.7598376592963927 28.425269835354104
    endloop
  endfacet
  facet normal -0.6887685520558182 -0.7022567365819467 0.18009263622981958
    outer loop
      vertex -5.924844793196081 -6.279968592938245 2
      vertex -1.6098659863537121 -1.5789454293050658 36.834
      vertex -6.163897142178858 -6.045507701789219 2
    endloop
  endfacet
  facet normal -0.7411169589489177 -0.6467706668782235 0.18009263622981955
    outer loop
      vertex -6.613842966839098 -5.549673194139134 2
      vertex -6.393678404341722 -5.801953792784613 2
      vertex -1.7273813280465065 -1.449445035266344 36.834
    endloop
  endfacet
  facet normal -0.7656383765220868 -0.6175471793898967 0.18009263622981958
    outer loop
      vertex -6.613842966839098 -5.549673194139134 2
      vertex -1.7822850246033124 -1.3813751314602194 36.834
      vertex -6.824059681255221 -5.289045359837668 2
    endloop
  endfacet
  facet normal -0.7154808310696439 -0.6750213498458294 0.18009263622981958
    outer loop
      vertex -6.163897142178858 -6.045507701789219 2
      vertex -1.6698794858857073 -1.5153348360544123 36.834
      vertex -6.393678404341722 -5.801953792784613 2
    endloop
  endfacet
  facet normal -0.6322778100471045 -0.753519351641238 0.18009263622981955
    outer loop
      vertex -5.676880914834202 -6.504983814779609 2
      vertex -5.420378468320753 -6.720214923045114 2
      vertex -1.633543601443887 -1.871833291475628 35.580945710911195
    endloop
  endfacet
  facet normal -0.6610202997125147 -0.7284358624777965 0.18009263622981958
    outer loop
      vertex -5.676880914834202 -6.504983814779609 2
      vertex -1.6074650244500583 -1.7038133858604505 36.35626999159184
      vertex -5.924844793196081 -6.279968592938245 2
    endloop
  endfacet
  facet normal -0.15199235712603018 -0.971835873875351 0.1800926362298195
    outer loop
      vertex -1.1684178027600176 -8.554331720826994 2
      vertex -0.5135481531437218 -3.7598376592963927 28.425269835354104
      vertex -0.593509279191494 -3.700202137231827 28.679597056233522
    endloop
  endfacet
  facet normal -0.1895613484647111 -0.9652114470643387 0.18009263622981803
    outer loop
      vertex -1.8278001739640894 -8.438064818180191 2
      vertex -0.7338515892624855 -3.5908987522125244 29.129985122356153
      vertex -0.7403411045670509 -3.58562009036541 29.151445542109624
    endloop
  endfacet
  facet normal -0.15199235712589307 -0.9718358738753722 0.1800926362298217
    outer loop
      vertex -1.4992364854064701 -8.502592622993268 2
      vertex -0.593509279191494 -3.700202137231827 28.679597056233522
      vertex -0.596871592104435 -3.697638750076294 28.690592207244684
    endloop
  endfacet
  facet normal -0.151992357126029 -0.9718358738753511 0.18009263622981975
    outer loop
      vertex -1.4992364854064701 -8.502592622993268 2
      vertex -0.596871592104435 -3.697638750076294 28.690592207244684
      vertex -0.645334624132385 -3.6598745214118233 28.85347849903358
    endloop
  endfacet
  facet normal -0.18956134846469044 -0.9652114470643426 0.18009263622981941
    outer loop
      vertex -1.4992364854064701 -8.502592622993268 2
      vertex -0.645334624132385 -3.6598745214118233 28.85347849903358
      vertex -0.7338515892624855 -3.5908987522125244 29.129985122356153
    endloop
  endfacet
  facet normal -0.5405243163060662 -0.821827296856008 0.1800926362298205
    outer loop
      vertex -4.883313349551281 -7.120045089874623 2
      vertex -1.5888893529772758 -2.3662175461649895 33.58119975032744
      vertex -1.5967538199122426 -2.328124038210529 33.73142992976863
    endloop
  endfacet
  facet normal -0.7890082012478044 -0.5873948422820027 0.18009263622981828
    outer loop
      vertex -6.824059681255221 -5.289045359837668 2
      vertex -1.7822850246033124 -1.3813751314602194 36.834
      vertex -1.8003963287822942 -1.3570474280078118 36.834
    endloop
  endfacet
  facet normal -0.7890082012477985 -0.5873948422820104 0.18009263622981822
    outer loop
      vertex -6.824059681255221 -5.289045359837668 2
      vertex -1.8003963287822942 -1.3570474280078118 36.834
      vertex -1.7734384147883677 -1.301279530026376 37.134
    endloop
  endfacet
  facet normal -0.7890082012477979 -0.5873948422820107 0.1800926362298204
    outer loop
      vertex -6.824059681255221 -5.289045359837668 2
      vertex -1.7734384147883677 -1.301279530026376 37.134
      vertex -1.7898145545785291 -1.2792825568336583 37.134
    endloop
  endfacet
  facet normal -0.7656383765220863 -0.6175471793898974 0.18009263622981941
    outer loop
      vertex -6.613842966839098 -5.549673194139134 2
      vertex -1.7273813280465065 -1.449445035266344 36.834
      vertex -1.7822850246033124 -1.3813751314602194 36.834
    endloop
  endfacet
  facet normal -0.7411169589489175 -0.6467706668782238 0.18009263622981936
    outer loop
      vertex -6.393678404341722 -5.801953792784613 2
      vertex -1.6698794858857073 -1.5153348360544123 36.834
      vertex -1.7273813280465065 -1.449445035266344 36.834
    endloop
  endfacet
  facet normal -0.5719844748921866 -0.8002502126573321 0.1800926362298149
    outer loop
      vertex -5.155723257700852 -6.925338189702795 2
      vertex -1.6234493553638458 -2.198817551136017 34.22122292629925
      vertex -1.6256046134075848 -2.183565941747024 34.28214895718094
    endloop
  endfacet
  facet normal -0.6025843144942342 -0.7774694761219282 0.18009263622982602
    outer loop
      vertex -5.155723257700852 -6.925338189702795 2
      vertex -1.6256046134075848 -2.183565941747024 34.28214895718094
      vertex -1.6269846633076668 -2.173800066113472 34.31969115730206
    endloop
  endfacet
  facet normal -0.6025843144943436 -0.7774694761218449 0.18009263622982
    outer loop
      vertex -5.155723257700852 -6.925338189702795 2
      vertex -1.6269846633076668 -2.173800066113472 34.31969115730206
      vertex -1.6380390782407515 -2.0308498239487065 34.89982721966396
    endloop
  endfacet
  facet normal -0.5719844748921677 -0.8002502126573442 0.18009263622982008
    outer loop
      vertex -4.883313349551281 -7.120045089874623 2
      vertex -1.5967538199122426 -2.328124038210529 33.73142992976863
      vertex -1.6234493553638458 -2.198817551136017 34.22122292629925
    endloop
  endfacet
  facet normal -0.6322778100471554 -0.7535193516411957 0.1800926362298175
    outer loop
      vertex -5.420378468320753 -6.720214923045114 2
      vertex -1.6380390782407515 -2.0308498239487065 34.89982721966396
      vertex -1.6401246637105942 -2.003880061209202 35.005348295470746
    endloop
  endfacet
  facet normal -0.632277810047035 -0.7535193516412959 0.18009263622982125
    outer loop
      vertex -5.420378468320753 -6.720214923045114 2
      vertex -1.6401246637105942 -2.003880061209202 35.005348295470746
      vertex -1.6402966231107712 -1.9754533991217613 35.12368358290192
    endloop
  endfacet
  facet normal -0.6322778100471014 -0.7535193516412405 0.18009263622981941
    outer loop
      vertex -5.420378468320753 -6.720214923045114 2
      vertex -1.6402966231107712 -1.9754533991217613 35.12368358290192
      vertex -1.633543601443887 -1.871833291475628 35.580945710911195
    endloop
  endfacet
  facet normal -0.6610202997125192 -0.7284358624777925 0.18009263622981878
    outer loop
      vertex -5.676880914834202 -6.504983814779609 2
      vertex -1.633543601443887 -1.871833291475628 35.580945710911195
      vertex -1.629316620528698 -1.8069734051823616 35.85880486412958
    endloop
  endfacet
  facet normal -0.6610202997125406 -0.7284358624777736 0.18009263622981744
    outer loop
      vertex -5.676880914834202 -6.504983814779609 2
      vertex -1.629316620528698 -1.8069734051823616 35.85880486412958
      vertex -1.6241700872778893 -1.7731084674596786 36.01467130407601
    endloop
  endfacet
  facet normal -0.6610202997125294 -0.7284358624777826 0.18009263622982058
    outer loop
      vertex -5.676880914834202 -6.504983814779609 2
      vertex -1.6241700872778893 -1.7731084674596786 36.01467130407601
      vertex -1.6074650244500583 -1.7038133858604505 36.35626999159184
    endloop
  endfacet
  facet normal -0.7154808310696362 -0.6750213498458373 0.1800926362298196
    outer loop
      vertex -6.163897142178858 -6.045507701789219 2
      vertex -1.6098659863537121 -1.5789454293050658 36.834
      vertex -1.6698794858857073 -1.5153348360544123 36.834
    endloop
  endfacet
  facet normal -0.688768552055818 -0.7022567365819468 0.1800926362298197
    outer loop
      vertex -5.924844793196081 -6.279968592938245 2
      vertex -1.6074650244500583 -1.7038133858604505 36.35626999159184
      vertex -1.585290089249611 -1.6118284612894058 36.79976636449194
    endloop
  endfacet
  facet normal -0.6887685520558118 -0.7022567365819532 0.180092636229818
    outer loop
      vertex -5.924844793196081 -6.279968592938245 2
      vertex -1.585290089249611 -1.6118284612894058 36.79976636449194
      vertex -1.6098659863537121 -1.5789454293050658 36.834
    endloop
  endfacet
  facet normal -0.9032029560920729 -0.3896037249338548 0.18009263622981975
    outer loop
      vertex -7.859854070431205 -3.5727419922630124 2
      vertex -2.002798470125523 -0.9103835939113066 37.134
      vertex -2.0365927323915587 -0.8320396879776136 37.134
    endloop
  endfacet
  facet normal -0.9306783074136039 -0.31844078018611727 0.18009263622981983
    outer loop
      vertex -8.11307945224557 -2.9529194288541323 2
      vertex -2.067323765728999 -0.7524443153164713 37.134
      vertex -2.0949453477445137 -0.6717171949292486 37.134
    endloop
  endfacet
  facet normal -0.9176307336481144 -0.3542886944854676 0.1800926362298196
    outer loop
      vertex -7.992477484015239 -3.2652863609893257 2
      vertex -2.0365927323915587 -0.8320396879776136 37.134
      vertex -2.067323765728999 -0.7524443153164713 37.134
    endloop
  endfacet
  facet normal -0.9613541117896566 -0.208242440729344 0.18009263622981994
    outer loop
      vertex -8.401034733050977 -1.9910818079186412 2
      vertex -2.1406987152756125 -0.5073549156333688 37.134
      vertex -2.1587616833802463 -0.42396697320579746 37.134
    endloop
  endfacet
  facet normal -0.9687058057880445 -0.17080896992936073 0.18009263622981947
    outer loop
      vertex -8.47192169222285 -1.6638311791156584 2
      vertex -2.1587616833802463 -0.42396697320579746 37.134
      vertex -2.17357766884898 -0.33994134417724897 37.134
    endloop
  endfacet
  facet normal -0.9423260525981696 -0.2821139007042116 0.18009263622981952
    outer loop
      vertex -8.221478578305812 -2.636111025395578 2
      vertex -2.0949453477445137 -0.6717171949292486 37.134
      vertex -2.1194159329549374 -0.5899797480734018 37.134
    endloop
  endfacet
  facet normal -0.9525564498866324 -0.24536269511718692 0.1800926362298194
    outer loop
      vertex -8.317511819613372 -2.3153376605465836 2
      vertex -2.1194159329549374 -0.5899797480734018 37.134
      vertex -2.1406987152756125 -0.5073549156333688 37.134
    endloop
  endfacet
  facet normal -0.9746004742356683 -0.1331185862132122 0.18009263622981955
    outer loop
      vertex -8.530066076408731 -1.3340779901693995 2
      vertex -2.17357766884898 -0.33994134417724897 37.134
      vertex -2.1851243870322747 -0.25540441107550615 37.134
    endloop
  endfacet
  facet normal -0.9790292509912433 -0.09522797949825011 0.18009263622981958
    outer loop
      vertex -8.575380430931583 -1.0023182211998036 2
      vertex -2.1851243870322747 -0.25540441107550615 37.134
      vertex -2.1933844705691428 -0.17048332547824854 37.134
    endloop
  endfacet
  facet normal -0.9819854747538308 -0.05719414085627593 0.18009263622981941
    outer loop
      vertex -8.60779659869772 -0.6690508704137761 2
      vertex -2.1933844705691428 -0.17048332547824854 37.134
      vertex -2.1983454955093062 -0.08530581676499702 37.134
    endloop
  endfacet
  facet normal -0.9834646990820766 -0.01907427679348528 0.18009263622981952
    outer loop
      vertex -8.627265822711562 -0.3347772035644696 2
      vertex -2.1983454955093062 -0.08530581676499702 37.134
      vertex -2.2 0 37.134
    endloop
  endfacet
  facet normal -0.8321542553861927 -0.5244863559888332 0.18009263622981914
    outer loop
      vertex -7.213400260296652 -4.7443279857642295 2
      vertex -1.83807318510846 -1.2089197517557737 37.134
      vertex -1.8835671789665864 -1.1367386165340985 37.134
    endloop
  endfacet
  facet normal -0.8702956359177489 -0.45842354703736016 0.1800926362298196
    outer loop
      vertex -7.559358601412134 -4.171077664945819 2
      vertex -1.9262281088646 -1.0628477184526046 37.134
      vertex -1.9659918087115071 -0.9873581964410165 37.134
    endloop
  endfacet
  facet normal -0.851865589034943 -0.4918248271426965 0.1800926362298202
    outer loop
      vertex -7.391938519707024 -4.461057752666402 2
      vertex -1.8835671789665864 -1.1367386165340985 37.134
      vertex -1.9262281088646 -1.0628477184526046 37.134
    endloop
  endfacet
  facet normal -0.8111912826897353 -0.5563590075337826 0.18009263622981941
    outer loop
      vertex -7.024012361682798 -5.020462298900443 2
      vertex -1.7898145545785291 -1.2792825568336583 37.134
      vertex -1.83807318510846 -1.2089197517557737 37.134
    endloop
  endfacet
  facet normal -0.8874166754934184 -0.4243327543709098 0.18009263622981986
    outer loop
      vertex -7.715408689705605 -3.874823880200068 2
      vertex -1.9659918087115071 -0.9873581964410165 37.134
      vertex -2.002798470125523 -0.9103835939113066 37.134
    endloop
  endfacet
  facet normal -0.3003338120771783 -0.936678303207128 0.18009263622981855
    outer loop
      vertex -2.476189939854897 -8.271050400856888 2
      vertex -1.0061800926923752 -3.345506653189659 30.069685285053893
      vertex -1.0157389789819717 -3.335668310523033 30.104914406519374
    endloop
  endfacet
  facet normal -0.30033381207719656 -0.9366783032071236 0.1800926362298106
    outer loop
      vertex -2.476189939854897 -8.271050400856888 2
      vertex -1.002606937405929 -3.3489403934898245 30.057784905701592
      vertex -1.0061800926923752 -3.345506653189659 30.069685285053893
    endloop
  endfacet
  facet normal -0.30033381207713505 -0.9366783032071416 0.1800926362298199
    outer loop
      vertex -2.476189939854897 -8.271050400856888 2
      vertex -1.0157389789819717 -3.335668310523033 30.104914406519374
      vertex -1.106931637897535 -3.2351298177919583 30.47574570362783
    endloop
  endfacet
  facet normal -0.22684522152856976 -0.9571352505500191 0.18009263622982002
    outer loop
      vertex -2.153614677434513 -8.360845362335803 2
      vertex -0.8724611103534698 -3.4734800904989243 29.58854139036134
      vertex -0.8816200941801071 -3.465206652879715 29.62097540429841
    endloop
  endfacet
  facet normal -0.22684522152849823 -0.9571352505500368 0.18009263622981606
    outer loop
      vertex -2.153614677434513 -8.360845362335803 2
      vertex -0.8816200941801071 -3.465206652879715 29.62097540429841
      vertex -0.8904050260501204 -3.4567644856135185 29.654777319761415
    endloop
  endfacet
  facet normal -0.26378789783081774 -0.9476194316991352 0.18009263622981947
    outer loop
      vertex -2.153614677434513 -8.360845362335803 2
      vertex -0.8904050260501204 -3.4567644856135185 29.654777319761415
      vertex -1.002606937405929 -3.3489403934898245 30.057784905701592
    endloop
  endfacet
  facet normal -0.37201615974134133 -0.910588062335049 0.18009263622981894
    outer loop
      vertex -3.4196571732307306 -7.927656410902599 2
      vertex -1.256084032356739 -3.049238331615925 31.13563567679378
      vertex -1.2921071574349385 -2.995441084094041 31.33323368785863
    endloop
  endfacet
  facet normal -0.4070447760990733 -0.8954781921555932 0.1800926362298191
    outer loop
      vertex -3.4196571732307306 -7.927656410902599 2
      vertex -1.2921071574349385 -2.995441084094041 31.33323368785863
      vertex -1.3516640290617943 -2.906498335301876 31.640875241545146
    endloop
  endfacet
  facet normal -0.4070447760990913 -0.8954781921555847 0.1800926362298205
    outer loop
      vertex -3.7244832491464392 -7.789095960288399 2
      vertex -1.3516640290617943 -2.906498335301876 31.640875241545146
      vertex -1.3600240647792816 -2.8928641006350517 31.68977369252251
    endloop
  endfacet
  facet normal -0.40704477609908807 -0.8954781921555862 0.1800926362298202
    outer loop
      vertex -3.7244832491464392 -7.789095960288399 2
      vertex -1.3600240647792816 -2.8928641006350517 31.68977369252251
      vertex -1.3725573466358458 -2.870460187032803 31.772845435242566
    endloop
  endfacet
  facet normal -0.44146115844775374 -0.8790214377122785 0.18009263622981964
    outer loop
      vertex -3.7244832491464392 -7.789095960288399 2
      vertex -1.3725573466358458 -2.870460187032803 31.772845435242566
      vertex -1.4439040645956993 -2.742924101650715 32.22044923547729
    endloop
  endfacet
  facet normal -0.44146115844818706 -0.8790214377120674 0.18009263622978736
    outer loop
      vertex -4.023707348461036 -7.6388199694517045 2
      vertex -1.4439040645956993 -2.742924101650715 32.22044923547729
      vertex -1.4443508814341801 -2.7420325089533346 32.22370576404977
    endloop
  endfacet
  facet normal -0.4752135412790288 -0.8612425515270578 0.1800926362298246
    outer loop
      vertex -4.023707348461036 -7.6388199694517045 2
      vertex -1.4443508814341801 -2.7420325089533346 32.22370576404977
      vertex -1.4520530477166176 -2.7266633585095406 32.276880579127706
    endloop
  endfacet
  facet normal -0.47521354127906823 -0.8612425515270371 0.18009263622981928
    outer loop
      vertex -4.023707348461036 -7.6388199694517045 2
      vertex -1.4520530477166176 -2.7266633585095406 32.276880579127706
      vertex -1.5052688448141234 -2.607202118268573 32.7077490343154
    endloop
  endfacet
  facet normal -0.5082511578030228 -0.8421682747335474 0.18009263622982205
    outer loop
      vertex -4.3168794097053915 -7.4770544677576805 2
      vertex -1.5052688448141234 -2.607202118268573 32.7077490343154
      vertex -1.5218930467963219 -2.569883354008198 32.83534675229216
    endloop
  endfacet
  facet normal -0.5082511578029552 -0.8421682747335887 0.18009263622982025
    outer loop
      vertex -4.3168794097053915 -7.4770544677576805 2
      vertex -1.5218930467963219 -2.569883354008198 32.83534675229216
      vertex -1.529083177447319 -2.551304280757904 32.90193644795257
    endloop
  endfacet
  facet normal -0.5082511578030245 -0.8421682747335468 0.18009263622982
    outer loop
      vertex -4.3168794097053915 -7.4770544677576805 2
      vertex -1.529083177447319 -2.551304280757904 32.90193644795257
      vertex -1.5562519689744796 -2.469161845008689 33.20938479679501
    endloop
  endfacet
  facet normal -0.54052431630605 -0.8218272968560189 0.1800926362298196
    outer loop
      vertex -4.603558474250526 -7.304042765887235 2
      vertex -1.5562519689744796 -2.469161845008689 33.20938479679501
      vertex -1.5829031765460968 -2.388584278523922 33.49709904755377
    endloop
  endfacet
  facet normal -0.5405243163061331 -0.8218272968559645 0.18009263622981936
    outer loop
      vertex -4.603558474250526 -7.304042765887235 2
      vertex -1.5829031765460968 -2.388584278523922 33.49709904755377
      vertex -1.5888893529772758 -2.3662175461649895 33.58119975032744
    endloop
  endfacet
  facet normal -0.37201615974132507 -0.9105880623350557 0.1800926362298175
    outer loop
      vertex -3.1096876080879787 -8.054292913214514 2
      vertex -1.2472288981080055 -3.0614412426948547 31.092227060646778
      vertex -1.256084032356739 -3.049238331615925 31.13563567679378
    endloop
  endfacet
  facet normal -0.3720161597413098 -0.9105880623350617 0.18009263622981986
    outer loop
      vertex -3.1096876080879787 -8.054292913214514 2
      vertex -1.203503509644687 -3.117152270713154 30.900863067781586
      vertex -1.2472288981080055 -3.0614412426948547 31.092227060646778
    endloop
  endfacet
  facet normal -0.33642799574094334 -0.9243283215706019 0.18009263622981952
    outer loop
      vertex -2.795040777388648 -8.168814993895266 2
      vertex -1.1408488973975182 -3.196981243789196 30.60818361026852
      vertex -1.203503509644687 -3.117152270713154 30.900863067781586
    endloop
  endfacet
  facet normal -0.33642799574094384 -0.9243283215706014 0.1800926362298203
    outer loop
      vertex -2.795040777388648 -8.168814993895266 2
      vertex -1.106931637897535 -3.2351298177919583 30.47574570362783
      vertex -1.1316589787602425 -3.207868307828903 30.569473111780415
    endloop
  endfacet
  facet normal -0.3364279957409568 -0.9243283215705965 0.18009263622982108
    outer loop
      vertex -2.795040777388648 -8.168814993895266 2
      vertex -1.1316589787602425 -3.207868307828903 30.569473111780415
      vertex -1.1408488973975182 -3.196981243789196 30.60818361026852
    endloop
  endfacet
  facet normal -0.2268452215285266 -0.9571352505500295 0.18009263622981955
    outer loop
      vertex -1.8278001739640894 -8.438064818180191 2
      vertex -0.7710485692095312 -3.559556398796439 29.258812647474716
      vertex -0.8724611103534698 -3.4734800904989243 29.58854139036134
    endloop
  endfacet
  facet normal -0.1895613484646891 -0.9652114470643427 0.1800926362298199
    outer loop
      vertex -1.8278001739640894 -8.438064818180191 2
      vertex -0.7403411045670509 -3.58562009036541 29.151445542109624
      vertex -0.7710485692095312 -3.559556398796439 29.258812647474716
    endloop
  endfacet
  facet normal -0.11419475484428492 -0.9769985672158621 0.18009263622981966
    outer loop
      vertex -0.5135481531437218 -3.7598376592963927 28.425269835354104
      vertex -0.7682199627161026 -5.802729606628418 17.181141631267188
      vertex -0.7340199574828148 -5.677449606359005 17.88246870727339
    endloop
  endfacet
  facet normal -0.11419475484429036 -0.9769985672158615 0.18009263622981975
    outer loop
      vertex -0.5135481531437218 -3.7598376592963927 28.425269835354104
      vertex -0.7340199574828148 -5.677449606359005 17.88246870727339
      vertex -0.6934924423694611 -5.600619241595268 18.324969786795403
    endloop
  endfacet
  facet normal -0.1141947548442558 -0.9769985672158656 0.18009263622981966
    outer loop
      vertex -0.5135481531437218 -3.7598376592963927 28.425269835354104
      vertex -0.6934924423694611 -5.600619241595268 18.324969786795403
      vertex -0.5998924449086189 -5.490459240972996 18.98193607932576
    endloop
  endfacet
  facet normal -0.11419475484428045 -0.9769985672158626 0.18009263622981952
    outer loop
      vertex -0.37569419300029294 -3.862474099658836 27.955881093176558
      vertex -0.5639174655079842 -5.457349069416523 19.18436936525759
      vertex -0.5283466496757362 -5.431878607749629 19.345101118395558
    endloop
  endfacet
  facet normal -0.11419475484427061 -0.9769985672158639 0.1800926362298195
    outer loop
      vertex -0.5135481531437218 -3.7598376592963927 28.425269835354104
      vertex -0.5998924449086189 -5.490459240972996 18.98193607932576
      vertex -0.5639174655079842 -5.457349069416523 19.18436936525759
    endloop
  endfacet
  facet normal -0.07622539280369092 -0.9806917619046858 0.18009263622981966
    outer loop
      vertex -0.5283466496757362 -5.431878607749629 19.345101118395558
      vertex -0.43269746750593185 -5.363389067351818 19.758544033585043
      vertex -0.37569419300029294 -3.862474099658836 27.955881093176558
    endloop
  endfacet
  facet normal -0.07622539280366805 -0.9806917619046875 0.18009263622981983
    outer loop
      vertex -0.41759930551052094 -5.353575102984905 19.818376226397305
      vertex -0.37569419300029294 -3.862474099658836 27.955881093176558
      vertex -0.43269746750593185 -5.363389067351818 19.758544033585043
    endloop
  endfacet
  facet normal -0.07622539280368015 -0.9806917619046865 0.1800926362298196
    outer loop
      vertex -0.3080605802778075 -5.289195897482626 20.215315214734993
      vertex -0.3155597150325775 -3.9071874916553497 27.737847297927132
      vertex -0.41759930551052094 -5.353575102984905 19.818376226397305
    endloop
  endfacet
  facet normal -0.03814138053157073 -0.9829099030261826 0.18009263622981955
    outer loop
      vertex -0.3080605802778075 -5.289195897482626 20.215315214734993
      vertex -0.27217692136764526 -5.2681059911847115 20.338019454653345
      vertex -0.23135515332901552 -3.9722145778787468 27.419383405294422
    endloop
  endfacet
  facet normal -0.03814138053155636 -0.9829099030261832 0.1800926362298196
    outer loop
      vertex -0.23135515332901552 -3.9722145778787468 27.419383405294422
      vertex -0.27217692136764526 -5.2681059911847115 20.338019454653345
      vertex -0.13384021818637848 -5.184018984436989 20.82624765946167
    endloop
  endfacet
  facet normal -0.03814138053154212 -0.9829099030261836 0.18009263622981972
    outer loop
      vertex -0.10006503569853355 -5.1593269452549935 20.96816507741245
      vertex -0.18295034021139145 -4.009595260024071 27.225618590716977
      vertex -0.13384021818637848 -5.184018984436989 20.82624765946167
    endloop
  endfacet
  facet normal -5.787688266781703e-15 -0.9836496542854035 0.1800926362298196
    outer loop
      vertex -0.10006503569853355 -5.1593269452549935 20.96816507741245
      vertex -0.01346614956855774 -5.096017055213451 21.313957957987203
      vertex -0.07946143969312242 -4.097010949484819 26.770438750877425
    endloop
  endfacet
  facet normal -0.11419475484297828 -0.9769985672160139 0.18009263622982527
    outer loop
      vertex -0.5639174655079842 -5.457349069416523 19.18436936525759
      vertex -0.45377714186906815 -3.804415002465248 28.221338874067655
      vertex -0.4540092796087265 -3.8042421340942383 28.22212948517483
    endloop
  endfacet
  facet normal -0.11419475484428378 -0.9769985672158622 0.18009263622981928
    outer loop
      vertex -0.5639174655079842 -5.457349069416523 19.18436936525759
      vertex -0.4540092796087265 -3.8042421340942383 28.22212948517483
      vertex -0.5135481531437218 -3.7598376592963927 28.425269835354104
    endloop
  endfacet
  facet normal -0.11419475484425846 -0.9769985672158652 0.18009263622981955
    outer loop
      vertex -0.45377714186906815 -3.804415002465248 28.221338874067655
      vertex -0.5639174655079842 -5.457349069416523 19.18436936525759
      vertex -0.37569419300029294 -3.862474099658836 27.955881093176558
    endloop
  endfacet
  facet normal -0.07622539280369187 -0.9806917619046857 0.1800926362298196
    outer loop
      vertex -0.41759930551052094 -5.353575102984905 19.818376226397305
      vertex -0.3155597150325775 -3.9071874916553497 27.737847297927132
      vertex -0.37569419300029294 -3.862474099658836 27.955881093176558
    endloop
  endfacet
  facet normal -2.0613401279866843e-14 -0.9836496542854035 0.18009263622981941
    outer loop
      vertex -0.07946143969312242 -4.097010949484819 26.770438750877425
      vertex -0.01346614956855774 -5.096017055213451 21.313957957987203
      vertex -0.06065530329942703 -4.112896241247654 26.683674727217984
    endloop
  endfacet
  facet normal -0.0762253928036853 -0.9806917619046862 0.18009263622981952
    outer loop
      vertex -0.3080605802778075 -5.289195897482626 20.215315214734993
      vertex -0.23135515332901552 -3.9722145778787468 27.419383405294422
      vertex -0.3155597150325775 -3.9071874916553497 27.737847297927132
    endloop
  endfacet
  facet normal -0.03814138053156705 -0.9829099030261829 0.1800926362298194
    outer loop
      vertex -0.23135515332901552 -3.9722145778787468 27.419383405294422
      vertex -0.13384021818637848 -5.184018984436989 20.82624765946167
      vertex -0.18295034021139145 -4.009595260024071 27.225618590716977
    endloop
  endfacet
  facet normal -0.038141380531548766 -0.9829099030261834 0.1800926362298196
    outer loop
      vertex -0.07946143969312242 -4.097010949484819 26.770438750877425
      vertex -0.18295034021139145 -4.009595260024071 27.225618590716977
      vertex -0.10006503569853355 -5.1593269452549935 20.96816507741245
    endloop
  endfacet
  facet normal -0.6887685520558102 -0.7022567365819551 0.18009263622981725
    outer loop
      vertex -1.6098659863537121 -1.5789454293050658 36.834
      vertex -1.585290089249611 -1.6118284612894058 36.79976636449194
      vertex -1.5829659152563127 -1.605328833058704 36.834
    endloop
  endfacet
  facet normal 0 0 1
    outer loop
      vertex -1.9659918087115071 -0.9873581964410165 37.134
      vertex -2.002798470125523 0.9103835939113066 37.134
      vertex -2.002798470125523 -0.9103835939113066 37.134
    endloop
  endfacet
  facet normal 0 0 1
    outer loop
      vertex -1.9659918087115071 -0.9873581964410165 37.134
      vertex -1.9262281088646 -1.0628477184526046 37.134
      vertex -1.9659918087115071 0.9873581964410165 37.134
    endloop
  endfacet
  facet normal 0 0 1
    outer loop
      vertex -2.1194159329549374 -0.5899797480734018 37.134
      vertex -2.1406987152756125 0.5073549156333688 37.134
      vertex -2.1406987152756125 -0.5073549156333688 37.134
    endloop
  endfacet
  facet normal 0 0 1
    outer loop
      vertex -2.1406987152756125 -0.5073549156333688 37.134
      vertex -2.1587616833802463 0.42396697320579746 37.134
      vertex -2.1587616833802463 -0.42396697320579746 37.134
    endloop
  endfacet
  facet normal 0 0 1
    outer loop
      vertex -2.1933844705691428 -0.17048332547824854 37.134
      vertex -2.1983454955093062 0.08530581676499702 37.134
      vertex -2.1983454955093062 -0.08530581676499702 37.134
    endloop
  endfacet
  facet normal 0 0 1
    outer loop
      vertex -2.1587616833802463 -0.42396697320579746 37.134
      vertex -2.17357766884898 0.33994134417724897 37.134
      vertex -2.17357766884898 -0.33994134417724897 37.134
    endloop
  endfacet
  facet normal 0 0 1
    outer loop
      vertex -2.17357766884898 -0.33994134417724897 37.134
      vertex -2.1851243870322747 0.25540441107550615 37.134
      vertex -2.1851243870322747 -0.25540441107550615 37.134
    endloop
  endfacet
  facet normal 0 0 1
    outer loop
      vertex -2.1851243870322747 -0.25540441107550615 37.134
      vertex -2.1933844705691428 0.17048332547824854 37.134
      vertex -2.1933844705691428 -0.17048332547824854 37.134
    endloop
  endfacet
  facet normal 0 0 1
    outer loop
      vertex -2.067323765728999 -0.7524443153164713 37.134
      vertex -2.0949453477445137 0.6717171949292486 37.134
      vertex -2.0949453477445137 -0.6717171949292486 37.134
    endloop
  endfacet
  facet normal 0 0 1
    outer loop
      vertex -2.0365927323915587 -0.8320396879776136 37.134
      vertex -2.067323765728999 0.7524443153164713 37.134
      vertex -2.067323765728999 -0.7524443153164713 37.134
    endloop
  endfacet
  facet normal 0 0 1
    outer loop
      vertex -2.0949453477445137 -0.6717171949292486 37.134
      vertex -2.1194159329549374 0.5899797480734018 37.134
      vertex -2.1194159329549374 -0.5899797480734018 37.134
    endloop
  endfacet
  facet normal 0 0 1
    outer loop
      vertex -2.0365927323915587 -0.8320396879776136 37.134
      vertex -2.002798470125523 -0.9103835939113066 37.134
      vertex -2.0365927323915587 0.8320396879776136 37.134
    endloop
  endfacet
  facet normal 0 0 1
    outer loop
      vertex -1.7898145545785291 -1.2792825568336583 37.134
      vertex -1.7734384147883677 -1.301279530026376 37.134
      vertex -1.7702836319804192 -1.294753223657608 37.134
    endloop
  endfacet
  facet normal 0 0 1
    outer loop
      vertex -1.7898145545785291 -1.2792825568336583 37.134
      vertex -1.7702836319804192 -1.294753223657608 37.134
      vertex -1.7535869926214218 -1.2647319212555885 37.134
    endloop
  endfacet
  facet normal 0 0 1
    outer loop
      vertex -1.5516017228364944 -1.0135084986686707 37.134
      vertex -1.4293817207217216 -0.9040684998035431 37.134
      vertex -1.513086348772049 -0.18751060217618942 37.134
    endloop
  endfacet
  facet normal 0 0 1
    outer loop
      vertex -1.4246780648827553 -0.6177577376365662 37.134
      vertex -1.4271862655878067 -0.9021156132221222 37.134
      vertex -1.4262424558401108 -0.9012811481952667 37.134
    endloop
  endfacet
  facet normal 0 0 1
    outer loop
      vertex -1.4246780648827553 -0.6177577376365662 37.134
      vertex -1.428441971540451 -0.9032305553555489 37.134
      vertex -1.4271862655878067 -0.9021156132221222 37.134
    endloop
  endfacet
  facet normal 0 0 1
    outer loop
      vertex -1.4246780648827553 -0.6177577376365662 37.134
      vertex -1.4293817207217216 -0.9040684998035431 37.134
      vertex -1.428441971540451 -0.9032305553555489 37.134
    endloop
  endfacet
  facet normal 0 0 1
    outer loop
      vertex -1.3529080972075462 -0.8367162123322487 37.134
      vertex -1.4246780648827553 -0.6177577376365662 37.134
      vertex -1.4262424558401108 -0.9012811481952667 37.134
    endloop
  endfacet
  facet normal 0 0 1
    outer loop
      vertex -1.3529080972075462 -0.8367162123322487 37.134
      vertex -1.37370315939188 -0.7655013725161552 37.134
      vertex -1.4246780648827553 -0.6177577376365662 37.134
    endloop
  endfacet
  facet normal 0 0 1
    outer loop
      vertex -1.4293817207217216 -0.9040684998035431 37.134
      vertex -1.4321705624461174 -0.5938876569271088 37.134
      vertex -1.435119777917862 -0.5835776403546333 37.134
    endloop
  endfacet
  facet normal 0 0 1
    outer loop
      vertex -1.4293817207217216 -0.9040684998035431 37.134
      vertex -1.4279938787221909 -0.6075596958398819 37.134
      vertex -1.4321705624461174 -0.5938876569271088 37.134
    endloop
  endfacet
  facet normal 0 0 1
    outer loop
      vertex -1.4293817207217216 -0.9040684998035431 37.134
      vertex -1.4246780648827553 -0.6177577376365662 37.134
      vertex -1.4279938787221909 -0.6075596958398819 37.134
    endloop
  endfacet
  facet normal 0 0 1
    outer loop
      vertex -1.9262281088646 -1.0628477184526046 37.134
      vertex -1.8835671789665864 -1.1367386165340985 37.134
      vertex -1.9262281088646 1.0628477184526046 37.134
    endloop
  endfacet
  facet normal 0 0 1
    outer loop
      vertex -1.7898145545785291 -1.2792825568336583 37.134
      vertex -1.83807318510846 1.2089197517557737 37.134
      vertex -1.83807318510846 -1.2089197517557737 37.134
    endloop
  endfacet
  facet normal 0 0 1
    outer loop
      vertex -1.83807318510846 -1.2089197517557737 37.134
      vertex -1.8835671789665864 1.1367386165340985 37.134
      vertex -1.8835671789665864 -1.1367386165340985 37.134
    endloop
  endfacet
  facet normal 0 0 1
    outer loop
      vertex -1.7898145545785291 -1.2792825568336583 37.134
      vertex -1.7535869926214218 -1.2647319212555885 37.134
      vertex -1.7898145545785291 1.2792825568336583 37.134
    endloop
  endfacet
  facet normal 0 0 1
    outer loop
      vertex -1.7898145545785291 1.2792825568336583 37.134
      vertex -1.7535869926214218 -1.2647319212555885 37.134
      vertex -1.7291097790002823 -1.2261072099208832 37.134
    endloop
  endfacet
  facet normal 0 0 1
    outer loop
      vertex -1.7388638729412709 1.3477211994250462 37.134
      vertex -1.7291097790002823 -1.2261072099208832 37.134
      vertex -1.7090905979275703 -1.198191449046135 37.134
    endloop
  endfacet
  facet normal 0 0 1
    outer loop
      vertex -1.7388638729412709 1.3477211994250462 37.134
      vertex -1.7090905979275703 -1.198191449046135 37.134
      vertex -1.607030600309372 -1.0718314498662949 37.134
    endloop
  endfacet
  facet normal 0 0 1
    outer loop
      vertex -1.4293817207217216 -0.9040684998035431 37.134
      vertex -1.478679783642292 -0.4203176349401474 37.134
      vertex -1.4831693172454834 -0.4009310156106949 37.134
    endloop
  endfacet
  facet normal 0 0 1
    outer loop
      vertex -1.4293817207217216 -0.9040684998035431 37.134
      vertex -1.4831693172454834 -0.4009310156106949 37.134
      vertex -1.4882919415831566 -0.37491220235824585 37.134
    endloop
  endfacet
  facet normal 0 0 1
    outer loop
      vertex -1.4293817207217216 -0.9040684998035431 37.134
      vertex -1.4882919415831566 -0.37491220235824585 37.134
      vertex -1.4914863482117653 -0.3552706018090248 37.134
    endloop
  endfacet
  facet normal 0 0 1
    outer loop
      vertex -1.5516017228364944 -1.0135084986686707 37.134
      vertex -1.513086348772049 -0.18751060217618942 37.134
      vertex -1.5150529220700264 -0.16633302718400955 37.134
    endloop
  endfacet
  facet normal 0 0 1
    outer loop
      vertex -1.5516017228364944 -1.0135084986686707 37.134
      vertex -1.5150529220700264 -0.16633302718400955 37.134
      vertex -1.5166714265942574 -0.13803880661725998 37.134
    endloop
  endfacet
  facet normal 0 0 1
    outer loop
      vertex -1.4293817207217216 -0.9040684998035431 37.134
      vertex -1.4914863482117653 -0.3552706018090248 37.134
      vertex -1.513086348772049 -0.18751060217618942 37.134
    endloop
  endfacet
  facet normal 0 0 1
    outer loop
      vertex -1.4293817207217216 -0.9040684998035431 37.134
      vertex -1.435119777917862 -0.5835776403546333 37.134
      vertex -1.478679783642292 -0.4203176349401474 37.134
    endloop
  endfacet
  facet normal 0 0 1
    outer loop
      vertex -1.62919682883981 1.4784172932221495 37.134
      vertex -1.607030600309372 -1.0718314498662949 37.134
      vertex -1.5911069586873055 -1.053664468228817 37.134
    endloop
  endfacet
  facet normal 0 0 1
    outer loop
      vertex -1.62919682883981 1.4784172932221495 37.134
      vertex -1.5911069586873055 -1.053664468228817 37.134
      vertex -1.5689354091882706 -1.0303352922201157 37.134
    endloop
  endfacet
  facet normal 0 0 1
    outer loop
      vertex -1.5706454160273777 1.5404781650877712 37.134
      vertex -1.5689354091882706 -1.0303352922201157 37.134
      vertex -1.5516017228364944 -1.0135084986686707 37.134
    endloop
  endfacet
  facet normal -0.9834646990820765 0.01907427679349214 0.18009263622981958
    outer loop
      vertex -8.633758819410783 0 2
      vertex -2.1983454955093062 0.08530581676499702 37.134
      vertex -8.627265822711562 0.3347772035644696 2
    endloop
  endfacet
  facet normal -0.9819854747538309 0.05719414085627355 0.18009263622981955
    outer loop
      vertex -8.627265822711562 0.3347772035644696 2
      vertex -2.1933844705691428 0.17048332547824854 37.134
      vertex -8.60779659869772 0.6690508704137761 2
    endloop
  endfacet
  facet normal -0.979029250991243 0.09522797949825285 0.18009263622981958
    outer loop
      vertex -8.60779659869772 0.6690508704137761 2
      vertex -2.1851243870322747 0.25540441107550615 37.134
      vertex -8.575380430931581 1.0023182211998036 2
    endloop
  endfacet
  facet normal -0.9746004742356691 0.133118586213206 0.18009263622981958
    outer loop
      vertex -8.575380430931581 1.0023182211998036 2
      vertex -2.17357766884898 0.33994134417724897 37.134
      vertex -8.530066076408731 1.3340779901693995 2
    endloop
  endfacet
  facet normal -0.9687058057880428 0.17080896992937136 0.18009263622981955
    outer loop
      vertex -8.530066076408731 1.3340779901693995 2
      vertex -2.1587616833802463 0.42396697320579746 37.134
      vertex -8.471921692222848 1.6638311791156584 2
    endloop
  endfacet
  facet normal -0.9613541117896571 0.208242440729342 0.18009263622981955
    outer loop
      vertex -8.471921692222848 1.6638311791156584 2
      vertex -2.1406987152756125 0.5073549156333688 37.134
      vertex -8.401034733050976 1.9910818079186412 2
    endloop
  endfacet
  facet normal -0.9525564498866335 0.24536269511718253 0.18009263622981958
    outer loop
      vertex -8.401034733050976 1.9910818079186412 2
      vertex -2.1194159329549374 0.5899797480734018 37.134
      vertex -8.317511819613372 2.3153376605465836 2
    endloop
  endfacet
  facet normal -0.9423260525981728 0.2821139007042008 0.1800926362298196
    outer loop
      vertex -8.317511819613372 2.3153376605465836 2
      vertex -2.0949453477445137 0.6717171949292486 37.134
      vertex -8.221478578305812 2.636111025395578 2
    endloop
  endfacet
  facet normal -0.9306783074136045 0.31844078018611577 0.1800926362298196
    outer loop
      vertex -8.221478578305812 2.636111025395578 2
      vertex -2.067323765728999 0.7524443153164713 37.134
      vertex -8.11307945224557 2.9529194288541323 2
    endloop
  endfacet
  facet normal -0.9176307336481169 0.35428869448546124 0.18009263622981952
    outer loop
      vertex -8.11307945224557 2.9529194288541323 2
      vertex -2.0365927323915587 0.8320396879776136 37.134
      vertex -7.992477484015238 3.265286360989326 2
    endloop
  endfacet
  facet normal -0.9032029560920708 0.3896037249338597 0.18009263622981952
    outer loop
      vertex -7.992477484015238 3.265286360989326 2
      vertex -2.002798470125523 0.9103835939113066 37.134
      vertex -7.859854070431205 3.5727419922630124 2
    endloop
  endfacet
  facet normal -0.8874166754934207 0.42433275437090484 0.18009263622981955
    outer loop
      vertex -7.859854070431205 3.5727419922630124 2
      vertex -1.9659918087115071 0.9873581964410165 37.134
      vertex -7.715408689705605 3.874823880200068 2
    endloop
  endfacet
  facet normal -0.8702956359177516 0.45842354703735544 0.1800926362298196
    outer loop
      vertex -7.715408689705605 3.874823880200068 2
      vertex -1.9262281088646 1.0628477184526046 37.134
      vertex -7.559358601412133 4.171077664945819 2
    endloop
  endfacet
  facet normal -0.8518655890349414 0.49182482714269954 0.18009263622981955
    outer loop
      vertex -7.559358601412133 4.171077664945819 2
      vertex -1.8835671789665864 1.1367386165340985 37.134
      vertex -7.391938519707024 4.461057752666402 2
    endloop
  endfacet
  facet normal -0.8321542553861956 0.5244863559888288 0.1800926362298196
    outer loop
      vertex -7.391938519707024 4.461057752666402 2
      vertex -1.83807318510846 1.2089197517557737 37.134
      vertex -7.213400260296652 4.7443279857642295 2
    endloop
  endfacet
  facet normal -0.8111912826897376 0.5563590075337796 0.1800926362298196
    outer loop
      vertex -7.213400260296652 4.7443279857642295 2
      vertex -1.7898145545785291 1.2792825568336583 37.134
      vertex -7.024012361682798 5.020462298900443 2
    endloop
  endfacet
  facet normal -0.7890082012478022 0.5873948422820051 0.1800926362298196
    outer loop
      vertex -7.024012361682798 5.020462298900443 2
      vertex -1.7388638729412709 1.3477211994250462 37.134
      vertex -6.824059681255221 5.289045359837668 2
    endloop
  endfacet
  facet normal -0.7656383765220868 0.6175471793898966 0.18009263622981958
    outer loop
      vertex -6.824059681255221 5.289045359837668 2
      vertex -1.6852977748617517 1.4141327413103866 37.134
      vertex -6.613842966839098 5.549673194139134 2
    endloop
  endfacet
  facet normal -0.7411169589489178 0.6467706668782236 0.18009263622981955
    outer loop
      vertex -6.613842966839098 5.549673194139134 2
      vertex -1.62919682883981 1.4784172932221495 37.134
      vertex -6.393678404341722 5.801953792784613 2
    endloop
  endfacet
  facet normal -0.7154808310696438 0.6750213498458294 0.18009263622981955
    outer loop
      vertex -6.393678404341722 5.801953792784613 2
      vertex -1.5706454160273777 1.5404781650877712 37.134
      vertex -6.163897142178858 6.045507701789219 2
    endloop
  endfacet
  facet normal -0.688768552055817 0.7022567365819479 0.18009263622981958
    outer loop
      vertex -6.163897142178858 6.045507701789219 2
      vertex -1.5097316033112143 1.6002220114607069 37.134
      vertex -5.92484479319608 6.279968592938245 2
    endloop
  endfacet
  facet normal -0.6610202997125161 0.7284358624777952 0.1800926362298196
    outer loop
      vertex -5.92484479319608 6.279968592938245 2
      vertex -1.4465470108519403 1.6575589719208537 37.134
      vertex -5.676880914834202 6.504983814779609 2
    endloop
  endfacet
  facet normal -0.6322778100471045 0.7535193516412378 0.18009263622981958
    outer loop
      vertex -5.676880914834202 6.504983814779609 2
      vertex -1.381186674278617 1.7124028062331522 37.134
      vertex -5.420378468320753 6.720214923045114 2
    endloop
  endfacet
  facet normal -0.6025843144943434 0.7774694761218451 0.18009263622981958
    outer loop
      vertex -5.420378468320753 6.720214923045114 2
      vertex -1.3137489017461297 1.7646710240610963 37.134
      vertex -5.155723257700854 6.925338189702794 2
    endloop
  endfacet
  facet normal -0.5719844748921702 0.8002502126573428 0.18009263622981955
    outer loop
      vertex -5.155723257700854 6.925338189702794 2
      vertex -1.244335126070385 1.814285009040035 37.134
      vertex -4.883313349551278 7.120045089874624 2
    endloop
  endfacet
  facet normal -0.5405243163060754 0.8218272968560023 0.18009263622981955
    outer loop
      vertex -4.883313349551278 7.120045089874624 2
      vertex -1.1730497521637209 1.8611701370236504 37.134
      vertex -4.603558474250526 7.304042765887235 2
    endloop
  endfacet
  facet normal -0.5082511578030141 0.8421682747335533 0.18009263622981958
    outer loop
      vertex -4.603558474250526 7.304042765887235 2
      vertex -1.1 1.905255888325765 37.134
      vertex -4.3168794097053915 7.477054467757681 2
    endloop
  endfacet
  facet normal -0.47521354127906007 0.8612425515270417 0.18009263622981955
    outer loop
      vertex -4.3168794097053915 7.477054467757681 2
      vertex -1.0252957433455852 1.9464759537886474 37.134
      vertex -4.023707348461036 7.638819969451704 2
    endloop
  endfacet
  facet normal -0.4414611584477578 0.8790214377122765 0.18009263622981955
    outer loop
      vertex -4.023707348461036 7.638819969451704 2
      vertex -0.9490493444987578 1.984768334518283 37.134
      vertex -3.7244832491464415 7.789095960288398 2
    endloop
  endfacet
  facet normal -0.4070447760990699 0.8954781921555945 0.18009263622981958
    outer loop
      vertex -3.7244832491464415 7.789095960288398 2
      vertex -0.8713754852861448 2.020075435136603 37.134
      vertex -3.419657173230729 7.927656410902599 2
    endloop
  endfacet
  facet normal -0.37201615974132834 0.9105880623350542 0.1800926362298196
    outer loop
      vertex -3.419657173230729 7.927656410902599 2
      vertex -0.792390994570363 2.052344150410401 37.134
      vertex -3.1096876080879787 8.054292913214514 2
    endloop
  endfacet
  facet normal -0.3364279957409384 0.9243283215706035 0.18009263622981958
    outer loop
      vertex -3.1096876080879787 8.054292913214514 2
      vertex -0.7122146725283062 2.0815259451266512 37.134
      vertex -2.795040777388648 8.168814993895268 2
    endloop
  endfacet
  facet normal -0.3003338120771417 0.9366783032071395 0.18009263622981955
    outer loop
      vertex -2.795040777388648 8.168814993895268 2
      vertex -0.6309671119643987 2.1075769270940756 37.134
      vertex -2.476189939854899 8.271050400856886 2
    endloop
  endfacet
  facet normal -0.2637878978308146 0.9476194316991362 0.18009263622981958
    outer loop
      vertex -2.476189939854899 8.271050400856886 2
      vertex -0.5487705169275588 2.130457913161173 37.134
      vertex -2.1536146774345113 8.360845362335803 2
    endloop
  endfacet
  facet normal -0.22684522152852665 0.9571352505500293 0.18009263622981958
    outer loop
      vertex -2.1536146774345113 8.360845362335803 2
      vertex -0.46574851890470387 2.150134488151398 37.134
      vertex -1.8278001739640894 8.438064818180191 2
    endloop
  endfacet
  facet normal -0.18956134846469114 0.9652114470643424 0.18009263622981955
    outer loop
      vertex -1.8278001739640894 8.438064818180191 2
      vertex -0.38202599086724676 2.1665770566268576 37.134
      vertex -1.4992364854064701 8.502592622993268 2
    endloop
  endfacet
  facet normal -0.15199235712602827 0.9718358738753512 0.18009263622981958
    outer loop
      vertex -1.4992364854064701 8.502592622993268 2
      vertex -0.29772885945028815 2.1797608874026597 37.134
      vertex -1.1684178027600176 8.554331720826994 2
    endloop
  endfacet
  facet normal -0.11419475484426747 0.9769985672158642 0.18009263622981958
    outer loop
      vertex -1.1684178027600176 8.554331720826994 2
      vertex -0.21298391554699408 2.189666150744965 37.134
      vertex -0.8358417087484097 8.593204291163454 2
    endloop
  endfacet
  facet normal -0.07622539280368669 0.9806917619046861 0.18009263622981958
    outer loop
      vertex -0.8358417087484097 8.593204291163454 2
      vertex -0.12791862360304665 2.1962779481967902 37.134
      vertex -0.5020084294089511 8.619151865964298 2
    endloop
  endfacet
  facet normal -0.038141380531554823 0.9829099030261832 0.18009263622981955
    outer loop
      vertex -0.5020084294089511 8.619151865964298 2
      vertex -0.04266092989801374 2.1995863349867033 37.134
      vertex -0.16742008170510964 8.632135417612222 2
    endloop
  endfacet
  facet normal -0.9834646990820766 0.019074276793491825 0.18009263622981958
    outer loop
      vertex -8.633758819410783 0 2
      vertex -2.2 0 37.134
      vertex -2.1983454955093062 0.08530581676499702 37.134
    endloop
  endfacet
  facet normal -0.9819854747538307 0.057194140856276096 0.18009263622981944
    outer loop
      vertex -8.627265822711562 0.3347772035644696 2
      vertex -2.1983454955093062 0.08530581676499702 37.134
      vertex -2.1933844705691428 0.17048332547824854 37.134
    endloop
  endfacet
  facet normal -0.9790292509912434 0.09522797949824857 0.1800926362298197
    outer loop
      vertex -8.60779659869772 0.6690508704137761 2
      vertex -2.1933844705691428 0.17048332547824854 37.134
      vertex -2.1851243870322747 0.25540441107550615 37.134
    endloop
  endfacet
  facet normal -0.974600474235668 0.13311858621321424 0.1800926362298194
    outer loop
      vertex -8.575380430931581 1.0023182211998036 2
      vertex -2.1851243870322747 0.25540441107550615 37.134
      vertex -2.17357766884898 0.33994134417724897 37.134
    endloop
  endfacet
  facet normal -0.9687058057880445 0.1708089699293603 0.18009263622981955
    outer loop
      vertex -8.530066076408731 1.3340779901693995 2
      vertex -2.17357766884898 0.33994134417724897 37.134
      vertex -2.1587616833802463 0.42396697320579746 37.134
    endloop
  endfacet
  facet normal -0.9613541117896571 0.2082424407293417 0.18009263622981955
    outer loop
      vertex -8.471921692222848 1.6638311791156584 2
      vertex -2.1587616833802463 0.42396697320579746 37.134
      vertex -2.1406987152756125 0.5073549156333688 37.134
    endloop
  endfacet
  facet normal -0.9525564498866331 0.24536269511718375 0.18009263622981944
    outer loop
      vertex -8.401034733050976 1.9910818079186412 2
      vertex -2.1406987152756125 0.5073549156333688 37.134
      vertex -2.1194159329549374 0.5899797480734018 37.134
    endloop
  endfacet
  facet normal -0.9423260525981701 0.282113900704209 0.1800926362298197
    outer loop
      vertex -8.317511819613372 2.3153376605465836 2
      vertex -2.1194159329549374 0.5899797480734018 37.134
      vertex -2.0949453477445137 0.6717171949292486 37.134
    endloop
  endfacet
  facet normal -0.930678307413606 0.31844078018611166 0.18009263622981972
    outer loop
      vertex -8.221478578305812 2.636111025395578 2
      vertex -2.0949453477445137 0.6717171949292486 37.134
      vertex -2.067323765728999 0.7524443153164713 37.134
    endloop
  endfacet
  facet normal -0.9176307336481198 0.3542886944854542 0.1800926362298196
    outer loop
      vertex -8.11307945224557 2.9529194288541323 2
      vertex -2.067323765728999 0.7524443153164713 37.134
      vertex -2.0365927323915587 0.8320396879776136 37.134
    endloop
  endfacet
  facet normal -0.9032029560920734 0.38960372493385387 0.18009263622981958
    outer loop
      vertex -7.992477484015238 3.265286360989326 2
      vertex -2.0365927323915587 0.8320396879776136 37.134
      vertex -2.002798470125523 0.9103835939113066 37.134
    endloop
  endfacet
  facet normal -0.8874166754934191 0.4243327543709084 0.1800926362298198
    outer loop
      vertex -7.859854070431205 3.5727419922630124 2
      vertex -2.002798470125523 0.9103835939113066 37.134
      vertex -1.9659918087115071 0.9873581964410165 37.134
    endloop
  endfacet
  facet normal -0.8702956359177524 0.45842354703735333 0.1800926362298205
    outer loop
      vertex -7.715408689705605 3.874823880200068 2
      vertex -1.9659918087115071 0.9873581964410165 37.134
      vertex -1.9262281088646 1.0628477184526046 37.134
    endloop
  endfacet
  facet normal -0.8518655890349434 0.4918248271426957 0.18009263622982052
    outer loop
      vertex -7.559358601412133 4.171077664945819 2
      vertex -1.9262281088646 1.0628477184526046 37.134
      vertex -1.8835671789665864 1.1367386165340985 37.134
    endloop
  endfacet
  facet normal -0.8321542553861921 0.5244863559888339 0.18009263622981928
    outer loop
      vertex -7.391938519707024 4.461057752666402 2
      vertex -1.8835671789665864 1.1367386165340985 37.134
      vertex -1.83807318510846 1.2089197517557737 37.134
    endloop
  endfacet
  facet normal -0.8111912826897362 0.5563590075337814 0.18009263622982016
    outer loop
      vertex -7.213400260296652 4.7443279857642295 2
      vertex -1.83807318510846 1.2089197517557737 37.134
      vertex -1.7898145545785291 1.2792825568336583 37.134
    endloop
  endfacet
  facet normal -0.7890082012478045 0.5873948422820018 0.18009263622982005
    outer loop
      vertex -7.024012361682798 5.020462298900443 2
      vertex -1.7898145545785291 1.2792825568336583 37.134
      vertex -1.7388638729412709 1.3477211994250462 37.134
    endloop
  endfacet
  facet normal -0.7656383765220908 0.6175471793898919 0.18009263622981922
    outer loop
      vertex -6.824059681255221 5.289045359837668 2
      vertex -1.7388638729412709 1.3477211994250462 37.134
      vertex -1.6852977748617517 1.4141327413103866 37.134
    endloop
  endfacet
  facet normal -0.7411169589489138 0.6467706668782283 0.18009263622981855
    outer loop
      vertex -6.613842966839098 5.549673194139134 2
      vertex -1.6852977748617517 1.4141327413103866 37.134
      vertex -1.62919682883981 1.4784172932221495 37.134
    endloop
  endfacet
  facet normal -0.7154808310696477 0.6750213498458253 0.18009263622982
    outer loop
      vertex -6.393678404341722 5.801953792784613 2
      vertex -1.62919682883981 1.4784172932221495 37.134
      vertex -1.5706454160273777 1.5404781650877712 37.134
    endloop
  endfacet
  facet normal -0.6887685520558146 0.7022567365819503 0.18009263622981928
    outer loop
      vertex -6.163897142178858 6.045507701789219 2
      vertex -1.5706454160273777 1.5404781650877712 37.134
      vertex -1.5097316033112143 1.6002220114607069 37.134
    endloop
  endfacet
  facet normal -0.6610202997125201 0.7284358624777916 0.18009263622981908
    outer loop
      vertex -5.92484479319608 6.279968592938245 2
      vertex -1.5097316033112143 1.6002220114607069 37.134
      vertex -1.4465470108519403 1.6575589719208537 37.134
    endloop
  endfacet
  facet normal -0.6322778100470999 0.7535193516412415 0.18009263622981975
    outer loop
      vertex -5.676880914834202 6.504983814779609 2
      vertex -1.4465470108519403 1.6575589719208537 37.134
      vertex -1.381186674278617 1.7124028062331522 37.134
    endloop
  endfacet
  facet normal -0.6025843144943388 0.7774694761218486 0.18009263622981966
    outer loop
      vertex -5.420378468320753 6.720214923045114 2
      vertex -1.381186674278617 1.7124028062331522 37.134
      vertex -1.3137489017461297 1.7646710240610963 37.134
    endloop
  endfacet
  facet normal -0.5719844748921784 0.8002502126573368 0.18009263622982
    outer loop
      vertex -5.155723257700854 6.925338189702794 2
      vertex -1.3137489017461297 1.7646710240610963 37.134
      vertex -1.244335126070385 1.814285009040035 37.134
    endloop
  endfacet
  facet normal -0.5405243163060726 0.8218272968560039 0.18009263622982039
    outer loop
      vertex -4.883313349551278 7.120045089874624 2
      vertex -1.244335126070385 1.814285009040035 37.134
      vertex -1.1730497521637209 1.8611701370236504 37.134
    endloop
  endfacet
  facet normal -0.5082511578030152 0.8421682747335525 0.18009263622981977
    outer loop
      vertex -4.603558474250526 7.304042765887235 2
      vertex -1.1730497521637209 1.8611701370236504 37.134
      vertex -1.1 1.905255888325765 37.134
    endloop
  endfacet
  facet normal -0.4752135412790616 0.8612425515270411 0.18009263622981872
    outer loop
      vertex -4.3168794097053915 7.477054467757681 2
      vertex -1.1 1.905255888325765 37.134
      vertex -1.0252957433455852 1.9464759537886474 37.134
    endloop
  endfacet
  facet normal -0.4414611584477568 0.8790214377122771 0.18009263622981936
    outer loop
      vertex -4.023707348461036 7.638819969451704 2
      vertex -1.0252957433455852 1.9464759537886474 37.134
      vertex -0.9490493444987578 1.984768334518283 37.134
    endloop
  endfacet
  facet normal -0.40704477609906536 0.8954781921555968 0.18009263622981875
    outer loop
      vertex -3.7244832491464415 7.789095960288398 2
      vertex -0.9490493444987578 1.984768334518283 37.134
      vertex -0.8713754852861448 2.020075435136603 37.134
    endloop
  endfacet
  facet normal -0.37201615974132024 0.9105880623350574 0.18009263622981966
    outer loop
      vertex -3.419657173230729 7.927656410902599 2
      vertex -0.8713754852861448 2.020075435136603 37.134
      vertex -0.792390994570363 2.052344150410401 37.134
    endloop
  endfacet
  facet normal -0.3364279957409432 0.9243283215706017 0.18009263622981989
    outer loop
      vertex -3.1096876080879787 8.054292913214514 2
      vertex -0.792390994570363 2.052344150410401 37.134
      vertex -0.7122146725283062 2.0815259451266512 37.134
    endloop
  endfacet
  facet normal -0.30033381207714505 0.9366783032071385 0.1800926362298189
    outer loop
      vertex -2.795040777388648 8.168814993895268 2
      vertex -0.7122146725283062 2.0815259451266512 37.134
      vertex -0.6309671119643987 2.1075769270940756 37.134
    endloop
  endfacet
  facet normal -0.26378789783080914 0.9476194316991375 0.18009263622981933
    outer loop
      vertex -2.476189939854899 8.271050400856886 2
      vertex -0.6309671119643987 2.1075769270940756 37.134
      vertex -0.5487705169275588 2.130457913161173 37.134
    endloop
  endfacet
  facet normal -0.22684522152852624 0.9571352505500295 0.18009263622981955
    outer loop
      vertex -2.1536146774345113 8.360845362335803 2
      vertex -0.5487705169275588 2.130457913161173 37.134
      vertex -0.46574851890470387 2.150134488151398 37.134
    endloop
  endfacet
  facet normal -0.18956134846469447 0.9652114470643417 0.18009263622981933
    outer loop
      vertex -1.8278001739640894 8.438064818180191 2
      vertex -0.46574851890470387 2.150134488151398 37.134
      vertex -0.38202599086724676 2.1665770566268576 37.134
    endloop
  endfacet
  facet normal -0.15199235712602654 0.9718358738753515 0.18009263622981975
    outer loop
      vertex -1.4992364854064701 8.502592622993268 2
      vertex -0.38202599086724676 2.1665770566268576 37.134
      vertex -0.29772885945028815 2.1797608874026597 37.134
    endloop
  endfacet
  facet normal -0.11419475484427073 0.9769985672158639 0.18009263622981966
    outer loop
      vertex -1.1684178027600176 8.554331720826994 2
      vertex -0.29772885945028815 2.1797608874026597 37.134
      vertex -0.21298391554699408 2.189666150744965 37.134
    endloop
  endfacet
  facet normal -0.07622539280369314 0.9806917619046857 0.1800926362298194
    outer loop
      vertex -0.8358417087484097 8.593204291163454 2
      vertex -0.21298391554699408 2.189666150744965 37.134
      vertex -0.12791862360304665 2.1962779481967902 37.134
    endloop
  endfacet
  facet normal -0.03814138053154952 0.9829099030261834 0.1800926362298196
    outer loop
      vertex -0.5020084294089511 8.619151865964298 2
      vertex -0.12791862360304665 2.1962779481967902 37.134
      vertex -0.04266092989801374 2.1995863349867033 37.134
    endloop
  endfacet
  facet normal 1.9756914582850987e-16 0.9836496542854035 0.18009263622981955
    outer loop
      vertex -0.16742008170510964 8.632135417612222 2
      vertex -0.04266092989801374 2.1995863349867033 37.134
      vertex 0.04266092989801374 2.1995863349867033 37.134
    endloop
  endfacet
  facet normal 0 0 1
    outer loop
      vertex -2.1983454955093062 -0.08530581676499702 37.134
      vertex -2.1983454955093062 0.08530581676499702 37.134
      vertex -2.2 0 37.134
    endloop
  endfacet
  facet normal 0 0 1
    outer loop
      vertex -2.1933844705691428 -0.17048332547824854 37.134
      vertex -2.1933844705691428 0.17048332547824854 37.134
      vertex -2.1983454955093062 0.08530581676499702 37.134
    endloop
  endfacet
  facet normal 0 0 1
    outer loop
      vertex -2.1851243870322747 -0.25540441107550615 37.134
      vertex -2.1851243870322747 0.25540441107550615 37.134
      vertex -2.1933844705691428 0.17048332547824854 37.134
    endloop
  endfacet
  facet normal 0 0 1
    outer loop
      vertex -2.17357766884898 -0.33994134417724897 37.134
      vertex -2.17357766884898 0.33994134417724897 37.134
      vertex -2.1851243870322747 0.25540441107550615 37.134
    endloop
  endfacet
  facet normal 0 0 1
    outer loop
      vertex -2.1587616833802463 -0.42396697320579746 37.134
      vertex -2.1587616833802463 0.42396697320579746 37.134
      vertex -2.17357766884898 0.33994134417724897 37.134
    endloop
  endfacet
  facet normal 0 0 1
    outer loop
      vertex -2.1406987152756125 -0.5073549156333688 37.134
      vertex -2.1406987152756125 0.5073549156333688 37.134
      vertex -2.1587616833802463 0.42396697320579746 37.134
    endloop
  endfacet
  facet normal 0 0 1
    outer loop
      vertex -2.1194159329549374 -0.5899797480734018 37.134
      vertex -2.1194159329549374 0.5899797480734018 37.134
      vertex -2.1406987152756125 0.5073549156333688 37.134
    endloop
  endfacet
  facet normal 0 0 1
    outer loop
      vertex -2.0949453477445137 -0.6717171949292486 37.134
      vertex -2.0949453477445137 0.6717171949292486 37.134
      vertex -2.1194159329549374 0.5899797480734018 37.134
    endloop
  endfacet
  facet normal 0 0 1
    outer loop
      vertex -2.067323765728999 -0.7524443153164713 37.134
      vertex -2.067323765728999 0.7524443153164713 37.134
      vertex -2.0949453477445137 0.6717171949292486 37.134
    endloop
  endfacet
  facet normal 0 0 1
    outer loop
      vertex -2.0365927323915587 -0.8320396879776136 37.134
      vertex -2.0365927323915587 0.8320396879776136 37.134
      vertex -2.067323765728999 0.7524443153164713 37.134
    endloop
  endfacet
  facet normal 0 0 1
    outer loop
      vertex -2.002798470125523 -0.9103835939113066 37.134
      vertex -2.002798470125523 0.9103835939113066 37.134
      vertex -2.0365927323915587 0.8320396879776136 37.134
    endloop
  endfacet
  facet normal 0 0 1
    outer loop
      vertex -1.9659918087115071 -0.9873581964410165 37.134
      vertex -1.9659918087115071 0.9873581964410165 37.134
      vertex -2.002798470125523 0.9103835939113066 37.134
    endloop
  endfacet
  facet normal 0 0 1
    outer loop
      vertex -1.9262281088646 -1.0628477184526046 37.134
      vertex -1.9262281088646 1.0628477184526046 37.134
      vertex -1.9659918087115071 0.9873581964410165 37.134
    endloop
  endfacet
  facet normal 0 0 1
    outer loop
      vertex -1.8835671789665864 -1.1367386165340985 37.134
      vertex -1.8835671789665864 1.1367386165340985 37.134
      vertex -1.9262281088646 1.0628477184526046 37.134
    endloop
  endfacet
  facet normal 0 0 1
    outer loop
      vertex -1.83807318510846 -1.2089197517557737 37.134
      vertex -1.83807318510846 1.2089197517557737 37.134
      vertex -1.8835671789665864 1.1367386165340985 37.134
    endloop
  endfacet
  facet normal 0 0 1
    outer loop
      vertex -1.7898145545785291 -1.2792825568336583 37.134
      vertex -1.7898145545785291 1.2792825568336583 37.134
      vertex -1.83807318510846 1.2089197517557737 37.134
    endloop
  endfacet
  facet normal 0 0 1
    outer loop
      vertex -1.7898145545785291 1.2792825568336583 37.134
      vertex -1.7291097790002823 -1.2261072099208832 37.134
      vertex -1.7388638729412709 1.3477211994250462 37.134
    endloop
  endfacet
  facet normal 0 0 1
    outer loop
      vertex -1.7388638729412709 1.3477211994250462 37.134
      vertex -1.607030600309372 -1.0718314498662949 37.134
      vertex -1.6852977748617517 1.4141327413103866 37.134
    endloop
  endfacet
  facet normal 0 0 1
    outer loop
      vertex -1.6852977748617517 1.4141327413103866 37.134
      vertex -1.607030600309372 -1.0718314498662949 37.134
      vertex -1.62919682883981 1.4784172932221495 37.134
    endloop
  endfacet
  facet normal 0 0 1
    outer loop
      vertex -1.5706454160273777 1.5404781650877712 37.134
      vertex -1.5516017228364944 -1.0135084986686707 37.134
      vertex -1.5166714265942574 -0.13803880661725998 37.134
    endloop
  endfacet
  facet normal 0 0 1
    outer loop
      vertex -1.5706454160273777 1.5404781650877712 37.134
      vertex -1.5166714265942574 -0.13803880661725998 37.134
      vertex -1.5171326026320457 -0.1167750433087349 37.134
    endloop
  endfacet
  facet normal 0 0 1
    outer loop
      vertex -1.5706454160273777 1.5404781650877712 37.134
      vertex -1.5171326026320457 -0.1167750433087349 37.134
      vertex -1.5147925987839699 0.05314495414495468 37.134
    endloop
  endfacet
  facet normal 0 0 1
    outer loop
      vertex -1.5706454160273777 1.5404781650877712 37.134
      vertex -1.5147925987839699 0.05314495414495468 37.134
      vertex -1.5138597339391708 0.07301108539104462 37.134
    endloop
  endfacet
  facet normal 0 0 1
    outer loop
      vertex -1.5706454160273777 1.5404781650877712 37.134
      vertex -1.511739768087864 0.0994289293885231 37.134
      vertex -1.509492687880993 0.11918955296278 37.134
    endloop
  endfacet
  facet normal 0 0 1
    outer loop
      vertex -1.5706454160273777 1.5404781650877712 37.134
      vertex -1.5138597339391708 0.07301108539104462 37.134
      vertex -1.511739768087864 0.0994289293885231 37.134
    endloop
  endfacet
  facet normal 0 0 1
    outer loop
      vertex -1.62919682883981 1.4784172932221495 37.134
      vertex -1.5689354091882706 -1.0303352922201157 37.134
      vertex -1.5706454160273777 1.5404781650877712 37.134
    endloop
  endfacet
  facet normal 0 0 1
    outer loop
      vertex -1.5097316033112143 1.6002220114607069 37.134
      vertex -1.509492687880993 0.11918955296278 37.134
      vertex -1.484652690589428 0.2876695543527603 37.134
    endloop
  endfacet
  facet normal 0 0 1
    outer loop
      vertex -1.5097316033112143 1.6002220114607069 37.134
      vertex -1.484652690589428 0.2876695543527603 37.134
      vertex -1.481364168226719 0.3060080111026764 37.134
    endloop
  endfacet
  facet normal 0 0 1
    outer loop
      vertex -1.5097316033112143 1.6002220114607069 37.134
      vertex -1.481364168226719 0.3060080111026764 37.134
      vertex -1.4762248247861862 0.33029957115650177 37.134
    endloop
  endfacet
  facet normal 0 0 1
    outer loop
      vertex -1.5097316033112143 1.6002220114607069 37.134
      vertex -1.4762248247861862 0.33029957115650177 37.134
      vertex -1.4718043357133865 0.34839846193790436 37.134
    endloop
  endfacet
  facet normal 0 0 1
    outer loop
      vertex -1.5097316033112143 1.6002220114607069 37.134
      vertex -1.4718043357133865 0.34839846193790436 37.134
      vertex -1.4262643307447433 0.5125584602355957 37.134
    endloop
  endfacet
  facet normal 0 0 1
    outer loop
      vertex -1.4465470108519403 1.6575589719208537 37.134
      vertex -1.4262643307447433 0.5125584602355957 37.134
      vertex -1.4208310022950172 0.5300521180033684 37.134
    endloop
  endfacet
  facet normal 0 0 1
    outer loop
      vertex -1.4465470108519403 1.6575589719208537 37.134
      vertex -1.4208310022950172 0.5300521180033684 37.134
      vertex -1.412881538271904 0.5531342029571533 37.134
    endloop
  endfacet
  facet normal 0 0 1
    outer loop
      vertex -1.4465470108519403 1.6575589719208537 37.134
      vertex -1.412881538271904 0.5531342029571533 37.134
      vertex -1.40639066696167 0.5702636688947678 37.134
    endloop
  endfacet
  facet normal 0 0 1
    outer loop
      vertex -1.5706454160273777 1.5404781650877712 37.134
      vertex -1.509492687880993 0.11918955296278 37.134
      vertex -1.5097316033112143 1.6002220114607069 37.134
    endloop
  endfacet
  facet normal 0 0 1
    outer loop
      vertex -1.4465470108519403 1.6575589719208537 37.134
      vertex -1.40639066696167 0.5702636688947678 37.134
      vertex -1.3415906727313995 0.7266836687922478 37.134
    endloop
  endfacet
  facet normal 0 0 1
    outer loop
      vertex -1.381186674278617 1.7124028062331522 37.134
      vertex -1.3415906727313995 0.7266836687922478 37.134
      vertex -1.333343006670475 0.744858019053936 37.134
    endloop
  endfacet
  facet normal 0 0 1
    outer loop
      vertex -1.381186674278617 1.7124028062331522 37.134
      vertex -1.333343006670475 0.744858019053936 37.134
      vertex -1.3215526640415192 0.7686980739235878 37.134
    endloop
  endfacet
  facet normal 0 0 1
    outer loop
      vertex -1.381186674278617 1.7124028062331522 37.134
      vertex -1.3215526640415192 0.7686980739235878 37.134
      vertex -1.3121148198843002 0.7862838059663773 37.134
    endloop
  endfacet
  facet normal 0 0 1
    outer loop
      vertex -1.5097316033112143 1.6002220114607069 37.134
      vertex -1.4262643307447433 0.5125584602355957 37.134
      vertex -1.4465470108519403 1.6575589719208537 37.134
    endloop
  endfacet
  facet normal 0 0 1
    outer loop
      vertex -1.4465470108519403 1.6575589719208537 37.134
      vertex -1.3415906727313995 0.7266836687922478 37.134
      vertex -1.381186674278617 1.7124028062331522 37.134
    endloop
  endfacet
  facet normal 0 0 1
    outer loop
      vertex -1.381186674278617 1.7124028062331522 37.134
      vertex -1.3121148198843002 0.7862838059663773 37.134
      vertex -1.3137489017461297 1.7646710240610963 37.134
    endloop
  endfacet
  facet normal 0 0 1
    outer loop
      vertex -1.3137489017461297 1.7646710240610963 37.134
      vertex -1.3121148198843002 0.7862838059663773 37.134
      vertex -1.2282348200678825 0.9308238103985786 37.134
    endloop
  endfacet
  facet normal 0 0 1
    outer loop
      vertex -1.244335126070385 1.814285009040035 37.134
      vertex -1.2282348200678825 0.9308238103985786 37.134
      vertex -1.2158237844705582 0.9504231885075569 37.134
    endloop
  endfacet
  facet normal 0 0 1
    outer loop
      vertex -1.244335126070385 1.814285009040035 37.134
      vertex -1.2158237844705582 0.9504231885075569 37.134
      vertex -1.1982908323407173 0.9758773148059845 37.134
    endloop
  endfacet
  facet normal 0 0 1
    outer loop
      vertex -1.244335126070385 1.814285009040035 37.134
      vertex -1.1982908323407173 0.9758773148059845 37.134
      vertex -1.1844024285674095 0.9944591298699379 37.134
    endloop
  endfacet
  facet normal 0 0 1
    outer loop
      vertex -1.244335126070385 1.814285009040035 37.134
      vertex -1.1844024285674095 0.9944591298699379 37.134
      vertex -1.0803624242544174 1.1229791268706322 37.134
    endloop
  endfacet
  facet normal 0 0 1
    outer loop
      vertex -1.3137489017461297 1.7646710240610963 37.134
      vertex -1.2282348200678825 0.9308238103985786 37.134
      vertex -1.244335126070385 1.814285009040035 37.134
    endloop
  endfacet
  facet normal 0 0 1
    outer loop
      vertex -1.244335126070385 1.814285009040035 37.134
      vertex -1.0803624242544174 1.1229791268706322 37.134
      vertex -1.1730497521637209 1.8611701370236504 37.134
    endloop
  endfacet
  facet normal 0 0 1
    outer loop
      vertex -1.1 1.905255888325765 37.134
      vertex -1.0803624242544174 1.1229791268706322 37.134
      vertex -1.0647776275873184 1.140750952064991 37.134
    endloop
  endfacet
  facet normal 0 0 1
    outer loop
      vertex -1.1 1.905255888325765 37.134
      vertex -1.0647776275873184 1.140750952064991 37.134
      vertex -1.0430973693728447 1.1635919362306595 37.134
    endloop
  endfacet
  facet normal 0 0 1
    outer loop
      vertex -1.1 1.905255888325765 37.134
      vertex -1.0430973693728447 1.1635919362306595 37.134
      vertex -1.0261617824435234 1.1800815910100937 37.134
    endloop
  endfacet
  facet normal 0 0 1
    outer loop
      vertex -1.1 1.905255888325765 37.134
      vertex -1.0261617824435234 1.1800815910100937 37.134
      vertex -0.9041217863559723 1.2898815870285034 37.134
    endloop
  endfacet
  facet normal 0 0 1
    outer loop
      vertex -1.1730497521637209 1.8611701370236504 37.134
      vertex -1.0803624242544174 1.1229791268706322 37.134
      vertex -1.1 1.905255888325765 37.134
    endloop
  endfacet
  facet normal 0 0 1
    outer loop
      vertex -1.1 1.905255888325765 37.134
      vertex -0.9041217863559723 1.2898815870285034 37.134
      vertex -1.0252957433455852 1.9464759537886474 37.134
    endloop
  endfacet
  facet normal 0 0 1
    outer loop
      vertex -0.9490493444987578 1.984768334518283 37.134
      vertex -0.9041217863559723 1.2898815870285034 37.134
      vertex -0.8863541558384895 1.304669201374054 37.134
    endloop
  endfacet
  facet normal 0 0 1
    outer loop
      vertex -0.9490493444987578 1.984768334518283 37.134
      vertex -0.8863541558384895 1.304669201374054 37.134
      vertex -0.8619400635361671 1.3234447315335274 37.134
    endloop
  endfacet
  facet normal 0 0 1
    outer loop
      vertex -0.8713754852861448 2.020075435136603 37.134
      vertex -0.8619400635361671 1.3234447315335274 37.134
      vertex -0.8430865556001663 1.3368204087018967 37.134
    endloop
  endfacet
  facet normal 0 0 1
    outer loop
      vertex -0.8713754852861448 2.020075435136603 37.134
      vertex -0.8430865556001663 1.3368204087018967 37.134
      vertex -0.706646554172039 1.4259204119443893 37.134
    endloop
  endfacet
  facet normal 0 0 1
    outer loop
      vertex -1.0252957433455852 1.9464759537886474 37.134
      vertex -0.9041217863559723 1.2898815870285034 37.134
      vertex -0.9490493444987578 1.984768334518283 37.134
    endloop
  endfacet
  facet normal 0 0 1
    outer loop
      vertex -0.9490493444987578 1.984768334518283 37.134
      vertex -0.8619400635361671 1.3234447315335274 37.134
      vertex -0.8713754852861448 2.020075435136603 37.134
    endloop
  endfacet
  facet normal 0 0 1
    outer loop
      vertex -0.7122146725283062 2.0815259451266512 37.134
      vertex -0.706646554172039 1.4259204119443893 37.134
      vertex -0.6840769201517105 1.4392894059419632 37.134
    endloop
  endfacet
  facet normal 0 0 1
    outer loop
      vertex -0.7122146725283062 2.0815259451266512 37.134
      vertex -0.6840769201517105 1.4392894059419632 37.134
      vertex -0.6532630324363708 1.4557662531733513 37.134
    endloop
  endfacet
  facet normal 0 0 1
    outer loop
      vertex -0.7122146725283062 2.0815259451266512 37.134
      vertex -0.6532630324363708 1.4557662531733513 37.134
      vertex -0.6296118423342705 1.4671125262975693 37.134
    endloop
  endfacet
  facet normal 0 0 1
    outer loop
      vertex -0.8713754852861448 2.020075435136603 37.134
      vertex -0.706646554172039 1.4259204119443893 37.134
      vertex -0.792390994570363 2.052344150410401 37.134
    endloop
  endfacet
  facet normal 0 0 1
    outer loop
      vertex -0.792390994570363 2.052344150410401 37.134
      vertex -0.706646554172039 1.4259204119443893 37.134
      vertex -0.7122146725283062 2.0815259451266512 37.134
    endloop
  endfacet
  facet normal 0 0 1
    outer loop
      vertex -0.7122146725283062 2.0815259451266512 37.134
      vertex -0.6296118423342705 1.4671125262975693 37.134
      vertex -0.6309671119643987 2.1075769270940756 37.134
    endloop
  endfacet
  facet normal 0 0 1
    outer loop
      vertex -0.6309671119643987 2.1075769270940756 37.134
      vertex -0.6296118423342705 1.4671125262975693 37.134
      vertex -0.48165184259414673 1.5302925258874893 37.134
    endloop
  endfacet
  facet normal 0 0 1
    outer loop
      vertex -0.5487705169275588 2.130457913161173 37.134
      vertex -0.48165184259414673 1.5302925258874893 37.134
      vertex -0.45394977927207947 1.5405404567718506 37.134
    endloop
  endfacet
  facet normal 0 0 1
    outer loop
      vertex -0.6309671119643987 2.1075769270940756 37.134
      vertex -0.48165184259414673 1.5302925258874893 37.134
      vertex -0.5487705169275588 2.130457913161173 37.134
    endloop
  endfacet
  facet normal 0 0 1
    outer loop
      vertex -0.5487705169275588 2.130457913161173 37.134
      vertex -0.45394977927207947 1.5405404567718506 37.134
      vertex -0.46574851890470387 2.150134488151398 37.134
    endloop
  endfacet
  facet normal 0 0 1
    outer loop
      vertex -0.46574851890470387 2.150134488151398 37.134
      vertex -0.45394977927207947 1.5405404567718506 37.134
      vertex -0.41643134504556656 1.552355170249939 37.134
    endloop
  endfacet
  facet normal 0 0 1
    outer loop
      vertex -0.46574851890470387 2.150134488151398 37.134
      vertex -0.41643134504556656 1.552355170249939 37.134
      vertex -0.38785575330257416 1.5598293095827103 37.134
    endloop
  endfacet
  facet normal 0 0 1
    outer loop
      vertex -0.46574851890470387 2.150134488151398 37.134
      vertex -0.38785575330257416 1.5598293095827103 37.134
      vertex -0.2298157513141632 1.5929493084549904 37.134
    endloop
  endfacet
  facet normal 0 0 1
    outer loop
      vertex -0.29772885945028815 2.1797608874026597 37.134
      vertex -0.2298157513141632 1.5929493084549904 37.134
      vertex -0.20473164319992065 1.597105234861374 37.134
    endloop
  endfacet
  facet normal 0 0 1
    outer loop
      vertex -0.21298391554699408 2.189666150744965 37.134
      vertex -0.20473164319992065 1.597105234861374 37.134
      vertex -0.17111168056726456 1.6012204736471176 37.134
    endloop
  endfacet
  facet normal 0 0 1
    outer loop
      vertex -0.21298391554699408 2.189666150744965 37.134
      vertex -0.17111168056726456 1.6012204736471176 37.134
      vertex -0.14576584100723267 1.6032374128699303 37.134
    endloop
  endfacet
  facet normal 0 0 1
    outer loop
      vertex -0.12791862360304665 2.1962779481967902 37.134
      vertex -0.14576584100723267 1.6032374128699303 37.134
      vertex 0.019474156200885773 1.6093574166297913 37.134
    endloop
  endfacet
  facet normal 0 0 1
    outer loop
      vertex -0.46574851890470387 2.150134488151398 37.134
      vertex -0.2298157513141632 1.5929493084549904 37.134
      vertex -0.38202599086724676 2.1665770566268576 37.134
    endloop
  endfacet
  facet normal 0 0 1
    outer loop
      vertex -0.38202599086724676 2.1665770566268576 37.134
      vertex -0.2298157513141632 1.5929493084549904 37.134
      vertex -0.29772885945028815 2.1797608874026597 37.134
    endloop
  endfacet
  facet normal 0 0 1
    outer loop
      vertex -0.29772885945028815 2.1797608874026597 37.134
      vertex -0.20473164319992065 1.597105234861374 37.134
      vertex -0.21298391554699408 2.189666150744965 37.134
    endloop
  endfacet
  facet normal 0 0 1
    outer loop
      vertex -0.21298391554699408 2.189666150744965 37.134
      vertex -0.14576584100723267 1.6032374128699303 37.134
      vertex -0.12791862360304665 2.1962779481967902 37.134
    endloop
  endfacet
  facet normal 0 0 1
    outer loop
      vertex -0.12791862360304665 2.1962779481967902 37.134
      vertex 0.019474156200885773 1.6093574166297913 37.134
      vertex -0.04266092989801374 2.1995863349867033 37.134
    endloop
  endfacet
  facet normal 0 -0.9836496542854035 0.18009263622981952
    outer loop
      vertex -0.16742008170510536 -8.632135417612222 2
      vertex 0.16742008170510536 -8.632135417612222 2
      vertex 0.08931591361761093 -6.632508240640163 12.921782381030969
    endloop
  endfacet
  facet normal 0.038141380531554595 -0.9829099030261833 0.18009263622981958
    outer loop
      vertex 0.16742008170510536 -8.632135417612222 2
      vertex 0.5020084294089489 -8.619151865964298 2
      vertex 0.2169359102845192 -6.645648241043091 12.831366328242753
    endloop
  endfacet
  facet normal 0.07622539280368669 -0.9806917619046861 0.18009263622981955
    outer loop
      vertex 0.5020084294089489 -8.619151865964298 2
      vertex 0.8358417087484075 -8.593204291163454 2
      vertex 0.3843973770057438 -6.599848080622244 13.045868267466718
    endloop
  endfacet
  facet normal 1.0601891120539548e-14 -0.9836496542854035 0.18009263622981964
    outer loop
      vertex 0.16742008170510536 -8.632135417612222 2
      vertex 0.12871603524668895 -6.6365649529705415 12.899624986009998
      vertex 0.08931591361761093 -6.632508240640163 12.921782381030969
    endloop
  endfacet
  facet normal 0.03814138053155387 -0.9829099030261834 0.18009263622981958
    outer loop
      vertex 0.16742008170510536 -8.632135417612222 2
      vertex 0.2169359102845192 -6.645648241043091 12.831366328242753
      vertex 0.12871603524668895 -6.6365649529705415 12.899624986009998
    endloop
  endfacet
  facet normal 0.03814138053155541 -0.9829099030261832 0.18009263622981952
    outer loop
      vertex 0.5020084294089489 -8.619151865964298 2
      vertex 0.3195612356066704 -6.629053547978401 12.900202105347248
      vertex 0.2169359102845192 -6.645648241043091 12.831366328242753
    endloop
  endfacet
  facet normal 0.11419475484426671 -0.9769985672158642 0.18009263622981952
    outer loop
      vertex 0.8358417087484075 -8.593204291163454 2
      vertex 1.1684178027600176 -8.554331720826994 2
      vertex 0.5668621369179042 -5.827852446792966 17.172529556256098
    endloop
  endfacet
  facet normal 0.15199235712602827 -0.9718358738753513 0.18009263622981958
    outer loop
      vertex 1.1684178027600176 -8.554331720826994 2
      vertex 1.4992364854064701 -8.502592622993268 2
      vertex 0.767249215532173 -5.617258044770256 18.187936291100016
    endloop
  endfacet
  facet normal 0.18956134846469117 -0.9652114470643424 0.18009263622981955
    outer loop
      vertex 1.4992364854064701 -8.502592622993268 2
      vertex 1.8278001739640894 -8.438064818180191 2
      vertex 0.9629033533179019 -5.460896281720746 18.86658723213255
    endloop
  endfacet
  facet normal 0.2268452215285255 -0.9571352505500298 0.18009263622981958
    outer loop
      vertex 1.8278001739640894 -8.438064818180191 2
      vertex 2.153614677434513 -8.360845362335803 2
      vertex 1.148529908929479 -5.302204231738923 19.52171542325645
    endloop
  endfacet
  facet normal 0.2637878978308146 -0.9476194316991361 0.18009263622981955
    outer loop
      vertex 2.153614677434513 -8.360845362335803 2
      vertex 2.4761899398549008 -8.271050400856886 2
      vertex 1.319775375202214 -5.123682495621346 20.254800538000683
    endloop
  endfacet
  facet normal 0.3003338120771493 -0.9366783032071372 0.18009263622981958
    outer loop
      vertex 2.4761899398549008 -8.271050400856886 2
      vertex 2.795040777388652 -8.168814993895264 2
      vertex 1.4728291806957317 -4.919592067360139 21.104509428056
    endloop
  endfacet
  facet normal 0.33642799574093213 -0.9243283215706057 0.18009263622981952
    outer loop
      vertex 2.795040777388652 -8.168814993895264 2
      vertex 3.1096876080879747 -8.054292913214516 2
      vertex 1.5974302126646465 -4.668666009627157 22.201806325946016
    endloop
  endfacet
  facet normal 0.03814138053154912 -0.9829099030261835 0.18009263622981955
    outer loop
      vertex 0.5020084294089489 -8.619151865964298 2
      vertex 0.3843973770057438 -6.599848080622244 13.045868267466718
      vertex 0.3195612356066704 -6.629053547978401 12.900202105347248
    endloop
  endfacet
  facet normal 0.07622539280370044 -0.980691761904685 0.1800926362298203
    outer loop
      vertex 0.8358417087484075 -8.593204291163454 2
      vertex 0.39948123693466187 -6.593053549528122 13.076483442175453
      vertex 0.3843973770057438 -6.599848080622244 13.045868267466718
    endloop
  endfacet
  facet normal 0.07622539280369063 -0.9806917619046858 0.18009263622981966
    outer loop
      vertex 0.8358417087484075 -8.593204291163454 2
      vertex 0.5116485804319382 -6.458072744309902 13.76404383591042
      vertex 0.39948123693466187 -6.593053549528122 13.076483442175453
    endloop
  endfacet
  facet normal 0.07622539280369822 -0.9806917619046852 0.18009263622981966
    outer loop
      vertex 0.8358417087484075 -8.593204291163454 2
      vertex 0.5328885763883591 -6.370952740311623 14.229464549039001
      vertex 0.5116485804319382 -6.458072744309902 13.76404383591042
    endloop
  endfacet
  facet normal 0.076225392803637 -0.98069176190469 0.18009263622981916
    outer loop
      vertex 0.8358417087484075 -8.593204291163454 2
      vertex 0.5367935597896576 -6.29690819978714 14.631020179111722
      vertex 0.5328885763883591 -6.370952740311623 14.229464549039001
    endloop
  endfacet
  facet normal 0.07622539280362847 -0.980691761904691 0.18009263622981775
    outer loop
      vertex 0.8358417087484075 -8.593204291163454 2
      vertex 0.5063639506697655 -6.046439744532108 16.007821945049628
      vertex 0.5367935597896576 -6.29690819978714 14.631020179111722
    endloop
  endfacet
  facet normal 0.07622539280370237 -0.9806917619046849 0.18009263622981958
    outer loop
      vertex 0.8358417087484075 -8.593204291163454 2
      vertex 0.5169781148433685 -5.940421484410763 16.580650282946845
      vertex 0.5063639506697655 -6.046439744532108 16.007821945049628
    endloop
  endfacet
  facet normal 0.07622539280367405 -0.9806917619046872 0.18009263622981966
    outer loop
      vertex 0.8358417087484075 -8.593204291163454 2
      vertex 0.5554300472140312 -5.8435178473591805 17.092062558507862
      vertex 0.5169781148433685 -5.940421484410763 16.580650282946845
    endloop
  endfacet
  facet normal 0.07622539280368355 -0.9806917619046863 0.18009263622981955
    outer loop
      vertex 0.8358417087484075 -8.593204291163454 2
      vertex 0.5668621369179042 -5.827852446792966 17.172529556256098
      vertex 0.5554300472140312 -5.8435178473591805 17.092062558507862
    endloop
  endfacet
  facet normal 0.11419475484426636 -0.9769985672158642 0.18009263622981952
    outer loop
      vertex 1.1684178027600176 -8.554331720826994 2
      vertex 0.6258045807480812 -5.7470835745334625 17.573324147646037
      vertex 0.5668621369179042 -5.827852446792966 17.172529556256098
    endloop
  endfacet
  facet normal 0.11419475484427068 -0.9769985672158639 0.18009263622981958
    outer loop
      vertex 1.1684178027600176 -8.554331720826994 2
      vertex 0.7285286262631416 -5.648620679974556 18.04234698768034
      vertex 0.6258045807480812 -5.7470835745334625 17.573324147646037
    endloop
  endfacet
  facet normal 0.11419475484427495 -0.9769985672158633 0.18009263622981947
    outer loop
      vertex 1.1684178027600176 -8.554331720826994 2
      vertex 0.767249215532173 -5.617258044770256 18.187936291100016
      vertex 0.7285286262631416 -5.648620679974556 18.04234698768034
    endloop
  endfacet
  facet normal 0.15199235712603226 -0.9718358738753506 0.1800926362298194
    outer loop
      vertex 1.4992364854064701 -8.502592622993268 2
      vertex 0.8546768501400948 -5.54644401371479 18.49628473140242
      vertex 0.767249215532173 -5.617258044770256 18.187936291100016
    endloop
  endfacet
  facet normal 0.15199235712602735 -0.9718358738753514 0.18009263622981947
    outer loop
      vertex 1.4992364854064701 -8.502592622993268 2
      vertex 0.9629033533179019 -5.460896281720746 18.86658723213255
      vertex 0.8546768501400948 -5.54644401371479 18.49628473140242
    endloop
  endfacet
  facet normal 0.1895613484647 -0.9652114470643405 0.1800926362298198
    outer loop
      vertex 1.8278001739640894 -8.438064818180191 2
      vertex 0.9894632920622826 -5.439901955425739 18.95115052455049
      vertex 0.9629033533179019 -5.460896281720746 18.86658723213255
    endloop
  endfacet
  facet normal 0.18956134846468223 -0.9652114470643441 0.18009263622981964
    outer loop
      vertex 1.8278001739640894 -8.438064818180191 2
      vertex 0.9952718988060951 -5.4351304695010185 18.97060942959154
      vertex 0.9894632920622826 -5.439901955425739 18.95115052455049
    endloop
  endfacet
  facet normal 0.18956134846469058 -0.9652114470643425 0.18009263622981952
    outer loop
      vertex 1.8278001739640894 -8.438064818180191 2
      vertex 1.1266718953847885 -5.322990469634533 19.433318248506676
      vertex 0.9952718988060951 -5.4351304695010185 18.97060942959154
    endloop
  endfacet
  facet normal 0.18956134846469275 -0.9652114470643421 0.1800926362298197
    outer loop
      vertex 1.8278001739640894 -8.438064818180191 2
      vertex 1.1370024904608727 -5.313529118895531 19.473152872815
      vertex 1.1266718953847885 -5.322990469634533 19.433318248506676
    endloop
  endfacet
  facet normal 0.1895613484646734 -0.9652114470643458 0.18009263622981964
    outer loop
      vertex 1.8278001739640894 -8.438064818180191 2
      vertex 1.148529908929479 -5.302204231738923 19.52171542325645
      vertex 1.1370024904608727 -5.313529118895531 19.473152872815
    endloop
  endfacet
  facet normal 0.22684522152852507 -0.9571352505500298 0.18009263622981964
    outer loop
      vertex 2.153614677434513 -8.360845362335803 2
      vertex 1.2599424868822098 -5.192749120295048 19.963099014796665
      vertex 1.148529908929479 -5.302204231738923 19.52171542325645
    endloop
  endfacet
  facet normal 0.37201615974132657 -0.9105880623350547 0.18009263622981958
    outer loop
      vertex 3.1096876080879747 -8.054292913214516 2
      vertex 3.4196571732307266 -7.927656410902601 2
      vertex 0.8121777818435243 -2.1035932148164247 36.834
    endloop
  endfacet
  facet normal 0.07622539280413541 -0.9806917619046506 0.18009263622982294
    outer loop
      vertex 0.5367935597896576 -6.29690819978714 14.631020179111722
      vertex 0.5063639506697655 -6.046439744532108 16.007821945049628
      vertex 0.5200351849198341 -6.17236702889204 15.316300358277413
    endloop
  endfacet
  facet normal 0.2268452215285329 -0.9571352505500279 0.18009263622982077
    outer loop
      vertex 2.153614677434513 -8.360845362335803 2
      vertex 1.2720746546983719 -5.179719261825085 20.017066865780855
      vertex 1.2599424868822098 -5.192749120295048 19.963099014796665
    endloop
  endfacet
  facet normal 0.22684522152851647 -0.9571352505500318 0.18009263622981947
    outer loop
      vertex 2.153614677434513 -8.360845362335803 2
      vertex 1.319775375202214 -5.123682495621346 20.254800538000683
      vertex 1.2720746546983719 -5.179719261825085 20.017066865780855
    endloop
  endfacet
  facet normal 0.26378789783082035 -0.9476194316991345 0.18009263622981977
    outer loop
      vertex 2.4761899398549008 -8.271050400856886 2
      vertex 1.383314661681652 -5.049039259552956 20.554493447511742
      vertex 1.319775375202214 -5.123682495621346 20.254800538000683
    endloop
  endfacet
  facet normal 0.26378789783084655 -0.9476194316991272 0.18009263622981964
    outer loop
      vertex 2.4761899398549008 -8.271050400856886 2
      vertex 1.3963503018021584 -5.031942844390869 20.62535837226877
      vertex 1.383314661681652 -5.049039259552956 20.554493447511742
    endloop
  endfacet
  facet normal 0.2637878978308112 -0.9476194316991371 0.18009263622981944
    outer loop
      vertex 2.4761899398549008 -8.271050400856886 2
      vertex 1.4728291806957317 -4.919592067360139 21.104509428056
      vertex 1.3963503018021584 -5.031942844390869 20.62535837226877
    endloop
  endfacet
  facet normal 0.3003338120771448 -0.9366783032071386 0.18009263622981944
    outer loop
      vertex 2.795040777388652 -8.168814993895264 2
      vertex 1.4922902956604958 -4.891002848744392 21.2207499938927
      vertex 1.4728291806957317 -4.919592067360139 21.104509428056
    endloop
  endfacet
  facet normal 0.3003338120771693 -0.9366783032071305 0.1800926362298206
    outer loop
      vertex 2.795040777388652 -8.168814993895264 2
      vertex 1.5061887800693512 -4.867212720215321 21.321306645170623
      vertex 1.4922902956604958 -4.891002848744392 21.2207499938927
    endloop
  endfacet
  facet normal 0.3003338120771439 -0.936678303207139 0.18009263622981944
    outer loop
      vertex 2.795040777388652 -8.168814993895264 2
      vertex 1.5803487822413445 -4.717452719807625 21.976548244075474
      vertex 1.5061887800693512 -4.867212720215321 21.321306645170623
    endloop
  endfacet
  facet normal 0.3003338120771242 -0.9366783032071451 0.18009263622981975
    outer loop
      vertex 2.795040777388652 -8.168814993895264 2
      vertex 1.5944561436772346 -4.679897032678127 22.14835249052096
      vertex 1.5803487822413445 -4.717452719807625 21.976548244075474
    endloop
  endfacet
  facet normal 0.30033381207713816 -0.9366783032071407 0.1800926362298195
    outer loop
      vertex 2.795040777388652 -8.168814993895264 2
      vertex 1.5974302126646465 -4.668666009627157 22.201806325946016
      vertex 1.5944561436772346 -4.679897032678127 22.14835249052096
    endloop
  endfacet
  facet normal 0.3364279957409246 -0.9243283215706085 0.1800926362298196
    outer loop
      vertex 3.1096876080879747 -8.054292913214516 2
      vertex 1.6354961469769478 -4.5249170288443565 22.868489932012736
      vertex 1.5974302126646465 -4.668666009627157 22.201806325946016
    endloop
  endfacet
  facet normal 0.33642799574097176 -0.9243283215705914 0.18009263622981947
    outer loop
      vertex 3.1096876080879747 -8.054292913214516 2
      vertex 1.6420667245984077 -4.4676123932003975 23.150332501956427
      vertex 1.6354961469769478 -4.5249170288443565 22.868489932012736
    endloop
  endfacet
  facet normal 0.3364279957409351 -0.9243283215706046 0.18009263622981947
    outer loop
      vertex 3.1096876080879747 -8.054292913214516 2
      vertex 1.6373867243528366 -4.314432397484779 23.94527389677282
      vertex 1.6420667245984077 -4.4676123932003975 23.150332501956427
    endloop
  endfacet
  facet normal 0.33642799574086485 -0.9243283215706303 0.18009263622981997
    outer loop
      vertex 3.1096876080879747 -8.054292913214516 2
      vertex 1.6237739846110344 -4.247776322066784 24.312816992632715
      vertex 1.6373867243528366 -4.314432397484779 23.94527389677282
    endloop
  endfacet
  facet normal 0.40704477609906936 -0.8954781921555949 0.18009263622981958
    outer loop
      vertex 3.4196571732307266 -7.927656410902601 2
      vertex 3.7244832491464397 -7.7890959602884 2
      vertex 0.8819246144562056 -2.044531065411221 36.98855567725722
    endloop
  endfacet
  facet normal 0.44146115844775985 -0.8790214377122755 0.1800926362298196
    outer loop
      vertex 3.7244832491464397 -7.7890959602884 2
      vertex 4.023707348461036 -7.638819969451704 2
      vertex 0.9490493444987572 -1.9847683345182832 37.134
    endloop
  endfacet
  facet normal 0.47521354127906007 -0.8612425515270417 0.18009263622981955
    outer loop
      vertex 4.023707348461036 -7.638819969451704 2
      vertex 4.3168794097053915 -7.477054467757681 2
      vertex 1.0252957433455852 -1.9464759537886474 37.134
    endloop
  endfacet
  facet normal 0.5082511578030141 -0.8421682747335533 0.18009263622981958
    outer loop
      vertex 4.3168794097053915 -7.477054467757681 2
      vertex 4.603558474250526 -7.304042765887235 2
      vertex 1.1 -1.905255888325765 37.134
    endloop
  endfacet
  facet normal 0.5405243163060737 -0.8218272968560035 0.1800926362298196
    outer loop
      vertex 4.603558474250526 -7.304042765887235 2
      vertex 4.883313349551281 -7.1200450898746235 2
      vertex 1.1730497521637209 -1.8611701370236504 37.134
    endloop
  endfacet
  facet normal 0.5719844748921713 -0.8002502126573418 0.18009263622981955
    outer loop
      vertex 4.883313349551281 -7.1200450898746235 2
      vertex 5.155723257700855 -6.925338189702793 2
      vertex 1.2443351260703854 -1.8142850090400349 37.134
    endloop
  endfacet
  facet normal 0.6025843144943436 -0.7774694761218447 0.18009263622981958
    outer loop
      vertex 5.155723257700855 -6.925338189702793 2
      vertex 5.420378468320756 -6.720214923045112 2
      vertex 1.3137489017461301 -1.764671024061096 37.134
    endloop
  endfacet
  facet normal 0.6322778100471086 -0.7535193516412344 0.18009263622981958
    outer loop
      vertex 5.420378468320756 -6.720214923045112 2
      vertex 5.676880914834197 -6.504983814779611 2
      vertex 1.3811866742786176 -1.7124028062331518 37.134
    endloop
  endfacet
  facet normal 0.6610202997125106 -0.7284358624778001 0.18009263622981955
    outer loop
      vertex 5.676880914834197 -6.504983814779611 2
      vertex 5.924844793196077 -6.279968592938249 2
      vertex 1.4465470108519394 -1.6575589719208546 37.134
    endloop
  endfacet
  facet normal 0.6887685520558183 -0.7022567365819467 0.18009263622981958
    outer loop
      vertex 5.924844793196077 -6.279968592938249 2
      vertex 6.163897142178858 -6.045507701789219 2
      vertex 1.5097316033112136 -1.6002220114607077 37.134
    endloop
  endfacet
  facet normal 0.7154808310696438 -0.6750213498458294 0.18009263622981955
    outer loop
      vertex 6.163897142178858 -6.045507701789219 2
      vertex 6.393678404341722 -5.801953792784613 2
      vertex 1.5706454160273777 -1.5404781650877712 37.134
    endloop
  endfacet
  facet normal 0.7411169589489178 -0.6467706668782236 0.18009263622981955
    outer loop
      vertex 6.393678404341722 -5.801953792784613 2
      vertex 6.613842966839098 -5.549673194139134 2
      vertex 1.62919682883981 -1.4784172932221495 37.134
    endloop
  endfacet
  facet normal 0.7656383765220868 -0.6175471793898966 0.18009263622981958
    outer loop
      vertex 6.613842966839098 -5.549673194139134 2
      vertex 6.824059681255221 -5.289045359837668 2
      vertex 1.6852977748617517 -1.4141327413103866 37.134
    endloop
  endfacet
  facet normal 0.7890082012478022 -0.5873948422820051 0.18009263622981958
    outer loop
      vertex 6.824059681255221 -5.289045359837668 2
      vertex 7.024012361682798 -5.020462298900443 2
      vertex 1.7388638729412709 -1.3477211994250462 37.134
    endloop
  endfacet
  facet normal 0.8111912826897392 -0.5563590075337771 0.1800926362298196
    outer loop
      vertex 7.024012361682798 -5.020462298900443 2
      vertex 7.213400260296654 -4.744327985764225 2
      vertex 1.7898145545785291 -1.2792825568336583 37.134
    endloop
  endfacet
  facet normal 0.8321542553861944 -0.5244863559888305 0.18009263622981955
    outer loop
      vertex 7.213400260296654 -4.744327985764225 2
      vertex 7.391938519707026 -4.461057752666398 2
      vertex 1.8380731851084606 -1.2089197517557726 37.134
    endloop
  endfacet
  facet normal 0.8518655890349416 -0.49182482714269915 0.18009263622981958
    outer loop
      vertex 7.391938519707026 -4.461057752666398 2
      vertex 7.55935860141213 -4.171077664945823 2
      vertex 1.8835671789665869 -1.1367386165340976 37.134
    endloop
  endfacet
  facet normal 0.8702956359177514 -0.45842354703735577 0.18009263622981958
    outer loop
      vertex 7.55935860141213 -4.171077664945823 2
      vertex 7.715408689705603 -3.874823880200071 2
      vertex 1.9262281088645996 -1.0628477184526055 37.134
    endloop
  endfacet
  facet normal 0.8874166754934204 -0.42433275437090556 0.18009263622981955
    outer loop
      vertex 7.715408689705603 -3.874823880200071 2
      vertex 7.859854070431205 -3.5727419922630124 2
      vertex 1.9659918087115067 -0.9873581964410174 37.134
    endloop
  endfacet
  facet normal 0.9032029560920708 -0.3896037249338597 0.18009263622981952
    outer loop
      vertex 7.859854070431205 -3.5727419922630124 2
      vertex 7.992477484015238 -3.265286360989326 2
      vertex 2.002798470125523 -0.9103835939113066 37.134
    endloop
  endfacet
  facet normal 0.9176307336481169 -0.35428869448546124 0.18009263622981952
    outer loop
      vertex 7.992477484015238 -3.265286360989326 2
      vertex 8.11307945224557 -2.9529194288541323 2
      vertex 2.0365927323915587 -0.8320396879776136 37.134
    endloop
  endfacet
  facet normal 0.9306783074136045 -0.31844078018611577 0.18009263622981958
    outer loop
      vertex 8.11307945224557 -2.9529194288541323 2
      vertex 8.221478578305812 -2.636111025395578 2
      vertex 2.067323765728999 -0.7524443153164713 37.134
    endloop
  endfacet
  facet normal 0.9423260525981728 -0.2821139007042008 0.1800926362298196
    outer loop
      vertex 8.221478578305812 -2.636111025395578 2
      vertex 8.317511819613372 -2.3153376605465836 2
      vertex 2.0949453477445137 -0.6717171949292486 37.134
    endloop
  endfacet
  facet normal 0.952556449886633 -0.24536269511718475 0.18009263622981955
    outer loop
      vertex 8.317511819613372 -2.3153376605465836 2
      vertex 8.401034733050977 -1.9910818079186374 2
      vertex 2.1194159329549374 -0.5899797480734018 37.134
    endloop
  endfacet
  facet normal 0.9613541117896571 -0.20824244072934184 0.18009263622981952
    outer loop
      vertex 8.401034733050977 -1.9910818079186374 2
      vertex 8.47192169222285 -1.6638311791156544 2
      vertex 2.140698715275613 -0.5073549156333678 37.134
    endloop
  endfacet
  facet normal 0.9687058057880429 -0.1708089699293705 0.1800926362298196
    outer loop
      vertex 8.47192169222285 -1.6638311791156544 2
      vertex 8.530066076408731 -1.334077990169404 2
      vertex 2.1587616833802468 -0.42396697320579635 37.134
    endloop
  endfacet
  facet normal 0.9746004742356691 -0.1331185862132059 0.18009263622981958
    outer loop
      vertex 8.530066076408731 -1.334077990169404 2
      vertex 8.575380430931581 -1.0023182211998078 2
      vertex 2.1735776688489796 -0.33994134417725 37.134
    endloop
  endfacet
  facet normal 0.9790292509912432 -0.09522797949825164 0.18009263622981958
    outer loop
      vertex 8.575380430931581 -1.0023182211998078 2
      vertex 8.60779659869772 -0.6690508704137761 2
      vertex 2.1851243870322747 -0.25540441107550726 37.134
    endloop
  endfacet
  facet normal 0.9819854747538309 -0.05719414085627355 0.18009263622981955
    outer loop
      vertex 8.60779659869772 -0.6690508704137761 2
      vertex 8.627265822711562 -0.3347772035644696 2
      vertex 2.1933844705691428 -0.17048332547824854 37.134
    endloop
  endfacet
  facet normal 0.9834646990820765 -0.01907427679349214 0.18009263622981958
    outer loop
      vertex 8.627265822711562 -0.3347772035644696 2
      vertex 8.633758819410783 0 2
      vertex 2.1983454955093062 -0.08530581676499702 37.134
    endloop
  endfacet
  facet normal -1.7291755738845926e-14 -0.9836496542854035 0.18009263622981955
    outer loop
      vertex 0.08277943297248866 -4.268085811057672 25.836043364336923
      vertex 0.08629514276981354 -5.000669971108437 21.83473508847095
      vertex 0.09671194765049018 -4.986442606631448 21.912443663580728
    endloop
  endfacet
  facet normal 0.3364279957409526 -0.9243283215705983 0.1800926362298201
    outer loop
      vertex 3.1096876080879747 -8.054292913214516 2
      vertex 0.8121777818435243 -2.1035932148164247 36.834
      vertex 1.6237739846110344 -4.247776322066784 24.312816992632715
    endloop
  endfacet
  facet normal 3.1713907525596863e-15 -0.9836496542854035 0.1800926362298196
    outer loop
      vertex 0.08629514276981354 -5.000669971108437 21.83473508847095
      vertex -0.06065530329942703 -4.112896241247654 26.683674727217984
      vertex -0.01346614956855774 -5.096017055213451 21.313957957987203
    endloop
  endfacet
  facet normal 0.038141380531555726 -0.9829099030261833 0.18009263622981966
    outer loop
      vertex 0.08277943297248866 -4.268085811057672 25.836043364336923
      vertex 0.09671194765049018 -4.986442606631448 21.912443663580728
      vertex 0.16105927526950836 -4.8985564559698105 22.378480885714364
    endloop
  endfacet
  facet normal 0.03814138053154939 -0.9829099030261834 0.18009263622981952
    outer loop
      vertex 0.20891863852739334 -4.7906127870082855 22.957480011876196
      vertex 0.1290881708264351 -4.328612141311169 25.49589503914807
      vertex 0.16105927526950836 -4.8985564559698105 22.378480885714364
    endloop
  endfacet
  facet normal 0.03814138053155079 -0.9829099030261833 0.18009263622981975
    outer loop
      vertex 0.22949962317943573 -4.6777984872460365 23.568839296613685
      vertex 0.18882764130830765 -4.4432058557868 24.85781318824767
      vertex 0.20891863852739334 -4.7906127870082855 22.957480011876196
    endloop
  endfacet
  facet normal 0.03814138053155305 -0.9829099030261832 0.1800926362298198
    outer loop
      vertex 0.22266029566526413 -4.5608846470713615 24.20838034122823
      vertex 0.18882764130830765 -4.4432058557868 24.85781318824767
      vertex 0.22949962317943573 -4.6777984872460365 23.568839296613685
    endloop
  endfacet
  facet normal 1.954091535440707e-14 -0.9836496542854035 0.18009263622981964
    outer loop
      vertex 0.08277943297248866 -4.268085811057672 25.836043364336923
      vertex 0.04500439763069153 -4.21871317923069 26.105712203910112
      vertex 0.08629514276981354 -5.000669971108437 21.83473508847095
    endloop
  endfacet
  facet normal 0.03814138053154845 -0.9829099030261835 0.18009263622981952
    outer loop
      vertex 0.08277943297248866 -4.268085811057672 25.836043364336923
      vertex 0.16105927526950836 -4.8985564559698105 22.378480885714364
      vertex 0.1290881708264351 -4.328612141311169 25.49589503914807
    endloop
  endfacet
  facet normal -4.476158545006137e-15 -0.9836496542854035 0.1800926362298194
    outer loop
      vertex 0.08629514276981354 -5.000669971108437 21.83473508847095
      vertex 0.04500439763069153 -4.21871317923069 26.105712203910112
      vertex -0.06065530329942703 -4.112896241247654 26.683674727217984
    endloop
  endfacet
  facet normal 0.03814138053155952 -0.9829099030261831 0.18009263622981977
    outer loop
      vertex 0.1290881708264351 -4.328612141311169 25.49589503914807
      vertex 0.20891863852739334 -4.7906127870082855 22.957480011876196
      vertex 0.18882764130830765 -4.4432058557868 24.85781318824767
    endloop
  endfacet
  facet normal 0.3720161597413574 -0.9105880623350423 0.1800926362298194
    outer loop
      vertex 3.4196571732307266 -7.927656410902601 2
      vertex 0.8499738155772371 -2.0881518358826687 36.834
      vertex 0.8121777818435243 -2.1035932148164247 36.834
    endloop
  endfacet
  facet normal 0.3720161597413098 -0.9105880623350616 0.18009263622982002
    outer loop
      vertex 3.4196571732307266 -7.927656410902601 2
      vertex 0.8819246144562056 -2.044531065411221 36.98855567725722
      vertex 0.8499738155772371 -2.0881518358826687 36.834
    endloop
  endfacet
  facet normal 0.40704477609904766 -0.8954781921556046 0.1800926362298191
    outer loop
      vertex 3.7244832491464397 -7.7890959602884 2
      vertex 0.8985489755868912 -2.021834686398506 37.063835007808265
      vertex 0.8819246144562056 -2.044531065411221 36.98855567725722
    endloop
  endfacet
  facet normal 0.40704477609909445 -0.8954781921555823 0.18009263622982494
    outer loop
      vertex 3.7244832491464397 -7.7890959602884 2
      vertex 0.9124125026078496 -2.001421822269407 37.134
      vertex 0.9074450209736824 -2.009001664817333 37.10753808377815
    endloop
  endfacet
  facet normal 0.40704477609908146 -0.8954781921555898 0.18009263622981775
    outer loop
      vertex 3.7244832491464397 -7.7890959602884 2
      vertex 0.9074450209736824 -2.009001664817333 37.10753808377815
      vertex 0.8985489755868912 -2.021834686398506 37.063835007808265
    endloop
  endfacet
  facet normal 0.40704477609906753 -0.8954781921555957 0.1800926362298199
    outer loop
      vertex 3.7244832491464397 -7.7890959602884 2
      vertex 0.9490493444987572 -1.9847683345182832 37.134
      vertex 0.9124125026078496 -2.001421822269407 37.134
    endloop
  endfacet
  facet normal 0.44146115844775263 -0.879021437712279 0.18009263622981997
    outer loop
      vertex 4.023707348461036 -7.638819969451704 2
      vertex 1.0252957433455852 -1.9464759537886474 37.134
      vertex 0.9490493444987572 -1.9847683345182832 37.134
    endloop
  endfacet
  facet normal 0.4752135412790616 -0.8612425515270411 0.18009263622981872
    outer loop
      vertex 4.3168794097053915 -7.477054467757681 2
      vertex 1.1 -1.905255888325765 37.134
      vertex 1.0252957433455852 -1.9464759537886474 37.134
    endloop
  endfacet
  facet normal 0.5082511578030152 -0.8421682747335525 0.18009263622981977
    outer loop
      vertex 4.603558474250526 -7.304042765887235 2
      vertex 1.1730497521637209 -1.8611701370236504 37.134
      vertex 1.1 -1.905255888325765 37.134
    endloop
  endfacet
  facet normal 0.5405243163060663 -0.8218272968560081 0.18009263622982016
    outer loop
      vertex 4.883313349551281 -7.1200450898746235 2
      vertex 1.2443351260703854 -1.8142850090400349 37.134
      vertex 1.1730497521637209 -1.8611701370236504 37.134
    endloop
  endfacet
  facet normal 0.5719844748921775 -0.8002502126573376 0.18009263622981886
    outer loop
      vertex 5.155723257700855 -6.925338189702793 2
      vertex 1.3137489017461301 -1.764671024061096 37.134
      vertex 1.2443351260703854 -1.8142850090400349 37.134
    endloop
  endfacet
  facet normal 0.6025843144943476 -0.7774694761218416 0.18009263622982014
    outer loop
      vertex 5.420378468320756 -6.720214923045112 2
      vertex 1.3811866742786176 -1.7124028062331518 37.134
      vertex 1.3137489017461301 -1.764671024061096 37.134
    endloop
  endfacet
  facet normal 0.6322778100471016 -0.7535193516412404 0.180092636229819
    outer loop
      vertex 5.676880914834197 -6.504983814779611 2
      vertex 1.4465470108519394 -1.6575589719208546 37.134
      vertex 1.3811866742786176 -1.7124028062331518 37.134
    endloop
  endfacet
  facet normal 0.6610202997125129 -0.7284358624777983 0.18009263622981891
    outer loop
      vertex 5.924844793196077 -6.279968592938249 2
      vertex 1.5097316033112136 -1.6002220114607077 37.134
      vertex 1.4465470108519394 -1.6575589719208546 37.134
    endloop
  endfacet
  facet normal 0.6887685520558192 -0.7022567365819455 0.18009263622981941
    outer loop
      vertex 6.163897142178858 -6.045507701789219 2
      vertex 1.5706454160273777 -1.5404781650877712 37.134
      vertex 1.5097316033112136 -1.6002220114607077 37.134
    endloop
  endfacet
  facet normal 0.7154808310696477 -0.6750213498458253 0.18009263622982
    outer loop
      vertex 6.393678404341722 -5.801953792784613 2
      vertex 1.62919682883981 -1.4784172932221495 37.134
      vertex 1.5706454160273777 -1.5404781650877712 37.134
    endloop
  endfacet
  facet normal 0.7411169589489138 -0.6467706668782283 0.18009263622981855
    outer loop
      vertex 6.613842966839098 -5.549673194139134 2
      vertex 1.6852977748617517 -1.4141327413103866 37.134
      vertex 1.62919682883981 -1.4784172932221495 37.134
    endloop
  endfacet
  facet normal 0.7656383765220908 -0.6175471793898919 0.18009263622981922
    outer loop
      vertex 6.824059681255221 -5.289045359837668 2
      vertex 1.7388638729412709 -1.3477211994250462 37.134
      vertex 1.6852977748617517 -1.4141327413103866 37.134
    endloop
  endfacet
  facet normal 0.7890082012478045 -0.5873948422820018 0.18009263622982005
    outer loop
      vertex 7.024012361682798 -5.020462298900443 2
      vertex 1.7898145545785291 -1.2792825568336583 37.134
      vertex 1.7388638729412709 -1.3477211994250462 37.134
    endloop
  endfacet
  facet normal 0.811191282689736 -0.5563590075337819 0.18009263622982
    outer loop
      vertex 7.213400260296654 -4.744327985764225 2
      vertex 1.8380731851084606 -1.2089197517557726 37.134
      vertex 1.7898145545785291 -1.2792825568336583 37.134
    endloop
  endfacet
  facet normal 0.8321542553861975 -0.5244863559888256 0.1800926362298203
    outer loop
      vertex 7.391938519707026 -4.461057752666398 2
      vertex 1.8835671789665869 -1.1367386165340976 37.134
      vertex 1.8380731851084606 -1.2089197517557726 37.134
    endloop
  endfacet
  facet normal 0.8518655890349399 -0.4918248271427023 0.1800926362298194
    outer loop
      vertex 7.55935860141213 -4.171077664945823 2
      vertex 1.9262281088645996 -1.0628477184526055 37.134
      vertex 1.8835671789665869 -1.1367386165340976 37.134
    endloop
  endfacet
  facet normal 0.8702956359177523 -0.4584235470373538 0.18009263622982
    outer loop
      vertex 7.715408689705603 -3.874823880200071 2
      vertex 1.9659918087115067 -0.9873581964410174 37.134
      vertex 1.9262281088645996 -1.0628477184526055 37.134
    endloop
  endfacet
  facet normal 0.8874166754934167 -0.42433275437091306 0.18009263622981975
    outer loop
      vertex 7.859854070431205 -3.5727419922630124 2
      vertex 2.002798470125523 -0.9103835939113066 37.134
      vertex 1.9659918087115067 -0.9873581964410174 37.134
    endloop
  endfacet
  facet normal 0.9032029560920734 -0.38960372493385387 0.18009263622981958
    outer loop
      vertex 7.992477484015238 -3.265286360989326 2
      vertex 2.0365927323915587 -0.8320396879776136 37.134
      vertex 2.002798470125523 -0.9103835939113066 37.134
    endloop
  endfacet
  facet normal 0.9176307336481198 -0.3542886944854542 0.1800926362298196
    outer loop
      vertex 8.11307945224557 -2.9529194288541323 2
      vertex 2.067323765728999 -0.7524443153164713 37.134
      vertex 2.0365927323915587 -0.8320396879776136 37.134
    endloop
  endfacet
  facet normal 0.930678307413606 -0.31844078018611166 0.18009263622981972
    outer loop
      vertex 8.221478578305812 -2.636111025395578 2
      vertex 2.0949453477445137 -0.6717171949292486 37.134
      vertex 2.067323765728999 -0.7524443153164713 37.134
    endloop
  endfacet
  facet normal 0.9423260525981701 -0.282113900704209 0.1800926362298197
    outer loop
      vertex 8.317511819613372 -2.3153376605465836 2
      vertex 2.1194159329549374 -0.5899797480734018 37.134
      vertex 2.0949453477445137 -0.6717171949292486 37.134
    endloop
  endfacet
  facet normal 0.9525564498866309 -0.24536269511719272 0.1800926362298195
    outer loop
      vertex 8.401034733050977 -1.9910818079186374 2
      vertex 2.140698715275613 -0.5073549156333678 37.134
      vertex 2.1194159329549374 -0.5899797480734018 37.134
    endloop
  endfacet
  facet normal 0.9613541117896587 -0.20824244072933432 0.1800926362298196
    outer loop
      vertex 8.47192169222285 -1.6638311791156544 2
      vertex 2.1587616833802468 -0.42396697320579635 37.134
      vertex 2.140698715275613 -0.5073549156333678 37.134
    endloop
  endfacet
  facet normal 0.9687058057880438 -0.17080896992936467 0.18009263622981958
    outer loop
      vertex 8.530066076408731 -1.334077990169404 2
      vertex 2.1735776688489796 -0.33994134417725 37.134
      vertex 2.1587616833802468 -0.42396697320579635 37.134
    endloop
  endfacet
  facet normal 0.974600474235668 -0.13311858621321426 0.1800926362298196
    outer loop
      vertex 8.575380430931581 -1.0023182211998078 2
      vertex 2.1851243870322747 -0.25540441107550726 37.134
      vertex 2.1735776688489796 -0.33994134417725 37.134
    endloop
  endfacet
  facet normal 0.9790292509912435 -0.09522797949824734 0.1800926362298197
    outer loop
      vertex 8.60779659869772 -0.6690508704137761 2
      vertex 2.1933844705691428 -0.17048332547824854 37.134
      vertex 2.1851243870322747 -0.25540441107550726 37.134
    endloop
  endfacet
  facet normal 0.9819854747538307 -0.057194140856276096 0.18009263622981944
    outer loop
      vertex 8.627265822711562 -0.3347772035644696 2
      vertex 2.1983454955093062 -0.08530581676499702 37.134
      vertex 2.1933844705691428 -0.17048332547824854 37.134
    endloop
  endfacet
  facet normal 0.9834646990820766 -0.01907427679348951 0.18009263622981958
    outer loop
      vertex 2.1983454955093062 -0.08530581676499702 37.134
      vertex 8.633758819410783 0 2
      vertex 2.2 0 37.134
    endloop
  endfacet
  facet normal 0.3364279957409248 -0.9243283215706084 0.18009263622981952
    outer loop
      vertex 0.7299993776987432 -2.1335037078246235 36.834
      vertex 1.437555268406868 -3.930335558950901 26.289958783020122
      vertex 1.537275269627571 -4.052735559642315 25.475453590491814
    endloop
  endfacet
  facet normal 0.336427995740947 -0.9243283215706004 0.1800926362298191
    outer loop
      vertex 0.7299993776987432 -2.1335037078246235 36.834
      vertex 1.4055739417672157 -3.8990122750401497 26.510469809440664
      vertex 1.437555268406868 -3.930335558950901 26.289958783020122
    endloop
  endfacet
  facet normal 0.33642799574093674 -0.9243283215706041 0.18009263622981944
    outer loop
      vertex 0.7299993776987432 -2.1335037078246235 36.834
      vertex 1.3080294224959526 -3.8228602764514656 27.083542414263697
      vertex 1.4055739417672157 -3.8990122750401497 26.510469809440664
    endloop
  endfacet
  facet normal 0.15199235712603834 -0.9718358738753498 0.1800926362298195
    outer loop
      vertex 0.6083615506611182 -3.4501898020188375 30.016206534340164
      vertex 0.3099504290910607 -2.2692386072811113 36.640835786697075
      vertex 0.501626543700695 -3.386278957128525 30.45117022152782
    endloop
  endfacet
  facet normal 0.1895613484646847 -0.9652114470643436 0.18009263622981955
    outer loop
      vertex 0.7650635649136861 -3.5319265435722222 29.41319529526134
      vertex 0.3915655579066321 -2.2206786297443477 36.834
      vertex 0.6341514214873314 -3.465632274746895 29.906296353929527
    endloop
  endfacet
  facet normal 0.18956134846467737 -0.965211447064345 0.18009263622981936
    outer loop
      vertex 0.3915655579066321 -2.2206786297443477 36.834
      vertex 0.6083615506611182 -3.4501898020188375 30.016206534340164
      vertex 0.6341514214873314 -3.465632274746895 29.906296353929527
    endloop
  endfacet
  facet normal 0.3003338120771466 -0.936678303207138 0.18009263622981955
    outer loop
      vertex 1.3080294224959526 -3.8228602764514656 27.083542414263697
      vertex 0.7299993776987432 -2.1335037078246235 36.834
      vertex 1.2750739455223083 -3.7971322759985924 27.27231472916302
    endloop
  endfacet
  facet normal 0.2637878978309108 -0.9476194316991093 0.18009263622981983
    outer loop
      vertex 1.1069152240531235 -3.697354334682282 28.071701009670388
      vertex 0.6467229851461362 -2.1602052085914525 36.834
      vertex 1.1048067435622215 -3.6961303874850273 28.08122959351329
    endloop
  endfacet
  facet normal 0.26378789783085055 -0.947619431699126 0.1800926362298205
    outer loop
      vertex 0.6467229851461362 -2.1602052085914525 36.834
      vertex 1.0924248546361923 -3.689512625336647 28.134187408206888
      vertex 1.1048067435622215 -3.6961303874850273 28.08122959351329
    endloop
  endfacet
  facet normal 0.2637878978308108 -0.9476194316991371 0.18009263622981958
    outer loop
      vertex 0.5624738597906572 -2.1836575555233395 36.834
      vertex 0.9370848536491394 -3.6133726313710213 28.762356069008362
      vertex 1.0924248546361923 -3.689512625336647 28.134187408206888
    endloop
  endfacet
  facet normal 0.30033381207713067 -0.9366783032071431 0.18009263622981933
    outer loop
      vertex 0.7299993776987432 -2.1335037078246235 36.834
      vertex 1.252406746149063 -3.781810387969017 27.38980652072828
      vertex 1.2750739455223083 -3.7971322759985924 27.27231472916302
    endloop
  endfacet
  facet normal 0.3003338120771427 -0.9366783032071393 0.18009263622981958
    outer loop
      vertex 0.6467229851461362 -2.1602052085914525 36.834
      vertex 1.1069152240531235 -3.697354334682282 28.071701009670388
      vertex 1.252406746149063 -3.781810387969017 27.38980652072828
    endloop
  endfacet
  facet normal 0.263787897830824 -0.9476194316991335 0.18009263622981947
    outer loop
      vertex 0.5624738597906572 -2.1836575555233395 36.834
      vertex 0.9341594353318214 -3.61196805536747 28.77403169054672
      vertex 0.9370848536491394 -3.6133726313710213 28.762356069008362
    endloop
  endfacet
  facet normal 0.263787897830789 -0.9476194316991432 0.1800926362298187
    outer loop
      vertex 0.5624738597906572 -2.1836575555233395 36.834
      vertex 0.9298624722168454 -3.6099476939419772 28.790956428152974
      vertex 0.9341594353318214 -3.61196805536747 28.77403169054672
    endloop
  endfacet
  facet normal 0.22684522152852643 -0.9571352505500293 0.18009263622981955
    outer loop
      vertex 0.47737872031979506 -2.203825474062727 36.834
      vertex 0.7798461467027664 -3.53941248357296 29.354789714005403
      vertex 0.9298624722168454 -3.6099476939419772 28.790956428152974
    endloop
  endfacet
  facet normal 0.2268452215285572 -0.9571352505500222 0.18009263622981936
    outer loop
      vertex 0.47737872031979506 -2.203825474062727 36.834
      vertex 0.7650635649136861 -3.5319265435722222 29.41319529526134
      vertex 0.7798461467027664 -3.53941248357296 29.354789714005403
    endloop
  endfacet
  facet normal 0.3364279957407159 -0.9243283215706836 0.18009263622982385
    outer loop
      vertex 0.8121777818435243 -2.1035932148164247 36.834
      vertex 1.5685139819979668 -4.106296315789223 25.142195649023098
      vertex 1.6237739846110344 -4.247776322066784 24.312816992632715
    endloop
  endfacet
  facet normal 0.3364279957409873 -0.9243283215705861 0.1800926362298173
    outer loop
      vertex 0.8121777818435243 -2.1035932148164247 36.834
      vertex 1.537275269627571 -4.052735559642315 25.475453590491814
      vertex 1.5685139819979668 -4.106296315789223 25.142195649023098
    endloop
  endfacet
  facet normal 0.11419475484427823 -0.976998567215863 0.18009263622981958
    outer loop
      vertex 0.23041090284267285 -2.3688312491647654 36.150983044397094
      vertex 0.31408248611407436 -3.2290503563123276 31.43125819107604
      vertex 0.38390763849020004 -3.297834888100624 31.01382826870319
    endloop
  endfacet
  facet normal 0.07622539280368926 -0.9806917619046859 0.1800926362298197
    outer loop
      vertex 0.31408248611407436 -3.2290503563123276 31.43125819107604
      vertex 0.2261393889784813 -2.3741796761751175 36.12366621129927
      vertex 0.28391654789447784 -3.1993339881300926 31.605846162124458
    endloop
  endfacet
  facet normal 0.07622539280368205 -0.9806917619046864 0.1800926362298196
    outer loop
      vertex 0.28391654789447784 -3.1993339881300926 31.605846162124458
      vertex 0.1569492071866989 -2.48858180642128 35.529976318531645
      vertex 0.20371125638484955 -3.0905149057507515 32.23236626777562
    endloop
  endfacet
  facet normal 0.03814138053156387 -0.9829099030261829 0.18009263622981958
    outer loop
      vertex 0.14661472200388237 -2.5172775609075715 35.378088154714916
      vertex 0.14531142264604568 -2.9731509909033775 32.890297378745075
      vertex 0.17685894669440544 -3.036550844790239 32.5375921727737
    endloop
  endfacet
  facet normal 0.07622539280368558 -0.9806917619046861 0.18009263622981958
    outer loop
      vertex 0.17685894669440544 -3.036550844790239 32.5375921727737
      vertex 0.20371125638484955 -3.0905149057507515 32.23236626777562
      vertex 0.14661472200388237 -2.5172775609075715 35.378088154714916
    endloop
  endfacet
  facet normal 0.11419475484426986 -0.976998567215864 0.1800926362298196
    outer loop
      vertex 0.45805303185335067 -3.3535414908505 30.66460640485768
      vertex 0.23041090284267285 -2.3688312491647654 36.150983044397094
      vertex 0.38390763849020004 -3.297834888100624 31.01382826870319
    endloop
  endfacet
  facet normal 0.15199235712601206 -0.9718358738753539 0.1800926362298195
    outer loop
      vertex 0.3099504290910607 -2.2692386072811113 36.640835786697075
      vertex 0.45805303185335067 -3.3535414908505 30.66460640485768
      vertex 0.501626543700695 -3.386278957128525 30.45117022152782
    endloop
  endfacet
  facet normal 0.03814138053156021 -0.9829099030261831 0.18009263622981966
    outer loop
      vertex 0.14531142264604568 -2.9731509909033775 32.890297378745075
      vertex 0.11553391069173813 -2.603579618036747 34.91365116659967
      vertex 0.11046119779348373 -2.8493007868528366 33.57362808186033
    endloop
  endfacet
  facet normal 0.038141380531573815 -0.9829099030261824 0.1800926362298195
    outer loop
      vertex 0.10023382306098938 -2.7241177037358284 34.25901856124146
      vertex 0.11046119779348373 -2.8493007868528366 33.57362808186033
      vertex 0.11553391069173813 -2.603579618036747 34.91365116659967
    endloop
  endfacet
  facet normal 0.03814138053155626 -0.9829099030261833 0.18009263622981964
    outer loop
      vertex 0.14661472200388237 -2.5172775609075715 35.378088154714916
      vertex 0.11553391069173813 -2.603579618036747 34.91365116659967
      vertex 0.14531142264604568 -2.9731509909033775 32.890297378745075
    endloop
  endfacet
  facet normal 0.07622539280369899 -0.9806917619046852 0.18009263622981964
    outer loop
      vertex 0.14661472200388237 -2.5172775609075715 35.378088154714916
      vertex 0.20371125638484955 -3.0905149057507515 32.23236626777562
      vertex 0.1569492071866989 -2.48858180642128 35.529976318531645
    endloop
  endfacet
  facet normal 0.07622539280368856 -0.9806917619046859 0.18009263622981975
    outer loop
      vertex 0.28391654789447784 -3.1993339881300926 31.605846162124458
      vertex 0.2261393889784813 -2.3741796761751175 36.12366621129927
      vertex 0.1569492071866989 -2.48858180642128 35.529976318531645
    endloop
  endfacet
  facet normal 0.07622539280364515 -0.9806917619046894 0.1800926362298197
    outer loop
      vertex 0.31408248611407436 -3.2290503563123276 31.43125819107604
      vertex 0.23041090284267285 -2.3688312491647654 36.150983044397094
      vertex 0.2261393889784813 -2.3741796761751175 36.12366621129927
    endloop
  endfacet
  facet normal 0.11419475484425692 -0.9769985672158655 0.1800926362298194
    outer loop
      vertex 0.45805303185335067 -3.3535414908505 30.66460640485768
      vertex 0.3099504290910607 -2.2692386072811113 36.640835786697075
      vertex 0.23041090284267285 -2.3688312491647654 36.150983044397094
    endloop
  endfacet
  facet normal 0.1519923571260787 -0.9718358738753433 0.18009263622982016
    outer loop
      vertex 0.6083615506611182 -3.4501898020188375 30.016206534340164
      vertex 0.32135435193777084 -2.2549595832824707 36.708265299119525
      vertex 0.3099504290910607 -2.2692386072811113 36.640835786697075
    endloop
  endfacet
  facet normal 0.151992357126026 -0.9718358738753516 0.18009263622981952
    outer loop
      vertex 0.6083615506611182 -3.4501898020188375 30.016206534340164
      vertex 0.3451865951488882 -2.2279321671575123 36.834
      vertex 0.32135435193777084 -2.2549595832824707 36.708265299119525
    endloop
  endfacet
  facet normal 0.15199235712604067 -0.9718358738753493 0.18009263622981958
    outer loop
      vertex 0.3915655579066321 -2.2206786297443477 36.834
      vertex 0.3451865951488882 -2.2279321671575123 36.834
      vertex 0.6083615506611182 -3.4501898020188375 30.016206534340164
    endloop
  endfacet
  facet normal 0.18956134846467934 -0.9652114470643448 0.18009263622981952
    outer loop
      vertex 0.7650635649136861 -3.5319265435722222 29.41319529526134
      vertex 0.47737872031979506 -2.203825474062727 36.834
      vertex 0.3915655579066321 -2.2206786297443477 36.834
    endloop
  endfacet
  facet normal 0.336427995740941 -0.9243283215706025 0.1800926362298198
    outer loop
      vertex 1.537275269627571 -4.052735559642315 25.475453590491814
      vertex 0.8121777818435243 -2.1035932148164247 36.834
      vertex 0.7299993776987432 -2.1335037078246235 36.834
    endloop
  endfacet
  facet normal 0.2637878978308045 -0.9476194316991389 0.18009263622981944
    outer loop
      vertex 1.0924248546361923 -3.689512625336647 28.134187408206888
      vertex 0.6467229851461362 -2.1602052085914525 36.834
      vertex 0.5624738597906572 -2.1836575555233395 36.834
    endloop
  endfacet
  facet normal 0.22684522152853467 -0.9571352505500276 0.18009263622981955
    outer loop
      vertex 0.9298624722168454 -3.6099476939419772 28.790956428152974
      vertex 0.5624738597906572 -2.1836575555233395 36.834
      vertex 0.47737872031979506 -2.203825474062727 36.834
    endloop
  endfacet
  facet normal 0.3003338120771474 -0.9366783032071377 0.18009263622981966
    outer loop
      vertex 1.252406746149063 -3.781810387969017 27.38980652072828
      vertex 0.7299993776987432 -2.1335037078246235 36.834
      vertex 0.6467229851461362 -2.1602052085914525 36.834
    endloop
  endfacet
  facet normal 0 0 1
    outer loop
      vertex 0.9490493444987572 -1.9847683345182832 37.134
      vertex 0.9188532158732414 -1.991593986749649 37.134
      vertex 0.9124125026078496 -2.001421822269407 37.134
    endloop
  endfacet
  facet normal 0 0 1
    outer loop
      vertex 0.9490493444987572 -1.9847683345182832 37.134
      vertex 0.9270694628357887 -1.978315494954586 37.134
      vertex 0.9188532158732414 -1.991593986749649 37.134
    endloop
  endfacet
  facet normal 0 0 1
    outer loop
      vertex 0.9490493444987572 -1.9847683345182832 37.134
      vertex 1.0252957433455852 -1.9464759537886474 37.134
      vertex 0.9270694628357887 -1.978315494954586 37.134
    endloop
  endfacet
  facet normal 0 0 1
    outer loop
      vertex 1.0252957433455852 -1.9464759537886474 37.134
      vertex 1.0127494558691978 -1.8314354941248894 37.134
      vertex 0.9270694628357887 -1.978315494954586 37.134
    endloop
  endfacet
  facet normal 0 0 1
    outer loop
      vertex 1.0252957433455852 -1.9464759537886474 37.134
      vertex 1.1 -1.905255888325765 37.134
      vertex 1.0216195210814476 -1.815085157752037 37.134
    endloop
  endfacet
  facet normal 0 0 1
    outer loop
      vertex 1.0252957433455852 -1.9464759537886474 37.134
      vertex 1.0216195210814476 -1.815085157752037 37.134
      vertex 1.0127494558691978 -1.8314354941248894 37.134
    endloop
  endfacet
  facet normal 0 0 1
    outer loop
      vertex 1.1 -1.905255888325765 37.134
      vertex 1.0327593460679054 -1.7929392233490944 37.134
      vertex 1.0216195210814476 -1.815085157752037 37.134
    endloop
  endfacet
  facet normal 0 0 1
    outer loop
      vertex 1.1 -1.905255888325765 37.134
      vertex 1.040599025785923 -1.776070661842823 37.134
      vertex 1.0327593460679054 -1.7929392233490944 37.134
    endloop
  endfacet
  facet normal 0 0 1
    outer loop
      vertex 1.1 -1.905255888325765 37.134
      vertex 1.1730497521637209 -1.8611701370236504 37.134
      vertex 1.040599025785923 -1.776070661842823 37.134
    endloop
  endfacet
  facet normal 0 0 1
    outer loop
      vertex 1.1730497521637209 -1.8611701370236504 37.134
      vertex 1.106479026377201 -1.6219906657934189 37.134
      vertex 1.040599025785923 -1.776070661842823 37.134
    endloop
  endfacet
  facet normal 0 0 1
    outer loop
      vertex 1.1730497521637209 -1.8611701370236504 37.134
      vertex 1.1127153784036636 -1.6061805561184883 37.134
      vertex 1.106479026377201 -1.6219906657934189 37.134
    endloop
  endfacet
  facet normal 0 0 1
    outer loop
      vertex 1.1730497521637209 -1.8611701370236504 37.134
      vertex 1.120426967740059 -1.5848818719387054 37.134
      vertex 1.1127153784036636 -1.6061805561184883 37.134
    endloop
  endfacet
  facet normal 0 0 1
    outer loop
      vertex 1.1730497521637209 -1.8611701370236504 37.134
      vertex 1.2443351260703854 -1.8142850090400349 37.134
      vertex 1.1257579997181892 -1.5687439516186714 37.134
    endloop
  endfacet
  facet normal 0 0 1
    outer loop
      vertex 1.1730497521637209 -1.8611701370236504 37.134
      vertex 1.1257579997181892 -1.5687439516186714 37.134
      vertex 1.120426967740059 -1.5848818719387054 37.134
    endloop
  endfacet
  facet normal 0 0 1
    outer loop
      vertex 1.2443351260703854 -1.8142850090400349 37.134
      vertex 1.1730980053544044 -1.4105239510536194 37.134
      vertex 1.1257579997181892 -1.5687439516186714 37.134
    endloop
  endfacet
  facet normal 0 0 1
    outer loop
      vertex 1.2443351260703854 -1.8142850090400349 37.134
      vertex 1.1753793433308601 -1.4024940878152847 37.134
      vertex 1.1730980053544044 -1.4105239510536194 37.134
    endloop
  endfacet
  facet normal 0 0 1
    outer loop
      vertex 1.2443351260703854 -1.8142850090400349 37.134
      vertex 1.1803287118673325 -1.3836568295955658 37.134
      vertex 1.1782716289162636 -1.3917472437024117 37.134
    endloop
  endfacet
  facet normal 0 0 1
    outer loop
      vertex 1.2443351260703854 -1.8142850090400349 37.134
      vertex 1.1782716289162636 -1.3917472437024117 37.134
      vertex 1.1753793433308601 -1.4024940878152847 37.134
    endloop
  endfacet
  facet normal 0 0 1
    outer loop
      vertex 1.2443351260703854 -1.8142850090400349 37.134
      vertex 1.2161886021494865 -1.2339290007948875 37.134
      vertex 1.1803287118673325 -1.3836568295955658 37.134
    endloop
  endfacet
  facet normal 0 0 1
    outer loop
      vertex 1.2443351260703854 -1.8142850090400349 37.134
      vertex 1.3137489017461301 -1.764671024061096 37.134
      vertex 1.2161886021494865 -1.2339290007948875 37.134
    endloop
  endfacet
  facet normal 0 0 1
    outer loop
      vertex 1.3137489017461301 -1.764671024061096 37.134
      vertex 1.2515808194875717 -1.1067791730165482 37.134
      vertex 1.2161886021494865 -1.2339290007948875 37.134
    endloop
  endfacet
  facet normal 0 0 1
    outer loop
      vertex 1.3137489017461301 -1.764671024061096 37.134
      vertex 1.2970056608319283 -0.9859266504645348 37.134
      vertex 1.2515808194875717 -1.1067791730165482 37.134
    endloop
  endfacet
  facet normal 0 0 1
    outer loop
      vertex 1.3137489017461301 -1.764671024061096 37.134
      vertex 1.3811866742786176 -1.7124028062331518 37.134
      vertex 1.2970056608319283 -0.9859266504645348 37.134
    endloop
  endfacet
  facet normal 0 0 1
    outer loop
      vertex 1.3811866742786176 -1.7124028062331518 37.134
      vertex 1.4465470108519394 -1.6575589719208546 37.134
      vertex 1.363647885620594 -0.8356667384505272 37.134
    endloop
  endfacet
  facet normal 0 0 1
    outer loop
      vertex 1.3811866742786176 -1.7124028062331518 37.134
      vertex 1.3598295748233795 -0.844490647315979 37.134
      vertex 1.2970056608319283 -0.9859266504645348 37.134
    endloop
  endfacet
  facet normal 0 0 1
    outer loop
      vertex 1.3811866742786176 -1.7124028062331518 37.134
      vertex 1.363647885620594 -0.8356667384505272 37.134
      vertex 1.3625149950385094 -0.838319718837738 37.134
    endloop
  endfacet
  facet normal 0 0 1
    outer loop
      vertex 1.3811866742786176 -1.7124028062331518 37.134
      vertex 1.3625149950385094 -0.838319718837738 37.134
      vertex 1.3609876707196236 -0.8418492749333382 37.134
    endloop
  endfacet
  facet normal 0 0 1
    outer loop
      vertex 1.3811866742786176 -1.7124028062331518 37.134
      vertex 1.3609876707196236 -0.8418492749333382 37.134
      vertex 1.3598295748233795 -0.844490647315979 37.134
    endloop
  endfacet
  facet normal 0 0 1
    outer loop
      vertex 1.4465470108519394 -1.6575589719208546 37.134
      vertex 1.4297078847885132 -0.6788867339491844 37.134
      vertex 1.363647885620594 -0.8356667384505272 37.134
    endloop
  endfacet
  facet normal 0 0 1
    outer loop
      vertex 1.4465470108519394 -1.6575589719208546 37.134
      vertex 1.4349013566970825 -0.665698803961277 37.134
      vertex 1.4297078847885132 -0.6788867339491844 37.134
    endloop
  endfacet
  facet normal 0 0 1
    outer loop
      vertex 1.4465470108519394 -1.6575589719208546 37.134
      vertex 1.4414068311452866 -0.6479612216353416 37.134
      vertex 1.4349013566970825 -0.665698803961277 37.134
    endloop
  endfacet
  facet normal 0 0 1
    outer loop
      vertex 1.4465470108519394 -1.6575589719208546 37.134
      vertex 1.4459715709090233 -0.6345427855849266 37.134
      vertex 1.4414068311452866 -0.6479612216353416 37.134
    endloop
  endfacet
  facet normal 0 0 1
    outer loop
      vertex 1.4465470108519394 -1.6575589719208546 37.134
      vertex 1.5097316033112136 -1.6002220114607077 37.134
      vertex 1.4459715709090233 -0.6345427855849266 37.134
    endloop
  endfacet
  facet normal 0 0 1
    outer loop
      vertex 1.5097316033112136 -1.6002220114607077 37.134
      vertex 1.5706454160273777 -1.5404781650877712 37.134
      vertex 1.5085500106215477 -0.4267711788415909 37.134
    endloop
  endfacet
  facet normal 0 0 1
    outer loop
      vertex 1.5097316033112136 -1.6002220114607077 37.134
      vertex 1.4967315718531609 -0.4729027897119522 37.134
      vertex 1.4459715709090233 -0.6345427855849266 37.134
    endloop
  endfacet
  facet normal 0 0 1
    outer loop
      vertex 1.5097316033112136 -1.6002220114607077 37.134
      vertex 1.5021826773881912 -0.4532249942421913 37.134
      vertex 1.4967315718531609 -0.4729027897119522 37.134
    endloop
  endfacet
  facet normal 0 0 1
    outer loop
      vertex 1.5097316033112136 -1.6002220114607077 37.134
      vertex 1.5085500106215477 -0.4267711788415909 37.134
      vertex 1.5021826773881912 -0.4532249942421913 37.134
    endloop
  endfacet
  facet normal 0 0 1
    outer loop
      vertex 1.5706454160273777 -1.5404781650877712 37.134
      vertex 1.512649916112423 -0.4067682549357414 37.134
      vertex 1.5085500106215477 -0.4267711788415909 37.134
    endloop
  endfacet
  facet normal 0 0 1
    outer loop
      vertex 1.5706454160273777 -1.5404781650877712 37.134
      vertex 1.5409099161624908 -0.2402682527899742 37.134
      vertex 1.512649916112423 -0.4067682549357414 37.134
    endloop
  endfacet
  facet normal 0 0 1
    outer loop
      vertex 1.5706454160273777 -1.5404781650877712 37.134
      vertex 1.543735921382904 -0.21905791014432907 37.134
      vertex 1.5409099161624908 -0.2402682527899742 37.134
    endloop
  endfacet
  facet normal 0 0 1
    outer loop
      vertex 1.5706454160273777 -1.5404781650877712 37.134
      vertex 1.5464912131428719 -0.19067910313606262 37.134
      vertex 1.543735921382904 -0.21905791014432907 37.134
    endloop
  endfacet
  facet normal 0 0 1
    outer loop
      vertex 1.5706454160273777 -1.5404781650877712 37.134
      vertex 1.54779814183712 -0.1693212315440178 37.134
      vertex 1.5464912131428719 -0.19067910313606262 37.134
    endloop
  endfacet
  facet normal 0 0 1
    outer loop
      vertex 1.5706454160273777 -1.5404781650877712 37.134
      vertex 1.552118144929409 0.0004187673330307007 37.134
      vertex 1.54779814183712 -0.1693212315440178 37.134
    endloop
  endfacet
  facet normal 0 0 1
    outer loop
      vertex 1.5706454160273777 -1.5404781650877712 37.134
      vertex 1.5520045831799507 0.01929263025522232 37.134
      vertex 1.552118144929409 0.0004187673330307007 37.134
    endloop
  endfacet
  facet normal 0 0 1
    outer loop
      vertex 1.5706454160273777 -1.5404781650877712 37.134
      vertex 1.62919682883981 -1.4784172932221495 37.134
      vertex 1.5706454160273782 1.5404781650877708 37.134
    endloop
  endfacet
  facet normal 0 0 1
    outer loop
      vertex 1.62919682883981 -1.4784172932221495 37.134
      vertex 1.6852977748617517 -1.4141327413103866 37.134
      vertex 1.6291968288398104 1.4784172932221495 37.134
    endloop
  endfacet
  facet normal 0 0 1
    outer loop
      vertex 1.6852977748617517 -1.4141327413103866 37.134
      vertex 1.7388638729412709 -1.3477211994250462 37.134
      vertex 1.6852977748617517 1.4141327413103866 37.134
    endloop
  endfacet
  facet normal 0 0 1
    outer loop
      vertex 1.7388638729412709 -1.3477211994250462 37.134
      vertex 1.7898145545785291 -1.2792825568336583 37.134
      vertex 1.7388638729412706 1.3477211994250464 37.134
    endloop
  endfacet
  facet normal 0 0 1
    outer loop
      vertex 1.7898145545785291 -1.2792825568336583 37.134
      vertex 1.8380731851084606 -1.2089197517557726 37.134
      vertex 1.7898145545785287 1.2792825568336588 37.134
    endloop
  endfacet
  facet normal 0 0 1
    outer loop
      vertex 1.8380731851084606 -1.2089197517557726 37.134
      vertex 1.8835671789665869 -1.1367386165340976 37.134
      vertex 1.8380731851084602 1.2089197517557735 37.134
    endloop
  endfacet
  facet normal 0 0 1
    outer loop
      vertex 1.8835671789665869 -1.1367386165340976 37.134
      vertex 1.9262281088645996 -1.0628477184526055 37.134
      vertex 1.8835671789665864 1.1367386165340982 37.134
    endloop
  endfacet
  facet normal 0 0 1
    outer loop
      vertex 1.9262281088645996 -1.0628477184526055 37.134
      vertex 1.9659918087115067 -0.9873581964410174 37.134
      vertex 1.9262281088646 1.0628477184526048 37.134
    endloop
  endfacet
  facet normal 0 0 1
    outer loop
      vertex 1.9659918087115067 -0.9873581964410174 37.134
      vertex 2.002798470125523 -0.9103835939113066 37.134
      vertex 1.9659918087115071 0.9873581964410169 37.134
    endloop
  endfacet
  facet normal 0 0 1
    outer loop
      vertex 2.002798470125523 -0.9103835939113066 37.134
      vertex 2.0365927323915587 -0.8320396879776136 37.134
      vertex 2.002798470125523 0.9103835939113061 37.134
    endloop
  endfacet
  facet normal 0 0 1
    outer loop
      vertex 2.0365927323915587 -0.8320396879776136 37.134
      vertex 2.067323765728999 -0.7524443153164713 37.134
      vertex 2.036592732391559 0.8320396879776135 37.134
    endloop
  endfacet
  facet normal 0 0 1
    outer loop
      vertex 2.067323765728999 -0.7524443153164713 37.134
      vertex 2.0949453477445137 -0.6717171949292486 37.134
      vertex 2.067323765728999 0.7524443153164713 37.134
    endloop
  endfacet
  facet normal 0 0 1
    outer loop
      vertex 2.0949453477445137 -0.6717171949292486 37.134
      vertex 2.1194159329549374 -0.5899797480734018 37.134
      vertex 2.0949453477445137 0.671717194929249 37.134
    endloop
  endfacet
  facet normal 0 0 1
    outer loop
      vertex 2.1194159329549374 -0.5899797480734018 37.134
      vertex 2.140698715275613 -0.5073549156333678 37.134
      vertex 2.119415932954937 0.5899797480734021 37.134
    endloop
  endfacet
  facet normal 0 0 1
    outer loop
      vertex 2.140698715275613 -0.5073549156333678 37.134
      vertex 2.1587616833802468 -0.42396697320579635 37.134
      vertex 2.1406987152756125 0.5073549156333684 37.134
    endloop
  endfacet
  facet normal 0 0 1
    outer loop
      vertex 2.1587616833802468 -0.42396697320579635 37.134
      vertex 2.1735776688489796 -0.33994134417725 37.134
      vertex 2.1587616833802463 0.42396697320579735 37.134
    endloop
  endfacet
  facet normal 0 0 1
    outer loop
      vertex 2.1735776688489796 -0.33994134417725 37.134
      vertex 2.1851243870322747 -0.25540441107550726 37.134
      vertex 2.17357766884898 0.33994134417724914 37.134
    endloop
  endfacet
  facet normal 0 0 1
    outer loop
      vertex 2.1851243870322747 -0.25540441107550726 37.134
      vertex 2.1933844705691428 -0.17048332547824854 37.134
      vertex 2.1851243870322747 0.25540441107550654 37.134
    endloop
  endfacet
  facet normal 0 0 1
    outer loop
      vertex 2.1933844705691428 -0.17048332547824854 37.134
      vertex 2.1983454955093062 -0.08530581676499702 37.134
      vertex 2.1933844705691428 0.1704833254782481 37.134
    endloop
  endfacet
  facet normal 0.6025843144943436 0.7774694761218447 0.18009263622981952
    outer loop
      vertex 5.155723257700853 6.925338189702795 2
      vertex 1.381186674278617 1.7124028062331522 37.134
      vertex 5.420378468320753 6.720214923045114 2
    endloop
  endfacet
  facet normal 0.6322778100471045 0.7535193516412378 0.18009263622981955
    outer loop
      vertex 5.420378468320753 6.720214923045114 2
      vertex 1.4465470108519403 1.6575589719208537 37.134
      vertex 5.676880914834202 6.504983814779609 2
    endloop
  endfacet
  facet normal 0.6610202997125145 0.7284358624777965 0.18009263622981958
    outer loop
      vertex 5.92484479319608 6.279968592938246 2
      vertex 5.676880914834202 6.504983814779609 2
      vertex 1.509731603311214 1.600222011460707 37.134
    endloop
  endfacet
  facet normal 0.7154808310696428 0.6750213498458306 0.18009263622981958
    outer loop
      vertex 6.393678404341723 5.801953792784613 2
      vertex 6.16389714217886 6.045507701789218 2
      vertex 1.6291968288398104 1.4784172932221495 37.134
    endloop
  endfacet
  facet normal 0.7656383765220871 0.6175471793898962 0.18009263622981958
    outer loop
      vertex 6.82405968125522 5.289045359837669 2
      vertex 6.613842966839098 5.549673194139134 2
      vertex 1.7388638729412706 1.3477211994250464 37.134
    endloop
  endfacet
  facet normal 0.741116958948919 0.646770666878222 0.18009263622981955
    outer loop
      vertex 6.393678404341723 5.801953792784613 2
      vertex 1.6852977748617517 1.4141327413103866 37.134
      vertex 6.613842966839098 5.549673194139134 2
    endloop
  endfacet
  facet normal 0.6887685520558182 0.7022567365819465 0.18009263622981958
    outer loop
      vertex 6.16389714217886 6.045507701789218 2
      vertex 5.92484479319608 6.279968592938246 2
      vertex 1.5706454160273782 1.5404781650877708 37.134
    endloop
  endfacet
  facet normal 0 0.9836496542854035 0.18009263622981958
    outer loop
      vertex -0.16742008170510964 8.632135417612222 2
      vertex 0.04266092989801374 2.1995863349867033 37.134
      vertex 0.16742008170510964 8.632135417612222 2
    endloop
  endfacet
  facet normal 0.038141380531554823 0.9829099030261832 0.18009263622981952
    outer loop
      vertex 0.16742008170510964 8.632135417612222 2
      vertex 0.12791862360304665 2.1962779481967902 37.134
      vertex 0.5020084294089511 8.619151865964298 2
    endloop
  endfacet
  facet normal 0.07622539280368669 0.9806917619046861 0.18009263622981958
    outer loop
      vertex 0.5020084294089511 8.619151865964298 2
      vertex 0.21298391554699408 2.189666150744965 37.134
      vertex 0.8358417087484097 8.593204291163454 2
    endloop
  endfacet
  facet normal 0.11419475484426747 0.9769985672158642 0.18009263622981958
    outer loop
      vertex 0.8358417087484097 8.593204291163454 2
      vertex 0.29772885945028815 2.1797608874026597 37.134
      vertex 1.1684178027600176 8.554331720826994 2
    endloop
  endfacet
  facet normal 0.15199235712602827 0.9718358738753512 0.18009263622981955
    outer loop
      vertex 1.1684178027600176 8.554331720826994 2
      vertex 0.38202599086724676 2.1665770566268576 37.134
      vertex 1.4992364854064701 8.502592622993268 2
    endloop
  endfacet
  facet normal 0.18956134846469114 0.9652114470643424 0.18009263622981955
    outer loop
      vertex 1.8278001739640894 8.438064818180191 2
      vertex 1.4992364854064701 8.502592622993268 2
      vertex 0.46574851890470387 2.150134488151398 37.134
    endloop
  endfacet
  facet normal 0.22684522152852665 0.9571352505500293 0.18009263622981958
    outer loop
      vertex 1.8278001739640894 8.438064818180191 2
      vertex 0.5487705169275588 2.130457913161173 37.134
      vertex 2.1536146774345113 8.360845362335803 2
    endloop
  endfacet
  facet normal 0.2637878978308146 0.9476194316991362 0.18009263622981958
    outer loop
      vertex 2.1536146774345113 8.360845362335803 2
      vertex 0.6309671119643987 2.1075769270940756 37.134
      vertex 2.476189939854899 8.271050400856886 2
    endloop
  endfacet
  facet normal 0.30033381207714643 0.9366783032071381 0.18009263622981952
    outer loop
      vertex 2.476189939854899 8.271050400856886 2
      vertex 0.7122146725283062 2.0815259451266512 37.134
      vertex 2.795040777388648 8.168814993895266 2
    endloop
  endfacet
  facet normal 0.33642799574093385 0.9243283215706052 0.18009263622981955
    outer loop
      vertex 2.795040777388648 8.168814993895266 2
      vertex 0.792390994570363 2.052344150410401 37.134
      vertex 3.1096876080879787 8.054292913214514 2
    endloop
  endfacet
  facet normal 0.3720161597413306 0.9105880623350531 0.18009263622981952
    outer loop
      vertex 3.1096876080879787 8.054292913214514 2
      vertex 0.8713754852861448 2.020075435136603 37.134
      vertex 3.419657173230729 7.927656410902598 2
    endloop
  endfacet
  facet normal 0.4414611584477557 0.8790214377122775 0.18009263622981958
    outer loop
      vertex 3.7244832491464415 7.789095960288398 2
      vertex 1.0252957433455856 1.9464759537886474 37.134
      vertex 4.023707348461038 7.638819969451704 2
    endloop
  endfacet
  facet normal 0.47521354127906423 0.8612425515270392 0.18009263622981955
    outer loop
      vertex 4.023707348461038 7.638819969451704 2
      vertex 1.1 1.905255888325765 37.134
      vertex 4.3168794097053915 7.4770544677576805 2
    endloop
  endfacet
  facet normal 0.4070447760990677 0.8954781921555955 0.18009263622981955
    outer loop
      vertex 3.7244832491464415 7.789095960288398 2
      vertex 3.419657173230729 7.927656410902598 2
      vertex 0.9490493444987578 1.984768334518283 37.134
    endloop
  endfacet
  facet normal 0.5082511578030134 0.8421682747335537 0.1800926362298196
    outer loop
      vertex 4.3168794097053915 7.4770544677576805 2
      vertex 1.1730497521637206 1.8611701370236504 37.134
      vertex 4.603558474250525 7.304042765887235 2
    endloop
  endfacet
  facet normal 0.5405243163060742 0.8218272968560031 0.18009263622981958
    outer loop
      vertex 4.883313349551278 7.120045089874624 2
      vertex 4.603558474250525 7.304042765887235 2
      vertex 1.244335126070385 1.814285009040035 37.134
    endloop
  endfacet
  facet normal 0.5719844748921696 0.8002502126573431 0.18009263622981958
    outer loop
      vertex 4.883313349551278 7.120045089874624 2
      vertex 1.3137489017461297 1.7646710240610965 37.134
      vertex 5.155723257700853 6.925338189702795 2
    endloop
  endfacet
  facet normal 0.9834646990820765 0.01907427679349219 0.18009263622981958
    outer loop
      vertex 8.633758819410783 0 2
      vertex 8.627265822711562 0.3347772035644687 2
      vertex 2.2 0 37.134
    endloop
  endfacet
  facet normal 0.9819854747538309 0.0571941408562737 0.18009263622981958
    outer loop
      vertex 8.627265822711562 0.3347772035644687 2
      vertex 8.60779659869772 0.6690508704137743 2
      vertex 2.1983454955093062 0.08530581676499678 37.134
    endloop
  endfacet
  facet normal 0.9790292509912435 0.09522797949824673 0.18009263622981952
    outer loop
      vertex 8.60779659869772 0.6690508704137743 2
      vertex 8.575380430931583 1.0023182211998052 2
      vertex 2.1933844705691428 0.1704833254782481 37.134
    endloop
  endfacet
  facet normal 0.9746004742356683 0.13311858621321146 0.18009263622981958
    outer loop
      vertex 8.575380430931583 1.0023182211998052 2
      vertex 8.530066076408731 1.3340779901694002 2
      vertex 2.1851243870322747 0.25540441107550654 37.134
    endloop
  endfacet
  facet normal 0.9687058057880436 0.17080896992936684 0.18009263622981958
    outer loop
      vertex 8.530066076408731 1.3340779901694002 2
      vertex 8.47192169222285 1.663831179115658 2
      vertex 2.17357766884898 0.33994134417724914 37.134
    endloop
  endfacet
  facet normal 0.9525564498866314 0.24536269511719075 0.18009263622981958
    outer loop
      vertex 8.401034733050977 1.9910818079186399 2
      vertex 8.31751181961337 2.3153376605465845 2
      vertex 2.1406987152756125 0.5073549156333684 37.134
    endloop
  endfacet
  facet normal 0.9613541117896569 0.2082424407293425 0.18009263622981955
    outer loop
      vertex 8.401034733050977 1.9910818079186399 2
      vertex 2.1587616833802463 0.42396697320579735 37.134
      vertex 8.47192169222285 1.663831179115658 2
    endloop
  endfacet
  facet normal 0.9423260525981743 0.2821139007041956 0.18009263622981955
    outer loop
      vertex 8.31751181961337 2.3153376605465845 2
      vertex 8.221478578305812 2.6361110253955795 2
      vertex 2.119415932954937 0.5899797480734021 37.134
    endloop
  endfacet
  facet normal 0.9306783074136041 0.318440780186117 0.1800926362298196
    outer loop
      vertex 8.11307945224557 2.9529194288541323 2
      vertex 2.0949453477445137 0.671717194929249 37.134
      vertex 8.221478578305812 2.6361110253955795 2
    endloop
  endfacet
  facet normal 0.9032029560920714 0.3896037249338585 0.18009263622981955
    outer loop
      vertex 7.859854070431207 3.5727419922630106 2
      vertex 2.036592732391559 0.8320396879776135 37.134
      vertex 7.992477484015239 3.2652863609893252 2
    endloop
  endfacet
  facet normal 0.9176307336481174 0.3542886944854599 0.18009263622981958
    outer loop
      vertex 8.11307945224557 2.9529194288541323 2
      vertex 7.992477484015239 3.2652863609893252 2
      vertex 2.067323765728999 0.7524443153164713 37.134
    endloop
  endfacet
  facet normal 0.8518655890349389 0.4918248271427038 0.18009263622981958
    outer loop
      vertex 7.391938519707024 4.4610577526664015 2
      vertex 1.9262281088646 1.0628477184526048 37.134
      vertex 7.559358601412134 4.17107766494582 2
    endloop
  endfacet
  facet normal 0.8702956359177526 0.4584235470373534 0.18009263622981958
    outer loop
      vertex 7.715408689705605 3.874823880200069 2
      vertex 7.559358601412134 4.17107766494582 2
      vertex 1.9659918087115071 0.9873581964410169 37.134
    endloop
  endfacet
  facet normal 0.8321542553861967 0.5244863559888269 0.18009263622981955
    outer loop
      vertex 7.391938519707024 4.4610577526664015 2
      vertex 7.213400260296653 4.744327985764229 2
      vertex 1.8835671789665864 1.1367386165340982 37.134
    endloop
  endfacet
  facet normal 0.8111912826897355 0.5563590075337826 0.1800926362298196
    outer loop
      vertex 7.0240123616827965 5.020462298900444 2
      vertex 1.8380731851084602 1.2089197517557735 37.134
      vertex 7.213400260296653 4.744327985764229 2
    endloop
  endfacet
  facet normal 0.7890082012478034 0.5873948422820033 0.18009263622981958
    outer loop
      vertex 7.0240123616827965 5.020462298900444 2
      vertex 6.82405968125522 5.289045359837669 2
      vertex 1.7898145545785287 1.2792825568336588 37.134
    endloop
  endfacet
  facet normal 0.8874166754934202 0.42433275437090606 0.18009263622981958
    outer loop
      vertex 7.715408689705605 3.874823880200069 2
      vertex 2.002798470125523 0.9103835939113061 37.134
      vertex 7.859854070431207 3.5727419922630106 2
    endloop
  endfacet
  facet normal 0.03814138053154792 0.9829099030261835 0.18009263622981964
    outer loop
      vertex 0.16742008170510964 8.632135417612222 2
      vertex 0.04266092989801374 2.1995863349867033 37.134
      vertex 0.12791862360304665 2.1962779481967902 37.134
    endloop
  endfacet
  facet normal 0.07622539280369116 0.9806917619046859 0.18009263622981952
    outer loop
      vertex 0.5020084294089511 8.619151865964298 2
      vertex 0.12791862360304665 2.1962779481967902 37.134
      vertex 0.21298391554699408 2.189666150744965 37.134
    endloop
  endfacet
  facet normal 0.1141947548442639 0.9769985672158646 0.18009263622981975
    outer loop
      vertex 0.8358417087484097 8.593204291163454 2
      vertex 0.21298391554699408 2.189666150744965 37.134
      vertex 0.29772885945028815 2.1797608874026597 37.134
    endloop
  endfacet
  facet normal 0.15199235712602316 0.9718358738753522 0.18009263622981958
    outer loop
      vertex 1.1684178027600176 8.554331720826994 2
      vertex 0.29772885945028815 2.1797608874026597 37.134
      vertex 0.38202599086724676 2.1665770566268576 37.134
    endloop
  endfacet
  facet normal 0.1895613484646938 0.9652114470643419 0.18009263622981941
    outer loop
      vertex 1.4992364854064701 8.502592622993268 2
      vertex 0.38202599086724676 2.1665770566268576 37.134
      vertex 0.46574851890470387 2.150134488151398 37.134
    endloop
  endfacet
  facet normal 0.22684522152852177 0.9571352505500305 0.18009263622981964
    outer loop
      vertex 1.8278001739640894 8.438064818180191 2
      vertex 0.46574851890470387 2.150134488151398 37.134
      vertex 0.5487705169275588 2.130457913161173 37.134
    endloop
  endfacet
  facet normal 0.26378789783080764 0.9476194316991379 0.18009263622981986
    outer loop
      vertex 2.1536146774345113 8.360845362335803 2
      vertex 0.5487705169275588 2.130457913161173 37.134
      vertex 0.6309671119643987 2.1075769270940756 37.134
    endloop
  endfacet
  facet normal 0.3003338120771411 0.9366783032071397 0.18009263622981955
    outer loop
      vertex 2.476189939854899 8.271050400856886 2
      vertex 0.6309671119643987 2.1075769270940756 37.134
      vertex 0.7122146725283062 2.0815259451266512 37.134
    endloop
  endfacet
  facet normal 0.47521354127906373 0.8612425515270395 0.1800926362298203
    outer loop
      vertex 4.023707348461038 7.638819969451704 2
      vertex 1.0252957433455856 1.9464759537886474 37.134
      vertex 1.1 1.905255888325765 37.134
    endloop
  endfacet
  facet normal 0.508251157803017 0.8421682747335513 0.18009263622982
    outer loop
      vertex 4.3168794097053915 7.4770544677576805 2
      vertex 1.1 1.905255888325765 37.134
      vertex 1.1730497521637206 1.8611701370236504 37.134
    endloop
  endfacet
  facet normal 0.571984474892174 0.8002502126573402 0.1800926362298189
    outer loop
      vertex 4.883313349551278 7.120045089874624 2
      vertex 1.244335126070385 1.814285009040035 37.134
      vertex 1.3137489017461297 1.7646710240610965 37.134
    endloop
  endfacet
  facet normal 0.5405243163060708 0.8218272968560053 0.1800926362298188
    outer loop
      vertex 4.603558474250525 7.304042765887235 2
      vertex 1.1730497521637206 1.8611701370236504 37.134
      vertex 1.244335126070385 1.814285009040035 37.134
    endloop
  endfacet
  facet normal 0.33642799574094645 0.9243283215706006 0.18009263622981975
    outer loop
      vertex 2.795040777388648 8.168814993895266 2
      vertex 0.7122146725283062 2.0815259451266512 37.134
      vertex 0.792390994570363 2.052344150410401 37.134
    endloop
  endfacet
  facet normal 0.3720161597413291 0.9105880623350537 0.18009263622981944
    outer loop
      vertex 3.1096876080879787 8.054292913214514 2
      vertex 0.792390994570363 2.052344150410401 37.134
      vertex 0.8713754852861448 2.020075435136603 37.134
    endloop
  endfacet
  facet normal 0.40704477609906525 0.8954781921555967 0.18009263622981972
    outer loop
      vertex 3.419657173230729 7.927656410902598 2
      vertex 0.8713754852861448 2.020075435136603 37.134
      vertex 0.9490493444987578 1.984768334518283 37.134
    endloop
  endfacet
  facet normal 0.44146115844775935 0.8790214377122758 0.18009263622981966
    outer loop
      vertex 3.7244832491464415 7.789095960288398 2
      vertex 0.9490493444987578 1.984768334518283 37.134
      vertex 1.0252957433455856 1.9464759537886474 37.134
    endloop
  endfacet
  facet normal 0.8874166754934208 0.42433275437090445 0.18009263622981977
    outer loop
      vertex 7.715408689705605 3.874823880200069 2
      vertex 1.9659918087115071 0.9873581964410169 37.134
      vertex 2.002798470125523 0.9103835939113061 37.134
    endloop
  endfacet
  facet normal 0.8111912826897373 0.55635900753378 0.1800926362298192
    outer loop
      vertex 7.0240123616827965 5.020462298900444 2
      vertex 1.7898145545785287 1.2792825568336588 37.134
      vertex 1.8380731851084602 1.2089197517557735 37.134
    endloop
  endfacet
  facet normal 0.851865589034942 0.4918248271426984 0.18009263622981925
    outer loop
      vertex 7.391938519707024 4.4610577526664015 2
      vertex 1.8835671789665864 1.1367386165340982 37.134
      vertex 1.9262281088646 1.0628477184526048 37.134
    endloop
  endfacet
  facet normal 0.8702956359177498 0.45842354703735866 0.18009263622981952
    outer loop
      vertex 7.559358601412134 4.17107766494582 2
      vertex 1.9262281088646 1.0628477184526048 37.134
      vertex 1.9659918087115071 0.9873581964410169 37.134
    endloop
  endfacet
  facet normal 0.8321542553861975 0.5244863559888256 0.1800926362298193
    outer loop
      vertex 7.213400260296653 4.744327985764229 2
      vertex 1.8380731851084602 1.2089197517557735 37.134
      vertex 1.8835671789665864 1.1367386165340982 37.134
    endloop
  endfacet
  facet normal 0.9834646990820765 0.019074276793485338 0.1800926362298196
    outer loop
      vertex 8.627265822711562 0.3347772035644687 2
      vertex 2.1983454955093062 0.08530581676499678 37.134
      vertex 2.2 0 37.134
    endloop
  endfacet
  facet normal 0.9819854747538307 0.05719414085627612 0.18009263622981964
    outer loop
      vertex 8.60779659869772 0.6690508704137743 2
      vertex 2.1933844705691428 0.1704833254782481 37.134
      vertex 2.1983454955093062 0.08530581676499678 37.134
    endloop
  endfacet
  facet normal 0.9790292509912433 0.09522797949824922 0.18009263622981975
    outer loop
      vertex 8.575380430931583 1.0023182211998052 2
      vertex 2.1851243870322747 0.25540441107550654 37.134
      vertex 2.1933844705691428 0.1704833254782481 37.134
    endloop
  endfacet
  facet normal 0.9746004742356681 0.13311858621321257 0.1800926362298196
    outer loop
      vertex 8.530066076408731 1.3340779901694002 2
      vertex 2.17357766884898 0.33994134417724914 37.134
      vertex 2.1851243870322747 0.25540441107550654 37.134
    endloop
  endfacet
  facet normal 0.9525564498866299 0.24536269511719638 0.18009263622981928
    outer loop
      vertex 8.31751181961337 2.3153376605465845 2
      vertex 2.119415932954937 0.5899797480734021 37.134
      vertex 2.1406987152756125 0.5073549156333684 37.134
    endloop
  endfacet
  facet normal 0.9423260525981725 0.28211390070420184 0.18009263622981958
    outer loop
      vertex 8.221478578305812 2.6361110253955795 2
      vertex 2.0949453477445137 0.671717194929249 37.134
      vertex 2.119415932954937 0.5899797480734021 37.134
    endloop
  endfacet
  facet normal 0.9687058057880443 0.17080896992936143 0.1800926362298197
    outer loop
      vertex 8.47192169222285 1.663831179115658 2
      vertex 2.1587616833802463 0.42396697320579735 37.134
      vertex 2.17357766884898 0.33994134417724914 37.134
    endloop
  endfacet
  facet normal 0.9613541117896565 0.20824244072934422 0.18009263622981975
    outer loop
      vertex 8.401034733050977 1.9910818079186399 2
      vertex 2.1406987152756125 0.5073549156333684 37.134
      vertex 2.1587616833802463 0.42396697320579735 37.134
    endloop
  endfacet
  facet normal 0.9176307336481145 0.35428869448546757 0.18009263622981986
    outer loop
      vertex 7.992477484015239 3.2652863609893252 2
      vertex 2.036592732391559 0.8320396879776135 37.134
      vertex 2.067323765728999 0.7524443153164713 37.134
    endloop
  endfacet
  facet normal 0.9306783074136039 0.31844078018611727 0.18009263622981983
    outer loop
      vertex 8.11307945224557 2.9529194288541323 2
      vertex 2.067323765728999 0.7524443153164713 37.134
      vertex 2.0949453477445137 0.671717194929249 37.134
    endloop
  endfacet
  facet normal 0.9032029560920722 0.3896037249338563 0.1800926362298195
    outer loop
      vertex 7.859854070431207 3.5727419922630106 2
      vertex 2.002798470125523 0.9103835939113061 37.134
      vertex 2.036592732391559 0.8320396879776135 37.134
    endloop
  endfacet
  facet normal 0.7411169589489164 0.6467706668782252 0.18009263622981905
    outer loop
      vertex 6.393678404341723 5.801953792784613 2
      vertex 1.6291968288398104 1.4784172932221495 37.134
      vertex 1.6852977748617517 1.4141327413103866 37.134
    endloop
  endfacet
  facet normal 0.6887685520558043 0.7022567365819603 0.18009263622981916
    outer loop
      vertex 5.92484479319608 6.279968592938246 2
      vertex 1.509731603311214 1.600222011460707 37.134
      vertex 1.5706454160273782 1.5404781650877708 37.134
    endloop
  endfacet
  facet normal 0.7154808310696472 0.6750213498458261 0.18009263622981908
    outer loop
      vertex 6.16389714217886 6.045507701789218 2
      vertex 1.5706454160273782 1.5404781650877708 37.134
      vertex 1.6291968288398104 1.4784172932221495 37.134
    endloop
  endfacet
  facet normal 0.6322778100471058 0.753519351641237 0.18009263622981878
    outer loop
      vertex 5.420378468320753 6.720214923045114 2
      vertex 1.381186674278617 1.7124028062331522 37.134
      vertex 1.4465470108519403 1.6575589719208537 37.134
    endloop
  endfacet
  facet normal 0.6025843144943472 0.7774694761218421 0.18009263622981897
    outer loop
      vertex 5.155723257700853 6.925338189702795 2
      vertex 1.3137489017461297 1.7646710240610965 37.134
      vertex 1.381186674278617 1.7124028062331522 37.134
    endloop
  endfacet
  facet normal 0.6610202997125155 0.7284358624777957 0.18009263622981989
    outer loop
      vertex 5.676880914834202 6.504983814779609 2
      vertex 1.4465470108519403 1.6575589719208537 37.134
      vertex 1.509731603311214 1.600222011460707 37.134
    endloop
  endfacet
  facet normal 0.7656383765220934 0.6175471793898882 0.18009263622981986
    outer loop
      vertex 6.613842966839098 5.549673194139134 2
      vertex 1.6852977748617517 1.4141327413103866 37.134
      vertex 1.7388638729412706 1.3477211994250464 37.134
    endloop
  endfacet
  facet normal 0.7890082012478029 0.587394842282004 0.1800926362298204
    outer loop
      vertex 6.82405968125522 5.289045359837669 2
      vertex 1.7388638729412706 1.3477211994250464 37.134
      vertex 1.7898145545785287 1.2792825568336588 37.134
    endloop
  endfacet
  facet normal 0 0 1
    outer loop
      vertex 1.244335126070385 1.814285009040035 37.134
      vertex 1.1922259777784348 1.0841442570090294 37.134
      vertex 1.2863659784197807 0.9487842544913292 37.134
    endloop
  endfacet
  facet normal 0 0 1
    outer loop
      vertex 0.04266092989801374 2.1995863349867033 37.134
      vertex 0.019474156200885773 1.6093574166297913 37.134
      vertex 0.038666173815727234 1.609453909099102 37.134
    endloop
  endfacet
  facet normal 0 0 1
    outer loop
      vertex 0.04266092989801374 2.1995863349867033 37.134
      vertex 0.038666173815727234 1.609453909099102 37.134
      vertex 0.06423346698284149 1.6087643206119537 37.134
    endloop
  endfacet
  facet normal 0 0 1
    outer loop
      vertex 0.12791862360304665 2.1962779481967902 37.134
      vertex 0.06423346698284149 1.6087643206119537 37.134
      vertex 0.08339238166809082 1.6076334416866302 37.134
    endloop
  endfacet
  facet normal 0 0 1
    outer loop
      vertex 0.12791862360304665 2.1962779481967902 37.134
      vertex 0.08339238166809082 1.6076334416866302 37.134
      vertex 0.2511523813009262 1.5923334434628487 37.134
    endloop
  endfacet
  facet normal 0 0 1
    outer loop
      vertex 0.29772885945028815 2.1797608874026597 37.134
      vertex 0.2511523813009262 1.5923334434628487 37.134
      vertex 0.2692836597561836 1.590121477842331 37.134
    endloop
  endfacet
  facet normal 0 0 1
    outer loop
      vertex 0.29772885945028815 2.1797608874026597 37.134
      vertex 0.2933465242385864 1.5864393040537834 37.134
      vertex 0.3113095387816429 1.5831280127167702 37.134
    endloop
  endfacet
  facet normal 0 0 1
    outer loop
      vertex 0.29772885945028815 2.1797608874026597 37.134
      vertex 0.2692836597561836 1.590121477842331 37.134
      vertex 0.2933465242385864 1.5864393040537834 37.134
    endloop
  endfacet
  facet normal 0 0 1
    outer loop
      vertex 0.38202599086724676 2.1665770566268576 37.134
      vertex 0.3113095387816429 1.5831280127167702 37.134
      vertex 0.47546954452991486 1.5476680099964142 37.134
    endloop
  endfacet
  facet normal 0 0 1
    outer loop
      vertex 0.46574851890470387 2.150134488151398 37.134
      vertex 0.47546954452991486 1.5476680099964142 37.134
      vertex 0.4982818737626076 1.5417941808700562 37.134
    endloop
  endfacet
  facet normal 0 0 1
    outer loop
      vertex 0.5487705169275588 2.130457913161173 37.134
      vertex 0.4982818737626076 1.5417941808700562 37.134
      vertex 0.5283442214131355 1.5327812135219574 37.134
    endloop
  endfacet
  facet normal 0 0 1
    outer loop
      vertex 0.5487705169275588 2.130457913161173 37.134
      vertex 0.5283442214131355 1.5327812135219574 37.134
      vertex 0.5506254211068153 1.5251355841755867 37.134
    endloop
  endfacet
  facet normal 0 0 1
    outer loop
      vertex 0.5487705169275588 2.130457913161173 37.134
      vertex 0.5506254211068153 1.5251355841755867 37.134
      vertex 0.7052454203367233 1.465195581316948 37.134
    endloop
  endfacet
  facet normal 0 0 1
    outer loop
      vertex 0.46574851890470387 2.150134488151398 37.134
      vertex 0.4982818737626076 1.5417941808700562 37.134
      vertex 0.5487705169275588 2.130457913161173 37.134
    endloop
  endfacet
  facet normal 0 0 1
    outer loop
      vertex 0.6309671119643987 2.1075769270940756 37.134
      vertex 0.5487705169275588 2.130457913161173 37.134
      vertex 0.7052454203367233 1.465195581316948 37.134
    endloop
  endfacet
  facet normal 0 0 1
    outer loop
      vertex -0.04266092989801374 2.1995863349867033 37.134
      vertex 0.019474156200885773 1.6093574166297913 37.134
      vertex 0.04266092989801374 2.1995863349867033 37.134
    endloop
  endfacet
  facet normal 0 0 1
    outer loop
      vertex 0.04266092989801374 2.1995863349867033 37.134
      vertex 0.06423346698284149 1.6087643206119537 37.134
      vertex 0.12791862360304665 2.1962779481967902 37.134
    endloop
  endfacet
  facet normal 0 0 1
    outer loop
      vertex 0.12791862360304665 2.1962779481967902 37.134
      vertex 0.2511523813009262 1.5923334434628487 37.134
      vertex 0.21298391554699408 2.189666150744965 37.134
    endloop
  endfacet
  facet normal 0 0 1
    outer loop
      vertex 0.21298391554699408 2.189666150744965 37.134
      vertex 0.2511523813009262 1.5923334434628487 37.134
      vertex 0.29772885945028815 2.1797608874026597 37.134
    endloop
  endfacet
  facet normal 0 0 1
    outer loop
      vertex 0.29772885945028815 2.1797608874026597 37.134
      vertex 0.3113095387816429 1.5831280127167702 37.134
      vertex 0.38202599086724676 2.1665770566268576 37.134
    endloop
  endfacet
  facet normal 0 0 1
    outer loop
      vertex 0.38202599086724676 2.1665770566268576 37.134
      vertex 0.47546954452991486 1.5476680099964142 37.134
      vertex 0.46574851890470387 2.150134488151398 37.134
    endloop
  endfacet
  facet normal 0 0 1
    outer loop
      vertex 0.792390994570363 2.052344150410401 37.134
      vertex 0.7901111096143723 1.4226287975907326 37.134
      vertex 0.9290711060166359 1.3355088010430336 37.134
    endloop
  endfacet
  facet normal 0 0 1
    outer loop
      vertex 0.9490493444987578 1.984768334518283 37.134
      vertex 0.954080618917942 1.3179955184459686 37.134
      vertex 0.9861535876989365 1.2930102795362473 37.134
    endloop
  endfacet
  facet normal 0 0 1
    outer loop
      vertex 0.9490493444987578 1.984768334518283 37.134
      vertex 0.9290711060166359 1.3355088010430336 37.134
      vertex 0.954080618917942 1.3179955184459686 37.134
    endloop
  endfacet
  facet normal 0 0 1
    outer loop
      vertex 0.7122146725283062 2.0815259451266512 37.134
      vertex 0.7052454203367233 1.465195581316948 37.134
      vertex 0.7313127294182777 1.453636884689331 37.134
    endloop
  endfacet
  facet normal 0 0 1
    outer loop
      vertex 0.792390994570363 2.052344150410401 37.134
      vertex 0.7313127294182777 1.453636884689331 37.134
      vertex 0.7652590051293373 1.4366101697087288 37.134
    endloop
  endfacet
  facet normal 0 0 1
    outer loop
      vertex 0.792390994570363 2.052344150410401 37.134
      vertex 0.7652590051293373 1.4366101697087288 37.134
      vertex 0.7901111096143723 1.4226287975907326 37.134
    endloop
  endfacet
  facet normal 0 0 1
    outer loop
      vertex 0.6309671119643987 2.1075769270940756 37.134
      vertex 0.7052454203367233 1.465195581316948 37.134
      vertex 0.7122146725283062 2.0815259451266512 37.134
    endloop
  endfacet
  facet normal 0 0 1
    outer loop
      vertex 0.7122146725283062 2.0815259451266512 37.134
      vertex 0.7313127294182777 1.453636884689331 37.134
      vertex 0.792390994570363 2.052344150410401 37.134
    endloop
  endfacet
  facet normal 0 0 1
    outer loop
      vertex 0.8713754852861448 2.020075435136603 37.134
      vertex 0.9290711060166359 1.3355088010430336 37.134
      vertex 0.9490493444987578 1.984768334518283 37.134
    endloop
  endfacet
  facet normal 0 0 1
    outer loop
      vertex 0.792390994570363 2.052344150410401 37.134
      vertex 0.9290711060166359 1.3355088010430336 37.134
      vertex 0.8713754852861448 2.020075435136603 37.134
    endloop
  endfacet
  facet normal 0 0 1
    outer loop
      vertex 1.0252957433455856 1.9464759537886474 37.134
      vertex 1.0092535316944122 1.2730457037687302 37.134
      vertex 1.1275135353207588 1.1598257049918175 37.134
    endloop
  endfacet
  facet normal 0 0 1
    outer loop
      vertex 1.0252957433455856 1.9464759537886474 37.134
      vertex 0.9861535876989365 1.2930102795362473 37.134
      vertex 1.0092535316944122 1.2730457037687302 37.134
    endloop
  endfacet
  facet normal 0 0 1
    outer loop
      vertex 1.1730497521637206 1.8611701370236504 37.134
      vertex 1.1480605006217957 1.1380902379751205 37.134
      vertex 1.1739454790949821 1.1078176572918892 37.134
    endloop
  endfacet
  facet normal 0 0 1
    outer loop
      vertex 1.1730497521637206 1.8611701370236504 37.134
      vertex 1.1739454790949821 1.1078176572918892 37.134
      vertex 1.1922259777784348 1.0841442570090294 37.134
    endloop
  endfacet
  facet normal 0 0 1
    outer loop
      vertex 1.1730497521637206 1.8611701370236504 37.134
      vertex 1.1275135353207588 1.1598257049918175 37.134
      vertex 1.1480605006217957 1.1380902379751205 37.134
    endloop
  endfacet
  facet normal 0 0 1
    outer loop
      vertex 1.1730497521637206 1.8611701370236504 37.134
      vertex 1.1922259777784348 1.0841442570090294 37.134
      vertex 1.244335126070385 1.814285009040035 37.134
    endloop
  endfacet
  facet normal 0 0 1
    outer loop
      vertex 1.244335126070385 1.814285009040035 37.134
      vertex 1.2863659784197807 0.9487842544913292 37.134
      vertex 1.3137489017461297 1.7646710240610965 37.134
    endloop
  endfacet
  facet normal 0 0 1
    outer loop
      vertex 1.0252957433455856 1.9464759537886474 37.134
      vertex 0.9490493444987578 1.984768334518283 37.134
      vertex 0.9861535876989365 1.2930102795362473 37.134
    endloop
  endfacet
  facet normal 0 0 1
    outer loop
      vertex 1.0252957433455856 1.9464759537886474 37.134
      vertex 1.1275135353207588 1.1598257049918175 37.134
      vertex 1.1 1.905255888325765 37.134
    endloop
  endfacet
  facet normal 0 0 1
    outer loop
      vertex 1.1 1.905255888325765 37.134
      vertex 1.1275135353207588 1.1598257049918175 37.134
      vertex 1.1730497521637206 1.8611701370236504 37.134
    endloop
  endfacet
  facet normal 0 0 1
    outer loop
      vertex 1.5706454160273777 -1.5404781650877712 37.134
      vertex 1.5706454160273782 1.5404781650877708 37.134
      vertex 1.5520045831799507 0.01929263025522232 37.134
    endloop
  endfacet
  facet normal 0 0 1
    outer loop
      vertex 1.509731603311214 1.600222011460707 37.134
      vertex 1.5326618999242783 0.23299746960401535 37.134
      vertex 1.5497618988156319 0.06325747072696686 37.134
    endloop
  endfacet
  facet normal 0 0 1
    outer loop
      vertex 1.5706454160273782 1.5404781650877708 37.134
      vertex 1.5510620847344398 0.044428110122680664 37.134
      vertex 1.5520045831799507 0.01929263025522232 37.134
    endloop
  endfacet
  facet normal 0 0 1
    outer loop
      vertex 1.5706454160273782 1.5404781650877708 37.134
      vertex 1.5497618988156319 0.06325747072696686 37.134
      vertex 1.5510620847344398 0.044428110122680664 37.134
    endloop
  endfacet
  facet normal 0 0 1
    outer loop
      vertex 1.62919682883981 -1.4784172932221495 37.134
      vertex 1.6291968288398104 1.4784172932221495 37.134
      vertex 1.5706454160273782 1.5404781650877708 37.134
    endloop
  endfacet
  facet normal 0 0 1
    outer loop
      vertex 1.7388638729412709 -1.3477211994250462 37.134
      vertex 1.7388638729412706 1.3477211994250464 37.134
      vertex 1.6852977748617517 1.4141327413103866 37.134
    endloop
  endfacet
  facet normal 0 0 1
    outer loop
      vertex 1.7898145545785291 -1.2792825568336583 37.134
      vertex 1.7898145545785287 1.2792825568336588 37.134
      vertex 1.7388638729412706 1.3477211994250464 37.134
    endloop
  endfacet
  facet normal 0 0 1
    outer loop
      vertex 1.6852977748617517 -1.4141327413103866 37.134
      vertex 1.6852977748617517 1.4141327413103866 37.134
      vertex 1.6291968288398104 1.4784172932221495 37.134
    endloop
  endfacet
  facet normal 0 0 1
    outer loop
      vertex 1.8835671789665869 -1.1367386165340976 37.134
      vertex 1.8835671789665864 1.1367386165340982 37.134
      vertex 1.8380731851084602 1.2089197517557735 37.134
    endloop
  endfacet
  facet normal 0 0 1
    outer loop
      vertex 1.8380731851084606 -1.2089197517557726 37.134
      vertex 1.8380731851084602 1.2089197517557735 37.134
      vertex 1.7898145545785287 1.2792825568336588 37.134
    endloop
  endfacet
  facet normal 0 0 1
    outer loop
      vertex 1.9262281088645996 -1.0628477184526055 37.134
      vertex 1.9262281088646 1.0628477184526048 37.134
      vertex 1.8835671789665864 1.1367386165340982 37.134
    endloop
  endfacet
  facet normal 0 0 1
    outer loop
      vertex 1.4465470108519403 1.6575589719208537 37.134
      vertex 1.422809198498726 0.6656957715749741 37.134
      vertex 1.4751892015337944 0.5040557682514191 37.134
    endloop
  endfacet
  facet normal 0 0 1
    outer loop
      vertex 1.509731603311214 1.600222011460707 37.134
      vertex 1.5271666496992111 0.27101806551218033 37.134
      vertex 1.5305619910359383 0.2493319809436798 37.134
    endloop
  endfacet
  facet normal 0 0 1
    outer loop
      vertex 1.509731603311214 1.600222011460707 37.134
      vertex 1.5241735503077507 0.28721267729997635 37.134
      vertex 1.5271666496992111 0.27101806551218033 37.134
    endloop
  endfacet
  facet normal 0 0 1
    outer loop
      vertex 1.509731603311214 1.600222011460707 37.134
      vertex 1.5305619910359383 0.2493319809436798 37.134
      vertex 1.5326618999242783 0.23299746960401535 37.134
    endloop
  endfacet
  facet normal 0 0 1
    outer loop
      vertex 1.509731603311214 1.600222011460707 37.134
      vertex 1.4885335490107536 0.4542526751756668 37.134
      vertex 1.5241735503077507 0.28721267729997635 37.134
    endloop
  endfacet
  facet normal 0 0 1
    outer loop
      vertex 1.509731603311214 1.600222011460707 37.134
      vertex 1.4849156811833382 0.469296857714653 37.134
      vertex 1.4885335490107536 0.4542526751756668 37.134
    endloop
  endfacet
  facet normal 0 0 1
    outer loop
      vertex 1.509731603311214 1.600222011460707 37.134
      vertex 1.4795779436826706 0.4892180934548378 37.134
      vertex 1.4849156811833382 0.469296857714653 37.134
    endloop
  endfacet
  facet normal 0 0 1
    outer loop
      vertex 1.509731603311214 1.600222011460707 37.134
      vertex 1.4751892015337944 0.5040557682514191 37.134
      vertex 1.4795779436826706 0.4892180934548378 37.134
    endloop
  endfacet
  facet normal 0 0 1
    outer loop
      vertex 1.3137489017461297 1.7646710240610965 37.134
      vertex 1.3284352496266365 0.8758882135152817 37.134
      vertex 1.39971524477005 0.7241482138633728 37.134
    endloop
  endfacet
  facet normal 0 0 1
    outer loop
      vertex 1.381186674278617 1.7124028062331522 37.134
      vertex 1.39971524477005 0.7241482138633728 37.134
      vertex 1.407195046544075 0.7068303748965263 37.134
    endloop
  endfacet
  facet normal 0 0 1
    outer loop
      vertex 1.4465470108519403 1.6575589719208537 37.134
      vertex 1.4164326265454292 0.6834493950009346 37.134
      vertex 1.422809198498726 0.6656957715749741 37.134
    endloop
  endfacet
  facet normal 0 0 1
    outer loop
      vertex 1.4465470108519403 1.6575589719208537 37.134
      vertex 1.407195046544075 0.7068303748965263 37.134
      vertex 1.4164326265454292 0.6834493950009346 37.134
    endloop
  endfacet
  facet normal 0 0 1
    outer loop
      vertex 1.3137489017461297 1.7646710240610965 37.134
      vertex 1.316736377775669 0.8982891142368317 37.134
      vertex 1.3284352496266365 0.8758882135152817 37.134
    endloop
  endfacet
  facet normal 0 0 1
    outer loop
      vertex 1.3137489017461297 1.7646710240610965 37.134
      vertex 1.2999086678028107 0.9274475276470184 37.134
      vertex 1.316736377775669 0.8982891142368317 37.134
    endloop
  endfacet
  facet normal 0 0 1
    outer loop
      vertex 1.3137489017461297 1.7646710240610965 37.134
      vertex 1.2863659784197807 0.9487842544913292 37.134
      vertex 1.2999086678028107 0.9274475276470184 37.134
    endloop
  endfacet
  facet normal 0 0 1
    outer loop
      vertex 1.509731603311214 1.600222011460707 37.134
      vertex 1.5497618988156319 0.06325747072696686 37.134
      vertex 1.5706454160273782 1.5404781650877708 37.134
    endloop
  endfacet
  facet normal 0 0 1
    outer loop
      vertex 1.509731603311214 1.600222011460707 37.134
      vertex 1.4465470108519403 1.6575589719208537 37.134
      vertex 1.4751892015337944 0.5040557682514191 37.134
    endloop
  endfacet
  facet normal 0 0 1
    outer loop
      vertex 2.0365927323915587 -0.8320396879776136 37.134
      vertex 2.036592732391559 0.8320396879776135 37.134
      vertex 2.002798470125523 0.9103835939113061 37.134
    endloop
  endfacet
  facet normal 0 0 1
    outer loop
      vertex 2.1194159329549374 -0.5899797480734018 37.134
      vertex 2.119415932954937 0.5899797480734021 37.134
      vertex 2.0949453477445137 0.671717194929249 37.134
    endloop
  endfacet
  facet normal 0 0 1
    outer loop
      vertex 2.067323765728999 -0.7524443153164713 37.134
      vertex 2.067323765728999 0.7524443153164713 37.134
      vertex 2.036592732391559 0.8320396879776135 37.134
    endloop
  endfacet
  facet normal 0 0 1
    outer loop
      vertex 2.0949453477445137 -0.6717171949292486 37.134
      vertex 2.0949453477445137 0.671717194929249 37.134
      vertex 2.067323765728999 0.7524443153164713 37.134
    endloop
  endfacet
  facet normal 0 0 1
    outer loop
      vertex 2.1933844705691428 -0.17048332547824854 37.134
      vertex 2.1933844705691428 0.1704833254782481 37.134
      vertex 2.1851243870322747 0.25540441107550654 37.134
    endloop
  endfacet
  facet normal 0 0 1
    outer loop
      vertex 2.1851243870322747 -0.25540441107550726 37.134
      vertex 2.1851243870322747 0.25540441107550654 37.134
      vertex 2.17357766884898 0.33994134417724914 37.134
    endloop
  endfacet
  facet normal 0 0 1
    outer loop
      vertex 2.1735776688489796 -0.33994134417725 37.134
      vertex 2.17357766884898 0.33994134417724914 37.134
      vertex 2.1587616833802463 0.42396697320579735 37.134
    endloop
  endfacet
  facet normal 0 0 1
    outer loop
      vertex 2.1983454955093062 -0.08530581676499702 37.134
      vertex 2.2 0 37.134
      vertex 2.1983454955093062 0.08530581676499678 37.134
    endloop
  endfacet
  facet normal 0 0 1
    outer loop
      vertex 2.1983454955093062 -0.08530581676499702 37.134
      vertex 2.1983454955093062 0.08530581676499678 37.134
      vertex 2.1933844705691428 0.1704833254782481 37.134
    endloop
  endfacet
  facet normal 0 0 1
    outer loop
      vertex 2.1587616833802468 -0.42396697320579635 37.134
      vertex 2.1587616833802463 0.42396697320579735 37.134
      vertex 2.1406987152756125 0.5073549156333684 37.134
    endloop
  endfacet
  facet normal 0 0 1
    outer loop
      vertex 2.140698715275613 -0.5073549156333678 37.134
      vertex 2.1406987152756125 0.5073549156333684 37.134
      vertex 2.119415932954937 0.5899797480734021 37.134
    endloop
  endfacet
  facet normal 0 0 1
    outer loop
      vertex 1.9659918087115067 -0.9873581964410174 37.134
      vertex 1.9659918087115071 0.9873581964410169 37.134
      vertex 1.9262281088646 1.0628477184526048 37.134
    endloop
  endfacet
  facet normal 0 0 1
    outer loop
      vertex 2.002798470125523 -0.9103835939113066 37.134
      vertex 2.002798470125523 0.9103835939113061 37.134
      vertex 1.9659918087115071 0.9873581964410169 37.134
    endloop
  endfacet
  facet normal 0 0 1
    outer loop
      vertex 1.3137489017461297 1.7646710240610965 37.134
      vertex 1.39971524477005 0.7241482138633728 37.134
      vertex 1.381186674278617 1.7124028062331522 37.134
    endloop
  endfacet
  facet normal 0 0 1
    outer loop
      vertex 1.381186674278617 1.7124028062331522 37.134
      vertex 1.407195046544075 0.7068303748965263 37.134
      vertex 1.4465470108519403 1.6575589719208537 37.134
    endloop
  endfacet
  facet normal 0.3783085817612912 0.9256795433441103 0
    outer loop
      vertex -0.12723129242658615 -6.563571892678738 7.15252631855565
      vertex -0.12723129242658615 -6.563571892678738 13.298306464744318
      vertex -0.10259687900543213 -6.5736395344138145 7.095663185896981
    endloop
  endfacet
  facet normal 0.31588439543123065 0.9487976858756801 0
    outer loop
      vertex -0.10259687900543213 -6.5736395344138145 7.095663185896981
      vertex -0.10259687900543213 -6.5736395344138145 13.24331791818576
      vertex 0.04662312567234039 -6.623319536447525 6.816854324014987
    endloop
  endfacet
  facet normal 0.4390564667897954 0.89845946985385 -8.448101366249977e-17
    outer loop
      vertex -0.12723129242658615 -6.563571892678738 7.15252631855565
      vertex -0.21796177182163468 -6.519233995366782 7.404100401797974
      vertex -0.2782512903213501 -6.489771895110607 13.669122685085787
    endloop
  endfacet
  facet normal 0.3158843954312307 0.9487976858756801 0
    outer loop
      vertex 0.04662312567234039 -6.623319536447525 6.816854324014987
      vertex -0.10259687900543213 -6.5736395344138145 13.24331791818576
      vertex 0.04662312567234039 -6.623319536447525 12.971970250405512
    endloop
  endfacet
  facet normal 0.4390564667897964 0.8984594698538494 -5.576647681560714e-17
    outer loop
      vertex -0.12723129242658615 -6.563571892678738 7.15252631855565
      vertex -0.2782512903213501 -6.489771895110607 13.669122685085787
      vertex -0.12729968815779846 -6.563538469258876 13.298489020433879
    endloop
  endfacet
  facet normal 0.4390564667938415 0.8984594698518727 0
    outer loop
      vertex -0.12723129242658615 -6.563571892678738 7.15252631855565
      vertex -0.12729968815779846 -6.563538469258876 13.298489020433879
      vertex -0.12723129242658615 -6.563571892678738 13.298306464744318
    endloop
  endfacet
  facet normal 0.37830858176129123 0.9256795433441103 0
    outer loop
      vertex -0.10259687900543213 -6.5736395344138145 7.095663185896981
      vertex -0.12723129242658615 -6.563571892678738 13.298306464744318
      vertex -0.10259687900543213 -6.5736395344138145 13.24331791818576
    endloop
  endfacet
  facet normal 0.8150177595356233 0.5794359771722264 0
    outer loop
      vertex -0.6180435493588448 -6.225087195634842 8.946202505689401
      vertex -0.7057035490870476 -6.101787194609642 9.607628792231871
      vertex -0.7057035490870476 -6.101787194609642 15.598401801300847
    endloop
  endfacet
  facet normal 0.5440898287133823 0.8390269711342074 5.713579564196441e-17
    outer loop
      vertex -0.4410979673266411 -6.385905392467976 8.10497041893914
      vertex -0.37445375264313285 -6.429122643640332 13.979759790127558
      vertex -0.29925796389579773 -6.477885395288467 7.6175476777176465
    endloop
  endfacet
  facet normal 0.6055621385485872 0.795798024850817 0
    outer loop
      vertex -0.4410979673266411 -6.385905392467976 8.10497041893914
      vertex -0.4650029242038727 -6.367714926600456 8.202706144108307
      vertex -0.4650029242038727 -6.367714926600456 14.275829064054289
    endloop
  endfacet
  facet normal 0.4390564667898024 0.8984594698538466 0
    outer loop
      vertex -0.2782512903213501 -6.489771895110607 7.555423798953961
      vertex -0.2782512903213501 -6.489771895110607 13.669122685085787
      vertex -0.21796177182163468 -6.519233995366782 7.404100401797974
    endloop
  endfacet
  facet normal 0.4924705033553521 0.8703291350546218 0
    outer loop
      vertex -0.2782512903213501 -6.489771895110607 7.555423798953961
      vertex -0.29925796389579773 -6.477885395288467 7.6175476777176465
      vertex -0.29925796389579773 -6.477885395288467 13.729547892272539
    endloop
  endfacet
  facet normal 0.6636145903624548 0.748074645645788 1.6690247672005133e-16
    outer loop
      vertex -0.49546937568461236 -6.340688236367244 8.349550865729125
      vertex -0.5877629220485687 -6.2588149309158325 14.816883388222935
      vertex -0.4650029242038727 -6.367714926600456 8.202706144108307
    endloop
  endfacet
  facet normal 0.6636145903624484 0.7480746456457936 5.674388277319396e-19
    outer loop
      vertex -0.49546937568461236 -6.340688236367244 8.349550865729125
      vertex -0.5877629220485687 -6.2588149309158325 8.768937480026558
      vertex -0.5877629220485687 -6.2588149309158325 14.816883388222935
    endloop
  endfacet
  facet normal 0.7441090554489126 0.6680581663290458 6.676516735843214e-18
    outer loop
      vertex -0.6180435493588448 -6.225087195634842 8.946202505689401
      vertex -0.6067263789944385 -6.237692698231251 14.92387778308314
      vertex -0.5877629220485687 -6.2588149309158325 8.768937480026558
    endloop
  endfacet
  facet normal 0.9084040945219026 0.4180932922875494 0
    outer loop
      vertex -0.7367442324757576 -6.0343441516160965 9.979245314325615
      vertex -0.7367442324757576 -6.0343441516160965 15.944596262378294
      vertex -0.7057035490870476 -6.101787194609642 9.607628792231871
    endloop
  endfacet
  facet normal 0.9702211616871965 0.2422207617326538 0
    outer loop
      vertex -0.7367442324757576 -6.0343441516160965 9.979245314325615
      vertex -0.7410666528007424 -6.017030591708974 10.076763660571672
      vertex -0.7367442324757576 -6.0343441516160965 15.944596262378294
    endloop
  endfacet
  facet normal 0.9702211616871963 0.2422207617326544 -1.7083655322556295e-19
    outer loop
      vertex -0.7410666528007424 -6.017030591708974 10.076763660571672
      vertex -0.7693242356181145 -5.903844155371189 10.703448186450302
      vertex -0.7693242356181145 -5.903844155371189 16.631897234103363
    endloop
  endfacet
  facet normal 0.9084040945219025 0.4180932922875494 0
    outer loop
      vertex -0.7057035490870476 -6.101787194609642 9.607628792231871
      vertex -0.7367442324757576 -6.0343441516160965 15.944596262378294
      vertex -0.7057035490870476 -6.101787194609642 15.598401801300847
    endloop
  endfacet
  facet normal 0.9999403711144836 -0.010920357843443966 0
    outer loop
      vertex -0.7693242356181145 -5.903844155371189 10.703448186450302
      vertex -0.7682199627161026 -5.802729606628418 11.28537412774737
      vertex -0.7682199627161026 -5.802729606628418 17.181141631267188
    endloop
  endfacet
  facet normal 0.9646998104919859 -0.2633519994925545 0
    outer loop
      vertex -0.7682199627161026 -5.802729606628418 11.28537412774737
      vertex -0.7340199574828148 -5.677449606359005 12.033889012358006
      vertex -0.7340199574828148 -5.677449606359005 17.88246870727339
    endloop
  endfacet
  facet normal 0.5440898287133858 0.8390269711342052 0
    outer loop
      vertex -0.4410979673266411 -6.385905392467976 8.10497041893914
      vertex -0.4410979673266411 -6.385905392467976 14.186891083974288
      vertex -0.37445375264313285 -6.429122643640332 13.979759790127558
    endloop
  endfacet
  facet normal 0.66361459036245 0.7480746456457923 0
    outer loop
      vertex -0.4650029242038727 -6.367714926600456 8.202706144108307
      vertex -0.5877629220485687 -6.2588149309158325 14.816883388222935
      vertex -0.4650029242038727 -6.367714926600456 14.275829064054289
    endloop
  endfacet
  facet normal 0.6055621385485873 0.795798024850817 0
    outer loop
      vertex -0.4410979673266411 -6.385905392467976 8.10497041893914
      vertex -0.4650029242038727 -6.367714926600456 14.275829064054289
      vertex -0.4410979673266411 -6.385905392467976 14.186891083974288
    endloop
  endfacet
  facet normal 0.492470503355352 0.870329135054622 0
    outer loop
      vertex -0.2782512903213501 -6.489771895110607 7.555423798953961
      vertex -0.29925796389579773 -6.477885395288467 13.729547892272539
      vertex -0.2782512903213501 -6.489771895110607 13.669122685085787
    endloop
  endfacet
  facet normal 0.5440898287133789 0.8390269711342097 0
    outer loop
      vertex -0.29925796389579773 -6.477885395288467 7.6175476777176465
      vertex -0.37445375264313285 -6.429122643640332 13.979759790127558
      vertex -0.29925796389579773 -6.477885395288467 13.729547892272539
    endloop
  endfacet
  facet normal 0.7441090554489117 0.6680581663290468 0
    outer loop
      vertex -0.5877629220485687 -6.2588149309158325 8.768937480026558
      vertex -0.6067263789944385 -6.237692698231251 14.92387778308314
      vertex -0.5877629220485687 -6.2588149309158325 14.816883388222935
    endloop
  endfacet
  facet normal 0.7441090554489141 0.668058166329044 0
    outer loop
      vertex -0.6180435493588448 -6.225087195634842 8.946202505689401
      vertex -0.6180435493588448 -6.225087195634842 14.985086262847778
      vertex -0.6067263789944385 -6.237692698231251 14.92387778308314
    endloop
  endfacet
  facet normal 0.8150177595356234 0.5794359771722264 0
    outer loop
      vertex -0.6180435493588448 -6.225087195634842 8.946202505689401
      vertex -0.7057035490870476 -6.101787194609642 15.598401801300847
      vertex -0.6180435493588448 -6.225087195634842 14.985086262847778
    endloop
  endfacet
  facet normal 0.9702211616871963 0.24222076173265428 1.4994613099602233e-18
    outer loop
      vertex -0.7410666528007424 -6.017030591708974 10.076763660571672
      vertex -0.7693242356181145 -5.903844155371189 16.631897234103363
      vertex -0.7367442324757576 -6.0343441516160965 15.944596262378294
    endloop
  endfacet
  facet normal 0.9999403711144835 -0.01092035784344397 0
    outer loop
      vertex -0.7693242356181145 -5.903844155371189 10.703448186450302
      vertex -0.7682199627161026 -5.802729606628418 17.181141631267188
      vertex -0.7693242356181145 -5.903844155371189 16.631897234103363
    endloop
  endfacet
  facet normal 0.8844885379221982 -0.4665619211682969 0
    outer loop
      vertex -0.7340199574828148 -5.677449606359005 12.033889012358006
      vertex -0.6934924423694611 -5.600619241595268 12.509316675909542
      vertex -0.6934924423694611 -5.600619241595268 18.324969786795403
    endloop
  endfacet
  facet normal 0.7620622079504974 -0.6475038155977252 0
    outer loop
      vertex -0.6934924423694611 -5.600619241595268 12.509316675909542
      vertex -0.6891515817647667 -5.595510382408446 12.542309756265707
      vertex -0.6934924423694611 -5.600619241595268 18.324969786795403
    endloop
  endfacet
  facet normal 0.964699810491986 -0.26335199949255456 0
    outer loop
      vertex -0.7682199627161026 -5.802729606628418 11.28537412774737
      vertex -0.7340199574828148 -5.677449606359005 17.88246870727339
      vertex -0.7682199627161026 -5.802729606628418 17.181141631267188
    endloop
  endfacet
  facet normal 0.8844885379221982 -0.4665619211682969 0
    outer loop
      vertex -0.7340199574828148 -5.677449606359005 12.033889012358006
      vertex -0.6934924423694611 -5.600619241595268 18.324969786795403
      vertex -0.7340199574828148 -5.677449606359005 17.88246870727339
    endloop
  endfacet
  facet normal 0.7620622079504923 -0.6475038155977312 -3.0197918784049406e-20
    outer loop
      vertex -0.6891515817647667 -5.595510382408446 12.542309756265707
      vertex -0.5998924449086189 -5.490459240972996 13.201132485431263
      vertex -0.5998924449086189 -5.490459240972996 18.98193607932576
    endloop
  endfacet
  facet normal 0.677202631847231 -0.7357965720354938 0
    outer loop
      vertex -0.5998924449086189 -5.490459240972996 13.201132485431263
      vertex -0.5639174655079842 -5.457349069416523 13.413339295242547
      vertex -0.5639174655079842 -5.457349069416523 19.18436936525759
    endloop
  endfacet
  facet normal 0.5821873256619203 -0.8130546831785799 -2.92534912980394e-17
    outer loop
      vertex -0.5639174655079842 -5.457349069416523 13.413339295242547
      vertex -0.43269746750593185 -5.363389067351818 14.032470910120399
      vertex -0.5283466496757362 -5.431878607749629 19.345101118395558
    endloop
  endfacet
  facet normal 0.5449945604633738 -0.8384395798537506 5.072947975180798e-17
    outer loop
      vertex -0.43269746750593185 -5.363389067351818 14.032470910120399
      vertex -0.41837448384873194 -5.354078977071799 14.094585768264988
      vertex -0.41759930551052094 -5.353575102984905 19.818376226397305
    endloop
  endfacet
  facet normal 0.5449945604636375 -0.8384395798535793 0
    outer loop
      vertex -0.41759930551052094 -5.353575102984905 14.097757703202422
      vertex -0.41759930551052094 -5.353575102984905 19.818376226397305
      vertex -0.41837448384873194 -5.354078977071799 14.094585768264988
    endloop
  endfacet
  facet normal 0.7620622079504925 -0.6475038155977308 -8.684904991188052e-18
    outer loop
      vertex -0.6891515817647667 -5.595510382408446 12.542309756265707
      vertex -0.5998924449086189 -5.490459240972996 18.98193607932576
      vertex -0.6934924423694611 -5.600619241595268 18.324969786795403
    endloop
  endfacet
  facet normal 0.5066965121502047 -0.8621244948235826 5.458655404378118e-17
    outer loop
      vertex -0.41759930551052094 -5.353575102984905 14.097757703202422
      vertex -0.27217692136764526 -5.2681059911847115 14.640298282883233
      vertex -0.3080605802778075 -5.289195897482626 20.215315214734993
    endloop
  endfacet
  facet normal 0.6772026318472308 -0.7357965720354938 0
    outer loop
      vertex -0.5998924449086189 -5.490459240972996 13.201132485431263
      vertex -0.5639174655079842 -5.457349069416523 19.18436936525759
      vertex -0.5998924449086189 -5.490459240972996 18.98193607932576
    endloop
  endfacet
  facet normal 0.5821873256619171 -0.8130546831785822 0
    outer loop
      vertex -0.5639174655079842 -5.457349069416523 13.413339295242547
      vertex -0.5283466496757362 -5.431878607749629 19.345101118395558
      vertex -0.5639174655079842 -5.457349069416523 19.18436936525759
    endloop
  endfacet
  facet normal 0.5194152575611555 -0.8545219659041414 -1.3315480122661614e-17
    outer loop
      vertex -0.27217692136764526 -5.2681059911847115 14.640298282883233
      vertex -0.17413964523987563 -5.2085147120107225 15.017487032686226
      vertex -0.13384021818637848 -5.184018984436989 20.82624765946167
    endloop
  endfacet
  facet normal 0.5821873256619216 -0.8130546831785793 0
    outer loop
      vertex -0.43269746750593185 -5.363389067351818 14.032470910120399
      vertex -0.43269746750593185 -5.363389067351818 19.758544033585043
      vertex -0.5283466496757362 -5.431878607749629 19.345101118395558
    endloop
  endfacet
  facet normal 0.5449945604633876 -0.8384395798537418 0
    outer loop
      vertex -0.43269746750593185 -5.363389067351818 14.032470910120399
      vertex -0.41759930551052094 -5.353575102984905 19.818376226397305
      vertex -0.43269746750593185 -5.363389067351818 19.758544033585043
    endloop
  endfacet
  facet normal 0.506696512150207 -0.8621244948235813 0
    outer loop
      vertex -0.41759930551052094 -5.353575102984905 14.097757703202422
      vertex -0.3080605802778075 -5.289195897482626 20.215315214734993
      vertex -0.41759930551052094 -5.353575102984905 19.818376226397305
    endloop
  endfacet
  facet normal 0.5066965121501985 -0.8621244948235863 0
    outer loop
      vertex -0.27217692136764526 -5.2681059911847115 14.640298282883233
      vertex -0.27217692136764526 -5.2681059911847115 20.338019454653345
      vertex -0.3080605802778075 -5.289195897482626 20.215315214734993
    endloop
  endfacet
  facet normal 0.5194152575611541 -0.854521965904142 2.810671650638847e-20
    outer loop
      vertex -0.17413964523987563 -5.2085147120107225 15.017487032686226
      vertex -0.13384021818637848 -5.184018984436989 15.162325762858929
      vertex -0.13384021818637848 -5.184018984436989 20.82624765946167
    endloop
  endfacet
  facet normal 0.5901751142592748 -0.8072752532495047 4.353664626602778e-17
    outer loop
      vertex -0.13384021818637848 -5.184018984436989 15.162325762858929
      vertex -0.01346614956855774 -5.096017055213451 15.681086371953644
      vertex -0.10006503569853355 -5.1593269452549935 20.96816507741245
    endloop
  endfacet
  facet normal 0.5194152575611551 -0.8545219659041416 0
    outer loop
      vertex -0.27217692136764526 -5.2681059911847115 14.640298282883233
      vertex -0.13384021818637848 -5.184018984436989 20.82624765946167
      vertex -0.27217692136764526 -5.2681059911847115 20.338019454653345
    endloop
  endfacet
  facet normal 0.5901751142592798 -0.807275253249501 0
    outer loop
      vertex -0.13384021818637848 -5.184018984436989 15.162325762858929
      vertex -0.10006503569853355 -5.1593269452549935 20.96816507741245
      vertex -0.13384021818637848 -5.184018984436989 20.82624765946167
    endloop
  endfacet
  facet normal 0.5901751142592732 -0.807275253249506 0
    outer loop
      vertex -0.01346614956855774 -5.096017055213451 15.681086371953644
      vertex -0.01346614956855774 -5.096017055213451 21.313957957987203
      vertex -0.10006503569853355 -5.1593269452549935 20.96816507741245
    endloop
  endfacet
  facet normal 0.7076323334305554 0.7065808380388103 0
    outer loop
      vertex -0.06065530329942703 -4.112896241247654 21.386420039863438
      vertex -0.06065530329942703 -4.112896241247654 26.683674727217984
      vertex 0.04500439763069153 -4.21871317923069 20.778840202588896
    endloop
  endfacet
  facet normal 0.645288807307478 0.763938711654078 -2.709021207730097e-19
    outer loop
      vertex -0.1353983095627453 -4.049761824009125 21.74816831436078
      vertex -0.18295034021139145 -4.009595260024071 21.96567127419079
      vertex -0.18295034021139145 -4.009595260024071 27.225618590716977
    endloop
  endfacet
  facet normal 0.6452888073074842 0.7639387116540728 9.142027138435977e-17
    outer loop
      vertex -0.06065530329942703 -4.112896241247654 21.386420039863438
      vertex -0.1353983095627453 -4.049761824009125 21.74816831436078
      vertex -0.18295034021139145 -4.009595260024071 27.225618590716977
    endloop
  endfacet
  facet normal 0.6112116229181851 0.7914672147409003 2.747372222383789e-17
    outer loop
      vertex -0.18295034021139145 -4.009595260024071 21.96567127419079
      vertex -0.3058957286574183 -3.914650518153742 22.476391086099824
      vertex -0.3155597150325775 -3.9071874916553497 27.737847297927132
    endloop
  endfacet
  facet normal 0.6112116229181761 0.7914672147409073 -9.428043556319102e-20
    outer loop
      vertex -0.3058957286574183 -3.914650518153742 22.476391086099824
      vertex -0.3155597150325775 -3.9071874916553497 22.513892393398933
      vertex -0.3155597150325775 -3.9071874916553497 27.737847297927132
    endloop
  endfacet
  facet normal 0.6452888073074816 0.763938711654075 0
    outer loop
      vertex -0.06065530329942703 -4.112896241247654 21.386420039863438
      vertex -0.18295034021139145 -4.009595260024071 27.225618590716977
      vertex -0.06065530329942703 -4.112896241247654 26.683674727217984
    endloop
  endfacet
  facet normal 0.6112116229181843 0.7914672147409008 0
    outer loop
      vertex -0.18295034021139145 -4.009595260024071 21.96567127419079
      vertex -0.3155597150325775 -3.9071874916553497 27.737847297927132
      vertex -0.18295034021139145 -4.009595260024071 27.225618590716977
    endloop
  endfacet
  facet normal 0.6452888073075882 0.763938711653985 4.144779388922755e-14
    outer loop
      vertex -0.07946143969312242 -4.097010949484819 26.770438750877425
      vertex -0.06065530329942703 -4.112896241247654 26.683674727217984
      vertex -0.18295034021139145 -4.009595260024071 27.225618590716977
    endloop
  endfacet
  facet normal 0.6112116229181612 0.7914672147409187 -9.386110053065873e-15
    outer loop
      vertex -0.23135515332901552 -3.9722145778787468 27.419383405294422
      vertex -0.18295034021139145 -4.009595260024071 27.225618590716977
      vertex -0.3155597150325775 -3.9071874916553497 27.737847297927132
    endloop
  endfacet
  facet normal 0.5966856737554747 0.8024750505373829 -2.1361678442116223e-17
    outer loop
      vertex -0.3155597150325775 -3.9071874916553497 22.513892393398933
      vertex -0.45377714186906815 -3.804415002465248 23.02733356283254
      vertex -0.37569419300029294 -3.862474099658836 27.955881093176558
    endloop
  endfacet
  facet normal 0.5972657936760893 0.8020433727077801 0
    outer loop
      vertex -0.4540092796087265 -3.8042421340942383 23.028197399950173
      vertex -0.4540092796087265 -3.8042421340942383 28.22212948517483
      vertex -0.45377714186906815 -3.804415002465248 23.02733356283254
    endloop
  endfacet
  facet normal 0.5978464002908936 0.8016106796065162 0
    outer loop
      vertex -0.4540092796087265 -3.8042421340942383 23.028197399950173
      vertex -0.46731414226353846 -3.794319281958026 23.07779438387979
      vertex -0.4540092796087265 -3.8042421340942383 28.22212948517483
    endloop
  endfacet
  facet normal 0.5978464002908874 0.8016106796065208 7.698781168027032e-19
    outer loop
      vertex -0.46731414226353846 -3.794319281958026 23.07779438387979
      vertex -0.593509279191494 -3.700202137231827 23.512833084027037
      vertex -0.593509279191494 -3.700202137231827 28.679597056233522
    endloop
  endfacet
  facet normal 0.606286354540004 0.795246412314191 0
    outer loop
      vertex -0.596871592104435 -3.697638750076294 23.52474450283887
      vertex -0.596871592104435 -3.697638750076294 28.690592207244684
      vertex -0.593509279191494 -3.700202137231827 23.512833084027037
    endloop
  endfacet
  facet normal 0.6146579527295944 0.7887937633794171 1.503610386199636e-19
    outer loop
      vertex -0.6205957202555563 -3.679152011569148 23.61108715910178
      vertex -0.596871592104435 -3.697638750076294 28.690592207244684
      vertex -0.596871592104435 -3.697638750076294 23.52474450283887
    endloop
  endfacet
  facet normal 0.6310195742113773 0.7757669089114926 0
    outer loop
      vertex -0.7338515892624855 -3.5908987522125244 23.990582350458293
      vertex -0.7403411045670509 -3.58562009036541 24.013592100017277
      vertex -0.7403411045670509 -3.58562009036541 29.151445542109624
    endloop
  endfacet
  facet normal 0.6471055257260417 0.7624004450253311 0
    outer loop
      vertex -0.7403411045670509 -3.58562009036541 24.013592100017277
      vertex -0.7658487121281182 -3.5639699012705313 24.10917767217654
      vertex -0.7403411045670509 -3.58562009036541 29.151445542109624
    endloop
  endfacet
  facet normal 0.6146579527295982 0.7887937633794141 0
    outer loop
      vertex -0.7338515892624855 -3.5908987522125244 23.990582350458293
      vertex -0.7338515892624855 -3.5908987522125244 29.129985122356153
      vertex -0.6205957202555563 -3.679152011569148 23.61108715910178
    endloop
  endfacet
  facet normal 0.6471055257260467 0.762400445025327 -4.663660438953281e-19
    outer loop
      vertex -0.7658487121281182 -3.5639699012705313 24.10917767217654
      vertex -0.8724611103534698 -3.4734800904989243 24.476802355005372
      vertex -0.8724611103534698 -3.4734800904989243 29.58854139036134
    endloop
  endfacet
  facet normal 0.6703222681414573 0.7420701158473448 0
    outer loop
      vertex -0.8724611103534698 -3.4734800904989243 24.476802355005372
      vertex -0.8816200941801071 -3.465206652879715 24.51120633239043
      vertex -0.8816200941801071 -3.465206652879715 29.62097540429841
    endloop
  endfacet
  facet normal 0.6929004597649149 0.7210332536420005 0
    outer loop
      vertex -0.8816200941801071 -3.465206652879715 24.51120633239043
      vertex -0.9025682141912422 -3.4450758726228963 24.59671771833215
      vertex -0.8816200941801071 -3.465206652879715 29.62097540429841
    endloop
  endfacet
  facet normal 0.6929004597649137 0.7210332536420017 -1.3845239004491098e-17
    outer loop
      vertex -1.0061800926923752 -3.345506653189659 24.98720511696526
      vertex -1.002606937405929 -3.3489403934898245 30.057784905701592
      vertex -0.9025682141912422 -3.4450758726228963 24.59671771833215
    endloop
  endfacet
  facet normal 0.7172196567389495 0.6968471597038073 0
    outer loop
      vertex -1.0061800926923752 -3.345506653189659 24.98720511696526
      vertex -1.0157389789819717 -3.335668310523033 25.02687263309625
      vertex -1.0157389789819717 -3.335668310523033 30.104914406519374
    endloop
  endfacet
  facet normal 0.740694895921723 0.6718415521203702 0
    outer loop
      vertex -1.0157389789819717 -3.335668310523033 25.02687263309625
      vertex -1.0298933367216778 -3.3200633505443564 25.091398890456368
      vertex -1.0157389789819717 -3.335668310523033 30.104914406519374
    endloop
  endfacet
  facet normal 0.7406948959217202 0.6718415521203732 -2.3505604094067078e-17
    outer loop
      vertex -1.1316589787602425 -3.207868307828903 25.521574654909518
      vertex -1.106931637897535 -3.2351298177919583 30.47574570362783
      vertex -1.0298933367216778 -3.3200633505443564 25.091398890456368
    endloop
  endfacet
  facet normal 0.6146579527295986 0.7887937633794138 9.954523908196665e-18
    outer loop
      vertex -0.6205957202555563 -3.679152011569148 23.61108715910178
      vertex -0.7338515892624855 -3.5908987522125244 29.129985122356153
      vertex -0.645334624132385 -3.6598745214118233 28.85347849903358
    endloop
  endfacet
  facet normal 0.6310195742113774 0.7757669089114926 0
    outer loop
      vertex -0.7338515892624855 -3.5908987522125244 23.990582350458293
      vertex -0.7403411045670509 -3.58562009036541 29.151445542109624
      vertex -0.7338515892624855 -3.5908987522125244 29.129985122356153
    endloop
  endfacet
  facet normal 0.6471055257260451 0.7624004450253284 -2.8255096143829076e-17
    outer loop
      vertex -0.7658487121281182 -3.5639699012705313 24.10917767217654
      vertex -0.7710485692095312 -3.559556398796439 29.258812647474716
      vertex -0.7403411045670509 -3.58562009036541 29.151445542109624
    endloop
  endfacet
  facet normal 0.647105525726046 0.7624004450253278 -2.6823756154767404e-17
    outer loop
      vertex -0.7658487121281182 -3.5639699012705313 24.10917767217654
      vertex -0.8724611103534698 -3.4734800904989243 29.58854139036134
      vertex -0.7710485692095312 -3.559556398796439 29.258812647474716
    endloop
  endfacet
  facet normal 0.764154530525841 0.6450332188940594 0
    outer loop
      vertex -1.1316589787602425 -3.207868307828903 25.521574654909518
      vertex -1.1408488973975182 -3.196981243789196 25.564580615579384
      vertex -1.1408488973975182 -3.196981243789196 30.60818361026852
    endloop
  endfacet
  facet normal 0.7866444863176477 0.6174062294357291 2.3974548626488178e-20
    outer loop
      vertex -1.1472467827789155 -3.188829623317261 25.59767149839165
      vertex -1.1408488973975182 -3.196981243789196 30.60818361026852
      vertex -1.1408488973975182 -3.196981243789196 25.564580615579384
    endloop
  endfacet
  facet normal 0.7866444863176458 0.6174062294357314 -1.3928045846910717e-17
    outer loop
      vertex -1.2472288981080055 -3.0614412426948547 26.079295371501313
      vertex -1.203503509644687 -3.117152270713154 30.900863067781586
      vertex -1.1472467827789155 -3.188829623317261 25.59767149839165
    endloop
  endfacet
  facet normal 0.809357471806692 0.587316339659199 3.695327203366447e-18
    outer loop
      vertex -1.2472288981080055 -3.0614412426948547 26.079295371501313
      vertex -1.2541775088730145 -3.051865636396212 26.116681490331715
      vertex -1.256084032356739 -3.049238331615925 31.13563567679378
    endloop
  endfacet
  facet normal 0.8093574718066888 0.5873163396592034 0
    outer loop
      vertex -1.256084032356739 -3.049238331615925 26.12622464502111
      vertex -1.256084032356739 -3.049238331615925 31.13563567679378
      vertex -1.2541775088730145 -3.051865636396212 26.116681490331715
    endloop
  endfacet
  facet normal 0.5966856737554759 0.8024750505373821 0
    outer loop
      vertex -0.3155597150325775 -3.9071874916553497 22.513892393398933
      vertex -0.37569419300029294 -3.862474099658836 27.955881093176558
      vertex -0.3155597150325775 -3.9071874916553497 27.737847297927132
    endloop
  endfacet
  facet normal 0.5966856737554738 0.8024750505373838 0
    outer loop
      vertex -0.45377714186906815 -3.804415002465248 23.02733356283254
      vertex -0.45377714186906815 -3.804415002465248 28.221338874067655
      vertex -0.37569419300029294 -3.862474099658836 27.955881093176558
    endloop
  endfacet
  facet normal 0.5972657936760893 0.8020433727077801 0
    outer loop
      vertex -0.45377714186906815 -3.804415002465248 23.02733356283254
      vertex -0.4540092796087265 -3.8042421340942383 28.22212948517483
      vertex -0.45377714186906815 -3.804415002465248 28.221338874067655
    endloop
  endfacet
  facet normal 0.5978464002908906 0.8016106796065182 1.176628659986481e-17
    outer loop
      vertex -0.46731414226353846 -3.794319281958026 23.07779438387979
      vertex -0.5135481531437218 -3.7598376592963927 28.425269835354104
      vertex -0.4540092796087265 -3.8042421340942383 28.22212948517483
    endloop
  endfacet
  facet normal 0.597846400290886 0.8016106796065219 -5.087768240107756e-17
    outer loop
      vertex -0.46731414226353846 -3.794319281958026 23.07779438387979
      vertex -0.593509279191494 -3.700202137231827 28.679597056233522
      vertex -0.5135481531437218 -3.7598376592963927 28.425269835354104
    endloop
  endfacet
  facet normal 0.606286354540004 0.7952464123141911 0
    outer loop
      vertex -0.593509279191494 -3.700202137231827 23.512833084027037
      vertex -0.596871592104435 -3.697638750076294 28.690592207244684
      vertex -0.593509279191494 -3.700202137231827 28.679597056233522
    endloop
  endfacet
  facet normal 0.6146579527295958 0.7887937633794158 -1.0589773751657243e-17
    outer loop
      vertex -0.6205957202555563 -3.679152011569148 23.61108715910178
      vertex -0.645334624132385 -3.6598745214118233 28.85347849903358
      vertex -0.596871592104435 -3.697638750076294 28.690592207244684
    endloop
  endfacet
  facet normal 0.830920154877911 0.5563916751872445 -9.879029221163516e-19
    outer loop
      vertex -1.256084032356739 -3.049238331615925 26.12622464502111
      vertex -1.3499475863371837 -2.9090616857583553 26.653665111476187
      vertex -1.3516640290617943 -2.906498335301876 31.640875241545146
    endloop
  endfacet
  facet normal 0.830920154877911 0.5563916751872446 -2.3534421779843927e-20
    outer loop
      vertex -1.3499475863371837 -2.9090616857583553 26.653665111476187
      vertex -1.3516640290617943 -2.906498335301876 26.662628166783573
      vertex -1.3516640290617943 -2.906498335301876 31.640875241545146
    endloop
  endfacet
  facet normal 0.8525018035272337 0.5227242819908158 0
    outer loop
      vertex -1.3516640290617943 -2.906498335301876 26.662628166783573
      vertex -1.3600240647792816 -2.8928641006350517 26.712272744164654
      vertex -1.3600240647792816 -2.8928641006350517 31.68977369252251
    endloop
  endfacet
  facet normal 0.8727203169035166 0.48822049164678205 4.050877200532125e-18
    outer loop
      vertex -1.3600240647792816 -2.8928641006350517 26.712272744164654
      vertex -1.4339150796236177 -2.7607799480961903 27.211392670680706
      vertex -1.4439040645956993 -2.742924101650715 32.22044923547729
    endloop
  endfacet
  facet normal 0.8727203169035163 0.4882204916467829 1.9378825193077223e-20
    outer loop
      vertex -1.4339150796236177 -2.7607799480961903 27.211392670680706
      vertex -1.4439040645956993 -2.742924101650715 27.274443328352344
      vertex -1.4439040645956993 -2.742924101650715 32.22044923547729
    endloop
  endfacet
  facet normal 0.8940175103251469 0.44803202032000544 0
    outer loop
      vertex -1.4439040645956993 -2.742924101650715 27.274443328352344
      vertex -1.4520530477166176 -2.7266633585095406 27.33450609526683
      vertex -1.4520530477166176 -2.7266633585095406 32.276880579127706
    endloop
  endfacet
  facet normal 0.9134652424890622 0.40691676146897504 4.128079415660215e-17
    outer loop
      vertex -1.5052688448141232 -2.607202118268573 27.794325418680025
      vertex -1.5052688448141234 -2.607202118268573 32.7077490343154
      vertex -1.4520530477166176 -2.7266633585095406 27.33450609526683
    endloop
  endfacet
  facet normal 0.8525018035272336 0.5227242819908159 0
    outer loop
      vertex -1.3516640290617943 -2.906498335301876 26.662628166783573
      vertex -1.3600240647792816 -2.8928641006350517 31.68977369252251
      vertex -1.3516640290617943 -2.906498335301876 31.640875241545146
    endloop
  endfacet
  facet normal 0.8727203169035166 0.4882204916467822 0
    outer loop
      vertex -1.3600240647792816 -2.8928641006350517 26.712272744164654
      vertex -1.4439040645956993 -2.742924101650715 32.22044923547729
      vertex -1.3600240647792816 -2.8928641006350517 31.68977369252251
    endloop
  endfacet
  facet normal 0.8940175103251469 0.4480320203200055 0
    outer loop
      vertex -1.4439040645956993 -2.742924101650715 27.274443328352344
      vertex -1.4520530477166176 -2.7266633585095406 32.276880579127706
      vertex -1.4439040645956993 -2.742924101650715 32.22044923547729
    endloop
  endfacet
  facet normal 0.9134652424890615 0.4069167614689765 0
    outer loop
      vertex -1.4520530477166176 -2.7266633585095406 27.33450609526683
      vertex -1.5052688448141234 -2.607202118268573 32.7077490343154
      vertex -1.4520530477166176 -2.7266633585095406 32.276880579127706
    endloop
  endfacet
  facet normal 0.8727203169034884 0.48822049164683257 -1.869086976277058e-14
    outer loop
      vertex -1.3725573466358458 -2.870460187032803 31.772845435242566
      vertex -1.3600240647792816 -2.8928641006350517 31.68977369252251
      vertex -1.4439040645956993 -2.742924101650715 32.22044923547729
    endloop
  endfacet
  facet normal 0.8940175103261541 0.4480320203179958 7.245974423347177e-13
    outer loop
      vertex -1.4443508814341801 -2.7420325089533346 32.22370576404977
      vertex -1.4439040645956993 -2.742924101650715 32.22044923547729
      vertex -1.4520530477166176 -2.7266633585095406 32.276880579127706
    endloop
  endfacet
  facet normal 0.6929004597649036 0.7210332536420115 0
    outer loop
      vertex -1.0061800926923752 -3.345506653189659 24.98720511696526
      vertex -1.0061800926923752 -3.345506653189659 30.069685285053893
      vertex -1.002606937405929 -3.3489403934898245 30.057784905701592
    endloop
  endfacet
  facet normal 0.7172196567389495 0.6968471597038073 0
    outer loop
      vertex -1.0061800926923752 -3.345506653189659 24.98720511696526
      vertex -1.0157389789819717 -3.335668310523033 30.104914406519374
      vertex -1.0061800926923752 -3.345506653189659 30.069685285053893
    endloop
  endfacet
  facet normal 0.7406948959217211 0.671841552120372 1.0918089521327818e-17
    outer loop
      vertex -1.0298933367216778 -3.3200633505443564 25.091398890456368
      vertex -1.106931637897535 -3.2351298177919583 30.47574570362783
      vertex -1.0157389789819717 -3.335668310523033 30.104914406519374
    endloop
  endfacet
  facet normal 0.6929004597649141 0.7210332536420013 1.848404798888327e-18
    outer loop
      vertex -0.9025682141912422 -3.4450758726228963 24.59671771833215
      vertex -1.002606937405929 -3.3489403934898245 30.057784905701592
      vertex -0.8904050260501204 -3.4567644856135185 29.654777319761415
    endloop
  endfacet
  facet normal 0.6703222681414575 0.7420701158473451 0
    outer loop
      vertex -0.8724611103534698 -3.4734800904989243 24.476802355005372
      vertex -0.8816200941801071 -3.465206652879715 29.62097540429841
      vertex -0.8724611103534698 -3.4734800904989243 29.58854139036134
    endloop
  endfacet
  facet normal 0.6929004597649154 0.7210332536420001 -3.4512014010971562e-18
    outer loop
      vertex -0.9025682141912422 -3.4450758726228963 24.59671771833215
      vertex -0.8904050260501204 -3.4567644856135185 29.654777319761415
      vertex -0.8816200941801071 -3.465206652879715 29.62097540429841
    endloop
  endfacet
  facet normal 0.740694895921718 0.6718415521203756 0
    outer loop
      vertex -1.1316589787602425 -3.207868307828903 25.521574654909518
      vertex -1.1316589787602425 -3.207868307828903 30.569473111780415
      vertex -1.106931637897535 -3.2351298177919583 30.47574570362783
    endloop
  endfacet
  facet normal 0.7641545305258409 0.6450332188940593 0
    outer loop
      vertex -1.1316589787602425 -3.207868307828903 25.521574654909518
      vertex -1.1408488973975182 -3.196981243789196 30.60818361026852
      vertex -1.1316589787602425 -3.207868307828903 30.569473111780415
    endloop
  endfacet
  facet normal 0.7866444863176464 0.6174062294357306 4.321387421894536e-18
    outer loop
      vertex -1.1472467827789155 -3.188829623317261 25.59767149839165
      vertex -1.203503509644687 -3.117152270713154 30.900863067781586
      vertex -1.1408488973975182 -3.196981243789196 30.60818361026852
    endloop
  endfacet
  facet normal 0.7866444863176453 0.6174062294357322 0
    outer loop
      vertex -1.2472288981080055 -3.0614412426948547 26.079295371501313
      vertex -1.2472288981080055 -3.0614412426948547 31.092227060646778
      vertex -1.203503509644687 -3.117152270713154 30.900863067781586
    endloop
  endfacet
  facet normal 0.8093574718066914 0.5873163396591999 0
    outer loop
      vertex -1.2472288981080055 -3.0614412426948547 26.079295371501313
      vertex -1.256084032356739 -3.049238331615925 31.13563567679378
      vertex -1.2472288981080055 -3.0614412426948547 31.092227060646778
    endloop
  endfacet
  facet normal 0.8309201548779109 0.5563916751872446 0
    outer loop
      vertex -1.256084032356739 -3.049238331615925 26.12622464502111
      vertex -1.3516640290617943 -2.906498335301876 31.640875241545146
      vertex -1.256084032356739 -3.049238331615925 31.13563567679378
    endloop
  endfacet
  facet normal 0.8309201548779417 0.556391675187199 1.8781925174397952e-14
    outer loop
      vertex -1.2921071574349385 -2.995441084094041 31.33323368785863
      vertex -1.256084032356739 -3.049238331615925 31.13563567679378
      vertex -1.3516640290617943 -2.906498335301876 31.640875241545146
    endloop
  endfacet
  facet normal 0.9134652424890601 0.4069167614689799 8.237085201843001e-20
    outer loop
      vertex -1.5052688448141232 -2.607202118268573 27.794325418680025
      vertex -1.5218930467963219 -2.569883354008198 27.929416508180278
      vertex -1.5218930467963219 -2.569883354008198 32.83534675229216
    endloop
  endfacet
  facet normal 0.9325979831781608 0.36091689039448815 0
    outer loop
      vertex -1.5218930467963219 -2.569883354008198 27.929416508180278
      vertex -1.529083177447319 -2.551304280757904 27.99994588654755
      vertex -1.529083177447319 -2.551304280757904 32.90193644795257
    endloop
  endfacet
  facet normal 0.9494159044024566 0.3140214012892521 0
    outer loop
      vertex -1.529083177447319 -2.551304280757904 27.99994588654755
      vertex -1.5630784697028597 -2.4485225244517785 28.407552398955282
      vertex -1.529083177447319 -2.551304280757904 32.90193644795257
    endloop
  endfacet
  facet normal 0.9901623467567334 0.1399232899312991 0
    outer loop
      vertex -1.6234493553638458 -2.198817551136017 29.400421350869195
      vertex -1.6269846633076668 -2.173800066113472 29.50519699294593
      vertex -1.6269846633076668 -2.173800066113472 34.31969115730206
    endloop
  endfacet
  facet normal 0.9970233399229765 0.07710032197619388 0
    outer loop
      vertex -1.6269846633076668 -2.173800066113472 29.50519699294593
      vertex -1.6315994338384823 -2.1141241294937463 29.76827732110493
      vertex -1.6269846633076668 -2.173800066113472 34.31969115730206
    endloop
  endfacet
  facet normal 0.9660010581692505 0.2585381125015964 0
    outer loop
      vertex -1.5888893529772758 -2.3662175461649895 28.721121260782137
      vertex -1.5888893529772758 -2.3662175461649895 33.58119975032744
      vertex -1.5829031765460968 -2.388584278523922 28.632584137618032
    endloop
  endfacet
  facet normal 0.9494159044024556 0.31402140128925526 9.338850988194484e-20
    outer loop
      vertex -1.5630784697028597 -2.4485225244517785 28.407552398955282
      vertex -1.5829031765460968 -2.388584278523922 28.632584137618032
      vertex -1.5829031765460968 -2.388584278523922 33.49709904755377
    endloop
  endfacet
  facet normal 0.9793467806717108 0.20218774242756646 0
    outer loop
      vertex -1.5888893529772758 -2.3662175461649895 28.721121260782137
      vertex -1.6058040369787205 -2.2842870536237383 29.06164319105951
      vertex -1.5888893529772758 -2.3662175461649895 33.58119975032744
    endloop
  endfacet
  facet normal 0.9134652424890621 0.4069167614689752 4.1280794156602146e-17
    outer loop
      vertex -1.5052688448141232 -2.607202118268573 27.794325418680025
      vertex -1.5218930467963219 -2.569883354008198 32.83534675229216
      vertex -1.5052688448141234 -2.607202118268573 32.7077490343154
    endloop
  endfacet
  facet normal 0.9325979831781609 0.36091689039448815 0
    outer loop
      vertex -1.5218930467963219 -2.569883354008198 27.929416508180278
      vertex -1.529083177447319 -2.551304280757904 32.90193644795257
      vertex -1.5218930467963219 -2.569883354008198 32.83534675229216
    endloop
  endfacet
  facet normal 0.9793467806717105 0.2021877424275679 -2.3101631026227976e-19
    outer loop
      vertex -1.6058040369787205 -2.2842870536237383 29.06164319105951
      vertex -1.6234493553638458 -2.198817551136017 29.400421350869195
      vertex -1.6234493553638458 -2.198817551136017 34.22122292629925
    endloop
  endfacet
  facet normal 0.9970233399229763 0.07710032197619622 2.394357418244034e-18
    outer loop
      vertex -1.6315994338384823 -2.1141241294937463 29.76827732110493
      vertex -1.6401246637105942 -2.003880061209202 30.235112761687706
      vertex -1.6380390782407515 -2.0308498239487065 34.89982721966396
    endloop
  endfacet
  facet normal 0.999981703913937 0.006049118727484749 0
    outer loop
      vertex -1.6401246637105942 -2.003880061209202 30.235112761687706
      vertex -1.6402966231107712 -1.9754533991217613 30.362881743332128
      vertex -1.6402966231107712 -1.9754533991217613 35.12368358290192
    endloop
  endfacet
  facet normal 0.997883113959545 -0.06503299835008276 0
    outer loop
      vertex -1.6402966231107712 -1.9754533991217613 30.362881743332128
      vertex -1.6378038368957992 -1.9372034439645196 30.544744616594894
      vertex -1.6402966231107712 -1.9754533991217613 35.12368358290192
    endloop
  endfacet
  facet normal 0.9494159044024563 0.31402140128925277 1.6587180413805146e-17
    outer loop
      vertex -1.5630784697028597 -2.4485225244517785 28.407552398955282
      vertex -1.5562519689744796 -2.469161845008689 33.20938479679501
      vertex -1.529083177447319 -2.551304280757904 32.90193644795257
    endloop
  endfacet
  facet normal 0.949415904402456 0.3140214012892536 2.085580666949888e-17
    outer loop
      vertex -1.5630784697028597 -2.4485225244517785 28.407552398955282
      vertex -1.5829031765460968 -2.388584278523922 33.49709904755377
      vertex -1.5562519689744796 -2.469161845008689 33.20938479679501
    endloop
  endfacet
  facet normal 0.9660010581692506 0.2585381125015964 0
    outer loop
      vertex -1.5829031765460968 -2.388584278523922 28.632584137618032
      vertex -1.5888893529772758 -2.3662175461649895 33.58119975032744
      vertex -1.5829031765460968 -2.388584278523922 33.49709904755377
    endloop
  endfacet
  facet normal 0.9793467806717112 0.20218774242756396 -4.753775080797386e-17
    outer loop
      vertex -1.6058040369787205 -2.2842870536237383 29.06164319105951
      vertex -1.5967538199122426 -2.328124038210529 33.73142992976863
      vertex -1.5888893529772758 -2.3662175461649895 33.58119975032744
    endloop
  endfacet
  facet normal 0.9793467806717104 0.2021877424275682 -5.937207394338553e-18
    outer loop
      vertex -1.6058040369787205 -2.2842870536237383 29.06164319105951
      vertex -1.6234493553638458 -2.198817551136017 34.22122292629925
      vertex -1.5967538199122426 -2.328124038210529 33.73142992976863
    endloop
  endfacet
  facet normal 0.9970233399229765 0.07710032197619525 1.810935163896015e-17
    outer loop
      vertex -1.6315994338384823 -2.1141241294937463 29.76827732110493
      vertex -1.6380390782407515 -2.0308498239487065 34.89982721966396
      vertex -1.6269846633076668 -2.173800066113472 34.31969115730206
    endloop
  endfacet
  facet normal 0.9970233399229763 0.07710032197619579 0
    outer loop
      vertex -1.6401246637105942 -2.003880061209202 30.235112761687706
      vertex -1.6401246637105942 -2.003880061209202 35.005348295470746
      vertex -1.6380390782407515 -2.0308498239487065 34.89982721966396
    endloop
  endfacet
  facet normal 0.999981703913937 0.006049118727484749 0
    outer loop
      vertex -1.6401246637105942 -2.003880061209202 30.235112761687706
      vertex -1.6402966231107712 -1.9754533991217613 35.12368358290192
      vertex -1.6401246637105942 -2.003880061209202 35.005348295470746
    endloop
  endfacet
  facet normal 0.9901623467567333 0.13992328993129907 0
    outer loop
      vertex -1.6234493553638458 -2.198817551136017 29.400421350869195
      vertex -1.6269846633076668 -2.173800066113472 34.31969115730206
      vertex -1.6234493553638458 -2.198817551136017 34.22122292629925
    endloop
  endfacet
  facet normal 0.9901623467566925 0.13992328993158884 -7.511567366682212e-14
    outer loop
      vertex -1.6256046134075848 -2.183565941747024 34.28214895718094
      vertex -1.6234493553638458 -2.198817551136017 34.22122292629925
      vertex -1.6269846633076668 -2.173800066113472 34.31969115730206
    endloop
  endfacet
  facet normal 0.9978831139595449 -0.06503299835008372 -1.7340695099793843e-19
    outer loop
      vertex -1.6378038368957992 -1.9372034439645196 30.544744616594894
      vertex -1.629316620528698 -1.8069734051823616 31.14385743948538
      vertex -1.629316620528698 -1.8069734051823616 35.85880486412958
    endloop
  endfacet
  facet normal 0.9886484602614913 -0.15024720304412534 0
    outer loop
      vertex -1.629316620528698 -1.8069734051823616 31.14385743948538
      vertex -1.6241700872778893 -1.7731084674596786 31.310958306977092
      vertex -1.6241700872778893 -1.7731084674596786 36.01467130407601
    endloop
  endfacet
  facet normal 0.9721504411704265 -0.2343576747882283 0
    outer loop
      vertex -1.6241700872778893 -1.7731084674596786 31.310958306977092
      vertex -1.6186034687023068 -1.7500173068694822 31.432812316985306
      vertex -1.6241700872778893 -1.7731084674596786 36.01467130407601
    endloop
  endfacet
  facet normal 0.9721504411704268 -0.23435767478822733 -1.6968194928954557e-19
    outer loop
      vertex -1.6186034687023068 -1.7500173068694822 31.432812316985306
      vertex -1.585290089249611 -1.6118284612894058 32.14409682493662
      vertex -1.585290089249611 -1.6118284612894058 36.79976636449194
    endloop
  endfacet
  facet normal 0.9978831139595448 -0.0650329983500843 -1.2790307958783654e-17
    outer loop
      vertex -1.6378038368957992 -1.9372034439645196 30.544744616594894
      vertex -1.633543601443887 -1.871833291475628 35.580945710911195
      vertex -1.6402966231107712 -1.9754533991217613 35.12368358290192
    endloop
  endfacet
  facet normal 0.997883113959545 -0.06503299835008196 -4.3399977744394635e-17
    outer loop
      vertex -1.6378038368957992 -1.9372034439645196 30.544744616594894
      vertex -1.629316620528698 -1.8069734051823616 35.85880486412958
      vertex -1.633543601443887 -1.871833291475628 35.580945710911195
    endloop
  endfacet
  facet normal 0.9886484602614912 -0.1502472030441253 0
    outer loop
      vertex -1.629316620528698 -1.8069734051823616 31.14385743948538
      vertex -1.6241700872778893 -1.7731084674596786 36.01467130407601
      vertex -1.629316620528698 -1.8069734051823616 35.85880486412958
    endloop
  endfacet
  facet normal 0.972150441170427 -0.2343576747882264 1.0090215983630215e-17
    outer loop
      vertex -1.6186034687023068 -1.7500173068694822 31.432812316985306
      vertex -1.6074650244500583 -1.7038133858604505 36.35626999159184
      vertex -1.6241700872778893 -1.7731084674596786 36.01467130407601
    endloop
  endfacet
  facet normal 0.9416097676248594 -0.3367061708871078 0
    outer loop
      vertex -1.585290089249611 -1.6118284612894058 32.14409682493662
      vertex -1.5709254518151283 -1.5716572850942612 32.36975993553988
      vertex -1.5709254518151283 -1.5716572850942612 36.834
    endloop
  endfacet
  facet normal 0.9003272559631643 -0.4352135477783739 0
    outer loop
      vertex -1.5709254518151283 -1.5716572850942612 32.36975993553988
      vertex -1.5541296335285009 -1.5369117376110846 32.58259051574313
      vertex -1.5709254518151283 -1.5716572850942612 36.834
    endloop
  endfacet
  facet normal 0.9003272559631662 -0.43521354777837 4.0684825664867014e-19
    outer loop
      vertex -1.5541296335285009 -1.5369117376110846 32.58259051574313
      vertex -1.500185452401638 -1.4253172874450684 33.25543590050488
      vertex -1.500185452401638 -1.4253172874450684 36.834
    endloop
  endfacet
  facet normal 0.8446717902462041 -0.5352845661536235 0
    outer loop
      vertex -1.500185452401638 -1.4253172874450684 33.25543590050488
      vertex -1.4757082387804985 -1.386692576110363 33.51281396296399
      vertex -1.4757082387804985 -1.386692576110363 36.834
    endloop
  endfacet
  facet normal 0.9721504411704265 -0.23435767478822847 3.0701548072485884e-17
    outer loop
      vertex -1.6186034687023068 -1.7500173068694822 31.432812316985306
      vertex -1.585290089249611 -1.6118284612894058 36.79976636449194
      vertex -1.6074650244500583 -1.7038133858604505 36.35626999159184
    endloop
  endfacet
  facet normal 0.9416097676248593 -0.33670617088710775 0
    outer loop
      vertex -1.585290089249611 -1.6118284612894058 32.14409682493662
      vertex -1.5709254518151283 -1.5716572850942612 36.834
      vertex -1.585290089249611 -1.6118284612894058 36.79976636449194
    endloop
  endfacet
  facet normal 0.7779411853779385 -0.6283371006814478 0
    outer loop
      vertex -1.4757082387804985 -1.386692576110363 33.51281396296399
      vertex -1.3736482411623 -1.260332576930523 34.44756310053956
      vertex -1.3736482411623 -1.260332576930523 36.834
    endloop
  endfacet
  facet normal 0.9003272559631657 -0.4352135477783709 2.98553987024156e-17
    outer loop
      vertex -1.5541296335285009 -1.5369117376110846 32.58259051574313
      vertex -1.500185452401638 -1.4253172874450684 36.834
      vertex -1.5709254518151283 -1.5716572850942612 36.834
    endloop
  endfacet
  facet normal 0.844671790246204 -0.5352845661536234 0
    outer loop
      vertex -1.500185452401638 -1.4253172874450684 33.25543590050488
      vertex -1.4757082387804985 -1.386692576110363 36.834
      vertex -1.500185452401638 -1.4253172874450684 36.834
    endloop
  endfacet
  facet normal 0.7779411853779385 -0.6283371006814478 0
    outer loop
      vertex -1.4757082387804985 -1.386692576110363 33.51281396296399
      vertex -1.3736482411623 -1.260332576930523 36.834
      vertex -1.4757082387804985 -1.386692576110363 36.834
    endloop
  endfacet
  facet normal 0.9416097676248588 -0.33670617088710936 1.9438486694648932e-15
    outer loop
      vertex -1.5709254518151283 -1.5716572850942612 36.834
      vertex -1.5829659152563127 -1.605328833058704 36.834
      vertex -1.585290089249611 -1.6118284612894058 36.79976636449194
    endloop
  endfacet
  facet normal 0.724862385204632 -0.6888936946405095 0
    outer loop
      vertex -1.3736482411623 -1.260332576930523 34.44756310053956
      vertex -1.3514766916632652 -1.2370034009218216 34.634184032528445
      vertex -1.3514766916632652 -1.2370034009218216 36.834
    endloop
  endfacet
  facet normal 0.7248623852046321 -0.6888936946405095 0
    outer loop
      vertex -1.3736482411623 -1.260332576930523 34.44756310053956
      vertex -1.3514766916632652 -1.2370034009218216 36.834
      vertex -1.3736482411623 -1.260332576930523 36.834
    endloop
  endfacet
  facet normal 0.6670834410889872 -0.7449830082793001 0
    outer loop
      vertex -1.3514766916632652 -1.2370034009218216 34.634184032528445
      vertex -1.2292566895484924 -1.127563402056694 36.834
      vertex -1.3514766916632652 -1.2370034009218216 36.834
    endloop
  endfacet
  facet normal 0.6670834410889871 -0.7449830082793002 0
    outer loop
      vertex -1.3514766916632652 -1.2370034009218216 34.634184032528445
      vertex -1.2292566895484924 -1.127563402056694 35.58647122683242
      vertex -1.2292566895484924 -1.127563402056694 36.834
    endloop
  endfacet
  facet normal 0.6639509277779735 -0.7477761466527054 0
    outer loop
      vertex -1.2292566895484924 -1.127563402056694 35.58647122683242
      vertex -1.228000983595848 -1.1264484599232674 35.59621741613665
      vertex -1.228000983595848 -1.1264484599232674 36.834
    endloop
  endfacet
  facet normal 0.6639509277779735 -0.7477761466527053 0
    outer loop
      vertex -1.2292566895484924 -1.127563402056694 35.58647122683242
      vertex -1.228000983595848 -1.1264484599232674 36.834
      vertex -1.2292566895484924 -1.127563402056694 36.834
    endloop
  endfacet
  facet normal 0.6608049128565762 -0.7505577040738525 0
    outer loop
      vertex -1.228000983595848 -1.1264484599232674 35.59621741613665
      vertex -1.1215862780809402 -1.0327589809894562 36.418980571508584
      vertex -1.1215862780809402 -1.0327589809894562 36.834
    endloop
  endfacet
  facet normal 0.6608049128565763 -0.7505577040738526 0
    outer loop
      vertex -1.228000983595848 -1.1264484599232674 35.59621741613665
      vertex -1.1215862780809402 -1.0327589809894562 36.834
      vertex -1.228000983595848 -1.1264484599232674 36.834
    endloop
  endfacet
  facet normal 0.7882443005932701 -0.6153624318905293 0
    outer loop
      vertex -1.1215862780809402 -1.0327589809894562 36.418980571508584
      vertex -1.0771030023641852 -0.9757784330419194 36.834
      vertex -1.1215862780809402 -1.0327589809894562 36.834
    endloop
  endfacet
  facet normal 0.21041020806879765 0.9776131874828844 -1.8295164055365497e-16
    outer loop
      vertex 0.07385477506456477 -6.629180563168562 6.7845844637693995
      vertex 0.04662312567234039 -6.623319536447525 12.971970250405512
      vertex 0.08931591361761093 -6.632508240640163 6.762272286669102
    endloop
  endfacet
  facet normal 0.21041020806883742 0.9776131874828758 0
    outer loop
      vertex 0.04662312567234039 -6.623319536447525 6.816854324014987
      vertex 0.04662312567234039 -6.623319536447525 12.971970250405512
      vertex 0.07385477506456477 -6.629180563168562 6.7845844637693995
    endloop
  endfacet
  facet normal 0.10242046750523467 0.9947411964104076 -2.2752790808907127e-17
    outer loop
      vertex 0.08931591361761093 -6.632508240640163 6.762272286669102
      vertex 0.12871603524668895 -6.6365649529705415 12.899624986009998
      vertex 0.2169359102845192 -6.645648241043091 6.661251716220404
    endloop
  endfacet
  facet normal -0.15962826450449166 0.9871771964400738 0
    outer loop
      vertex 0.2169359102845192 -6.645648241043091 6.661251716220404
      vertex 0.2169359102845192 -6.645648241043091 12.831366328242753
      vertex 0.3195612356066704 -6.629053547978401 6.737646548241911
    endloop
  endfacet
  facet normal -0.41070617178688407 0.9117677557668743 0
    outer loop
      vertex 0.3195612356066704 -6.629053547978401 6.737646548241911
      vertex 0.3195612356066704 -6.629053547978401 12.900202105347248
      vertex 0.3684070333865763 -6.6070509376786015 6.85586126636018
    endloop
  endfacet
  facet normal -0.4107061717868834 0.9117677557668746 6.719492699479071e-18
    outer loop
      vertex 0.3684070333865763 -6.6070509376786015 6.85586126636018
      vertex 0.3195612356066704 -6.629053547978401 12.900202105347248
      vertex 0.39948123693466187 -6.593053549528122 6.922836657658216
    endloop
  endfacet
  facet normal -0.7691079040763982 0.6391189497168817 0
    outer loop
      vertex 0.39948123693466187 -6.593053549528122 6.922836657658216
      vertex 0.39948123693466187 -6.593053549528122 13.076483442175453
      vertex 0.5116485804319382 -6.458072744309902 7.6535139716333225
    endloop
  endfacet
  facet normal 0.2104102080688231 0.977613187482879 0
    outer loop
      vertex 0.08931591361761093 -6.632508240640163 6.762272286669102
      vertex 0.04662312567234039 -6.623319536447525 12.971970250405512
      vertex 0.08931591361761093 -6.632508240640163 12.921782381030969
    endloop
  endfacet
  facet normal 0.10242046750523118 0.9947411964104079 0
    outer loop
      vertex 0.08931591361761093 -6.632508240640163 6.762272286669102
      vertex 0.08931591361761093 -6.632508240640163 12.921782381030969
      vertex 0.12871603524668895 -6.6365649529705415 12.899624986009998
    endloop
  endfacet
  facet normal 0.10242046750523627 0.9947411964104075 0
    outer loop
      vertex 0.2169359102845192 -6.645648241043091 6.661251716220404
      vertex 0.12871603524668895 -6.6365649529705415 12.899624986009998
      vertex 0.2169359102845192 -6.645648241043091 12.831366328242753
    endloop
  endfacet
  facet normal -0.15962826450449163 0.9871771964400738 0
    outer loop
      vertex 0.3195612356066704 -6.629053547978401 6.737646548241911
      vertex 0.2169359102845192 -6.645648241043091 12.831366328242753
      vertex 0.3195612356066704 -6.629053547978401 12.900202105347248
    endloop
  endfacet
  facet normal -0.4107061717868838 0.9117677557668744 0
    outer loop
      vertex 0.39948123693466187 -6.593053549528122 6.922836657658216
      vertex 0.3195612356066704 -6.629053547978401 12.900202105347248
      vertex 0.39948123693466187 -6.593053549528122 13.076483442175453
    endloop
  endfacet
  facet normal -0.7691079040763981 0.6391189497168815 0
    outer loop
      vertex 0.5116485804319382 -6.458072744309902 7.6535139716333225
      vertex 0.39948123693466187 -6.593053549528122 13.076483442175453
      vertex 0.5116485804319382 -6.458072744309902 13.76404383591042
    endloop
  endfacet
  facet normal -0.4107061717869638 0.9117677557668383 4.374479737015804e-14
    outer loop
      vertex 0.3843973770057438 -6.599848080622244 13.045868267466718
      vertex 0.39948123693466187 -6.593053549528122 13.076483442175453
      vertex 0.3195612356066704 -6.629053547978401 12.900202105347248
    endloop
  endfacet
  facet normal -0.9715428887591931 0.23686370617180239 0
    outer loop
      vertex 0.5116485804319382 -6.458072744309902 7.6535139716333225
      vertex 0.5116485804319382 -6.458072744309902 13.76404383591042
      vertex 0.5328885763883591 -6.370952740311623 8.148252645482385
    endloop
  endfacet
  facet normal -0.9986122299205632 0.05266511419412641 0
    outer loop
      vertex 0.5328885763883591 -6.370952740311623 8.148252645482385
      vertex 0.5328885763883591 -6.370952740311623 14.229464549039001
      vertex 0.5367935597896576 -6.29690819978714 8.575137876698305
    endloop
  endfacet
  facet normal -0.9910677968063799 -0.13335899719684458 0
    outer loop
      vertex 0.5367935597896576 -6.29690819978714 8.575137876698305
      vertex 0.5367935597896576 -6.29690819978714 14.631020179111722
      vertex 0.5200351849198341 -6.17236702889204 9.303700915890438
    endloop
  endfacet
  facet normal -0.9941584602811327 -0.10793032869146432 0
    outer loop
      vertex 0.5200351849198341 -6.17236702889204 9.303700915890438
      vertex 0.5200351849198341 -6.17236702889204 15.316300358277413
      vertex 0.5063639506697655 -6.046439744532108 10.038891789515347
    endloop
  endfacet
  facet normal -0.9715428887591931 0.2368637061718024 0
    outer loop
      vertex 0.5328885763883591 -6.370952740311623 8.148252645482385
      vertex 0.5116485804319382 -6.458072744309902 13.76404383591042
      vertex 0.5328885763883591 -6.370952740311623 14.229464549039001
    endloop
  endfacet
  facet normal -0.9986122299205631 0.0526651141941264 0
    outer loop
      vertex 0.5367935597896576 -6.29690819978714 8.575137876698305
      vertex 0.5328885763883591 -6.370952740311623 14.229464549039001
      vertex 0.5367935597896576 -6.29690819978714 14.631020179111722
    endloop
  endfacet
  facet normal -0.9950257183762785 0.09961837064402772 0
    outer loop
      vertex 0.5063639506697655 -6.046439744532108 10.038891789515347
      vertex 0.5063639506697655 -6.046439744532108 16.007821945049628
      vertex 0.5169781148433685 -5.940421484410763 10.647841265267218
    endloop
  endfacet
  facet normal -0.9910677968063799 -0.1333589971968446 0
    outer loop
      vertex 0.5200351849198341 -6.17236702889204 9.303700915890438
      vertex 0.5367935597896576 -6.29690819978714 14.631020179111722
      vertex 0.5200351849198341 -6.17236702889204 15.316300358277413
    endloop
  endfacet
  facet normal -0.9294969324007131 0.36882984241742695 0
    outer loop
      vertex 0.5169781148433685 -5.940421484410763 10.647841265267218
      vertex 0.5169781148433685 -5.940421484410763 16.580650282946845
      vertex 0.5554300472140312 -5.8435178473591805 11.191432301017963
    endloop
  endfacet
  facet normal -0.9941584602811329 -0.10793032869146434 0
    outer loop
      vertex 0.5063639506697655 -6.046439744532108 10.038891789515347
      vertex 0.5200351849198341 -6.17236702889204 15.316300358277413
      vertex 0.5063639506697655 -6.046439744532108 16.007821945049628
    endloop
  endfacet
  facet normal -0.8077766776742143 0.5894886250010329 0
    outer loop
      vertex 0.5554300472140312 -5.8435178473591805 11.191432301017963
      vertex 0.5554300472140312 -5.8435178473591805 17.092062558507862
      vertex 0.583933954686913 -5.804458922890303 11.404654311679096
    endloop
  endfacet
  facet normal -0.8077766776742099 0.589488625001039 5.30029232068626e-17
    outer loop
      vertex 0.583933954686913 -5.804458922890303 11.404654311679096
      vertex 0.5668621369179042 -5.827852446792966 17.172529556256098
      vertex 0.6258045807480812 -5.7470835745334625 11.705600374855722
    endloop
  endfacet
  facet normal -0.6919750281031194 0.7219214365023988 0
    outer loop
      vertex 0.6258045807480812 -5.7470835745334625 11.705600374855722
      vertex 0.6258045807480812 -5.7470835745334625 17.573324147646037
      vertex 0.7285286262631416 -5.648620679974556 12.200148420196163
    endloop
  endfacet
  facet normal -0.9950257183762785 0.09961837064402772 0
    outer loop
      vertex 0.5169781148433685 -5.940421484410763 10.647841265267218
      vertex 0.5063639506697655 -6.046439744532108 16.007821945049628
      vertex 0.5169781148433685 -5.940421484410763 16.580650282946845
    endloop
  endfacet
  facet normal -0.9294969324007133 0.368829842417427 0
    outer loop
      vertex 0.5554300472140312 -5.8435178473591805 11.191432301017963
      vertex 0.5169781148433685 -5.940421484410763 16.580650282946845
      vertex 0.5554300472140312 -5.8435178473591805 17.092062558507862
    endloop
  endfacet
  facet normal -0.8077766776742118 0.5894886250010364 3.645997502385612e-17
    outer loop
      vertex 0.583933954686913 -5.804458922890303 11.404654311679096
      vertex 0.5554300472140312 -5.8435178473591805 17.092062558507862
      vertex 0.5668621369179042 -5.827852446792966 17.172529556256098
    endloop
  endfacet
  facet normal -0.8077766776742117 0.5894886250010367 0
    outer loop
      vertex 0.6258045807480812 -5.7470835745334625 11.705600374855722
      vertex 0.5668621369179042 -5.827852446792966 17.172529556256098
      vertex 0.6258045807480812 -5.7470835745334625 17.573324147646037
    endloop
  endfacet
  facet normal -0.6294091131882409 0.7770741072996785 0
    outer loop
      vertex 0.7285286262631416 -5.648620679974556 12.200148420196163
      vertex 0.7285286262631416 -5.648620679974556 18.04234698768034
      vertex 0.8137616996771097 -5.579584184423038 12.537521197137108
    endloop
  endfacet
  facet normal -0.6294091131882381 0.7770741072996805 2.4056189058884437e-17
    outer loop
      vertex 0.8137616996771097 -5.579584184423038 12.537521197137108
      vertex 0.767249215532173 -5.617258044770256 18.187936291100016
      vertex 0.8546768501400948 -5.54644401371479 12.687760185228061
    endloop
  endfacet
  facet normal -0.620116433545462 0.7845097888789258 0
    outer loop
      vertex 0.8546768501400948 -5.54644401371479 12.687760185228061
      vertex 0.8546768501400948 -5.54644401371479 18.49628473140242
      vertex 0.9894632920622826 -5.439901955425739 13.167624583557034
    endloop
  endfacet
  facet normal -0.6919750281031194 0.7219214365023988 0
    outer loop
      vertex 0.7285286262631416 -5.648620679974556 12.200148420196163
      vertex 0.6258045807480812 -5.7470835745334625 17.573324147646037
      vertex 0.7285286262631416 -5.648620679974556 18.04234698768034
    endloop
  endfacet
  facet normal -0.6347497801703649 0.7727177470290645 0
    outer loop
      vertex 0.9894632920622826 -5.439901955425739 13.167624583557034
      vertex 0.9894632920622826 -5.439901955425739 18.95115052455049
      vertex 0.9952718988060951 -5.4351304695010185 13.189335330559235
    endloop
  endfacet
  facet normal -0.649159475200042 0.7606523356685406 0
    outer loop
      vertex 0.9952718988060951 -5.4351304695010185 13.189335330559235
      vertex 0.9952718988060951 -5.4351304695010185 18.97060942959154
      vertex 1.0352824349186962 -5.400984490572944 13.346207149857147
    endloop
  endfacet
  facet normal -0.649159475200043 0.7606523356685396 -1.3364398103979672e-17
    outer loop
      vertex 1.0352824349186962 -5.400984490572944 13.346207149857147
      vertex 0.9952718988060951 -5.4351304695010185 18.97060942959154
      vertex 1.1266718953847885 -5.322990469634533 13.677501508065045
    endloop
  endfacet
  facet normal -0.6754002202022162 0.7374513831777644 0
    outer loop
      vertex 1.1266718953847885 -5.322990469634533 13.677501508065045
      vertex 1.1266718953847885 -5.322990469634533 19.433318248506676
      vertex 1.1370024904608727 -5.313529118895531 13.71861234402904
    endloop
  endfacet
  facet normal -0.700812439660263 0.7133455855456249 0
    outer loop
      vertex 1.1370024904608727 -5.313529118895531 13.71861234402904
      vertex 1.1370024904608727 -5.313529118895531 19.473152872815
      vertex 1.241753413738066 -5.210618619992808 14.175061251550066
    endloop
  endfacet
  facet normal -0.700812439660263 0.7133455855456248 3.194176307599426e-17
    outer loop
      vertex 1.241753413738066 -5.210618619992808 14.175061251550066
      vertex 1.148529908929479 -5.302204231738923 19.52171542325645
      vertex 1.2599424868822098 -5.192749120295048 14.248669774981481
    endloop
  endfacet
  facet normal -0.6294091131882419 0.7770741072996777 -2.5846385255549014e-17
    outer loop
      vertex 0.8137616996771097 -5.579584184423038 12.537521197137108
      vertex 0.7285286262631416 -5.648620679974556 18.04234698768034
      vertex 0.767249215532173 -5.617258044770256 18.187936291100016
    endloop
  endfacet
  facet normal -0.6294091131882391 0.7770741072996799 0
    outer loop
      vertex 0.8546768501400948 -5.54644401371479 12.687760185228061
      vertex 0.767249215532173 -5.617258044770256 18.187936291100016
      vertex 0.8546768501400948 -5.54644401371479 18.49628473140242
    endloop
  endfacet
  facet normal -0.6201164335454619 0.7845097888789258 0
    outer loop
      vertex 0.9894632920622826 -5.439901955425739 13.167624583557034
      vertex 0.8546768501400948 -5.54644401371479 18.49628473140242
      vertex 0.9894632920622826 -5.439901955425739 18.95115052455049
    endloop
  endfacet
  facet normal -0.6347497801703648 0.7727177470290646 0
    outer loop
      vertex 0.9952718988060951 -5.4351304695010185 13.189335330559235
      vertex 0.9894632920622826 -5.439901955425739 18.95115052455049
      vertex 0.9952718988060951 -5.4351304695010185 18.97060942959154
    endloop
  endfacet
  facet normal -0.6491594752000428 0.76065233566854 0
    outer loop
      vertex 1.1266718953847885 -5.322990469634533 13.677501508065045
      vertex 0.9952718988060951 -5.4351304695010185 18.97060942959154
      vertex 1.1266718953847885 -5.322990469634533 19.433318248506676
    endloop
  endfacet
  facet normal -0.6754002202022161 0.7374513831777644 0
    outer loop
      vertex 1.1370024904608727 -5.313529118895531 13.71861234402904
      vertex 1.1266718953847885 -5.322990469634533 19.433318248506676
      vertex 1.1370024904608727 -5.313529118895531 19.473152872815
    endloop
  endfacet
  facet normal -0.7008124396602554 0.7133455855456323 2.958445248472153e-16
    outer loop
      vertex 1.241753413738066 -5.210618619992808 14.175061251550066
      vertex 1.1370024904608727 -5.313529118895531 19.473152872815
      vertex 1.148529908929479 -5.302204231738923 19.52171542325645
    endloop
  endfacet
  facet normal -0.7008124396602636 0.7133455855456241 0
    outer loop
      vertex 1.2599424868822098 -5.192749120295048 14.248669774981481
      vertex 1.148529908929479 -5.302204231738923 19.52171542325645
      vertex 1.2599424868822098 -5.192749120295048 19.963099014796665
    endloop
  endfacet
  facet normal -0.7318681944968578 0.6814462164279067 0
    outer loop
      vertex 1.2599424868822098 -5.192749120295048 14.248669774981481
      vertex 1.2599424868822098 -5.192749120295048 19.963099014796665
      vertex 1.2720746546983719 -5.179719261825085 14.304006712701263
    endloop
  endfacet
  facet normal 0.690932112059162 -0.7229196473505654 -5.963098137835349e-17
    outer loop
      vertex -0.01346614956855774 -5.096017055213451 15.681086371953644
      vertex 0.056033983818191135 -5.029592143225946 16.07127138535211
      vertex 0.08629514276981354 -5.000669971108437 21.83473508847095
    endloop
  endfacet
  facet normal 0.690932112059156 -0.7229196473505709 -1.3046183012560884e-19
    outer loop
      vertex 0.056033983818191135 -5.029592143225946 16.07127138535211
      vertex 0.08629514276981354 -5.000669971108437 16.233249881852174
      vertex 0.08629514276981354 -5.000669971108437 21.83473508847095
    endloop
  endfacet
  facet normal 0.8068535861150968 -0.5907514626077602 0
    outer loop
      vertex 0.08629514276981354 -5.000669971108437 16.233249881852174
      vertex 0.16105927526950836 -4.8985564559698105 16.81136012288869
      vertex 0.16105927526950836 -4.8985564559698105 22.378480885714364
    endloop
  endfacet
  facet normal -0.7318681944968579 0.6814462164279068 0
    outer loop
      vertex 1.2720746546983719 -5.179719261825085 14.304006712701263
      vertex 1.2599424868822098 -5.192749120295048 19.963099014796665
      vertex 1.2720746546983719 -5.179719261825085 20.017066865780855
    endloop
  endfacet
  facet normal -0.7614732838663747 0.6481962958531617 0
    outer loop
      vertex 1.2720746546983719 -5.179719261825085 14.304006712701263
      vertex 1.2720746546983719 -5.179719261825085 20.017066865780855
      vertex 1.383314661681652 -5.049039259552956 14.874355096771245
    endloop
  endfacet
  facet normal -0.7952119271634279 0.6063315849409685 0
    outer loop
      vertex 1.383314661681652 -5.049039259552956 14.874355096771245
      vertex 1.383314661681652 -5.049039259552956 20.554493447511742
      vertex 1.3963503018021584 -5.031942844390869 14.95120502722344
    endloop
  endfacet
  facet normal -0.82665150133565 0.5627142217320583 0
    outer loop
      vertex 1.3963503018021584 -5.031942844390869 14.95120502722344
      vertex 1.3963503018021584 -5.031942844390869 20.62535837226877
      vertex 1.4262732995653893 -4.987984667984202 15.154090260317119
    endloop
  endfacet
  facet normal -0.8266515013356462 0.5627142217320636 6.458139740083196e-17
    outer loop
      vertex 1.4262732995653893 -4.987984667984202 15.154090260317119
      vertex 1.3963503018021584 -5.031942844390869 20.62535837226877
      vertex 1.4922902956604958 -4.891002848744392 15.57838020003136
    endloop
  endfacet
  facet normal -0.8634484189025778 0.504437139686045 0
    outer loop
      vertex 1.4922902956604958 -4.891002848744392 15.57838020003136
      vertex 1.4922902956604958 -4.891002848744392 21.2207499938927
      vertex 1.5061887800693512 -4.867212720215321 15.686410380646304
    endloop
  endfacet
  facet normal -0.7614732838663751 0.6481962958531614 -1.6433456027774573e-17
    outer loop
      vertex 1.383314661681652 -5.049039259552956 14.874355096771245
      vertex 1.2720746546983719 -5.179719261825085 20.017066865780855
      vertex 1.319775375202214 -5.123682495621346 20.254800538000683
    endloop
  endfacet
  facet normal -0.7614732838663744 0.648196295853162 0
    outer loop
      vertex 1.383314661681652 -5.049039259552956 14.874355096771245
      vertex 1.319775375202214 -5.123682495621346 20.254800538000683
      vertex 1.383314661681652 -5.049039259552956 20.554493447511742
    endloop
  endfacet
  facet normal -0.8961438989426875 0.443763577130659 0
    outer loop
      vertex 1.5061887800693512 -4.867212720215321 15.686410380646304
      vertex 1.5061887800693512 -4.867212720215321 21.321306645170623
      vertex 1.5797896551583943 -4.718581830780091 16.38410108902574
    endloop
  endfacet
  facet normal -0.8961438989426301 0.44376357713077486 4.343775969716023e-15
    outer loop
      vertex 1.5803487822413445 -4.717452719807625 16.38917133542883
      vertex 1.5797896551583943 -4.718581830780091 16.38410108902574
      vertex 1.5061887800693512 -4.867212720215321 21.321306645170623
    endloop
  endfacet
  facet normal -0.9361325245053417 0.35164740374877773 0
    outer loop
      vertex 1.5803487822413445 -4.717452719807625 16.38917133542883
      vertex 1.5803487822413445 -4.717452719807625 21.976548244075474
      vertex 1.5944561436772346 -4.679897032678127 16.56664034420065
    endloop
  endfacet
  facet normal -0.6201164335454293 0.7845097888789516 -1.59357976367809e-14
    outer loop
      vertex 0.9629033533179019 -5.460896281720746 18.86658723213255
      vertex 0.9894632920622826 -5.439901955425739 18.95115052455049
      vertex 0.8546768501400948 -5.54644401371479 18.49628473140242
    endloop
  endfacet
  facet normal 0.6909321120591602 -0.7229196473505671 0
    outer loop
      vertex -0.01346614956855774 -5.096017055213451 15.681086371953644
      vertex 0.08629514276981354 -5.000669971108437 21.83473508847095
      vertex -0.01346614956855774 -5.096017055213451 21.313957957987203
    endloop
  endfacet
  facet normal 0.9141745313323884 -0.40532076959268687 0
    outer loop
      vertex 0.16105927526950836 -4.8985564559698105 16.81136012288869
      vertex 0.20891863852739334 -4.7906127870082855 17.428526127015257
      vertex 0.20891863852739334 -4.7906127870082855 22.957480011876196
    endloop
  endfacet
  facet normal 0.9837633872171359 -0.17947032615746725 0
    outer loop
      vertex 0.20891863852739334 -4.7906127870082855 17.428526127015257
      vertex 0.22949962317943573 -4.6777984872460365 18.07925178412277
      vertex 0.22949962317943573 -4.6777984872460365 23.568839296613685
    endloop
  endfacet
  facet normal 0.8068535861150968 -0.5907514626077602 0
    outer loop
      vertex 0.08629514276981354 -5.000669971108437 16.233249881852174
      vertex 0.16105927526950836 -4.8985564559698105 22.378480885714364
      vertex 0.08629514276981354 -5.000669971108437 21.83473508847095
    endloop
  endfacet
  facet normal 0.9141745313323885 -0.4053207695926869 0
    outer loop
      vertex 0.16105927526950836 -4.8985564559698105 16.81136012288869
      vertex 0.20891863852739334 -4.7906127870082855 22.957480011876196
      vertex 0.16105927526950836 -4.8985564559698105 22.378480885714364
    endloop
  endfacet
  facet normal 0.9982933202134515 0.05839903096116533 0
    outer loop
      vertex 0.22949962317943573 -4.6777984872460365 18.07925178412277
      vertex 0.22266029566526413 -4.5608846470713615 18.759089602333884
      vertex 0.22266029566526413 -4.5608846470713615 24.20838034122823
    endloop
  endfacet
  facet normal 0.8068535861154054 -0.5907514626073391 -1.218449413848328e-13
    outer loop
      vertex 0.09671194765049018 -4.986442606631448 21.912443663580728
      vertex 0.08629514276981354 -5.000669971108437 21.83473508847095
      vertex 0.16105927526950836 -4.8985564559698105 22.378480885714364
    endloop
  endfacet
  facet normal 0.9837633872171357 -0.17947032615746722 0
    outer loop
      vertex 0.20891863852739334 -4.7906127870082855 17.428526127015257
      vertex 0.22949962317943573 -4.6777984872460365 23.568839296613685
      vertex 0.20891863852739334 -4.7906127870082855 22.957480011876196
    endloop
  endfacet
  facet normal 0.9982933202134515 0.05839903096116533 0
    outer loop
      vertex 0.22949962317943573 -4.6777984872460365 18.07925178412277
      vertex 0.22266029566526413 -4.5608846470713615 24.20838034122823
      vertex 0.22949962317943573 -4.6777984872460365 23.568839296613685
    endloop
  endfacet
  facet normal 0.961069299890325 0.27630743893047943 0
    outer loop
      vertex 0.22266029566526413 -4.5608846470713615 18.759089602333884
      vertex 0.18882764130830765 -4.4432058557868 19.44860440665734
      vertex 0.18882764130830765 -4.4432058557868 24.85781318824767
    endloop
  endfacet
  facet normal 0.8867388811811141 0.4622706529747111 0
    outer loop
      vertex 0.18882764130830765 -4.4432058557868 19.44860440665734
      vertex 0.1290881708264351 -4.328612141311169 20.12524169899458
      vertex 0.1290881708264351 -4.328612141311169 25.49589503914807
    endloop
  endfacet
  facet normal 0.7942065007914318 0.607647952436795 -1.5131595916279535e-17
    outer loop
      vertex 0.1290881708264351 -4.328612141311169 20.12524169899458
      vertex 0.047029583840762335 -4.2213601330250725 20.763601953115426
      vertex 0.08277943297248866 -4.268085811057672 25.836043364336923
    endloop
  endfacet
  facet normal 0.961069299890325 0.27630743893047943 0
    outer loop
      vertex 0.22266029566526413 -4.5608846470713615 18.759089602333884
      vertex 0.18882764130830765 -4.4432058557868 24.85781318824767
      vertex 0.22266029566526413 -4.5608846470713615 24.20838034122823
    endloop
  endfacet
  facet normal 0.7942065007914212 0.6076479524368089 0
    outer loop
      vertex 0.04500439763069153 -4.21871317923069 20.778840202588896
      vertex 0.04500439763069153 -4.21871317923069 26.105712203910112
      vertex 0.047029583840762335 -4.2213601330250725 20.763601953115426
    endloop
  endfacet
  facet normal -0.7952119271634279 0.6063315849409685 0
    outer loop
      vertex 1.3963503018021584 -5.031942844390869 14.95120502722344
      vertex 1.383314661681652 -5.049039259552956 20.554493447511742
      vertex 1.3963503018021584 -5.031942844390869 20.62535837226877
    endloop
  endfacet
  facet normal -0.8266515013356472 0.5627142217320621 0
    outer loop
      vertex 1.4922902956604958 -4.891002848744392 15.57838020003136
      vertex 1.3963503018021584 -5.031942844390869 20.62535837226877
      vertex 1.4922902956604958 -4.891002848744392 21.2207499938927
    endloop
  endfacet
  facet normal -0.863448418902578 0.504437139686045 0
    outer loop
      vertex 1.5061887800693512 -4.867212720215321 15.686410380646304
      vertex 1.4922902956604958 -4.891002848744392 21.2207499938927
      vertex 1.5061887800693512 -4.867212720215321 21.321306645170623
    endloop
  endfacet
  facet normal -0.9666807138155361 0.2559851510089706 0
    outer loop
      vertex 1.5944561436772346 -4.679897032678127 16.56664034420065
      vertex 1.5944561436772346 -4.679897032678127 22.14835249052096
      vertex 1.6354961469769478 -4.5249170288443565 17.332761353532295
    endloop
  endfacet
  facet normal -0.8961438989426871 0.44376357713066 0
    outer loop
      vertex 1.5803487822413445 -4.717452719807625 16.38917133542883
      vertex 1.5061887800693512 -4.867212720215321 21.321306645170623
      vertex 1.5803487822413445 -4.717452719807625 21.976548244075474
    endloop
  endfacet
  facet normal -0.9361325245053416 0.35164740374877773 0
    outer loop
      vertex 1.5944561436772346 -4.679897032678127 16.56664034420065
      vertex 1.5803487822413445 -4.717452719807625 21.976548244075474
      vertex 1.5944561436772346 -4.679897032678127 22.14835249052096
    endloop
  endfacet
  facet normal -0.9666807138155362 0.2559851510089704 6.568419317073527e-18
    outer loop
      vertex 1.6354961469769478 -4.5249170288443565 17.332761353532295
      vertex 1.5944561436772346 -4.679897032678127 22.14835249052096
      vertex 1.5974302126646465 -4.668666009627157 22.201806325946016
    endloop
  endfacet
  facet normal -0.9666807138155361 0.25598515100897057 0
    outer loop
      vertex 1.6354961469769478 -4.5249170288443565 17.332761353532295
      vertex 1.5974302126646465 -4.668666009627157 22.201806325946016
      vertex 1.6354961469769478 -4.5249170288443565 22.868489932012736
    endloop
  endfacet
  facet normal -0.9934906005596301 0.11391411940433606 0
    outer loop
      vertex 1.6354961469769478 -4.5249170288443565 17.332761353532295
      vertex 1.6354961469769478 -4.5249170288443565 22.868489932012736
      vertex 1.6420667245984077 -4.4676123932003975 17.632952098763138
    endloop
  endfacet
  facet normal -0.9995336051585937 -0.03053804444728728 0
    outer loop
      vertex 1.6420667245984077 -4.4676123932003975 17.632952098763138
      vertex 1.6420667245984077 -4.4676123932003975 23.150332501956427
      vertex 1.6373867243528366 -4.314432397484779 18.479112154551366
    endloop
  endfacet
  facet normal -0.979776809063841 -0.20009348920111694 0
    outer loop
      vertex 1.6373867243528366 -4.314432397484779 18.479112154551366
      vertex 1.6373867243528366 -4.314432397484779 23.94527389677282
      vertex 1.6237739846110344 -4.247776322066784 18.870073604717547
    endloop
  endfacet
  facet normal -0.8266515013356466 0.5627142217320632 -6.918271824246907e-17
    outer loop
      vertex 1.4728291806957317 -4.919592067360139 21.104509428056
      vertex 1.4922902956604958 -4.891002848744392 21.2207499938927
      vertex 1.3963503018021584 -5.031942844390869 20.62535837226877
    endloop
  endfacet
  facet normal -0.9314698996801642 -0.3638183969919951 0
    outer loop
      vertex 1.6237739846110344 -4.247776322066784 18.870073604717547
      vertex 1.6237739846110344 -4.247776322066784 24.312816992632715
      vertex 1.5685139819979668 -4.106296315789223 19.751733732720844
    endloop
  endfacet
  facet normal -0.863814430946459 -0.5038101119356829 0
    outer loop
      vertex 1.5685139819979668 -4.106296315789223 19.751733732720844
      vertex 1.5685139819979668 -4.106296315789223 25.142195649023098
      vertex 1.537275269627571 -4.052735559642315 20.10579191558726
    endloop
  endfacet
  facet normal -0.9934906005596301 0.11391411940433606 0
    outer loop
      vertex 1.6420667245984077 -4.4676123932003975 17.632952098763138
      vertex 1.6354961469769478 -4.5249170288443565 22.868489932012736
      vertex 1.6420667245984077 -4.4676123932003975 23.150332501956427
    endloop
  endfacet
  facet normal -0.9995336051585937 -0.03053804444728728 0
    outer loop
      vertex 1.6373867243528366 -4.314432397484779 18.479112154551366
      vertex 1.6420667245984077 -4.4676123932003975 23.150332501956427
      vertex 1.6373867243528366 -4.314432397484779 23.94527389677282
    endloop
  endfacet
  facet normal -0.7752763379088184 -0.6316221971073306 0
    outer loop
      vertex 1.537275269627571 -4.052735559642315 20.10579191558726
      vertex 1.537275269627571 -4.052735559642315 25.475453590491814
      vertex 1.437555268406868 -3.930335558950901 20.970598038116005
    endloop
  endfacet
  facet normal -0.6997187009591923 -0.7144184624769858 0
    outer loop
      vertex 1.437555268406868 -3.930335558950901 20.970598038116005
      vertex 1.437555268406868 -3.930335558950901 26.289958783020122
      vertex 1.4055739417672157 -3.8990122750401497 21.20461266671964
    endloop
  endfacet
  facet normal -0.9314698996801641 -0.3638183969919951 0
    outer loop
      vertex 1.5685139819979668 -4.106296315789223 19.751733732720844
      vertex 1.6237739846110344 -4.247776322066784 24.312816992632715
      vertex 1.5685139819979668 -4.106296315789223 25.142195649023098
    endloop
  endfacet
  facet normal -0.979776809063841 -0.20009348920111694 0
    outer loop
      vertex 1.6237739846110344 -4.247776322066784 18.870073604717547
      vertex 1.6373867243528366 -4.314432397484779 23.94527389677282
      vertex 1.6237739846110344 -4.247776322066784 24.312816992632715
    endloop
  endfacet
  facet normal 0.8867388811811142 0.46227065297471104 0
    outer loop
      vertex 0.18882764130830765 -4.4432058557868 19.44860440665734
      vertex 0.1290881708264351 -4.328612141311169 25.49589503914807
      vertex 0.18882764130830765 -4.4432058557868 24.85781318824767
    endloop
  endfacet
  facet normal 0.7942065007914325 0.607647952436794 0
    outer loop
      vertex 0.1290881708264351 -4.328612141311169 20.12524169899458
      vertex 0.08277943297248866 -4.268085811057672 25.836043364336923
      vertex 0.1290881708264351 -4.328612141311169 25.49589503914807
    endloop
  endfacet
  facet normal 0.7942065007914304 0.6076479524367966 9.593547289726374e-18
    outer loop
      vertex 0.047029583840762335 -4.2213601330250725 20.763601953115426
      vertex 0.04500439763069153 -4.21871317923069 26.105712203910112
      vertex 0.08277943297248866 -4.268085811057672 25.836043364336923
    endloop
  endfacet
  facet normal 0.7076323334305554 0.7065808380388102 0
    outer loop
      vertex 0.04500439763069153 -4.21871317923069 20.778840202588896
      vertex -0.06065530329942703 -4.112896241247654 26.683674727217984
      vertex 0.04500439763069153 -4.21871317923069 26.105712203910112
    endloop
  endfacet
  facet normal -0.560013302814929 -0.828483615209326 0
    outer loop
      vertex 1.2750739455223083 -3.7971322759985924 22.017805315962296
      vertex 1.2750739455223083 -3.7971322759985924 27.27231472916302
      vertex 1.2701788983087026 -3.793823469997844 22.045506745386156
    endloop
  endfacet
  facet normal -0.5600133028149108 -0.8284836152093383 -2.4910904967626324e-17
    outer loop
      vertex 1.2701788983087026 -3.793823469997844 22.045506745386156
      vertex 1.2750739455223083 -3.7971322759985924 27.27231472916302
      vertex 1.252406746149063 -3.781810387969017 22.142707038271073
    endloop
  endfacet
  facet normal -0.5020337336529039 -0.8648480388337162 0
    outer loop
      vertex 1.1048067435622215 -3.6961303874850273 22.87182312745181
      vertex 1.252406746149063 -3.781810387969017 22.142707038271073
      vertex 1.252406746149063 -3.781810387969017 27.38980652072828
    endloop
  endfacet
  facet normal -0.43282503683928714 -0.9014779462000553 0
    outer loop
      vertex 0.9341594353318214 -3.61196805536747 23.607631098689446
      vertex 0.9370848536491394 -3.6133726313710213 23.595436204376426
      vertex 0.9370848536491394 -3.6133726313710213 28.762356069008362
    endloop
  endfacet
  facet normal -0.42549719587780205 -0.9049597429168479 0
    outer loop
      vertex 0.9341594353318214 -3.61196805536747 23.607631098689446
      vertex 0.9341594353318214 -3.61196805536747 28.77403169054672
      vertex 0.8515153515153988 -3.573110165616004 23.947524508012524
    endloop
  endfacet
  facet normal -0.47136929328342125 -0.8819359326784956 0
    outer loop
      vertex 1.0924248546361923 -3.689512625336647 22.929827327968333
      vertex 1.1048067435622215 -3.6961303874850273 22.87182312745181
      vertex 1.1048067435622215 -3.6961303874850273 28.08122959351329
    endloop
  endfacet
  facet normal -0.44012428824883165 -0.8979368635341013 0
    outer loop
      vertex 1.0924248546361923 -3.689512625336647 22.929827327968333
      vertex 1.0924248546361923 -3.689512625336647 28.134187408206888
      vertex 1.0488833274883549 -3.6681707198826436 23.12309931158499
    endloop
  endfacet
  facet normal -0.44012428824883115 -0.8979368635341015 -5.432644485151234e-18
    outer loop
      vertex 1.0488833274883549 -3.6681707198826436 23.12309931158499
      vertex 1.0924248546361923 -3.689512625336647 28.134187408206888
      vertex 0.9370848536491394 -3.6133726313710213 23.595436204376426
    endloop
  endfacet
  facet normal -0.513726252419908 -0.8579541582011226 0
    outer loop
      vertex 0.6341514214873314 -3.465632274746895 24.815202678986207
      vertex 0.6341514214873314 -3.465632274746895 29.906296353929527
      vertex 0.501626543700695 -3.386278957128525 25.397566215999984
    endloop
  endfacet
  facet normal -0.6006730324934484 -0.7994947829943138 0
    outer loop
      vertex 0.501626543700695 -3.386278957128525 25.397566215999984
      vertex 0.501626543700695 -3.386278957128525 30.45117022152782
      vertex 0.4929224903328821 -3.3797394646357186 25.443417148639675
    endloop
  endfacet
  facet normal -0.600673032493441 -0.7994947829943192 -1.9862159675806265e-17
    outer loop
      vertex 0.4929224903328821 -3.3797394646357186 25.443417148639675
      vertex 0.501626543700695 -3.386278957128525 30.45117022152782
      vertex 0.38390763849020004 -3.297834888100624 25.992829591162646
    endloop
  endfacet
  facet normal -0.7017783572055566 -0.7123953518643072 0
    outer loop
      vertex 0.38390763849020004 -3.297834888100624 25.992829591162646
      vertex 0.38390763849020004 -3.297834888100624 31.01382826870319
      vertex 0.3260294239215504 -3.240819246109582 26.362504864143173
    endloop
  endfacet
  facet normal -0.45177742723996384 -0.892130683384693 0
    outer loop
      vertex 0.7798461467027664 -3.53941248357296 24.226264010063648
      vertex 0.7798461467027664 -3.53941248357296 29.354789714005403
      vertex 0.6675481322615809 -3.482544460767249 24.68611008262499
    endloop
  endfacet
  facet normal -0.42549719587779905 -0.9049597429168491 -1.78159807008659e-17
    outer loop
      vertex 0.8515153515153988 -3.573110165616004 23.947524508012524
      vertex 0.9298624722168454 -3.6099476939419772 28.790956428152974
      vertex 0.7798461467027664 -3.53941248357296 24.226264010063648
    endloop
  endfacet
  facet normal -0.4517774272399653 -0.8921306833846921 6.7091023992680564e-18
    outer loop
      vertex 0.6675481322615809 -3.482544460767249 24.68611008262499
      vertex 0.7650635649136861 -3.5319265435722222 29.41319529526134
      vertex 0.6341514214873314 -3.465632274746895 24.815202678986207
    endloop
  endfacet
  facet normal -0.5600133028149147 -0.8284836152093359 0
    outer loop
      vertex 1.252406746149063 -3.781810387969017 22.142707038271073
      vertex 1.2750739455223083 -3.7971322759985924 27.27231472916302
      vertex 1.252406746149063 -3.781810387969017 27.38980652072828
    endloop
  endfacet
  facet normal -0.4713692932834212 -0.8819359326784955 0
    outer loop
      vertex 1.0924248546361923 -3.689512625336647 22.929827327968333
      vertex 1.1048067435622215 -3.6961303874850273 28.08122959351329
      vertex 1.0924248546361923 -3.689512625336647 28.134187408206888
    endloop
  endfacet
  facet normal -0.5020337336529039 -0.8648480388337162 0
    outer loop
      vertex 1.1048067435622215 -3.6961303874850273 22.87182312745181
      vertex 1.252406746149063 -3.781810387969017 27.38980652072828
      vertex 1.1048067435622215 -3.6961303874850273 28.08122959351329
    endloop
  endfacet
  facet normal -0.43282503683928714 -0.9014779462000552 0
    outer loop
      vertex 0.9341594353318214 -3.61196805536747 23.607631098689446
      vertex 0.9370848536491394 -3.6133726313710213 28.762356069008362
      vertex 0.9341594353318214 -3.61196805536747 28.77403169054672
    endloop
  endfacet
  facet normal -0.4254971958778368 -0.9049597429168315 7.257343696887526e-16
    outer loop
      vertex 0.8515153515153988 -3.573110165616004 23.947524508012524
      vertex 0.9341594353318214 -3.61196805536747 28.77403169054672
      vertex 0.9298624722168454 -3.6099476939419772 28.790956428152974
    endloop
  endfacet
  facet normal -0.45177742723995645 -0.8921306833846967 -2.2403492584276645e-16
    outer loop
      vertex 0.6675481322615809 -3.482544460767249 24.68611008262499
      vertex 0.7798461467027664 -3.53941248357296 29.354789714005403
      vertex 0.7650635649136861 -3.5319265435722222 29.41319529526134
    endloop
  endfacet
  facet normal -0.42549719587779955 -0.9049597429168491 0
    outer loop
      vertex 0.7798461467027664 -3.53941248357296 24.226264010063648
      vertex 0.9298624722168454 -3.6099476939419772 28.790956428152974
      vertex 0.7798461467027664 -3.53941248357296 29.354789714005403
    endloop
  endfacet
  facet normal -0.44012428824883126 -0.8979368635341015 0
    outer loop
      vertex 0.9370848536491394 -3.6133726313710213 23.595436204376426
      vertex 1.0924248546361923 -3.689512625336647 28.134187408206888
      vertex 0.9370848536491394 -3.6133726313710213 28.762356069008362
    endloop
  endfacet
  facet normal -0.5020337336533527 -0.8648480388334557 -1.280528014574761e-13
    outer loop
      vertex 1.1069152240531235 -3.697354334682282 28.071701009670388
      vertex 1.1048067435622215 -3.6961303874850273 28.08122959351329
      vertex 1.252406746149063 -3.781810387969017 27.38980652072828
    endloop
  endfacet
  facet normal -0.8638144309464589 -0.5038101119356828 0
    outer loop
      vertex 1.537275269627571 -4.052735559642315 20.10579191558726
      vertex 1.5685139819979668 -4.106296315789223 25.142195649023098
      vertex 1.537275269627571 -4.052735559642315 25.475453590491814
    endloop
  endfacet
  facet normal -0.7752763379088184 -0.6316221971073306 0
    outer loop
      vertex 1.437555268406868 -3.930335558950901 20.970598038116005
      vertex 1.537275269627571 -4.052735559642315 25.475453590491814
      vertex 1.437555268406868 -3.930335558950901 26.289958783020122
    endloop
  endfacet
  facet normal -0.6997187009591922 -0.7144184624769859 0
    outer loop
      vertex 1.4055739417672157 -3.8990122750401497 21.20461266671964
      vertex 1.437555268406868 -3.930335558950901 26.289958783020122
      vertex 1.4055739417672157 -3.8990122750401497 26.510469809440664
    endloop
  endfacet
  facet normal -0.615369733204193 -0.7882386005875379 0
    outer loop
      vertex 1.4055739417672157 -3.8990122750401497 21.20461266671964
      vertex 1.4055739417672157 -3.8990122750401497 26.510469809440664
      vertex 1.2750739455223083 -3.7971322759985924 22.017805315962296
    endloop
  endfacet
  facet normal -0.6153697332041931 -0.788238600587538 0
    outer loop
      vertex 1.2750739455223083 -3.7971322759985924 22.017805315962296
      vertex 1.4055739417672157 -3.8990122750401497 26.510469809440664
      vertex 1.2750739455223083 -3.7971322759985924 27.27231472916302
    endloop
  endfacet
  facet normal -0.6153697332041994 -0.788238600587533 -2.2697343015714633e-15
    outer loop
      vertex 1.3080294224959526 -3.8228602764514656 27.083542414263697
      vertex 1.2750739455223083 -3.7971322759985924 27.27231472916302
      vertex 1.4055739417672157 -3.8990122750401497 26.510469809440664
    endloop
  endfacet
  facet normal -0.5137262524199129 -0.8579541582011199 1.9859952041169275e-16
    outer loop
      vertex 0.501626543700695 -3.386278957128525 25.397566215999984
      vertex 0.6341514214873314 -3.465632274746895 29.906296353929527
      vertex 0.6083615506611182 -3.4501898020188375 30.016206534340164
    endloop
  endfacet
  facet normal -0.5137262524199065 -0.8579541582011234 0
    outer loop
      vertex 0.501626543700695 -3.386278957128525 25.397566215999984
      vertex 0.6083615506611182 -3.4501898020188375 30.016206534340164
      vertex 0.501626543700695 -3.386278957128525 30.45117022152782
    endloop
  endfacet
  facet normal -0.6006730324934404 -0.7994947829943198 -4.951477964644303e-17
    outer loop
      vertex 0.38390763849020004 -3.297834888100624 25.992829591162646
      vertex 0.501626543700695 -3.386278957128525 30.45117022152782
      vertex 0.45805303185335067 -3.3535414908505 30.66460640485768
    endloop
  endfacet
  facet normal -0.6006730324934423 -0.7994947829943182 0
    outer loop
      vertex 0.38390763849020004 -3.297834888100624 25.992829591162646
      vertex 0.45805303185335067 -3.3535414908505 30.66460640485768
      vertex 0.38390763849020004 -3.297834888100624 31.01382826870319
    endloop
  endfacet
  facet normal -0.804975250427798 -0.5933083904671361 0
    outer loop
      vertex 0.28391654789447784 -3.1993339881300926 26.62171795583938
      vertex 0.28391654789447784 -3.1993339881300926 31.605846162124458
      vertex 0.20371125638484955 -3.0905149057507515 27.28796551169928
    endloop
  endfacet
  facet normal -0.7017783572055541 -0.7123953518643096 -5.992931009110862e-17
    outer loop
      vertex 0.3260294239215504 -3.240819246109582 26.362504864143173
      vertex 0.38390763849020004 -3.297834888100624 31.01382826870319
      vertex 0.28391654789447784 -3.1993339881300926 26.62171795583938
    endloop
  endfacet
  facet normal -0.8952863828389195 -0.4454910691621144 0
    outer loop
      vertex 0.20371125638484955 -3.0905149057507515 27.28796551169928
      vertex 0.20371125638484955 -3.0905149057507515 32.23236626777562
      vertex 0.16836531771709784 -3.0194815231120926 27.715174693596616
    endloop
  endfacet
  facet normal -0.8952863828389193 -0.4454910691621146 -5.33831482827573e-18
    outer loop
      vertex 0.16836531771709784 -3.0194815231120926 27.715174693596616
      vertex 0.20371125638484955 -3.0905149057507515 32.23236626777562
      vertex 0.14531142264604568 -2.9731509909033775 27.988527656216704
    endloop
  endfacet
  facet normal -0.9626157751716025 -0.2708705768273383 0
    outer loop
      vertex 0.14531142264604568 -2.9731509909033775 27.988527656216704
      vertex 0.14531142264604568 -2.9731509909033775 32.890297378745075
      vertex 0.11046119779348373 -2.8493007868528366 28.714055764658294
    endloop
  endfacet
  facet normal -0.7017783572055555 -0.7123953518643084 0
    outer loop
      vertex 0.28391654789447784 -3.1993339881300926 26.62171795583938
      vertex 0.38390763849020004 -3.297834888100624 31.01382826870319
      vertex 0.28391654789447784 -3.1993339881300926 31.605846162124458
    endloop
  endfacet
  facet normal -0.45177742723996506 -0.8921306833846923 0
    outer loop
      vertex 0.6341514214873314 -3.465632274746895 24.815202678986207
      vertex 0.7650635649136861 -3.5319265435722222 29.41319529526134
      vertex 0.6341514214873314 -3.465632274746895 29.906296353929527
    endloop
  endfacet
  facet normal -0.8049752504277982 -0.5933083904671362 0
    outer loop
      vertex 0.20371125638484955 -3.0905149057507515 27.28796551169928
      vertex 0.28391654789447784 -3.1993339881300926 31.605846162124458
      vertex 0.20371125638484955 -3.0905149057507515 32.23236626777562
    endloop
  endfacet
  facet normal -0.8952863828389195 -0.4454910691621144 0
    outer loop
      vertex 0.14531142264604568 -2.9731509909033775 27.988527656216704
      vertex 0.17685894669440544 -3.036550844790239 32.5375921727737
      vertex 0.14531142264604568 -2.9731509909033775 32.890297378745075
    endloop
  endfacet
  facet normal -0.8952863828389193 -0.44549106916211473 -5.0298327364205135e-18
    outer loop
      vertex 0.14531142264604568 -2.9731509909033775 27.988527656216704
      vertex 0.20371125638484955 -3.0905149057507515 32.23236626777562
      vertex 0.17685894669440544 -3.036550844790239 32.5375921727737
    endloop
  endfacet
  facet normal -0.9966792241461641 -0.0814280305263516 0
    outer loop
      vertex 0.11046119779348373 -2.8493007868528366 28.714055764658294
      vertex 0.11046119779348373 -2.8493007868528366 33.57362808186033
      vertex 0.10023382306098938 -2.7241177037358284 29.442541617275012
    endloop
  endfacet
  facet normal -0.992040244462924 0.12592121888681876 0
    outer loop
      vertex 0.10023382306098938 -2.7241177037358284 29.442541617275012
      vertex 0.10023382306098938 -2.7241177037358284 34.25901856124146
      vertex 0.11553391069173813 -2.603579618036747 30.139117017479084
    endloop
  endfacet
  facet normal -0.9626157751716025 -0.2708705768273382 0
    outer loop
      vertex 0.11046119779348373 -2.8493007868528366 28.714055764658294
      vertex 0.14531142264604568 -2.9731509909033775 32.890297378745075
      vertex 0.11046119779348373 -2.8493007868528366 33.57362808186033
    endloop
  endfacet
  facet normal -0.9966792241461641 -0.0814280305263516 0
    outer loop
      vertex 0.10023382306098938 -2.7241177037358284 29.442541617275012
      vertex 0.11046119779348373 -2.8493007868528366 33.57362808186033
      vertex 0.10023382306098938 -2.7241177037358284 34.25901856124146
    endloop
  endfacet
  facet normal -0.7017783572054941 -0.712395351864369 2.0997417366526136e-14
    outer loop
      vertex 0.31408248611407436 -3.2290503563123276 31.43125819107604
      vertex 0.28391654789447784 -3.1993339881300926 31.605846162124458
      vertex 0.38390763849020004 -3.297834888100624 31.01382826870319
    endloop
  endfacet
  facet normal -0.9920402444629239 0.12592121888681876 0
    outer loop
      vertex 0.11553391069173813 -2.603579618036747 30.139117017479084
      vertex 0.10023382306098938 -2.7241177037358284 34.25901856124146
      vertex 0.11553391069173813 -2.603579618036747 34.91365116659967
    endloop
  endfacet
  facet normal -0.9408454665266424 0.33883596048274567 0
    outer loop
      vertex 0.11553391069173813 -2.603579618036747 30.139117017479084
      vertex 0.11553391069173813 -2.603579618036747 34.91365116659967
      vertex 0.14120081065788254 -2.5323103630304753 30.547748714211274
    endloop
  endfacet
  facet normal -0.9408454665266426 0.33883596048274495 -1.2566458424919892e-17
    outer loop
      vertex 0.14120081065788254 -2.5323103630304753 30.547748714211274
      vertex 0.11553391069173813 -2.603579618036747 34.91365116659967
      vertex 0.1569492071866989 -2.48858180642128 30.793773907933282
    endloop
  endfacet
  facet normal -0.8556763390920863 0.5175113551584785 0
    outer loop
      vertex 0.1569492071866989 -2.48858180642128 30.793773907933282
      vertex 0.1569492071866989 -2.48858180642128 35.529976318531645
      vertex 0.2261393889784813 -2.3741796761751175 31.424760579407238
    endloop
  endfacet
  facet normal -0.7813836387678323 0.6240509667214222 0
    outer loop
      vertex 0.2261393889784813 -2.3741796761751175 31.424760579407238
      vertex 0.2261393889784813 -2.3741796761751175 36.12366621129927
      vertex 0.23742331151464707 -2.3600509063773463 31.501449044317667
    endloop
  endfacet
  facet normal -0.781383638767832 0.6240509667214225 1.6547956030799587e-18
    outer loop
      vertex 0.23742331151464707 -2.3600509063773463 31.501449044317667
      vertex 0.2261393889784813 -2.3741796761751175 36.12366621129927
      vertex 0.32135435193777084 -2.2549595832824707 32.04753747928989
    endloop
  endfacet
  facet normal -0.7500508987015385 0.6613801095867751 0
    outer loop
      vertex 0.32135435193777084 -2.2549595832824707 32.04753747928989
      vertex 0.32135435193777084 -2.2549595832824707 36.708265299119525
      vertex 0.327809781345702 -2.2476386787697114 32.08514727512494
    endloop
  endfacet
  facet normal -0.9408454665266424 0.3388359604827454 0
    outer loop
      vertex 0.1569492071866989 -2.48858180642128 30.793773907933282
      vertex 0.11553391069173813 -2.603579618036747 34.91365116659967
      vertex 0.1569492071866989 -2.48858180642128 35.529976318531645
    endloop
  endfacet
  facet normal -0.8556763390920863 0.5175113551584786 0
    outer loop
      vertex 0.2261393889784813 -2.3741796761751175 31.424760579407238
      vertex 0.1569492071866989 -2.48858180642128 35.529976318531645
      vertex 0.2261393889784813 -2.3741796761751175 36.12366621129927
    endloop
  endfacet
  facet normal -0.7813836387678281 0.6240509667214275 2.1572532214369005e-16
    outer loop
      vertex 0.32135435193777084 -2.2549595832824707 32.04753747928989
      vertex 0.2261393889784813 -2.3741796761751175 36.12366621129927
      vertex 0.23041090284267285 -2.3688312491647654 36.150983044397094
    endloop
  endfacet
  facet normal -0.7500508987015427 0.6613801095867704 -1.3365826536594752e-17
    outer loop
      vertex 0.327809781345702 -2.2476386787697114 32.08514727512494
      vertex 0.32135435193777084 -2.2549595832824707 36.708265299119525
      vertex 0.4124393885273947 -2.1516628367338098 32.55295407934465
    endloop
  endfacet
  facet normal -0.7500508987015422 0.6613801095867708 1.551243251884441e-17
    outer loop
      vertex 0.4124393885273947 -2.1516628367338098 32.55295407934465
      vertex 0.32135435193777084 -2.2549595832824707 36.708265299119525
      vertex 0.4322501868009567 -2.1291960179805756 32.65633369646401
    endloop
  endfacet
  facet normal -0.7570782465896208 0.6533242139556633 0
    outer loop
      vertex 0.4322501868009567 -2.1291960179805756 32.65633369646401
      vertex 0.4322501868009567 -2.1291960179805756 36.834
      vertex 0.43504370748996735 -2.1259588599205017 32.67130361570703
    endloop
  endfacet
  facet normal -0.7640185028286556 0.6451943330001121 0
    outer loop
      vertex 0.43504370748996735 -2.1259588599205017 32.67130361570703
      vertex 0.43504370748996735 -2.1259588599205017 36.834
      vertex 0.49088359575917134 -2.0598350493854993 32.97857740471935
    endloop
  endfacet
  facet normal -0.7640185028286564 0.6451943330001112 -2.865217277041826e-17
    outer loop
      vertex 0.49088359575917134 -2.0598350493854993 32.97857740471935
      vertex 0.43504370748996735 -2.1259588599205017 36.834
      vertex 0.546463705599308 -1.9940188601613045 33.26648513872445
    endloop
  endfacet
  facet normal -0.7858470195703453 0.6184209422653839 0
    outer loop
      vertex 0.546463705599308 -1.9940188601613045 33.26648513872445
      vertex 0.546463705599308 -1.9940188601613045 36.834
      vertex 0.555007591843605 -1.983161874115467 33.314897297987294
    endloop
  endfacet
  facet normal -0.8067379486847099 0.5909093688138531 0
    outer loop
      vertex 0.555007591843605 -1.983161874115467 33.314897297987294
      vertex 0.555007591843605 -1.983161874115467 36.834
      vertex 0.5636823894215358 -1.9713186223875028 33.36865683357681
    endloop
  endfacet
  facet normal -0.8067379486847143 0.590909368813847 -3.208009249727506e-17
    outer loop
      vertex 0.5636823894215358 -1.9713186223875028 33.36865683357681
      vertex 0.555007591843605 -1.983161874115467 36.834
      vertex 0.6297859118164133 -1.88107090781035 33.75545026579519
    endloop
  endfacet
  facet normal -0.9408454665265998 0.3388359604828637 -2.4725035521461466e-14
    outer loop
      vertex 0.14661472200388237 -2.5172775609075715 35.378088154714916
      vertex 0.1569492071866989 -2.48858180642128 35.529976318531645
      vertex 0.11553391069173813 -2.603579618036747 34.91365116659967
    endloop
  endfacet
  facet normal -0.7813836387678322 0.6240509667214225 7.550536354541554e-18
    outer loop
      vertex 0.32135435193777084 -2.2549595832824707 32.04753747928989
      vertex 0.23041090284267285 -2.3688312491647654 36.150983044397094
      vertex 0.3099504290910607 -2.2692386072811113 36.640835786697075
    endloop
  endfacet
  facet normal -0.7813836387678335 0.624050966721421 0
    outer loop
      vertex 0.32135435193777084 -2.2549595832824707 32.04753747928989
      vertex 0.3099504290910607 -2.2692386072811113 36.640835786697075
      vertex 0.32135435193777084 -2.2549595832824707 36.708265299119525
    endloop
  endfacet
  facet normal -0.7500508987015424 0.6613801095867706 0
    outer loop
      vertex 0.4322501868009567 -2.1291960179805756 32.65633369646401
      vertex 0.32135435193777084 -2.2549595832824707 36.708265299119525
      vertex 0.4322501868009567 -2.1291960179805756 36.834
    endloop
  endfacet
  facet normal -0.7570782465896209 0.6533242139556634 0
    outer loop
      vertex 0.43504370748996735 -2.1259588599205017 32.67130361570703
      vertex 0.4322501868009567 -2.1291960179805756 36.834
      vertex 0.43504370748996735 -2.1259588599205017 36.834
    endloop
  endfacet
  facet normal -0.764018502828656 0.6451943330001116 0
    outer loop
      vertex 0.546463705599308 -1.9940188601613045 33.26648513872445
      vertex 0.43504370748996735 -2.1259588599205017 36.834
      vertex 0.546463705599308 -1.9940188601613045 36.834
    endloop
  endfacet
  facet normal -0.7858470195703453 0.6184209422653838 0
    outer loop
      vertex 0.555007591843605 -1.983161874115467 33.314897297987294
      vertex 0.546463705599308 -1.9940188601613045 36.834
      vertex 0.555007591843605 -1.983161874115467 36.834
    endloop
  endfacet
  facet normal -0.7500508987015427 0.6613801095867702 7.858808305426692e-16
    outer loop
      vertex 0.4322501868009567 -2.1291960179805756 36.834
      vertex 0.32135435193777084 -2.2549595832824707 36.708265299119525
      vertex 0.3451865951488882 -2.2279321671575123 36.834
    endloop
  endfacet
  facet normal -0.8067379486847144 0.5909093688138473 -3.108238892402939e-17
    outer loop
      vertex 0.555007591843605 -1.983161874115467 36.834
      vertex 0.6565275937318802 -1.8445618748664856 33.90236453978946
      vertex 0.6297859118164133 -1.88107090781035 33.75545026579519
    endloop
  endfacet
  facet normal -0.806737948684714 0.5909093688138476 0
    outer loop
      vertex 0.555007591843605 -1.983161874115467 36.834
      vertex 0.6565275937318802 -1.8445618748664856 36.834
      vertex 0.6565275937318802 -1.8445618748664856 33.90236453978946
    endloop
  endfacet
  facet normal -0.8363914260025558 0.5481326322245477 0
    outer loop
      vertex 0.6565275937318802 -1.8445618748664856 33.90236453978946
      vertex 0.6565275937318802 -1.8445618748664856 36.834
      vertex 0.6679357886314392 -1.8271541967988014 33.975052707683325
    endloop
  endfacet
  facet normal -0.863778919968492 0.5038709928325558 0
    outer loop
      vertex 0.6679357886314392 -1.8271541967988014 33.975052707683325
      vertex 0.6679357886314392 -1.8271541967988014 36.834
      vertex 0.689486498496636 -1.790210119531587 34.134548175924785
    endloop
  endfacet
  facet normal -0.8637789199684913 0.503870992832557 2.26269523217526e-17
    outer loop
      vertex 0.689486498496636 -1.790210119531587 34.134548175924785
      vertex 0.6679357886314392 -1.8271541967988014 36.834
      vertex 0.7427973398002347 -1.6988200979211612 34.50772806004905
    endloop
  endfacet
  facet normal -0.8637789199684914 0.5038709928325565 -1.1477858677539691e-17
    outer loop
      vertex 0.7427973398002347 -1.6988200979211612 34.50772806004905
      vertex 0.6679357886314392 -1.8271541967988014 36.834
      vertex 0.7536157816648483 -1.6802741959691048 34.57897089502632
    endloop
  endfacet
  facet normal -0.8933457970578896 0.4493698775830483 0
    outer loop
      vertex 0.7536157816648483 -1.6802741959691048 34.57897089502632
      vertex 0.7536157816648483 -1.6802741959691048 36.834
      vertex 0.7647556066513062 -1.658128261566162 34.66839046848489
    endloop
  endfacet
  facet normal -0.8363914260025558 0.5481326322245476 0
    outer loop
      vertex 0.6679357886314392 -1.8271541967988014 33.975052707683325
      vertex 0.6565275937318802 -1.8445618748664856 36.834
      vertex 0.6679357886314392 -1.8271541967988014 36.834
    endloop
  endfacet
  facet normal -0.9194780549200506 0.3931413314832725 0
    outer loop
      vertex 0.7647556066513062 -1.658128261566162 34.66839046848489
      vertex 0.7647556066513062 -1.658128261566162 36.834
      vertex 0.7880532712628318 -1.6036397363827022 34.898449693228876
    endloop
  endfacet
  facet normal -0.9194780549200504 0.3931413314832729 1.4257355580396123e-17
    outer loop
      vertex 0.7880532712628318 -1.6036397363827022 34.898449693228876
      vertex 0.7647556066513062 -1.658128261566162 36.834
      vertex 0.8278330748466654 -1.5106028219316934 35.271412227600855
    endloop
  endfacet
  facet normal -0.9194780549200511 0.39314133148327135 -1.6244078094606796e-16
    outer loop
      vertex 0.8278330748466654 -1.5106028219316934 35.271412227600855
      vertex 0.7647556066513062 -1.658128261566162 36.834
      vertex 0.8306356072425842 -1.504048265516758 35.29623694875169
    endloop
  endfacet
  facet normal -0.9402658953391895 0.34044095826147697 0
    outer loop
      vertex 0.8306356072425842 -1.504048265516758 35.29623694875169
      vertex 0.8306356072425842 -1.504048265516758 36.834
      vertex 0.8383471965789795 -1.482749581336975 35.38095404234117
    endloop
  endfacet
  facet normal -0.958036004165578 0.28664789328102974 0
    outer loop
      vertex 0.8383471965789795 -1.482749581336975 35.38095404234117
      vertex 0.8383471965789795 -1.482749581336975 36.834
      vertex 0.858923011229934 -1.4139809920233744 35.66703792396573
    endloop
  endfacet
  facet normal -0.8637789199684914 0.5038709928325567 0
    outer loop
      vertex 0.7536157816648483 -1.6802741959691048 34.57897089502632
      vertex 0.6679357886314392 -1.8271541967988014 36.834
      vertex 0.7536157816648483 -1.6802741959691048 36.834
    endloop
  endfacet
  facet normal -0.8933457970578895 0.4493698775830483 0
    outer loop
      vertex 0.7647556066513062 -1.658128261566162 34.66839046848489
      vertex 0.7536157816648483 -1.6802741959691048 36.834
      vertex 0.7647556066513062 -1.658128261566162 36.834
    endloop
  endfacet
  facet normal -0.9194780549200505 0.39314133148327274 0
    outer loop
      vertex 0.8306356072425842 -1.504048265516758 35.29623694875169
      vertex 0.7647556066513062 -1.658128261566162 36.834
      vertex 0.8306356072425842 -1.504048265516758 36.834
    endloop
  endfacet
  facet normal -0.9402658953391894 0.34044095826147686 0
    outer loop
      vertex 0.8383471965789795 -1.482749581336975 35.38095404234117
      vertex 0.8306356072425842 -1.504048265516758 36.834
      vertex 0.8383471965789795 -1.482749581336975 36.834
    endloop
  endfacet
  facet normal -0.9580360041655779 0.28664789328103024 3.064920980135861e-17
    outer loop
      vertex 0.8383471965789795 -1.482749581336975 36.834
      vertex 0.8856872022151947 -1.324529580771923 36.02122995426322
      vertex 0.858923011229934 -1.4139809920233744 35.66703792396573
    endloop
  endfacet
  facet normal -0.9656404650809212 0.25988168884764123 0
    outer loop
      vertex 0.8856872022151947 -1.324529580771923 36.02122995426322
      vertex 0.8856872022151947 -1.324529580771923 36.834
      vertex 0.886261838612396 -1.322394408569886 36.029885027856025
    endloop
  endfacet
  facet normal -0.9656404650809202 0.25988168884764534 1.165839325950973e-17
    outer loop
      vertex 0.886261838612396 -1.322394408569886 36.029885027856025
      vertex 0.8856872022151947 -1.324529580771923 36.834
      vertex 0.8885794878005981 -1.31378273665905 36.06305444551952
    endloop
  endfacet
  facet normal -0.9580360041655779 0.28664789328103013 0
    outer loop
      vertex 0.8383471965789795 -1.482749581336975 36.834
      vertex 0.8856872022151947 -1.324529580771923 36.834
      vertex 0.8856872022151947 -1.324529580771923 36.02122995426322
    endloop
  endfacet
  facet normal -0.9656404650809204 0.25988168884764457 0
    outer loop
      vertex 0.8885794878005981 -1.31378273665905 36.06305444551952
      vertex 0.8856872022151947 -1.324529580771923 36.834
      vertex 0.8885794878005981 -1.31378273665905 36.834
    endloop
  endfacet
  facet normal -0.9724974221637008 0.23291364040123658 0
    outer loop
      vertex 0.8885794878005981 -1.31378273665905 36.06305444551952
      vertex 0.8885794878005981 -1.31378273665905 36.834
      vertex 0.9080628324202191 -1.232432832097566 36.38443729698444
    endloop
  endfacet
  facet normal -0.972497422163701 0.2329136404012359 -1.2527485771958643e-16
    outer loop
      vertex 0.9080628324202191 -1.232432832097566 36.38443729698444
      vertex 0.8885794878005981 -1.31378273665905 36.834
      vertex 0.9257114604115486 -1.1587435230612755 36.660570141102546
    endloop
  endfacet
  facet normal -0.972497422163701 0.23291364040123608 0
    outer loop
      vertex 0.8885794878005981 -1.31378273665905 36.834
      vertex 0.9257114604115486 -1.1587435230612755 36.834
      vertex 0.9257114604115486 -1.1587435230612755 36.660570141102546
    endloop
  endfacet
  facet normal -0.9633754852853504 0.2681560634242968 0
    outer loop
      vertex 0.9257114604115486 -1.1587435230612755 36.660570141102546
      vertex 0.9257114604115486 -1.1587435230612755 36.834
      vertex 0.9283981498495045 -1.149091342506229 36.69540899218097
    endloop
  endfacet
  facet normal -0.9633754852853503 0.26815606342429743 4.709132998893417e-17
    outer loop
      vertex 0.9257114604115486 -1.1587435230612755 36.834
      vertex 0.9397750629909148 -1.108218728705536 36.834
      vertex 0.9283981498495045 -1.149091342506229 36.69540899218097
    endloop
  endfacet
  facet normal 0 0 1
    outer loop
      vertex -1.500185452401638 -1.4253172874450684 36.834
      vertex -1.7273813280465065 -1.449445035266344 36.834
      vertex -1.6698794858857073 -1.5153348360544123 36.834
    endloop
  endfacet
  facet normal 0 0 1
    outer loop
      vertex -1.7702836319804192 -1.294753223657608 36.834
      vertex -1.8003963287822942 -1.3570474280078118 36.834
      vertex -1.7822850246033124 -1.3813751314602194 36.834
    endloop
  endfacet
  facet normal 0 0 1
    outer loop
      vertex -1.500185452401638 -1.4253172874450684 36.834
      vertex -1.7822850246033124 -1.3813751314602194 36.834
      vertex -1.7273813280465065 -1.449445035266344 36.834
    endloop
  endfacet
  facet normal 0 0 1
    outer loop
      vertex -1.7702836319804192 -1.294753223657608 36.834
      vertex -1.7822850246033124 -1.3813751314602194 36.834
      vertex -1.500185452401638 -1.4253172874450684 36.834
    endloop
  endfacet
  facet normal 0 0 1
    outer loop
      vertex -1.7702836319804192 -1.294753223657608 36.834
      vertex -1.500185452401638 -1.4253172874450684 36.834
      vertex -1.7535869926214218 -1.2647319212555885 36.834
    endloop
  endfacet
  facet normal 0.9003272559631661 -0.43521354777837 1.176580383202108e-16
    outer loop
      vertex -1.7702836319804192 -1.294753223657608 36.834
      vertex -1.7734384147883677 -1.301279530026376 37.134
      vertex -1.8003963287822942 -1.3570474280078118 36.834
    endloop
  endfacet
  facet normal 0 0 1
    outer loop
      vertex -1.5709254518151283 -1.5716572850942612 36.834
      vertex -1.6098659863537121 -1.5789454293050658 36.834
      vertex -1.5829659152563127 -1.605328833058704 36.834
    endloop
  endfacet
  facet normal 0 0 1
    outer loop
      vertex -1.5709254518151283 -1.5716572850942612 36.834
      vertex -1.6698794858857073 -1.5153348360544123 36.834
      vertex -1.6098659863537121 -1.5789454293050658 36.834
    endloop
  endfacet
  facet normal 0 0 1
    outer loop
      vertex -1.5709254518151283 -1.5716572850942612 36.834
      vertex -1.500185452401638 -1.4253172874450684 36.834
      vertex -1.6698794858857073 -1.5153348360544123 36.834
    endloop
  endfacet
  facet normal 0 0 1
    outer loop
      vertex -1.7535869926214218 -1.2647319212555885 36.834
      vertex -1.500185452401638 -1.4253172874450684 36.834
      vertex -1.4757082387804985 -1.386692576110363 36.834
    endloop
  endfacet
  facet normal 0 0 1
    outer loop
      vertex -1.7535869926214218 -1.2647319212555885 36.834
      vertex -1.4757082387804985 -1.386692576110363 36.834
      vertex -1.7291097790002823 -1.2261072099208832 36.834
    endloop
  endfacet
  facet normal 0.8739330296448224 -0.486046355501018 0
    outer loop
      vertex -1.7702836319804192 -1.294753223657608 36.834
      vertex -1.7535869926214218 -1.2647319212555885 36.834
      vertex -1.7535869926214218 -1.2647319212555885 37.134
    endloop
  endfacet
  facet normal 0.8446717902462041 -0.5352845661536233 0
    outer loop
      vertex -1.7535869926214218 -1.2647319212555885 36.834
      vertex -1.7291097790002823 -1.2261072099208832 36.834
      vertex -1.7291097790002823 -1.2261072099208832 37.134
    endloop
  endfacet
  facet normal 0.900327255963164 -0.43521354777837434 0
    outer loop
      vertex -1.7702836319804192 -1.294753223657608 36.834
      vertex -1.7702836319804192 -1.294753223657608 37.134
      vertex -1.7734384147883677 -1.301279530026376 37.134
    endloop
  endfacet
  facet normal 0.8739330296448224 -0.486046355501018 0
    outer loop
      vertex -1.7702836319804192 -1.294753223657608 36.834
      vertex -1.7535869926214218 -1.2647319212555885 37.134
      vertex -1.7702836319804192 -1.294753223657608 37.134
    endloop
  endfacet
  facet normal 0.8446717902462041 -0.5352845661536233 0
    outer loop
      vertex -1.7535869926214218 -1.2647319212555885 36.834
      vertex -1.7291097790002823 -1.2261072099208832 37.134
      vertex -1.7535869926214218 -1.2647319212555885 37.134
    endloop
  endfacet
  facet normal 0.8126394819952424 -0.5827667391868759 0
    outer loop
      vertex -1.7291097790002823 -1.2261072099208832 36.834
      vertex -1.7090905979275703 -1.198191449046135 36.834
      vertex -1.7090905979275703 -1.198191449046135 37.134
    endloop
  endfacet
  facet normal 0.8126394819952424 -0.5827667391868759 0
    outer loop
      vertex -1.7291097790002823 -1.2261072099208832 36.834
      vertex -1.7090905979275703 -1.198191449046135 37.134
      vertex -1.7291097790002823 -1.2261072099208832 37.134
    endloop
  endfacet
  facet normal 0.7779411853779387 -0.6283371006814479 0
    outer loop
      vertex -1.7090905979275703 -1.198191449046135 36.834
      vertex -1.607030600309372 -1.0718314498662949 37.134
      vertex -1.7090905979275703 -1.198191449046135 37.134
    endloop
  endfacet
  facet normal 0.7779411853779387 -0.6283371006814479 0
    outer loop
      vertex -1.7090905979275703 -1.198191449046135 36.834
      vertex -1.607030600309372 -1.0718314498662949 36.834
      vertex -1.607030600309372 -1.0718314498662949 37.134
    endloop
  endfacet
  facet normal 0 0 1
    outer loop
      vertex -1.7291097790002823 -1.2261072099208832 36.834
      vertex -1.3736482411623 -1.260332576930523 36.834
      vertex -1.7090905979275703 -1.198191449046135 36.834
    endloop
  endfacet
  facet normal 0 0 1
    outer loop
      vertex -1.7090905979275703 -1.198191449046135 36.834
      vertex -1.3736482411623 -1.260332576930523 36.834
      vertex -1.607030600309372 -1.0718314498662949 36.834
    endloop
  endfacet
  facet normal 0 0 1
    outer loop
      vertex -1.7291097790002823 -1.2261072099208832 36.834
      vertex -1.4757082387804985 -1.386692576110363 36.834
      vertex -1.3736482411623 -1.260332576930523 36.834
    endloop
  endfacet
  facet normal 0 0 1
    outer loop
      vertex -1.607030600309372 -1.0718314498662949 36.834
      vertex -1.3514766916632652 -1.2370034009218216 36.834
      vertex -1.5911069586873055 -1.053664468228817 36.834
    endloop
  endfacet
  facet normal 0 0 1
    outer loop
      vertex -1.5911069586873055 -1.053664468228817 36.834
      vertex -1.2292566895484924 -1.127563402056694 36.834
      vertex -1.5689354091882706 -1.0303352922201157 36.834
    endloop
  endfacet
  facet normal 0.7520116109933593 -0.6591498592362531 0
    outer loop
      vertex -1.607030600309372 -1.0718314498662949 36.834
      vertex -1.5911069586873055 -1.053664468228817 36.834
      vertex -1.5911069586873055 -1.053664468228817 37.134
    endloop
  endfacet
  facet normal 0.7520116109933593 -0.6591498592362531 0
    outer loop
      vertex -1.607030600309372 -1.0718314498662949 36.834
      vertex -1.5911069586873055 -1.053664468228817 37.134
      vertex -1.607030600309372 -1.0718314498662949 37.134
    endloop
  endfacet
  facet normal 0.7248623852046321 -0.6888936946405094 0
    outer loop
      vertex -1.5911069586873055 -1.053664468228817 36.834
      vertex -1.5689354091882706 -1.0303352922201157 36.834
      vertex -1.5689354091882706 -1.0303352922201157 37.134
    endloop
  endfacet
  facet normal 0.6965376463177632 -0.7175202486774228 0
    outer loop
      vertex -1.5689354091882706 -1.0303352922201157 36.834
      vertex -1.5516017228364944 -1.0135084986686707 36.834
      vertex -1.5516017228364944 -1.0135084986686707 37.134
    endloop
  endfacet
  facet normal 0.7248623852046321 -0.6888936946405094 0
    outer loop
      vertex -1.5911069586873055 -1.053664468228817 36.834
      vertex -1.5689354091882706 -1.0303352922201157 37.134
      vertex -1.5911069586873055 -1.053664468228817 37.134
    endloop
  endfacet
  facet normal 0.6965376463177632 -0.7175202486774228 0
    outer loop
      vertex -1.5689354091882706 -1.0303352922201157 36.834
      vertex -1.5516017228364944 -1.0135084986686707 37.134
      vertex -1.5689354091882706 -1.0303352922201157 37.134
    endloop
  endfacet
  facet normal 0.6670834410889872 -0.7449830082793002 0
    outer loop
      vertex -1.5516017228364944 -1.0135084986686707 36.834
      vertex -1.4293817207217216 -0.9040684998035431 37.134
      vertex -1.5516017228364944 -1.0135084986686707 37.134
    endloop
  endfacet
  facet normal 0 0 1
    outer loop
      vertex -1.607030600309372 -1.0718314498662949 36.834
      vertex -1.3736482411623 -1.260332576930523 36.834
      vertex -1.3514766916632652 -1.2370034009218216 36.834
    endloop
  endfacet
  facet normal 0 0 1
    outer loop
      vertex -1.5911069586873055 -1.053664468228817 36.834
      vertex -1.3514766916632652 -1.2370034009218216 36.834
      vertex -1.2292566895484924 -1.127563402056694 36.834
    endloop
  endfacet
  facet normal 0 0 1
    outer loop
      vertex -1.5689354091882706 -1.0303352922201157 36.834
      vertex -1.2292566895484924 -1.127563402056694 36.834
      vertex -1.5516017228364944 -1.0135084986686707 36.834
    endloop
  endfacet
  facet normal 0 0 1
    outer loop
      vertex -1.5516017228364944 -1.0135084986686707 36.834
      vertex -1.2292566895484924 -1.127563402056694 36.834
      vertex -1.4293817207217216 -0.9040684998035431 36.834
    endloop
  endfacet
  facet normal 0.6670834410889872 -0.7449830082793002 0
    outer loop
      vertex -1.5516017228364944 -1.0135084986686707 36.834
      vertex -1.4293817207217216 -0.9040684998035431 36.834
      vertex -1.4293817207217216 -0.9040684998035431 37.134
    endloop
  endfacet
  facet normal 0 0 1
    outer loop
      vertex -1.1215862780809402 -1.0327589809894562 36.834
      vertex -1.428441971540451 -0.9032305553555489 36.834
      vertex -1.4293817207217216 -0.9040684998035431 36.834
    endloop
  endfacet
  facet normal 0 0 1
    outer loop
      vertex -1.1215862780809402 -1.0327589809894562 36.834
      vertex -1.4271862655878067 -0.9021156132221222 36.834
      vertex -1.428441971540451 -0.9032305553555489 36.834
    endloop
  endfacet
  facet normal 0 0 1
    outer loop
      vertex -1.1215862780809402 -1.0327589809894562 36.834
      vertex -1.4262424558401108 -0.9012811481952667 36.834
      vertex -1.4271862655878067 -0.9021156132221222 36.834
    endloop
  endfacet
  facet normal 0 0 1
    outer loop
      vertex -1.1215862780809402 -1.0327589809894562 36.834
      vertex -1.3529080972075462 -0.8367162123322487 36.834
      vertex -1.4262424558401108 -0.9012811481952667 36.834
    endloop
  endfacet
  facet normal 0.6655218472294857 -0.7463783697698193 0
    outer loop
      vertex -1.4293817207217216 -0.9040684998035431 36.834
      vertex -1.428441971540451 -0.9032305553555489 36.834
      vertex -1.428441971540451 -0.9032305553555489 37.134
    endloop
  endfacet
  facet normal 0.6623763241700299 -0.7491712789335957 0
    outer loop
      vertex -1.4262424558401108 -0.9012811481952667 36.834
      vertex -1.4262424558401108 -0.9012811481952667 37.134
      vertex -1.4271862655878067 -0.9021156132221222 36.834
    endloop
  endfacet
  facet normal 0.6639509277779735 -0.7477761466527053 0
    outer loop
      vertex -1.4271862655878067 -0.9021156132221222 36.834
      vertex -1.4271862655878067 -0.9021156132221222 37.134
      vertex -1.428441971540451 -0.9032305553555489 36.834
    endloop
  endfacet
  facet normal 0.6655218472294857 -0.7463783697698193 0
    outer loop
      vertex -1.4293817207217216 -0.9040684998035431 36.834
      vertex -1.428441971540451 -0.9032305553555489 37.134
      vertex -1.4293817207217216 -0.9040684998035431 37.134
    endloop
  endfacet
  facet normal 0.6623763241700299 -0.7491712789335957 0
    outer loop
      vertex -1.4271862655878067 -0.9021156132221222 36.834
      vertex -1.4262424558401108 -0.9012811481952667 37.134
      vertex -1.4271862655878067 -0.9021156132221222 37.134
    endloop
  endfacet
  facet normal 0.6639509277779735 -0.7477761466527053 0
    outer loop
      vertex -1.428441971540451 -0.9032305553555489 36.834
      vertex -1.4271862655878067 -0.9021156132221222 37.134
      vertex -1.428441971540451 -0.9032305553555489 37.134
    endloop
  endfacet
  facet normal 0.6608049555628329 -0.7505576664744704 0
    outer loop
      vertex -1.4262424558401108 -0.9012811481952667 36.834
      vertex -1.3529080972075462 -0.8367162123322487 37.134
      vertex -1.4262424558401108 -0.9012811481952667 37.134
    endloop
  endfacet
  facet normal 0.6608049555628329 -0.7505576664744704 0
    outer loop
      vertex -1.4262424558401108 -0.9012811481952667 36.834
      vertex -1.3529080972075462 -0.8367162123322487 36.834
      vertex -1.3529080972075462 -0.8367162123322487 37.134
    endloop
  endfacet
  facet normal 0.9599127533872538 0.2802989580510444 0
    outer loop
      vertex -1.3529080972075462 -0.8367162123322487 36.834
      vertex -1.37370315939188 -0.7655013725161552 37.134
      vertex -1.3529080972075462 -0.8367162123322487 37.134
    endloop
  endfacet
  facet normal 0 0 1
    outer loop
      vertex -1.3529080972075462 -0.8367162123322487 36.834
      vertex -1.2336952255921487 -0.7683526559916722 36.834
      vertex -1.37370315939188 -0.7655013725161552 36.834
    endloop
  endfacet
  facet normal 0 0 1
    outer loop
      vertex -1.37370315939188 -0.7655013725161552 36.834
      vertex -1.2971863091160918 -0.6554978207897351 36.834
      vertex -1.4246780648827553 -0.6177577376365662 36.834
    endloop
  endfacet
  facet normal 0 0 1
    outer loop
      vertex -1.37370315939188 -0.7655013725161552 36.834
      vertex -1.2666982233898088 -0.7126326714931203 36.834
      vertex -1.2971863091160918 -0.6554978207897351 36.834
    endloop
  endfacet
  facet normal 0.9453161293057343 0.32615550842263014 0
    outer loop
      vertex -1.37370315939188 -0.7655013725161552 36.834
      vertex -1.4246780648827553 -0.6177577376365662 36.834
      vertex -1.4246780648827553 -0.6177577376365662 37.134
    endloop
  endfacet
  facet normal 0.9453161293057343 0.32615550842263014 0
    outer loop
      vertex -1.37370315939188 -0.7655013725161552 36.834
      vertex -1.4246780648827553 -0.6177577376365662 37.134
      vertex -1.37370315939188 -0.7655013725161552 37.134
    endloop
  endfacet
  facet normal 0.9599127533872538 0.2802989580510444 0
    outer loop
      vertex -1.3529080972075462 -0.8367162123322487 36.834
      vertex -1.37370315939188 -0.7655013725161552 36.834
      vertex -1.37370315939188 -0.7655013725161552 37.134
    endloop
  endfacet
  facet normal 0 0 1
    outer loop
      vertex -1.4882919415831566 -0.37491220235824585 36.834
      vertex -1.4099656655873472 -0.35265639861365167 36.834
      vertex -1.4914863482117653 -0.3552706018090248 36.834
    endloop
  endfacet
  facet normal 0.9661995625449682 0.25779527795891066 0
    outer loop
      vertex -1.478679783642292 -0.4203176349401474 36.834
      vertex -1.478679783642292 -0.4203176349401474 37.134
      vertex -1.435119777917862 -0.5835776403546333 36.834
    endloop
  endfacet
  facet normal 0.97421806421072 0.22560842928737684 0
    outer loop
      vertex -1.478679783642292 -0.4203176349401474 36.834
      vertex -1.4831693172454834 -0.4009310156106949 36.834
      vertex -1.4831693172454834 -0.4009310156106949 37.134
    endloop
  endfacet
  facet normal 0.97421806421072 0.22560842928737684 0
    outer loop
      vertex -1.478679783642292 -0.4203176349401474 36.834
      vertex -1.4831693172454834 -0.4009310156106949 37.134
      vertex -1.478679783642292 -0.4203176349401474 37.134
    endloop
  endfacet
  facet normal 0.9811646681417335 0.19317322275699075 0
    outer loop
      vertex -1.4831693172454834 -0.4009310156106949 36.834
      vertex -1.4882919415831566 -0.37491220235824585 36.834
      vertex -1.4882919415831566 -0.37491220235824585 37.134
    endloop
  endfacet
  facet normal 0.9870316705664897 0.1605256406270496 0
    outer loop
      vertex -1.4882919415831566 -0.37491220235824585 36.834
      vertex -1.4914863482117653 -0.3552706018090248 36.834
      vertex -1.4914863482117653 -0.3552706018090248 37.134
    endloop
  endfacet
  facet normal 0.9811646681417335 0.19317322275699075 0
    outer loop
      vertex -1.4831693172454834 -0.4009310156106949 36.834
      vertex -1.4882919415831566 -0.37491220235824585 37.134
      vertex -1.4831693172454834 -0.4009310156106949 37.134
    endloop
  endfacet
  facet normal 0.9870316705664897 0.1605256406270496 0
    outer loop
      vertex -1.4882919415831566 -0.37491220235824585 36.834
      vertex -1.4914863482117653 -0.3552706018090248 37.134
      vertex -1.4882919415831566 -0.37491220235824585 37.134
    endloop
  endfacet
  facet normal 0 0 1
    outer loop
      vertex -1.4321705624461174 -0.5938876569271088 36.834
      vertex -1.4279938787221909 -0.6075596958398819 36.834
      vertex -1.325098951498898 -0.5970615398389354 36.834
    endloop
  endfacet
  facet normal 0 0 1
    outer loop
      vertex -1.4246780648827553 -0.6177577376365662 36.834
      vertex -1.325098951498898 -0.5970615398389354 36.834
      vertex -1.4279938787221909 -0.6075596958398819 36.834
    endloop
  endfacet
  facet normal 0 0 1
    outer loop
      vertex -1.435119777917862 -0.5835776403546333 36.834
      vertex -1.4321705624461174 -0.5938876569271088 36.834
      vertex -1.325098951498898 -0.5970615398389354 36.834
    endloop
  endfacet
  facet normal 0 0 1
    outer loop
      vertex -1.478679783642292 -0.4203176349401474 36.834
      vertex -1.435119777917862 -0.5835776403546333 36.834
      vertex -1.3729814576947568 -0.4767511200245898 36.834
    endloop
  endfacet
  facet normal 0 0 1
    outer loop
      vertex -1.435119777917862 -0.5835776403546333 36.834
      vertex -1.3503807325704944 -0.5374398484674299 36.834
      vertex -1.3729814576947568 -0.4767511200245898 36.834
    endloop
  endfacet
  facet normal 0 0 1
    outer loop
      vertex -1.4246780648827553 -0.6177577376365662 36.834
      vertex -1.2971863091160918 -0.6554978207897351 36.834
      vertex -1.325098951498898 -0.5970615398389354 36.834
    endloop
  endfacet
  facet normal 0 0 1
    outer loop
      vertex -1.435119777917862 -0.5835776403546333 36.834
      vertex -1.325098951498898 -0.5970615398389354 36.834
      vertex -1.3503807325704944 -0.5374398484674299 36.834
    endloop
  endfacet
  facet normal 0.9509943068342844 0.309208389874497 0
    outer loop
      vertex -1.4246780648827553 -0.6177577376365662 36.834
      vertex -1.4279938787221909 -0.6075596958398819 36.834
      vertex -1.4279938787221909 -0.6075596958398819 37.134
    endloop
  endfacet
  facet normal 0.9563688449729955 0.2921619967843505 0
    outer loop
      vertex -1.4321705624461174 -0.5938876569271088 36.834
      vertex -1.4321705624461174 -0.5938876569271088 37.134
      vertex -1.4279938787221909 -0.6075596958398819 36.834
    endloop
  endfacet
  facet normal 0.9614377729685748 0.27502256036410355 0
    outer loop
      vertex -1.435119777917862 -0.5835776403546333 36.834
      vertex -1.435119777917862 -0.5835776403546333 37.134
      vertex -1.4321705624461174 -0.5938876569271088 36.834
    endloop
  endfacet
  facet normal 0.9509943068342844 0.309208389874497 0
    outer loop
      vertex -1.4246780648827553 -0.6177577376365662 36.834
      vertex -1.4279938787221909 -0.6075596958398819 37.134
      vertex -1.4246780648827553 -0.6177577376365662 37.134
    endloop
  endfacet
  facet normal 0.9614377729685748 0.27502256036410355 0
    outer loop
      vertex -1.4321705624461174 -0.5938876569271088 36.834
      vertex -1.435119777917862 -0.5835776403546333 37.134
      vertex -1.4321705624461174 -0.5938876569271088 37.134
    endloop
  endfacet
  facet normal 0.9563688449729955 0.2921619967843505 0
    outer loop
      vertex -1.4279938787221909 -0.6075596958398819 36.834
      vertex -1.4321705624461174 -0.5938876569271088 37.134
      vertex -1.4279938787221909 -0.6075596958398819 37.134
    endloop
  endfacet
  facet normal 0.9661995625449682 0.25779527795891066 0
    outer loop
      vertex -1.435119777917862 -0.5835776403546333 36.834
      vertex -1.478679783642292 -0.4203176349401474 37.134
      vertex -1.435119777917862 -0.5835776403546333 37.134
    endloop
  endfacet
  facet normal 0 0 1
    outer loop
      vertex -1.478679783642292 -0.4203176349401474 36.834
      vertex -1.3928562552239727 -0.41511584636312254 36.834
      vertex -1.4831693172454834 -0.4009310156106949 36.834
    endloop
  endfacet
  facet normal 0 0 1
    outer loop
      vertex -1.478679783642292 -0.4203176349401474 36.834
      vertex -1.3729814576947568 -0.4767511200245898 36.834
      vertex -1.3928562552239727 -0.41511584636312254 36.834
    endloop
  endfacet
  facet normal 0 0 1
    outer loop
      vertex -1.4831693172454834 -0.4009310156106949 36.834
      vertex -1.3928562552239727 -0.41511584636312254 36.834
      vertex -1.4882919415831566 -0.37491220235824585 36.834
    endloop
  endfacet
  facet normal 0 0 1
    outer loop
      vertex -1.4882919415831566 -0.37491220235824585 36.834
      vertex -1.3928562552239727 -0.41511584636312254 36.834
      vertex -1.4099656655873472 -0.35265639861365167 36.834
    endloop
  endfacet
  facet normal 0 0 1
    outer loop
      vertex -1.4914863482117653 -0.3552706018090248 36.834
      vertex -1.4099656655873472 -0.35265639861365167 36.834
      vertex -1.4242757196343245 -0.2894967842281617 36.834
    endloop
  endfacet
  facet normal 0 0 1
    outer loop
      vertex -1.4914863482117653 -0.3552706018090248 36.834
      vertex -1.4357580060771977 -0.22576240077468251 36.834
      vertex -1.513086348772049 -0.18751060217618942 36.834
    endloop
  endfacet
  facet normal 0 0 1
    outer loop
      vertex -1.513086348772049 -0.18751060217618942 36.834
      vertex -1.4357580060771977 -0.22576240077468251 36.834
      vertex -1.5150529220700264 -0.16633302718400955 36.834
    endloop
  endfacet
  facet normal 0 0 1
    outer loop
      vertex -1.5150529220700264 -0.16633302718400955 36.834
      vertex -1.4357580060771977 -0.22576240077468251 36.834
      vertex -1.444389727899085 -0.1615797869720275 36.834
    endloop
  endfacet
  facet normal 0.9918126847187816 0.12770120763298456 0
    outer loop
      vertex -1.4914863482117653 -0.3552706018090248 36.834
      vertex -1.513086348772049 -0.18751060217618942 37.134
      vertex -1.4914863482117653 -0.3552706018090248 37.134
    endloop
  endfacet
  facet normal 0.9918126847187816 0.12770120763298456 0
    outer loop
      vertex -1.4914863482117653 -0.3552706018090248 36.834
      vertex -1.513086348772049 -0.18751060217618942 36.834
      vertex -1.513086348772049 -0.18751060217618942 37.134
    endloop
  endfacet
  facet normal 0.9957160922286605 0.09246330989579347 0
    outer loop
      vertex -1.513086348772049 -0.18751060217618942 36.834
      vertex -1.5150529220700264 -0.16633302718400955 36.834
      vertex -1.5150529220700264 -0.16633302718400955 37.134
    endloop
  endfacet
  facet normal 0.9957160922286605 0.09246330989579347 0
    outer loop
      vertex -1.513086348772049 -0.18751060217618942 36.834
      vertex -1.5150529220700264 -0.16633302718400955 37.134
      vertex -1.513086348772049 -0.18751060217618942 37.134
    endloop
  endfacet
  facet normal 0 0 1
    outer loop
      vertex -1.5150529220700264 -0.16633302718400955 36.834
      vertex -1.444389727899085 -0.1615797869720275 36.834
      vertex -1.5166714265942574 -0.13803880661725998 36.834
    endloop
  endfacet
  facet normal 0 0 1
    outer loop
      vertex -1.5166714265942574 -0.13803880661725998 36.834
      vertex -1.444389727899085 -0.1615797869720275 36.834
      vertex -1.5171326026320457 -0.1167750433087349 36.834
    endloop
  endfacet
  facet normal 0 0 1
    outer loop
      vertex -1.5171326026320457 -0.1167750433087349 36.834
      vertex -1.444389727899085 -0.1615797869720275 36.834
      vertex -1.4501537476153 -0.09707637145887577 36.834
    endloop
  endfacet
  facet normal 0 0 1
    outer loop
      vertex -1.5171326026320457 -0.1167750433087349 36.834
      vertex -1.4501537476153 -0.09707637145887577 36.834
      vertex -1.4530386212982371 -0.0323802197960086 36.834
    endloop
  endfacet
  facet normal 0 0 1
    outer loop
      vertex -1.5171326026320457 -0.1167750433087349 36.834
      vertex -1.4530386212982371 -0.0323802197960086 36.834
      vertex -1.5147925987839699 0.05314495414495468 36.834
    endloop
  endfacet
  facet normal 0.9983679323370049 0.057109295925736055 0
    outer loop
      vertex -1.5150529220700264 -0.16633302718400955 36.834
      vertex -1.5166714265942574 -0.13803880661725998 36.834
      vertex -1.5166714265942574 -0.13803880661725998 37.134
    endloop
  endfacet
  facet normal 0.9997648905790286 0.021683255417554857 0
    outer loop
      vertex -1.5166714265942574 -0.13803880661725998 36.834
      vertex -1.5171326026320457 -0.1167750433087349 36.834
      vertex -1.5171326026320457 -0.1167750433087349 37.134
    endloop
  endfacet
  facet normal 0.9983679323370049 0.057109295925736055 0
    outer loop
      vertex -1.5150529220700264 -0.16633302718400955 36.834
      vertex -1.5166714265942574 -0.13803880661725998 37.134
      vertex -1.5150529220700264 -0.16633302718400955 37.134
    endloop
  endfacet
  facet normal 0.9997648905790286 0.021683255417554857 0
    outer loop
      vertex -1.5166714265942574 -0.13803880661725998 36.834
      vertex -1.5171326026320457 -0.1167750433087349 37.134
      vertex -1.5166714265942574 -0.13803880661725998 37.134
    endloop
  endfacet
  facet normal 0.9999051903822982 -0.013769903650353455 0
    outer loop
      vertex -1.5171326026320457 -0.1167750433087349 36.834
      vertex -1.5147925987839699 0.05314495414495468 36.834
      vertex -1.5147925987839699 0.05314495414495468 37.134
    endloop
  endfacet
  facet normal 0.9999051903822982 -0.013769903650353455 0
    outer loop
      vertex -1.5171326026320457 -0.1167750433087349 36.834
      vertex -1.5147925987839699 0.05314495414495468 37.134
      vertex -1.5171326026320457 -0.1167750433087349 37.134
    endloop
  endfacet
  facet normal 0 0 1
    outer loop
      vertex -1.4914863482117653 -0.3552706018090248 36.834
      vertex -1.4242757196343245 -0.2894967842281617 36.834
      vertex -1.4357580060771977 -0.22576240077468251 36.834
    endloop
  endfacet
  facet normal 0 0 1
    outer loop
      vertex -1.2292566895484924 -1.127563402056694 36.834
      vertex -1.228000983595848 -1.1264484599232674 36.834
      vertex -1.4293817207217216 -0.9040684998035431 36.834
    endloop
  endfacet
  facet normal 0 0 1
    outer loop
      vertex -1.228000983595848 -1.1264484599232674 36.834
      vertex -1.1215862780809402 -1.0327589809894562 36.834
      vertex -1.4293817207217216 -0.9040684998035431 36.834
    endloop
  endfacet
  facet normal 0 0 1
    outer loop
      vertex -1.1215862780809402 -1.0327589809894562 36.834
      vertex -1.0771030023641852 -0.9757784330419194 36.834
      vertex -1.0779166992557316 -0.9749181007058731 36.834
    endloop
  endfacet
  facet normal 0 0 1
    outer loop
      vertex -1.3529080972075462 -0.8367162123322487 36.834
      vertex -1.160411454404094 -0.8751085476134349 36.834
      vertex -1.1982428401203358 -0.8225471474138565 36.834
    endloop
  endfacet
  facet normal 0 0 1
    outer loop
      vertex -1.1215862780809402 -1.0327589809894562 36.834
      vertex -1.0779166992557316 -0.9749181007058731 36.834
      vertex -1.3529080972075462 -0.8367162123322487 36.834
    endloop
  endfacet
  facet normal 0 0 1
    outer loop
      vertex -1.3529080972075462 -0.8367162123322487 36.834
      vertex -1.0779166992557316 -0.9749181007058731 36.834
      vertex -1.120276179157925 -0.9259325007956255 36.834
    endloop
  endfacet
  facet normal 0 0 1
    outer loop
      vertex -1.3529080972075462 -0.8367162123322487 36.834
      vertex -1.120276179157925 -0.9259325007956255 36.834
      vertex -1.160411454404094 -0.8751085476134349 36.834
    endloop
  endfacet
  facet normal 0 0 1
    outer loop
      vertex -1.3529080972075462 -0.8367162123322487 36.834
      vertex -1.1982428401203358 -0.8225471474138565 36.834
      vertex -1.2336952255921487 -0.7683526559916722 36.834
    endloop
  endfacet
  facet normal 0 0 1
    outer loop
      vertex -1.37370315939188 -0.7655013725161552 36.834
      vertex -1.2336952255921487 -0.7683526559916722 36.834
      vertex -1.2666982233898088 -0.7126326714931203 36.834
    endloop
  endfacet
  facet normal 0 0 1
    outer loop
      vertex -1.4530386212982371 -0.0323802197960086 36.834
      vertex -1.4530386212982376 0.03238021979600861 36.834
      vertex -1.5147925987839699 0.05314495414495468 36.834
    endloop
  endfacet
  facet normal 0 0 1
    outer loop
      vertex -1.5147925987839699 0.05314495414495468 36.834
      vertex -1.4530386212982376 0.03238021979600861 36.834
      vertex -1.5138597339391708 0.07301108539104462 36.834
    endloop
  endfacet
  facet normal 0 0 1
    outer loop
      vertex -1.5138597339391708 0.07301108539104462 36.834
      vertex -1.4530386212982376 0.03238021979600861 36.834
      vertex -1.511739768087864 0.0994289293885231 36.834
    endloop
  endfacet
  facet normal 0 0 1
    outer loop
      vertex -1.511739768087864 0.0994289293885231 36.834
      vertex -1.4530386212982376 0.03238021979600861 36.834
      vertex -1.450153747615299 0.09707637145887571 36.834
    endloop
  endfacet
  facet normal 0 0 1
    outer loop
      vertex -1.511739768087864 0.0994289293885231 36.834
      vertex -1.450153747615299 0.09707637145887571 36.834
      vertex -1.509492687880993 0.11918955296278 36.834
    endloop
  endfacet
  facet normal 0 0 1
    outer loop
      vertex -1.509492687880993 0.11918955296278 36.834
      vertex -1.450153747615299 0.09707637145887571 36.834
      vertex -1.4443897278990858 0.16157978697202757 36.834
    endloop
  endfacet
  facet normal 0.9988993141988582 -0.04690586416484045 0
    outer loop
      vertex -1.5147925987839699 0.05314495414495468 36.834
      vertex -1.5138597339391708 0.07301108539104462 36.834
      vertex -1.5138597339391708 0.07301108539104462 37.134
    endloop
  endfacet
  facet normal 0.9988993141988582 -0.04690586416484045 0
    outer loop
      vertex -1.5147925987839699 0.05314495414495468 36.834
      vertex -1.5138597339391708 0.07301108539104462 37.134
      vertex -1.5147925987839699 0.05314495414495468 37.134
    endloop
  endfacet
  facet normal 0.9967956376062217 -0.07999035472609309 0
    outer loop
      vertex -1.5138597339391708 0.07301108539104462 36.834
      vertex -1.511739768087864 0.0994289293885231 36.834
      vertex -1.511739768087864 0.0994289293885231 37.134
    endloop
  endfacet
  facet normal 0.9935964811938715 -0.11298686896784407 0
    outer loop
      vertex -1.511739768087864 0.0994289293885231 36.834
      vertex -1.509492687880993 0.11918955296278 36.834
      vertex -1.509492687880993 0.11918955296278 37.134
    endloop
  endfacet
  facet normal 0.9967956376062217 -0.07999035472609309 0
    outer loop
      vertex -1.5138597339391708 0.07301108539104462 36.834
      vertex -1.511739768087864 0.0994289293885231 37.134
      vertex -1.5138597339391708 0.07301108539104462 37.134
    endloop
  endfacet
  facet normal 0.9935964811938715 -0.11298686896784407 0
    outer loop
      vertex -1.511739768087864 0.0994289293885231 36.834
      vertex -1.509492687880993 0.11918955296278 37.134
      vertex -1.511739768087864 0.0994289293885231 37.134
    endloop
  endfacet
  facet normal 0 0 1
    outer loop
      vertex -1.509492687880993 0.11918955296278 36.834
      vertex -1.4443897278990858 0.16157978697202757 36.834
      vertex -1.484652690589428 0.2876695543527603 36.834
    endloop
  endfacet
  facet normal 0 0 1
    outer loop
      vertex -1.484652690589428 0.2876695543527603 36.834
      vertex -1.4357580060771982 0.2257624007746826 36.834
      vertex -1.481364168226719 0.3060080111026764 36.834
    endloop
  endfacet
  facet normal 0.9893053727280895 -0.14585910835918267 0
    outer loop
      vertex -1.509492687880993 0.11918955296278 36.834
      vertex -1.484652690589428 0.2876695543527603 36.834
      vertex -1.484652690589428 0.2876695543527603 37.134
    endloop
  endfacet
  facet normal 0.9893053727280895 -0.14585910835918267 0
    outer loop
      vertex -1.509492687880993 0.11918955296278 36.834
      vertex -1.484652690589428 0.2876695543527603 37.134
      vertex -1.509492687880993 0.11918955296278 37.134
    endloop
  endfacet
  facet normal 0.9842991522046433 -0.17650829716820837 0
    outer loop
      vertex -1.484652690589428 0.2876695543527603 36.834
      vertex -1.481364168226719 0.3060080111026764 36.834
      vertex -1.481364168226719 0.3060080111026764 37.134
    endloop
  endfacet
  facet normal 0.9783436339054864 -0.20698727979421258 0
    outer loop
      vertex -1.481364168226719 0.3060080111026764 36.834
      vertex -1.4762248247861862 0.33029957115650177 36.834
      vertex -1.4762248247861862 0.33029957115650177 37.134
    endloop
  endfacet
  facet normal 0.9842991522046433 -0.17650829716820837 0
    outer loop
      vertex -1.484652690589428 0.2876695543527603 36.834
      vertex -1.481364168226719 0.3060080111026764 37.134
      vertex -1.484652690589428 0.2876695543527603 37.134
    endloop
  endfacet
  facet normal 0.9783436339054864 -0.20698727979421258 0
    outer loop
      vertex -1.481364168226719 0.3060080111026764 36.834
      vertex -1.4762248247861862 0.33029957115650177 37.134
      vertex -1.481364168226719 0.3060080111026764 37.134
    endloop
  endfacet
  facet normal 0 0 1
    outer loop
      vertex -1.484652690589428 0.2876695543527603 36.834
      vertex -1.4443897278990858 0.16157978697202757 36.834
      vertex -1.4357580060771982 0.2257624007746826 36.834
    endloop
  endfacet
  facet normal 0 0 1
    outer loop
      vertex -1.481364168226719 0.3060080111026764 36.834
      vertex -1.4357580060771982 0.2257624007746826 36.834
      vertex -1.424275719634324 0.28949678422816166 36.834
    endloop
  endfacet
  facet normal 0 0 1
    outer loop
      vertex -1.481364168226719 0.3060080111026764 36.834
      vertex -1.424275719634324 0.28949678422816166 36.834
      vertex -1.4762248247861862 0.33029957115650177 36.834
    endloop
  endfacet
  facet normal 0 0 1
    outer loop
      vertex -1.4762248247861862 0.33029957115650177 36.834
      vertex -1.424275719634324 0.28949678422816166 36.834
      vertex -1.4718043357133865 0.34839846193790436 36.834
    endloop
  endfacet
  facet normal 0.9714446015304512 -0.23726648764067595 0
    outer loop
      vertex -1.4762248247861862 0.33029957115650177 36.834
      vertex -1.4718043357133865 0.34839846193790436 36.834
      vertex -1.4718043357133865 0.34839846193790436 37.134
    endloop
  endfacet
  facet normal 0.9714446015304512 -0.23726648764067595 0
    outer loop
      vertex -1.4762248247861862 0.33029957115650177 36.834
      vertex -1.4718043357133865 0.34839846193790436 37.134
      vertex -1.4762248247861862 0.33029957115650177 37.134
    endloop
  endfacet
  facet normal 0 0 1
    outer loop
      vertex -1.4718043357133865 0.34839846193790436 36.834
      vertex -1.424275719634324 0.28949678422816166 36.834
      vertex -1.4099656655873465 0.3526563986136515 36.834
    endloop
  endfacet
  facet normal 0 0 1
    outer loop
      vertex -1.4718043357133865 0.34839846193790436 36.834
      vertex -1.4099656655873465 0.3526563986136515 36.834
      vertex -1.4262643307447433 0.5125584602355957 36.834
    endloop
  endfacet
  facet normal 0 0 1
    outer loop
      vertex -1.4099656655873465 0.3526563986136515 36.834
      vertex -1.3928562552239725 0.4151158463631225 36.834
      vertex -1.4262643307447433 0.5125584602355957 36.834
    endloop
  endfacet
  facet normal 0 0 1
    outer loop
      vertex -1.3928562552239725 0.4151158463631225 36.834
      vertex -1.372981457694757 0.47675112002458986 36.834
      vertex -1.4262643307447433 0.5125584602355957 36.834
    endloop
  endfacet
  facet normal 0.9636086701486298 -0.2673169108275594 0
    outer loop
      vertex -1.4718043357133865 0.34839846193790436 36.834
      vertex -1.4262643307447433 0.5125584602355957 37.134
      vertex -1.4718043357133865 0.34839846193790436 37.134
    endloop
  endfacet
  facet normal 0.9636086701486298 -0.2673169108275594 0
    outer loop
      vertex -1.4718043357133865 0.34839846193790436 36.834
      vertex -1.4262643307447433 0.5125584602355957 36.834
      vertex -1.4262643307447433 0.5125584602355957 37.134
    endloop
  endfacet
  facet normal 0 0 1
    outer loop
      vertex -1.372981457694757 0.47675112002458986 36.834
      vertex -1.4208310022950172 0.5300521180033684 36.834
      vertex -1.4262643307447433 0.5125584602355957 36.834
    endloop
  endfacet
  facet normal 0 0 1
    outer loop
      vertex -1.372981457694757 0.47675112002458986 36.834
      vertex -1.3503807325704944 0.5374398484674299 36.834
      vertex -1.4208310022950172 0.5300521180033684 36.834
    endloop
  endfacet
  facet normal 0 0 1
    outer loop
      vertex -1.4208310022950172 0.5300521180033684 36.834
      vertex -1.3503807325704944 0.5374398484674299 36.834
      vertex -1.412881538271904 0.5531342029571533 36.834
    endloop
  endfacet
  facet normal 0 0 1
    outer loop
      vertex -1.412881538271904 0.5531342029571533 36.834
      vertex -1.3503807325704944 0.5374398484674299 36.834
      vertex -1.40639066696167 0.5702636688947678 36.834
    endloop
  endfacet
  facet normal 0 0 1
    outer loop
      vertex -1.40639066696167 0.5702636688947678 36.834
      vertex -1.3503807325704944 0.5374398484674299 36.834
      vertex -1.3250989514988978 0.5970615398389353 36.834
    endloop
  endfacet
  facet normal 0 0 1
    outer loop
      vertex -1.40639066696167 0.5702636688947678 36.834
      vertex -1.3250989514988978 0.5970615398389353 36.834
      vertex -1.3415906727313995 0.7266836687922478 36.834
    endloop
  endfacet
  facet normal 0.9549982459018306 -0.29661144671847506 0
    outer loop
      vertex -1.4262643307447433 0.5125584602355957 36.834
      vertex -1.4208310022950172 0.5300521180033684 36.834
      vertex -1.4208310022950172 0.5300521180033684 37.134
    endloop
  endfacet
  facet normal 0.9454975813466976 -0.32562911980893994 0
    outer loop
      vertex -1.4208310022950172 0.5300521180033684 36.834
      vertex -1.412881538271904 0.5531342029571533 36.834
      vertex -1.412881538271904 0.5531342029571533 37.134
    endloop
  endfacet
  facet normal 0.9351153635305712 -0.35434341660187185 0
    outer loop
      vertex -1.412881538271904 0.5531342029571533 36.834
      vertex -1.40639066696167 0.5702636688947678 36.834
      vertex -1.40639066696167 0.5702636688947678 37.134
    endloop
  endfacet
  facet normal 0.9549982459018306 -0.29661144671847506 0
    outer loop
      vertex -1.4262643307447433 0.5125584602355957 36.834
      vertex -1.4208310022950172 0.5300521180033684 37.134
      vertex -1.4262643307447433 0.5125584602355957 37.134
    endloop
  endfacet
  facet normal 0.9454975813466976 -0.32562911980893994 0
    outer loop
      vertex -1.4208310022950172 0.5300521180033684 36.834
      vertex -1.412881538271904 0.5531342029571533 37.134
      vertex -1.4208310022950172 0.5300521180033684 37.134
    endloop
  endfacet
  facet normal 0.9351153635305712 -0.35434341660187185 0
    outer loop
      vertex -1.412881538271904 0.5531342029571533 36.834
      vertex -1.40639066696167 0.5702636688947678 37.134
      vertex -1.412881538271904 0.5531342029571533 37.134
    endloop
  endfacet
  facet normal 0.9238613457627678 -0.38272733610941306 0
    outer loop
      vertex -1.40639066696167 0.5702636688947678 36.834
      vertex -1.3415906727313995 0.7266836687922478 37.134
      vertex -1.40639066696167 0.5702636688947678 37.134
    endloop
  endfacet
  facet normal 0 0 1
    outer loop
      vertex -1.3415906727313995 0.7266836687922478 36.834
      vertex -1.3250989514988978 0.5970615398389353 36.834
      vertex -1.2971863091160911 0.6554978207897347 36.834
    endloop
  endfacet
  facet normal 0 0 1
    outer loop
      vertex -1.3415906727313995 0.7266836687922478 36.834
      vertex -1.2971863091160911 0.6554978207897347 36.834
      vertex -1.2666982233898083 0.7126326714931199 36.834
    endloop
  endfacet
  facet normal 0 0 1
    outer loop
      vertex -1.3415906727313995 0.7266836687922478 36.834
      vertex -1.2666982233898083 0.7126326714931199 36.834
      vertex -1.333343006670475 0.744858019053936 36.834
    endloop
  endfacet
  facet normal 0 0 1
    outer loop
      vertex -1.2666982233898083 0.7126326714931199 36.834
      vertex -1.3215526640415192 0.7686980739235878 36.834
      vertex -1.333343006670475 0.744858019053936 36.834
    endloop
  endfacet
  facet normal 0.9238613457627678 -0.38272733610941306 0
    outer loop
      vertex -1.40639066696167 0.5702636688947678 36.834
      vertex -1.3415906727313995 0.7266836687922478 36.834
      vertex -1.3415906727313995 0.7266836687922478 37.134
    endloop
  endfacet
  facet normal 0.9106192751065693 -0.4132463379201153 0
    outer loop
      vertex -1.3415906727313995 0.7266836687922478 36.834
      vertex -1.333343006670475 0.744858019053936 36.834
      vertex -1.333343006670475 0.744858019053936 37.134
    endloop
  endfacet
  facet normal 0.8963691072110767 -0.4433084971412319 0
    outer loop
      vertex -1.333343006670475 0.744858019053936 36.834
      vertex -1.3215526640415192 0.7686980739235878 36.834
      vertex -1.3215526640415192 0.7686980739235878 37.134
    endloop
  endfacet
  facet normal 0.8811269139704407 -0.4728798594536752 0
    outer loop
      vertex -1.3215526640415192 0.7686980739235878 36.834
      vertex -1.3121148198843002 0.7862838059663773 36.834
      vertex -1.3121148198843002 0.7862838059663773 37.134
    endloop
  endfacet
  facet normal 0.9106192751065693 -0.4132463379201153 0
    outer loop
      vertex -1.3415906727313995 0.7266836687922478 36.834
      vertex -1.333343006670475 0.744858019053936 37.134
      vertex -1.3415906727313995 0.7266836687922478 37.134
    endloop
  endfacet
  facet normal 0.8963691072110767 -0.4433084971412319 0
    outer loop
      vertex -1.333343006670475 0.744858019053936 36.834
      vertex -1.3215526640415192 0.7686980739235878 37.134
      vertex -1.333343006670475 0.744858019053936 37.134
    endloop
  endfacet
  facet normal 0.8811269139704407 -0.4728798594536752 0
    outer loop
      vertex -1.3215526640415192 0.7686980739235878 36.834
      vertex -1.3121148198843002 0.7862838059663773 37.134
      vertex -1.3215526640415192 0.7686980739235878 37.134
    endloop
  endfacet
  facet normal 0 0 1
    outer loop
      vertex -1.2666982233898083 0.7126326714931199 36.834
      vertex -1.2336952255921485 0.768352655991672 36.834
      vertex -1.3215526640415192 0.7686980739235878 36.834
    endloop
  endfacet
  facet normal 0 0 1
    outer loop
      vertex -1.3215526640415192 0.7686980739235878 36.834
      vertex -1.2336952255921485 0.768352655991672 36.834
      vertex -1.3121148198843002 0.7862838059663773 36.834
    endloop
  endfacet
  facet normal 0 0 1
    outer loop
      vertex -1.3121148198843002 0.7862838059663773 36.834
      vertex -1.2336952255921485 0.768352655991672 36.834
      vertex -1.2282348200678825 0.9308238103985786 36.834
    endloop
  endfacet
  facet normal 0 0 1
    outer loop
      vertex -1.2336952255921485 0.768352655991672 36.834
      vertex -1.1982428401203356 0.8225471474138563 36.834
      vertex -1.2282348200678825 0.9308238103985786 36.834
    endloop
  endfacet
  facet normal 0 0 1
    outer loop
      vertex -1.2282348200678825 0.9308238103985786 36.834
      vertex -1.1982428401203356 0.8225471474138563 36.834
      vertex -1.1604114544040938 0.8751085476134348 36.834
    endloop
  endfacet
  facet normal 0 0 1
    outer loop
      vertex -1.2282348200678825 0.9308238103985786 36.834
      vertex -1.1202761791579248 0.9259325007956252 36.834
      vertex -1.2158237844705582 0.9504231885075569 36.834
    endloop
  endfacet
  facet normal 0 0 1
    outer loop
      vertex -1.2158237844705582 0.9504231885075569 36.834
      vertex -1.1202761791579248 0.9259325007956252 36.834
      vertex -1.1982908323407173 0.9758773148059845 36.834
    endloop
  endfacet
  facet normal 0 0 1
    outer loop
      vertex -1.2282348200678825 0.9308238103985786 36.834
      vertex -1.1604114544040938 0.8751085476134348 36.834
      vertex -1.1202761791579248 0.9259325007956252 36.834
    endloop
  endfacet
  facet normal 0 0 1
    outer loop
      vertex -1.1202761791579248 0.9259325007956252 36.834
      vertex -1.1844024285674095 0.9944591298699379 36.834
      vertex -1.1982908323407173 0.9758773148059845 36.834
    endloop
  endfacet
  facet normal 0.8649096308072043 -0.501927614837982 0
    outer loop
      vertex -1.3121148198843002 0.7862838059663773 36.834
      vertex -1.2282348200678825 0.9308238103985786 36.834
      vertex -1.2282348200678825 0.9308238103985786 37.134
    endloop
  endfacet
  facet normal 0.8649096308072043 -0.501927614837982 0
    outer loop
      vertex -1.3121148198843002 0.7862838059663773 36.834
      vertex -1.2282348200678825 0.9308238103985786 37.134
      vertex -1.3121148198843002 0.7862838059663773 37.134
    endloop
  endfacet
  facet normal 0.8448561704506526 -0.5349935058030684 0
    outer loop
      vertex -1.2282348200678825 0.9308238103985786 36.834
      vertex -1.2158237844705582 0.9504231885075569 36.834
      vertex -1.2158237844705582 0.9504231885075569 37.134
    endloop
  endfacet
  facet normal 0.8448561704506526 -0.5349935058030684 0
    outer loop
      vertex -1.2282348200678825 0.9308238103985786 36.834
      vertex -1.2158237844705582 0.9504231885075569 37.134
      vertex -1.2282348200678825 0.9308238103985786 37.134
    endloop
  endfacet
  facet normal 0.8235395326481116 -0.567258881081407 0
    outer loop
      vertex -1.2158237844705582 0.9504231885075569 36.834
      vertex -1.1982908323407173 0.9758773148059845 36.834
      vertex -1.1982908323407173 0.9758773148059845 37.134
    endloop
  endfacet
  facet normal 0.8235395326481116 -0.567258881081407 0
    outer loop
      vertex -1.2158237844705582 0.9504231885075569 36.834
      vertex -1.1982908323407173 0.9758773148059845 37.134
      vertex -1.2158237844705582 0.9504231885075569 37.134
    endloop
  endfacet
  facet normal 0 0 1
    outer loop
      vertex -1.1202761791579248 0.9259325007956252 36.834
      vertex -1.0779166992557323 0.9749181007058738 36.834
      vertex -1.1844024285674095 0.9944591298699379 36.834
    endloop
  endfacet
  facet normal 0.8009911936513607 -0.5986761292159297 0
    outer loop
      vertex -1.1982908323407173 0.9758773148059845 36.834
      vertex -1.1844024285674095 0.9944591298699379 36.834
      vertex -1.1844024285674095 0.9944591298699379 37.134
    endloop
  endfacet
  facet normal 0.8009911936513607 -0.5986761292159297 0
    outer loop
      vertex -1.1982908323407173 0.9758773148059845 36.834
      vertex -1.1844024285674095 0.9944591298699379 37.134
      vertex -1.1982908323407173 0.9758773148059845 37.134
    endloop
  endfacet
  facet normal 0.7772448507706174 -0.6291982532958595 0
    outer loop
      vertex -1.1844024285674095 0.9944591298699379 36.834
      vertex -1.0803624242544174 1.1229791268706322 37.134
      vertex -1.1844024285674095 0.9944591298699379 37.134
    endloop
  endfacet
  facet normal 0 0 1
    outer loop
      vertex -1.0779166992557323 0.9749181007058738 36.834
      vertex -1.0803624242544174 1.1229791268706322 36.834
      vertex -1.1844024285674095 0.9944591298699379 36.834
    endloop
  endfacet
  facet normal 0 0 1
    outer loop
      vertex -1.0779166992557323 0.9749181007058738 36.834
      vertex -1.0334171155238805 1.0219680909698805 36.834
      vertex -1.0803624242544174 1.1229791268706322 36.834
    endloop
  endfacet
  facet normal 0 0 1
    outer loop
      vertex -1.0334171155238805 1.0219680909698805 36.834
      vertex -0.986865777766793 1.0669890581871324 36.834
      vertex -1.0803624242544174 1.1229791268706322 36.834
    endloop
  endfacet
  facet normal 0 0 1
    outer loop
      vertex -0.986865777766793 1.0669890581871324 36.834
      vertex -1.0647776275873184 1.140750952064991 36.834
      vertex -1.0803624242544174 1.1229791268706322 36.834
    endloop
  endfacet
  facet normal 0 0 1
    outer loop
      vertex -0.986865777766793 1.0669890581871324 36.834
      vertex -0.9383551093565892 1.1098916173945559 36.834
      vertex -1.0647776275873184 1.140750952064991 36.834
    endloop
  endfacet
  facet normal 0.7772448507706174 -0.6291982532958595 0
    outer loop
      vertex -1.1844024285674095 0.9944591298699379 36.834
      vertex -1.0803624242544174 1.1229791268706322 36.834
      vertex -1.0803624242544174 1.1229791268706322 37.134
    endloop
  endfacet
  facet normal 0.7518539787793149 -0.6593296554787397 0
    outer loop
      vertex -1.0803624242544174 1.1229791268706322 36.834
      vertex -1.0647776275873184 1.140750952064991 36.834
      vertex -1.0647776275873184 1.140750952064991 37.134
    endloop
  endfacet
  facet normal 0.7518539787793149 -0.6593296554787397 0
    outer loop
      vertex -1.0803624242544174 1.1229791268706322 36.834
      vertex -1.0647776275873184 1.140750952064991 37.134
      vertex -1.0803624242544174 1.1229791268706322 37.134
    endloop
  endfacet
  facet normal 0 0 1
    outer loop
      vertex -1.0647776275873184 1.140750952064991 36.834
      vertex -0.9383551093565892 1.1098916173945559 36.834
      vertex -1.0430973693728447 1.1635919362306595 36.834
    endloop
  endfacet
  facet normal 0 0 1
    outer loop
      vertex -1.0430973693728447 1.1635919362306595 36.834
      vertex -0.9383551093565892 1.1098916173945559 36.834
      vertex -1.0261617824435234 1.1800815910100937 36.834
    endloop
  endfacet
  facet normal 0.7252955087484044 -0.6884376696472914 0
    outer loop
      vertex -1.0647776275873184 1.140750952064991 36.834
      vertex -1.0430973693728447 1.1635919362306595 37.134
      vertex -1.0647776275873184 1.140750952064991 37.134
    endloop
  endfacet
  facet normal 0.7252955087484044 -0.6884376696472914 0
    outer loop
      vertex -1.0647776275873184 1.140750952064991 36.834
      vertex -1.0430973693728447 1.1635919362306595 36.834
      vertex -1.0430973693728447 1.1635919362306595 37.134
    endloop
  endfacet
  facet normal 0.6976110625716458 -0.7164766607347787 0
    outer loop
      vertex -1.0430973693728447 1.1635919362306595 36.834
      vertex -1.0261617824435234 1.1800815910100937 36.834
      vertex -1.0261617824435234 1.1800815910100937 37.134
    endloop
  endfacet
  facet normal 0.6976110625716458 -0.7164766607347787 0
    outer loop
      vertex -1.0430973693728447 1.1635919362306595 36.834
      vertex -1.0261617824435234 1.1800815910100937 37.134
      vertex -1.0430973693728447 1.1635919362306595 37.134
    endloop
  endfacet
  facet normal 0.668843564843481 -0.743403178475492 0
    outer loop
      vertex -1.0261617824435234 1.1800815910100937 36.834
      vertex -0.9041217863559723 1.2898815870285034 37.134
      vertex -1.0261617824435234 1.1800815910100937 37.134
    endloop
  endfacet
  facet normal 0 0 1
    outer loop
      vertex -1.0261617824435234 1.1800815910100937 36.834
      vertex -0.9383551093565892 1.1098916173945559 36.834
      vertex -0.8879814237350372 1.1505905895320956 36.834
    endloop
  endfacet
  facet normal 0 0 1
    outer loop
      vertex -1.0261617824435234 1.1800815910100937 36.834
      vertex -0.8879814237350372 1.1505905895320956 36.834
      vertex -0.9041217863559723 1.2898815870285034 36.834
    endloop
  endfacet
  facet normal 0 0 1
    outer loop
      vertex -0.8879814237350372 1.1505905895320956 36.834
      vertex -0.8358447331921279 1.1890051705578497 36.834
      vertex -0.9041217863559723 1.2898815870285034 36.834
    endloop
  endfacet
  facet normal 0 0 1
    outer loop
      vertex -0.9041217863559723 1.2898815870285034 36.834
      vertex -0.7820485503009332 1.2250590918770117 36.834
      vertex -0.8863541558384895 1.304669201374054 36.834
    endloop
  endfacet
  facet normal 0 0 1
    outer loop
      vertex -0.8358447331921279 1.1890051705578497 36.834
      vertex -0.7820485503009332 1.2250590918770117 36.834
      vertex -0.9041217863559723 1.2898815870285034 36.834
    endloop
  endfacet
  facet normal 0 0 1
    outer loop
      vertex -0.8863541558384895 1.304669201374054 36.834
      vertex -0.7820485503009332 1.2250590918770117 36.834
      vertex -0.8619400635361671 1.3234447315335274 36.834
    endloop
  endfacet
  facet normal 0.668843564843481 -0.743403178475492 0
    outer loop
      vertex -1.0261617824435234 1.1800815910100937 36.834
      vertex -0.9041217863559723 1.2898815870285034 36.834
      vertex -0.9041217863559723 1.2898815870285034 37.134
    endloop
  endfacet
  facet normal 0.639705726058987 -0.7686199217086065 0
    outer loop
      vertex -0.9041217863559723 1.2898815870285034 36.834
      vertex -0.8863541558384895 1.304669201374054 37.134
      vertex -0.9041217863559723 1.2898815870285034 37.134
    endloop
  endfacet
  facet normal 0.639705726058987 -0.7686199217086065 0
    outer loop
      vertex -0.9041217863559723 1.2898815870285034 36.834
      vertex -0.8863541558384895 1.304669201374054 36.834
      vertex -0.8863541558384895 1.304669201374054 37.134
    endloop
  endfacet
  facet normal 0 0 1
    outer loop
      vertex -0.8619400635361671 1.3234447315335274 36.834
      vertex -0.7820485503009332 1.2250590918770117 36.834
      vertex -0.7266996824029714 1.2586807717661135 36.834
    endloop
  endfacet
  facet normal 0 0 1
    outer loop
      vertex -0.8619400635361671 1.3234447315335274 36.834
      vertex -0.7266996824029714 1.2586807717661135 36.834
      vertex -0.6699080195521201 1.2898034574919066 36.834
    endloop
  endfacet
  facet normal 0.6096181299184099 -0.7926952350524007 0
    outer loop
      vertex -0.8863541558384895 1.304669201374054 36.834
      vertex -0.8619400635361671 1.3234447315335274 36.834
      vertex -0.8619400635361671 1.3234447315335274 37.134
    endloop
  endfacet
  facet normal 0.5786252545478128 -0.8155935352854871 0
    outer loop
      vertex -0.8619400635361671 1.3234447315335274 36.834
      vertex -0.8430865556001663 1.3368204087018967 36.834
      vertex -0.8430865556001663 1.3368204087018967 37.134
    endloop
  endfacet
  facet normal 0.6096181299184099 -0.7926952350524007 0
    outer loop
      vertex -0.8863541558384895 1.304669201374054 36.834
      vertex -0.8619400635361671 1.3234447315335274 37.134
      vertex -0.8863541558384895 1.304669201374054 37.134
    endloop
  endfacet
  facet normal 0.5786252545478128 -0.8155935352854871 0
    outer loop
      vertex -0.8619400635361671 1.3234447315335274 36.834
      vertex -0.8430865556001663 1.3368204087018967 37.134
      vertex -0.8619400635361671 1.3234447315335274 37.134
    endloop
  endfacet
  facet normal 0 0 1
    outer loop
      vertex -0.8619400635361671 1.3234447315335274 36.834
      vertex -0.6699080195521201 1.2898034574919066 36.834
      vertex -0.8430865556001663 1.3368204087018967 36.834
    endloop
  endfacet
  facet normal 0 0 1
    outer loop
      vertex -0.8430865556001663 1.3368204087018967 36.834
      vertex -0.6699080195521201 1.2898034574919066 36.834
      vertex -0.706646554172039 1.4259204119443893 36.834
    endloop
  endfacet
  facet normal 0 0 1
    outer loop
      vertex -0.6699080195521201 1.2898034574919066 36.834
      vertex -0.6117863163380827 1.3183653578427335 36.834
      vertex -0.706646554172039 1.4259204119443893 36.834
    endloop
  endfacet
  facet normal 0.5467731078547341 -0.837280818200725 0
    outer loop
      vertex -0.8430865556001663 1.3368204087018967 36.834
      vertex -0.706646554172039 1.4259204119443893 37.134
      vertex -0.8430865556001663 1.3368204087018967 37.134
    endloop
  endfacet
  facet normal 0.5467731078547341 -0.837280818200725 0
    outer loop
      vertex -0.8430865556001663 1.3368204087018967 36.834
      vertex -0.706646554172039 1.4259204119443893 36.834
      vertex -0.706646554172039 1.4259204119443893 37.134
    endloop
  endfacet
  facet normal 0.5096442739173354 -0.8603852126014673 0
    outer loop
      vertex -0.706646554172039 1.4259204119443893 36.834
      vertex -0.6840769201517105 1.4392894059419632 36.834
      vertex -0.6840769201517105 1.4392894059419632 37.134
    endloop
  endfacet
  facet normal 0.47154099322221 -0.8818441425280387 0
    outer loop
      vertex -0.6840769201517105 1.4392894059419632 36.834
      vertex -0.6532630324363708 1.4557662531733513 36.834
      vertex -0.6532630324363708 1.4557662531733513 37.134
    endloop
  endfacet
  facet normal 0.5096442739173354 -0.8603852126014673 0
    outer loop
      vertex -0.706646554172039 1.4259204119443893 36.834
      vertex -0.6840769201517105 1.4392894059419632 37.134
      vertex -0.706646554172039 1.4259204119443893 37.134
    endloop
  endfacet
  facet normal 0.47154099322221 -0.8818441425280387 0
    outer loop
      vertex -0.6840769201517105 1.4392894059419632 36.834
      vertex -0.6532630324363708 1.4557662531733513 37.134
      vertex -0.6840769201517105 1.4392894059419632 37.134
    endloop
  endfacet
  facet normal 0 0 1
    outer loop
      vertex -0.6117863163380827 1.3183653578427335 36.834
      vertex -0.5524499680225902 1.3443097658092646 36.834
      vertex -0.706646554172039 1.4259204119443893 36.834
    endloop
  endfacet
  facet normal 0 0 1
    outer loop
      vertex -0.706646554172039 1.4259204119443893 36.834
      vertex -0.5524499680225902 1.3443097658092646 36.834
      vertex -0.6840769201517105 1.4392894059419632 36.834
    endloop
  endfacet
  facet normal 0 0 1
    outer loop
      vertex -0.6840769201517105 1.4392894059419632 36.834
      vertex -0.4920167814327893 1.3675851711710092 36.834
      vertex -0.6532630324363708 1.4557662531733513 36.834
    endloop
  endfacet
  facet normal 0 0 1
    outer loop
      vertex -0.6840769201517105 1.4392894059419632 36.834
      vertex -0.5524499680225902 1.3443097658092646 36.834
      vertex -0.4920167814327893 1.3675851711710092 36.834
    endloop
  endfacet
  facet normal 0 0 1
    outer loop
      vertex -0.6532630324363708 1.4557662531733513 36.834
      vertex -0.4920167814327893 1.3675851711710092 36.834
      vertex -0.6296118423342705 1.4671125262975693 36.834
    endloop
  endfacet
  facet normal 0 0 1
    outer loop
      vertex -0.4920167814327893 1.3675851711710092 36.834
      vertex -0.43060674106669217 1.3881453627650964 36.834
      vertex -0.6296118423342705 1.4671125262975693 36.834
    endloop
  endfacet
  facet normal 0 0 1
    outer loop
      vertex -0.6296118423342705 1.4671125262975693 36.834
      vertex -0.43060674106669217 1.3881453627650964 36.834
      vertex -0.48165184259414673 1.5302925258874893 36.834
    endloop
  endfacet
  facet normal 0.43253592302528915 -0.9016167008727496 0
    outer loop
      vertex -0.6532630324363708 1.4557662531733513 36.834
      vertex -0.6296118423342705 1.4671125262975693 37.134
      vertex -0.6532630324363708 1.4557662531733513 37.134
    endloop
  endfacet
  facet normal 0.43253592302528915 -0.9016167008727496 0
    outer loop
      vertex -0.6532630324363708 1.4557662531733513 36.834
      vertex -0.6296118423342705 1.4671125262975693 36.834
      vertex -0.6296118423342705 1.4671125262975693 37.134
    endloop
  endfacet
  facet normal 0.39270368928512017 -0.9196650544746473 0
    outer loop
      vertex -0.6296118423342705 1.4671125262975693 36.834
      vertex -0.48165184259414673 1.5302925258874893 37.134
      vertex -0.6296118423342705 1.4671125262975693 37.134
    endloop
  endfacet
  facet normal 0.39270368928512017 -0.9196650544746473 0
    outer loop
      vertex -0.6296118423342705 1.4671125262975693 36.834
      vertex -0.48165184259414673 1.5302925258874893 36.834
      vertex -0.48165184259414673 1.5302925258874893 37.134
    endloop
  endfacet
  facet normal 0 0 1
    outer loop
      vertex -0.43060674106669217 1.3881453627650964 36.834
      vertex -0.3683417708750628 1.4059495202342587 36.834
      vertex -0.48165184259414673 1.5302925258874893 36.834
    endloop
  endfacet
  facet normal 0 0 1
    outer loop
      vertex -0.3683417708750628 1.4059495202342587 36.834
      vertex -0.30534549219269613 1.4209622950718717 36.834
      vertex -0.48165184259414673 1.5302925258874893 36.834
    endloop
  endfacet
  facet normal 0 0 1
    outer loop
      vertex -0.30534549219269613 1.4209622950718717 36.834
      vertex -0.45394977927207947 1.5405404567718506 36.834
      vertex -0.48165184259414673 1.5302925258874893 36.834
    endloop
  endfacet
  facet normal 0 0 1
    outer loop
      vertex -0.24174297829970376 1.4331538808031425 36.834
      vertex -0.41643134504556656 1.552355170249939 36.834
      vertex -0.45394977927207947 1.5405404567718506 36.834
    endloop
  endfacet
  facet normal 0 0 1
    outer loop
      vertex -0.30534549219269613 1.4209622950718717 36.834
      vertex -0.24174297829970376 1.4331538808031425 36.834
      vertex -0.45394977927207947 1.5405404567718506 36.834
    endloop
  endfacet
  facet normal 0 0 1
    outer loop
      vertex -0.24174297829970376 1.4331538808031425 36.834
      vertex -0.38785575330257416 1.5598293095827103 36.834
      vertex -0.41643134504556656 1.552355170249939 36.834
    endloop
  endfacet
  facet normal 0.3469543093851928 -0.9378820326667123 0
    outer loop
      vertex -0.48165184259414673 1.5302925258874893 36.834
      vertex -0.45394977927207947 1.5405404567718506 36.834
      vertex -0.45394977927207947 1.5405404567718506 37.134
    endloop
  endfacet
  facet normal 0.3469543093851928 -0.9378820326667123 0
    outer loop
      vertex -0.48165184259414673 1.5302925258874893 36.834
      vertex -0.45394977927207947 1.5405404567718506 37.134
      vertex -0.48165184259414673 1.5302925258874893 37.134
    endloop
  endfacet
  facet normal 0.30036346648229434 -0.9538248203956214 0
    outer loop
      vertex -0.45394977927207947 1.5405404567718506 36.834
      vertex -0.41643134504556656 1.552355170249939 36.834
      vertex -0.41643134504556656 1.552355170249939 37.134
    endloop
  endfacet
  facet normal 0.30036346648229434 -0.9538248203956214 0
    outer loop
      vertex -0.45394977927207947 1.5405404567718506 36.834
      vertex -0.41643134504556656 1.552355170249939 37.134
      vertex -0.45394977927207947 1.5405404567718506 37.134
    endloop
  endfacet
  facet normal 0.25304431837372326 -0.9674546877961664 0
    outer loop
      vertex -0.41643134504556656 1.552355170249939 36.834
      vertex -0.38785575330257416 1.5598293095827103 37.134
      vertex -0.41643134504556656 1.552355170249939 37.134
    endloop
  endfacet
  facet normal 0.25304431837372326 -0.9674546877961664 0
    outer loop
      vertex -0.41643134504556656 1.552355170249939 36.834
      vertex -0.38785575330257416 1.5598293095827103 36.834
      vertex -0.38785575330257416 1.5598293095827103 37.134
    endloop
  endfacet
  facet normal 0.2051114993381765 -0.9787386131338874 0
    outer loop
      vertex -0.38785575330257416 1.5598293095827103 36.834
      vertex -0.2298157513141632 1.5929493084549904 37.134
      vertex -0.38785575330257416 1.5598293095827103 37.134
    endloop
  endfacet
  facet normal 0 0 1
    outer loop
      vertex -0.24174297829970376 1.4331538808031425 36.834
      vertex -0.2298157513141632 1.5929493084549904 36.834
      vertex -0.38785575330257416 1.5598293095827103 36.834
    endloop
  endfacet
  facet normal 0 0 1
    outer loop
      vertex -0.24174297829970376 1.4331538808031425 36.834
      vertex -0.1776605061000913 1.442500072163111 36.834
      vertex -0.2298157513141632 1.5929493084549904 36.834
    endloop
  endfacet
  facet normal 0 0 1
    outer loop
      vertex -0.1776605061000913 1.442500072163111 36.834
      vertex -0.11322530541065531 1.448982313153954 36.834
      vertex -0.2298157513141632 1.5929493084549904 36.834
    endloop
  endfacet
  facet normal 0.2051114993381765 -0.9787386131338874 0
    outer loop
      vertex -0.38785575330257416 1.5598293095827103 36.834
      vertex -0.2298157513141632 1.5929493084549904 36.834
      vertex -0.2298157513141632 1.5929493084549904 37.134
    endloop
  endfacet
  facet normal 0.16345149206751583 -0.9865513720739042 0
    outer loop
      vertex -0.2298157513141632 1.5929493084549904 36.834
      vertex -0.20473164319992065 1.597105234861374 36.834
      vertex -0.20473164319992065 1.597105234861374 37.134
    endloop
  endfacet
  facet normal 0.1214978108368408 -0.9925916995229485 0
    outer loop
      vertex -0.20473164319992065 1.597105234861374 36.834
      vertex -0.17111168056726456 1.6012204736471176 36.834
      vertex -0.17111168056726456 1.6012204736471176 37.134
    endloop
  endfacet
  facet normal 0.16345149206751583 -0.9865513720739042 0
    outer loop
      vertex -0.2298157513141632 1.5929493084549904 36.834
      vertex -0.20473164319992065 1.597105234861374 37.134
      vertex -0.2298157513141632 1.5929493084549904 37.134
    endloop
  endfacet
  facet normal 0.1214978108368408 -0.9925916995229485 0
    outer loop
      vertex -0.20473164319992065 1.597105234861374 36.834
      vertex -0.17111168056726456 1.6012204736471176 37.134
      vertex -0.20473164319992065 1.597105234861374 37.134
    endloop
  endfacet
  facet normal 0.07932596977122554 -0.9968487300086482 0
    outer loop
      vertex -0.17111168056726456 1.6012204736471176 36.834
      vertex -0.14576584100723267 1.6032374128699303 37.134
      vertex -0.17111168056726456 1.6012204736471176 37.134
    endloop
  endfacet
  facet normal 0 0 1
    outer loop
      vertex -0.11322530541065531 1.448982313153954 36.834
      vertex -0.04856530635795944 1.4525877338862105 36.834
      vertex -0.2298157513141632 1.5929493084549904 36.834
    endloop
  endfacet
  facet normal 0 0 1
    outer loop
      vertex -0.04856530635795944 1.4525877338862105 36.834
      vertex -0.20473164319992065 1.597105234861374 36.834
      vertex -0.2298157513141632 1.5929493084549904 36.834
    endloop
  endfacet
  facet normal 0 0 1
    outer loop
      vertex -0.20473164319992065 1.597105234861374 36.834
      vertex 0.016191114615091966 1.4533091761307506 36.834
      vertex -0.17111168056726456 1.6012204736471176 36.834
    endloop
  endfacet
  facet normal 0 0 1
    outer loop
      vertex -0.04856530635795944 1.4525877338862105 36.834
      vertex 0.016191114615091966 1.4533091761307506 36.834
      vertex -0.20473164319992065 1.597105234861374 36.834
    endloop
  endfacet
  facet normal 0 0 1
    outer loop
      vertex -0.17111168056726456 1.6012204736471176 36.834
      vertex 0.016191114615091966 1.4533091761307506 36.834
      vertex 0.08091538962879562 1.451145207530777 36.834
    endloop
  endfacet
  facet normal 0 0 1
    outer loop
      vertex -0.17111168056726456 1.6012204736471176 36.834
      vertex 0.08091538962879562 1.451145207530777 36.834
      vertex -0.14576584100723267 1.6032374128699303 36.834
    endloop
  endfacet
  facet normal 0 0 1
    outer loop
      vertex -0.14576584100723267 1.6032374128699303 36.834
      vertex 0.08091538962879562 1.451145207530777 36.834
      vertex 0.019474156200885773 1.6093574166297913 36.834
    endloop
  endfacet
  facet normal 0.07932596977122554 -0.9968487300086482 0
    outer loop
      vertex -0.17111168056726456 1.6012204736471176 36.834
      vertex -0.14576584100723267 1.6032374128699303 36.834
      vertex -0.14576584100723267 1.6032374128699303 37.134
    endloop
  endfacet
  facet normal 0.037011683841571004 -0.9993148329026301 0
    outer loop
      vertex -0.14576584100723267 1.6032374128699303 36.834
      vertex 0.019474156200885773 1.6093574166297913 37.134
      vertex -0.14576584100723267 1.6032374128699303 37.134
    endloop
  endfacet
  facet normal 0.037011683841571004 -0.9993148329026301 0
    outer loop
      vertex -0.14576584100723267 1.6032374128699303 36.834
      vertex 0.019474156200885773 1.6093574166297913 36.834
      vertex 0.019474156200885773 1.6093574166297913 37.134
    endloop
  endfacet
  facet normal 0 0 1
    outer loop
      vertex 0.4322501868009567 -2.1291960179805756 36.834
      vertex 0.3451865951488882 -2.2279321671575123 36.834
      vertex 0.3915655579066321 -2.2206786297443477 36.834
    endloop
  endfacet
  facet normal 0 0 1
    outer loop
      vertex 0.4322501868009567 -2.1291960179805756 36.834
      vertex 0.3915655579066321 -2.2206786297443477 36.834
      vertex 0.47737872031979506 -2.203825474062727 36.834
    endloop
  endfacet
  facet normal 0 0 1
    outer loop
      vertex 0.4322501868009567 -2.1291960179805756 36.834
      vertex 0.47737872031979506 -2.203825474062727 36.834
      vertex 0.43504370748996735 -2.1259588599205017 36.834
    endloop
  endfacet
  facet normal 0 0 1
    outer loop
      vertex 0.43504370748996735 -2.1259588599205017 36.834
      vertex 0.47737872031979506 -2.203825474062727 36.834
      vertex 0.5624738597906572 -2.1836575555233395 36.834
    endloop
  endfacet
  facet normal 0 0 1
    outer loop
      vertex 0.43504370748996735 -2.1259588599205017 36.834
      vertex 0.5624738597906572 -2.1836575555233395 36.834
      vertex 0.6467229851461362 -2.1602052085914525 36.834
    endloop
  endfacet
  facet normal 0 0 1
    outer loop
      vertex 0.43504370748996735 -2.1259588599205017 36.834
      vertex 0.6467229851461362 -2.1602052085914525 36.834
      vertex 0.546463705599308 -1.9940188601613045 36.834
    endloop
  endfacet
  facet normal 0 0 1
    outer loop
      vertex 0.546463705599308 -1.9940188601613045 36.834
      vertex 0.6467229851461362 -2.1602052085914525 36.834
      vertex 0.7299993776987432 -2.1335037078246235 36.834
    endloop
  endfacet
  facet normal 0 0 1
    outer loop
      vertex 0.546463705599308 -1.9940188601613045 36.834
      vertex 0.7299993776987432 -2.1335037078246235 36.834
      vertex 0.555007591843605 -1.983161874115467 36.834
    endloop
  endfacet
  facet normal 0 0 1
    outer loop
      vertex 0.555007591843605 -1.983161874115467 36.834
      vertex 0.7299993776987432 -2.1335037078246235 36.834
      vertex 0.8121777818435243 -2.1035932148164247 36.834
    endloop
  endfacet
  facet normal 0 0 1
    outer loop
      vertex 0.555007591843605 -1.983161874115467 36.834
      vertex 0.8121777818435243 -2.1035932148164247 36.834
      vertex 0.8499738155772371 -2.0881518358826687 36.834
    endloop
  endfacet
  facet normal 0 0 1
    outer loop
      vertex 0.555007591843605 -1.983161874115467 36.834
      vertex 0.8499738155772371 -2.0881518358826687 36.834
      vertex 0.8985489755868912 -2.021834686398506 36.834
    endloop
  endfacet
  facet normal 0 0 1
    outer loop
      vertex 0.555007591843605 -1.983161874115467 36.834
      vertex 0.8985489755868912 -2.021834686398506 36.834
      vertex 0.9074450209736824 -2.009001664817333 36.834
    endloop
  endfacet
  facet normal 0 0 1
    outer loop
      vertex 0.555007591843605 -1.983161874115467 36.834
      vertex 0.9074450209736824 -2.009001664817333 36.834
      vertex 0.9188532158732414 -1.991593986749649 36.834
    endloop
  endfacet
  facet normal -0.8067379486847138 0.5909093688138479 1.9266661130516398e-16
    outer loop
      vertex 0.8985489755868912 -2.021834686398506 36.834
      vertex 0.8499738155772371 -2.0881518358826687 36.834
      vertex 0.8819246144562056 -2.044531065411221 36.98855567725722
    endloop
  endfacet
  facet normal -0.8067379486847144 0.5909093688138471 0
    outer loop
      vertex 0.8985489755868912 -2.021834686398506 36.834
      vertex 0.8819246144562056 -2.044531065411221 36.98855567725722
      vertex 0.8985489755868912 -2.021834686398506 37.063835007808265
    endloop
  endfacet
  facet normal -0.8218429962165079 0.5697140419279421 0
    outer loop
      vertex 0.8985489755868912 -2.021834686398506 36.834
      vertex 0.8985489755868912 -2.021834686398506 37.063835007808265
      vertex 0.9074450209736824 -2.009001664817333 36.834
    endloop
  endfacet
  facet normal -0.8363914260025558 0.5481326322245477 0
    outer loop
      vertex 0.9074450209736824 -2.009001664817333 36.834
      vertex 0.9074450209736824 -2.009001664817333 37.10753808377815
      vertex 0.9188532158732414 -1.991593986749649 36.834
    endloop
  endfacet
  facet normal -0.8503732319636989 0.526179975255248 0
    outer loop
      vertex 0.9188532158732414 -1.991593986749649 36.834
      vertex 0.9188532158732414 -1.991593986749649 37.134
      vertex 0.9270694628357887 -1.978315494954586 36.834
    endloop
  endfacet
  facet normal -0.8218429962165079 0.5697140419279421 0
    outer loop
      vertex 0.9074450209736824 -2.009001664817333 36.834
      vertex 0.8985489755868912 -2.021834686398506 37.063835007808265
      vertex 0.9074450209736824 -2.009001664817333 37.10753808377815
    endloop
  endfacet
  facet normal -0.8363914260025558 0.5481326322245477 0
    outer loop
      vertex 0.9188532158732414 -1.991593986749649 36.834
      vertex 0.9074450209736824 -2.009001664817333 37.10753808377815
      vertex 0.9188532158732414 -1.991593986749649 37.134
    endloop
  endfacet
  facet normal -0.8363914260025606 0.5481326322245403 6.790930845065989e-15
    outer loop
      vertex 0.9124125026078496 -2.001421822269407 37.134
      vertex 0.9188532158732414 -1.991593986749649 37.134
      vertex 0.9074450209736824 -2.009001664817333 37.10753808377815
    endloop
  endfacet
  facet normal -0.8503732319636989 0.526179975255248 0
    outer loop
      vertex 0.9270694628357887 -1.978315494954586 36.834
      vertex 0.9188532158732414 -1.991593986749649 37.134
      vertex 0.9270694628357887 -1.978315494954586 37.134
    endloop
  endfacet
  facet normal 0 0 1
    outer loop
      vertex 0.555007591843605 -1.983161874115467 36.834
      vertex 0.9188532158732414 -1.991593986749649 36.834
      vertex 0.6565275937318802 -1.8445618748664856 36.834
    endloop
  endfacet
  facet normal 0 0 1
    outer loop
      vertex 0.9270694628357887 -1.978315494954586 36.834
      vertex 0.6679357886314392 -1.8271541967988014 36.834
      vertex 0.6565275937318802 -1.8445618748664856 36.834
    endloop
  endfacet
  facet normal 0 0 1
    outer loop
      vertex 0.9188532158732414 -1.991593986749649 36.834
      vertex 0.9270694628357887 -1.978315494954586 36.834
      vertex 0.6565275937318802 -1.8445618748664856 36.834
    endloop
  endfacet
  facet normal 0 0 1
    outer loop
      vertex 0.9270694628357887 -1.978315494954586 36.834
      vertex 1.0127494558691978 -1.8314354941248894 36.834
      vertex 0.6679357886314392 -1.8271541967988014 36.834
    endloop
  endfacet
  facet normal 0 0 1
    outer loop
      vertex 0.6679357886314392 -1.8271541967988014 36.834
      vertex 1.0127494558691978 -1.8314354941248894 36.834
      vertex 1.0216195210814476 -1.815085157752037 36.834
    endloop
  endfacet
  facet normal 0 0 1
    outer loop
      vertex 0.6679357886314392 -1.8271541967988014 36.834
      vertex 1.0216195210814476 -1.815085157752037 36.834
      vertex 1.0327593460679054 -1.7929392233490944 36.834
    endloop
  endfacet
  facet normal -0.8637789199684914 0.5038709928325567 0
    outer loop
      vertex 0.9270694628357887 -1.978315494954586 36.834
      vertex 0.9270694628357887 -1.978315494954586 37.134
      vertex 1.0127494558691978 -1.8314354941248894 36.834
    endloop
  endfacet
  facet normal 0 0 1
    outer loop
      vertex 0.6679357886314392 -1.8271541967988014 36.834
      vertex 1.0327593460679054 -1.7929392233490944 36.834
      vertex 0.7536157816648483 -1.6802741959691048 36.834
    endloop
  endfacet
  facet normal 0 0 1
    outer loop
      vertex 0.7536157816648483 -1.6802741959691048 36.834
      vertex 1.040599025785923 -1.776070661842823 36.834
      vertex 0.7647556066513062 -1.658128261566162 36.834
    endloop
  endfacet
  facet normal 0 0 1
    outer loop
      vertex 0.7536157816648483 -1.6802741959691048 36.834
      vertex 1.0327593460679054 -1.7929392233490944 36.834
      vertex 1.040599025785923 -1.776070661842823 36.834
    endloop
  endfacet
  facet normal 0 0 1
    outer loop
      vertex 0.7647556066513062 -1.658128261566162 36.834
      vertex 1.040599025785923 -1.776070661842823 36.834
      vertex 1.106479026377201 -1.6219906657934189 36.834
    endloop
  endfacet
  facet normal 0 0 1
    outer loop
      vertex 0.7647556066513062 -1.658128261566162 36.834
      vertex 1.1127153784036636 -1.6061805561184883 36.834
      vertex 0.8306356072425842 -1.504048265516758 36.834
    endloop
  endfacet
  facet normal 0 0 1
    outer loop
      vertex 0.8306356072425842 -1.504048265516758 36.834
      vertex 1.1257579997181892 -1.5687439516186714 36.834
      vertex 0.8383471965789795 -1.482749581336975 36.834
    endloop
  endfacet
  facet normal 0 0 1
    outer loop
      vertex 0.8383471965789795 -1.482749581336975 36.834
      vertex 1.1782716289162636 -1.3917472437024117 36.834
      vertex 0.8856872022151947 -1.324529580771923 36.834
    endloop
  endfacet
  facet normal -0.8637789199684914 0.5038709928325567 0
    outer loop
      vertex 1.0127494558691978 -1.8314354941248894 36.834
      vertex 0.9270694628357887 -1.978315494954586 37.134
      vertex 1.0127494558691978 -1.8314354941248894 37.134
    endloop
  endfacet
  facet normal -0.8789848501066414 0.47684969674207117 0
    outer loop
      vertex 1.0127494558691978 -1.8314354941248894 36.834
      vertex 1.0127494558691978 -1.8314354941248894 37.134
      vertex 1.0216195210814476 -1.815085157752037 36.834
    endloop
  endfacet
  facet normal -0.8933457970578896 0.44936987758304825 0
    outer loop
      vertex 1.0216195210814476 -1.815085157752037 36.834
      vertex 1.0216195210814476 -1.815085157752037 37.134
      vertex 1.0327593460679054 -1.7929392233490944 36.834
    endloop
  endfacet
  facet normal -0.8789848501066414 0.47684969674207117 0
    outer loop
      vertex 1.0216195210814476 -1.815085157752037 36.834
      vertex 1.0127494558691978 -1.8314354941248894 37.134
      vertex 1.0216195210814476 -1.815085157752037 37.134
    endloop
  endfacet
  facet normal -0.8933457970578896 0.44936987758304825 0
    outer loop
      vertex 1.0327593460679054 -1.7929392233490944 36.834
      vertex 1.0216195210814476 -1.815085157752037 37.134
      vertex 1.0327593460679054 -1.7929392233490944 37.134
    endloop
  endfacet
  facet normal 0 0 1
    outer loop
      vertex 0.7647556066513062 -1.658128261566162 36.834
      vertex 1.106479026377201 -1.6219906657934189 36.834
      vertex 1.1127153784036636 -1.6061805561184883 36.834
    endloop
  endfacet
  facet normal -0.906847762172008 0.42145834461263343 0
    outer loop
      vertex 1.0327593460679054 -1.7929392233490944 36.834
      vertex 1.0327593460679054 -1.7929392233490944 37.134
      vertex 1.040599025785923 -1.776070661842823 36.834
    endloop
  endfacet
  facet normal -0.906847762172008 0.42145834461263343 0
    outer loop
      vertex 1.040599025785923 -1.776070661842823 36.834
      vertex 1.0327593460679054 -1.7929392233490944 37.134
      vertex 1.040599025785923 -1.776070661842823 37.134
    endloop
  endfacet
  facet normal -0.9194780549200505 0.39314133148327274 0
    outer loop
      vertex 1.040599025785923 -1.776070661842823 36.834
      vertex 1.040599025785923 -1.776070661842823 37.134
      vertex 1.106479026377201 -1.6219906657934189 36.834
    endloop
  endfacet
  facet normal -0.9194780549200505 0.39314133148327274 0
    outer loop
      vertex 1.106479026377201 -1.6219906657934189 36.834
      vertex 1.040599025785923 -1.776070661842823 37.134
      vertex 1.106479026377201 -1.6219906657934189 37.134
    endloop
  endfacet
  facet normal 0 0 1
    outer loop
      vertex 0.8306356072425842 -1.504048265516758 36.834
      vertex 1.1127153784036636 -1.6061805561184883 36.834
      vertex 1.120426967740059 -1.5848818719387054 36.834
    endloop
  endfacet
  facet normal 0 0 1
    outer loop
      vertex 0.8306356072425842 -1.504048265516758 36.834
      vertex 1.120426967740059 -1.5848818719387054 36.834
      vertex 1.1257579997181892 -1.5687439516186714 36.834
    endloop
  endfacet
  facet normal 0 0 1
    outer loop
      vertex 0.8383471965789795 -1.482749581336975 36.834
      vertex 1.1257579997181892 -1.5687439516186714 36.834
      vertex 1.1730980053544044 -1.4105239510536194 36.834
    endloop
  endfacet
  facet normal -0.9302452323978483 0.3669384248086772 0
    outer loop
      vertex 1.106479026377201 -1.6219906657934189 36.834
      vertex 1.106479026377201 -1.6219906657934189 37.134
      vertex 1.1127153784036636 -1.6061805561184883 36.834
    endloop
  endfacet
  facet normal -0.9402658953391893 0.34044095826147686 0
    outer loop
      vertex 1.1127153784036636 -1.6061805561184883 36.834
      vertex 1.1127153784036636 -1.6061805561184883 37.134
      vertex 1.120426967740059 -1.5848818719387054 36.834
    endloop
  endfacet
  facet normal -0.9495319795805663 0.3136702404657016 0
    outer loop
      vertex 1.120426967740059 -1.5848818719387054 36.834
      vertex 1.120426967740059 -1.5848818719387054 37.134
      vertex 1.1257579997181892 -1.5687439516186714 36.834
    endloop
  endfacet
  facet normal -0.9302452323978483 0.3669384248086772 0
    outer loop
      vertex 1.1127153784036636 -1.6061805561184883 36.834
      vertex 1.106479026377201 -1.6219906657934189 37.134
      vertex 1.1127153784036636 -1.6061805561184883 37.134
    endloop
  endfacet
  facet normal -0.9402658953391893 0.34044095826147686 0
    outer loop
      vertex 1.120426967740059 -1.5848818719387054 36.834
      vertex 1.1127153784036636 -1.6061805561184883 37.134
      vertex 1.120426967740059 -1.5848818719387054 37.134
    endloop
  endfacet
  facet normal -0.9495319795805663 0.3136702404657016 0
    outer loop
      vertex 1.1257579997181892 -1.5687439516186714 36.834
      vertex 1.120426967740059 -1.5848818719387054 37.134
      vertex 1.1257579997181892 -1.5687439516186714 37.134
    endloop
  endfacet
  facet normal 0 0 1
    outer loop
      vertex 0.8856872022151947 -1.324529580771923 36.834
      vertex 1.1803287118673325 -1.3836568295955658 36.834
      vertex 0.8885794878005981 -1.31378273665905 36.834
    endloop
  endfacet
  facet normal 0 0 1
    outer loop
      vertex 0.8383471965789795 -1.482749581336975 36.834
      vertex 1.1730980053544044 -1.4105239510536194 36.834
      vertex 1.1753793433308601 -1.4024940878152847 36.834
    endloop
  endfacet
  facet normal 0 0 1
    outer loop
      vertex 0.8383471965789795 -1.482749581336975 36.834
      vertex 1.1753793433308601 -1.4024940878152847 36.834
      vertex 1.1782716289162636 -1.3917472437024117 36.834
    endloop
  endfacet
  facet normal 0 0 1
    outer loop
      vertex 0.8856872022151947 -1.324529580771923 36.834
      vertex 1.1782716289162636 -1.3917472437024117 36.834
      vertex 1.1803287118673325 -1.3836568295955658 36.834
    endloop
  endfacet
  facet normal 0 0 1
    outer loop
      vertex 0.8885794878005981 -1.31378273665905 36.834
      vertex 1.1803287118673325 -1.3836568295955658 36.834
      vertex 1.2161886021494865 -1.2339290007948875 36.834
    endloop
  endfacet
  facet normal -0.9580360041655778 0.2866478932810301 0
    outer loop
      vertex 1.1257579997181892 -1.5687439516186714 36.834
      vertex 1.1257579997181892 -1.5687439516186714 37.134
      vertex 1.1730980053544044 -1.4105239510536194 36.834
    endloop
  endfacet
  facet normal -0.9580360041655778 0.2866478932810301 0
    outer loop
      vertex 1.1730980053544044 -1.4105239510536194 36.834
      vertex 1.1257579997181892 -1.5687439516186714 37.134
      vertex 1.1730980053544044 -1.4105239510536194 37.134
    endloop
  endfacet
  facet normal -0.9619313634143626 0.2732911489232421 0
    outer loop
      vertex 1.1730980053544044 -1.4105239510536194 36.834
      vertex 1.1730980053544044 -1.4105239510536194 37.134
      vertex 1.1753793433308601 -1.4024940878152847 36.834
    endloop
  endfacet
  facet normal -0.9656404650809204 0.2598816888476446 0
    outer loop
      vertex 1.1753793433308601 -1.4024940878152847 36.834
      vertex 1.1753793433308601 -1.4024940878152847 37.134
      vertex 1.1782716289162636 -1.3917472437024117 36.834
    endloop
  endfacet
  facet normal -0.9691628665142299 0.24642105869815767 0
    outer loop
      vertex 1.1782716289162636 -1.3917472437024117 36.834
      vertex 1.1782716289162636 -1.3917472437024117 37.134
      vertex 1.1803287118673325 -1.3836568295955658 36.834
    endloop
  endfacet
  facet normal -0.9619313634143626 0.2732911489232421 0
    outer loop
      vertex 1.1753793433308601 -1.4024940878152847 36.834
      vertex 1.1730980053544044 -1.4105239510536194 37.134
      vertex 1.1753793433308601 -1.4024940878152847 37.134
    endloop
  endfacet
  facet normal -0.9656404650809204 0.2598816888476446 0
    outer loop
      vertex 1.1782716289162636 -1.3917472437024117 36.834
      vertex 1.1753793433308601 -1.4024940878152847 37.134
      vertex 1.1782716289162636 -1.3917472437024117 37.134
    endloop
  endfacet
  facet normal -0.9691628665142299 0.24642105869815767 0
    outer loop
      vertex 1.1803287118673325 -1.3836568295955658 36.834
      vertex 1.1782716289162636 -1.3917472437024117 37.134
      vertex 1.1803287118673325 -1.3836568295955658 37.134
    endloop
  endfacet
  facet normal -0.9724974264250569 0.23291362260855666 0
    outer loop
      vertex 1.1803287118673325 -1.3836568295955658 36.834
      vertex 1.1803287118673325 -1.3836568295955658 37.134
      vertex 1.2161886021494865 -1.2339290007948875 36.834
    endloop
  endfacet
  facet normal 0 0 1
    outer loop
      vertex 0.8885794878005981 -1.31378273665905 36.834
      vertex 1.2161886021494865 -1.2339290007948875 36.834
      vertex 0.9257114604115486 -1.1587435230612755 36.834
    endloop
  endfacet
  facet normal 0 0 1
    outer loop
      vertex 0.9257114604115486 -1.1587435230612755 36.834
      vertex 1.2161886021494865 -1.2339290007948875 36.834
      vertex 1.2515808194875717 -1.1067791730165482 36.834
    endloop
  endfacet
  facet normal 0 0 1
    outer loop
      vertex 0.9257114604115486 -1.1587435230612755 36.834
      vertex 1.2515808194875717 -1.1067791730165482 36.834
      vertex 0.9397750629909148 -1.108218728705536 36.834
    endloop
  endfacet
  facet normal 0 0 1
    outer loop
      vertex 0.9397750629909148 -1.108218728705536 36.834
      vertex 1.2515808194875717 -1.1067791730165482 36.834
      vertex 0.9628494292726527 -1.0887105630826073 36.834
    endloop
  endfacet
  facet normal 0 0 1
    outer loop
      vertex 0.9628494292726527 -1.0887105630826073 36.834
      vertex 1.2515808194875717 -1.1067791730165482 36.834
      vertex 1.0103922328002275 -1.0447378855556504 36.834
    endloop
  endfacet
  facet normal 0 0 1
    outer loop
      vertex 1.0103922328002275 -1.0447378855556504 36.834
      vertex 1.2515808194875717 -1.1067791730165482 36.834
      vertex 1.0559289960759282 -0.9986909776624605 36.834
    endloop
  endfacet
  facet normal -0.9724974264250569 0.23291362260855666 0
    outer loop
      vertex 1.2161886021494865 -1.2339290007948875 36.834
      vertex 1.1803287118673325 -1.3836568295955658 37.134
      vertex 1.2161886021494865 -1.2339290007948875 37.134
    endloop
  endfacet
  facet normal -0.9633754908293796 0.268156043506858 0
    outer loop
      vertex 1.2161886021494865 -1.2339290007948875 36.834
      vertex 1.2161886021494865 -1.2339290007948875 37.134
      vertex 1.2515808194875717 -1.1067791730165482 36.834
    endloop
  endfacet
  facet normal -0.9633754908293796 0.268156043506858 0
    outer loop
      vertex 1.2515808194875717 -1.1067791730165482 36.834
      vertex 1.2161886021494865 -1.2339290007948875 37.134
      vertex 1.2515808194875717 -1.1067791730165482 37.134
    endloop
  endfacet
  facet normal 0 0 1
    outer loop
      vertex 1.0559289960759282 -0.9986909776624605 36.834
      vertex 1.2970056608319283 -0.9859266504645348 36.834
      vertex 1.0993693100713569 -0.9506612612763535 36.834
    endloop
  endfacet
  facet normal 0 0 1
    outer loop
      vertex 1.0559289960759282 -0.9986909776624605 36.834
      vertex 1.2515808194875717 -1.1067791730165482 36.834
      vertex 1.2970056608319283 -0.9859266504645348 36.834
    endloop
  endfacet
  facet normal -0.9360611568010417 0.3518373356087947 0
    outer loop
      vertex 1.2515808194875717 -1.1067791730165482 36.834
      vertex 1.2515808194875717 -1.1067791730165482 37.134
      vertex 1.2970056608319283 -0.9859266504645348 36.834
    endloop
  endfacet
  facet normal -0.9360611568010417 0.3518373356087947 0
    outer loop
      vertex 1.2970056608319283 -0.9859266504645348 36.834
      vertex 1.2515808194875717 -1.1067791730165482 37.134
      vertex 1.2970056608319283 -0.9859266504645348 37.134
    endloop
  endfacet
  facet normal 0 0 1
    outer loop
      vertex 1.2970056608319283 -0.9859266504645348 36.834
      vertex 1.1406269280641002 -0.9007440949533742 36.834
      vertex 1.0993693100713569 -0.9506612612763535 36.834
    endloop
  endfacet
  facet normal 0 0 1
    outer loop
      vertex 1.2970056608319283 -0.9859266504645348 36.834
      vertex 1.1796199368726223 -0.849038584606702 36.834
      vertex 1.1406269280641002 -0.9007440949533742 36.834
    endloop
  endfacet
  facet normal 0 0 1
    outer loop
      vertex 1.1796199368726223 -0.849038584606702 36.834
      vertex 1.363647885620594 -0.8356667384505272 36.834
      vertex 1.2162709194872963 -0.7956473867410409 36.834
    endloop
  endfacet
  facet normal 0 0 1
    outer loop
      vertex 1.2970056608319283 -0.9859266504645348 36.834
      vertex 1.3598295748233795 -0.844490647315979 36.834
      vertex 1.1796199368726223 -0.849038584606702 36.834
    endloop
  endfacet
  facet normal 0 0 1
    outer loop
      vertex 1.2162709194872963 -0.7956473867410409 36.834
      vertex 1.363647885620594 -0.8356667384505272 36.834
      vertex 1.2505071087747168 -0.7406765046376307 36.834
    endloop
  endfacet
  facet normal 0 0 1
    outer loop
      vertex 1.2505071087747168 -0.7406765046376307 36.834
      vertex 1.363647885620594 -0.8356667384505272 36.834
      vertex 1.2822605319501084 -0.6842350778945386 36.834
    endloop
  endfacet
  facet normal 0 0 1
    outer loop
      vertex 1.1796199368726223 -0.849038584606702 36.834
      vertex 1.3598295748233795 -0.844490647315979 36.834
      vertex 1.3609876707196236 -0.8418492749333382 36.834
    endloop
  endfacet
  facet normal 0 0 1
    outer loop
      vertex 1.1796199368726223 -0.849038584606702 36.834
      vertex 1.3609876707196236 -0.8418492749333382 36.834
      vertex 1.3625149950385094 -0.838319718837738 36.834
    endloop
  endfacet
  facet normal 0 0 1
    outer loop
      vertex 1.1796199368726223 -0.849038584606702 36.834
      vertex 1.3625149950385094 -0.838319718837738 36.834
      vertex 1.363647885620594 -0.8356667384505272 36.834
    endloop
  endfacet
  facet normal -0.9138991347522908 0.4059413399729256 0
    outer loop
      vertex 1.2970056608319283 -0.9859266504645348 36.834
      vertex 1.2970056608319283 -0.9859266504645348 37.134
      vertex 1.3598295748233795 -0.844490647315979 36.834
    endloop
  endfacet
  facet normal -0.9158393144893662 0.4015449539412093 0
    outer loop
      vertex 1.3598295748233795 -0.844490647315979 36.834
      vertex 1.3598295748233795 -0.844490647315979 37.134
      vertex 1.3609876707196236 -0.8418492749333382 36.834
    endloop
  endfacet
  facet normal -0.9177594584715231 0.397136722535271 0
    outer loop
      vertex 1.3609876707196236 -0.8418492749333382 36.834
      vertex 1.3609876707196236 -0.8418492749333382 37.134
      vertex 1.3625149950385094 -0.838319718837738 36.834
    endloop
  endfacet
  facet normal -0.9196589702203969 0.39271793757499707 0
    outer loop
      vertex 1.3625149950385094 -0.838319718837738 36.834
      vertex 1.3625149950385094 -0.838319718837738 37.134
      vertex 1.363647885620594 -0.8356667384505272 36.834
    endloop
  endfacet
  facet normal -0.9138991347522908 0.4059413399729256 0
    outer loop
      vertex 1.3598295748233795 -0.844490647315979 36.834
      vertex 1.2970056608319283 -0.9859266504645348 37.134
      vertex 1.3598295748233795 -0.844490647315979 37.134
    endloop
  endfacet
  facet normal -0.9158393144893662 0.4015449539412093 0
    outer loop
      vertex 1.3609876707196236 -0.8418492749333382 36.834
      vertex 1.3598295748233795 -0.844490647315979 37.134
      vertex 1.3609876707196236 -0.8418492749333382 37.134
    endloop
  endfacet
  facet normal -0.9177594584715231 0.397136722535271 0
    outer loop
      vertex 1.3625149950385094 -0.838319718837738 36.834
      vertex 1.3609876707196236 -0.8418492749333382 37.134
      vertex 1.3625149950385094 -0.838319718837738 37.134
    endloop
  endfacet
  facet normal -0.9196589702203969 0.39271793757499707 0
    outer loop
      vertex 1.363647885620594 -0.8356667384505272 36.834
      vertex 1.3625149950385094 -0.838319718837738 37.134
      vertex 1.363647885620594 -0.8356667384505272 37.134
    endloop
  endfacet
  facet normal 0 0 1
    outer loop
      vertex 1.363647885620594 -0.8356667384505272 36.834
      vertex 1.4297078847885132 -0.6788867339491844 36.834
      vertex 1.2822605319501084 -0.6842350778945386 36.834
    endloop
  endfacet
  facet normal 0 0 1
    outer loop
      vertex 1.2822605319501084 -0.6842350778945386 36.834
      vertex 1.4349013566970825 -0.665698803961277 36.834
      vertex 1.311468145530991 -0.6264351657400972 36.834
    endloop
  endfacet
  facet normal 0 0 1
    outer loop
      vertex 1.2822605319501084 -0.6842350778945386 36.834
      vertex 1.4297078847885132 -0.6788867339491844 36.834
      vertex 1.4349013566970825 -0.665698803961277 36.834
    endloop
  endfacet
  facet normal -0.9215357721432762 0.38829347233799305 0
    outer loop
      vertex 1.363647885620594 -0.8356667384505272 36.834
      vertex 1.363647885620594 -0.8356667384505272 37.134
      vertex 1.4297078847885132 -0.6788867339491844 36.834
    endloop
  endfacet
  facet normal -0.93045105042081 0.3664162152127156 0
    outer loop
      vertex 1.4297078847885132 -0.6788867339491844 36.834
      vertex 1.4297078847885132 -0.6788867339491844 37.134
      vertex 1.4349013566970825 -0.665698803961277 36.834
    endloop
  endfacet
  facet normal -0.9388473278243765 0.34433369721394913 0
    outer loop
      vertex 1.4349013566970825 -0.665698803961277 36.834
      vertex 1.4349013566970825 -0.665698803961277 37.134
      vertex 1.4414068311452866 -0.6479612216353416 36.834
    endloop
  endfacet
  facet normal -0.9215357721432762 0.38829347233799305 0
    outer loop
      vertex 1.4297078847885132 -0.6788867339491844 36.834
      vertex 1.363647885620594 -0.8356667384505272 37.134
      vertex 1.4297078847885132 -0.6788867339491844 37.134
    endloop
  endfacet
  facet normal -0.93045105042081 0.3664162152127156 0
    outer loop
      vertex 1.4349013566970825 -0.665698803961277 36.834
      vertex 1.4297078847885132 -0.6788867339491844 37.134
      vertex 1.4349013566970825 -0.665698803961277 37.134
    endloop
  endfacet
  facet normal -0.9388473278243765 0.34433369721394913 0
    outer loop
      vertex 1.4414068311452866 -0.6479612216353416 36.834
      vertex 1.4349013566970825 -0.665698803961277 37.134
      vertex 1.4414068311452866 -0.6479612216353416 37.134
    endloop
  endfacet
  facet normal 0 0 1
    outer loop
      vertex 1.311468145530991 -0.6264351657400972 36.834
      vertex 1.4459715709090233 -0.6345427855849266 36.834
      vertex 1.338071960504185 -0.5673915245496763 36.834
    endloop
  endfacet
  facet normal 0 0 1
    outer loop
      vertex 1.311468145530991 -0.6264351657400972 36.834
      vertex 1.4349013566970825 -0.665698803961277 36.834
      vertex 1.4414068311452866 -0.6479612216353416 36.834
    endloop
  endfacet
  facet normal 0 0 1
    outer loop
      vertex 1.311468145530991 -0.6264351657400972 36.834
      vertex 1.4414068311452866 -0.6479612216353416 36.834
      vertex 1.4459715709090233 -0.6345427855849266 36.834
    endloop
  endfacet
  facet normal 0 0 1
    outer loop
      vertex 1.338071960504185 -0.5673915245496763 36.834
      vertex 1.4459715709090233 -0.6345427855849266 36.834
      vertex 1.362019157457629 -0.5072213800075176 36.834
    endloop
  endfacet
  facet normal 0 0 1
    outer loop
      vertex 1.4459715709090233 -0.6345427855849266 36.834
      vertex 1.4967315718531609 -0.4729027897119522 36.834
      vertex 1.362019157457629 -0.5072213800075176 36.834
    endloop
  endfacet
  facet normal -0.9467195882345049 0.32205903380139717 0
    outer loop
      vertex 1.4414068311452866 -0.6479612216353416 36.834
      vertex 1.4414068311452866 -0.6479612216353416 37.134
      vertex 1.4459715709090233 -0.6345427855849266 36.834
    endloop
  endfacet
  facet normal -0.9467195882345049 0.32205903380139717 0
    outer loop
      vertex 1.4459715709090233 -0.6345427855849266 36.834
      vertex 1.4414068311452866 -0.6479612216353416 37.134
      vertex 1.4459715709090233 -0.6345427855849266 37.134
    endloop
  endfacet
  facet normal 0 0 1
    outer loop
      vertex 1.362019157457629 -0.5072213800075176 36.834
      vertex 1.4967315718531609 -0.4729027897119522 36.834
      vertex 1.3832621914484275 -0.44604419436599696 36.834
    endloop
  endfacet
  facet normal 0 0 1
    outer loop
      vertex 1.3832621914484275 -0.44604419436599696 36.834
      vertex 1.4967315718531609 -0.4729027897119522 36.834
      vertex 1.5021826773881912 -0.4532249942421913 36.834
    endloop
  endfacet
  facet normal 0 0 1
    outer loop
      vertex 1.3832621914484275 -0.44604419436599696 36.834
      vertex 1.512649916112423 -0.4067682549357414 36.834
      vertex 1.4017588863989432 -0.38398142926437817 36.834
    endloop
  endfacet
  facet normal 0 0 1
    outer loop
      vertex 1.4017588863989432 -0.38398142926437817 36.834
      vertex 1.512649916112423 -0.4067682549357414 36.834
      vertex 1.4174725188334851 -0.3211563045779646 36.834
    endloop
  endfacet
  facet normal 0 0 1
    outer loop
      vertex 1.4174725188334851 -0.3211563045779646 36.834
      vertex 1.512649916112423 -0.4067682549357414 36.834
      vertex 1.4303718907893785 -0.2576935537764541 36.834
    endloop
  endfacet
  facet normal -0.9540631480999289 0.29960558979707497 0
    outer loop
      vertex 1.4459715709090233 -0.6345427855849266 36.834
      vertex 1.4459715709090233 -0.6345427855849266 37.134
      vertex 1.4967315718531609 -0.4729027897119522 36.834
    endloop
  endfacet
  facet normal -0.9540631480999289 0.29960558979707497 0
    outer loop
      vertex 1.4967315718531609 -0.4729027897119522 36.834
      vertex 1.4459715709090233 -0.6345427855849266 37.134
      vertex 1.4967315718531609 -0.4729027897119522 37.134
    endloop
  endfacet
  facet normal 0 0 1
    outer loop
      vertex 1.3832621914484275 -0.44604419436599696 36.834
      vertex 1.5021826773881912 -0.4532249942421913 36.834
      vertex 1.5085500106215477 -0.4267711788415909 36.834
    endloop
  endfacet
  facet normal 0 0 1
    outer loop
      vertex 1.3832621914484275 -0.44604419436599696 36.834
      vertex 1.5085500106215477 -0.4267711788415909 36.834
      vertex 1.512649916112423 -0.4067682549357414 36.834
    endloop
  endfacet
  facet normal -0.9637064649817961 0.2669641349550346 0
    outer loop
      vertex 1.4967315718531609 -0.4729027897119522 36.834
      vertex 1.4967315718531609 -0.4729027897119522 37.134
      vertex 1.5021826773881912 -0.4532249942421913 36.834
    endloop
  endfacet
  facet normal -0.9722334869682773 0.23401292019353295 0
    outer loop
      vertex 1.5021826773881912 -0.4532249942421913 36.834
      vertex 1.5021826773881912 -0.4532249942421913 37.134
      vertex 1.5085500106215477 -0.4267711788415909 36.834
    endloop
  endfacet
  facet normal -0.9796341008782312 0.20079100676200515 0
    outer loop
      vertex 1.5085500106215477 -0.4267711788415909 36.834
      vertex 1.5085500106215477 -0.4267711788415909 37.134
      vertex 1.512649916112423 -0.4067682549357414 36.834
    endloop
  endfacet
  facet normal -0.9637064649817961 0.2669641349550346 0
    outer loop
      vertex 1.5021826773881912 -0.4532249942421913 36.834
      vertex 1.4967315718531609 -0.4729027897119522 37.134
      vertex 1.5021826773881912 -0.4532249942421913 37.134
    endloop
  endfacet
  facet normal -0.9722334869682773 0.23401292019353295 0
    outer loop
      vertex 1.5085500106215477 -0.4267711788415909 36.834
      vertex 1.5021826773881912 -0.4532249942421913 37.134
      vertex 1.5085500106215477 -0.4267711788415909 37.134
    endloop
  endfacet
  facet normal -0.9796341008782312 0.20079100676200515 0
    outer loop
      vertex 1.512649916112423 -0.4067682549357414 36.834
      vertex 1.5085500106215477 -0.4267711788415909 37.134
      vertex 1.512649916112423 -0.4067682549357414 37.134
    endloop
  endfacet
  facet normal -0.9858998387178627 0.16733651130608732 0
    outer loop
      vertex 1.512649916112423 -0.4067682549357414 36.834
      vertex 1.512649916112423 -0.4067682549357414 37.134
      vertex 1.5409099161624908 -0.2402682527899742 36.834
    endloop
  endfacet
  facet normal 0 0 1
    outer loop
      vertex 1.4303718907893785 -0.2576935537764541 36.834
      vertex 1.512649916112423 -0.4067682549357414 36.834
      vertex 1.5409099161624908 -0.2402682527899742 36.834
    endloop
  endfacet
  facet normal 0 0 1
    outer loop
      vertex 1.4303718907893785 -0.2576935537764541 36.834
      vertex 1.543735921382904 -0.21905791014432907 36.834
      vertex 1.440431391757627 -0.19371917627716834 36.834
    endloop
  endfacet
  facet normal 0 0 1
    outer loop
      vertex 1.440431391757627 -0.19371917627716834 36.834
      vertex 1.5464912131428719 -0.19067910313606262 36.834
      vertex 1.4476310495302105 -0.129360187284884 36.834
    endloop
  endfacet
  facet normal 0 0 1
    outer loop
      vertex 1.4303718907893785 -0.2576935537764541 36.834
      vertex 1.5409099161624908 -0.2402682527899742 36.834
      vertex 1.543735921382904 -0.21905791014432907 36.834
    endloop
  endfacet
  facet normal 0 0 1
    outer loop
      vertex 1.440431391757627 -0.19371917627716834 36.834
      vertex 1.543735921382904 -0.21905791014432907 36.834
      vertex 1.5464912131428719 -0.19067910313606262 36.834
    endloop
  endfacet
  facet normal 0 0 1
    outer loop
      vertex 1.4476310495302105 -0.129360187284884 36.834
      vertex 1.5464912131428719 -0.19067910313606262 36.834
      vertex 1.54779814183712 -0.1693212315440178 36.834
    endloop
  endfacet
  facet normal -0.9858998387178627 0.16733651130608732 0
    outer loop
      vertex 1.5409099161624908 -0.2402682527899742 36.834
      vertex 1.512649916112423 -0.4067682549357414 37.134
      vertex 1.5409099161624908 -0.2402682527899742 37.134
    endloop
  endfacet
  facet normal -0.9912403886686448 0.1320700263952197 0
    outer loop
      vertex 1.5409099161624908 -0.2402682527899742 36.834
      vertex 1.5409099161624908 -0.2402682527899742 37.134
      vertex 1.543735921382904 -0.21905791014432907 36.834
    endloop
  endfacet
  facet normal -0.9912403886686448 0.1320700263952197 0
    outer loop
      vertex 1.543735921382904 -0.21905791014432907 36.834
      vertex 1.5409099161624908 -0.2402682527899742 37.134
      vertex 1.543735921382904 -0.21905791014432907 37.134
    endloop
  endfacet
  facet normal -0.9953198505039199 0.09663537236878934 0
    outer loop
      vertex 1.543735921382904 -0.21905791014432907 36.834
      vertex 1.543735921382904 -0.21905791014432907 37.134
      vertex 1.5464912131428719 -0.19067910313606262 36.834
    endloop
  endfacet
  facet normal -0.9981330173081369 0.061077653518734606 0
    outer loop
      vertex 1.5464912131428719 -0.19067910313606262 36.834
      vertex 1.5464912131428719 -0.19067910313606262 37.134
      vertex 1.54779814183712 -0.1693212315440178 36.834
    endloop
  endfacet
  facet normal -0.9953198505039199 0.09663537236878934 0
    outer loop
      vertex 1.5464912131428719 -0.19067910313606262 36.834
      vertex 1.543735921382904 -0.21905791014432907 37.134
      vertex 1.5464912131428719 -0.19067910313606262 37.134
    endloop
  endfacet
  facet normal -0.9981330173081369 0.061077653518734606 0
    outer loop
      vertex 1.54779814183712 -0.1693212315440178 36.834
      vertex 1.5464912131428719 -0.19067910313606262 37.134
      vertex 1.54779814183712 -0.1693212315440178 37.134
    endloop
  endfacet
  facet normal 0 0 1
    outer loop
      vertex 1.4476310495302105 -0.129360187284884 36.834
      vertex 1.54779814183712 -0.1693212315440178 36.834
      vertex 1.451956569853053 -0.06474436561489519 36.834
    endloop
  endfacet
  facet normal 0 0 1
    outer loop
      vertex 1.451956569853053 -0.06474436561489519 36.834
      vertex 1.552118144929409 0.0004187673330307007 36.834
      vertex 1.4533993648059433 0 36.834
    endloop
  endfacet
  facet normal 0 0 1
    outer loop
      vertex 1.451956569853053 -0.06474436561489519 36.834
      vertex 1.54779814183712 -0.1693212315440178 36.834
      vertex 1.552118144929409 0.0004187673330307007 36.834
    endloop
  endfacet
  facet normal -0.9996762879914711 0.02544246897597369 0
    outer loop
      vertex 1.54779814183712 -0.1693212315440178 36.834
      vertex 1.54779814183712 -0.1693212315440178 37.134
      vertex 1.552118144929409 0.0004187673330307007 36.834
    endloop
  endfacet
  facet normal -0.9996762879914711 0.02544246897597369 0
    outer loop
      vertex 1.552118144929409 0.0004187673330307007 36.834
      vertex 1.54779814183712 -0.1693212315440178 37.134
      vertex 1.552118144929409 0.0004187673330307007 37.134
    endloop
  endfacet
  facet normal 0 0 1
    outer loop
      vertex 0.47546954452991486 1.5476680099964142 36.834
      vertex 0.8621270642053965 1.1700883038398873 36.834
      vertex 0.9133949773288382 1.130521706562405 36.834
    endloop
  endfacet
  facet normal 0 0 1
    outer loop
      vertex 0.47546954452991486 1.5476680099964142 36.834
      vertex 1.39971524477005 0.7241482138633728 36.834
      vertex 0.4982818737626076 1.5417941808700562 36.834
    endloop
  endfacet
  facet normal 0 0 1
    outer loop
      vertex 0.4982818737626076 1.5417941808700562 36.834
      vertex 1.39971524477005 0.7241482138633728 36.834
      vertex 0.5283442214131355 1.5327812135219574 36.834
    endloop
  endfacet
  facet normal 0 0 1
    outer loop
      vertex 0.47546954452991486 1.5476680099964142 36.834
      vertex 0.9133949773288382 1.130521706562405 36.834
      vertex 1.39971524477005 0.7241482138633728 36.834
    endloop
  endfacet
  facet normal 0 0 1
    outer loop
      vertex 0.5283442214131355 1.5327812135219574 36.834
      vertex 1.39971524477005 0.7241482138633728 36.834
      vertex 0.5506254211068153 1.5251355841755867 36.834
    endloop
  endfacet
  facet normal 0 0 1
    outer loop
      vertex 0.5506254211068153 1.5251355841755867 36.834
      vertex 1.3284352496266365 0.8758882135152817 36.834
      vertex 0.7052454203367233 1.465195581316948 36.834
    endloop
  endfacet
  facet normal 0 0 1
    outer loop
      vertex 0.7313127294182777 1.453636884689331 36.834
      vertex 0.7052454203367233 1.465195581316948 36.834
      vertex 1.3284352496266365 0.8758882135152817 36.834
    endloop
  endfacet
  facet normal 0 0 1
    outer loop
      vertex 0.7313127294182777 1.453636884689331 36.834
      vertex 1.316736377775669 0.8982891142368317 36.834
      vertex 0.7652590051293373 1.4366101697087288 36.834
    endloop
  endfacet
  facet normal 0 0 1
    outer loop
      vertex 0.7901111096143723 1.4226287975907326 36.834
      vertex 0.7652590051293373 1.4366101697087288 36.834
      vertex 1.2999086678028107 0.9274475276470184 36.834
    endloop
  endfacet
  facet normal 0 0 1
    outer loop
      vertex 0.7901111096143723 1.4226287975907326 36.834
      vertex 1.1922259777784348 1.0841442570090294 36.834
      vertex 0.9290711060166359 1.3355088010430336 36.834
    endloop
  endfacet
  facet normal 0 0 1
    outer loop
      vertex 0.9628494292726524 1.088710563082607 36.834
      vertex 1.0103922328002264 1.0447378855556502 36.834
      vertex 1.39971524477005 0.7241482138633728 36.834
    endloop
  endfacet
  facet normal 0 0 1
    outer loop
      vertex 1.1796199368726221 0.8490385846067019 36.834
      vertex 1.422809198498726 0.6656957715749741 36.834
      vertex 1.1406269280641008 0.9007440949533742 36.834
    endloop
  endfacet
  facet normal 0 0 1
    outer loop
      vertex 1.1796199368726221 0.8490385846067019 36.834
      vertex 1.2162709194872958 0.795647386741041 36.834
      vertex 1.422809198498726 0.6656957715749741 36.834
    endloop
  endfacet
  facet normal 0 0 1
    outer loop
      vertex 1.2162709194872958 0.795647386741041 36.834
      vertex 1.2505071087747168 0.74067650463763 36.834
      vertex 1.422809198498726 0.6656957715749741 36.834
    endloop
  endfacet
  facet normal 0 0 1
    outer loop
      vertex 1.39971524477005 0.7241482138633728 36.834
      vertex 1.0559289960759288 0.9986909776624608 36.834
      vertex 1.407195046544075 0.7068303748965263 36.834
    endloop
  endfacet
  facet normal 0 0 1
    outer loop
      vertex 1.099369310071357 0.9506612612763542 36.834
      vertex 1.407195046544075 0.7068303748965263 36.834
      vertex 1.0559289960759288 0.9986909776624608 36.834
    endloop
  endfacet
  facet normal 0 0 1
    outer loop
      vertex 1.39971524477005 0.7241482138633728 36.834
      vertex 1.0103922328002264 1.0447378855556502 36.834
      vertex 1.0559289960759288 0.9986909776624608 36.834
    endloop
  endfacet
  facet normal 0 0 1
    outer loop
      vertex 1.1406269280641008 0.9007440949533742 36.834
      vertex 1.4164326265454292 0.6834493950009346 36.834
      vertex 1.099369310071357 0.9506612612763542 36.834
    endloop
  endfacet
  facet normal -0.844292284747188 -0.5358829516940926 0
    outer loop
      vertex 1.2999086678028107 0.9274475276470184 36.834
      vertex 1.2999086678028107 0.9274475276470184 37.134
      vertex 1.2863659784197807 0.9487842544913292 36.834
    endloop
  endfacet
  facet normal -0.844292284747188 -0.5358829516940926 0
    outer loop
      vertex 1.2863659784197807 0.9487842544913292 36.834
      vertex 1.2999086678028107 0.9274475276470184 37.134
      vertex 1.2863659784197807 0.9487842544913292 37.134
    endloop
  endfacet
  facet normal 0 0 1
    outer loop
      vertex 0.9628494292726524 1.088710563082607 36.834
      vertex 1.39971524477005 0.7241482138633728 36.834
      vertex 0.9133949773288382 1.130521706562405 36.834
    endloop
  endfacet
  facet normal 0 0 1
    outer loop
      vertex 0.5506254211068153 1.5251355841755867 36.834
      vertex 1.39971524477005 0.7241482138633728 36.834
      vertex 1.3284352496266365 0.8758882135152817 36.834
    endloop
  endfacet
  facet normal 0 0 1
    outer loop
      vertex 0.7313127294182777 1.453636884689331 36.834
      vertex 1.3284352496266365 0.8758882135152817 36.834
      vertex 1.316736377775669 0.8982891142368317 36.834
    endloop
  endfacet
  facet normal 0 0 1
    outer loop
      vertex 0.7652590051293373 1.4366101697087288 36.834
      vertex 1.316736377775669 0.8982891142368317 36.834
      vertex 1.2999086678028107 0.9274475276470184 36.834
    endloop
  endfacet
  facet normal 0 0 1
    outer loop
      vertex 0.7901111096143723 1.4226287975907326 36.834
      vertex 1.2999086678028107 0.9274475276470184 36.834
      vertex 1.2863659784197807 0.9487842544913292 36.834
    endloop
  endfacet
  facet normal 0 0 1
    outer loop
      vertex 0.9290711060166359 1.3355088010430336 36.834
      vertex 1.1922259777784348 1.0841442570090294 36.834
      vertex 0.954080618917942 1.3179955184459686 36.834
    endloop
  endfacet
  facet normal 0 0 1
    outer loop
      vertex 1.1480605006217957 1.1380902379751205 36.834
      vertex 1.0092535316944122 1.2730457037687302 36.834
      vertex 0.9861535876989365 1.2930102795362473 36.834
    endloop
  endfacet
  facet normal 0 0 1
    outer loop
      vertex 0.954080618917942 1.3179955184459686 36.834
      vertex 1.1739454790949821 1.1078176572918892 36.834
      vertex 0.9861535876989365 1.2930102795362473 36.834
    endloop
  endfacet
  facet normal 0 0 1
    outer loop
      vertex 0.7901111096143723 1.4226287975907326 36.834
      vertex 1.2863659784197807 0.9487842544913292 36.834
      vertex 1.1922259777784348 1.0841442570090294 36.834
    endloop
  endfacet
  facet normal 0 0 1
    outer loop
      vertex 1.1480605006217957 1.1380902379751205 36.834
      vertex 1.1275135353207588 1.1598257049918175 36.834
      vertex 1.0092535316944122 1.2730457037687302 36.834
    endloop
  endfacet
  facet normal 0 0 1
    outer loop
      vertex 0.954080618917942 1.3179955184459686 36.834
      vertex 1.1922259777784348 1.0841442570090294 36.834
      vertex 1.1739454790949821 1.1078176572918892 36.834
    endloop
  endfacet
  facet normal 0 0 1
    outer loop
      vertex 1.1480605006217957 1.1380902379751205 36.834
      vertex 0.9861535876989365 1.2930102795362473 36.834
      vertex 1.1739454790949821 1.1078176572918892 36.834
    endloop
  endfacet
  facet normal -0.6538941781976957 -0.75658601871774 0
    outer loop
      vertex 1.0092535316944122 1.2730457037687302 36.834
      vertex 1.0092535316944122 1.2730457037687302 37.134
      vertex 0.9861535876989365 1.2930102795362473 36.834
    endloop
  endfacet
  facet normal -0.6538941781976957 -0.75658601871774 0
    outer loop
      vertex 0.9861535876989365 1.2930102795362473 36.834
      vertex 1.0092535316944122 1.2730457037687302 37.134
      vertex 0.9861535876989365 1.2930102795362473 37.134
    endloop
  endfacet
  facet normal -0.6915470748742711 -0.7223313943286966 0
    outer loop
      vertex 1.0092535316944122 1.2730457037687302 36.834
      vertex 1.1275135353207588 1.1598257049918175 37.134
      vertex 1.0092535316944122 1.2730457037687302 37.134
    endloop
  endfacet
  facet normal -0.6915470748742711 -0.7223313943286966 0
    outer loop
      vertex 1.1275135353207588 1.1598257049918175 36.834
      vertex 1.1275135353207588 1.1598257049918175 37.134
      vertex 1.0092535316944122 1.2730457037687302 36.834
    endloop
  endfacet
  facet normal -0.7266955690902642 -0.6869596420930251 0
    outer loop
      vertex 1.1275135353207588 1.1598257049918175 36.834
      vertex 1.1480605006217957 1.1380902379751205 37.134
      vertex 1.1275135353207588 1.1598257049918175 37.134
    endloop
  endfacet
  facet normal -0.7600369574719248 -0.6498798529550055 0
    outer loop
      vertex 1.1480605006217957 1.1380902379751205 36.834
      vertex 1.1739454790949821 1.1078176572918892 36.834
      vertex 1.1739454790949821 1.1078176572918892 37.134
    endloop
  endfacet
  facet normal -0.7914885081855946 -0.6111840487203033 0
    outer loop
      vertex 1.1922259777784348 1.0841442570090294 36.834
      vertex 1.1922259777784348 1.0841442570090294 37.134
      vertex 1.1739454790949821 1.1078176572918892 36.834
    endloop
  endfacet
  facet normal -0.7600369574719248 -0.6498798529550055 0
    outer loop
      vertex 1.1480605006217957 1.1380902379751205 36.834
      vertex 1.1739454790949821 1.1078176572918892 37.134
      vertex 1.1480605006217957 1.1380902379751205 37.134
    endloop
  endfacet
  facet normal -0.7914885081855946 -0.6111840487203033 0
    outer loop
      vertex 1.1739454790949821 1.1078176572918892 36.834
      vertex 1.1922259777784348 1.0841442570090294 37.134
      vertex 1.1739454790949821 1.1078176572918892 37.134
    endloop
  endfacet
  facet normal -0.8209719540640568 -0.5709685198329626 0
    outer loop
      vertex 1.2863659784197807 0.9487842544913292 36.834
      vertex 1.2863659784197807 0.9487842544913292 37.134
      vertex 1.1922259777784348 1.0841442570090294 36.834
    endloop
  endfacet
  facet normal -0.8209719540640568 -0.5709685198329626 0
    outer loop
      vertex 1.1922259777784348 1.0841442570090294 36.834
      vertex 1.2863659784197807 0.9487842544913292 37.134
      vertex 1.1922259777784348 1.0841442570090294 37.134
    endloop
  endfacet
  facet normal -0.7266955690902642 -0.6869596420930251 0
    outer loop
      vertex 1.1480605006217957 1.1380902379751205 36.834
      vertex 1.1480605006217957 1.1380902379751205 37.134
      vertex 1.1275135353207588 1.1598257049918175 36.834
    endloop
  endfacet
  facet normal 0 0 1
    outer loop
      vertex 0.08091538962879562 1.451145207530777 36.834
      vertex 0.1454790146262762 1.4461001244456366 36.834
      vertex 0.019474156200885773 1.6093574166297913 36.834
    endloop
  endfacet
  facet normal 0 0 1
    outer loop
      vertex 0.1454790146262762 1.4461001244456366 36.834
      vertex 0.2097538045063939 1.4381839434208035 36.834
      vertex 0.019474156200885773 1.6093574166297913 36.834
    endloop
  endfacet
  facet normal 0 0 1
    outer loop
      vertex 0.2097538045063939 1.4381839434208035 36.834
      vertex 0.038666173815727234 1.609453909099102 36.834
      vertex 0.019474156200885773 1.6093574166297913 36.834
    endloop
  endfacet
  facet normal 0 0 1
    outer loop
      vertex 0.27361214762339986 1.4274123813009438 36.834
      vertex 0.06423346698284149 1.6087643206119537 36.834
      vertex 0.038666173815727234 1.609453909099102 36.834
    endloop
  endfacet
  facet normal 0 0 1
    outer loop
      vertex 0.27361214762339986 1.4274123813009438 36.834
      vertex 0.08339238166809082 1.6076334416866302 36.834
      vertex 0.06423346698284149 1.6087643206119537 36.834
    endloop
  endfacet
  facet normal 0.005027676177355137 -0.9999873611562576 0
    outer loop
      vertex 0.019474156200885773 1.6093574166297913 36.834
      vertex 0.038666173815727234 1.609453909099102 36.834
      vertex 0.038666173815727234 1.609453909099102 37.134
    endloop
  endfacet
  facet normal -0.026961704338014605 -0.999636467171536 0
    outer loop
      vertex 0.038666173815727234 1.609453909099102 36.834
      vertex 0.06423346698284149 1.6087643206119537 36.834
      vertex 0.06423346698284149 1.6087643206119537 37.134
    endloop
  endfacet
  facet normal -0.058923693231488744 -0.9982624897169889 0
    outer loop
      vertex 0.06423346698284149 1.6087643206119537 36.834
      vertex 0.08339238166809082 1.6076334416866302 36.834
      vertex 0.08339238166809082 1.6076334416866302 37.134
    endloop
  endfacet
  facet normal 0.005027676177355137 -0.9999873611562576 0
    outer loop
      vertex 0.019474156200885773 1.6093574166297913 36.834
      vertex 0.038666173815727234 1.609453909099102 37.134
      vertex 0.019474156200885773 1.6093574166297913 37.134
    endloop
  endfacet
  facet normal -0.026961704338014605 -0.999636467171536 0
    outer loop
      vertex 0.038666173815727234 1.609453909099102 36.834
      vertex 0.06423346698284149 1.6087643206119537 37.134
      vertex 0.038666173815727234 1.609453909099102 37.134
    endloop
  endfacet
  facet normal -0.058923693231488744 -0.9982624897169889 0
    outer loop
      vertex 0.06423346698284149 1.6087643206119537 36.834
      vertex 0.08339238166809082 1.6076334416866302 37.134
      vertex 0.06423346698284149 1.6087643206119537 37.134
    endloop
  endfacet
  facet normal -0.09082475968510188 -0.9958668902158277 0
    outer loop
      vertex 0.08339238166809082 1.6076334416866302 36.834
      vertex 0.2511523813009262 1.5923334434628487 37.134
      vertex 0.08339238166809082 1.6076334416866302 37.134
    endloop
  endfacet
  facet normal 0 0 1
    outer loop
      vertex 0.2097538045063939 1.4381839434208035 36.834
      vertex 0.27361214762339986 1.4274123813009438 36.834
      vertex 0.038666173815727234 1.609453909099102 36.834
    endloop
  endfacet
  facet normal 0 0 1
    outer loop
      vertex 0.27361214762339986 1.4274123813009438 36.834
      vertex 0.2511523813009262 1.5923334434628487 36.834
      vertex 0.08339238166809082 1.6076334416866302 36.834
    endloop
  endfacet
  facet normal 0 0 1
    outer loop
      vertex 0.27361214762339986 1.4274123813009438 36.834
      vertex 0.33692725914804367 1.413806824025583 36.834
      vertex 0.2511523813009262 1.5923334434628487 36.834
    endloop
  endfacet
  facet normal -0.09082475968510188 -0.9958668902158277 0
    outer loop
      vertex 0.08339238166809082 1.6076334416866302 36.834
      vertex 0.2511523813009262 1.5923334434628487 36.834
      vertex 0.2511523813009262 1.5923334434628487 37.134
    endloop
  endfacet
  facet normal -0.12109937090059006 -0.992640389248534 0
    outer loop
      vertex 0.2511523813009262 1.5923334434628487 36.834
      vertex 0.2692836597561836 1.590121477842331 36.834
      vertex 0.2692836597561836 1.590121477842331 37.134
    endloop
  endfacet
  facet normal -0.18128500760353217 -0.9834306005093533 0
    outer loop
      vertex 0.3113095387816429 1.5831280127167702 36.834
      vertex 0.3113095387816429 1.5831280127167702 37.134
      vertex 0.2933465242385864 1.5864393040537834 36.834
    endloop
  endfacet
  facet normal -0.15126234954764822 -0.9884936527916226 0
    outer loop
      vertex 0.2692836597561836 1.590121477842331 36.834
      vertex 0.2933465242385864 1.5864393040537834 36.834
      vertex 0.2933465242385864 1.5864393040537834 37.134
    endloop
  endfacet
  facet normal -0.12109937090059006 -0.992640389248534 0
    outer loop
      vertex 0.2511523813009262 1.5923334434628487 36.834
      vertex 0.2692836597561836 1.590121477842331 37.134
      vertex 0.2511523813009262 1.5923334434628487 37.134
    endloop
  endfacet
  facet normal -0.15126234954764822 -0.9884936527916226 0
    outer loop
      vertex 0.2692836597561836 1.590121477842331 36.834
      vertex 0.2933465242385864 1.5864393040537834 37.134
      vertex 0.2692836597561836 1.590121477842331 37.134
    endloop
  endfacet
  facet normal -0.18128500760353217 -0.9834306005093533 0
    outer loop
      vertex 0.2933465242385864 1.5864393040537834 36.834
      vertex 0.3113095387816429 1.5831280127167702 37.134
      vertex 0.2933465242385864 1.5864393040537834 37.134
    endloop
  endfacet
  facet normal 0 0 1
    outer loop
      vertex 0.39957343278711976 1.3973942841693026 36.834
      vertex 0.4614262903616723 1.378207347310768 36.834
      vertex 0.2511523813009262 1.5923334434628487 36.834
    endloop
  endfacet
  facet normal 0 0 1
    outer loop
      vertex 0.4614262903616723 1.378207347310768 36.834
      vertex 0.5223630287483597 1.356284107337087 36.834
      vertex 0.2692836597561836 1.590121477842331 36.834
    endloop
  endfacet
  facet normal 0 0 1
    outer loop
      vertex 0.3113095387816429 1.5831280127167702 36.834
      vertex 0.5223630287483597 1.356284107337087 36.834
      vertex 0.582262663693689 1.3316680908119143 36.834
    endloop
  endfacet
  facet normal 0 0 1
    outer loop
      vertex 0.33692725914804367 1.413806824025583 36.834
      vertex 0.39957343278711976 1.3973942841693026 36.834
      vertex 0.2511523813009262 1.5923334434628487 36.834
    endloop
  endfacet
  facet normal 0 0 1
    outer loop
      vertex 0.4614262903616723 1.378207347310768 36.834
      vertex 0.2692836597561836 1.590121477842331 36.834
      vertex 0.2511523813009262 1.5923334434628487 36.834
    endloop
  endfacet
  facet normal 0 0 1
    outer loop
      vertex 0.2692836597561836 1.590121477842331 36.834
      vertex 0.5223630287483597 1.356284107337087 36.834
      vertex 0.2933465242385864 1.5864393040537834 36.834
    endloop
  endfacet
  facet normal 0 0 1
    outer loop
      vertex 0.3113095387816429 1.5831280127167702 36.834
      vertex 0.2933465242385864 1.5864393040537834 36.834
      vertex 0.5223630287483597 1.356284107337087 36.834
    endloop
  endfacet
  facet normal -0.21113908503871434 -0.9774560280488399 0
    outer loop
      vertex 0.3113095387816429 1.5831280127167702 36.834
      vertex 0.47546954452991486 1.5476680099964142 37.134
      vertex 0.3113095387816429 1.5831280127167702 37.134
    endloop
  endfacet
  facet normal -0.21113908503871434 -0.9774560280488399 0
    outer loop
      vertex 0.3113095387816429 1.5831280127167702 36.834
      vertex 0.47546954452991486 1.5476680099964142 36.834
      vertex 0.47546954452991486 1.5476680099964142 37.134
    endloop
  endfacet
  facet normal -0.2493516746651718 -0.9684130019478643 0
    outer loop
      vertex 0.47546954452991486 1.5476680099964142 36.834
      vertex 0.4982818737626076 1.5417941808700562 37.134
      vertex 0.47546954452991486 1.5476680099964142 37.134
    endloop
  endfacet
  facet normal 0 0 1
    outer loop
      vertex 0.3113095387816429 1.5831280127167702 36.834
      vertex 0.582262663693689 1.3316680908119143 36.834
      vertex 0.6410062700170486 1.3044081705574944 36.834
    endloop
  endfacet
  facet normal 0 0 1
    outer loop
      vertex 0.3113095387816429 1.5831280127167702 36.834
      vertex 0.6410062700170486 1.3044081705574944 36.834
      vertex 0.6984772177256514 1.2745584686221936 36.834
    endloop
  endfacet
  facet normal 0 0 1
    outer loop
      vertex 0.47546954452991486 1.5476680099964142 36.834
      vertex 0.6984772177256514 1.2745584686221936 36.834
      vertex 0.7545614035725854 1.2421782488261854 36.834
    endloop
  endfacet
  facet normal 0 0 1
    outer loop
      vertex 0.3113095387816429 1.5831280127167702 36.834
      vertex 0.6984772177256514 1.2745584686221936 36.834
      vertex 0.47546954452991486 1.5476680099964142 36.834
    endloop
  endfacet
  facet normal -0.2871801780942127 -0.9578765814601462 0
    outer loop
      vertex 0.4982818737626076 1.5417941808700562 36.834
      vertex 0.5283442214131355 1.5327812135219574 36.834
      vertex 0.5283442214131355 1.5327812135219574 37.134
    endloop
  endfacet
  facet normal -0.3245659374496152 -0.9458630726735517 0
    outer loop
      vertex 0.5283442214131355 1.5327812135219574 36.834
      vertex 0.5506254211068153 1.5251355841755867 36.834
      vertex 0.5506254211068153 1.5251355841755867 37.134
    endloop
  endfacet
  facet normal -0.2871801780942127 -0.9578765814601462 0
    outer loop
      vertex 0.4982818737626076 1.5417941808700562 36.834
      vertex 0.5283442214131355 1.5327812135219574 37.134
      vertex 0.4982818737626076 1.5417941808700562 37.134
    endloop
  endfacet
  facet normal -0.3245659374496152 -0.9458630726735517 0
    outer loop
      vertex 0.5283442214131355 1.5327812135219574 36.834
      vertex 0.5506254211068153 1.5251355841755867 37.134
      vertex 0.5283442214131355 1.5327812135219574 37.134
    endloop
  endfacet
  facet normal -0.2493516746651718 -0.9684130019478643 0
    outer loop
      vertex 0.47546954452991486 1.5476680099964142 36.834
      vertex 0.4982818737626076 1.5417941808700562 36.834
      vertex 0.4982818737626076 1.5417941808700562 37.134
    endloop
  endfacet
  facet normal -0.3614508438009247 -0.9323911665795636 0
    outer loop
      vertex 0.5506254211068153 1.5251355841755867 36.834
      vertex 0.7052454203367233 1.465195581316948 37.134
      vertex 0.5506254211068153 1.5251355841755867 37.134
    endloop
  endfacet
  facet normal 0 0 1
    outer loop
      vertex 0.47546954452991486 1.5476680099964142 36.834
      vertex 0.7545614035725854 1.2421782488261854 36.834
      vertex 0.8091474775982511 1.2073317990986192 36.834
    endloop
  endfacet
  facet normal 0 0 1
    outer loop
      vertex 0.47546954452991486 1.5476680099964142 36.834
      vertex 0.8091474775982511 1.2073317990986192 36.834
      vertex 0.8621270642053965 1.1700883038398873 36.834
    endloop
  endfacet
  facet normal -0.4053542487354881 -0.914159686833809 0
    outer loop
      vertex 0.7313127294182777 1.453636884689331 36.834
      vertex 0.7313127294182777 1.453636884689331 37.134
      vertex 0.7052454203367233 1.465195581316948 36.834
    endloop
  endfacet
  facet normal -0.4053542487354881 -0.914159686833809 0
    outer loop
      vertex 0.7052454203367233 1.465195581316948 36.834
      vertex 0.7313127294182777 1.453636884689331 37.134
      vertex 0.7052454203367233 1.465195581316948 37.134
    endloop
  endfacet
  facet normal -0.4483418596574102 -0.8938621688375312 0
    outer loop
      vertex 0.7313127294182777 1.453636884689331 36.834
      vertex 0.7652590051293373 1.4366101697087288 36.834
      vertex 0.7652590051293373 1.4366101697087288 37.134
    endloop
  endfacet
  facet normal -0.49031620646351537 -0.8715446160003669 0
    outer loop
      vertex 0.7901111096143723 1.4226287975907326 36.834
      vertex 0.7901111096143723 1.4226287975907326 37.134
      vertex 0.7652590051293373 1.4366101697087288 36.834
    endloop
  endfacet
  facet normal -0.4483418596574102 -0.8938621688375312 0
    outer loop
      vertex 0.7313127294182777 1.453636884689331 36.834
      vertex 0.7652590051293373 1.4366101697087288 37.134
      vertex 0.7313127294182777 1.453636884689331 37.134
    endloop
  endfacet
  facet normal -0.49031620646351537 -0.8715446160003669 0
    outer loop
      vertex 0.7652590051293373 1.4366101697087288 36.834
      vertex 0.7901111096143723 1.4226287975907326 37.134
      vertex 0.7652590051293373 1.4366101697087288 37.134
    endloop
  endfacet
  facet normal -0.3614508438009247 -0.9323911665795636 0
    outer loop
      vertex 0.5506254211068153 1.5251355841755867 36.834
      vertex 0.7052454203367233 1.465195581316948 36.834
      vertex 0.7052454203367233 1.465195581316948 37.134
    endloop
  endfacet
  facet normal -0.5311822212327605 -0.8472576041831852 0
    outer loop
      vertex 0.7901111096143723 1.4226287975907326 36.834
      vertex 0.9290711060166359 1.3355088010430336 36.834
      vertex 0.9290711060166359 1.3355088010430336 37.134
    endloop
  endfacet
  facet normal -0.5311822212327605 -0.8472576041831852 0
    outer loop
      vertex 0.7901111096143723 1.4226287975907326 36.834
      vertex 0.9290711060166359 1.3355088010430336 37.134
      vertex 0.7901111096143723 1.4226287975907326 37.134
    endloop
  endfacet
  facet normal -0.5736079325669041 -0.8191299894988109 0
    outer loop
      vertex 0.9290711060166359 1.3355088010430336 36.834
      vertex 0.954080618917942 1.3179955184459686 36.834
      vertex 0.954080618917942 1.3179955184459686 37.134
    endloop
  endfacet
  facet normal -0.5736079325669041 -0.8191299894988109 0
    outer loop
      vertex 0.9290711060166359 1.3355088010430336 36.834
      vertex 0.954080618917942 1.3179955184459686 37.134
      vertex 0.9290711060166359 1.3355088010430336 37.134
    endloop
  endfacet
  facet normal -0.6145472669488729 -0.788880001448681 0
    outer loop
      vertex 0.954080618917942 1.3179955184459686 36.834
      vertex 0.9861535876989365 1.2930102795362473 37.134
      vertex 0.954080618917942 1.3179955184459686 37.134
    endloop
  endfacet
  facet normal -0.6145472669488729 -0.788880001448681 0
    outer loop
      vertex 0.954080618917942 1.3179955184459686 36.834
      vertex 0.9861535876989365 1.2930102795362473 36.834
      vertex 0.9861535876989365 1.2930102795362473 37.134
    endloop
  endfacet
  facet normal 0 0 1
    outer loop
      vertex 1.4303718907893783 0.2576935537764535 36.834
      vertex 1.5241735503077507 0.28721267729997635 36.834
      vertex 1.4174725188334854 0.32115630457796496 36.834
    endloop
  endfacet
  facet normal 0 0 1
    outer loop
      vertex 1.4533993648059433 0 36.834
      vertex 1.552118144929409 0.0004187673330307007 36.834
      vertex 1.4519565698530528 0.06474436561489463 36.834
    endloop
  endfacet
  facet normal 0 0 1
    outer loop
      vertex 1.4519565698530528 0.06474436561489463 36.834
      vertex 1.552118144929409 0.0004187673330307007 36.834
      vertex 1.5520045831799507 0.01929263025522232 36.834
    endloop
  endfacet
  facet normal 0 0 1
    outer loop
      vertex 1.4519565698530528 0.06474436561489463 36.834
      vertex 1.5520045831799507 0.01929263025522232 36.834
      vertex 1.5510620847344398 0.044428110122680664 36.834
    endloop
  endfacet
  facet normal 0 0 1
    outer loop
      vertex 1.4519565698530528 0.06474436561489463 36.834
      vertex 1.5510620847344398 0.044428110122680664 36.834
      vertex 1.5497618988156319 0.06325747072696686 36.834
    endloop
  endfacet
  facet normal 0 0 1
    outer loop
      vertex 1.4519565698530528 0.06474436561489463 36.834
      vertex 1.5497618988156319 0.06325747072696686 36.834
      vertex 1.4476310495302105 0.12936018728488435 36.834
    endloop
  endfacet
  facet normal 0 0 1
    outer loop
      vertex 1.4476310495302105 0.12936018728488435 36.834
      vertex 1.5497618988156319 0.06325747072696686 36.834
      vertex 1.5326618999242783 0.23299746960401535 36.834
    endloop
  endfacet
  facet normal -0.9999818990750289 -0.006016770088548465 0
    outer loop
      vertex 1.552118144929409 0.0004187673330307007 36.834
      vertex 1.552118144929409 0.0004187673330307007 37.134
      vertex 1.5520045831799507 0.01929263025522232 36.834
    endloop
  endfacet
  facet normal -0.9992977378570388 -0.03747040317110203 0
    outer loop
      vertex 1.5520045831799507 0.01929263025522232 36.834
      vertex 1.5520045831799507 0.01929263025522232 37.134
      vertex 1.5510620847344398 0.044428110122680664 36.834
    endloop
  endfacet
  facet normal -0.9976244722428546 -0.06888695364266073 0
    outer loop
      vertex 1.5510620847344398 0.044428110122680664 36.834
      vertex 1.5510620847344398 0.044428110122680664 37.134
      vertex 1.5497618988156319 0.06325747072696686 36.834
    endloop
  endfacet
  facet normal -0.9999818990750289 -0.006016770088548465 0
    outer loop
      vertex 1.5520045831799507 0.01929263025522232 36.834
      vertex 1.552118144929409 0.0004187673330307007 37.134
      vertex 1.5520045831799507 0.01929263025522232 37.134
    endloop
  endfacet
  facet normal -0.9992977378570388 -0.03747040317110203 0
    outer loop
      vertex 1.5510620847344398 0.044428110122680664 36.834
      vertex 1.5520045831799507 0.01929263025522232 37.134
      vertex 1.5510620847344398 0.044428110122680664 37.134
    endloop
  endfacet
  facet normal -0.9976244722428546 -0.06888695364266073 0
    outer loop
      vertex 1.5497618988156319 0.06325747072696686 36.834
      vertex 1.5510620847344398 0.044428110122680664 37.134
      vertex 1.5497618988156319 0.06325747072696686 37.134
    endloop
  endfacet
  facet normal -0.9949637960142911 -0.10023494710345433 0
    outer loop
      vertex 1.5497618988156319 0.06325747072696686 36.834
      vertex 1.5497618988156319 0.06325747072696686 37.134
      vertex 1.5326618999242783 0.23299746960401535 36.834
    endloop
  endfacet
  facet normal 0 0 1
    outer loop
      vertex 1.4476310495302105 0.12936018728488435 36.834
      vertex 1.5326618999242783 0.23299746960401535 36.834
      vertex 1.440431391757627 0.1937191762771682 36.834
    endloop
  endfacet
  facet normal 0 0 1
    outer loop
      vertex 1.440431391757627 0.1937191762771682 36.834
      vertex 1.5326618999242783 0.23299746960401535 36.834
      vertex 1.4303718907893783 0.2576935537764535 36.834
    endloop
  endfacet
  facet normal 0 0 1
    outer loop
      vertex 1.4303718907893783 0.2576935537764535 36.834
      vertex 1.5326618999242783 0.23299746960401535 36.834
      vertex 1.5305619910359383 0.2493319809436798 36.834
    endloop
  endfacet
  facet normal 0 0 1
    outer loop
      vertex 1.4303718907893783 0.2576935537764535 36.834
      vertex 1.5305619910359383 0.2493319809436798 36.834
      vertex 1.5271666496992111 0.27101806551218033 36.834
    endloop
  endfacet
  facet normal 0 0 1
    outer loop
      vertex 1.4303718907893783 0.2576935537764535 36.834
      vertex 1.5271666496992111 0.27101806551218033 36.834
      vertex 1.5241735503077507 0.28721267729997635 36.834
    endloop
  endfacet
  facet normal -0.9918376381243479 -0.12750725312669506 0
    outer loop
      vertex 1.5326618999242783 0.23299746960401535 36.834
      vertex 1.5326618999242783 0.23299746960401535 37.134
      vertex 1.5305619910359383 0.2493319809436798 36.834
    endloop
  endfacet
  facet normal -0.9949637960142911 -0.10023494710345433 0
    outer loop
      vertex 1.5326618999242783 0.23299746960401535 36.834
      vertex 1.5497618988156319 0.06325747072696686 37.134
      vertex 1.5326618999242783 0.23299746960401535 37.134
    endloop
  endfacet
  facet normal -0.987964105252976 -0.1546833110962095 0
    outer loop
      vertex 1.5305619910359383 0.2493319809436798 36.834
      vertex 1.5305619910359383 0.2493319809436798 37.134
      vertex 1.5271666496992111 0.27101806551218033 36.834
    endloop
  endfacet
  facet normal -0.9833461174200696 -0.18174271197182756 0
    outer loop
      vertex 1.5241735503077507 0.28721267729997635 36.834
      vertex 1.5271666496992111 0.27101806551218033 36.834
      vertex 1.5271666496992111 0.27101806551218033 37.134
    endloop
  endfacet
  facet normal -0.9918376381243479 -0.12750725312669506 0
    outer loop
      vertex 1.5305619910359383 0.2493319809436798 36.834
      vertex 1.5326618999242783 0.23299746960401535 37.134
      vertex 1.5305619910359383 0.2493319809436798 37.134
    endloop
  endfacet
  facet normal -0.987964105252976 -0.1546833110962095 0
    outer loop
      vertex 1.5271666496992111 0.27101806551218033 36.834
      vertex 1.5305619910359383 0.2493319809436798 37.134
      vertex 1.5271666496992111 0.27101806551218033 37.134
    endloop
  endfacet
  facet normal -0.9833461174200696 -0.18174271197182756 0
    outer loop
      vertex 1.5241735503077507 0.28721267729997635 36.834
      vertex 1.5271666496992111 0.27101806551218033 37.134
      vertex 1.5241735503077507 0.28721267729997635 37.134
    endloop
  endfacet
  facet normal 0 0 1
    outer loop
      vertex 1.4174725188334854 0.32115630457796496 36.834
      vertex 1.4885335490107536 0.4542526751756668 36.834
      vertex 1.4017588863989434 0.38398142926437806 36.834
    endloop
  endfacet
  facet normal 0 0 1
    outer loop
      vertex 1.383262191448428 0.4460441943659978 36.834
      vertex 1.4849156811833382 0.469296857714653 36.834
      vertex 1.3620191574576288 0.5072213800075176 36.834
    endloop
  endfacet
  facet normal 0 0 1
    outer loop
      vertex 1.4017588863989434 0.38398142926437806 36.834
      vertex 1.4885335490107536 0.4542526751756668 36.834
      vertex 1.383262191448428 0.4460441943659978 36.834
    endloop
  endfacet
  facet normal 0 0 1
    outer loop
      vertex 1.383262191448428 0.4460441943659978 36.834
      vertex 1.4885335490107536 0.4542526751756668 36.834
      vertex 1.4849156811833382 0.469296857714653 36.834
    endloop
  endfacet
  facet normal 0 0 1
    outer loop
      vertex 1.3380719605041849 0.5673915245496758 36.834
      vertex 1.4751892015337944 0.5040557682514191 36.834
      vertex 1.3114681455309904 0.6264351657400976 36.834
    endloop
  endfacet
  facet normal 0 0 1
    outer loop
      vertex 1.3114681455309904 0.6264351657400976 36.834
      vertex 1.4751892015337944 0.5040557682514191 36.834
      vertex 1.2822605319501086 0.6842350778945387 36.834
    endloop
  endfacet
  facet normal 0 0 1
    outer loop
      vertex 1.3380719605041849 0.5673915245496758 36.834
      vertex 1.3620191574576288 0.5072213800075176 36.834
      vertex 1.4751892015337944 0.5040557682514191 36.834
    endloop
  endfacet
  facet normal 0 0 1
    outer loop
      vertex 1.3620191574576288 0.5072213800075176 36.834
      vertex 1.4849156811833382 0.469296857714653 36.834
      vertex 1.4795779436826706 0.4892180934548378 36.834
    endloop
  endfacet
  facet normal 0 0 1
    outer loop
      vertex 1.3620191574576288 0.5072213800075176 36.834
      vertex 1.4795779436826706 0.4892180934548378 36.834
      vertex 1.4751892015337944 0.5040557682514191 36.834
    endloop
  endfacet
  facet normal 0 0 1
    outer loop
      vertex 1.2822605319501086 0.6842350778945387 36.834
      vertex 1.4751892015337944 0.5040557682514191 36.834
      vertex 1.422809198498726 0.6656957715749741 36.834
    endloop
  endfacet
  facet normal -0.9512984050077248 -0.3082715436587666 0
    outer loop
      vertex 1.422809198498726 0.6656957715749741 36.834
      vertex 1.4751892015337944 0.5040557682514191 36.834
      vertex 1.4751892015337944 0.5040557682514191 37.134
    endloop
  endfacet
  facet normal -0.9512984050077248 -0.3082715436587666 0
    outer loop
      vertex 1.422809198498726 0.6656957715749741 36.834
      vertex 1.4751892015337944 0.5040557682514191 37.134
      vertex 1.422809198498726 0.6656957715749741 37.134
    endloop
  endfacet
  facet normal 0 0 1
    outer loop
      vertex 1.4174725188334854 0.32115630457796496 36.834
      vertex 1.5241735503077507 0.28721267729997635 36.834
      vertex 1.4885335490107536 0.4542526751756668 36.834
    endloop
  endfacet
  facet normal -0.9779870996169844 -0.2086653612432085 0
    outer loop
      vertex 1.5241735503077507 0.28721267729997635 36.834
      vertex 1.5241735503077507 0.28721267729997635 37.134
      vertex 1.4885335490107536 0.4542526751756668 36.834
    endloop
  endfacet
  facet normal -0.9779870996169844 -0.2086653612432085 0
    outer loop
      vertex 1.4885335490107536 0.4542526751756668 36.834
      vertex 1.5241735503077507 0.28721267729997635 37.134
      vertex 1.4885335490107536 0.4542526751756668 37.134
    endloop
  endfacet
  facet normal -0.9722806662852699 -0.23381682139630522 0
    outer loop
      vertex 1.4885335490107536 0.4542526751756668 36.834
      vertex 1.4885335490107536 0.4542526751756668 37.134
      vertex 1.4849156811833382 0.469296857714653 36.834
    endloop
  endfacet
  facet normal -0.9659275418483343 -0.25881264246329705 0
    outer loop
      vertex 1.4849156811833382 0.469296857714653 36.834
      vertex 1.4849156811833382 0.469296857714653 37.134
      vertex 1.4795779436826706 0.4892180934548378 36.834
    endloop
  endfacet
  facet normal -0.9659275418483343 -0.25881264246329705 0
    outer loop
      vertex 1.4795779436826706 0.4892180934548378 36.834
      vertex 1.4849156811833382 0.469296857714653 37.134
      vertex 1.4795779436826706 0.4892180934548378 37.134
    endloop
  endfacet
  facet normal -0.9722806662852699 -0.23381682139630522 0
    outer loop
      vertex 1.4849156811833382 0.469296857714653 36.834
      vertex 1.4885335490107536 0.4542526751756668 37.134
      vertex 1.4849156811833382 0.469296857714653 37.134
    endloop
  endfacet
  facet normal -0.9589318984330932 -0.2836364119211492 0
    outer loop
      vertex 1.4751892015337944 0.5040557682514191 36.834
      vertex 1.4795779436826706 0.4892180934548378 36.834
      vertex 1.4795779436826706 0.4892180934548378 37.134
    endloop
  endfacet
  facet normal -0.9589318984330932 -0.2836364119211492 0
    outer loop
      vertex 1.4751892015337944 0.5040557682514191 36.834
      vertex 1.4795779436826706 0.4892180934548378 37.134
      vertex 1.4751892015337944 0.5040557682514191 37.134
    endloop
  endfacet
  facet normal 0 0 1
    outer loop
      vertex 1.2822605319501086 0.6842350778945387 36.834
      vertex 1.422809198498726 0.6656957715749741 36.834
      vertex 1.2505071087747168 0.74067650463763 36.834
    endloop
  endfacet
  facet normal 0 0 1
    outer loop
      vertex 1.1406269280641008 0.9007440949533742 36.834
      vertex 1.422809198498726 0.6656957715749741 36.834
      vertex 1.4164326265454292 0.6834493950009346 36.834
    endloop
  endfacet
  facet normal 0 0 1
    outer loop
      vertex 1.099369310071357 0.9506612612763542 36.834
      vertex 1.4164326265454292 0.6834493950009346 36.834
      vertex 1.407195046544075 0.7068303748965263 36.834
    endloop
  endfacet
  facet normal -0.9051104919520673 -0.4251764308593393 0
    outer loop
      vertex 1.39971524477005 0.7241482138633728 36.834
      vertex 1.39971524477005 0.7241482138633728 37.134
      vertex 1.3284352496266365 0.8758882135152817 36.834
    endloop
  endfacet
  facet normal -0.9411360545201488 -0.3380279971869894 0
    outer loop
      vertex 1.422809198498726 0.6656957715749741 36.834
      vertex 1.422809198498726 0.6656957715749741 37.134
      vertex 1.4164326265454292 0.6834493950009346 36.834
    endloop
  endfacet
  facet normal -0.9300431586014277 -0.36745030022940467 0
    outer loop
      vertex 1.4164326265454292 0.6834493950009346 36.834
      vertex 1.4164326265454292 0.6834493950009346 37.134
      vertex 1.407195046544075 0.7068303748965263 36.834
    endloop
  endfacet
  facet normal -0.9180306315090642 -0.3965094697621594 0
    outer loop
      vertex 1.39971524477005 0.7241482138633728 36.834
      vertex 1.407195046544075 0.7068303748965263 36.834
      vertex 1.407195046544075 0.7068303748965263 37.134
    endloop
  endfacet
  facet normal -0.9411360545201488 -0.3380279971869894 0
    outer loop
      vertex 1.4164326265454292 0.6834493950009346 36.834
      vertex 1.422809198498726 0.6656957715749741 37.134
      vertex 1.4164326265454292 0.6834493950009346 37.134
    endloop
  endfacet
  facet normal -0.9300431586014277 -0.36745030022940467 0
    outer loop
      vertex 1.407195046544075 0.7068303748965263 36.834
      vertex 1.4164326265454292 0.6834493950009346 37.134
      vertex 1.407195046544075 0.7068303748965263 37.134
    endloop
  endfacet
  facet normal -0.9180306315090642 -0.3965094697621594 0
    outer loop
      vertex 1.39971524477005 0.7241482138633728 36.834
      vertex 1.407195046544075 0.7068303748965263 37.134
      vertex 1.39971524477005 0.7241482138633728 37.134
    endloop
  endfacet
  facet normal -0.8863990420195691 -0.46292195703681016 0
    outer loop
      vertex 1.3284352496266365 0.8758882135152817 36.834
      vertex 1.3284352496266365 0.8758882135152817 37.134
      vertex 1.316736377775669 0.8982891142368317 36.834
    endloop
  endfacet
  facet normal -0.8863990420195691 -0.46292195703681016 0
    outer loop
      vertex 1.316736377775669 0.8982891142368317 36.834
      vertex 1.3284352496266365 0.8758882135152817 37.134
      vertex 1.316736377775669 0.8982891142368317 37.134
    endloop
  endfacet
  facet normal -0.9051104919520673 -0.4251764308593393 0
    outer loop
      vertex 1.3284352496266365 0.8758882135152817 36.834
      vertex 1.39971524477005 0.7241482138633728 37.134
      vertex 1.3284352496266365 0.8758882135152817 37.134
    endloop
  endfacet
  facet normal -0.8661142396890023 -0.4998461001227695 0
    outer loop
      vertex 1.316736377775669 0.8982891142368317 36.834
      vertex 1.316736377775669 0.8982891142368317 37.134
      vertex 1.2999086678028107 0.9274475276470184 36.834
    endloop
  endfacet
  facet normal -0.8661142396890023 -0.4998461001227695 0
    outer loop
      vertex 1.2999086678028107 0.9274475276470184 36.834
      vertex 1.316736377775669 0.8982891142368317 37.134
      vertex 1.2999086678028107 0.9274475276470184 37.134
    endloop
  endfacet
  facet normal 0.9072941904350038 0.38472597074077497 -0.16971499474253657
    outer loop
      vertex -1.3503807325704944 -0.5374398484674299 36.834
      vertex -7.10987599778936 -3.203559633416202 0
      vertex -7.245526492583719 -2.8836568578911206 0
    endloop
  endfacet
  facet normal 0.9235318467901057 0.34392695230818643 -0.16971499474253648
    outer loop
      vertex -1.3729814576947568 -0.4767511200245898 36.834
      vertex -7.245526492583719 -2.8836568578911206 0
      vertex -7.3667916652048735 -2.5580288485986657 0
    endloop
  endfacet
  facet normal 0.9379359161495755 0.3024450987471899 -0.1697149947425365
    outer loop
      vertex -1.3928562552239727 -0.41511584636312254 36.834
      vertex -7.3667916652048735 -2.5580288485986657 0
      vertex -7.473430754877426 -2.2273221098097253 0
    endloop
  endfacet
  facet normal 0.9504778005670094 0.26036276843827183 -0.16971499474253657
    outer loop
      vertex -1.4099656655873472 -0.35265639861365167 36.834
      vertex -7.473430754877426 -2.2273221098097253 0
      vertex -7.5652320395598105 -1.892193229142498 0
    endloop
  endfacet
  facet normal 0.9611325992918242 0.21776351195294985 -0.16971499474253648
    outer loop
      vertex -1.4242757196343245 -0.2894967842281617 36.834
      vertex -7.5652320395598105 -1.892193229142498 0
      vertex -7.642013256298824 -1.553307573968542 0
    endloop
  endfacet
  facet normal 0.9698791582074081 0.17473190617179907 -0.1697149947425365
    outer loop
      vertex -1.4357580060771977 -0.22576240077468251 36.834
      vertex -7.642013256298824 -1.553307573968542 0
      vertex -7.703621963095841 -1.2113379703874534 0
    endloop
  endfacet
  facet normal 0.9767001118306571 0.13135338636488564 -0.16971499474253654
    outer loop
      vertex -1.444389727899085 -0.1615797869720275 36.834
      vertex -7.703621963095841 -1.2113379703874534 0
      vertex -7.749935841566284 -0.8669633673929383 0
    endloop
  endfacet
  facet normal 0.9815819177895259 0.08771407656800204 -0.1697149947425366
    outer loop
      vertex -1.4501537476153 -0.09707637145887577 36.834
      vertex -7.749935841566284 -0.8669633673929383 0
      vertex -7.7808629397914695 -0.5208674888824095 0
    endloop
  endfacet
  facet normal 0.9845148837101666 0.04390061859128825 -0.16971499474253657
    outer loop
      vertex -1.4530386212982371 -0.0323802197960086 36.834
      vertex -7.7808629397914695 -0.5208674888824095 0
      vertex -7.796341854880618 -0.1737374761864921 0
    endloop
  endfacet
  facet normal 0.4736100452735773 0.8642281791144633 -0.1697149947425365
    outer loop
      vertex -1.4520530477166176 -2.7266633585095406 27.33450609526683
      vertex -3.594420585385383 -6.920496491159635 0
      vertex -3.8991387199224845 -6.753506368664818 0
    endloop
  endfacet
  facet normal 0.43464124649898417 0.8844680929244143 -0.16971499474253648
    outer loop
      vertex -1.3600240647792816 -2.8928641006350517 26.712272744164654
      vertex -3.282566061491385 -7.073746608462869 0
      vertex -3.594420585385383 -6.920496491159635 0
    endloop
  endfacet
  facet normal 0.09864362208957253 0.9805438574488091 -0.16971499474253654
    outer loop
      vertex -0.7367442324757576 -6.0343441516160965 9.979245314325615
      vertex -0.6075152956471587 -7.774577557292084 0
      vertex -0.9532451645572048 -7.739796811612261 0
    endloop
  endfacet
  facet normal 0.14222583976618292 0.9751762051354333 -0.16971499474253657
    outer loop
      vertex -0.7410666528007424 -6.017030591708974 10.076763660571672
      vertex -0.9532451645572048 -7.739796811612261 0
      vertex -1.297082453429598 -7.689649415792639 0
    endloop
  endfacet
  facet normal 0.054865556632194654 0.9839647306966751 -0.16971499474253657
    outer loop
      vertex -0.4650029242038727 -6.367714926600456 8.202706144108307
      vertex -0.2605792613518871 -7.793922598881023 0
      vertex -0.6075152956471587 -7.774577557292084 0
    endloop
  endfacet
  facet normal 0.0109785606907129 0.9854320330518493 -0.16971499474253657
    outer loop
      vertex -0.12723129242658615 -6.563571892678738 7.15252631855565
      vertex 0.0868741289464353 -7.797793528589661 0
      vertex -0.2605792613518871 -7.793922598881023 0
    endloop
  endfacet
  facet normal 0.3541939112922147 0.9196431339182952 -0.1697149947425365
    outer loop
      vertex -1.2472288981080055 -3.0614412426948547 26.079295371501313
      vertex -2.639937418153992 -7.337837655401313 0
      vertex -2.9641943065310614 -7.21295245665212 0
    endloop
  endfacet
  facet normal 0.31287509559753146 0.9345084243142896 -0.16971499474253654
    outer loop
      vertex -1.1408488973975182 -3.196981243789196 25.564580615579384
      vertex -2.3104391783974045 -7.448154256708258 0
      vertex -2.639937418153992 -7.337837655401313 0
    endloop
  endfacet
  facet normal 0.39480950776177953 0.9029519772061204 -0.16971499474253654
    outer loop
      vertex -1.256084032356739 -3.049238331615925 26.12622464502111
      vertex -2.9641943065310614 -7.21295245665212 0
      vertex -3.282566061491385 -7.073746608462869 0
    endloop
  endfacet
  facet normal 0.2709350953616302 0.9475183347360224 -0.16971499474253654
    outer loop
      vertex -1.0157389789819717 -3.335668310523033 25.02687263309625
      vertex -1.9763537755165244 -7.5436832371724485 0
      vertex -2.3104391783974045 -7.448154256708258 0
    endloop
  endfacet
  facet normal 0.22845717857283504 0.9586470352106036 -0.16971499474253654
    outer loop
      vertex -0.8816200941801071 -3.465206652879715 24.51120633239043
      vertex -1.638344505154368 -7.624234932845754 0
      vertex -1.9763537755165244 -7.5436832371724485 0
    endloop
  endfacet
  facet normal 0.142225839766195 0.9751762051354315 -0.16971499474253687
    outer loop
      vertex -0.7410666528007424 -6.017030591708974 10.076763660571672
      vertex -1.297082453429598 -7.689649415792639 0
      vertex -0.7693242356181145 -5.903844155371189 10.703448186450302
    endloop
  endfacet
  facet normal 0.09864362208955776 0.9805438574488106 -0.16971499474253696
    outer loop
      vertex -0.7367442324757576 -6.0343441516160965 9.979245314325615
      vertex -0.7057035490870476 -6.101787194609642 9.607628792231871
      vertex -0.6075152956471587 -7.774577557292084 0
    endloop
  endfacet
  facet normal 0.09864362208959225 0.9805438574488071 -0.16971499474253662
    outer loop
      vertex -0.7367442324757576 -6.0343441516160965 9.979245314325615
      vertex -0.9532451645572048 -7.739796811612261 0
      vertex -0.7410666528007424 -6.017030591708974 10.076763660571672
    endloop
  endfacet
  facet normal 0.05486555663219886 0.9839647306966748 -0.1697149947425366
    outer loop
      vertex -0.49546937568461236 -6.340688236367244 8.349550865729125
      vertex -0.4650029242038727 -6.367714926600456 8.202706144108307
      vertex -0.6075152956471587 -7.774577557292084 0
    endloop
  endfacet
  facet normal 0.05486555663219911 0.9839647306966748 -0.16971499474253646
    outer loop
      vertex -0.4410979673266411 -6.385905392467976 8.10497041893914
      vertex -0.29925796389579773 -6.477885395288467 7.6175476777176465
      vertex -0.2605792613518871 -7.793922598881023 0
    endloop
  endfacet
  facet normal 0.05486555663217525 0.983964730696676 -0.16971499474253723
    outer loop
      vertex -0.4410979673266411 -6.385905392467976 8.10497041893914
      vertex -0.2605792613518871 -7.793922598881023 0
      vertex -0.4650029242038727 -6.367714926600456 8.202706144108307
    endloop
  endfacet
  facet normal 0.09864362208957263 0.980543857448809 -0.16971499474253654
    outer loop
      vertex -0.49546937568461236 -6.340688236367244 8.349550865729125
      vertex -0.6075152956471587 -7.774577557292084 0
      vertex -0.5877629220485687 -6.2588149309158325 8.768937480026558
    endloop
  endfacet
  facet normal 0.010978560690706393 0.9854320330518495 -0.16971499474253643
    outer loop
      vertex -0.12723129242658615 -6.563571892678738 7.15252631855565
      vertex -0.2605792613518871 -7.793922598881023 0
      vertex -0.21796177182163468 -6.519233995366782 7.404100401797974
    endloop
  endfacet
  facet normal 0.05486555663219954 0.9839647306966747 -0.16971499474253646
    outer loop
      vertex -0.2782512903213501 -6.489771895110607 7.555423798953961
      vertex -0.21796177182163468 -6.519233995366782 7.404100401797974
      vertex -0.2605792613518871 -7.793922598881023 0
    endloop
  endfacet
  facet normal 0.05486555663219736 0.9839647306966748 -0.16971499474253648
    outer loop
      vertex -0.2782512903213501 -6.489771895110607 7.555423798953961
      vertex -0.2605792613518871 -7.793922598881023 0
      vertex -0.29925796389579773 -6.477885395288467 7.6175476777176465
    endloop
  endfacet
  facet normal 0.010978560690716925 0.9854320330518492 -0.16971499474253643
    outer loop
      vertex -0.12723129242658615 -6.563571892678738 7.15252631855565
      vertex -0.10259687900543213 -6.5736395344138145 7.095663185896981
      vertex 0.0868741289464353 -7.797793528589661 0
    endloop
  endfacet
  facet normal 0.09864362208956581 0.9805438574488097 -0.16971499474253668
    outer loop
      vertex -0.6180435493588448 -6.225087195634842 8.946202505689401
      vertex -0.5877629220485687 -6.2588149309158325 8.768937480026558
      vertex -0.6075152956471587 -7.774577557292084 0
    endloop
  endfacet
  facet normal 0.09864362208957163 0.9805438574488092 -0.1697149947425366
    outer loop
      vertex -0.6180435493588448 -6.225087195634842 8.946202505689401
      vertex -0.6075152956471587 -7.774577557292084 0
      vertex -0.7057035490870476 -6.101787194609642 9.607628792231871
    endloop
  endfacet
  facet normal 0.185525681202988 0.9678724307333628 -0.16971499474253662
    outer loop
      vertex -0.7403411045670509 -3.58562009036541 24.013592100017277
      vertex -1.297082453429598 -7.689649415792639 0
      vertex -1.638344505154368 -7.624234932845754 0
    endloop
  endfacet
  facet normal 0.1422258397661714 0.975176205135435 -0.1697149947425363
    outer loop
      vertex -0.7693242356181145 -5.903844155371189 10.703448186450302
      vertex -1.297082453429598 -7.689649415792639 0
      vertex -0.7682199627161026 -5.802729606628418 11.28537412774737
    endloop
  endfacet
  facet normal 0.14222583976592468 0.975176205135472 -0.16971499474253174
    outer loop
      vertex -0.7682199627161026 -5.802729606628418 11.28537412774737
      vertex -1.297082453429598 -7.689649415792639 0
      vertex -0.7340199574828148 -5.677449606359005 12.033889012358006
    endloop
  endfacet
  facet normal 0.5116385351427054 0.8422724202516473 -0.16971499474253657
    outer loop
      vertex -1.529083177447319 -2.551304280757904 27.99994588654755
      vertex -3.8991387199224845 -6.753506368664818 0
      vertex -4.196115475452622 -6.5731077844092916 0
    endloop
  endfacet
  facet normal 0.14222583976618106 0.9751762051354337 -0.16971499474253648
    outer loop
      vertex -0.7340199574828148 -5.677449606359005 12.033889012358006
      vertex -1.297082453429598 -7.689649415792639 0
      vertex -0.6205957202555563 -3.679152011569148 23.61108715910178
    endloop
  endfacet
  facet normal 0.6528704877079786 0.7382119931560899 -0.16971499474253654
    outer loop
      vertex -1.6241700872778893 -1.7731084674596786 31.310958306977092
      vertex -5.0347851093465845 -5.9551716962231165 0
      vertex -5.295071208415852 -5.724976150745127 0
    endloop
  endfacet
  facet normal 0.715984096468599 0.6771732379262968 -0.16971499474253643
    outer loop
      vertex -1.3514766916632652 -1.2370034009218216 34.634184032528445
      vertex -5.544844433735909 -5.483414195048822 0
      vertex -5.783608883687986 -5.230965428037202 0
    endloop
  endfacet
  facet normal 0.6851074007521057 0.7083958427279443 -0.16971499474253648
    outer loop
      vertex -1.5709254518151283 -1.5716572850942612 32.36975993553988
      vertex -5.295071208415852 -5.724976150745127 0
      vertex -5.544844433735909 -5.483414195048822 0
    endloop
  endfacet
  facet normal 0.7998540790306685 0.5756998113752878 -0.16971499474253637
    outer loop
      vertex -1.1982428401203358 -0.8225471474138565 36.834
      vertex -6.226238076707414 -4.695432934347351 0
      vertex -6.429224020483735 -4.4134124578640925 0
    endloop
  endfacet
  facet normal 0.84791989398049 0.5022237289810741 -0.16971499474253646
    outer loop
      vertex -1.2666982233898088 -0.7126326714931203 36.834
      vertex -6.619445335084655 -4.122629559470631 0
      vertex -6.79652435369776 -3.8236615616955762 0
    endloop
  endfacet
  facet normal 0.8694506466035414 0.463953008051704 -0.16971499474253668
    outer loop
      vertex -1.2971863091160918 -0.6554978207897351 36.834
      vertex -6.79652435369776 -3.8236615616955762 0
      vertex -6.9601095023228075 -3.5171020378247158 0
    endloop
  endfacet
  facet normal 0.8247056748951395 0.5394973311845885 -0.16971499474253665
    outer loop
      vertex -1.2336952255921487 -0.7683526559916722 36.834
      vertex -6.429224020483735 -4.4134124578640925 0
      vertex -6.619445335084655 -4.122629559470631 0
    endloop
  endfacet
  facet normal 0.7454392720361946 0.6446061683428799 -0.1697149947425363
    outer loop
      vertex -1.120276179157925 -0.9259325007956255 36.834
      vertex -5.783608883687986 -5.230965428037202 0
      vertex -6.0108905135577935 -4.968131063369397 0
    endloop
  endfacet
  facet normal 0.7734144469302991 0.6107592928798057 -0.1697149947425366
    outer loop
      vertex -1.160411454404094 -0.8751085476134349 36.834
      vertex -6.0108905135577935 -4.968131063369397 0
      vertex -6.226238076707414 -4.695432934347351 0
    endloop
  endfacet
  facet normal 0.5845745967769991 0.7933910519803898 -0.16971499474253657
    outer loop
      vertex -1.6269846633076668 -2.173800066113472 29.50519699294593
      vertex -4.484761232117168 -6.379658903083606 0
      vertex -4.76450291048458 -6.173543799535157 0
    endloop
  endfacet
  facet normal 0.6193373607430711 0.7665624920039772 -0.16971499474253648
    outer loop
      vertex -1.6402966231107712 -1.9754533991217613 30.362881743332128
      vertex -4.76450291048458 -6.173543799535157 0
      vertex -5.0347851093465845 -5.9551716962231165 0
    endloop
  endfacet
  facet normal 0.5486512140598239 0.8186444074628632 -0.16971499474253648
    outer loop
      vertex -1.5888893529772758 -2.3662175461649895 28.721121260782137
      vertex -4.196115475452622 -6.5731077844092916 0
      vertex -4.484761232117168 -6.379658903083606 0
    endloop
  endfacet
  facet normal 0.88925518544794 0.42476115137037984 -0.16971499474253637
    outer loop
      vertex -1.325098951498898 -0.5970615398389354 36.834
      vertex -6.9601095023228075 -3.5171020378247158 0
      vertex -7.10987599778936 -3.203559633416202 0
    endloop
  endfacet
  facet normal 0.4736100452735795 0.864228179114462 -0.16971499474253657
    outer loop
      vertex -1.5052688448141232 -2.607202118268573 27.794325418680025
      vertex -1.4520530477166176 -2.7266633585095406 27.33450609526683
      vertex -3.8991387199224845 -6.753506368664818 0
    endloop
  endfacet
  facet normal 0.39480950776177776 0.9029519772061211 -0.1697149947425365
    outer loop
      vertex -1.256084032356739 -3.049238331615925 26.12622464502111
      vertex -3.282566061491385 -7.073746608462869 0
      vertex -1.3499475863371837 -2.9090616857583553 26.653665111476187
    endloop
  endfacet
  facet normal 0.43464124649901265 0.8844680929244001 -0.1697149947425364
    outer loop
      vertex -1.3499475863371837 -2.9090616857583553 26.653665111476187
      vertex -3.282566061491385 -7.073746608462869 0
      vertex -1.3516640290617943 -2.906498335301876 26.662628166783573
    endloop
  endfacet
  facet normal 0.43464124649897107 0.8844680929244206 -0.16971499474253662
    outer loop
      vertex -1.3516640290617943 -2.906498335301876 26.662628166783573
      vertex -3.282566061491385 -7.073746608462869 0
      vertex -1.3600240647792816 -2.8928641006350517 26.712272744164654
    endloop
  endfacet
  facet normal 0.4346412464989844 0.8844680929244141 -0.1697149947425365
    outer loop
      vertex -1.3600240647792816 -2.8928641006350517 26.712272744164654
      vertex -3.594420585385383 -6.920496491159635 0
      vertex -1.4339150796236177 -2.7607799480961903 27.211392670680706
    endloop
  endfacet
  facet normal 0.47361004527360134 0.8642281791144502 -0.16971499474253643
    outer loop
      vertex -1.4339150796236177 -2.7607799480961903 27.211392670680706
      vertex -3.594420585385383 -6.920496491159635 0
      vertex -1.4439040645956993 -2.742924101650715 27.274443328352344
    endloop
  endfacet
  facet normal 0.47361004527354583 0.8642281791144805 -0.16971499474253668
    outer loop
      vertex -1.4439040645956993 -2.742924101650715 27.274443328352344
      vertex -3.594420585385383 -6.920496491159635 0
      vertex -1.4520530477166176 -2.7266633585095406 27.33450609526683
    endloop
  endfacet
  facet normal 0.31287509559747456 0.9345084243143087 -0.16971499474253626
    outer loop
      vertex -1.1472467827789155 -3.188829623317261 25.59767149839165
      vertex -1.1408488973975182 -3.196981243789196 25.564580615579384
      vertex -2.639937418153992 -7.337837655401313 0
    endloop
  endfacet
  facet normal 0.2709350953616735 0.9475183347360102 -0.16971499474253615
    outer loop
      vertex -1.0061800926923752 -3.345506653189659 24.98720511696526
      vertex -1.9763537755165244 -7.5436832371724485 0
      vertex -1.0157389789819717 -3.335668310523033 25.02687263309625
    endloop
  endfacet
  facet normal 0.27093509536163923 0.9475183347360199 -0.1697149947425366
    outer loop
      vertex -1.0157389789819717 -3.335668310523033 25.02687263309625
      vertex -2.3104391783974045 -7.448154256708258 0
      vertex -1.0298933367216778 -3.3200633505443564 25.091398890456368
    endloop
  endfacet
  facet normal 0.3128750955975283 0.9345084243142907 -0.16971499474253657
    outer loop
      vertex -1.1316589787602425 -3.207868307828903 25.521574654909518
      vertex -1.0298933367216778 -3.3200633505443564 25.091398890456368
      vertex -2.3104391783974045 -7.448154256708258 0
    endloop
  endfacet
  facet normal 0.3128750955975529 0.9345084243142824 -0.16971499474253632
    outer loop
      vertex -1.1316589787602425 -3.207868307828903 25.521574654909518
      vertex -2.3104391783974045 -7.448154256708258 0
      vertex -1.1408488973975182 -3.196981243789196 25.564580615579384
    endloop
  endfacet
  facet normal 0.3541939112922582 0.9196431339182785 -0.16971499474253673
    outer loop
      vertex -1.2472288981080055 -3.0614412426948547 26.079295371501313
      vertex -2.9641943065310614 -7.21295245665212 0
      vertex -1.2541775088730145 -3.051865636396212 26.116681490331715
    endloop
  endfacet
  facet normal 0.354193911292217 0.9196431339182943 -0.16971499474253654
    outer loop
      vertex -1.2472288981080055 -3.0614412426948547 26.079295371501313
      vertex -1.1472467827789155 -3.188829623317261 25.59767149839165
      vertex -2.639937418153992 -7.337837655401313 0
    endloop
  endfacet
  facet normal 0.394809507761688 0.9029519772061604 -0.16971499474253693
    outer loop
      vertex -1.256084032356739 -3.049238331615925 26.12622464502111
      vertex -1.2541775088730145 -3.051865636396212 26.116681490331715
      vertex -2.9641943065310614 -7.21295245665212 0
    endloop
  endfacet
  facet normal 0.2284571785728369 0.9586470352106032 -0.16971499474253654
    outer loop
      vertex -0.7658487121281182 -3.5639699012705313 24.10917767217654
      vertex -1.638344505154368 -7.624234932845754 0
      vertex -0.8724611103534698 -3.4734800904989243 24.476802355005372
    endloop
  endfacet
  facet normal 0.18552568120299107 0.9678724307333622 -0.16971499474253657
    outer loop
      vertex -0.7403411045670509 -3.58562009036541 24.013592100017277
      vertex -1.638344505154368 -7.624234932845754 0
      vertex -0.7658487121281182 -3.5639699012705313 24.10917767217654
    endloop
  endfacet
  facet normal 0.18552568120299948 0.9678724307333605 -0.16971499474253648
    outer loop
      vertex -0.7338515892624855 -3.5908987522125244 23.990582350458293
      vertex -0.6205957202555563 -3.679152011569148 23.61108715910178
      vertex -1.297082453429598 -7.689649415792639 0
    endloop
  endfacet
  facet normal 0.18552568120291846 0.967872430733376 -0.1697149947425372
    outer loop
      vertex -0.7338515892624855 -3.5908987522125244 23.990582350458293
      vertex -1.297082453429598 -7.689649415792639 0
      vertex -0.7403411045670509 -3.58562009036541 24.013592100017277
    endloop
  endfacet
  facet normal 0.1422258397661803 0.9751762051354338 -0.1697149947425365
    outer loop
      vertex -0.7340199574828148 -5.677449606359005 12.033889012358006
      vertex -0.46731414226353846 -3.794319281958026 23.07779438387979
      vertex -0.6934924423694611 -5.600619241595268 12.509316675909542
    endloop
  endfacet
  facet normal 0.14222583976610756 0.9751762051354443 -0.16971499474253676
    outer loop
      vertex -0.6934924423694611 -5.600619241595268 12.509316675909542
      vertex -0.46731414226353846 -3.794319281958026 23.07779438387979
      vertex -0.6891515817647667 -5.595510382408446 12.542309756265707
    endloop
  endfacet
  facet normal 0.22845717857283626 0.9586470352106036 -0.16971499474253657
    outer loop
      vertex -0.8816200941801071 -3.465206652879715 24.51120633239043
      vertex -1.9763537755165244 -7.5436832371724485 0
      vertex -0.9025682141912422 -3.4450758726228963 24.59671771833215
    endloop
  endfacet
  facet normal 0.2709350953616264 0.9475183347360235 -0.16971499474253657
    outer loop
      vertex -1.0061800926923752 -3.345506653189659 24.98720511696526
      vertex -0.9025682141912422 -3.4450758726228963 24.59671771833215
      vertex -1.9763537755165244 -7.5436832371724485 0
    endloop
  endfacet
  facet normal 0.22845717857280728 0.9586470352106103 -0.16971499474253682
    outer loop
      vertex -0.8724611103534698 -3.4734800904989243 24.476802355005372
      vertex -1.638344505154368 -7.624234932845754 0
      vertex -0.8816200941801071 -3.465206652879715 24.51120633239043
    endloop
  endfacet
  facet normal 0.09864362208956537 0.98054385744881 -0.16971499474253646
    outer loop
      vertex -0.6891515817647667 -5.595510382408446 12.542309756265707
      vertex -0.46731414226353846 -3.794319281958026 23.07779438387979
      vertex -0.5998924449086189 -5.490459240972996 13.201132485431263
    endloop
  endfacet
  facet normal 0.0986436220895904 0.9805438574488073 -0.16971499474253632
    outer loop
      vertex -0.5998924449086189 -5.490459240972996 13.201132485431263
      vertex -0.46731414226353846 -3.794319281958026 23.07779438387979
      vertex -0.5639174655079842 -5.457349069416523 13.413339295242547
    endloop
  endfacet
  facet normal 0.0986436220895719 0.9805438574488092 -0.1697149947425365
    outer loop
      vertex -0.5639174655079842 -5.457349069416523 13.413339295242547
      vertex -0.3155597150325775 -3.9071874916553497 22.513892393398933
      vertex -0.43269746750593185 -5.363389067351818 14.032470910120399
    endloop
  endfacet
  facet normal 0.09864362208955622 0.9805438574488107 -0.16971499474253654
    outer loop
      vertex -0.43269746750593185 -5.363389067351818 14.032470910120399
      vertex -0.3058957286574183 -3.914650518153742 22.476391086099824
      vertex -0.41837448384873194 -5.354078977071799 14.094585768264988
    endloop
  endfacet
  facet normal 0.05486555663188865 0.9839647306966922 -0.16971499474253532
    outer loop
      vertex -0.41759930551052094 -5.353575102984905 14.097757703202422
      vertex -0.41837448384873194 -5.354078977071799 14.094585768264988
      vertex -0.3058957286574183 -3.914650518153742 22.476391086099824
    endloop
  endfacet
  facet normal 0.05486555663219521 0.983964730696675 -0.16971499474253646
    outer loop
      vertex -0.41759930551052094 -5.353575102984905 14.097757703202422
      vertex -0.3058957286574183 -3.914650518153742 22.476391086099824
      vertex -0.27217692136764526 -5.2681059911847115 14.640298282883233
    endloop
  endfacet
  facet normal 0.05486555663219767 0.9839647306966749 -0.16971499474253665
    outer loop
      vertex -0.27217692136764526 -5.2681059911847115 14.640298282883233
      vertex -0.1353983095627453 -4.049761824009125 21.74816831436078
      vertex -0.17413964523987563 -5.2085147120107225 15.017487032686226
    endloop
  endfacet
  facet normal 0.010978560690701003 0.9854320330518497 -0.16971499474253632
    outer loop
      vertex -0.17413964523987563 -5.2085147120107225 15.017487032686226
      vertex -0.06065530329942703 -4.112896241247654 21.386420039863438
      vertex -0.13384021818637848 -5.184018984436989 15.162325762858929
    endloop
  endfacet
  facet normal 0.010978560690714874 0.9854320330518493 -0.16971499474253646
    outer loop
      vertex -0.13384021818637848 -5.184018984436989 15.162325762858929
      vertex -0.06065530329942703 -4.112896241247654 21.386420039863438
      vertex -0.01346614956855774 -5.096017055213451 15.681086371953644
    endloop
  endfacet
  facet normal 0.6193373607430761 0.7665624920039734 -0.16971499474253657
    outer loop
      vertex -1.6402966231107712 -1.9754533991217613 30.362881743332128
      vertex -5.0347851093465845 -5.9551716962231165 0
      vertex -1.6378038368957992 -1.9372034439645196 30.544744616594894
    endloop
  endfacet
  facet normal 0.5845745967770007 0.7933910519803886 -0.16971499474253657
    outer loop
      vertex -1.6269846633076668 -2.173800066113472 29.50519699294593
      vertex -4.76450291048458 -6.173543799535157 0
      vertex -1.6315994338384823 -2.1141241294937463 29.76827732110493
    endloop
  endfacet
  facet normal 0.6193373607430662 0.7665624920039813 -0.1697149947425366
    outer loop
      vertex -1.6315994338384823 -2.1141241294937463 29.76827732110493
      vertex -4.76450291048458 -6.173543799535157 0
      vertex -1.6401246637105942 -2.003880061209202 30.235112761687706
    endloop
  endfacet
  facet normal 0.6193373607430893 0.7665624920039626 -0.1697149947425364
    outer loop
      vertex -1.6401246637105942 -2.003880061209202 30.235112761687706
      vertex -4.76450291048458 -6.173543799535157 0
      vertex -1.6402966231107712 -1.9754533991217613 30.362881743332128
    endloop
  endfacet
  facet normal 0.6528704877079706 0.7382119931560969 -0.16971499474253657
    outer loop
      vertex -1.6378038368957992 -1.9372034439645196 30.544744616594894
      vertex -5.0347851093465845 -5.9551716962231165 0
      vertex -1.629316620528698 -1.8069734051823616 31.14385743948538
    endloop
  endfacet
  facet normal 0.6528704877079912 0.7382119931560789 -0.1697149947425364
    outer loop
      vertex -1.629316620528698 -1.8069734051823616 31.14385743948538
      vertex -5.0347851093465845 -5.9551716962231165 0
      vertex -1.6241700872778893 -1.7731084674596786 31.310958306977092
    endloop
  endfacet
  facet normal 0.6528704877079865 0.738211993156083 -0.16971499474253657
    outer loop
      vertex -1.6241700872778893 -1.7731084674596786 31.310958306977092
      vertex -5.295071208415852 -5.724976150745127 0
      vertex -1.6186034687023068 -1.7500173068694822 31.432812316985306
    endloop
  endfacet
  facet normal 0.68510740075211 0.7083958427279401 -0.16971499474253648
    outer loop
      vertex -1.6186034687023068 -1.7500173068694822 31.432812316985306
      vertex -5.295071208415852 -5.724976150745127 0
      vertex -1.585290089249611 -1.6118284612894058 32.14409682493662
    endloop
  endfacet
  facet normal 0.6851074007520856 0.7083958427279636 -0.1697149947425367
    outer loop
      vertex -1.585290089249611 -1.6118284612894058 32.14409682493662
      vertex -5.295071208415852 -5.724976150745127 0
      vertex -1.5709254518151283 -1.5716572850942612 32.36975993553988
    endloop
  endfacet
  facet normal 0.6851074007520983 0.7083958427279515 -0.16971499474253648
    outer loop
      vertex -1.5709254518151283 -1.5716572850942612 32.36975993553988
      vertex -5.544844433735909 -5.483414195048822 0
      vertex -1.5541296335285009 -1.5369117376110846 32.58259051574313
    endloop
  endfacet
  facet normal 0.7159840964686135 0.6771732379262814 -0.16971499474253646
    outer loop
      vertex -1.5541296335285009 -1.5369117376110846 32.58259051574313
      vertex -5.544844433735909 -5.483414195048822 0
      vertex -1.500185452401638 -1.4253172874450684 33.25543590050488
    endloop
  endfacet
  facet normal 0.7159840964685417 0.6771732379263572 -0.16971499474253698
    outer loop
      vertex -1.500185452401638 -1.4253172874450684 33.25543590050488
      vertex -5.544844433735909 -5.483414195048822 0
      vertex -1.4757082387804985 -1.386692576110363 33.51281396296399
    endloop
  endfacet
  facet normal 0.7159840964686321 0.6771732379262616 -0.1697149947425364
    outer loop
      vertex -1.4757082387804985 -1.386692576110363 33.51281396296399
      vertex -5.544844433735909 -5.483414195048822 0
      vertex -1.3736482411623 -1.260332576930523 34.44756310053956
    endloop
  endfacet
  facet normal 0.7159840964678946 0.67717323792704 -0.16971499474254265
    outer loop
      vertex -1.3736482411623 -1.260332576930523 34.44756310053956
      vertex -5.544844433735909 -5.483414195048822 0
      vertex -1.3514766916632652 -1.2370034009218216 34.634184032528445
    endloop
  endfacet
  facet normal 0.9072941904350057 0.3847259707407709 -0.16971499474253654
    outer loop
      vertex -1.3503807325704944 -0.5374398484674299 36.834
      vertex -1.325098951498898 -0.5970615398389354 36.834
      vertex -7.10987599778936 -3.203559633416202 0
    endloop
  endfacet
  facet normal 0.7159840964686357 0.6771732379262579 -0.16971499474253673
    outer loop
      vertex -1.3514766916632652 -1.2370034009218216 34.634184032528445
      vertex -5.783608883687986 -5.230965428037202 0
      vertex -1.0779166992557316 -0.9749181007058731 36.834
    endloop
  endfacet
  facet normal 0.8247056748951421 0.5394973311845841 -0.1697149947425365
    outer loop
      vertex -1.2336952255921487 -0.7683526559916722 36.834
      vertex -1.1982428401203358 -0.8225471474138565 36.834
      vertex -6.429224020483735 -4.4134124578640925 0
    endloop
  endfacet
  facet normal 0.7454392720361868 0.644606168342889 -0.16971499474253662
    outer loop
      vertex -1.120276179157925 -0.9259325007956255 36.834
      vertex -1.0779166992557316 -0.9749181007058731 36.834
      vertex -5.783608883687986 -5.230965428037202 0
    endloop
  endfacet
  facet normal 0.7998540790306664 0.5756998113752907 -0.16971499474253654
    outer loop
      vertex -1.160411454404094 -0.8751085476134349 36.834
      vertex -6.226238076707414 -4.695432934347351 0
      vertex -1.1982428401203358 -0.8225471474138565 36.834
    endloop
  endfacet
  facet normal 0.7734144469302986 0.6107592928798065 -0.16971499474253657
    outer loop
      vertex -1.160411454404094 -0.8751085476134349 36.834
      vertex -1.120276179157925 -0.9259325007956255 36.834
      vertex -6.0108905135577935 -4.968131063369397 0
    endloop
  endfacet
  facet normal 0.8694506466035384 0.4639530080517095 -0.16971499474253654
    outer loop
      vertex -1.2971863091160918 -0.6554978207897351 36.834
      vertex -1.2666982233898088 -0.7126326714931203 36.834
      vertex -6.79652435369776 -3.8236615616955762 0
    endloop
  endfacet
  facet normal 0.8479198939804915 0.5022237289810716 -0.16971499474253654
    outer loop
      vertex -1.2336952255921487 -0.7683526559916722 36.834
      vertex -6.619445335084655 -4.122629559470631 0
      vertex -1.2666982233898088 -0.7126326714931203 36.834
    endloop
  endfacet
  facet normal 0.8892551854479419 0.42476115137037573 -0.16971499474253648
    outer loop
      vertex -1.2971863091160918 -0.6554978207897351 36.834
      vertex -6.9601095023228075 -3.5171020378247158 0
      vertex -1.325098951498898 -0.5970615398389354 36.834
    endloop
  endfacet
  facet normal 0.9504778005670065 0.2603627684382823 -0.1697149947425366
    outer loop
      vertex -1.3928562552239727 -0.41511584636312254 36.834
      vertex -7.473430754877426 -2.2273221098097253 0
      vertex -1.4099656655873472 -0.35265639861365167 36.834
    endloop
  endfacet
  facet normal 0.9379359161495757 0.302445098747189 -0.1697149947425365
    outer loop
      vertex -1.3729814576947568 -0.4767511200245898 36.834
      vertex -7.3667916652048735 -2.5580288485986657 0
      vertex -1.3928562552239727 -0.41511584636312254 36.834
    endloop
  endfacet
  facet normal 0.9235318467901034 0.3439269523081927 -0.1697149947425366
    outer loop
      vertex -1.3503807325704944 -0.5374398484674299 36.834
      vertex -7.245526492583719 -2.8836568578911206 0
      vertex -1.3729814576947568 -0.4767511200245898 36.834
    endloop
  endfacet
  facet normal 0.9611325992918259 0.21776351195294258 -0.16971499474253646
    outer loop
      vertex -1.4099656655873472 -0.35265639861365167 36.834
      vertex -7.5652320395598105 -1.892193229142498 0
      vertex -1.4242757196343245 -0.2894967842281617 36.834
    endloop
  endfacet
  facet normal 0.9698791582074097 0.17473190617178985 -0.16971499474253648
    outer loop
      vertex -1.4242757196343245 -0.2894967842281617 36.834
      vertex -7.642013256298824 -1.553307573968542 0
      vertex -1.4357580060771977 -0.22576240077468251 36.834
    endloop
  endfacet
  facet normal 0.976700111830657 0.13135338636488517 -0.16971499474253657
    outer loop
      vertex -1.4357580060771977 -0.22576240077468251 36.834
      vertex -7.703621963095841 -1.2113379703874534 0
      vertex -1.444389727899085 -0.1615797869720275 36.834
    endloop
  endfacet
  facet normal 0.981581917789525 0.08771407656801285 -0.1697149947425366
    outer loop
      vertex -1.444389727899085 -0.1615797869720275 36.834
      vertex -7.749935841566284 -0.8669633673929383 0
      vertex -1.4501537476153 -0.09707637145887577 36.834
    endloop
  endfacet
  facet normal 0.9845148837101668 0.043900618591284926 -0.16971499474253657
    outer loop
      vertex -1.4501537476153 -0.09707637145887577 36.834
      vertex -7.7808629397914695 -0.5208674888824095 0
      vertex -1.4530386212982371 -0.0323802197960086 36.834
    endloop
  endfacet
  facet normal 0.9854931864602317 6.757935759004511e-15 -0.16971499474253654
    outer loop
      vertex -1.4530386212982371 -0.0323802197960086 36.834
      vertex -7.796341854880618 -0.1737374761864921 0
      vertex -1.4530386212982376 0.03238021979600861 36.834
    endloop
  endfacet
  facet normal 0.5116385351427445 0.8422724202516234 -0.1697149947425363
    outer loop
      vertex -1.5218930467963219 -2.569883354008198 27.929416508180278
      vertex -3.8991387199224845 -6.753506368664818 0
      vertex -1.529083177447319 -2.551304280757904 27.99994588654755
    endloop
  endfacet
  facet normal 0.5116385351426895 0.8422724202516568 -0.1697149947425366
    outer loop
      vertex -1.5052688448141232 -2.607202118268573 27.794325418680025
      vertex -3.8991387199224845 -6.753506368664818 0
      vertex -1.5218930467963219 -2.569883354008198 27.929416508180278
    endloop
  endfacet
  facet normal 0.5486512140598048 0.8186444074628757 -0.16971499474253665
    outer loop
      vertex -1.5630784697028597 -2.4485225244517785 28.407552398955282
      vertex -4.196115475452622 -6.5731077844092916 0
      vertex -1.5829031765460968 -2.388584278523922 28.632584137618032
    endloop
  endfacet
  facet normal 0.5486512140598544 0.8186444074628425 -0.16971499474253632
    outer loop
      vertex -1.5888893529772758 -2.3662175461649895 28.721121260782137
      vertex -1.5829031765460968 -2.388584278523922 28.632584137618032
      vertex -4.196115475452622 -6.5731077844092916 0
    endloop
  endfacet
  facet normal 0.5116385351427105 0.842272420251644 -0.16971499474253657
    outer loop
      vertex -1.529083177447319 -2.551304280757904 27.99994588654755
      vertex -4.196115475452622 -6.5731077844092916 0
      vertex -1.5630784697028597 -2.4485225244517785 28.407552398955282
    endloop
  endfacet
  facet normal 0.5486512140598176 0.8186444074628672 -0.1697149947425365
    outer loop
      vertex -1.5888893529772758 -2.3662175461649895 28.721121260782137
      vertex -4.484761232117168 -6.379658903083606 0
      vertex -1.6058040369787205 -2.2842870536237383 29.06164319105951
    endloop
  endfacet
  facet normal 0.5845745967770065 0.7933910519803845 -0.16971499474253654
    outer loop
      vertex -1.6058040369787205 -2.2842870536237383 29.06164319105951
      vertex -4.484761232117168 -6.379658903083606 0
      vertex -1.6234493553638458 -2.198817551136017 29.400421350869195
    endloop
  endfacet
  facet normal 0.5845745967769941 0.7933910519803936 -0.16971499474253662
    outer loop
      vertex -1.6234493553638458 -2.198817551136017 29.400421350869195
      vertex -4.484761232117168 -6.379658903083606 0
      vertex -1.6269846633076668 -2.173800066113472 29.50519699294593
    endloop
  endfacet
  facet normal 0.1422258397661763 0.9751762051354343 -0.16971499474253654
    outer loop
      vertex -0.7340199574828148 -5.677449606359005 12.033889012358006
      vertex -0.6205957202555563 -3.679152011569148 23.61108715910178
      vertex -0.596871592104435 -3.697638750076294 23.52474450283887
    endloop
  endfacet
  facet normal 0.14222583976618858 0.9751762051354326 -0.16971499474253646
    outer loop
      vertex -0.7340199574828148 -5.677449606359005 12.033889012358006
      vertex -0.593509279191494 -3.700202137231827 23.512833084027037
      vertex -0.46731414226353846 -3.794319281958026 23.07779438387979
    endloop
  endfacet
  facet normal 0.14222583976592204 0.9751762051354708 -0.16971499474253987
    outer loop
      vertex -0.7340199574828148 -5.677449606359005 12.033889012358006
      vertex -0.596871592104435 -3.697638750076294 23.52474450283887
      vertex -0.593509279191494 -3.700202137231827 23.512833084027037
    endloop
  endfacet
  facet normal 0.09864362208957474 0.9805438574488088 -0.1697149947425365
    outer loop
      vertex -0.5639174655079842 -5.457349069416523 13.413339295242547
      vertex -0.45377714186906815 -3.804415002465248 23.02733356283254
      vertex -0.3155597150325775 -3.9071874916553497 22.513892393398933
    endloop
  endfacet
  facet normal 0.09864362208955336 0.9805438574488111 -0.16971499474253657
    outer loop
      vertex -0.43269746750593185 -5.363389067351818 14.032470910120399
      vertex -0.3155597150325775 -3.9071874916553497 22.513892393398933
      vertex -0.3058957286574183 -3.914650518153742 22.476391086099824
    endloop
  endfacet
  facet normal 0.054865556632192454 0.9839647306966751 -0.16971499474253648
    outer loop
      vertex -0.27217692136764526 -5.2681059911847115 14.640298282883233
      vertex -0.3058957286574183 -3.914650518153742 22.476391086099824
      vertex -0.18295034021139145 -4.009595260024071 21.96567127419079
    endloop
  endfacet
  facet normal 0.05486555663217756 0.9839647306966761 -0.16971499474253648
    outer loop
      vertex -0.27217692136764526 -5.2681059911847115 14.640298282883233
      vertex -0.18295034021139145 -4.009595260024071 21.96567127419079
      vertex -0.1353983095627453 -4.049761824009125 21.74816831436078
    endloop
  endfacet
  facet normal 0.010978560690727751 0.9854320330518492 -0.16971499474253673
    outer loop
      vertex -0.17413964523987563 -5.2085147120107225 15.017487032686226
      vertex -0.1353983095627453 -4.049761824009125 21.74816831436078
      vertex -0.06065530329942703 -4.112896241247654 21.386420039863438
    endloop
  endfacet
  facet normal 0.0109785606907193 0.9854320330518492 -0.1697149947425364
    outer loop
      vertex -0.01346614956855774 -5.096017055213451 15.681086371953644
      vertex -0.06065530329942703 -4.112896241247654 21.386420039863438
      vertex 0.04500439763069153 -4.21871317923069 20.778840202588896
    endloop
  endfacet
  facet normal 0.09864362208786288 0.9805438574489812 -0.16971499474253543
    outer loop
      vertex -0.5639174655079842 -5.457349069416523 13.413339295242547
      vertex -0.4540092796087265 -3.8042421340942383 23.028197399950173
      vertex -0.45377714186906815 -3.804415002465248 23.02733356283254
    endloop
  endfacet
  facet normal 0.09864362208957413 0.9805438574488088 -0.16971499474253632
    outer loop
      vertex -0.5639174655079842 -5.457349069416523 13.413339295242547
      vertex -0.46731414226353846 -3.794319281958026 23.07779438387979
      vertex -0.4540092796087265 -3.8042421340942383 23.028197399950173
    endloop
  endfacet
  facet normal 0.7159840964686218 0.6771732379262725 -0.16971499474253698
    outer loop
      vertex -1.3514766916632652 -1.2370034009218216 34.634184032528445
      vertex -1.0779166992557316 -0.9749181007058731 36.834
      vertex -1.2292566895484924 -1.127563402056694 35.58647122683242
    endloop
  endfacet
  facet normal 0.7159840964686076 0.6771732379262876 -0.169714994742537
    outer loop
      vertex -1.2292566895484924 -1.127563402056694 35.58647122683242
      vertex -1.0779166992557316 -0.9749181007058731 36.834
      vertex -1.228000983595848 -1.1264484599232674 35.59621741613665
    endloop
  endfacet
  facet normal 0.7159840964686368 0.6771732379262566 -0.16971499474253676
    outer loop
      vertex -1.228000983595848 -1.1264484599232674 35.59621741613665
      vertex -1.0779166992557316 -0.9749181007058731 36.834
      vertex -1.1215862780809402 -1.0327589809894562 36.418980571508584
    endloop
  endfacet
  facet normal 0.71598409646856 0.6771732379263369 -0.16971499474253943
    outer loop
      vertex -1.1215862780809402 -1.0327589809894562 36.418980571508584
      vertex -1.0779166992557316 -0.9749181007058731 36.834
      vertex -1.0771030023641852 -0.9757784330419194 36.834
    endloop
  endfacet
  facet normal 0.9854931864602317 -7.969693275364301e-16 -0.16971499474253654
    outer loop
      vertex -1.4530386212982376 0.03238021979600861 36.834
      vertex -7.796341854880618 -0.1737374761864921 0
      vertex -7.796341854880618 0.1737374761864921 0
    endloop
  endfacet
  facet normal 0.9845148837101666 -0.043900618591288756 -0.16971499474253657
    outer loop
      vertex -1.450153747615299 0.09707637145887571 36.834
      vertex -7.796341854880618 0.1737374761864921 0
      vertex -7.7808629397914695 0.5208674888824095 0
    endloop
  endfacet
  facet normal 0.9815819177895257 -0.08771407656800254 -0.16971499474253648
    outer loop
      vertex -1.4443897278990858 0.16157978697202757 36.834
      vertex -7.7808629397914695 0.5208674888824095 0
      vertex -7.749935841566284 0.8669633673929383 0
    endloop
  endfacet
  facet normal 0.976700111830657 -0.13135338636488636 -0.1697149947425365
    outer loop
      vertex -1.4357580060771982 0.2257624007746826 36.834
      vertex -7.749935841566284 0.8669633673929383 0
      vertex -7.703621963095841 1.2113379703874534 0
    endloop
  endfacet
  facet normal 0.9698791582074082 -0.17473190617179812 -0.16971499474253662
    outer loop
      vertex -1.424275719634324 0.28949678422816166 36.834
      vertex -7.703621963095841 1.2113379703874534 0
      vertex -7.642013256298824 1.553307573968542 0
    endloop
  endfacet
  facet normal 0.9611325992918242 -0.21776351195295027 -0.16971499474253654
    outer loop
      vertex -1.4099656655873465 0.3526563986136515 36.834
      vertex -7.642013256298824 1.553307573968542 0
      vertex -7.5652320395598105 1.892193229142498 0
    endloop
  endfacet
  facet normal 0.9504778005670089 -0.26036276843827333 -0.16971499474253657
    outer loop
      vertex -1.3928562552239725 0.4151158463631225 36.834
      vertex -7.5652320395598105 1.892193229142498 0
      vertex -7.473430754877426 2.2273221098097253 0
    endloop
  endfacet
  facet normal 0.9379359161495753 -0.30244509874719033 -0.16971499474253654
    outer loop
      vertex -1.372981457694757 0.47675112002458986 36.834
      vertex -7.473430754877426 2.2273221098097253 0
      vertex -7.3667916652048735 2.5580288485986657 0
    endloop
  endfacet
  facet normal 0.9235318467901052 -0.34392695230818776 -0.16971499474253637
    outer loop
      vertex -1.3503807325704944 0.5374398484674299 36.834
      vertex -7.3667916652048735 2.5580288485986657 0
      vertex -7.245526492583719 2.8836568578911206 0
    endloop
  endfacet
  facet normal 0.907294190435004 -0.3847259707407744 -0.16971499474253665
    outer loop
      vertex -1.3250989514988978 0.5970615398389353 36.834
      vertex -7.245526492583719 2.8836568578911206 0
      vertex -7.10987599778936 3.203559633416202 0
    endloop
  endfacet
  facet normal 0.8892551854479399 -0.4247611513703801 -0.16971499474253654
    outer loop
      vertex -1.2971863091160911 0.6554978207897347 36.834
      vertex -7.10987599778936 3.203559633416202 0
      vertex -6.9601095023228075 3.5171020378247158 0
    endloop
  endfacet
  facet normal 0.8694506466035408 -0.46395300805170525 -0.16971499474253657
    outer loop
      vertex -1.2666982233898083 0.7126326714931199 36.834
      vertex -6.9601095023228075 3.5171020378247158 0
      vertex -6.79652435369776 3.8236615616955762 0
    endloop
  endfacet
  facet normal 0.8479198939804911 -0.5022237289810725 -0.16971499474253654
    outer loop
      vertex -1.2336952255921485 0.768352655991672 36.834
      vertex -6.79652435369776 3.8236615616955762 0
      vertex -6.619445335084655 4.122629559470631 0
    endloop
  endfacet
  facet normal 0.824705674895139 -0.5394973311845892 -0.16971499474253632
    outer loop
      vertex -1.1982428401203356 0.8225471474138563 36.834
      vertex -6.619445335084655 4.122629559470631 0
      vertex -6.429224020483735 4.4134124578640925 0
    endloop
  endfacet
  facet normal 0.799854079030669 -0.5756998113752873 -0.1697149947425364
    outer loop
      vertex -1.1604114544040938 0.8751085476134348 36.834
      vertex -6.429224020483735 4.4134124578640925 0
      vertex -6.226238076707414 4.695432934347351 0
    endloop
  endfacet
  facet normal 0.7734144469302986 -0.6107592928798065 -0.16971499474253632
    outer loop
      vertex -1.1202761791579248 0.9259325007956252 36.834
      vertex -6.226238076707414 4.695432934347351 0
      vertex -6.0108905135577935 4.968131063369397 0
    endloop
  endfacet
  facet normal 0.7454392720361946 -0.6446061683428798 -0.16971499474253648
    outer loop
      vertex -1.0779166992557323 0.9749181007058738 36.834
      vertex -6.0108905135577935 4.968131063369397 0
      vertex -5.783608883687986 5.230965428037202 0
    endloop
  endfacet
  facet normal 0.7159840964685985 -0.6771732379262971 -0.1697149947425366
    outer loop
      vertex -1.0334171155238805 1.0219680909698805 36.834
      vertex -5.783608883687986 5.230965428037202 0
      vertex -5.544844433735909 5.483414195048822 0
    endloop
  endfacet
  facet normal 0.6851074007521067 -0.7083958427279433 -0.1697149947425364
    outer loop
      vertex -0.986865777766793 1.0669890581871324 36.834
      vertex -5.544844433735909 5.483414195048822 0
      vertex -5.295071208415852 5.724976150745127 0
    endloop
  endfacet
  facet normal 0.6528704877079786 -0.7382119931560899 -0.1697149947425365
    outer loop
      vertex -0.9383551093565892 1.1098916173945559 36.834
      vertex -5.295071208415852 5.724976150745127 0
      vertex -5.0347851093465845 5.9551716962231165 0
    endloop
  endfacet
  facet normal 0.619337360743071 -0.7665624920039774 -0.1697149947425363
    outer loop
      vertex -0.8879814237350372 1.1505905895320956 36.834
      vertex -5.0347851093465845 5.9551716962231165 0
      vertex -4.76450291048458 6.173543799535157 0
    endloop
  endfacet
  facet normal 0.5845745967769984 -0.7933910519803904 -0.1697149947425365
    outer loop
      vertex -0.8358447331921279 1.1890051705578497 36.834
      vertex -4.76450291048458 6.173543799535157 0
      vertex -4.484761232117166 6.379658903083607 0
    endloop
  endfacet
  facet normal 0.5486512140598244 -0.8186444074628626 -0.1697149947425364
    outer loop
      vertex -0.7820485503009332 1.2250590918770117 36.834
      vertex -4.484761232117166 6.379658903083607 0
      vertex -4.196115475452623 6.573107784409291 0
    endloop
  endfacet
  facet normal 0.5116385351427056 -0.8422724202516472 -0.16971499474253662
    outer loop
      vertex -0.7266996824029714 1.2586807717661135 36.834
      vertex -4.196115475452623 6.573107784409291 0
      vertex -3.8991387199224845 6.753506368664818 0
    endloop
  endfacet
  facet normal 0.473610045273578 -0.864228179114463 -0.16971499474253646
    outer loop
      vertex -0.6699080195521201 1.2898034574919066 36.834
      vertex -3.8991387199224845 6.753506368664818 0
      vertex -3.594420585385381 6.920496491159636 0
    endloop
  endfacet
  facet normal 0.43464124649898517 -0.8844680929244136 -0.16971499474253654
    outer loop
      vertex -0.6117863163380827 1.3183653578427335 36.834
      vertex -3.594420585385381 6.920496491159636 0
      vertex -3.2825660614913867 7.073746608462868 0
    endloop
  endfacet
  facet normal 0.3948095077617797 -0.9029519772061204 -0.16971499474253654
    outer loop
      vertex -0.5524499680225902 1.3443097658092646 36.834
      vertex -3.2825660614913867 7.073746608462868 0
      vertex -2.9641943065310614 7.21295245665212 0
    endloop
  endfacet
  facet normal 0.35419391129221395 -0.9196431339182957 -0.1697149947425364
    outer loop
      vertex -0.4920167814327893 1.3675851711710092 36.834
      vertex -2.9641943065310614 7.21295245665212 0
      vertex -2.639937418153992 7.337837655401313 0
    endloop
  endfacet
  facet normal 0.3128750955975305 -0.9345084243142899 -0.16971499474253646
    outer loop
      vertex -0.43060674106669217 1.3881453627650964 36.834
      vertex -2.639937418153992 7.337837655401313 0
      vertex -2.3104391783974028 7.448154256708258 0
    endloop
  endfacet
  facet normal 0.2709350953616306 -0.9475183347360223 -0.16971499474253654
    outer loop
      vertex -0.3683417708750628 1.4059495202342587 36.834
      vertex -2.3104391783974028 7.448154256708258 0
      vertex -1.9763537755165261 7.543683237172448 0
    endloop
  endfacet
  facet normal 0.2284571785728375 -0.9586470352106032 -0.1697149947425365
    outer loop
      vertex -0.30534549219269613 1.4209622950718717 36.834
      vertex -1.9763537755165261 7.543683237172448 0
      vertex -1.638344505154364 7.624234932845755 0
    endloop
  endfacet
  facet normal 0.185525681202988 -0.9678724307333627 -0.1697149947425365
    outer loop
      vertex -0.24174297829970376 1.4331538808031425 36.834
      vertex -1.638344505154364 7.624234932845755 0
      vertex -1.297082453429598 7.689649415792639 0
    endloop
  endfacet
  facet normal 0.14222583976618244 -0.9751762051354335 -0.16971499474253648
    outer loop
      vertex -0.1776605061000913 1.442500072163111 36.834
      vertex -1.297082453429598 7.689649415792639 0
      vertex -0.9532451645572066 7.73979681161226 0
    endloop
  endfacet
  facet normal 0.09864362208957501 -0.9805438574488087 -0.16971499474253654
    outer loop
      vertex -0.11322530541065531 1.448982313153954 36.834
      vertex -0.9532451645572066 7.73979681161226 0
      vertex -0.6075152956471549 7.774577557292085 0
    endloop
  endfacet
  facet normal 0.054865556632191795 -0.9839647306966752 -0.16971499474253654
    outer loop
      vertex -0.04856530635795944 1.4525877338862105 36.834
      vertex -0.6075152956471549 7.774577557292085 0
      vertex -0.2605792613518871 7.793922598881023 0
    endloop
  endfacet
  facet normal 0.010978560690712865 -0.9854320330518492 -0.16971499474253654
    outer loop
      vertex 0.016191114615091966 1.4533091761307506 36.834
      vertex -0.2605792613518871 7.793922598881023 0
      vertex 0.08687412894643336 7.797793528589661 0
    endloop
  endfacet
  facet normal 0.9845148837101659 -0.04390061859130519 -0.16971499474253648
    outer loop
      vertex -1.4530386212982376 0.03238021979600861 36.834
      vertex -7.796341854880618 0.1737374761864921 0
      vertex -1.450153747615299 0.09707637145887571 36.834
    endloop
  endfacet
  facet normal 0.9815819177895273 -0.08771407656798585 -0.16971499474253662
    outer loop
      vertex -1.450153747615299 0.09707637145887571 36.834
      vertex -7.7808629397914695 0.5208674888824095 0
      vertex -1.4443897278990858 0.16157978697202757 36.834
    endloop
  endfacet
  facet normal 0.9767001118306561 -0.1313533863648918 -0.1697149947425365
    outer loop
      vertex -1.4443897278990858 0.16157978697202757 36.834
      vertex -7.749935841566284 0.8669633673929383 0
      vertex -1.4357580060771982 0.2257624007746826 36.834
    endloop
  endfacet
  facet normal 0.9698791582074073 -0.1747319061718033 -0.1697149947425365
    outer loop
      vertex -1.4357580060771982 0.2257624007746826 36.834
      vertex -7.703621963095841 1.2113379703874534 0
      vertex -1.424275719634324 0.28949678422816166 36.834
    endloop
  endfacet
  facet normal 0.9611325992918249 -0.21776351195294613 -0.1697149947425365
    outer loop
      vertex -1.424275719634324 0.28949678422816166 36.834
      vertex -7.642013256298824 1.553307573968542 0
      vertex -1.4099656655873465 0.3526563986136515 36.834
    endloop
  endfacet
  facet normal 0.9504778005670084 -0.2603627684382756 -0.16971499474253654
    outer loop
      vertex -1.4099656655873465 0.3526563986136515 36.834
      vertex -7.5652320395598105 1.892193229142498 0
      vertex -1.3928562552239725 0.4151158463631225 36.834
    endloop
  endfacet
  facet normal 0.9379359161495778 -0.3024450987471824 -0.1697149947425366
    outer loop
      vertex -1.3928562552239725 0.4151158463631225 36.834
      vertex -7.473430754877426 2.2273221098097253 0
      vertex -1.372981457694757 0.47675112002458986 36.834
    endloop
  endfacet
  facet normal 0.9235318467901021 -0.34392695230819587 -0.16971499474253648
    outer loop
      vertex -1.372981457694757 0.47675112002458986 36.834
      vertex -7.3667916652048735 2.5580288485986657 0
      vertex -1.3503807325704944 0.5374398484674299 36.834
    endloop
  endfacet
  facet normal 0.9072941904350043 -0.3847259707407743 -0.16971499474253654
    outer loop
      vertex -1.3503807325704944 0.5374398484674299 36.834
      vertex -7.245526492583719 2.8836568578911206 0
      vertex -1.3250989514988978 0.5970615398389353 36.834
    endloop
  endfacet
  facet normal 0.8892551854479386 -0.42476115137038256 -0.16971499474253648
    outer loop
      vertex -1.3250989514988978 0.5970615398389353 36.834
      vertex -7.10987599778936 3.203559633416202 0
      vertex -1.2971863091160911 0.6554978207897347 36.834
    endloop
  endfacet
  facet normal 0.8694506466035399 -0.46395300805170686 -0.16971499474253654
    outer loop
      vertex -1.2971863091160911 0.6554978207897347 36.834
      vertex -6.9601095023228075 3.5171020378247158 0
      vertex -1.2666982233898083 0.7126326714931199 36.834
    endloop
  endfacet
  facet normal 0.8479198939804934 -0.5022237289810685 -0.16971499474253657
    outer loop
      vertex -1.2666982233898083 0.7126326714931199 36.834
      vertex -6.79652435369776 3.8236615616955762 0
      vertex -1.2336952255921485 0.768352655991672 36.834
    endloop
  endfacet
  facet normal 0.8247056748951421 -0.5394973311845841 -0.16971499474253657
    outer loop
      vertex -1.2336952255921485 0.768352655991672 36.834
      vertex -6.619445335084655 4.122629559470631 0
      vertex -1.1982428401203356 0.8225471474138563 36.834
    endloop
  endfacet
  facet normal 0.799854079030667 -0.5756998113752899 -0.16971499474253654
    outer loop
      vertex -1.1982428401203356 0.8225471474138563 36.834
      vertex -6.429224020483735 4.4134124578640925 0
      vertex -1.1604114544040938 0.8751085476134348 36.834
    endloop
  endfacet
  facet normal 0.7734144469302973 -0.610759292879808 -0.1697149947425365
    outer loop
      vertex -1.1604114544040938 0.8751085476134348 36.834
      vertex -6.226238076707414 4.695432934347351 0
      vertex -1.1202761791579248 0.9259325007956252 36.834
    endloop
  endfacet
  facet normal 0.7454392720362001 -0.6446061683428738 -0.16971499474253662
    outer loop
      vertex -1.1202761791579248 0.9259325007956252 36.834
      vertex -6.0108905135577935 4.968131063369397 0
      vertex -1.0779166992557323 0.9749181007058738 36.834
    endloop
  endfacet
  facet normal 0.7159840964685932 -0.6771732379263027 -0.16971499474253648
    outer loop
      vertex -1.0779166992557323 0.9749181007058738 36.834
      vertex -5.783608883687986 5.230965428037202 0
      vertex -1.0334171155238805 1.0219680909698805 36.834
    endloop
  endfacet
  facet normal 0.6851074007521136 -0.7083958427279365 -0.16971499474253657
    outer loop
      vertex -1.0334171155238805 1.0219680909698805 36.834
      vertex -5.544844433735909 5.483414195048822 0
      vertex -0.986865777766793 1.0669890581871324 36.834
    endloop
  endfacet
  facet normal 0.6528704877079724 -0.7382119931560955 -0.1697149947425365
    outer loop
      vertex -0.986865777766793 1.0669890581871324 36.834
      vertex -5.295071208415852 5.724976150745127 0
      vertex -0.9383551093565892 1.1098916173945559 36.834
    endloop
  endfacet
  facet normal 0.6193373607430673 -0.7665624920039804 -0.16971499474253654
    outer loop
      vertex -0.9383551093565892 1.1098916173945559 36.834
      vertex -5.0347851093465845 5.9551716962231165 0
      vertex -0.8879814237350372 1.1505905895320956 36.834
    endloop
  endfacet
  facet normal 0.5845745967770068 -0.7933910519803841 -0.1697149947425366
    outer loop
      vertex -0.8879814237350372 1.1505905895320956 36.834
      vertex -4.76450291048458 6.173543799535157 0
      vertex -0.8358447331921279 1.1890051705578497 36.834
    endloop
  endfacet
  facet normal 0.5486512140598203 -0.8186444074628653 -0.1697149947425365
    outer loop
      vertex -0.8358447331921279 1.1890051705578497 36.834
      vertex -4.484761232117166 6.379658903083607 0
      vertex -0.7820485503009332 1.2250590918770117 36.834
    endloop
  endfacet
  facet normal 0.5116385351427005 -0.8422724202516501 -0.16971499474253648
    outer loop
      vertex -0.7820485503009332 1.2250590918770117 36.834
      vertex -4.196115475452623 6.573107784409291 0
      vertex -0.7266996824029714 1.2586807717661135 36.834
    endloop
  endfacet
  facet normal 0.4736100452735834 -0.8642281791144599 -0.16971499474253657
    outer loop
      vertex -0.7266996824029714 1.2586807717661135 36.834
      vertex -3.8991387199224845 6.753506368664818 0
      vertex -0.6699080195521201 1.2898034574919066 36.834
    endloop
  endfacet
  facet normal 0.43464124649898045 -0.884468092924416 -0.1697149947425365
    outer loop
      vertex -0.6699080195521201 1.2898034574919066 36.834
      vertex -3.594420585385381 6.920496491159636 0
      vertex -0.6117863163380827 1.3183653578427335 36.834
    endloop
  endfacet
  facet normal 0.39480950776178614 -0.9029519772061175 -0.16971499474253657
    outer loop
      vertex -0.6117863163380827 1.3183653578427335 36.834
      vertex -3.2825660614913867 7.073746608462868 0
      vertex -0.5524499680225902 1.3443097658092646 36.834
    endloop
  endfacet
  facet normal 0.35419391129220995 -0.9196431339182971 -0.1697149947425365
    outer loop
      vertex -0.5524499680225902 1.3443097658092646 36.834
      vertex -2.9641943065310614 7.21295245665212 0
      vertex -0.4920167814327893 1.3675851711710092 36.834
    endloop
  endfacet
  facet normal 0.31287509559752263 -0.9345084243142927 -0.16971499474253654
    outer loop
      vertex -0.4920167814327893 1.3675851711710092 36.834
      vertex -2.639937418153992 7.337837655401313 0
      vertex -0.43060674106669217 1.3881453627650964 36.834
    endloop
  endfacet
  facet normal 0.2709350953616365 -0.9475183347360207 -0.16971499474253654
    outer loop
      vertex -0.43060674106669217 1.3881453627650964 36.834
      vertex -2.3104391783974028 7.448154256708258 0
      vertex -0.3683417708750628 1.4059495202342587 36.834
    endloop
  endfacet
  facet normal 0.22845717857284276 -0.9586470352106018 -0.1697149947425365
    outer loop
      vertex -0.3683417708750628 1.4059495202342587 36.834
      vertex -1.9763537755165261 7.543683237172448 0
      vertex -0.30534549219269613 1.4209622950718717 36.834
    endloop
  endfacet
  facet normal 0.18552568120297905 -0.9678724307333644 -0.1697149947425365
    outer loop
      vertex -0.30534549219269613 1.4209622950718717 36.834
      vertex -1.638344505154364 7.624234932845755 0
      vertex -0.24174297829970376 1.4331538808031425 36.834
    endloop
  endfacet
  facet normal 0.14222583976619205 -0.975176205135432 -0.1697149947425366
    outer loop
      vertex -0.24174297829970376 1.4331538808031425 36.834
      vertex -1.297082453429598 7.689649415792639 0
      vertex -0.1776605061000913 1.442500072163111 36.834
    endloop
  endfacet
  facet normal 0.0986436220895672 -0.9805438574488096 -0.16971499474253646
    outer loop
      vertex -0.1776605061000913 1.442500072163111 36.834
      vertex -0.9532451645572066 7.73979681161226 0
      vertex -0.11322530541065531 1.448982313153954 36.834
    endloop
  endfacet
  facet normal 0.054865556632188284 -0.9839647306966754 -0.1697149947425365
    outer loop
      vertex -0.11322530541065531 1.448982313153954 36.834
      vertex -0.6075152956471549 7.774577557292085 0
      vertex -0.04856530635795944 1.4525877338862105 36.834
    endloop
  endfacet
  facet normal 0.01097856069072237 -0.9854320330518491 -0.16971499474253654
    outer loop
      vertex -0.04856530635795944 1.4525877338862105 36.834
      vertex -0.2605792613518871 7.793922598881023 0
      vertex 0.016191114615091966 1.4533091761307506 36.834
    endloop
  endfacet
  facet normal -0.03293023216678736 0.9849428513213254 -0.1697149947425365
    outer loop
      vertex 0.08931591361761093 -6.632508240640163 6.762272286669102
      vertex 0.43415503870317856 -7.786182661045376 0
      vertex 0.0868741289464353 -7.797793528589661 0
    endloop
  endfacet
  facet normal -0.07677364509649275 0.9824981567301481 -0.16971499474253654
    outer loop
      vertex 0.3684070333865763 -6.6070509376786015 6.85586126636018
      vertex 0.7805739738178857 -7.759113048550921 0
      vertex 0.43415503870317856 -7.786182661045376 0
    endloop
  endfacet
  facet normal 0.010978560690717072 0.9854320330518493 -0.1697149947425364
    outer loop
      vertex -0.10259687900543213 -6.5736395344138145 7.095663185896981
      vertex 0.04662312567234039 -6.623319536447525 6.816854324014987
      vertex 0.0868741289464353 -7.797793528589661 0
    endloop
  endfacet
  facet normal 0.010978560690713946 0.9854320330518493 -0.16971499474253648
    outer loop
      vertex 0.04662312567234039 -6.623319536447525 6.816854324014987
      vertex 0.07385477506456477 -6.629180563168562 6.7845844637693995
      vertex 0.0868741289464353 -7.797793528589661 0
    endloop
  endfacet
  facet normal -0.03293023216680661 0.9849428513213245 -0.16971499474253637
    outer loop
      vertex 0.07385477506456477 -6.629180563168562 6.7845844637693995
      vertex 0.08931591361761093 -6.632508240640163 6.762272286669102
      vertex 0.0868741289464353 -7.797793528589661 0
    endloop
  endfacet
  facet normal -0.032930232166789426 0.9849428513213252 -0.1697149947425366
    outer loop
      vertex 0.08931591361761093 -6.632508240640163 6.762272286669102
      vertex 0.2169359102845192 -6.645648241043091 6.661251716220404
      vertex 0.43415503870317856 -7.786182661045376 0
    endloop
  endfacet
  facet normal -0.032930232166787705 0.9849428513213254 -0.16971499474253654
    outer loop
      vertex 0.2169359102845192 -6.645648241043091 6.661251716220404
      vertex 0.3195612356066704 -6.629053547978401 6.737646548241911
      vertex 0.43415503870317856 -7.786182661045376 0
    endloop
  endfacet
  facet normal -0.0329302321667863 0.9849428513213253 -0.1697149947425365
    outer loop
      vertex 0.3195612356066704 -6.629053547978401 6.737646548241911
      vertex 0.3684070333865763 -6.6070509376786015 6.85586126636018
      vertex 0.43415503870317856 -7.786182661045376 0
    endloop
  endfacet
  facet normal -0.07677364509649837 0.9824981567301476 -0.16971499474253676
    outer loop
      vertex 0.3684070333865763 -6.6070509376786015 6.85586126636018
      vertex 0.39948123693466187 -6.593053549528122 6.922836657658216
      vertex 0.7805739738178857 -7.759113048550921 0
    endloop
  endfacet
  facet normal -0.12046463106036462 0.9781028029931367 -0.16971499474253657
    outer loop
      vertex 0.583933954686913 -5.804458922890303 11.404654311679096
      vertex 1.1254431515609398 -7.716638435316222 0
      vertex 0.7805739738178857 -7.759113048550921 0
    endloop
  endfacet
  facet normal -0.16391644565000307 0.971765516678283 -0.1697149947425366
    outer loop
      vertex 0.8137616996771097 -5.579584184423038 12.537521197137108
      vertex 1.468077866102534 -7.658843150754221 0
      vertex 1.1254431515609398 -7.716638435316222 0
    endloop
  endfacet
  facet normal -0.20704281930962892 0.9634988798809582 -0.16971499474253654
    outer loop
      vertex 1.0352824349186962 -5.400984490572944 13.346207149857147
      vertex 1.8077978479327377 -7.585841942052627 0
      vertex 1.468077866102534 -7.658843150754221 0
    endloop
  endfacet
  facet normal -0.07677364509649194 0.9824981567301481 -0.1697149947425365
    outer loop
      vertex 0.39948123693466187 -6.593053549528122 6.922836657658216
      vertex 0.5116485804319382 -6.458072744309902 7.6535139716333225
      vertex 0.7805739738178857 -7.759113048550921 0
    endloop
  endfacet
  facet normal -0.07677364509650424 0.9824981567301472 -0.1697149947425368
    outer loop
      vertex 0.5116485804319382 -6.458072744309902 7.6535139716333225
      vertex 0.5328885763883591 -6.370952740311623 8.148252645482385
      vertex 0.7805739738178857 -7.759113048550921 0
    endloop
  endfacet
  facet normal -0.07677364509647604 0.9824981567301494 -0.16971499474253632
    outer loop
      vertex 0.5328885763883591 -6.370952740311623 8.148252645482385
      vertex 0.5367935597896576 -6.29690819978714 8.575137876698305
      vertex 0.7805739738178857 -7.759113048550921 0
    endloop
  endfacet
  facet normal -0.07677364509654545 0.9824981567301438 -0.16971499474253718
    outer loop
      vertex 0.5367935597896576 -6.29690819978714 8.575137876698305
      vertex 0.5200351849198341 -6.17236702889204 9.303700915890438
      vertex 0.7805739738178857 -7.759113048550921 0
    endloop
  endfacet
  facet normal -0.07677364509647668 0.9824981567301493 -0.16971499474253637
    outer loop
      vertex 0.5200351849198341 -6.17236702889204 9.303700915890438
      vertex 0.5063639506697655 -6.046439744532108 10.038891789515347
      vertex 0.7805739738178857 -7.759113048550921 0
    endloop
  endfacet
  facet normal -0.07677364509649567 0.9824981567301478 -0.1697149947425366
    outer loop
      vertex 0.5063639506697655 -6.046439744532108 10.038891789515347
      vertex 0.5169781148433685 -5.940421484410763 10.647841265267218
      vertex 0.7805739738178857 -7.759113048550921 0
    endloop
  endfacet
  facet normal -0.07677364509648366 0.9824981567301487 -0.16971499474253646
    outer loop
      vertex 0.5169781148433685 -5.940421484410763 10.647841265267218
      vertex 0.5554300472140312 -5.8435178473591805 11.191432301017963
      vertex 0.7805739738178857 -7.759113048550921 0
    endloop
  endfacet
  facet normal -0.07677364509650905 0.9824981567301467 -0.16971499474253662
    outer loop
      vertex 0.5554300472140312 -5.8435178473591805 11.191432301017963
      vertex 0.583933954686913 -5.804458922890303 11.404654311679096
      vertex 0.7805739738178857 -7.759113048550921 0
    endloop
  endfacet
  facet normal -0.12046463106036798 0.9781028029931363 -0.16971499474253665
    outer loop
      vertex 0.583933954686913 -5.804458922890303 11.404654311679096
      vertex 0.6258045807480812 -5.7470835745334625 11.705600374855722
      vertex 1.1254431515609398 -7.716638435316222 0
    endloop
  endfacet
  facet normal -0.12046463106036212 0.9781028029931371 -0.16971499474253657
    outer loop
      vertex 0.6258045807480812 -5.7470835745334625 11.705600374855722
      vertex 0.7285286262631416 -5.648620679974556 12.200148420196163
      vertex 1.1254431515609398 -7.716638435316222 0
    endloop
  endfacet
  facet normal -0.12046463106036988 0.9781028029931361 -0.16971499474253662
    outer loop
      vertex 0.7285286262631416 -5.648620679974556 12.200148420196163
      vertex 0.8137616996771097 -5.579584184423038 12.537521197137108
      vertex 1.1254431515609398 -7.716638435316222 0
    endloop
  endfacet
  facet normal -0.1639164456499902 0.9717655166782851 -0.16971499474253632
    outer loop
      vertex 0.8137616996771097 -5.579584184423038 12.537521197137108
      vertex 0.8546768501400948 -5.54644401371479 12.687760185228061
      vertex 1.468077866102534 -7.658843150754221 0
    endloop
  endfacet
  facet normal -0.1639164456500019 0.9717655166782834 -0.16971499474253654
    outer loop
      vertex 0.8546768501400948 -5.54644401371479 12.687760185228061
      vertex 0.9894632920622826 -5.439901955425739 13.167624583557034
      vertex 1.468077866102534 -7.658843150754221 0
    endloop
  endfacet
  facet normal -0.16391644564999336 0.9717655166782847 -0.16971499474253646
    outer loop
      vertex 0.9894632920622826 -5.439901955425739 13.167624583557034
      vertex 0.9952718988060951 -5.4351304695010185 13.189335330559235
      vertex 1.468077866102534 -7.658843150754221 0
    endloop
  endfacet
  facet normal -0.16391644565000116 0.9717655166782834 -0.16971499474253654
    outer loop
      vertex 0.9952718988060951 -5.4351304695010185 13.189335330559235
      vertex 1.0352824349186962 -5.400984490572944 13.346207149857147
      vertex 1.468077866102534 -7.658843150754221 0
    endloop
  endfacet
  facet normal -0.24975812861631413 0.9533193052433258 -0.1697149947425365
    outer loop
      vertex 1.241753413738066 -5.210618619992808 14.175061251550066
      vertex 2.143928614473589 -7.4977797463540075 0
      vertex 1.8077978479327377 -7.585841942052627 0
    endloop
  endfacet
  facet normal -0.2919775662773386 0.9412470033685647 -0.16971499474253662
    outer loop
      vertex 1.4262732995653893 -4.987984667984202 15.154090260317119
      vertex 2.475802809201879 -7.394831402996494 0
      vertex 2.143928614473589 -7.4977797463540075 0
    endloop
  endfacet
  facet normal -0.3336173095072529 0.9273059426945796 -0.1697149947425366
    outer loop
      vertex 1.5797896551583943 -4.718581830780091 16.38410108902574
      vertex 2.8027615266237036 -7.277201306386472 0
      vertex 2.475802809201879 -7.394831402996494 0
    endloop
  endfacet
  facet normal -0.2070428193096304 0.9634988798809578 -0.16971499474253657
    outer loop
      vertex 1.0352824349186962 -5.400984490572944 13.346207149857147
      vertex 1.1266718953847885 -5.322990469634533 13.677501508065045
      vertex 1.8077978479327377 -7.585841942052627 0
    endloop
  endfacet
  facet normal -0.20704281930964852 0.9634988798809541 -0.16971499474253685
    outer loop
      vertex 1.1266718953847885 -5.322990469634533 13.677501508065045
      vertex 1.1370024904608727 -5.313529118895531 13.71861234402904
      vertex 1.8077978479327377 -7.585841942052627 0
    endloop
  endfacet
  facet normal -0.20704281930962445 0.9634988798809592 -0.1697149947425365
    outer loop
      vertex 1.1370024904608727 -5.313529118895531 13.71861234402904
      vertex 1.241753413738066 -5.210618619992808 14.175061251550066
      vertex 1.8077978479327377 -7.585841942052627 0
    endloop
  endfacet
  facet normal -0.24975812861630503 0.9533193052433282 -0.16971499474253632
    outer loop
      vertex 1.241753413738066 -5.210618619992808 14.175061251550066
      vertex 1.2599424868822098 -5.192749120295048 14.248669774981481
      vertex 2.143928614473589 -7.4977797463540075 0
    endloop
  endfacet
  facet normal -0.24975812861628788 0.953319305243333 -0.16971499474253604
    outer loop
      vertex 1.2599424868822098 -5.192749120295048 14.248669774981481
      vertex 1.2720746546983719 -5.179719261825085 14.304006712701263
      vertex 2.143928614473589 -7.4977797463540075 0
    endloop
  endfacet
  facet normal -0.24975812861632277 0.9533193052433234 -0.16971499474253665
    outer loop
      vertex 1.2720746546983719 -5.179719261825085 14.304006712701263
      vertex 1.383314661681652 -5.049039259552956 14.874355096771245
      vertex 2.143928614473589 -7.4977797463540075 0
    endloop
  endfacet
  facet normal -0.24975812861630609 0.953319305243328 -0.16971499474253648
    outer loop
      vertex 1.383314661681652 -5.049039259552956 14.874355096771245
      vertex 1.3963503018021584 -5.031942844390869 14.95120502722344
      vertex 2.143928614473589 -7.4977797463540075 0
    endloop
  endfacet
  facet normal -0.24975812861632513 0.9533193052433231 -0.16971499474253665
    outer loop
      vertex 1.3963503018021584 -5.031942844390869 14.95120502722344
      vertex 1.4262732995653893 -4.987984667984202 15.154090260317119
      vertex 2.143928614473589 -7.4977797463540075 0
    endloop
  endfacet
  facet normal -0.29197756627733384 0.9412470033685664 -0.16971499474253654
    outer loop
      vertex 1.4262732995653893 -4.987984667984202 15.154090260317119
      vertex 1.4922902956604958 -4.891002848744392 15.57838020003136
      vertex 2.475802809201879 -7.394831402996494 0
    endloop
  endfacet
  facet normal -0.2919775662773427 0.9412470033685636 -0.1697149947425366
    outer loop
      vertex 1.4922902956604958 -4.891002848744392 15.57838020003136
      vertex 1.5061887800693512 -4.867212720215321 15.686410380646304
      vertex 2.475802809201879 -7.394831402996494 0
    endloop
  endfacet
  facet normal -0.29197756627733973 0.9412470033685645 -0.1697149947425366
    outer loop
      vertex 1.5061887800693512 -4.867212720215321 15.686410380646304
      vertex 1.5797896551583943 -4.718581830780091 16.38410108902574
      vertex 2.475802809201879 -7.394831402996494 0
    endloop
  endfacet
  facet normal -0.3336173095068812 0.9273059426947144 -0.1697149947425299
    outer loop
      vertex 1.5803487822413445 -4.717452719807625 16.38917133542883
      vertex 2.8027615266237036 -7.277201306386472 0
      vertex 1.5797896551583943 -4.718581830780091 16.38410108902574
    endloop
  endfacet
  facet normal -0.33361730950728097 0.9273059426945692 -0.16971499474253704
    outer loop
      vertex 1.5803487822413445 -4.717452719807625 16.38917133542883
      vertex 1.5944561436772346 -4.679897032678127 16.56664034420065
      vertex 2.8027615266237036 -7.277201306386472 0
    endloop
  endfacet
  facet normal -0.33361730950723745 0.927305942694585 -0.16971499474253635
    outer loop
      vertex 1.5944561436772346 -4.679897032678127 16.56664034420065
      vertex 1.6354961469769478 -4.5249170288443565 17.332761353532295
      vertex 2.8027615266237036 -7.277201306386472 0
    endloop
  endfacet
  facet normal -0.3745946864502232 0.9115238019068946 -0.16971499474253662
    outer loop
      vertex 0.689486498496636 -1.790210119531587 34.134548175924785
      vertex 3.1241556204703524 -7.145123000192405 0
      vertex 2.8027615266237036 -7.277201306386472 0
    endloop
  endfacet
  facet normal -0.4148283403173811 0.8939319149851783 -0.1697149947425364
    outer loop
      vertex 0.7427973398002347 -1.6988200979211612 34.50772806004905
      vertex 3.4393469925181592 -6.998858713665486 0
      vertex 3.1241556204703524 -7.145123000192405 0
    endloop
  endfacet
  facet normal -0.33361730950725865 0.9273059426945774 -0.1697149947425366
    outer loop
      vertex 1.6354961469769478 -4.5249170288443565 17.332761353532295
      vertex 1.6420667245984077 -4.4676123932003975 17.632952098763138
      vertex 2.8027615266237036 -7.277201306386472 0
    endloop
  endfacet
  facet normal -0.3336173095072535 0.9273059426945792 -0.1697149947425365
    outer loop
      vertex 1.6420667245984077 -4.4676123932003975 17.632952098763138
      vertex 1.6373867243528366 -4.314432397484779 18.479112154551366
      vertex 2.8027615266237036 -7.277201306386472 0
    endloop
  endfacet
  facet normal -0.3336173095072502 0.9273059426945804 -0.1697149947425365
    outer loop
      vertex 1.6373867243528366 -4.314432397484779 18.479112154551366
      vertex 1.6237739846110344 -4.247776322066784 18.870073604717547
      vertex 2.8027615266237036 -7.277201306386472 0
    endloop
  endfacet
  facet normal -0.03293023216677723 0.9849428513213255 -0.16971499474253704
    outer loop
      vertex 0.08629514276981354 -5.000669971108437 16.233249881852174
      vertex 0.22266029566526413 -4.5608846470713615 18.759089602333884
      vertex 0.16105927526950836 -4.8985564559698105 16.81136012288869
    endloop
  endfacet
  facet normal 0.010978560690715605 0.9854320330518495 -0.16971499474253637
    outer loop
      vertex -0.01346614956855774 -5.096017055213451 15.681086371953644
      vertex 0.04500439763069153 -4.21871317923069 20.778840202588896
      vertex 0.056033983818191135 -5.029592143225946 16.07127138535211
    endloop
  endfacet
  facet normal -0.032930232166791515 0.9849428513213251 -0.16971499474253648
    outer loop
      vertex 0.056033983818191135 -5.029592143225946 16.07127138535211
      vertex 0.1290881708264351 -4.328612141311169 20.12524169899458
      vertex 0.08629514276981354 -5.000669971108437 16.233249881852174
    endloop
  endfacet
  facet normal -0.03293023216680063 0.9849428513213249 -0.1697149947425359
    outer loop
      vertex 0.16105927526950836 -4.8985564559698105 16.81136012288869
      vertex 0.22949962317943573 -4.6777984872460365 18.07925178412277
      vertex 0.20891863852739334 -4.7906127870082855 17.428526127015257
    endloop
  endfacet
  facet normal -0.032930232166789364 0.9849428513213252 -0.16971499474253662
    outer loop
      vertex 0.16105927526950836 -4.8985564559698105 16.81136012288869
      vertex 0.22266029566526413 -4.5608846470713615 18.759089602333884
      vertex 0.22949962317943573 -4.6777984872460365 18.07925178412277
    endloop
  endfacet
  facet normal -0.0329302321667891 0.9849428513213252 -0.16971499474253635
    outer loop
      vertex 0.08629514276981354 -5.000669971108437 16.233249881852174
      vertex 0.18882764130830765 -4.4432058557868 19.44860440665734
      vertex 0.22266029566526413 -4.5608846470713615 18.759089602333884
    endloop
  endfacet
  facet normal -0.3336173095072746 0.9273059426945718 -0.16971499474253607
    outer loop
      vertex 1.6237739846110344 -4.247776322066784 18.870073604717547
      vertex 0.689486498496636 -1.790210119531587 34.134548175924785
      vertex 2.8027615266237036 -7.277201306386472 0
    endloop
  endfacet
  facet normal -0.45423839091317675 0.8745652089925307 -0.1697149947425366
    outer loop
      vertex 0.7880532712628318 -1.6036397363827022 34.898449693228876
      vertex 3.7477098594734164 -6.8386988410077505 0
      vertex 3.4393469925181592 -6.998858713665486 0
    endloop
  endfacet
  facet normal -0.49274659323011255 0.853462134731037 -0.16971499474253643
    outer loop
      vertex 0.8278330748466654 -1.5106028219316934 35.271412227600855
      vertex 4.048631995407202 -6.664961364821263 0
      vertex 3.7477098594734164 -6.8386988410077505 0
    endloop
  endfacet
  facet normal -0.5302764927969926 0.8306645904012413 -0.16971499474253643
    outer loop
      vertex 0.858923011229934 -1.4139809920233744 35.66703792396573
      vertex 4.34151594727331 -6.477991224783077 0
      vertex 4.048631995407202 -6.664961364821263 0
    endloop
  endfacet
  facet normal -0.5667535774721469 0.8062178384171761 -0.1697149947425367
    outer loop
      vertex 0.886261838612396 -1.322394408569886 36.029885027856025
      vertex 4.625780221095931 -6.278159632799463 0
      vertex 4.34151594727331 -6.477991224783077 0
    endloop
  endfacet
  facet normal -0.6021054253804318 0.7801704155420083 -0.1697149947425365
    outer loop
      vertex 0.9080628324202191 -1.232432832097566 36.38443729698444
      vertex 4.900860436472137 -6.065863335999019 0
      vertex 4.625780221095931 -6.278159632799463 0
    endloop
  endfacet
  facet normal -0.6362618487001581 0.7525740365227849 -0.16971499474253654
    outer loop
      vertex 0.9283981498495045 -1.149091342506229 36.69540899218097
      vertex 5.166210447096946 -5.8415238290279525 0
      vertex 4.900860436472137 -6.065863335999019 0
    endloop
  endfacet
  facet normal -0.669155033014486 0.7234834914156114 -0.16971499474253646
    outer loop
      vertex 0.9628494292726527 -1.0887105630826073 36.834
      vertex 5.42130342508622 -5.605586517211505 0
      vertex 5.166210447096946 -5.8415238290279525 0
    endloop
  endfacet
  facet normal -0.7007196719506956 0.6929565368050512 -0.16971499474253646
    outer loop
      vertex 1.0103922328002275 -1.0447378855556504 36.834
      vertex 5.665632906944687 -5.358519832242902 0
      vertex 5.42130342508622 -5.605586517211505 0
    endloop
  endfacet
  facet normal -0.7308930968399461 0.6610537811337698 -0.16971499474253665
    outer loop
      vertex 1.0559289960759282 -0.9986909776624605 36.834
      vertex 5.89871379910234 -5.100814302155554 0
      vertex 5.665632906944687 -5.358519832242902 0
    endloop
  endfacet
  facet normal -0.7596154011401013 0.6278385643700966 -0.1697149947425367
    outer loop
      vertex 1.0993693100713569 -0.9506612612763535 36.834
      vertex 6.12008334102278 -4.832981577425105 0
      vertex 5.89871379910234 -5.100814302155554 0
    endloop
  endfacet
  facet normal -0.7868295593746395 0.593376832252365 -0.16971499474253665
    outer loop
      vertex 1.1406269280641002 -0.9007440949533742 36.834
      vertex 6.329302023971475 -4.555553415134719 0
      vertex 6.12008334102278 -4.832981577425105 0
    endloop
  endfacet
  facet normal -0.8124815403514474 0.5577370053597664 -0.1697149947425365
    outer loop
      vertex 1.1796199368726223 -0.849038584606702 36.834
      vertex 6.525954463619628 -4.269080623220656 0
      vertex 6.329302023971475 -4.555553415134719 0
    endloop
  endfacet
  facet normal -0.8365204144367537 0.5209898432696195 -0.16971499474253654
    outer loop
      vertex 1.2162709194872963 -0.7956473867410409 36.834
      vertex 6.709650224751326 -3.974131966894089 0
      vertex 6.525954463619628 -4.269080623220656 0
    endloop
  endfacet
  facet normal -0.8588984546712048 0.4832083040707778 -0.16971499474253648
    outer loop
      vertex 1.2505071087747168 -0.7406765046376307 36.834
      vertex 6.8800245964365425 -3.6712930394103926 0
      vertex 6.709650224751326 -3.974131966894089 0
    endloop
  endfacet
  facet normal -0.8795712315273307 0.4444673995120852 -0.1697149947425366
    outer loop
      vertex 1.2822605319501084 -0.6842350778945386 36.834
      vertex 7.036739316130891 -3.3611650994279887 0
      vertex 6.8800245964365425 -3.6712930394103926 0
    endloop
  endfacet
  facet normal -0.8984977011202412 0.4048440460735253 -0.16971499474253637
    outer loop
      vertex 1.311468145530991 -0.6264351657400972 36.834
      vertex 7.179483241264621 -3.0443638772649133 0
      vertex 7.036739316130891 -3.3611650994279887 0
    endloop
  endfacet
  facet normal -0.9156402866964812 0.36441691225562817 -0.16971499474253665
    outer loop
      vertex 1.338071960504185 -0.5673915245496763 36.834
      vertex 7.307972966987392 -2.7215183524232414 0
      vertex 7.179483241264621 -3.0443638772649133 0
    endloop
  endfacet
  facet normal -0.9309649532391808 0.3232662623904801 -0.16971499474253648
    outer loop
      vertex 1.362019157457629 -0.5072213800075176 36.834
      vertex 7.421953388842351 -2.3932695048085493 0
      vertex 7.307972966987392 -2.7215183524232414 0
    endloop
  endfacet
  facet normal -0.9444412750414368 0.281473797284305 -0.1697149947425367
    outer loop
      vertex 1.3832621914484275 -0.44604419436599696 36.834
      vertex 7.521198209252433 -2.0602690421236263 0
      vertex 7.421953388842351 -2.3932695048085493 0
    endloop
  endfacet
  facet normal -0.9560424961137379 0.2391224920080797 -0.16971499474253643
    outer loop
      vertex 1.4017588863989432 -0.38398142926437817 36.834
      vertex 7.605510386813257 -1.72317810596313 0
      vertex 7.521198209252433 -2.0602690421236263 0
    endloop
  endfacet
  facet normal -0.9657455833055076 0.1962964311581987 -0.16971499474253657
    outer loop
      vertex 1.4174725188334851 -0.3211563045779646 36.834
      vertex 7.674722527500576 -1.3826659591782011 0
      vertex 7.605510386813257 -1.72317810596313 0
    endloop
  endfacet
  facet normal -0.9735312720352852 0.15308064191431953 -0.16971499474253657
    outer loop
      vertex 1.4303718907893785 -0.2576935537764541 36.834
      vertex 7.728697217015641 -1.0394086571169634 0
      vertex 7.674722527500576 -1.3826659591782011 0
    endloop
  endfacet
  facet normal -0.9793841045387767 0.1095609252257345 -0.1697149947425365
    outer loop
      vertex 1.440431391757627 -0.19371917627716834 36.834
      vertex 7.767327293608553 -0.6940877053792599 0
      vertex 7.728697217015641 -1.0394086571169634 0
    endloop
  endfacet
  facet normal -0.9832924605588104 0.06582368546155225 -0.16971499474253654
    outer loop
      vertex 1.4476310495302105 -0.129360187284884 36.834
      vertex 7.790536060838005 -0.34738870675034633 0
      vertex 7.767327293608553 -0.6940877053792599 0
    endloop
  endfacet
  facet normal -0.9852485804162818 0.021955758862814936 -0.16971499474253654
    outer loop
      vertex 1.451956569853053 -0.06474436561489519 36.834
      vertex 7.798277439844969 0 0
      vertex 7.790536060838005 -0.34738870675034633 0
    endloop
  endfacet
  facet normal -0.03293023216677864 0.9849428513213255 -0.16971499474253673
    outer loop
      vertex 0.08629514276981354 -5.000669971108437 16.233249881852174
      vertex 0.1290881708264351 -4.328612141311169 20.12524169899458
      vertex 0.18882764130830765 -4.4432058557868 19.44860440665734
    endloop
  endfacet
  facet normal -0.03293023216680101 0.9849428513213249 -0.1697149947425363
    outer loop
      vertex 0.056033983818191135 -5.029592143225946 16.07127138535211
      vertex 0.047029583840762335 -4.2213601330250725 20.763601953115426
      vertex 0.1290881708264351 -4.328612141311169 20.12524169899458
    endloop
  endfacet
  facet normal 0.010978560690755047 0.9854320330518489 -0.1697149947425362
    outer loop
      vertex 0.056033983818191135 -5.029592143225946 16.07127138535211
      vertex 0.04500439763069153 -4.21871317923069 20.778840202588896
      vertex 0.047029583840762335 -4.2213601330250725 20.763601953115426
    endloop
  endfacet
  facet normal -0.37459468645022165 0.9115238019068952 -0.16971499474253648
    outer loop
      vertex 0.689486498496636 -1.790210119531587 34.134548175924785
      vertex 0.7427973398002347 -1.6988200979211612 34.50772806004905
      vertex 3.1241556204703524 -7.145123000192405 0
    endloop
  endfacet
  facet normal -0.4148283403173563 0.8939319149851898 -0.16971499474253637
    outer loop
      vertex 0.7427973398002347 -1.6988200979211612 34.50772806004905
      vertex 0.7536157816648483 -1.6802741959691048 34.57897089502632
      vertex 3.4393469925181592 -6.998858713665486 0
    endloop
  endfacet
  facet normal -0.4148283403173942 0.8939319149851721 -0.1697149947425366
    outer loop
      vertex 0.7536157816648483 -1.6802741959691048 34.57897089502632
      vertex 0.7647556066513062 -1.658128261566162 34.66839046848489
      vertex 3.4393469925181592 -6.998858713665486 0
    endloop
  endfacet
  facet normal -0.41482834031738286 0.8939319149851773 -0.16971499474253654
    outer loop
      vertex 0.7647556066513062 -1.658128261566162 34.66839046848489
      vertex 0.7880532712628318 -1.6036397363827022 34.898449693228876
      vertex 3.4393469925181592 -6.998858713665486 0
    endloop
  endfacet
  facet normal -0.333617309506816 0.927305942694737 -0.16971499474253474
    outer loop
      vertex 1.6237739846110344 -4.247776322066784 18.870073604717547
      vertex 1.5685139819979668 -4.106296315789223 19.751733732720844
      vertex 0.689486498496636 -1.790210119531587 34.134548175924785
    endloop
  endfacet
  facet normal -0.3336173095073332 0.9273059426945505 -0.16971499474253676
    outer loop
      vertex 1.5685139819979668 -4.106296315789223 19.751733732720844
      vertex 1.537275269627571 -4.052735559642315 20.10579191558726
      vertex 0.689486498496636 -1.790210119531587 34.134548175924785
    endloop
  endfacet
  facet normal -0.33361730950724505 0.9273059426945823 -0.16971499474253654
    outer loop
      vertex 1.537275269627571 -4.052735559642315 20.10579191558726
      vertex 1.437555268406868 -3.930335558950901 20.970598038116005
      vertex 0.689486498496636 -1.790210119531587 34.134548175924785
    endloop
  endfacet
  facet normal -0.3336173095072494 0.9273059426945807 -0.1697149947425365
    outer loop
      vertex 1.437555268406868 -3.930335558950901 20.970598038116005
      vertex 1.4055739417672157 -3.8990122750401497 21.20461266671964
      vertex 0.689486498496636 -1.790210119531587 34.134548175924785
    endloop
  endfacet
  facet normal -0.12046463106035782 0.9781028029931377 -0.16971499474253643
    outer loop
      vertex 0.4929224903328821 -3.3797394646357186 25.443417148639675
      vertex 0.38390763849020004 -3.297834888100624 25.992829591162646
      vertex 0.327809781345702 -2.2476386787697114 32.08514727512494
    endloop
  endfacet
  facet normal -0.16391644565003374 0.9717655166782779 -0.16971499474253607
    outer loop
      vertex 0.501626543700695 -3.386278957128525 25.397566215999984
      vertex 0.4929224903328821 -3.3797394646357186 25.443417148639675
      vertex 0.4124393885273947 -2.1516628367338098 32.55295407934465
    endloop
  endfacet
  facet normal -0.16391644564998933 0.9717655166782854 -0.16971499474253654
    outer loop
      vertex 0.6675481322615809 -3.482544460767249 24.68611008262499
      vertex 0.6341514214873314 -3.465632274746895 24.815202678986207
      vertex 0.4124393885273947 -2.1516628367338098 32.55295407934465
    endloop
  endfacet
  facet normal -0.20704281930963275 0.9634988798809574 -0.16971499474253648
    outer loop
      vertex 0.7798461467027664 -3.53941248357296 24.226264010063648
      vertex 0.6675481322615809 -3.482544460767249 24.68611008262499
      vertex 0.49088359575917134 -2.0598350493854993 32.97857740471935
    endloop
  endfacet
  facet normal -0.16391644565000557 0.9717655166782827 -0.16971499474253654
    outer loop
      vertex 0.6341514214873314 -3.465632274746895 24.815202678986207
      vertex 0.501626543700695 -3.386278957128525 25.397566215999984
      vertex 0.4124393885273947 -2.1516628367338098 32.55295407934465
    endloop
  endfacet
  facet normal -0.29197756627732246 0.9412470033685698 -0.16971499474253662
    outer loop
      vertex 1.0924248546361923 -3.689512625336647 22.929827327968333
      vertex 0.6297859118164133 -1.88107090781035 33.75545026579519
      vertex 1.1048067435622215 -3.6961303874850273 22.87182312745181
    endloop
  endfacet
  facet normal -0.2919775662773514 0.9412470033685609 -0.16971499474253637
    outer loop
      vertex 1.0924248546361923 -3.689512625336647 22.929827327968333
      vertex 1.0488833274883549 -3.6681707198826436 23.12309931158499
      vertex 0.6297859118164133 -1.88107090781035 33.75545026579519
    endloop
  endfacet
  facet normal -0.3336173095072508 0.9273059426945801 -0.16971499474253654
    outer loop
      vertex 1.4055739417672157 -3.8990122750401497 21.20461266671964
      vertex 1.2750739455223083 -3.7971322759985924 22.017805315962296
      vertex 0.689486498496636 -1.790210119531587 34.134548175924785
    endloop
  endfacet
  facet normal -0.2919775662773806 0.9412470033685517 -0.16971499474253662
    outer loop
      vertex 1.2701788983087026 -3.793823469997844 22.045506745386156
      vertex 1.252406746149063 -3.781810387969017 22.142707038271073
      vertex 0.6297859118164133 -1.88107090781035 33.75545026579519
    endloop
  endfacet
  facet normal -0.3336173095071369 0.9273059426946211 -0.16971499474253693
    outer loop
      vertex 1.2750739455223083 -3.7971322759985924 22.017805315962296
      vertex 1.2701788983087026 -3.793823469997844 22.045506745386156
      vertex 0.6297859118164133 -1.88107090781035 33.75545026579519
    endloop
  endfacet
  facet normal -0.2919775662773374 0.9412470033685651 -0.1697149947425365
    outer loop
      vertex 1.1048067435622215 -3.6961303874850273 22.87182312745181
      vertex 0.6297859118164133 -1.88107090781035 33.75545026579519
      vertex 1.252406746149063 -3.781810387969017 22.142707038271073
    endloop
  endfacet
  facet normal -0.24975812861611615 0.9533193052433775 -0.16971499474253765
    outer loop
      vertex 0.9341594353318214 -3.61196805536747 23.607631098689446
      vertex 0.5636823894215358 -1.9713186223875028 33.36865683357681
      vertex 0.9370848536491394 -3.6133726313710213 23.595436204376426
    endloop
  endfacet
  facet normal -0.2497581286163175 0.9533193052433249 -0.16971499474253643
    outer loop
      vertex 0.9341594353318214 -3.61196805536747 23.607631098689446
      vertex 0.8515153515153988 -3.573110165616004 23.947524508012524
      vertex 0.555007591843605 -1.983161874115467 33.314897297987294
    endloop
  endfacet
  facet normal -0.20704281930962343 0.9634988798809594 -0.1697149947425365
    outer loop
      vertex 0.8515153515153988 -3.573110165616004 23.947524508012524
      vertex 0.7798461467027664 -3.53941248357296 24.226264010063648
      vertex 0.49088359575917134 -2.0598350493854993 32.97857740471935
    endloop
  endfacet
  facet normal -0.24975812861631447 0.9533193052433259 -0.16971499474253654
    outer loop
      vertex 1.0488833274883549 -3.6681707198826436 23.12309931158499
      vertex 0.9370848536491394 -3.6133726313710213 23.595436204376426
      vertex 0.5636823894215358 -1.9713186223875028 33.36865683357681
    endloop
  endfacet
  facet normal -0.45423839091318147 0.8745652089925283 -0.16971499474253657
    outer loop
      vertex 0.7880532712628318 -1.6036397363827022 34.898449693228876
      vertex 0.8278330748466654 -1.5106028219316934 35.271412227600855
      vertex 3.7477098594734164 -6.8386988410077505 0
    endloop
  endfacet
  facet normal -0.4927465932302194 0.8534621347309752 -0.16971499474253726
    outer loop
      vertex 0.8278330748466654 -1.5106028219316934 35.271412227600855
      vertex 0.8306356072425842 -1.504048265516758 35.29623694875169
      vertex 4.048631995407202 -6.664961364821263 0
    endloop
  endfacet
  facet normal -0.4927465932300762 0.8534621347310579 -0.1697149947425363
    outer loop
      vertex 0.8306356072425842 -1.504048265516758 35.29623694875169
      vertex 0.8383471965789795 -1.482749581336975 35.38095404234117
      vertex 4.048631995407202 -6.664961364821263 0
    endloop
  endfacet
  facet normal -0.4927465932301067 0.8534621347310405 -0.1697149947425365
    outer loop
      vertex 0.8383471965789795 -1.482749581336975 35.38095404234117
      vertex 0.858923011229934 -1.4139809920233744 35.66703792396573
      vertex 4.048631995407202 -6.664961364821263 0
    endloop
  endfacet
  facet normal -0.530276492796992 0.8306645904012417 -0.16971499474253657
    outer loop
      vertex 0.858923011229934 -1.4139809920233744 35.66703792396573
      vertex 0.8856872022151947 -1.324529580771923 36.02122995426322
      vertex 4.34151594727331 -6.477991224783077 0
    endloop
  endfacet
  facet normal -0.5302764927972581 0.8306645904010715 -0.16971499474253773
    outer loop
      vertex 0.8856872022151947 -1.324529580771923 36.02122995426322
      vertex 0.886261838612396 -1.322394408569886 36.029885027856025
      vertex 4.34151594727331 -6.477991224783077 0
    endloop
  endfacet
  facet normal -0.5667535774721789 0.8062178384171537 -0.16971499474253676
    outer loop
      vertex 0.886261838612396 -1.322394408569886 36.029885027856025
      vertex 0.8885794878005981 -1.31378273665905 36.06305444551952
      vertex 4.625780221095931 -6.278159632799463 0
    endloop
  endfacet
  facet normal -0.5667535774721519 0.8062178384171726 -0.1697149947425366
    outer loop
      vertex 0.8885794878005981 -1.31378273665905 36.06305444551952
      vertex 0.9080628324202191 -1.232432832097566 36.38443729698444
      vertex 4.625780221095931 -6.278159632799463 0
    endloop
  endfacet
  facet normal -0.6021054253804211 0.7801704155420166 -0.16971499474253646
    outer loop
      vertex 0.9080628324202191 -1.232432832097566 36.38443729698444
      vertex 0.9257114604115486 -1.1587435230612755 36.660570141102546
      vertex 4.900860436472137 -6.065863335999019 0
    endloop
  endfacet
  facet normal -0.602105425380474 0.780170415541976 -0.16971499474253676
    outer loop
      vertex 0.9257114604115486 -1.1587435230612755 36.660570141102546
      vertex 0.9283981498495045 -1.149091342506229 36.69540899218097
      vertex 4.900860436472137 -6.065863335999019 0
    endloop
  endfacet
  facet normal -0.6362618487001502 0.7525740365227915 -0.1697149947425365
    outer loop
      vertex 0.9283981498495045 -1.149091342506229 36.69540899218097
      vertex 0.9628494292726527 -1.0887105630826073 36.834
      vertex 5.166210447096946 -5.8415238290279525 0
    endloop
  endfacet
  facet normal -0.6691550330144864 0.723483491415611 -0.1697149947425365
    outer loop
      vertex 0.9628494292726527 -1.0887105630826073 36.834
      vertex 1.0103922328002275 -1.0447378855556504 36.834
      vertex 5.42130342508622 -5.605586517211505 0
    endloop
  endfacet
  facet normal -0.700719671950702 0.6929565368050448 -0.16971499474253657
    outer loop
      vertex 1.0103922328002275 -1.0447378855556504 36.834
      vertex 1.0559289960759282 -0.9986909776624605 36.834
      vertex 5.665632906944687 -5.358519832242902 0
    endloop
  endfacet
  facet normal -0.7308930968399467 0.6610537811337689 -0.16971499474253654
    outer loop
      vertex 1.0559289960759282 -0.9986909776624605 36.834
      vertex 1.0993693100713569 -0.9506612612763535 36.834
      vertex 5.89871379910234 -5.100814302155554 0
    endloop
  endfacet
  facet normal -0.7596154011401007 0.6278385643700972 -0.16971499474253654
    outer loop
      vertex 1.0993693100713569 -0.9506612612763535 36.834
      vertex 1.1406269280641002 -0.9007440949533742 36.834
      vertex 6.12008334102278 -4.832981577425105 0
    endloop
  endfacet
  facet normal -0.7868295593746326 0.5933768322523744 -0.16971499474253648
    outer loop
      vertex 1.1406269280641002 -0.9007440949533742 36.834
      vertex 1.1796199368726223 -0.849038584606702 36.834
      vertex 6.329302023971475 -4.555553415134719 0
    endloop
  endfacet
  facet normal -0.8124815403514494 0.5577370053597637 -0.16971499474253657
    outer loop
      vertex 1.1796199368726223 -0.849038584606702 36.834
      vertex 1.2162709194872963 -0.7956473867410409 36.834
      vertex 6.525954463619628 -4.269080623220656 0
    endloop
  endfacet
  facet normal -0.8365204144367554 0.520989843269617 -0.16971499474253654
    outer loop
      vertex 1.2162709194872963 -0.7956473867410409 36.834
      vertex 1.2505071087747168 -0.7406765046376307 36.834
      vertex 6.709650224751326 -3.974131966894089 0
    endloop
  endfacet
  facet normal -0.8588984546712043 0.48320830407077864 -0.16971499474253654
    outer loop
      vertex 1.2505071087747168 -0.7406765046376307 36.834
      vertex 1.2822605319501084 -0.6842350778945386 36.834
      vertex 6.8800245964365425 -3.6712930394103926 0
    endloop
  endfacet
  facet normal -0.8795712315273331 0.4444673995120807 -0.16971499474253657
    outer loop
      vertex 1.2822605319501084 -0.6842350778945386 36.834
      vertex 1.311468145530991 -0.6264351657400972 36.834
      vertex 7.036739316130891 -3.3611650994279887 0
    endloop
  endfacet
  facet normal -0.8984977011202423 0.4048440460735226 -0.16971499474253654
    outer loop
      vertex 1.311468145530991 -0.6264351657400972 36.834
      vertex 1.338071960504185 -0.5673915245496763 36.834
      vertex 7.179483241264621 -3.0443638772649133 0
    endloop
  endfacet
  facet normal -0.9156402866964803 0.36441691225563083 -0.16971499474253654
    outer loop
      vertex 1.338071960504185 -0.5673915245496763 36.834
      vertex 1.362019157457629 -0.5072213800075176 36.834
      vertex 7.307972966987392 -2.7215183524232414 0
    endloop
  endfacet
  facet normal -0.930964953239185 0.3232662623904677 -0.1697149947425366
    outer loop
      vertex 1.362019157457629 -0.5072213800075176 36.834
      vertex 1.3832621914484275 -0.44604419436599696 36.834
      vertex 7.421953388842351 -2.3932695048085493 0
    endloop
  endfacet
  facet normal -0.9444412750414322 0.28147379728432 -0.16971499474253646
    outer loop
      vertex 1.3832621914484275 -0.44604419436599696 36.834
      vertex 1.4017588863989432 -0.38398142926437817 36.834
      vertex 7.521198209252433 -2.0602690421236263 0
    endloop
  endfacet
  facet normal -0.9560424961137388 0.23912249200807567 -0.16971499474253657
    outer loop
      vertex 1.4017588863989432 -0.38398142926437817 36.834
      vertex 1.4174725188334851 -0.3211563045779646 36.834
      vertex 7.605510386813257 -1.72317810596313 0
    endloop
  endfacet
  facet normal -0.9657455833055067 0.19629643115820417 -0.1697149947425365
    outer loop
      vertex 1.4174725188334851 -0.3211563045779646 36.834
      vertex 1.4303718907893785 -0.2576935537764541 36.834
      vertex 7.674722527500576 -1.3826659591782011 0
    endloop
  endfacet
  facet normal -0.9735312720352866 0.15308064191431137 -0.16971499474253657
    outer loop
      vertex 1.4303718907893785 -0.2576935537764541 36.834
      vertex 1.440431391757627 -0.19371917627716834 36.834
      vertex 7.728697217015641 -1.0394086571169634 0
    endloop
  endfacet
  facet normal -0.9793841045387773 0.10956092522573098 -0.1697149947425366
    outer loop
      vertex 1.440431391757627 -0.19371917627716834 36.834
      vertex 1.4476310495302105 -0.129360187284884 36.834
      vertex 7.767327293608553 -0.6940877053792599 0
    endloop
  endfacet
  facet normal -0.9832924605588105 0.06582368546154992 -0.1697149947425366
    outer loop
      vertex 1.4476310495302105 -0.129360187284884 36.834
      vertex 1.451956569853053 -0.06474436561489519 36.834
      vertex 7.790536060838005 -0.34738870675034633 0
    endloop
  endfacet
  facet normal -0.9852485804162817 0.0219557588628215 -0.1697149947425365
    outer loop
      vertex 1.451956569853053 -0.06474436561489519 36.834
      vertex 1.4533993648059433 0 36.834
      vertex 7.798277439844969 0 0
    endloop
  endfacet
  facet normal -0.07677364509649692 0.9824981567301477 -0.1697149947425364
    outer loop
      vertex 0.3260294239215504 -3.240819246109582 26.362504864143173
      vertex 0.28391654789447784 -3.1993339881300926 26.62171795583938
      vertex 0.23742331151464707 -2.3600509063773463 31.501449044317667
    endloop
  endfacet
  facet normal -0.032930232166794346 0.984942851321325 -0.16971499474253654
    outer loop
      vertex 0.16836531771709784 -3.0194815231120926 27.715174693596616
      vertex 0.14531142264604568 -2.9731509909033775 27.988527656216704
      vertex 0.14120081065788254 -2.5323103630304753 30.547748714211274
    endloop
  endfacet
  facet normal -0.07677364509650646 0.9824981567301471 -0.16971499474253637
    outer loop
      vertex 0.28391654789447784 -3.1993339881300926 26.62171795583938
      vertex 0.20371125638484955 -3.0905149057507515 27.28796551169928
      vertex 0.23742331151464707 -2.3600509063773463 31.501449044317667
    endloop
  endfacet
  facet normal -0.07677364509648428 0.9824981567301487 -0.16971499474253673
    outer loop
      vertex 0.20371125638484955 -3.0905149057507515 27.28796551169928
      vertex 0.16836531771709784 -3.0194815231120926 27.715174693596616
      vertex 0.2261393889784813 -2.3741796761751175 31.424760579407238
    endloop
  endfacet
  facet normal -0.12046463106035389 0.9781028029931382 -0.16971499474253654
    outer loop
      vertex 0.38390763849020004 -3.297834888100624 25.992829591162646
      vertex 0.3260294239215504 -3.240819246109582 26.362504864143173
      vertex 0.32135435193777084 -2.2549595832824707 32.04753747928989
    endloop
  endfacet
  facet normal -0.032930232166779295 0.9849428513213255 -0.16971499474253665
    outer loop
      vertex 0.14531142264604568 -2.9731509909033775 27.988527656216704
      vertex 0.11046119779348373 -2.8493007868528366 28.714055764658294
      vertex 0.14120081065788254 -2.5323103630304753 30.547748714211274
    endloop
  endfacet
  facet normal -0.03293023216681173 0.9849428513213245 -0.1697149947425365
    outer loop
      vertex 0.11046119779348373 -2.8493007868528366 28.714055764658294
      vertex 0.10023382306098938 -2.7241177037358284 29.442541617275012
      vertex 0.11553391069173813 -2.603579618036747 30.139117017479084
    endloop
  endfacet
  facet normal -0.07677364509649162 0.9824981567301481 -0.16971499474253654
    outer loop
      vertex 0.16836531771709784 -3.0194815231120926 27.715174693596616
      vertex 0.14120081065788254 -2.5323103630304753 30.547748714211274
      vertex 0.1569492071866989 -2.48858180642128 30.793773907933282
    endloop
  endfacet
  facet normal -0.03293023216677002 0.9849428513213259 -0.16971499474253687
    outer loop
      vertex 0.11046119779348373 -2.8493007868528366 28.714055764658294
      vertex 0.11553391069173813 -2.603579618036747 30.139117017479084
      vertex 0.14120081065788254 -2.5323103630304753 30.547748714211274
    endloop
  endfacet
  facet normal -0.07677364509648925 0.9824981567301484 -0.16971499474253657
    outer loop
      vertex 0.16836531771709784 -3.0194815231120926 27.715174693596616
      vertex 0.1569492071866989 -2.48858180642128 30.793773907933282
      vertex 0.2261393889784813 -2.3741796761751175 31.424760579407238
    endloop
  endfacet
  facet normal -0.07677364509651592 0.9824981567301464 -0.16971499474253612
    outer loop
      vertex 0.20371125638484955 -3.0905149057507515 27.28796551169928
      vertex 0.2261393889784813 -2.3741796761751175 31.424760579407238
      vertex 0.23742331151464707 -2.3600509063773463 31.501449044317667
    endloop
  endfacet
  facet normal -0.12046463106036068 0.9781028029931373 -0.1697149947425364
    outer loop
      vertex 0.3260294239215504 -3.240819246109582 26.362504864143173
      vertex 0.23742331151464707 -2.3600509063773463 31.501449044317667
      vertex 0.32135435193777084 -2.2549595832824707 32.04753747928989
    endloop
  endfacet
  facet normal -0.12046463106032067 0.9781028029931421 -0.16971499474253707
    outer loop
      vertex 0.38390763849020004 -3.297834888100624 25.992829591162646
      vertex 0.32135435193777084 -2.2549595832824707 32.04753747928989
      vertex 0.327809781345702 -2.2476386787697114 32.08514727512494
    endloop
  endfacet
  facet normal -0.16391644565001126 0.9717655166782816 -0.16971499474253643
    outer loop
      vertex 0.4929224903328821 -3.3797394646357186 25.443417148639675
      vertex 0.327809781345702 -2.2476386787697114 32.08514727512494
      vertex 0.4124393885273947 -2.1516628367338098 32.55295407934465
    endloop
  endfacet
  facet normal -0.2070428193096106 0.9634988798809623 -0.16971499474253682
    outer loop
      vertex 0.6675481322615809 -3.482544460767249 24.68611008262499
      vertex 0.4124393885273947 -2.1516628367338098 32.55295407934465
      vertex 0.4322501868009567 -2.1291960179805756 32.65633369646401
    endloop
  endfacet
  facet normal -0.20704281930978366 0.9634988798809251 -0.16971499474253546
    outer loop
      vertex 0.6675481322615809 -3.482544460767249 24.68611008262499
      vertex 0.4322501868009567 -2.1291960179805756 32.65633369646401
      vertex 0.43504370748996735 -2.1259588599205017 32.67130361570703
    endloop
  endfacet
  facet normal -0.20704281930962187 0.9634988798809597 -0.16971499474253668
    outer loop
      vertex 0.6675481322615809 -3.482544460767249 24.68611008262499
      vertex 0.43504370748996735 -2.1259588599205017 32.67130361570703
      vertex 0.49088359575917134 -2.0598350493854993 32.97857740471935
    endloop
  endfacet
  facet normal -0.24975812861632224 0.9533193052433238 -0.16971499474253648
    outer loop
      vertex 0.8515153515153988 -3.573110165616004 23.947524508012524
      vertex 0.49088359575917134 -2.0598350493854993 32.97857740471935
      vertex 0.546463705599308 -1.9940188601613045 33.26648513872445
    endloop
  endfacet
  facet normal -0.2497581286163144 0.9533193052433259 -0.16971499474253585
    outer loop
      vertex 0.9341594353318214 -3.61196805536747 23.607631098689446
      vertex 0.555007591843605 -1.983161874115467 33.314897297987294
      vertex 0.5636823894215358 -1.9713186223875028 33.36865683357681
    endloop
  endfacet
  facet normal -0.2919775662773401 0.9412470033685643 -0.16971499474253657
    outer loop
      vertex 1.0488833274883549 -3.6681707198826436 23.12309931158499
      vertex 0.5636823894215358 -1.9713186223875028 33.36865683357681
      vertex 0.6297859118164133 -1.88107090781035 33.75545026579519
    endloop
  endfacet
  facet normal -0.33361730950724733 0.9273059426945813 -0.16971499474253673
    outer loop
      vertex 1.2750739455223083 -3.7971322759985924 22.017805315962296
      vertex 0.6297859118164133 -1.88107090781035 33.75545026579519
      vertex 0.6565275937318802 -1.8445618748664856 33.90236453978946
    endloop
  endfacet
  facet normal -0.33361730950727597 0.9273059426945711 -0.16971499474253662
    outer loop
      vertex 1.2750739455223083 -3.7971322759985924 22.017805315962296
      vertex 0.6565275937318802 -1.8445618748664856 33.90236453978946
      vertex 0.6679357886314392 -1.8271541967988014 33.975052707683325
    endloop
  endfacet
  facet normal -0.3336173095072442 0.9273059426945827 -0.1697149947425363
    outer loop
      vertex 1.2750739455223083 -3.7971322759985924 22.017805315962296
      vertex 0.6679357886314392 -1.8271541967988014 33.975052707683325
      vertex 0.689486498496636 -1.790210119531587 34.134548175924785
    endloop
  endfacet
  facet normal -0.2497581286162474 0.9533193052433433 -0.1697149947425369
    outer loop
      vertex 0.8515153515153988 -3.573110165616004 23.947524508012524
      vertex 0.546463705599308 -1.9940188601613045 33.26648513872445
      vertex 0.555007591843605 -1.983161874115467 33.314897297987294
    endloop
  endfacet
  facet normal -0.6362618487001428 0.752574036522797 -0.16971499474254065
    outer loop
      vertex 0.9283981498495045 -1.149091342506229 36.69540899218097
      vertex 0.9397750629909148 -1.108218728705536 36.834
      vertex 0.9628494292726527 -1.0887105630826073 36.834
    endloop
  endfacet
  facet normal -0.4148283403173775 -0.8939319149851798 -0.16971499474253662
    outer loop
      vertex 0.6410062700170486 1.3044081705574944 36.834
      vertex 3.124155620470356 7.145123000192403 0
      vertex 3.4393469925181592 6.998858713665486 0
    endloop
  endfacet
  facet normal -0.8984977011202425 -0.40484404607352215 -0.1697149947425366
    outer loop
      vertex 1.3380719605041849 0.5673915245496758 36.834
      vertex 7.03673931613089 3.361165099427992 0
      vertex 7.179483241264622 3.044363877264912 0
    endloop
  endfacet
  facet normal -0.8795712315273306 -0.4444673995120853 -0.1697149947425366
    outer loop
      vertex 1.3114681455309904 0.6264351657400976 36.834
      vertex 6.8800245964365425 3.6712930394103926 0
      vertex 7.03673931613089 3.361165099427992 0
    endloop
  endfacet
  facet normal -0.45423839091317686 -0.8745652089925307 -0.16971499474253643
    outer loop
      vertex 0.6984772177256514 1.2745584686221936 36.834
      vertex 3.4393469925181592 6.998858713665486 0
      vertex 3.747709859473414 6.838698841007751 0
    endloop
  endfacet
  facet normal -0.49274659323011516 -0.8534621347310356 -0.16971499474253657
    outer loop
      vertex 0.7545614035725854 1.2421782488261854 36.834
      vertex 3.747709859473414 6.838698841007751 0
      vertex 4.048631995407204 6.664961364821261 0
    endloop
  endfacet
  facet normal -0.5302764927969904 -0.8306645904012426 -0.16971499474253657
    outer loop
      vertex 0.8091474775982511 1.2073317990986192 36.834
      vertex 4.048631995407204 6.664961364821261 0
      vertex 4.34151594727331 6.477991224783077 0
    endloop
  endfacet
  facet normal -0.6021054253804341 -0.7801704155420066 -0.1697149947425367
    outer loop
      vertex 0.9133949773288382 1.130521706562405 36.834
      vertex 4.625780221095928 6.278159632799465 0
      vertex 4.900860436472138 6.065863335999017 0
    endloop
  endfacet
  facet normal -0.6691550330144853 -0.7234834914156122 -0.16971499474253646
    outer loop
      vertex 1.0103922328002264 1.0447378855556502 36.834
      vertex 5.166210447096945 5.8415238290279525 0
      vertex 5.421303425086218 5.605586517211509 0
    endloop
  endfacet
  facet normal -0.636261848700157 -0.7525740365227859 -0.16971499474253654
    outer loop
      vertex 0.9628494292726524 1.088710563082607 36.834
      vertex 4.900860436472138 6.065863335999017 0
      vertex 5.166210447096945 5.8415238290279525 0
    endloop
  endfacet
  facet normal -0.5667535774721463 -0.8062178384171764 -0.16971499474253676
    outer loop
      vertex 0.8621270642053965 1.1700883038398873 36.834
      vertex 4.34151594727331 6.477991224783077 0
      vertex 4.625780221095928 6.278159632799465 0
    endloop
  endfacet
  facet normal -0.7308930968399456 -0.6610537811337703 -0.16971499474253662
    outer loop
      vertex 1.099369310071357 0.9506612612763542 36.834
      vertex 5.665632906944688 5.3585198322429015 0
      vertex 5.898713799102338 5.100814302155555 0
    endloop
  endfacet
  facet normal -0.7868295593746402 -0.5933768322523643 -0.16971499474253668
    outer loop
      vertex 1.1796199368726221 0.8490385846067019 36.834
      vertex 6.120083341022781 4.8329815774251035 0
      vertex 6.329302023971475 4.555553415134718 0
    endloop
  endfacet
  facet normal -0.7596154011401025 -0.6278385643700951 -0.16971499474253654
    outer loop
      vertex 1.1406269280641008 0.9007440949533742 36.834
      vertex 5.898713799102338 5.100814302155555 0
      vertex 6.120083341022781 4.8329815774251035 0
    endloop
  endfacet
  facet normal -0.8124815403514459 -0.5577370053597687 -0.16971499474253643
    outer loop
      vertex 1.2162709194872958 0.795647386741041 36.834
      vertex 6.329302023971475 4.555553415134718 0
      vertex 6.525954463619627 4.269080623220658 0
    endloop
  endfacet
  facet normal -0.836520414436753 -0.5209898432696204 -0.16971499474253657
    outer loop
      vertex 1.2505071087747168 0.74067650463763 36.834
      vertex 6.525954463619627 4.269080623220658 0
      vertex 6.709650224751328 3.974131966894087 0
    endloop
  endfacet
  facet normal -0.8588984546712062 -0.48320830407077536 -0.16971499474253668
    outer loop
      vertex 1.2822605319501086 0.6842350778945387 36.834
      vertex 6.709650224751328 3.974131966894087 0
      vertex 6.8800245964365425 3.6712930394103926 0
    endloop
  endfacet
  facet normal -0.7007196719506965 -0.6929565368050502 -0.16971499474253646
    outer loop
      vertex 1.0559289960759288 0.9986909776624608 36.834
      vertex 5.421303425086218 5.605586517211509 0
      vertex 5.665632906944688 5.3585198322429015 0
    endloop
  endfacet
  facet normal -0.032930232166786574 -0.9849428513213253 -0.1697149947425365
    outer loop
      vertex 0.08091538962879562 1.451145207530777 36.834
      vertex 0.08687412894643336 7.797793528589661 0
      vertex 0.43415503870318045 7.786182661045376 0
    endloop
  endfacet
  facet normal -0.07677364509649333 -0.9824981567301481 -0.1697149947425366
    outer loop
      vertex 0.1454790146262762 1.4461001244456366 36.834
      vertex 0.43415503870318045 7.786182661045376 0
      vertex 0.7805739738178857 7.759113048550921 0
    endloop
  endfacet
  facet normal -0.12046463106036305 -0.978102802993137 -0.1697149947425365
    outer loop
      vertex 0.2097538045063939 1.4381839434208035 36.834
      vertex 0.7805739738178857 7.759113048550921 0
      vertex 1.1254431515609362 7.716638435316223 0
    endloop
  endfacet
  facet normal -0.16391644565000185 -0.9717655166782831 -0.16971499474253657
    outer loop
      vertex 0.27361214762339986 1.4274123813009438 36.834
      vertex 1.1254431515609362 7.716638435316223 0
      vertex 1.4680778661025358 7.658843150754221 0
    endloop
  endfacet
  facet normal -0.20704281930962862 -0.9634988798809583 -0.16971499474253657
    outer loop
      vertex 0.33692725914804367 1.413806824025583 36.834
      vertex 1.4680778661025358 7.658843150754221 0
      vertex 1.8077978479327357 7.585841942052628 0
    endloop
  endfacet
  facet normal -0.24975812861631336 -0.9533193052433261 -0.1697149947425366
    outer loop
      vertex 0.39957343278711976 1.3973942841693026 36.834
      vertex 1.8077978479327357 7.585841942052628 0
      vertex 2.1439286144735927 7.497779746354007 0
    endloop
  endfacet
  facet normal -0.2919775662773384 -0.9412470033685648 -0.16971499474253643
    outer loop
      vertex 0.4614262903616723 1.378207347310768 36.834
      vertex 2.1439286144735927 7.497779746354007 0
      vertex 2.4758028092018813 7.394831402996494 0
    endloop
  endfacet
  facet normal -0.33361730950725454 -0.9273059426945789 -0.1697149947425364
    outer loop
      vertex 0.5223630287483597 1.356284107337087 36.834
      vertex 2.4758028092018813 7.394831402996494 0
      vertex 2.802761526623702 7.2772013063864724 0
    endloop
  endfacet
  facet normal -0.37459468645022204 -0.9115238019068952 -0.16971499474253654
    outer loop
      vertex 0.582262663693689 1.3316680908119143 36.834
      vertex 2.802761526623702 7.2772013063864724 0
      vertex 3.124155620470356 7.145123000192403 0
    endloop
  endfacet
  facet normal -0.9852485804162819 -0.021955758862814326 -0.1697149947425365
    outer loop
      vertex 1.4533993648059433 0 36.834
      vertex 7.790536060838005 0.3473887067503435 0
      vertex 7.798277439844969 0 0
    endloop
  endfacet
  facet normal -0.9832924605588104 -0.06582368546154967 -0.1697149947425366
    outer loop
      vertex 1.4519565698530528 0.06474436561489463 36.834
      vertex 7.767327293608553 0.6940877053792619 0
      vertex 7.790536060838005 0.3473887067503435 0
    endloop
  endfacet
  facet normal -0.9793841045387768 -0.10956092522573432 -0.16971499474253648
    outer loop
      vertex 1.4476310495302105 0.12936018728488435 36.834
      vertex 7.728697217015641 1.0394086571169627 0
      vertex 7.767327293608553 0.6940877053792619 0
    endloop
  endfacet
  facet normal -0.9735312720352859 -0.15308064191431542 -0.1697149947425365
    outer loop
      vertex 1.440431391757627 0.1937191762771682 36.834
      vertex 7.674722527500577 1.382665959178198 0
      vertex 7.728697217015641 1.0394086571169627 0
    endloop
  endfacet
  facet normal -0.9657455833055081 -0.19629643115819612 -0.16971499474253668
    outer loop
      vertex 1.4303718907893783 0.2576935537764535 36.834
      vertex 7.605510386813257 1.7231781059631315 0
      vertex 7.674722527500577 1.382665959178198 0
    endloop
  endfacet
  facet normal -0.9560424961137376 -0.23912249200808094 -0.16971499474253654
    outer loop
      vertex 1.4174725188334854 0.32115630457796496 36.834
      vertex 7.521198209252433 2.060269042123625 0
      vertex 7.605510386813257 1.7231781059631315 0
    endloop
  endfacet
  facet normal -0.9444412750414366 -0.28147379728430577 -0.16971499474253668
    outer loop
      vertex 1.4017588863989434 0.38398142926437806 36.834
      vertex 7.42195338884235 2.393269504808553 0
      vertex 7.521198209252433 2.060269042123625 0
    endloop
  endfacet
  facet normal -0.9309649532391812 -0.32326626239047895 -0.16971499474253662
    outer loop
      vertex 1.383262191448428 0.4460441943659978 36.834
      vertex 7.307972966987392 2.7215183524232422 0
      vertex 7.42195338884235 2.393269504808553 0
    endloop
  endfacet
  facet normal -0.9156402866964801 -0.3644169122556312 -0.16971499474253657
    outer loop
      vertex 1.3620191574576288 0.5072213800075176 36.834
      vertex 7.179483241264622 3.044363877264912 0
      vertex 7.307972966987392 2.7215183524232422 0
    endloop
  endfacet
  facet normal -0.7007196719506843 -0.6929565368050628 -0.1697149947425366
    outer loop
      vertex 1.0103922328002264 1.0447378855556502 36.834
      vertex 5.421303425086218 5.605586517211509 0
      vertex 1.0559289960759288 0.9986909776624608 36.834
    endloop
  endfacet
  facet normal -0.032930232166782036 -0.9849428513213255 -0.16971499474253654
    outer loop
      vertex 0.016191114615091966 1.4533091761307506 36.834
      vertex 0.08687412894643336 7.797793528589661 0
      vertex 0.08091538962879562 1.451145207530777 36.834
    endloop
  endfacet
  facet normal -0.07677364509651063 -0.9824981567301466 -0.16971499474253646
    outer loop
      vertex 0.08091538962879562 1.451145207530777 36.834
      vertex 0.43415503870318045 7.786182661045376 0
      vertex 0.1454790146262762 1.4461001244456366 36.834
    endloop
  endfacet
  facet normal -0.12046463106035783 -0.9781028029931377 -0.16971499474253657
    outer loop
      vertex 0.1454790146262762 1.4461001244456366 36.834
      vertex 0.7805739738178857 7.759113048550921 0
      vertex 0.2097538045063939 1.4381839434208035 36.834
    endloop
  endfacet
  facet normal -0.16391644564999788 -0.9717655166782838 -0.16971499474253654
    outer loop
      vertex 0.2097538045063939 1.4381839434208035 36.834
      vertex 1.1254431515609362 7.716638435316223 0
      vertex 0.27361214762339986 1.4274123813009438 36.834
    endloop
  endfacet
  facet normal -0.2070428193096373 -0.9634988798809564 -0.1697149947425365
    outer loop
      vertex 0.27361214762339986 1.4274123813009438 36.834
      vertex 1.4680778661025358 7.658843150754221 0
      vertex 0.33692725914804367 1.413806824025583 36.834
    endloop
  endfacet
  facet normal -0.2497581286163044 -0.9533193052433284 -0.16971499474253657
    outer loop
      vertex 0.33692725914804367 1.413806824025583 36.834
      vertex 1.8077978479327357 7.585841942052628 0
      vertex 0.39957343278711976 1.3973942841693026 36.834
    endloop
  endfacet
  facet normal -0.29197756627734917 -0.9412470033685615 -0.1697149947425365
    outer loop
      vertex 0.39957343278711976 1.3973942841693026 36.834
      vertex 2.1439286144735927 7.497779746354007 0
      vertex 0.4614262903616723 1.378207347310768 36.834
    endloop
  endfacet
  facet normal -0.3336173095072502 -0.9273059426945803 -0.16971499474253657
    outer loop
      vertex 0.4614262903616723 1.378207347310768 36.834
      vertex 2.4758028092018813 7.394831402996494 0
      vertex 0.5223630287483597 1.356284107337087 36.834
    endloop
  endfacet
  facet normal -0.4542383909131768 -0.8745652089925307 -0.16971499474253654
    outer loop
      vertex 0.6410062700170486 1.3044081705574944 36.834
      vertex 3.4393469925181592 6.998858713665486 0
      vertex 0.6984772177256514 1.2745584686221936 36.834
    endloop
  endfacet
  facet normal -0.49274659323011355 -0.8534621347310364 -0.16971499474253654
    outer loop
      vertex 0.6984772177256514 1.2745584686221936 36.834
      vertex 3.747709859473414 6.838698841007751 0
      vertex 0.7545614035725854 1.2421782488261854 36.834
    endloop
  endfacet
  facet normal -0.5302764927969823 -0.8306645904012478 -0.1697149947425366
    outer loop
      vertex 0.8091474775982511 1.2073317990986192 36.834
      vertex 0.7545614035725854 1.2421782488261854 36.834
      vertex 4.048631995407204 6.664961364821261 0
    endloop
  endfacet
  facet normal -0.3745946864502229 -0.9115238019068949 -0.16971499474253654
    outer loop
      vertex 0.582262663693689 1.3316680908119143 36.834
      vertex 0.5223630287483597 1.356284107337087 36.834
      vertex 2.802761526623702 7.2772013063864724 0
    endloop
  endfacet
  facet normal -0.41482834031738053 -0.8939319149851783 -0.1697149947425365
    outer loop
      vertex 0.582262663693689 1.3316680908119143 36.834
      vertex 3.124155620470356 7.145123000192403 0
      vertex 0.6410062700170486 1.3044081705574944 36.834
    endloop
  endfacet
  facet normal -0.6362618487001637 -0.7525740365227801 -0.16971499474253646
    outer loop
      vertex 0.9628494292726524 1.088710563082607 36.834
      vertex 0.9133949773288382 1.130521706562405 36.834
      vertex 4.900860436472138 6.065863335999017 0
    endloop
  endfacet
  facet normal -0.6021054253804295 -0.7801704155420102 -0.16971499474253654
    outer loop
      vertex 0.9133949773288382 1.130521706562405 36.834
      vertex 0.8621270642053965 1.1700883038398873 36.834
      vertex 4.625780221095928 6.278159632799465 0
    endloop
  endfacet
  facet normal -0.5667535774721483 -0.8062178384171752 -0.16971499474253654
    outer loop
      vertex 0.8091474775982511 1.2073317990986192 36.834
      vertex 4.34151594727331 6.477991224783077 0
      vertex 0.8621270642053965 1.1700883038398873 36.834
    endloop
  endfacet
  facet normal -0.6691550330144923 -0.7234834914156055 -0.16971499474253648
    outer loop
      vertex 0.9628494292726524 1.088710563082607 36.834
      vertex 5.166210447096945 5.8415238290279525 0
      vertex 1.0103922328002264 1.0447378855556502 36.834
    endloop
  endfacet
  facet normal -0.9852485804162816 -0.021955758862825064 -0.16971499474253657
    outer loop
      vertex 1.4533993648059433 0 36.834
      vertex 1.4519565698530528 0.06474436561489463 36.834
      vertex 7.790536060838005 0.3473887067503435 0
    endloop
  endfacet
  facet normal -0.9832924605588107 -0.06582368546154563 -0.16971499474253654
    outer loop
      vertex 1.4519565698530528 0.06474436561489463 36.834
      vertex 1.4476310495302105 0.12936018728488435 36.834
      vertex 7.767327293608553 0.6940877053792619 0
    endloop
  endfacet
  facet normal -0.9793841045387772 -0.1095609252257318 -0.16971499474253654
    outer loop
      vertex 1.4476310495302105 0.12936018728488435 36.834
      vertex 1.440431391757627 0.1937191762771682 36.834
      vertex 7.728697217015641 1.0394086571169627 0
    endloop
  endfacet
  facet normal -0.9735312720352859 -0.15308064191431575 -0.1697149947425365
    outer loop
      vertex 1.440431391757627 0.1937191762771682 36.834
      vertex 1.4303718907893783 0.2576935537764535 36.834
      vertex 7.674722527500577 1.382665959178198 0
    endloop
  endfacet
  facet normal -0.9657455833055086 -0.19629643115819484 -0.16971499474253654
    outer loop
      vertex 1.4303718907893783 0.2576935537764535 36.834
      vertex 1.4174725188334854 0.32115630457796496 36.834
      vertex 7.605510386813257 1.7231781059631315 0
    endloop
  endfacet
  facet normal -0.9560424961137386 -0.2391224920080773 -0.1697149947425365
    outer loop
      vertex 1.4174725188334854 0.32115630457796496 36.834
      vertex 1.4017588863989434 0.38398142926437806 36.834
      vertex 7.521198209252433 2.060269042123625 0
    endloop
  endfacet
  facet normal -0.9444412750414343 -0.281473797284313 -0.16971499474253654
    outer loop
      vertex 1.4017588863989434 0.38398142926437806 36.834
      vertex 1.383262191448428 0.4460441943659978 36.834
      vertex 7.42195338884235 2.393269504808553 0
    endloop
  endfacet
  facet normal -0.9309649532391806 -0.3232662623904807 -0.16971499474253654
    outer loop
      vertex 1.383262191448428 0.4460441943659978 36.834
      vertex 1.3620191574576288 0.5072213800075176 36.834
      vertex 7.307972966987392 2.7215183524232422 0
    endloop
  endfacet
  facet normal -0.8984977011202435 -0.4048440460735197 -0.1697149947425365
    outer loop
      vertex 1.3380719605041849 0.5673915245496758 36.834
      vertex 1.3114681455309904 0.6264351657400976 36.834
      vertex 7.03673931613089 3.361165099427992 0
    endloop
  endfacet
  facet normal -0.8365204144367556 -0.5209898432696164 -0.1697149947425365
    outer loop
      vertex 1.2162709194872958 0.795647386741041 36.834
      vertex 6.525954463619627 4.269080623220658 0
      vertex 1.2505071087747168 0.74067650463763 36.834
    endloop
  endfacet
  facet normal -0.8588984546712 -0.4832083040707862 -0.1697149947425366
    outer loop
      vertex 1.2822605319501086 0.6842350778945387 36.834
      vertex 1.2505071087747168 0.74067650463763 36.834
      vertex 6.709650224751328 3.974131966894087 0
    endloop
  endfacet
  facet normal -0.879571231527336 -0.4444673995120746 -0.16971499474253648
    outer loop
      vertex 1.3114681455309904 0.6264351657400976 36.834
      vertex 1.2822605319501086 0.6842350778945387 36.834
      vertex 6.8800245964365425 3.6712930394103926 0
    endloop
  endfacet
  facet normal -0.8124815403514498 -0.5577370053597629 -0.16971499474253648
    outer loop
      vertex 1.1796199368726221 0.8490385846067019 36.834
      vertex 6.329302023971475 4.555553415134718 0
      vertex 1.2162709194872958 0.795647386741041 36.834
    endloop
  endfacet
  facet normal -0.7868295593746396 -0.5933768322523647 -0.16971499474253648
    outer loop
      vertex 1.1796199368726221 0.8490385846067019 36.834
      vertex 1.1406269280641008 0.9007440949533742 36.834
      vertex 6.120083341022781 4.8329815774251035 0
    endloop
  endfacet
  facet normal -0.7308930968399479 -0.6610537811337678 -0.16971499474253648
    outer loop
      vertex 1.099369310071357 0.9506612612763542 36.834
      vertex 1.0559289960759288 0.9986909776624608 36.834
      vertex 5.665632906944688 5.3585198322429015 0
    endloop
  endfacet
  facet normal -0.7596154011401015 -0.6278385643700962 -0.16971499474253654
    outer loop
      vertex 1.1406269280641008 0.9007440949533742 36.834
      vertex 1.099369310071357 0.9506612612763542 36.834
      vertex 5.898713799102338 5.100814302155555 0
    endloop
  endfacet
  facet normal -0.9156402866964792 -0.3644169122556337 -0.16971499474253657
    outer loop
      vertex 1.3380719605041849 0.5673915245496758 36.834
      vertex 7.179483241264622 3.044363877264912 0
      vertex 1.3620191574576288 0.5072213800075176 36.834
    endloop
  endfacet
endsolid OpenSCAD_Model
