solid OpenSCAD_Model
  facet normal 0.1564344562044175 0 0.987688341994593
    outer loop
      vertex -4.490064427256584 -22.98 11.983039113879205
      vertex -4.490064427256584 -22.998756729066372 11.983039113879205
      vertex -4.09720815718174 -22.98 11.920816797018052
    endloop
  endfacet
  facet normal 0.1564344562044175 0 0.987688341994593
    outer loop
      vertex -4.490064427256584 -22.998756729066372 11.983039113879205
      vertex -4.09720815718174 -22.998756729066372 11.920816797018052
      vertex -4.09720815718174 -22.98 11.920816797018052
    endloop
  endfacet
  facet normal 0.05233595186310048 0 0.9986295349841117
    outer loop
      vertex -4.09720815718174 -22.98 11.920816797018052
      vertex -4.09720815718174 -22.998756729066372 11.920816797018052
      vertex -3.7000000029802322 -22.98 11.900000001490117
    endloop
  endfacet
  facet normal 0.05233595186310048 0 0.9986295349841117
    outer loop
      vertex -4.09720815718174 -22.998756729066372 11.920816797018052
      vertex -3.7000000029802322 -22.998756729066372 11.900000001490117
      vertex -3.7000000029802322 -22.98 11.900000001490117
    endloop
  endfacet
  facet normal 0 0 1
    outer loop
      vertex -3.7000000029802322 -22.98 11.900000001490117
      vertex -3.7000000029802322 -22.998756729066372 11.900000001490117
      vertex 3.7000000029802322 -22.98 11.900000001490117
    endloop
  endfacet
  facet normal 0.5446390364547068 0 0.8386705670104851
    outer loop
      vertex -5.933583959937096 -22.98 12.625735419988633
      vertex -5.933583959937096 -22.998756729066372 12.625735419988633
      vertex -5.600000001490116 -22.98 12.409103463590146
    endloop
  endfacet
  facet normal 0.6293203903473585 0 0.7771459620258271
    outer loop
      vertex -5.933583959937096 -22.98 12.625735419988633
      vertex -6.2426963075995445 -22.998756729066372 12.87604966312647
      vertex -5.933583959937096 -22.998756729066372 12.625735419988633
    endloop
  endfacet
  facet normal 0.7071067811865476 0 0.7071067811865476
    outer loop
      vertex -6.5239503383636475 -22.98 13.157303693890572
      vertex -6.5239503383636475 -22.998756729066372 13.157303693890572
      vertex -6.2426963075995445 -22.98 12.87604966312647
    endloop
  endfacet
  facet normal 0.7071067811865476 0 0.7071067811865476
    outer loop
      vertex -6.5239503383636475 -22.998756729066372 13.157303693890572
      vertex -6.2426963075995445 -22.998756729066372 12.87604966312647
      vertex -6.2426963075995445 -22.98 12.87604966312647
    endloop
  endfacet
  facet normal 0.7771459620258271 0 0.6293203903473585
    outer loop
      vertex -6.774264581501484 -22.998756729066372 13.466416041553021
      vertex -6.5239503383636475 -22.998756729066372 13.157303693890572
      vertex -6.5239503383636475 -22.98 13.157303693890572
    endloop
  endfacet
  facet normal 0.7771459620258271 0 0.6293203903473585
    outer loop
      vertex -6.774264581501484 -22.98 13.466416041553021
      vertex -6.774264581501484 -22.998756729066372 13.466416041553021
      vertex -6.5239503383636475 -22.98 13.157303693890572
    endloop
  endfacet
  facet normal 0.6293203903473585 0 0.7771459620258271
    outer loop
      vertex -5.933583959937096 -22.98 12.625735419988633
      vertex -6.2426963075995445 -22.98 12.87604966312647
      vertex -6.2426963075995445 -22.998756729066372 12.87604966312647
    endloop
  endfacet
  facet normal 0.4416729293661464 -0.7123491719778349 0.5454206456008244
    outer loop
      vertex -5.933583959937096 -22.98 12.625735419988633
      vertex -5.429846823215485 -21.8 13.758961620926858
      vertex -6.2426963075995445 -22.98 12.87604966312647
    endloop
  endfacet
  facet normal 0.4959731688347532 -0.7127560814135695 0.4959731688347532
    outer loop
      vertex -6.5239503383636475 -22.98 13.157303693890572
      vertex -6.2426963075995445 -22.98 12.87604966312647
      vertex -5.429846823215485 -21.8 13.758961620926858
    endloop
  endfacet
  facet normal 0.8386705670104851 0 0.5446390364547068
    outer loop
      vertex -6.774264581501484 -22.98 13.466416041553021
      vertex -6.990896537899971 -22.998756729066372 13.8
      vertex -6.774264581501484 -22.998756729066372 13.466416041553021
    endloop
  endfacet
  facet normal 0.8386705670104851 0 0.5446390364547068
    outer loop
      vertex -6.774264581501484 -22.98 13.466416041553021
      vertex -6.990896537899971 -22.98 13.8
      vertex -6.990896537899971 -22.998756729066372 13.8
    endloop
  endfacet
  facet normal 0.8910065299518292 0 0.45399048842811696
    outer loop
      vertex -6.990896537899971 -22.98 13.8
      vertex -7.1714727357029915 -22.998756729066372 14.154400753974915
      vertex -6.990896537899971 -22.998756729066372 13.8
    endloop
  endfacet
  facet normal 0.8910065299518292 0 0.45399048842811696
    outer loop
      vertex -6.990896537899971 -22.98 13.8
      vertex -7.1714727357029915 -22.98 14.154400753974915
      vertex -7.1714727357029915 -22.998756729066372 14.154400753974915
    endloop
  endfacet
  facet normal 0.9335804229102069 0 0.3583679588897414
    outer loop
      vertex -7.1714727357029915 -22.98 14.154400753974915
      vertex -7.314014762639999 -22.98 14.525735418498517
      vertex -7.314014762639999 -22.998756729066372 14.525735418498517
    endloop
  endfacet
  facet normal 0.965925828765966 0 0.2588190358586124
    outer loop
      vertex -7.314014762639999 -22.98 14.525735418498517
      vertex -7.416960880160332 -22.998756729066372 14.909935574233533
      vertex -7.314014762639999 -22.998756729066372 14.525735418498517
    endloop
  endfacet
  facet normal 0.965925828765966 0 0.2588190358586124
    outer loop
      vertex -7.314014762639999 -22.98 14.525735418498517
      vertex -7.416960880160332 -22.98 14.909935574233533
      vertex -7.416960880160332 -22.998756729066372 14.909935574233533
    endloop
  endfacet
  facet normal 0.9335804229102069 0 0.3583679588897414
    outer loop
      vertex -7.1714727357029915 -22.98 14.154400753974915
      vertex -7.314014762639999 -22.998756729066372 14.525735418498517
      vertex -7.1714727357029915 -22.998756729066372 14.154400753974915
    endloop
  endfacet
  facet normal 0.6559168174445514 -0.7116027740648513 0.2517828837244881
    outer loop
      vertex -7.1714727357029915 -22.98 14.154400753974915
      vertex -6.111506372690201 -21.8 14.72807561159134
      vertex -7.314014762639999 -22.98 14.525735418498517
    endloop
  endfacet
  facet normal 0.6783642148289439 -0.7118867185860291 0.1817671365795433
    outer loop
      vertex -7.314014762639999 -22.98 14.525735418498517
      vertex -6.231608100235462 -21.8 15.107580873370171
      vertex -7.416960880160332 -22.98 14.909935574233533
    endloop
  endfacet
  facet normal 0.5460676366838302 -0.7115279895280652 0.44219685241381573
    outer loop
      vertex -6.774264581501484 -22.98 13.466416041553021
      vertex -6.5239503383636475 -22.98 13.157303693890572
      vertex -5.705871865153313 -21.8 14.045769649744035
    endloop
  endfacet
  facet normal 0.5888158589800767 -0.712095695366891 0.38238149125382404
    outer loop
      vertex -6.774264581501484 -22.98 13.466416041553021
      vertex -5.93488097935915 -21.8 14.371351431310178
      vertex -6.990896537899971 -22.98 13.8
    endloop
  endfacet
  facet normal 0.6246395885218439 -0.7131127163014599 0.3182697571250137
    outer loop
      vertex -6.990896537899971 -22.98 13.8
      vertex -5.93488097935915 -21.8 14.371351431310178
      vertex -7.1714727357029915 -22.98 14.154400753974915
    endloop
  endfacet
  facet normal 0.5040033875554709 -0.7146346002833052 0.48505460868909445
    outer loop
      vertex -6.5239503383636475 -22.98 13.157303693890572
      vertex -5.429846823215485 -21.8 13.758961620926858
      vertex -5.705871865153313 -21.8 14.045769649744035
    endloop
  endfacet
  facet normal 0.5717405373914288 -0.7151122051940004 0.4021533188796708
    outer loop
      vertex -6.774264581501484 -22.98 13.466416041553021
      vertex -5.705871865153313 -21.8 14.045769649744035
      vertex -5.93488097935915 -21.8 14.371351431310178
    endloop
  endfacet
  facet normal 0.6271523470964464 -0.7143216760279716 0.31052290847537817
    outer loop
      vertex -7.1714727357029915 -22.98 14.154400753974915
      vertex -5.93488097935915 -21.8 14.371351431310178
      vertex -6.111506372690201 -21.8 14.72807561159134
    endloop
  endfacet
  facet normal 0.6663388380953413 -0.7152090486469334 0.21087572069657326
    outer loop
      vertex -7.314014762639999 -22.98 14.525735418498517
      vertex -6.111506372690201 -21.8 14.72807561159134
      vertex -6.231608100235462 -21.8 15.107580873370171
    endloop
  endfacet
  facet normal 0 -1 0
    outer loop
      vertex -5.93488097935915 -21.8 14.371351431310178
      vertex -5.705871865153313 -21.8 14.045769649744035
      vertex -6.111506372690201 -21.8 14.72807561159134
    endloop
  endfacet
  facet normal 0 -1 0
    outer loop
      vertex -6.111506372690201 -21.8 14.72807561159134
      vertex -5.705871865153313 -21.8 14.045769649744035
      vertex -6.292371086776257 -21.8 15.500971946120263
    endloop
  endfacet
  facet normal 0.45399049572193 0 0.8910065262354459
    outer loop
      vertex -5.600000001490116 -22.98 12.409103463590146
      vertex -5.600000001490116 -22.998756729066372 12.409103463590146
      vertex -5.245599240064621 -22.98 12.228527258336545
    endloop
  endfacet
  facet normal 0.45399049572193 0 0.8910065262354459
    outer loop
      vertex -5.600000001490116 -22.998756729066372 12.409103463590146
      vertex -5.245599240064621 -22.998756729066372 12.228527258336545
      vertex -5.245599240064621 -22.98 12.228527258336545
    endloop
  endfacet
  facet normal 0.5446390364547068 0 0.8386705670104851
    outer loop
      vertex -5.933583959937096 -22.998756729066372 12.625735419988633
      vertex -5.600000001490116 -22.998756729066372 12.409103463590146
      vertex -5.600000001490116 -22.98 12.409103463590146
    endloop
  endfacet
  facet normal 0.3583679425637397 0 0.9335804291771717
    outer loop
      vertex -5.245599240064621 -22.98 12.228527258336545
      vertex -5.245599240064621 -22.998756729066372 12.228527258336545
      vertex -4.874264575541019 -22.98 12.085985238850117
    endloop
  endfacet
  facet normal 0.3583679425637397 0 0.9335804291771717
    outer loop
      vertex -5.245599240064621 -22.998756729066372 12.228527258336545
      vertex -4.874264575541019 -22.998756729066372 12.085985238850117
      vertex -4.874264575541019 -22.98 12.085985238850117
    endloop
  endfacet
  facet normal 0.3185785013667482 -0.7124435258049744 0.6252455205801106
    outer loop
      vertex -5.600000001490116 -22.98 12.409103463590146
      vertex -5.245599240064621 -22.98 12.228527258336545
      vertex -4.763578459620476 -21.8 13.327490593492985
    endloop
  endfacet
  facet normal 0.25140329069056555 -0.7126469876479633 0.6549279780450968
    outer loop
      vertex -5.245599240064621 -22.98 12.228527258336545
      vertex -4.874264575541019 -22.98 12.085985238850117
      vertex -4.763578459620476 -21.8 13.327490593492985
    endloop
  endfacet
  facet normal 0.3827113445786711 -0.7114980667383699 0.5893237885562976
    outer loop
      vertex -5.933583959937096 -22.98 12.625735419988633
      vertex -5.600000001490116 -22.98 12.409103463590146
      vertex -5.11327563226223 -21.8 13.517649891972543
    endloop
  endfacet
  facet normal 0.4238575603609133 -0.714950712912973 0.5560487808008633
    outer loop
      vertex -5.933583959937096 -22.98 12.625735419988633
      vertex -5.11327563226223 -21.8 13.517649891972543
      vertex -5.429846823215485 -21.8 13.758961620926858
    endloop
  endfacet
  facet normal 0.33404301101130635 -0.7148824958549046 0.6142949486319764
    outer loop
      vertex -5.600000001490116 -22.98 12.409103463590146
      vertex -4.763578459620476 -21.8 13.327490593492985
      vertex -5.11327563226223 -21.8 13.517649891972543
    endloop
  endfacet
  facet normal 0.25881905801840904 0 0.9659258228282663
    outer loop
      vertex -4.490064427256584 -22.98 11.983039113879205
      vertex -4.874264575541019 -22.98 12.085985238850117
      vertex -4.874264575541019 -22.998756729066372 12.085985238850117
    endloop
  endfacet
  facet normal 0.25881905801840904 0 0.9659258228282663
    outer loop
      vertex -4.490064427256584 -22.98 11.983039113879205
      vertex -4.874264575541019 -22.998756729066372 12.085985238850117
      vertex -4.490064427256584 -22.998756729066372 11.983039113879205
    endloop
  endfacet
  facet normal 0.18186513945307706 -0.711513027366569 0.6787299042619037
    outer loop
      vertex -4.490064427256584 -22.98 11.983039113879205
      vertex -4.388951905071735 -21.8 13.192940908670426
      vertex -4.874264575541019 -22.98 12.085985238850117
    endloop
  endfacet
  facet normal 0.10981725712096617 -0.7121752501513925 0.6933589136300399
    outer loop
      vertex -4.490064427256584 -22.98 11.983039113879205
      vertex -4.09720815718174 -22.98 11.920816797018052
      vertex -3.9981769025325775 -21.8 13.117154563963414
    endloop
  endfacet
  facet normal 0.03669667493407368 -0.7129889531296776 0.7002143291620282
    outer loop
      vertex -4.09720815718174 -22.98 11.920816797018052
      vertex -3.7000000029802322 -22.98 11.900000001490117
      vertex -3.9981769025325775 -21.8 13.117154563963414
    endloop
  endfacet
  facet normal 0.2364110821423907 -0.71472444447628 0.6582391424917975
    outer loop
      vertex -4.874264575541019 -22.98 12.085985238850117
      vertex -4.388951905071735 -21.8 13.192940908670426
      vertex -4.763578459620476 -21.8 13.327490593492985
    endloop
  endfacet
  facet normal 0 -1 0
    outer loop
      vertex -4.763578459620476 -21.8 13.327490593492985
      vertex -4.388951905071735 -21.8 13.192940908670426
      vertex -5.11327563226223 -21.8 13.517649891972543
    endloop
  endfacet
  facet normal 0.1330943109897332 -0.7150655626058289 0.6862704609389638
    outer loop
      vertex -4.490064427256584 -22.98 11.983039113879205
      vertex -3.9981769025325775 -21.8 13.117154563963414
      vertex -4.388951905071735 -21.8 13.192940908670426
    endloop
  endfacet
  facet normal 0 -1 0
    outer loop
      vertex -4.388951905071735 -21.8 13.192940908670426
      vertex -3.9981769025325775 -21.8 13.117154563963414
      vertex -3.600412890315056 -21.8 13.101907926797868
    endloop
  endfacet
  facet normal 0 -1 0
    outer loop
      vertex -5.429846823215485 -21.8 13.758961620926858
      vertex -5.11327563226223 -21.8 13.517649891972543
      vertex -5.705871865153313 -21.8 14.045769649744035
    endloop
  endfacet
  facet normal 0 -1 0
    outer loop
      vertex -4.388951905071735 -21.8 13.192940908670426
      vertex -6.292371086776257 -21.8 15.500971946120263
      vertex -5.705871865153313 -21.8 14.045769649744035
    endloop
  endfacet
  facet normal 0 -1 0
    outer loop
      vertex -4.388951905071735 -21.8 13.192940908670426
      vertex -5.705871865153313 -21.8 14.045769649744035
      vertex -5.11327563226223 -21.8 13.517649891972543
    endloop
  endfacet
  facet normal 0 -1 0
    outer loop
      vertex -4.388951905071735 -21.8 13.192940908670426
      vertex -4.685480073094368 -21.8 16.10624505132437
      vertex -6.292371086776257 -21.8 15.500971946120263
    endloop
  endfacet
  facet normal 0 -1 0
    outer loop
      vertex -4.388951905071735 -21.8 13.192940908670426
      vertex -4.35296743363142 -21.8 15.41577544361353
      vertex -4.571259528398514 -21.8 15.73595113605261
    endloop
  endfacet
  facet normal 0 -1 0
    outer loop
      vertex -4.388951905071735 -21.8 13.192940908670426
      vertex -4.049999997019768 -21.8 15.1741669729352
      vertex -4.35296743363142 -21.8 15.41577544361353
    endloop
  endfacet
  facet normal 0 -1 0
    outer loop
      vertex -4.388951905071735 -21.8 13.192940908670426
      vertex -3.6892772167921066 -21.8 15.032593715190888
      vertex -4.049999997019768 -21.8 15.1741669729352
    endloop
  endfacet
  facet normal 0.9876883386419952 0 0.15643447737188637
    outer loop
      vertex -7.416960880160332 -22.98 14.909935574233533
      vertex -7.479183204472065 -22.998756729066372 15.302791836857796
      vertex -7.416960880160332 -22.998756729066372 14.909935574233533
    endloop
  endfacet
  facet normal 0.9876883386419952 0 0.15643447737188637
    outer loop
      vertex -7.416960880160332 -22.98 14.909935574233533
      vertex -7.479183204472065 -22.98 15.302791836857796
      vertex -7.479183204472065 -22.998756729066372 15.302791836857796
    endloop
  endfacet
  facet normal 0.9986295350354186 0 0.05233595088410454
    outer loop
      vertex -7.479183204472065 -22.98 15.302791836857796
      vertex -7.5 -22.998756729066372 15.699999998509885
      vertex -7.479183204472065 -22.998756729066372 15.302791836857796
    endloop
  endfacet
  facet normal 0.9986295350354186 0 0.05233595088410454
    outer loop
      vertex -7.479183204472065 -22.98 15.302791836857796
      vertex -7.5 -22.98 15.699999998509885
      vertex -7.5 -22.998756729066372 15.699999998509885
    endloop
  endfacet
  facet normal 0.692015720406659 -0.7135132019803399 0.1096045314292043
    outer loop
      vertex -7.416960880160332 -22.98 14.909935574233533
      vertex -6.231608100235462 -21.8 15.107580873370171
      vertex -7.479183204472065 -22.98 15.302791836857796
    endloop
  endfacet
  facet normal 0.701498161651779 -0.7117223761139619 0.036763957048591596
    outer loop
      vertex -7.479183204472065 -22.98 15.302791836857796
      vertex -6.292371086776257 -21.8 15.500971946120263
      vertex -7.5 -22.98 15.699999998509885
    endloop
  endfacet
  facet normal 0.6919972458442355 -0.7139434795173355 0.10688554532149143
    outer loop
      vertex -7.479183204472065 -22.98 15.302791836857796
      vertex -6.231608100235462 -21.8 15.107580873370171
      vertex -6.292371086776257 -21.8 15.500971946120263
    endloop
  endfacet
  facet normal 0 -1 0
    outer loop
      vertex -6.111506372690201 -21.8 14.72807561159134
      vertex -6.292371086776257 -21.8 15.500971946120263
      vertex -6.231608100235462 -21.8 15.107580873370171
    endloop
  endfacet
  facet normal 1 0 0
    outer loop
      vertex -7.5 -22.98 15.699999998509885
      vertex -7.5 -22.998756729066372 18.900000001490117
      vertex -7.5 -22.998756729066372 15.699999998509885
    endloop
  endfacet
  facet normal 0.6988775675536899 -0.7152413198146746 0
    outer loop
      vertex -7.5 -22.98 15.699999998509885
      vertex -6.292371086776257 -21.8 15.500971946120263
      vertex -7.5 -22.98 18.900000001490117
    endloop
  endfacet
  facet normal 1 0 0
    outer loop
      vertex -7.5 -22.98 15.699999998509885
      vertex -7.5 -22.98 18.900000001490117
      vertex -7.5 -22.998756729066372 18.900000001490117
    endloop
  endfacet
  facet normal 0.6988775675536899 -0.7152413198146746 0
    outer loop
      vertex -6.292371086776257 -21.8 15.500971946120263
      vertex -6.292371086776257 -21.8 19.09902805387974
      vertex -7.5 -22.98 18.900000001490117
    endloop
  endfacet
  facet normal 0 -1 0
    outer loop
      vertex -4.388951905071735 -21.8 13.192940908670426
      vertex -4.571259528398514 -21.8 15.73595113605261
      vertex -4.685480073094368 -21.8 16.10624505132437
    endloop
  endfacet
  facet normal 0 -1 0
    outer loop
      vertex -6.292371086776257 -21.8 15.500971946120263
      vertex -4.685480073094368 -21.8 16.10624505132437
      vertex -4.685480073094368 -21.8 18.493754948675633
    endloop
  endfacet
  facet normal 0.026800561575965554 -0.7144332226420818 0.6991901746195112
    outer loop
      vertex -3.7000000029802322 -22.98 11.900000001490117
      vertex -3.600412890315056 -21.8 13.101907926797868
      vertex -3.9981769025325775 -21.8 13.117154563963414
    endloop
  endfacet
  facet normal 0 -1 0
    outer loop
      vertex -4.388951905071735 -21.8 13.192940908670426
      vertex -3.302850879728794 -21.8 15.003635066747666
      vertex -3.6892772167921066 -21.8 15.032593715190888
    endloop
  endfacet
  facet normal 0 -0.7135803103587225 0.700573437027375
    outer loop
      vertex -3.7000000029802322 -22.98 11.900000001490117
      vertex 3.799587108194828 -21.8 13.101907926797868
      vertex -3.600412890315056 -21.8 13.101907926797868
    endloop
  endfacet
  facet normal 0 -1 0
    outer loop
      vertex -4.388951905071735 -21.8 13.192940908670426
      vertex -3.600412890315056 -21.8 13.101907926797868
      vertex 3.799587108194828 -21.8 13.101907926797868
    endloop
  endfacet
  facet normal 0 -1 0
    outer loop
      vertex -4.388951905071735 -21.8 13.192940908670426
      vertex 5.276186071336269 -21.8 13.632238532602788
      vertex -3.302850879728794 -21.8 15.003635066747666
    endloop
  endfacet
  facet normal 0.9986295350354186 0 -0.05233595088410454
    outer loop
      vertex -7.5 -22.98 18.900000001490117
      vertex -7.479183204472065 -22.998756729066372 19.297208163142205
      vertex -7.5 -22.998756729066372 18.900000001490117
    endloop
  endfacet
  facet normal 0.9986295350354186 0 -0.05233595088410454
    outer loop
      vertex -7.5 -22.98 18.900000001490117
      vertex -7.479183204472065 -22.98 19.297208163142205
      vertex -7.479183204472065 -22.998756729066372 19.297208163142205
    endloop
  endfacet
  facet normal 0.9876883386419952 0 -0.15643447737188637
    outer loop
      vertex -7.479183204472065 -22.98 19.297208163142205
      vertex -7.416960880160332 -22.998756729066372 19.69006442576647
      vertex -7.479183204472065 -22.998756729066372 19.297208163142205
    endloop
  endfacet
  facet normal 0.701498161651779 -0.7117223761139619 -0.036763957048591596
    outer loop
      vertex -7.5 -22.98 18.900000001490117
      vertex -6.292371086776257 -21.8 19.09902805387974
      vertex -7.479183204472065 -22.98 19.297208163142205
    endloop
  endfacet
  facet normal 0.692015720406659 -0.7135132019803399 -0.1096045314292043
    outer loop
      vertex -7.479183204472065 -22.98 19.297208163142205
      vertex -6.231608100235462 -21.8 19.49241912662983
      vertex -7.416960880160332 -22.98 19.69006442576647
    endloop
  endfacet
  facet normal 0 -1 0
    outer loop
      vertex -6.292371086776257 -21.8 15.500971946120263
      vertex -6.231608100235462 -21.8 19.49241912662983
      vertex -6.292371086776257 -21.8 19.09902805387974
    endloop
  endfacet
  facet normal 0 -1 0
    outer loop
      vertex -6.292371086776257 -21.8 15.500971946120263
      vertex -6.111506372690201 -21.8 19.87192438840866
      vertex -6.231608100235462 -21.8 19.49241912662983
    endloop
  endfacet
  facet normal 0.6919972458442355 -0.7139434795173355 -0.10688554532149143
    outer loop
      vertex -7.479183204472065 -22.98 19.297208163142205
      vertex -6.292371086776257 -21.8 19.09902805387974
      vertex -6.231608100235462 -21.8 19.49241912662983
    endloop
  endfacet
  facet normal 0 -1 0
    outer loop
      vertex -6.292371086776257 -21.8 15.500971946120263
      vertex -5.11327563226223 -21.8 21.08235010802746
      vertex -6.111506372690201 -21.8 19.87192438840866
    endloop
  endfacet
  facet normal 0.9876883386419952 0 -0.15643447737188637
    outer loop
      vertex -7.479183204472065 -22.98 19.297208163142205
      vertex -7.416960880160332 -22.98 19.69006442576647
      vertex -7.416960880160332 -22.998756729066372 19.69006442576647
    endloop
  endfacet
  facet normal 0.965925828765966 0 -0.2588190358586124
    outer loop
      vertex -7.416960880160332 -22.98 19.69006442576647
      vertex -7.314014762639999 -22.998756729066372 20.074264581501485
      vertex -7.416960880160332 -22.998756729066372 19.69006442576647
    endloop
  endfacet
  facet normal 0.965925828765966 0 -0.2588190358586124
    outer loop
      vertex -7.416960880160332 -22.98 19.69006442576647
      vertex -7.314014762639999 -22.98 20.074264581501485
      vertex -7.314014762639999 -22.998756729066372 20.074264581501485
    endloop
  endfacet
  facet normal 0.9335804229102069 0 -0.3583679588897414
    outer loop
      vertex -7.314014762639999 -22.98 20.074264581501485
      vertex -7.1714727357029915 -22.998756729066372 20.445599246025086
      vertex -7.314014762639999 -22.998756729066372 20.074264581501485
    endloop
  endfacet
  facet normal 0.6783642148289438 -0.711886718586029 -0.1817671365795435
    outer loop
      vertex -6.231608100235462 -21.8 19.49241912662983
      vertex -7.314014762639999 -22.98 20.074264581501485
      vertex -7.416960880160332 -22.98 19.69006442576647
    endloop
  endfacet
  facet normal 0.6559168174445514 -0.7116027740648513 -0.2517828837244881
    outer loop
      vertex -7.314014762639999 -22.98 20.074264581501485
      vertex -6.111506372690201 -21.8 19.87192438840866
      vertex -7.1714727357029915 -22.98 20.445599246025086
    endloop
  endfacet
  facet normal 0.9335804229102069 0 -0.3583679588897414
    outer loop
      vertex -7.314014762639999 -22.98 20.074264581501485
      vertex -7.1714727357029915 -22.98 20.445599246025086
      vertex -7.1714727357029915 -22.998756729066372 20.445599246025086
    endloop
  endfacet
  facet normal 0.8910065299518292 0 -0.45399048842811696
    outer loop
      vertex -7.1714727357029915 -22.98 20.445599246025086
      vertex -6.990896537899971 -22.998756729066372 20.8
      vertex -7.1714727357029915 -22.998756729066372 20.445599246025086
    endloop
  endfacet
  facet normal 0.8910065299518292 0 -0.45399048842811696
    outer loop
      vertex -7.1714727357029915 -22.98 20.445599246025086
      vertex -6.990896537899971 -22.98 20.8
      vertex -6.990896537899971 -22.998756729066372 20.8
    endloop
  endfacet
  facet normal 0.8386705670104851 0 -0.5446390364547068
    outer loop
      vertex -6.990896537899971 -22.98 20.8
      vertex -6.774264581501484 -22.998756729066372 21.13358395844698
      vertex -6.990896537899971 -22.998756729066372 20.8
    endloop
  endfacet
  facet normal 0.6663388380953412 -0.7152090486469334 -0.21087572069657304
    outer loop
      vertex -6.231608100235462 -21.8 19.49241912662983
      vertex -6.111506372690201 -21.8 19.87192438840866
      vertex -7.314014762639999 -22.98 20.074264581501485
    endloop
  endfacet
  facet normal 0.6271523470964464 -0.7143216760279716 -0.31052290847537817
    outer loop
      vertex -7.1714727357029915 -22.98 20.445599246025086
      vertex -6.111506372690201 -21.8 19.87192438840866
      vertex -5.93488097935915 -21.8 20.228648568689824
    endloop
  endfacet
  facet normal 0 -1 0
    outer loop
      vertex -6.111506372690201 -21.8 19.87192438840866
      vertex -5.705871865153313 -21.8 20.554230350255967
      vertex -5.93488097935915 -21.8 20.228648568689824
    endloop
  endfacet
  facet normal 0.6246395885218439 -0.7131127163014599 -0.3182697571250137
    outer loop
      vertex -7.1714727357029915 -22.98 20.445599246025086
      vertex -5.93488097935915 -21.8 20.228648568689824
      vertex -6.990896537899971 -22.98 20.8
    endloop
  endfacet
  facet normal 0.5888158589800767 -0.712095695366891 -0.38238149125382404
    outer loop
      vertex -6.990896537899971 -22.98 20.8
      vertex -5.93488097935915 -21.8 20.228648568689824
      vertex -6.774264581501484 -22.98 21.13358395844698
    endloop
  endfacet
  facet normal 0.5717405373914287 -0.7151122051940004 -0.4021533188796709
    outer loop
      vertex -5.93488097935915 -21.8 20.228648568689824
      vertex -5.705871865153313 -21.8 20.554230350255967
      vertex -6.774264581501484 -22.98 21.13358395844698
    endloop
  endfacet
  facet normal 0.5040033875554709 -0.714634600283305 -0.4850546086890946
    outer loop
      vertex -5.705871865153313 -21.8 20.554230350255967
      vertex -5.429846823215485 -21.8 20.841038379073144
      vertex -6.5239503383636475 -22.98 21.44269630610943
    endloop
  endfacet
  facet normal 0 -1 0
    outer loop
      vertex -6.292371086776257 -21.8 15.500971946120263
      vertex -4.685480073094368 -21.8 18.493754948675633
      vertex -5.11327563226223 -21.8 21.08235010802746
    endloop
  endfacet
  facet normal 0 -1 0
    outer loop
      vertex -4.685480073094368 -21.8 18.493754948675633
      vertex -4.571259528398514 -21.8 18.864048863947392
      vertex -5.11327563226223 -21.8 21.08235010802746
    endloop
  endfacet
  facet normal 0 -1 0
    outer loop
      vertex -6.111506372690201 -21.8 19.87192438840866
      vertex -5.11327563226223 -21.8 21.08235010802746
      vertex -5.705871865153313 -21.8 20.554230350255967
    endloop
  endfacet
  facet normal 0 -1 0
    outer loop
      vertex -5.705871865153313 -21.8 20.554230350255967
      vertex -5.11327563226223 -21.8 21.08235010802746
      vertex -5.429846823215485 -21.8 20.841038379073144
    endloop
  endfacet
  facet normal 0 -1 0
    outer loop
      vertex -4.571259528398514 -21.8 18.864048863947392
      vertex -4.35296743363142 -21.8 19.18422455638647
      vertex -5.11327563226223 -21.8 21.08235010802746
    endloop
  endfacet
  facet normal 0 -1 0
    outer loop
      vertex -4.35296743363142 -21.8 19.18422455638647
      vertex -4.049999997019768 -21.8 19.4258330270648
      vertex -5.11327563226223 -21.8 21.08235010802746
    endloop
  endfacet
  facet normal 0 -1 0
    outer loop
      vertex -4.049999997019768 -21.8 19.4258330270648
      vertex -3.6892772167921066 -21.8 19.567406284809113
      vertex -5.11327563226223 -21.8 21.08235010802746
    endloop
  endfacet
  facet normal 0 -1 0
    outer loop
      vertex -5.11327563226223 -21.8 21.08235010802746
      vertex -3.6892772167921066 -21.8 19.567406284809113
      vertex -3.302850879728794 -21.8 19.596364933252335
    endloop
  endfacet
  facet normal 0.8386705670104851 0 -0.5446390364547068
    outer loop
      vertex -6.990896537899971 -22.98 20.8
      vertex -6.774264581501484 -22.98 21.13358395844698
      vertex -6.774264581501484 -22.998756729066372 21.13358395844698
    endloop
  endfacet
  facet normal 0.7771459620258271 0 -0.6293203903473585
    outer loop
      vertex -6.774264581501484 -22.98 21.13358395844698
      vertex -6.5239503383636475 -22.998756729066372 21.44269630610943
      vertex -6.774264581501484 -22.998756729066372 21.13358395844698
    endloop
  endfacet
  facet normal 0.7771459620258271 0 -0.6293203903473585
    outer loop
      vertex -6.774264581501484 -22.98 21.13358395844698
      vertex -6.5239503383636475 -22.98 21.44269630610943
      vertex -6.5239503383636475 -22.998756729066372 21.44269630610943
    endloop
  endfacet
  facet normal 0.5460676366838302 -0.7115279895280654 -0.4421968524138156
    outer loop
      vertex -5.705871865153313 -21.8 20.554230350255967
      vertex -6.5239503383636475 -22.98 21.44269630610943
      vertex -6.774264581501484 -22.98 21.13358395844698
    endloop
  endfacet
  facet normal 0.7071067811865476 0 -0.7071067811865476
    outer loop
      vertex -6.5239503383636475 -22.98 21.44269630610943
      vertex -6.2426963075995445 -22.998756729066372 21.723950336873532
      vertex -6.5239503383636475 -22.998756729066372 21.44269630610943
    endloop
  endfacet
  facet normal 0.7071067811865476 0 -0.7071067811865476
    outer loop
      vertex -6.5239503383636475 -22.98 21.44269630610943
      vertex -6.2426963075995445 -22.98 21.723950336873532
      vertex -6.2426963075995445 -22.998756729066372 21.723950336873532
    endloop
  endfacet
  facet normal 0.4959731688347532 -0.7127560814135697 -0.495973168834753
    outer loop
      vertex -5.429846823215485 -21.8 20.841038379073144
      vertex -6.2426963075995445 -22.98 21.723950336873532
      vertex -6.5239503383636475 -22.98 21.44269630610943
    endloop
  endfacet
  facet normal 0.44167292936614655 -0.7123491719778349 -0.5454206456008244
    outer loop
      vertex -5.429846823215485 -21.8 20.841038379073144
      vertex -5.933583959937096 -22.98 21.97426458001137
      vertex -6.2426963075995445 -22.98 21.723950336873532
    endloop
  endfacet
  facet normal 0.6293203903473585 0 -0.7771459620258271
    outer loop
      vertex -6.2426963075995445 -22.98 21.723950336873532
      vertex -5.933583959937096 -22.998756729066372 21.97426458001137
      vertex -6.2426963075995445 -22.998756729066372 21.723950336873532
    endloop
  endfacet
  facet normal 0.6293203903473585 0 -0.7771459620258271
    outer loop
      vertex -6.2426963075995445 -22.98 21.723950336873532
      vertex -5.933583959937096 -22.98 21.97426458001137
      vertex -5.933583959937096 -22.998756729066372 21.97426458001137
    endloop
  endfacet
  facet normal 0.5446390364547068 0 -0.8386705670104851
    outer loop
      vertex -5.933583959937096 -22.98 21.97426458001137
      vertex -5.600000001490116 -22.998756729066372 22.190896536409856
      vertex -5.933583959937096 -22.998756729066372 21.97426458001137
    endloop
  endfacet
  facet normal 0.3827113445786711 -0.7114980667383699 -0.5893237885562976
    outer loop
      vertex -5.933583959937096 -22.98 21.97426458001137
      vertex -5.11327563226223 -21.8 21.08235010802746
      vertex -5.600000001490116 -22.98 22.190896536409856
    endloop
  endfacet
  facet normal 0.4238575603609132 -0.714950712912973 -0.5560487808008633
    outer loop
      vertex -5.429846823215485 -21.8 20.841038379073144
      vertex -5.11327563226223 -21.8 21.08235010802746
      vertex -5.933583959937096 -22.98 21.97426458001137
    endloop
  endfacet
  facet normal 0.3340430110113063 -0.7148824958549046 -0.6142949486319764
    outer loop
      vertex -5.11327563226223 -21.8 21.08235010802746
      vertex -4.763578459620476 -21.8 21.272509406507016
      vertex -5.600000001490116 -22.98 22.190896536409856
    endloop
  endfacet
  facet normal 0.5446390364547068 0 -0.8386705670104851
    outer loop
      vertex -5.933583959937096 -22.98 21.97426458001137
      vertex -5.600000001490116 -22.98 22.190896536409856
      vertex -5.600000001490116 -22.998756729066372 22.190896536409856
    endloop
  endfacet
  facet normal 0.45399049572193 0 -0.8910065262354459
    outer loop
      vertex -5.600000001490116 -22.98 22.190896536409856
      vertex -5.245599240064621 -22.998756729066372 22.371472741663457
      vertex -5.600000001490116 -22.998756729066372 22.190896536409856
    endloop
  endfacet
  facet normal 0.45399049572193 0 -0.8910065262354459
    outer loop
      vertex -5.600000001490116 -22.98 22.190896536409856
      vertex -5.245599240064621 -22.98 22.371472741663457
      vertex -5.245599240064621 -22.998756729066372 22.371472741663457
    endloop
  endfacet
  facet normal 0.3185785013667482 -0.7124435258049744 -0.6252455205801106
    outer loop
      vertex -5.600000001490116 -22.98 22.190896536409856
      vertex -4.763578459620476 -21.8 21.272509406507016
      vertex -5.245599240064621 -22.98 22.371472741663457
    endloop
  endfacet
  facet normal 0.25140329069056555 -0.7126469876479633 -0.6549279780450968
    outer loop
      vertex -5.245599240064621 -22.98 22.371472741663457
      vertex -4.763578459620476 -21.8 21.272509406507016
      vertex -4.874264575541019 -22.98 22.514014761149884
    endloop
  endfacet
  facet normal 0.3583679425637397 0 -0.9335804291771717
    outer loop
      vertex -5.245599240064621 -22.98 22.371472741663457
      vertex -4.874264575541019 -22.998756729066372 22.514014761149884
      vertex -5.245599240064621 -22.998756729066372 22.371472741663457
    endloop
  endfacet
  facet normal 0.3583679425637397 0 -0.9335804291771717
    outer loop
      vertex -5.245599240064621 -22.98 22.371472741663457
      vertex -4.874264575541019 -22.98 22.514014761149884
      vertex -4.874264575541019 -22.998756729066372 22.514014761149884
    endloop
  endfacet
  facet normal 0 -1 0
    outer loop
      vertex -5.11327563226223 -21.8 21.08235010802746
      vertex -3.9981769025325775 -21.8 21.482845436036587
      vertex -4.763578459620476 -21.8 21.272509406507016
    endloop
  endfacet
  facet normal 0.23641108214239073 -0.71472444447628 -0.6582391424917975
    outer loop
      vertex -4.763578459620476 -21.8 21.272509406507016
      vertex -4.388951905071735 -21.8 21.407059091329575
      vertex -4.874264575541019 -22.98 22.514014761149884
    endloop
  endfacet
  facet normal 0 -1 0
    outer loop
      vertex -4.763578459620476 -21.8 21.272509406507016
      vertex -3.9981769025325775 -21.8 21.482845436036587
      vertex -4.388951905071735 -21.8 21.407059091329575
    endloop
  endfacet
  facet normal 0.18186513945307706 -0.711513027366569 -0.6787299042619037
    outer loop
      vertex -4.388951905071735 -21.8 21.407059091329575
      vertex -4.490064427256584 -22.98 22.616960886120797
      vertex -4.874264575541019 -22.98 22.514014761149884
    endloop
  endfacet
  facet normal 0.10981725712096624 -0.7121752501513925 -0.6933589136300398
    outer loop
      vertex -3.9981769025325775 -21.8 21.482845436036587
      vertex -4.09720815718174 -22.98 22.67918320298195
      vertex -4.490064427256584 -22.98 22.616960886120797
    endloop
  endfacet
  facet normal 0.03669667493407366 -0.7129889531296776 -0.7002143291620283
    outer loop
      vertex -3.9981769025325775 -21.8 21.482845436036587
      vertex -3.7000000029802322 -22.98 22.699999998509885
      vertex -4.09720815718174 -22.98 22.67918320298195
    endloop
  endfacet
  facet normal 0.13309431098973318 -0.7150655626058289 -0.6862704609389638
    outer loop
      vertex -4.388951905071735 -21.8 21.407059091329575
      vertex -3.9981769025325775 -21.8 21.482845436036587
      vertex -4.490064427256584 -22.98 22.616960886120797
    endloop
  endfacet
  facet normal 0.25881905801840904 0 -0.9659258228282663
    outer loop
      vertex -4.874264575541019 -22.98 22.514014761149884
      vertex -4.490064427256584 -22.998756729066372 22.616960886120797
      vertex -4.874264575541019 -22.998756729066372 22.514014761149884
    endloop
  endfacet
  facet normal 0.25881905801840904 0 -0.9659258228282663
    outer loop
      vertex -4.874264575541019 -22.98 22.514014761149884
      vertex -4.490064427256584 -22.98 22.616960886120797
      vertex -4.490064427256584 -22.998756729066372 22.616960886120797
    endloop
  endfacet
  facet normal 0.1564344562044175 0 -0.987688341994593
    outer loop
      vertex -4.490064427256584 -22.98 22.616960886120797
      vertex -4.09720815718174 -22.998756729066372 22.67918320298195
      vertex -4.490064427256584 -22.998756729066372 22.616960886120797
    endloop
  endfacet
  facet normal 0.1564344562044175 0 -0.987688341994593
    outer loop
      vertex -4.490064427256584 -22.98 22.616960886120797
      vertex -4.09720815718174 -22.98 22.67918320298195
      vertex -4.09720815718174 -22.998756729066372 22.67918320298195
    endloop
  endfacet
  facet normal 0.05233595186310048 0 -0.9986295349841117
    outer loop
      vertex -4.09720815718174 -22.98 22.67918320298195
      vertex -3.7000000029802322 -22.998756729066372 22.699999998509885
      vertex -4.09720815718174 -22.998756729066372 22.67918320298195
    endloop
  endfacet
  facet normal 0 -1 0
    outer loop
      vertex -5.11327563226223 -21.8 21.08235010802746
      vertex -3.302850879728794 -21.8 19.596364933252335
      vertex 3.4971491247415543 -21.8 19.596364933252335
    endloop
  endfacet
  facet normal 0.026800561575965363 -0.7144332226420818 -0.6991901746195112
    outer loop
      vertex -3.9981769025325775 -21.8 21.482845436036587
      vertex -3.600412890315056 -21.8 21.498092073202134
      vertex -3.7000000029802322 -22.98 22.699999998509885
    endloop
  endfacet
  facet normal 0.05233595186310048 0 -0.9986295349841117
    outer loop
      vertex -4.09720815718174 -22.98 22.67918320298195
      vertex -3.7000000029802322 -22.98 22.699999998509885
      vertex -3.7000000029802322 -22.998756729066372 22.699999998509885
    endloop
  endfacet
  facet normal 0 -1 0
    outer loop
      vertex -5.11327563226223 -21.8 21.08235010802746
      vertex 3.799587108194828 -21.8 21.498092073202134
      vertex -3.9981769025325775 -21.8 21.482845436036587
    endloop
  endfacet
  facet normal 0 -1 0
    outer loop
      vertex -3.9981769025325775 -21.8 21.482845436036587
      vertex 3.799587108194828 -21.8 21.498092073202134
      vertex -3.600412890315056 -21.8 21.498092073202134
    endloop
  endfacet
  facet normal 0 -0.7135803103587225 -0.7005734370273748
    outer loop
      vertex -3.600412890315056 -21.8 21.498092073202134
      vertex 3.799587108194828 -21.8 21.498092073202134
      vertex -3.7000000029802322 -22.98 22.699999998509885
    endloop
  endfacet
  facet normal 0 0 -1
    outer loop
      vertex -3.7000000029802322 -22.98 22.699999998509885
      vertex 3.7000000029802322 -22.998756729066372 22.699999998509885
      vertex -3.7000000029802322 -22.998756729066372 22.699999998509885
    endloop
  endfacet
  facet normal 0 0 1
    outer loop
      vertex -3.7000000029802322 -22.998756729066372 11.900000001490117
      vertex 3.7000000029802322 -22.998756729066372 11.900000001490117
      vertex 3.7000000029802322 -22.98 11.900000001490117
    endloop
  endfacet
  facet normal -0.05233595186310048 0 0.9986295349841117
    outer loop
      vertex 3.7000000029802322 -22.98 11.900000001490117
      vertex 3.7000000029802322 -22.998756729066372 11.900000001490117
      vertex 4.09720815718174 -22.98 11.920816797018052
    endloop
  endfacet
  facet normal -0.05233595186310048 0 0.9986295349841117
    outer loop
      vertex 3.7000000029802322 -22.998756729066372 11.900000001490117
      vertex 4.09720815718174 -22.998756729066372 11.920816797018052
      vertex 4.09720815718174 -22.98 11.920816797018052
    endloop
  endfacet
  facet normal -0.1564344562044175 0 0.987688341994593
    outer loop
      vertex 4.09720815718174 -22.98 11.920816797018052
      vertex 4.09720815718174 -22.998756729066372 11.920816797018052
      vertex 4.490064427256584 -22.98 11.983039113879205
    endloop
  endfacet
  facet normal -0.1564344562044175 0 0.987688341994593
    outer loop
      vertex 4.09720815718174 -22.998756729066372 11.920816797018052
      vertex 4.490064427256584 -22.998756729066372 11.983039113879205
      vertex 4.490064427256584 -22.98 11.983039113879205
    endloop
  endfacet
  facet normal 0 -0.7135803103587225 0.700573437027375
    outer loop
      vertex -3.7000000029802322 -22.98 11.900000001490117
      vertex 3.7000000029802322 -22.98 11.900000001490117
      vertex 3.799587108194828 -21.8 13.101907926797868
    endloop
  endfacet
  facet normal 0 -1 0
    outer loop
      vertex -4.388951905071735 -21.8 13.192940908670426
      vertex 3.799587108194828 -21.8 13.101907926797868
      vertex 5.276186071336269 -21.8 13.632238532602788
    endloop
  endfacet
  facet normal 0 -1 0
    outer loop
      vertex -3.302850879728794 -21.8 15.003635066747666
      vertex 5.276186071336269 -21.8 13.632238532602788
      vertex 3.4971491247415543 -21.8 15.003635066747666
    endloop
  endfacet
  facet normal -0.036771884166124265 -0.7115728622597538 0.7016494069193919
    outer loop
      vertex 3.7000000029802322 -22.98 11.900000001490117
      vertex 4.09720815718174 -22.98 11.920816797018052
      vertex 3.799587108194828 -21.8 13.101907926797868
    endloop
  endfacet
  facet normal -0.10985276702887353 -0.711951426029903 0.693583114377857
    outer loop
      vertex 4.09720815718174 -22.98 11.920816797018052
      vertex 4.490064427256584 -22.98 11.983039113879205
      vertex 4.195016883313656 -21.8 13.147558371722699
    endloop
  endfacet
  facet normal -0.08015641785820644 -0.7151839442736387 0.6943247615700748
    outer loop
      vertex 4.09720815718174 -22.98 11.920816797018052
      vertex 4.195016883313656 -21.8 13.147558371722699
      vertex 3.799587108194828 -21.8 13.101907926797868
    endloop
  endfacet
  facet normal -0.25881905801840904 0 0.9659258228282663
    outer loop
      vertex 4.490064427256584 -22.98 11.983039113879205
      vertex 4.490064427256584 -22.998756729066372 11.983039113879205
      vertex 4.874264575541019 -22.98 12.085985238850117
    endloop
  endfacet
  facet normal -0.25881905801840904 0 0.9659258228282663
    outer loop
      vertex 4.490064427256584 -22.998756729066372 11.983039113879205
      vertex 4.874264575541019 -22.998756729066372 12.085985238850117
      vertex 4.874264575541019 -22.98 12.085985238850117
    endloop
  endfacet
  facet normal -0.18137590504675974 -0.7133748517390793 0.676904056698374
    outer loop
      vertex 4.490064427256584 -22.98 11.983039113879205
      vertex 4.874264575541019 -22.98 12.085985238850117
      vertex 4.195016883313656 -21.8 13.147558371722699
    endloop
  endfacet
  facet normal 0 -1 0
    outer loop
      vertex 3.799587108194828 -21.8 13.101907926797868
      vertex 4.195016883313656 -21.8 13.147558371722699
      vertex 4.578843884170055 -21.8 13.2530358761549
    endloop
  endfacet
  facet normal -0.18550489443235121 -0.7140768153917598 0.6750423956031243
    outer loop
      vertex 4.195016883313656 -21.8 13.147558371722699
      vertex 4.874264575541019 -22.98 12.085985238850117
      vertex 4.578843884170055 -21.8 13.2530358761549
    endloop
  endfacet
  facet normal 0 -1 0
    outer loop
      vertex 3.799587108194828 -21.8 13.101907926797868
      vertex 4.578843884170055 -21.8 13.2530358761549
      vertex 5.276186071336269 -21.8 13.632238532602788
    endloop
  endfacet
  facet normal -0.3583679425637397 0 0.9335804291771717
    outer loop
      vertex 4.874264575541019 -22.98 12.085985238850117
      vertex 4.874264575541019 -22.998756729066372 12.085985238850117
      vertex 5.245599240064621 -22.98 12.228527258336545
    endloop
  endfacet
  facet normal -0.3583679425637397 0 0.9335804291771717
    outer loop
      vertex 4.874264575541019 -22.998756729066372 12.085985238850117
      vertex 5.245599240064621 -22.998756729066372 12.228527258336545
      vertex 5.245599240064621 -22.98 12.228527258336545
    endloop
  endfacet
  facet normal -0.2517557338796776 -0.7116775338176392 0.6558461239635011
    outer loop
      vertex 4.578843884170055 -21.8 13.2530358761549
      vertex 4.874264575541019 -22.98 12.085985238850117
      vertex 5.245599240064621 -22.98 12.228527258336545
    endloop
  endfacet
  facet normal -0.31888763792084895 -0.7117721925109748 0.6258522352355875
    outer loop
      vertex 5.245599240064621 -22.98 12.228527258336545
      vertex 5.600000001490116 -22.98 12.409103463590146
      vertex 4.9420715272426605 -21.8 13.415868151187897
    endloop
  endfacet
  facet normal -0.45399049572193 0 0.8910065262354459
    outer loop
      vertex 5.245599240064621 -22.98 12.228527258336545
      vertex 5.245599240064621 -22.998756729066372 12.228527258336545
      vertex 5.600000001490116 -22.98 12.409103463590146
    endloop
  endfacet
  facet normal -0.45399049572193 0 0.8910065262354459
    outer loop
      vertex 5.245599240064621 -22.998756729066372 12.228527258336545
      vertex 5.600000001490116 -22.998756729066372 12.409103463590146
      vertex 5.600000001490116 -22.98 12.409103463590146
    endloop
  endfacet
  facet normal -0.5446390364547068 0 0.8386705670104851
    outer loop
      vertex 5.600000001490116 -22.98 12.409103463590146
      vertex 5.600000001490116 -22.998756729066372 12.409103463590146
      vertex 5.933583959937096 -22.98 12.625735419988633
    endloop
  endfacet
  facet normal -0.2858903990758316 -0.7152377361025314 0.6377316524771116
    outer loop
      vertex 4.578843884170055 -21.8 13.2530358761549
      vertex 5.245599240064621 -22.98 12.228527258336545
      vertex 4.9420715272426605 -21.8 13.415868151187897
    endloop
  endfacet
  facet normal 0 -1 0
    outer loop
      vertex 4.578843884170055 -21.8 13.2530358761549
      vertex 4.9420715272426605 -21.8 13.415868151187897
      vertex 5.276186071336269 -21.8 13.632238532602788
    endloop
  endfacet
  facet normal -0.3806857210168635 -0.7138028598145434 0.5878467990339407
    outer loop
      vertex 5.600000001490116 -22.98 12.409103463590146
      vertex 5.276186071336269 -21.8 13.632238532602788
      vertex 4.9420715272426605 -21.8 13.415868151187897
    endloop
  endfacet
  facet normal -0.38151742693438373 -0.7136563989129406 0.5874853166130887
    outer loop
      vertex 5.600000001490116 -22.98 12.409103463590146
      vertex 5.933583959937096 -22.98 12.625735419988633
      vertex 5.276186071336269 -21.8 13.632238532602788
    endloop
  endfacet
  facet normal -0.4649909773938505 -0.7152269783193714 0.5217602518652155
    outer loop
      vertex 5.276186071336269 -21.8 13.632238532602788
      vertex 6.2426963075995445 -22.98 12.87604966312647
      vertex 5.57335614413023 -21.8 13.897075499594212
    endloop
  endfacet
  facet normal 0 -1 0
    outer loop
      vertex 3.4971491247415543 -21.8 15.003635066747666
      vertex 5.276186071336269 -21.8 13.632238532602788
      vertex 3.87494333088398 -21.8 15.089864130318166
    endloop
  endfacet
  facet normal 0 -1 0
    outer loop
      vertex 3.87494333088398 -21.8 15.089864130318166
      vertex 5.276186071336269 -21.8 13.632238532602788
      vertex 4.210536740720272 -21.8 15.283619071543217
    endloop
  endfacet
  facet normal 0 -1 0
    outer loop
      vertex 5.276186071336269 -21.8 13.632238532602788
      vertex 4.474110409617424 -21.8 15.567683923244477
      vertex 4.210536740720272 -21.8 15.283619071543217
    endloop
  endfacet
  facet normal 0 -1 0
    outer loop
      vertex 5.276186071336269 -21.8 13.632238532602788
      vertex 5.57335614413023 -21.8 13.897075499594212
      vertex 5.8266163393855095 -21.8 14.204171481728554
    endloop
  endfacet
  facet normal 0 -1 0
    outer loop
      vertex 5.276186071336269 -21.8 13.632238532602788
      vertex 5.8266163393855095 -21.8 14.204171481728554
      vertex 6.0300304517149925 -21.8 14.546328420937062
    endloop
  endfacet
  facet normal -0.5446390364547068 0 0.8386705670104851
    outer loop
      vertex 5.600000001490116 -22.998756729066372 12.409103463590146
      vertex 5.933583959937096 -22.998756729066372 12.625735419988633
      vertex 5.933583959937096 -22.98 12.625735419988633
    endloop
  endfacet
  facet normal -0.6293203903473585 0 0.7771459620258271
    outer loop
      vertex 5.933583959937096 -22.98 12.625735419988633
      vertex 5.933583959937096 -22.998756729066372 12.625735419988633
      vertex 6.2426963075995445 -22.98 12.87604966312647
    endloop
  endfacet
  facet normal -0.4420062400061145 -0.7118269724419342 0.5458322499631246
    outer loop
      vertex 5.276186071336269 -21.8 13.632238532602788
      vertex 5.933583959937096 -22.98 12.625735419988633
      vertex 6.2426963075995445 -22.98 12.87604966312647
    endloop
  endfacet
  facet normal -0.6293203903473585 0 0.7771459620258271
    outer loop
      vertex 5.933583959937096 -22.998756729066372 12.625735419988633
      vertex 6.2426963075995445 -22.998756729066372 12.87604966312647
      vertex 6.2426963075995445 -22.98 12.87604966312647
    endloop
  endfacet
  facet normal -0.4967755186328349 -0.7116376663542734 0.49677551863283476
    outer loop
      vertex 5.57335614413023 -21.8 13.897075499594212
      vertex 6.2426963075995445 -22.98 12.87604966312647
      vertex 6.5239503383636475 -22.98 13.157303693890572
    endloop
  endfacet
  facet normal -0.7071067811865476 0 0.7071067811865476
    outer loop
      vertex 6.2426963075995445 -22.98 12.87604966312647
      vertex 6.2426963075995445 -22.998756729066372 12.87604966312647
      vertex 6.5239503383636475 -22.98 13.157303693890572
    endloop
  endfacet
  facet normal -0.7071067811865476 0 0.7071067811865476
    outer loop
      vertex 6.2426963075995445 -22.998756729066372 12.87604966312647
      vertex 6.5239503383636475 -22.998756729066372 13.157303693890572
      vertex 6.5239503383636475 -22.98 13.157303693890572
    endloop
  endfacet
  facet normal -0.7771459620258271 0 0.6293203903473585
    outer loop
      vertex 6.5239503383636475 -22.98 13.157303693890572
      vertex 6.5239503383636475 -22.998756729066372 13.157303693890572
      vertex 6.774264581501484 -22.98 13.466416041553021
    endloop
  endfacet
  facet normal -0.7771459620258271 0 0.6293203903473585
    outer loop
      vertex 6.5239503383636475 -22.998756729066372 13.157303693890572
      vertex 6.774264581501484 -22.998756729066372 13.466416041553021
      vertex 6.774264581501484 -22.98 13.466416041553021
    endloop
  endfacet
  facet normal -0.5399951663733875 -0.7142028783482794 0.44533074096946207
    outer loop
      vertex 5.57335614413023 -21.8 13.897075499594212
      vertex 6.5239503383636475 -22.98 13.157303693890572
      vertex 5.8266163393855095 -21.8 14.204171481728554
    endloop
  endfacet
  facet normal -0.6008127746315705 -0.7151516639526135 0.3571863762594001
    outer loop
      vertex 5.8266163393855095 -21.8 14.204171481728554
      vertex 6.990896537899971 -22.98 13.8
      vertex 6.0300304517149925 -21.8 14.546328420937062
    endloop
  endfacet
  facet normal -0.5447159994537328 -0.7132413510486693 0.4411023181682339
    outer loop
      vertex 6.5239503383636475 -22.98 13.157303693890572
      vertex 6.774264581501484 -22.98 13.466416041553021
      vertex 5.8266163393855095 -21.8 14.204171481728554
    endloop
  endfacet
  facet normal -0.5888793184204663 -0.7120210847334121 0.3824227022964279
    outer loop
      vertex 6.774264581501484 -22.98 13.466416041553021
      vertex 6.990896537899971 -22.98 13.8
      vertex 5.8266163393855095 -21.8 14.204171481728554
    endloop
  endfacet
  facet normal -0.6260546531364577 -0.7115479329425864 0.31899076853621017
    outer loop
      vertex 6.0300304517149925 -21.8 14.546328420937062
      vertex 6.990896537899971 -22.98 13.8
      vertex 7.1714727357029915 -22.98 14.154400753974915
    endloop
  endfacet
  facet normal 0 -1 0
    outer loop
      vertex 5.276186071336269 -21.8 13.632238532602788
      vertex 6.0300304517149925 -21.8 14.546328420937062
      vertex 6.269529104232788 -21.8 15.303111861646176
    endloop
  endfacet
  facet normal 0 -1 0
    outer loop
      vertex 6.0300304517149925 -21.8 14.546328420937062
      vertex 6.178830616176128 -21.8 14.91552644520998
      vertex 6.269529104232788 -21.8 15.303111861646176
    endloop
  endfacet
  facet normal -0.6488780432166271 -0.7145375268520163 0.26152133326282395
    outer loop
      vertex 6.0300304517149925 -21.8 14.546328420937062
      vertex 7.1714727357029915 -22.98 14.154400753974915
      vertex 6.178830616176128 -21.8 14.91552644520998
    endloop
  endfacet
  facet normal -0.8386705670104851 0 0.5446390364547068
    outer loop
      vertex 6.774264581501484 -22.98 13.466416041553021
      vertex 6.774264581501484 -22.998756729066372 13.466416041553021
      vertex 6.990896537899971 -22.98 13.8
    endloop
  endfacet
  facet normal -0.8386705670104851 0 0.5446390364547068
    outer loop
      vertex 6.774264581501484 -22.998756729066372 13.466416041553021
      vertex 6.990896537899971 -22.998756729066372 13.8
      vertex 6.990896537899971 -22.98 13.8
    endloop
  endfacet
  facet normal -0.8910065299518292 0 0.45399048842811696
    outer loop
      vertex 6.990896537899971 -22.98 13.8
      vertex 6.990896537899971 -22.998756729066372 13.8
      vertex 7.1714727357029915 -22.98 14.154400753974915
    endloop
  endfacet
  facet normal -0.8910065299518292 0 0.45399048842811696
    outer loop
      vertex 6.990896537899971 -22.998756729066372 13.8
      vertex 7.1714727357029915 -22.998756729066372 14.154400753974915
      vertex 7.1714727357029915 -22.98 14.154400753974915
    endloop
  endfacet
  facet normal -0.6547163344485316 -0.712870074296737 0.2513220614638581
    outer loop
      vertex 6.178830616176128 -21.8 14.91552644520998
      vertex 7.1714727357029915 -22.98 14.154400753974915
      vertex 7.314014762639999 -22.98 14.525735418498517
    endloop
  endfacet
  facet normal -0.9335804229102069 0 0.3583679588897414
    outer loop
      vertex 7.1714727357029915 -22.98 14.154400753974915
      vertex 7.1714727357029915 -22.998756729066372 14.154400753974915
      vertex 7.314014762639999 -22.98 14.525735418498517
    endloop
  endfacet
  facet normal -0.9335804229102069 0 0.3583679588897414
    outer loop
      vertex 7.1714727357029915 -22.998756729066372 14.154400753974915
      vertex 7.314014762639999 -22.998756729066372 14.525735418498517
      vertex 7.314014762639999 -22.98 14.525735418498517
    endloop
  endfacet
  facet normal -0.6779987822917403 -0.7122597461567359 0.1816692192300597
    outer loop
      vertex 6.178830616176128 -21.8 14.91552644520998
      vertex 7.314014762639999 -22.98 14.525735418498517
      vertex 7.416960880160332 -22.98 14.909935574233533
    endloop
  endfacet
  facet normal -0.965925828765966 0 0.2588190358586124
    outer loop
      vertex 7.314014762639999 -22.98 14.525735418498517
      vertex 7.314014762639999 -22.998756729066372 14.525735418498517
      vertex 7.416960880160332 -22.98 14.909935574233533
    endloop
  endfacet
  facet normal -0.965925828765966 0 0.2588190358586124
    outer loop
      vertex 7.314014762639999 -22.998756729066372 14.525735418498517
      vertex 7.416960880160332 -22.998756729066372 14.909935574233533
      vertex 7.416960880160332 -22.98 14.909935574233533
    endloop
  endfacet
  facet normal 0 -1 0
    outer loop
      vertex 5.276186071336269 -21.8 13.632238532602788
      vertex 4.642244644463062 -21.8 15.916818271577359
      vertex 4.474110409617424 -21.8 15.567683923244477
    endloop
  endfacet
  facet normal 0 -1 0
    outer loop
      vertex 5.276186071336269 -21.8 13.632238532602788
      vertex 4.700000002980232 -21.8 16.3
      vertex 4.642244644463062 -21.8 15.916818271577359
    endloop
  endfacet
  facet normal 0 -1 0
    outer loop
      vertex 5.276186071336269 -21.8 13.632238532602788
      vertex 5.276186071336269 -21.8 20.967761467397214
      vertex 4.700000002980232 -21.8 16.3
    endloop
  endfacet
  facet normal 0 -1 0
    outer loop
      vertex 5.276186071336269 -21.8 13.632238532602788
      vertex 6.269529104232788 -21.8 19.296888138353825
      vertex 5.276186071336269 -21.8 20.967761467397214
    endloop
  endfacet
  facet normal -0.6807225942514923 -0.7150117325660768 0.15929523523437616
    outer loop
      vertex 6.178830616176128 -21.8 14.91552644520998
      vertex 7.416960880160332 -22.98 14.909935574233533
      vertex 6.269529104232788 -21.8 15.303111861646176
    endloop
  endfacet
  facet normal -0.697269754759132 -0.7148070758970501 0.05353254473354328
    outer loop
      vertex 6.269529104232788 -21.8 15.303111861646176
      vertex 7.479183204472065 -22.98 15.302791836857796
      vertex 6.299999997019768 -21.8 15.699999998509885
    endloop
  endfacet
  facet normal 0 -1 0
    outer loop
      vertex 5.276186071336269 -21.8 13.632238532602788
      vertex 6.269529104232788 -21.8 15.303111861646176
      vertex 6.269529104232788 -21.8 19.296888138353825
    endloop
  endfacet
  facet normal -0.6940318097202147 -0.7115030531194407 0.10992384863257916
    outer loop
      vertex 7.416960880160332 -22.98 14.909935574233533
      vertex 7.479183204472065 -22.98 15.302791836857796
      vertex 6.269529104232788 -21.8 15.303111861646176
    endloop
  endfacet
  facet normal -0.7006670871453302 -0.7125428022563958 0.0367204022837618
    outer loop
      vertex 6.299999997019768 -21.8 15.699999998509885
      vertex 7.479183204472065 -22.98 15.302791836857796
      vertex 7.5 -22.98 15.699999998509885
    endloop
  endfacet
  facet normal -0.9876883386419952 0 0.15643447737188637
    outer loop
      vertex 7.416960880160332 -22.98 14.909935574233533
      vertex 7.416960880160332 -22.998756729066372 14.909935574233533
      vertex 7.479183204472065 -22.98 15.302791836857796
    endloop
  endfacet
  facet normal -0.9876883386419952 0 0.15643447737188637
    outer loop
      vertex 7.416960880160332 -22.998756729066372 14.909935574233533
      vertex 7.479183204472065 -22.998756729066372 15.302791836857796
      vertex 7.479183204472065 -22.98 15.302791836857796
    endloop
  endfacet
  facet normal -0.9986295350354186 0 0.05233595088410454
    outer loop
      vertex 7.479183204472065 -22.98 15.302791836857796
      vertex 7.479183204472065 -22.998756729066372 15.302791836857796
      vertex 7.5 -22.98 15.699999998509885
    endloop
  endfacet
  facet normal -0.9986295350354186 0 0.05233595088410454
    outer loop
      vertex 7.479183204472065 -22.998756729066372 15.302791836857796
      vertex 7.5 -22.998756729066372 15.699999998509885
      vertex 7.5 -22.98 15.699999998509885
    endloop
  endfacet
  facet normal 0 -1 0
    outer loop
      vertex 6.269529104232788 -21.8 15.303111861646176
      vertex 6.299999997019768 -21.8 15.699999998509885
      vertex 6.299999997019768 -21.8 18.900000001490117
    endloop
  endfacet
  facet normal -0.7011399509284587 -0.7130236806811107 0
    outer loop
      vertex 6.299999997019768 -21.8 15.699999998509885
      vertex 7.5 -22.98 15.699999998509885
      vertex 6.299999997019768 -21.8 18.900000001490117
    endloop
  endfacet
  facet normal 0 -1 0
    outer loop
      vertex 6.269529104232788 -21.8 15.303111861646176
      vertex 6.299999997019768 -21.8 18.900000001490117
      vertex 6.269529104232788 -21.8 19.296888138353825
    endloop
  endfacet
  facet normal -1 0 0
    outer loop
      vertex 7.5 -22.98 15.699999998509885
      vertex 7.5 -22.998756729066372 15.699999998509885
      vertex 7.5 -22.98 18.900000001490117
    endloop
  endfacet
  facet normal -0.7011399509284587 -0.7130236806811107 0
    outer loop
      vertex 7.5 -22.98 15.699999998509885
      vertex 7.5 -22.98 18.900000001490117
      vertex 6.299999997019768 -21.8 18.900000001490117
    endloop
  endfacet
  facet normal -1 0 0
    outer loop
      vertex 7.5 -22.998756729066372 15.699999998509885
      vertex 7.5 -22.998756729066372 18.900000001490117
      vertex 7.5 -22.98 18.900000001490117
    endloop
  endfacet
  facet normal 0 -1 0
    outer loop
      vertex -5.11327563226223 -21.8 21.08235010802746
      vertex 3.4971491247415543 -21.8 19.596364933252335
      vertex 5.276186071336269 -21.8 20.967761467397214
    endloop
  endfacet
  facet normal 0 -1 0
    outer loop
      vertex -5.11327563226223 -21.8 21.08235010802746
      vertex 5.276186071336269 -21.8 20.967761467397214
      vertex 3.799587108194828 -21.8 21.498092073202134
    endloop
  endfacet
  facet normal 0 -0.7135803103587225 -0.700573437027375
    outer loop
      vertex -3.7000000029802322 -22.98 22.699999998509885
      vertex 3.799587108194828 -21.8 21.498092073202134
      vertex 3.7000000029802322 -22.98 22.699999998509885
    endloop
  endfacet
  facet normal 0 0 -1
    outer loop
      vertex -3.7000000029802322 -22.98 22.699999998509885
      vertex 3.7000000029802322 -22.98 22.699999998509885
      vertex 3.7000000029802322 -22.998756729066372 22.699999998509885
    endloop
  endfacet
  facet normal -0.03677188416612425 -0.7115728622597538 -0.7016494069193919
    outer loop
      vertex 3.799587108194828 -21.8 21.498092073202134
      vertex 4.09720815718174 -22.98 22.67918320298195
      vertex 3.7000000029802322 -22.98 22.699999998509885
    endloop
  endfacet
  facet normal -0.05233595186310048 0 -0.9986295349841117
    outer loop
      vertex 3.7000000029802322 -22.98 22.699999998509885
      vertex 4.09720815718174 -22.998756729066372 22.67918320298195
      vertex 3.7000000029802322 -22.998756729066372 22.699999998509885
    endloop
  endfacet
  facet normal 0 -1 0
    outer loop
      vertex 4.700000002980232 -21.8 16.3
      vertex 5.276186071336269 -21.8 20.967761467397214
      vertex 4.700000002980232 -21.8 18.3
    endloop
  endfacet
  facet normal 0 -1 0
    outer loop
      vertex 4.700000002980232 -21.8 18.3
      vertex 5.276186071336269 -21.8 20.967761467397214
      vertex 4.642244644463062 -21.8 18.683181728422642
    endloop
  endfacet
  facet normal 0 -1 0
    outer loop
      vertex 3.4971491247415543 -21.8 19.596364933252335
      vertex 3.87494333088398 -21.8 19.510135869681836
      vertex 5.276186071336269 -21.8 20.967761467397214
    endloop
  endfacet
  facet normal 0 -1 0
    outer loop
      vertex 4.642244644463062 -21.8 18.683181728422642
      vertex 5.276186071336269 -21.8 20.967761467397214
      vertex 4.474110409617424 -21.8 19.032316076755524
    endloop
  endfacet
  facet normal 0 -1 0
    outer loop
      vertex 4.210536740720272 -21.8 19.316380928456784
      vertex 4.474110409617424 -21.8 19.032316076755524
      vertex 5.276186071336269 -21.8 20.967761467397214
    endloop
  endfacet
  facet normal 0 -1 0
    outer loop
      vertex 3.87494333088398 -21.8 19.510135869681836
      vertex 4.210536740720272 -21.8 19.316380928456784
      vertex 5.276186071336269 -21.8 20.967761467397214
    endloop
  endfacet
  facet normal 0 -1 0
    outer loop
      vertex 5.276186071336269 -21.8 20.967761467397214
      vertex 6.0300304517149925 -21.8 20.05367157906294
      vertex 5.8266163393855095 -21.8 20.395828518271447
    endloop
  endfacet
  facet normal 0 -1 0
    outer loop
      vertex 5.276186071336269 -21.8 20.967761467397214
      vertex 5.8266163393855095 -21.8 20.395828518271447
      vertex 5.57335614413023 -21.8 20.70292450040579
    endloop
  endfacet
  facet normal -0.697269754759132 -0.7148070758970501 -0.05353254473354328
    outer loop
      vertex 6.269529104232788 -21.8 19.296888138353825
      vertex 6.299999997019768 -21.8 18.900000001490117
      vertex 7.479183204472065 -22.98 19.297208163142205
    endloop
  endfacet
  facet normal -0.7006670871453302 -0.7125428022563958 -0.0367204022837618
    outer loop
      vertex 6.299999997019768 -21.8 18.900000001490117
      vertex 7.5 -22.98 18.900000001490117
      vertex 7.479183204472065 -22.98 19.297208163142205
    endloop
  endfacet
  facet normal -0.6940318097202147 -0.7115030531194407 -0.10992384863257898
    outer loop
      vertex 6.269529104232788 -21.8 19.296888138353825
      vertex 7.479183204472065 -22.98 19.297208163142205
      vertex 7.416960880160332 -22.98 19.69006442576647
    endloop
  endfacet
  facet normal -0.9986295350354186 0 -0.05233595088410454
    outer loop
      vertex 7.5 -22.98 18.900000001490117
      vertex 7.5 -22.998756729066372 18.900000001490117
      vertex 7.479183204472065 -22.98 19.297208163142205
    endloop
  endfacet
  facet normal -0.9986295350354186 0 -0.05233595088410454
    outer loop
      vertex 7.5 -22.998756729066372 18.900000001490117
      vertex 7.479183204472065 -22.998756729066372 19.297208163142205
      vertex 7.479183204472065 -22.98 19.297208163142205
    endloop
  endfacet
  facet normal -0.9876883386419952 0 -0.15643447737188637
    outer loop
      vertex 7.479183204472065 -22.98 19.297208163142205
      vertex 7.479183204472065 -22.998756729066372 19.297208163142205
      vertex 7.416960880160332 -22.98 19.69006442576647
    endloop
  endfacet
  facet normal 0 -1 0
    outer loop
      vertex 6.269529104232788 -21.8 19.296888138353825
      vertex 6.178830616176128 -21.8 19.68447355479002
      vertex 6.0300304517149925 -21.8 20.05367157906294
    endloop
  endfacet
  facet normal 0 -1 0
    outer loop
      vertex 5.276186071336269 -21.8 20.967761467397214
      vertex 6.269529104232788 -21.8 19.296888138353825
      vertex 6.0300304517149925 -21.8 20.05367157906294
    endloop
  endfacet
  facet normal -0.6807225942514923 -0.7150117325660768 -0.15929523523437616
    outer loop
      vertex 6.269529104232788 -21.8 19.296888138353825
      vertex 7.416960880160332 -22.98 19.69006442576647
      vertex 6.178830616176128 -21.8 19.68447355479002
    endloop
  endfacet
  facet normal -0.6488780432166271 -0.7145375268520163 -0.26152133326282395
    outer loop
      vertex 6.178830616176128 -21.8 19.68447355479002
      vertex 7.1714727357029915 -22.98 20.445599246025086
      vertex 6.0300304517149925 -21.8 20.05367157906294
    endloop
  endfacet
  facet normal -0.6008127746315705 -0.7151516639526135 -0.3571863762594001
    outer loop
      vertex 6.0300304517149925 -21.8 20.05367157906294
      vertex 6.990896537899971 -22.98 20.8
      vertex 5.8266163393855095 -21.8 20.395828518271447
    endloop
  endfacet
  facet normal -0.5399951663733875 -0.7142028783482794 -0.44533074096946207
    outer loop
      vertex 5.57335614413023 -21.8 20.70292450040579
      vertex 5.8266163393855095 -21.8 20.395828518271447
      vertex 6.5239503383636475 -22.98 21.44269630610943
    endloop
  endfacet
  facet normal -0.6260546531364577 -0.7115479329425864 -0.31899076853621017
    outer loop
      vertex 6.0300304517149925 -21.8 20.05367157906294
      vertex 7.1714727357029915 -22.98 20.445599246025086
      vertex 6.990896537899971 -22.98 20.8
    endloop
  endfacet
  facet normal -0.5888793184204664 -0.7120210847334121 -0.382422702296428
    outer loop
      vertex 5.8266163393855095 -21.8 20.395828518271447
      vertex 6.990896537899971 -22.98 20.8
      vertex 6.774264581501484 -22.98 21.13358395844698
    endloop
  endfacet
  facet normal -0.5447159994537328 -0.7132413510486691 -0.4411023181682339
    outer loop
      vertex 5.8266163393855095 -21.8 20.395828518271447
      vertex 6.774264581501484 -22.98 21.13358395844698
      vertex 6.5239503383636475 -22.98 21.44269630610943
    endloop
  endfacet
  facet normal -0.6779987822917403 -0.7122597461567359 -0.1816692192300597
    outer loop
      vertex 6.178830616176128 -21.8 19.68447355479002
      vertex 7.416960880160332 -22.98 19.69006442576647
      vertex 7.314014762639999 -22.98 20.074264581501485
    endloop
  endfacet
  facet normal -0.6547163344485316 -0.712870074296737 -0.2513220614638581
    outer loop
      vertex 6.178830616176128 -21.8 19.68447355479002
      vertex 7.314014762639999 -22.98 20.074264581501485
      vertex 7.1714727357029915 -22.98 20.445599246025086
    endloop
  endfacet
  facet normal -0.9335804229102069 0 -0.3583679588897414
    outer loop
      vertex 7.314014762639999 -22.98 20.074264581501485
      vertex 7.314014762639999 -22.998756729066372 20.074264581501485
      vertex 7.1714727357029915 -22.98 20.445599246025086
    endloop
  endfacet
  facet normal -0.9876883386419952 0 -0.15643447737188637
    outer loop
      vertex 7.479183204472065 -22.998756729066372 19.297208163142205
      vertex 7.416960880160332 -22.998756729066372 19.69006442576647
      vertex 7.416960880160332 -22.98 19.69006442576647
    endloop
  endfacet
  facet normal -0.965925828765966 0 -0.2588190358586124
    outer loop
      vertex 7.416960880160332 -22.98 19.69006442576647
      vertex 7.416960880160332 -22.998756729066372 19.69006442576647
      vertex 7.314014762639999 -22.98 20.074264581501485
    endloop
  endfacet
  facet normal -0.965925828765966 0 -0.2588190358586124
    outer loop
      vertex 7.416960880160332 -22.998756729066372 19.69006442576647
      vertex 7.314014762639999 -22.998756729066372 20.074264581501485
      vertex 7.314014762639999 -22.98 20.074264581501485
    endloop
  endfacet
  facet normal -0.9335804229102069 0 -0.3583679588897414
    outer loop
      vertex 7.314014762639999 -22.998756729066372 20.074264581501485
      vertex 7.1714727357029915 -22.998756729066372 20.445599246025086
      vertex 7.1714727357029915 -22.98 20.445599246025086
    endloop
  endfacet
  facet normal -0.8910065299518292 0 -0.45399048842811696
    outer loop
      vertex 7.1714727357029915 -22.98 20.445599246025086
      vertex 7.1714727357029915 -22.998756729066372 20.445599246025086
      vertex 6.990896537899971 -22.98 20.8
    endloop
  endfacet
  facet normal -0.8386705670104851 0 -0.5446390364547068
    outer loop
      vertex 6.990896537899971 -22.98 20.8
      vertex 6.990896537899971 -22.998756729066372 20.8
      vertex 6.774264581501484 -22.98 21.13358395844698
    endloop
  endfacet
  facet normal -0.8910065299518292 0 -0.45399048842811696
    outer loop
      vertex 7.1714727357029915 -22.998756729066372 20.445599246025086
      vertex 6.990896537899971 -22.998756729066372 20.8
      vertex 6.990896537899971 -22.98 20.8
    endloop
  endfacet
  facet normal 0 -1 0
    outer loop
      vertex 3.799587108194828 -21.8 21.498092073202134
      vertex 4.578843884170055 -21.8 21.3469641238451
      vertex 4.195016883313656 -21.8 21.452441628277302
    endloop
  endfacet
  facet normal 0 -1 0
    outer loop
      vertex 3.799587108194828 -21.8 21.498092073202134
      vertex 5.276186071336269 -21.8 20.967761467397214
      vertex 4.578843884170055 -21.8 21.3469641238451
    endloop
  endfacet
  facet normal -0.10985276702887328 -0.7119514260299031 -0.6935831143778571
    outer loop
      vertex 4.195016883313656 -21.8 21.452441628277302
      vertex 4.490064427256584 -22.98 22.616960886120797
      vertex 4.09720815718174 -22.98 22.67918320298195
    endloop
  endfacet
  facet normal -0.0801564178582065 -0.7151839442736387 -0.6943247615700748
    outer loop
      vertex 3.799587108194828 -21.8 21.498092073202134
      vertex 4.195016883313656 -21.8 21.452441628277302
      vertex 4.09720815718174 -22.98 22.67918320298195
    endloop
  endfacet
  facet normal -0.18137590504676002 -0.7133748517390792 -0.6769040566983738
    outer loop
      vertex 4.195016883313656 -21.8 21.452441628277302
      vertex 4.874264575541019 -22.98 22.514014761149884
      vertex 4.490064427256584 -22.98 22.616960886120797
    endloop
  endfacet
  facet normal -0.18550489443235121 -0.7140768153917598 -0.6750423956031243
    outer loop
      vertex 4.195016883313656 -21.8 21.452441628277302
      vertex 4.578843884170055 -21.8 21.3469641238451
      vertex 4.874264575541019 -22.98 22.514014761149884
    endloop
  endfacet
  facet normal 0 -1 0
    outer loop
      vertex 5.276186071336269 -21.8 20.967761467397214
      vertex 4.9420715272426605 -21.8 21.184131848812104
      vertex 4.578843884170055 -21.8 21.3469641238451
    endloop
  endfacet
  facet normal -0.2858903990758316 -0.7152377361025314 -0.6377316524771116
    outer loop
      vertex 4.578843884170055 -21.8 21.3469641238451
      vertex 4.9420715272426605 -21.8 21.184131848812104
      vertex 5.245599240064621 -22.98 22.371472741663457
    endloop
  endfacet
  facet normal -0.3806857210168635 -0.7138028598145434 -0.5878467990339407
    outer loop
      vertex 5.276186071336269 -21.8 20.967761467397214
      vertex 5.600000001490116 -22.98 22.190896536409856
      vertex 4.9420715272426605 -21.8 21.184131848812104
    endloop
  endfacet
  facet normal -0.38151742693438373 -0.7136563989129406 -0.5874853166130887
    outer loop
      vertex 5.276186071336269 -21.8 20.967761467397214
      vertex 5.933583959937096 -22.98 21.97426458001137
      vertex 5.600000001490116 -22.98 22.190896536409856
    endloop
  endfacet
  facet normal -0.4649909773938505 -0.7152269783193714 -0.5217602518652155
    outer loop
      vertex 5.276186071336269 -21.8 20.967761467397214
      vertex 5.57335614413023 -21.8 20.70292450040579
      vertex 6.2426963075995445 -22.98 21.723950336873532
    endloop
  endfacet
  facet normal -0.2517557338796776 -0.7116775338176392 -0.6558461239635011
    outer loop
      vertex 4.578843884170055 -21.8 21.3469641238451
      vertex 5.245599240064621 -22.98 22.371472741663457
      vertex 4.874264575541019 -22.98 22.514014761149884
    endloop
  endfacet
  facet normal -0.318887637920849 -0.7117721925109749 -0.6258522352355876
    outer loop
      vertex 4.9420715272426605 -21.8 21.184131848812104
      vertex 5.600000001490116 -22.98 22.190896536409856
      vertex 5.245599240064621 -22.98 22.371472741663457
    endloop
  endfacet
  facet normal -0.3583679425637397 0 -0.9335804291771717
    outer loop
      vertex 5.245599240064621 -22.998756729066372 22.371472741663457
      vertex 4.874264575541019 -22.998756729066372 22.514014761149884
      vertex 4.874264575541019 -22.98 22.514014761149884
    endloop
  endfacet
  facet normal -0.3583679425637397 0 -0.9335804291771717
    outer loop
      vertex 5.245599240064621 -22.98 22.371472741663457
      vertex 5.245599240064621 -22.998756729066372 22.371472741663457
      vertex 4.874264575541019 -22.98 22.514014761149884
    endloop
  endfacet
  facet normal -0.5446390364547068 0 -0.8386705670104851
    outer loop
      vertex 5.600000001490116 -22.98 22.190896536409856
      vertex 5.933583959937096 -22.998756729066372 21.97426458001137
      vertex 5.600000001490116 -22.998756729066372 22.190896536409856
    endloop
  endfacet
  facet normal -0.45399049572193 0 -0.8910065262354459
    outer loop
      vertex 5.245599240064621 -22.98 22.371472741663457
      vertex 5.600000001490116 -22.998756729066372 22.190896536409856
      vertex 5.245599240064621 -22.998756729066372 22.371472741663457
    endloop
  endfacet
  facet normal -0.45399049572193 0 -0.8910065262354459
    outer loop
      vertex 5.245599240064621 -22.98 22.371472741663457
      vertex 5.600000001490116 -22.98 22.190896536409856
      vertex 5.600000001490116 -22.998756729066372 22.190896536409856
    endloop
  endfacet
  facet normal -0.05233595186310048 0 -0.9986295349841117
    outer loop
      vertex 3.7000000029802322 -22.98 22.699999998509885
      vertex 4.09720815718174 -22.98 22.67918320298195
      vertex 4.09720815718174 -22.998756729066372 22.67918320298195
    endloop
  endfacet
  facet normal -0.1564344562044175 0 -0.987688341994593
    outer loop
      vertex 4.09720815718174 -22.98 22.67918320298195
      vertex 4.490064427256584 -22.998756729066372 22.616960886120797
      vertex 4.09720815718174 -22.998756729066372 22.67918320298195
    endloop
  endfacet
  facet normal -0.1564344562044175 0 -0.987688341994593
    outer loop
      vertex 4.09720815718174 -22.98 22.67918320298195
      vertex 4.490064427256584 -22.98 22.616960886120797
      vertex 4.490064427256584 -22.998756729066372 22.616960886120797
    endloop
  endfacet
  facet normal -0.25881905801840904 0 -0.9659258228282663
    outer loop
      vertex 4.490064427256584 -22.98 22.616960886120797
      vertex 4.874264575541019 -22.998756729066372 22.514014761149884
      vertex 4.490064427256584 -22.998756729066372 22.616960886120797
    endloop
  endfacet
  facet normal -0.25881905801840904 0 -0.9659258228282663
    outer loop
      vertex 4.490064427256584 -22.98 22.616960886120797
      vertex 4.874264575541019 -22.98 22.514014761149884
      vertex 4.874264575541019 -22.998756729066372 22.514014761149884
    endloop
  endfacet
  facet normal -0.4967755186328349 -0.7116376663542734 -0.49677551863283476
    outer loop
      vertex 5.57335614413023 -21.8 20.70292450040579
      vertex 6.5239503383636475 -22.98 21.44269630610943
      vertex 6.2426963075995445 -22.98 21.723950336873532
    endloop
  endfacet
  facet normal -0.4420062400061145 -0.7118269724419342 -0.5458322499631246
    outer loop
      vertex 5.276186071336269 -21.8 20.967761467397214
      vertex 6.2426963075995445 -22.98 21.723950336873532
      vertex 5.933583959937096 -22.98 21.97426458001137
    endloop
  endfacet
  facet normal -0.7771459620258271 0 -0.6293203903473585
    outer loop
      vertex 6.774264581501484 -22.998756729066372 21.13358395844698
      vertex 6.5239503383636475 -22.998756729066372 21.44269630610943
      vertex 6.5239503383636475 -22.98 21.44269630610943
    endloop
  endfacet
  facet normal -0.7771459620258271 0 -0.6293203903473585
    outer loop
      vertex 6.774264581501484 -22.98 21.13358395844698
      vertex 6.774264581501484 -22.998756729066372 21.13358395844698
      vertex 6.5239503383636475 -22.98 21.44269630610943
    endloop
  endfacet
  facet normal -0.7071067811865476 0 -0.7071067811865476
    outer loop
      vertex 6.2426963075995445 -22.98 21.723950336873532
      vertex 6.5239503383636475 -22.98 21.44269630610943
      vertex 6.5239503383636475 -22.998756729066372 21.44269630610943
    endloop
  endfacet
  facet normal -0.7071067811865476 0 -0.7071067811865476
    outer loop
      vertex 6.2426963075995445 -22.98 21.723950336873532
      vertex 6.5239503383636475 -22.998756729066372 21.44269630610943
      vertex 6.2426963075995445 -22.998756729066372 21.723950336873532
    endloop
  endfacet
  facet normal -0.6293203903473585 0 -0.7771459620258271
    outer loop
      vertex 6.2426963075995445 -22.998756729066372 21.723950336873532
      vertex 5.933583959937096 -22.998756729066372 21.97426458001137
      vertex 5.933583959937096 -22.98 21.97426458001137
    endloop
  endfacet
  facet normal -0.5446390364547068 0 -0.8386705670104851
    outer loop
      vertex 5.600000001490116 -22.98 22.190896536409856
      vertex 5.933583959937096 -22.98 21.97426458001137
      vertex 5.933583959937096 -22.998756729066372 21.97426458001137
    endloop
  endfacet
  facet normal -0.6293203903473585 0 -0.7771459620258271
    outer loop
      vertex 6.2426963075995445 -22.98 21.723950336873532
      vertex 6.2426963075995445 -22.998756729066372 21.723950336873532
      vertex 5.933583959937096 -22.98 21.97426458001137
    endloop
  endfacet
  facet normal -0.8386705670104851 0 -0.5446390364547068
    outer loop
      vertex 6.990896537899971 -22.998756729066372 20.8
      vertex 6.774264581501484 -22.998756729066372 21.13358395844698
      vertex 6.774264581501484 -22.98 21.13358395844698
    endloop
  endfacet
  facet normal 0.8262387697108554 0 0.563320064818121
    outer loop
      vertex -4.571259528398514 -21.8 15.73595113605261
      vertex -4.35296743363142 -21.8 15.41577544361353
      vertex -4.35296743363142 -21 15.41577544361353
    endloop
  endfacet
  facet normal 0.8262387697108554 0 0.563320064818121
    outer loop
      vertex -4.571259528398514 -21.8 15.73595113605261
      vertex -4.35296743363142 -21 15.41577544361353
      vertex -4.571259528398514 -21 15.73595113605261
    endloop
  endfacet
  facet normal 0.6234898054593523 0 0.781831479596632
    outer loop
      vertex -4.35296743363142 -21.8 15.41577544361353
      vertex -4.049999997019768 -21 15.1741669729352
      vertex -4.35296743363142 -21 15.41577544361353
    endloop
  endfacet
  facet normal 0.6234898054593523 0 0.781831479596632
    outer loop
      vertex -4.049999997019768 -21.8 15.1741669729352
      vertex -4.049999997019768 -21 15.1741669729352
      vertex -4.35296743363142 -21.8 15.41577544361353
    endloop
  endfacet
  facet normal 0.36534102221295434 0 0.9308737494893673
    outer loop
      vertex -4.049999997019768 -21.8 15.1741669729352
      vertex -3.6892772167921066 -21 15.032593715190888
      vertex -4.049999997019768 -21 15.1741669729352
    endloop
  endfacet
  facet normal 0.9555728067033081 0 0.29475517143752056
    outer loop
      vertex -4.571259528398514 -21.8 15.73595113605261
      vertex -4.571259528398514 -21 15.73595113605261
      vertex -4.685480073094368 -21.8 16.10624505132437
    endloop
  endfacet
  facet normal 0.9555728067033081 0 0.29475517143752056
    outer loop
      vertex -4.685480073094368 -21.8 16.10624505132437
      vertex -4.571259528398514 -21 15.73595113605261
      vertex -4.685480073094368 -21 16.10624505132437
    endloop
  endfacet
  facet normal 1 0 0
    outer loop
      vertex -4.685480073094368 -21.8 16.10624505132437
      vertex -4.685480073094368 -21 16.10624505132437
      vertex -4.685480073094368 -21.8 18.493754948675633
    endloop
  endfacet
  facet normal 1 0 0
    outer loop
      vertex -4.685480073094368 -21 16.10624505132437
      vertex -4.685480073094368 -21 18.493754948675633
      vertex -4.685480073094368 -21.8 18.493754948675633
    endloop
  endfacet
  facet normal 0.36534102221295434 0 0.9308737494893673
    outer loop
      vertex -4.049999997019768 -21.8 15.1741669729352
      vertex -3.6892772167921066 -21.8 15.032593715190888
      vertex -3.6892772167921066 -21 15.032593715190888
    endloop
  endfacet
  facet normal 0.07473008806865804 0 0.9972037975946796
    outer loop
      vertex -3.6892772167921066 -21.8 15.032593715190888
      vertex -3.302850879728794 -21 15.003635066747666
      vertex -3.6892772167921066 -21 15.032593715190888
    endloop
  endfacet
  facet normal 0.07473008806865804 0 0.9972037975946796
    outer loop
      vertex -3.6892772167921066 -21.8 15.032593715190888
      vertex -3.302850879728794 -21.8 15.003635066747666
      vertex -3.302850879728794 -21 15.003635066747666
    endloop
  endfacet
  facet normal 0 0 1
    outer loop
      vertex -3.302850879728794 -21.8 15.003635066747666
      vertex 3.4971491247415543 -21 15.003635066747666
      vertex -3.302850879728794 -21 15.003635066747666
    endloop
  endfacet
  facet normal 0.9555728067033081 0 -0.29475517143752056
    outer loop
      vertex -4.685480073094368 -21.8 18.493754948675633
      vertex -4.685480073094368 -21 18.493754948675633
      vertex -4.571259528398514 -21.8 18.864048863947392
    endloop
  endfacet
  facet normal 0.9555728067033081 0 -0.29475517143752056
    outer loop
      vertex -4.571259528398514 -21.8 18.864048863947392
      vertex -4.685480073094368 -21 18.493754948675633
      vertex -4.571259528398514 -21 18.864048863947392
    endloop
  endfacet
  facet normal 0.8262387697108554 0 -0.563320064818121
    outer loop
      vertex -4.571259528398514 -21.8 18.864048863947392
      vertex -4.571259528398514 -21 18.864048863947392
      vertex -4.35296743363142 -21.8 19.18422455638647
    endloop
  endfacet
  facet normal 0.8262387697108554 0 -0.563320064818121
    outer loop
      vertex -4.35296743363142 -21.8 19.18422455638647
      vertex -4.571259528398514 -21 18.864048863947392
      vertex -4.35296743363142 -21 19.18422455638647
    endloop
  endfacet
  facet normal 0.6234898054593523 0 -0.781831479596632
    outer loop
      vertex -4.35296743363142 -21.8 19.18422455638647
      vertex -4.35296743363142 -21 19.18422455638647
      vertex -4.049999997019768 -21.8 19.4258330270648
    endloop
  endfacet
  facet normal 0.6234898054593523 0 -0.781831479596632
    outer loop
      vertex -4.049999997019768 -21.8 19.4258330270648
      vertex -4.35296743363142 -21 19.18422455638647
      vertex -4.049999997019768 -21 19.4258330270648
    endloop
  endfacet
  facet normal 0.36534102221295434 0 -0.9308737494893673
    outer loop
      vertex -4.049999997019768 -21.8 19.4258330270648
      vertex -4.049999997019768 -21 19.4258330270648
      vertex -3.6892772167921066 -21.8 19.567406284809113
    endloop
  endfacet
  facet normal 0.36534102221295434 0 -0.9308737494893673
    outer loop
      vertex -4.049999997019768 -21 19.4258330270648
      vertex -3.6892772167921066 -21 19.567406284809113
      vertex -3.6892772167921066 -21.8 19.567406284809113
    endloop
  endfacet
  facet normal 0.07473008806865804 0 -0.9972037975946796
    outer loop
      vertex -3.6892772167921066 -21.8 19.567406284809113
      vertex -3.6892772167921066 -21 19.567406284809113
      vertex -3.302850879728794 -21.8 19.596364933252335
    endloop
  endfacet
  facet normal 0.07473008806865804 0 -0.9972037975946796
    outer loop
      vertex -3.302850879728794 -21.8 19.596364933252335
      vertex -3.6892772167921066 -21 19.567406284809113
      vertex -3.302850879728794 -21 19.596364933252335
    endloop
  endfacet
  facet normal 0 0 -1
    outer loop
      vertex -3.302850879728794 -21.8 19.596364933252335
      vertex -3.302850879728794 -21 19.596364933252335
      vertex 3.4971491247415543 -21.8 19.596364933252335
    endloop
  endfacet
  facet normal 0 0 1
    outer loop
      vertex -3.302850879728794 -21.8 15.003635066747666
      vertex 3.4971491247415543 -21.8 15.003635066747666
      vertex 3.4971491247415543 -21 15.003635066747666
    endloop
  endfacet
  facet normal -0.22252093728251712 0 0.9749279114226396
    outer loop
      vertex 3.4971491247415543 -21.8 15.003635066747666
      vertex 3.87494333088398 -21 15.089864130318166
      vertex 3.4971491247415543 -21 15.003635066747666
    endloop
  endfacet
  facet normal -0.22252093728251712 0 0.9749279114226396
    outer loop
      vertex 3.4971491247415543 -21.8 15.003635066747666
      vertex 3.87494333088398 -21.8 15.089864130318166
      vertex 3.87494333088398 -21 15.089864130318166
    endloop
  endfacet
  facet normal -0.4999999917120904 0 0.8660254085694653
    outer loop
      vertex 3.87494333088398 -21.8 15.089864130318166
      vertex 4.210536740720272 -21 15.283619071543217
      vertex 3.87494333088398 -21 15.089864130318166
    endloop
  endfacet
  facet normal -0.4999999917120904 0 0.8660254085694653
    outer loop
      vertex 3.87494333088398 -21.8 15.089864130318166
      vertex 4.210536740720272 -21.8 15.283619071543217
      vertex 4.210536740720272 -21 15.283619071543217
    endloop
  endfacet
  facet normal -0.7330518657497179 0 0.6801727443237178
    outer loop
      vertex 4.210536740720272 -21.8 15.283619071543217
      vertex 4.474110409617424 -21 15.567683923244477
      vertex 4.210536740720272 -21 15.283619071543217
    endloop
  endfacet
  facet normal -0.7330518657497179 0 0.6801727443237178
    outer loop
      vertex 4.210536740720272 -21.8 15.283619071543217
      vertex 4.474110409617424 -21.8 15.567683923244477
      vertex 4.474110409617424 -21 15.567683923244477
    endloop
  endfacet
  facet normal -0.9009688738193545 0 0.4338837268309148
    outer loop
      vertex 4.474110409617424 -21.8 15.567683923244477
      vertex 4.642244644463062 -21 15.916818271577359
      vertex 4.474110409617424 -21 15.567683923244477
    endloop
  endfacet
  facet normal -0.9009688738193545 0 0.4338837268309148
    outer loop
      vertex 4.474110409617424 -21.8 15.567683923244477
      vertex 4.642244644463062 -21.8 15.916818271577359
      vertex 4.642244644463062 -21 15.916818271577359
    endloop
  endfacet
  facet normal -0.98883082402511 0 0.1490422807723424
    outer loop
      vertex 4.642244644463062 -21.8 15.916818271577359
      vertex 4.700000002980232 -21 16.3
      vertex 4.642244644463062 -21 15.916818271577359
    endloop
  endfacet
  facet normal -0.98883082402511 0 0.1490422807723424
    outer loop
      vertex 4.642244644463062 -21.8 15.916818271577359
      vertex 4.700000002980232 -21.8 16.3
      vertex 4.700000002980232 -21 16.3
    endloop
  endfacet
  facet normal -1 0 0
    outer loop
      vertex 4.700000002980232 -21.8 16.3
      vertex 4.700000002980232 -21 18.3
      vertex 4.700000002980232 -21 16.3
    endloop
  endfacet
  facet normal -1 0 0
    outer loop
      vertex 4.700000002980232 -21.8 16.3
      vertex 4.700000002980232 -21.8 18.3
      vertex 4.700000002980232 -21 18.3
    endloop
  endfacet
  facet normal 0 0 -1
    outer loop
      vertex -3.302850879728794 -21 19.596364933252335
      vertex 3.4971491247415543 -21 19.596364933252335
      vertex 3.4971491247415543 -21.8 19.596364933252335
    endloop
  endfacet
  facet normal -0.22252093728251712 0 -0.9749279114226396
    outer loop
      vertex 3.4971491247415543 -21.8 19.596364933252335
      vertex 3.4971491247415543 -21 19.596364933252335
      vertex 3.87494333088398 -21.8 19.510135869681836
    endloop
  endfacet
  facet normal -0.22252093728251712 0 -0.9749279114226396
    outer loop
      vertex 3.87494333088398 -21.8 19.510135869681836
      vertex 3.4971491247415543 -21 19.596364933252335
      vertex 3.87494333088398 -21 19.510135869681836
    endloop
  endfacet
  facet normal -0.98883082402511 0 -0.1490422807723424
    outer loop
      vertex 4.700000002980232 -21.8 18.3
      vertex 4.642244644463062 -21.8 18.683181728422642
      vertex 4.642244644463062 -21 18.683181728422642
    endloop
  endfacet
  facet normal -0.98883082402511 0 -0.1490422807723424
    outer loop
      vertex 4.700000002980232 -21.8 18.3
      vertex 4.642244644463062 -21 18.683181728422642
      vertex 4.700000002980232 -21 18.3
    endloop
  endfacet
  facet normal -0.4999999917120904 0 -0.8660254085694653
    outer loop
      vertex 3.87494333088398 -21.8 19.510135869681836
      vertex 3.87494333088398 -21 19.510135869681836
      vertex 4.210536740720272 -21.8 19.316380928456784
    endloop
  endfacet
  facet normal -0.4999999917120904 0 -0.8660254085694653
    outer loop
      vertex 3.87494333088398 -21 19.510135869681836
      vertex 4.210536740720272 -21 19.316380928456784
      vertex 4.210536740720272 -21.8 19.316380928456784
    endloop
  endfacet
  facet normal -0.7330518657497179 0 -0.6801727443237178
    outer loop
      vertex 4.210536740720272 -21.8 19.316380928456784
      vertex 4.210536740720272 -21 19.316380928456784
      vertex 4.474110409617424 -21.8 19.032316076755524
    endloop
  endfacet
  facet normal -0.9009688738193545 0 -0.4338837268309148
    outer loop
      vertex 4.642244644463062 -21.8 18.683181728422642
      vertex 4.474110409617424 -21.8 19.032316076755524
      vertex 4.474110409617424 -21 19.032316076755524
    endloop
  endfacet
  facet normal -0.9009688738193545 0 -0.4338837268309148
    outer loop
      vertex 4.642244644463062 -21.8 18.683181728422642
      vertex 4.474110409617424 -21 19.032316076755524
      vertex 4.642244644463062 -21 18.683181728422642
    endloop
  endfacet
  facet normal -0.7330518657497179 0 -0.6801727443237178
    outer loop
      vertex 4.474110409617424 -21.8 19.032316076755524
      vertex 4.210536740720272 -21 19.316380928456784
      vertex 4.474110409617424 -21 19.032316076755524
    endloop
  endfacet
  facet normal 0 1 0
    outer loop
      vertex -11.6 -17 0
      vertex -11.6 -17 2
      vertex -9.399999999999999 -17 0
    endloop
  endfacet
  facet normal 1 0 0
    outer loop
      vertex -11.6 -17 0
      vertex -11.6 -11 2
      vertex -11.6 -17 2
    endloop
  endfacet
  facet normal 0 1 0
    outer loop
      vertex -11.6 -17 2
      vertex -9.399999999999999 -17 2
      vertex -9.399999999999999 -17 0
    endloop
  endfacet
  facet normal 1 0 0
    outer loop
      vertex -11.6 -17 0
      vertex -11.6 -11 0
      vertex -11.6 -11 2
    endloop
  endfacet
  facet normal -1 0 0
    outer loop
      vertex -9.399999999999999 -17 0
      vertex -9.399999999999999 -17 2
      vertex -9.399999999999999 -11 0
    endloop
  endfacet
  facet normal -1 0 0
    outer loop
      vertex -9.399999999999999 -17 2
      vertex -9.399999999999999 -11 2
      vertex -9.399999999999999 -11 0
    endloop
  endfacet
  facet normal 0 -1 0
    outer loop
      vertex -11.6 -11 0
      vertex -9.399999999999999 -11 2
      vertex -11.6 -11 2
    endloop
  endfacet
  facet normal 0 -1 0
    outer loop
      vertex -11.6 -11 0
      vertex -9.399999999999999 -11 0
      vertex -9.399999999999999 -11 2
    endloop
  endfacet
  facet normal 0 1 0
    outer loop
      vertex -11.6 11 0
      vertex -11.6 11 2
      vertex -9.399999999999999 11 0
    endloop
  endfacet
  facet normal 0 1 0
    outer loop
      vertex -11.6 11 2
      vertex -9.399999999999999 11 2
      vertex -9.399999999999999 11 0
    endloop
  endfacet
  facet normal 1 0 0
    outer loop
      vertex -11.6 11 0
      vertex -11.6 17 2
      vertex -11.6 11 2
    endloop
  endfacet
  facet normal 1 0 0
    outer loop
      vertex -11.6 11 0
      vertex -11.6 17 0
      vertex -11.6 17 2
    endloop
  endfacet
  facet normal 0 -1 0
    outer loop
      vertex -11.6 17 0
      vertex -9.399999999999999 17 2
      vertex -11.6 17 2
    endloop
  endfacet
  facet normal 0 -1 0
    outer loop
      vertex -11.6 17 0
      vertex -9.399999999999999 17 0
      vertex -9.399999999999999 17 2
    endloop
  endfacet
  facet normal -1 0 0
    outer loop
      vertex -9.399999999999999 11 0
      vertex -9.399999999999999 11 2
      vertex -9.399999999999999 17 0
    endloop
  endfacet
  facet normal -1 0 0
    outer loop
      vertex -9.399999999999999 11 2
      vertex -9.399999999999999 17 2
      vertex -9.399999999999999 17 0
    endloop
  endfacet
  facet normal 1 0 0
    outer loop
      vertex 9.4 -17 0
      vertex 9.4 -11 2
      vertex 9.4 -17 2
    endloop
  endfacet
  facet normal 1 0 0
    outer loop
      vertex 9.4 -17 0
      vertex 9.4 -11 0
      vertex 9.4 -11 2
    endloop
  endfacet
  facet normal 0 1 0
    outer loop
      vertex 9.4 -17 0
      vertex 9.4 -17 2
      vertex 11.600000000000001 -17 0
    endloop
  endfacet
  facet normal 0 1 0
    outer loop
      vertex 9.4 -17 2
      vertex 11.600000000000001 -17 2
      vertex 11.600000000000001 -17 0
    endloop
  endfacet
  facet normal -1 0 0
    outer loop
      vertex 11.600000000000001 -17 0
      vertex 11.600000000000001 -17 2
      vertex 11.600000000000001 -11 0
    endloop
  endfacet
  facet normal -1 0 0
    outer loop
      vertex 11.600000000000001 -17 2
      vertex 11.600000000000001 -11 2
      vertex 11.600000000000001 -11 0
    endloop
  endfacet
  facet normal 0 -1 0
    outer loop
      vertex 9.4 -11 0
      vertex 11.600000000000001 -11 2
      vertex 9.4 -11 2
    endloop
  endfacet
  facet normal 0 -1 0
    outer loop
      vertex 9.4 -11 0
      vertex 11.600000000000001 -11 0
      vertex 11.600000000000001 -11 2
    endloop
  endfacet
  facet normal 0 1 0
    outer loop
      vertex 9.4 11 0
      vertex 9.4 11 2
      vertex 11.600000000000001 11 0
    endloop
  endfacet
  facet normal 0 1 0
    outer loop
      vertex 9.4 11 2
      vertex 11.600000000000001 11 2
      vertex 11.600000000000001 11 0
    endloop
  endfacet
  facet normal 1 0 0
    outer loop
      vertex 9.4 11 0
      vertex 9.4 17 2
      vertex 9.4 11 2
    endloop
  endfacet
  facet normal 1 0 0
    outer loop
      vertex 9.4 11 0
      vertex 9.4 17 0
      vertex 9.4 17 2
    endloop
  endfacet
  facet normal -1 0 0
    outer loop
      vertex 11.600000000000001 11 0
      vertex 11.600000000000001 11 2
      vertex 11.600000000000001 17 0
    endloop
  endfacet
  facet normal 0 -1 0
    outer loop
      vertex 9.4 17 0
      vertex 11.600000000000001 17 2
      vertex 9.4 17 2
    endloop
  endfacet
  facet normal -1 0 0
    outer loop
      vertex 11.600000000000001 11 2
      vertex 11.600000000000001 17 2
      vertex 11.600000000000001 17 0
    endloop
  endfacet
  facet normal 0 -1 0
    outer loop
      vertex 9.4 17 0
      vertex 11.600000000000001 17 0
      vertex 11.600000000000001 17 2
    endloop
  endfacet
  facet normal 0 1 0
    outer loop
      vertex -13.8 -4 22.000000000000004
      vertex -13.8 -4 22.420000000000005
      vertex -13.5 -4 22.420000000000005
    endloop
  endfacet
  facet normal 0 1 0
    outer loop
      vertex -13.8 -4 22.000000000000004
      vertex -13.5 -4 22.420000000000005
      vertex -13.5 -4 22.000000000000004
    endloop
  endfacet
  facet normal 0 0 1
    outer loop
      vertex -13.8 -4 22.000000000000004
      vertex -13.5 -4 22.000000000000004
      vertex -13.8 4 22.000000000000004
    endloop
  endfacet
  facet normal 1 0 0
    outer loop
      vertex -13.8 -4 22.000000000000004
      vertex -13.8 4 22.420000000000005
      vertex -13.8 -4 22.420000000000005
    endloop
  endfacet
  facet normal 0 0 -1
    outer loop
      vertex -13.8 -4 22.420000000000005
      vertex -13.5 4 22.420000000000005
      vertex -13.5 -4 22.420000000000005
    endloop
  endfacet
  facet normal 0 0 1
    outer loop
      vertex -13.5 -4 22.000000000000004
      vertex -13.5 4 22.000000000000004
      vertex -13.8 4 22.000000000000004
    endloop
  endfacet
  facet normal 1 0 0
    outer loop
      vertex -13.8 -4 22.000000000000004
      vertex -13.8 4 22.000000000000004
      vertex -13.8 4 22.420000000000005
    endloop
  endfacet
  facet normal 0 0 -1
    outer loop
      vertex -13.8 -4 22.420000000000005
      vertex -13.8 4 22.420000000000005
      vertex -13.5 4 22.420000000000005
    endloop
  endfacet
  facet normal 0 -1 0
    outer loop
      vertex -13.8 4 22.000000000000004
      vertex -13.5 4 22.000000000000004
      vertex -13.8 4 22.420000000000005
    endloop
  endfacet
  facet normal 0 -1 0
    outer loop
      vertex -13.8 4 22.420000000000005
      vertex -13.5 4 22.000000000000004
      vertex -13.5 4 22.420000000000005
    endloop
  endfacet
  facet normal 0 1 0
    outer loop
      vertex 13.5 -4 22.000000000000004
      vertex 13.5 -4 22.420000000000005
      vertex 13.8 -4 22.420000000000005
    endloop
  endfacet
  facet normal 0 1 0
    outer loop
      vertex 13.5 -4 22.000000000000004
      vertex 13.8 -4 22.420000000000005
      vertex 13.8 -4 22.000000000000004
    endloop
  endfacet
  facet normal 0 0 1
    outer loop
      vertex 13.5 -4 22.000000000000004
      vertex 13.8 -4 22.000000000000004
      vertex 13.5 4 22.000000000000004
    endloop
  endfacet
  facet normal -1 0 0
    outer loop
      vertex 13.8 -4 22.000000000000004
      vertex 13.8 -4 22.420000000000005
      vertex 13.8 4 22.000000000000004
    endloop
  endfacet
  facet normal 0 0 -1
    outer loop
      vertex 13.5 -4 22.420000000000005
      vertex 13.8 4 22.420000000000005
      vertex 13.8 -4 22.420000000000005
    endloop
  endfacet
  facet normal 0 0 1
    outer loop
      vertex 13.8 -4 22.000000000000004
      vertex 13.8 4 22.000000000000004
      vertex 13.5 4 22.000000000000004
    endloop
  endfacet
  facet normal -1 0 0
    outer loop
      vertex 13.8 -4 22.420000000000005
      vertex 13.8 4 22.420000000000005
      vertex 13.8 4 22.000000000000004
    endloop
  endfacet
  facet normal 0 0 -1
    outer loop
      vertex 13.5 -4 22.420000000000005
      vertex 13.5 4 22.420000000000005
      vertex 13.8 4 22.420000000000005
    endloop
  endfacet
  facet normal 0 -1 0
    outer loop
      vertex 13.5 4 22.000000000000004
      vertex 13.8 4 22.000000000000004
      vertex 13.5 4 22.420000000000005
    endloop
  endfacet
  facet normal 0 -1 0
    outer loop
      vertex 13.5 4 22.420000000000005
      vertex 13.8 4 22.000000000000004
      vertex 13.8 4 22.420000000000005
    endloop
  endfacet
  facet normal 0 0 1
    outer loop
      vertex -13.100000000000001 20.98 16.650000000000002
      vertex -13.04828427190014 20.98 16.650000000000002
      vertex -13.100000000000001 21.02 16.650000000000002
    endloop
  endfacet
  facet normal 1 0 0
    outer loop
      vertex -13.100000000000001 20.98 16.650000000000002
      vertex -13.100000000000001 21.02 16.650000000000002
      vertex -13.100000000000001 20.98 17.78
    endloop
  endfacet
  facet normal 0 0 1
    outer loop
      vertex -13.100000000000001 21.02 16.650000000000002
      vertex -13.04828427190014 20.98 16.650000000000002
      vertex -13 21 16.650000000000002
    endloop
  endfacet
  facet normal 0 1 0
    outer loop
      vertex -13.100000000000001 20.98 16.650000000000002
      vertex -13.04828427190014 20.98 17.78
      vertex -13.04828427190014 20.98 16.650000000000002
    endloop
  endfacet
  facet normal 0 1 0
    outer loop
      vertex -13.100000000000001 20.98 16.650000000000002
      vertex -13.100000000000001 20.98 17.78
      vertex -13.04828427190014 20.98 17.78
    endloop
  endfacet
  facet normal 1 0 0
    outer loop
      vertex -13.100000000000001 21.02 16.650000000000002
      vertex -13.100000000000001 20.98 17.82
      vertex -13.100000000000001 20.98 17.78
    endloop
  endfacet
  facet normal 1 0 0
    outer loop
      vertex -13.100000000000001 21.02 16.650000000000002
      vertex -13.100000000000001 21.5 17.78
      vertex -13.100000000000001 20.98 17.82
    endloop
  endfacet
  facet normal 1 0 0
    outer loop
      vertex -13.100000000000001 20.98 17.82
      vertex -13.100000000000001 21.5 17.78
      vertex -13.100000000000001 21.483589743589743 17.82
    endloop
  endfacet
  facet normal 0 0 1
    outer loop
      vertex -13.100000000000001 21.02 16.650000000000002
      vertex -13 21 16.650000000000002
      vertex -5.700000000000001 21.02 16.650000000000002
    endloop
  endfacet
  facet normal 0 -0.9204042045146165 0.39096815766992626
    outer loop
      vertex -13.100000000000001 21.02 16.650000000000002
      vertex -5.700000000000001 21.02 16.650000000000002
      vertex -13.100000000000001 21.5 17.78
    endloop
  endfacet
  facet normal 0 0 1
    outer loop
      vertex -13 21 16.650000000000002
      vertex -5.700000000000001 21 16.650000000000002
      vertex -5.700000000000001 21.02 16.650000000000002
    endloop
  endfacet
  facet normal 0 -0.9204042045146165 0.39096815766992626
    outer loop
      vertex -13.100000000000001 21.5 17.78
      vertex -5.700000000000001 21.02 16.650000000000002
      vertex -5.700000000000001 21.5 17.78
    endloop
  endfacet
  facet normal -1 0 0
    outer loop
      vertex -5.700000000000001 21 16.650000000000002
      vertex -5.700000000000001 21.5 17.78
      vertex -5.700000000000001 21.02 16.650000000000002
    endloop
  endfacet
  facet normal -1 0 0
    outer loop
      vertex -5.700000000000001 21 16.650000000000002
      vertex -5.700000000000001 21 17.78
      vertex -5.700000000000001 21.5 17.78
    endloop
  endfacet
  facet normal 0 0 1
    outer loop
      vertex -13.100000000000001 -21.02 16.650000000000002
      vertex -13.04828427190014 -20.98 16.650000000000002
      vertex -13.100000000000001 -20.98 16.650000000000002
    endloop
  endfacet
  facet normal 1 0 0
    outer loop
      vertex -13.100000000000001 -21.02 16.650000000000002
      vertex -13.100000000000001 -20.98 16.650000000000002
      vertex -13.100000000000001 -20.98 17.78
    endloop
  endfacet
  facet normal 0 -1 0
    outer loop
      vertex -13.100000000000001 -20.98 16.650000000000002
      vertex -13.04828427190014 -20.98 16.650000000000002
      vertex -13.100000000000001 -20.98 17.78
    endloop
  endfacet
  facet normal 0 0 1
    outer loop
      vertex -13.100000000000001 -21.02 16.650000000000002
      vertex -13 -21 16.650000000000002
      vertex -13.04828427190014 -20.98 16.650000000000002
    endloop
  endfacet
  facet normal 1 0 0
    outer loop
      vertex -13.100000000000001 -21.02 16.650000000000002
      vertex -13.100000000000001 -20.98 17.82
      vertex -13.100000000000001 -21.5 17.78
    endloop
  endfacet
  facet normal 1 0 0
    outer loop
      vertex -13.100000000000001 -21.02 16.650000000000002
      vertex -13.100000000000001 -20.98 17.78
      vertex -13.100000000000001 -20.98 17.82
    endloop
  endfacet
  facet normal 1 0 0
    outer loop
      vertex -13.100000000000001 -21.5 17.78
      vertex -13.100000000000001 -20.98 17.82
      vertex -13.100000000000001 -21.483589743589743 17.82
    endloop
  endfacet
  facet normal 0 -1 0
    outer loop
      vertex -13.04828427190014 -20.98 16.650000000000002
      vertex -13.04828427190014 -20.98 17.78
      vertex -13.100000000000001 -20.98 17.78
    endloop
  endfacet
  facet normal 0 0 1
    outer loop
      vertex -13.100000000000001 -21.02 16.650000000000002
      vertex -5.700000000000001 -21 16.650000000000002
      vertex -13 -21 16.650000000000002
    endloop
  endfacet
  facet normal 0 0.9204042045146165 0.39096815766992626
    outer loop
      vertex -13.100000000000001 -21.02 16.650000000000002
      vertex -13.100000000000001 -21.5 17.78
      vertex -5.700000000000001 -21.02 16.650000000000002
    endloop
  endfacet
  facet normal 0 0 1
    outer loop
      vertex -13.100000000000001 -21.02 16.650000000000002
      vertex -5.700000000000001 -21.02 16.650000000000002
      vertex -5.700000000000001 -21 16.650000000000002
    endloop
  endfacet
  facet normal 0 0.9204042045146165 0.39096815766992626
    outer loop
      vertex -13.100000000000001 -21.5 17.78
      vertex -5.700000000000001 -21.5 17.78
      vertex -5.700000000000001 -21.02 16.650000000000002
    endloop
  endfacet
  facet normal -1 0 0
    outer loop
      vertex -5.700000000000001 -21.02 16.650000000000002
      vertex -5.700000000000001 -21 17.78
      vertex -5.700000000000001 -21 16.650000000000002
    endloop
  endfacet
  facet normal -1 0 0
    outer loop
      vertex -5.700000000000001 -21.02 16.650000000000002
      vertex -5.700000000000001 -21.5 17.78
      vertex -5.700000000000001 -21 17.78
    endloop
  endfacet
  facet normal 1 0 0
    outer loop
      vertex -13.100000000000001 21.5 17.78
      vertex -13.100000000000001 21.5 17.82
      vertex -13.100000000000001 21.483589743589743 17.82
    endloop
  endfacet
  facet normal 0 -1 0
    outer loop
      vertex -13.100000000000001 21.5 17.78
      vertex -5.700000000000001 21.5 17.82
      vertex -13.100000000000001 21.5 17.82
    endloop
  endfacet
  facet normal 0 -1 0
    outer loop
      vertex -13.100000000000001 21.5 17.78
      vertex -5.700000000000001 21.5 17.78
      vertex -5.700000000000001 21.5 17.82
    endloop
  endfacet
  facet normal 0 1 0
    outer loop
      vertex -13.100000000000001 20.98 17.78
      vertex -13.100000000000001 20.98 17.82
      vertex -13.04828427190014 20.98 18.95
    endloop
  endfacet
  facet normal 1 0 0
    outer loop
      vertex -13.100000000000001 20.98 17.82
      vertex -13.100000000000001 21.483589743589743 17.82
      vertex -13.100000000000001 20.98 18.95
    endloop
  endfacet
  facet normal 1 0 0
    outer loop
      vertex -13.100000000000001 21.483589743589743 17.82
      vertex -13.100000000000001 21.5 17.82
      vertex -13.100000000000001 21.02 18.95
    endloop
  endfacet
  facet normal 0 1 0
    outer loop
      vertex -13.100000000000001 20.98 17.82
      vertex -13.100000000000001 20.98 18.95
      vertex -13.04828427190014 20.98 18.95
    endloop
  endfacet
  facet normal 1 0 0
    outer loop
      vertex -13.100000000000001 21.483589743589743 17.82
      vertex -13.100000000000001 21.02 18.95
      vertex -13.100000000000001 20.98 18.95
    endloop
  endfacet
  facet normal 0 1 0
    outer loop
      vertex -13.100000000000001 20.98 17.78
      vertex -13.04828427190014 20.98 18.95
      vertex -13.04828427190014 20.98 17.78
    endloop
  endfacet
  facet normal 0 0 -1
    outer loop
      vertex -13.100000000000001 20.98 18.95
      vertex -13.100000000000001 21.02 18.95
      vertex -13.04828427190014 20.98 18.95
    endloop
  endfacet
  facet normal 0 0 -1
    outer loop
      vertex -13.100000000000001 21.02 18.95
      vertex -13 21 18.95
      vertex -13.04828427190014 20.98 18.95
    endloop
  endfacet
  facet normal 0 -0.9204042045146165 -0.39096815766992626
    outer loop
      vertex -13.100000000000001 21.5 17.82
      vertex -5.700000000000001 21.5 17.82
      vertex -13.100000000000001 21.02 18.95
    endloop
  endfacet
  facet normal 0 0 -1
    outer loop
      vertex -13.100000000000001 21.02 18.95
      vertex -5.700000000000001 21 18.95
      vertex -13 21 18.95
    endloop
  endfacet
  facet normal 0 -0.9204042045146165 -0.39096815766992626
    outer loop
      vertex -13.100000000000001 21.02 18.95
      vertex -5.700000000000001 21.5 17.82
      vertex -5.700000000000001 21.02 18.95
    endloop
  endfacet
  facet normal 0 0 -1
    outer loop
      vertex -13.100000000000001 21.02 18.95
      vertex -5.700000000000001 21.02 18.95
      vertex -5.700000000000001 21 18.95
    endloop
  endfacet
  facet normal -1 0 0
    outer loop
      vertex -5.700000000000001 21 17.78
      vertex -5.700000000000001 21.5 17.82
      vertex -5.700000000000001 21.5 17.78
    endloop
  endfacet
  facet normal -1 0 0
    outer loop
      vertex -5.700000000000001 21 17.78
      vertex -5.700000000000001 21.02 18.95
      vertex -5.700000000000001 21.5 17.82
    endloop
  endfacet
  facet normal -1 0 0
    outer loop
      vertex -5.700000000000001 21 17.78
      vertex -5.700000000000001 21 18.95
      vertex -5.700000000000001 21.02 18.95
    endloop
  endfacet
  facet normal 1 0 0
    outer loop
      vertex -13.100000000000001 -21.5 17.78
      vertex -13.100000000000001 -21.483589743589743 17.82
      vertex -13.100000000000001 -21.5 17.82
    endloop
  endfacet
  facet normal 0 -1 0
    outer loop
      vertex -13.100000000000001 -20.98 17.78
      vertex -13.04828427190014 -20.98 17.78
      vertex -13.100000000000001 -20.98 17.82
    endloop
  endfacet
  facet normal 0 1 0
    outer loop
      vertex -13.100000000000001 -21.5 17.78
      vertex -13.100000000000001 -21.5 17.82
      vertex -5.700000000000001 -21.5 17.82
    endloop
  endfacet
  facet normal 0 1 0
    outer loop
      vertex -13.100000000000001 -21.5 17.78
      vertex -5.700000000000001 -21.5 17.82
      vertex -5.700000000000001 -21.5 17.78
    endloop
  endfacet
  facet normal 1 0 0
    outer loop
      vertex -13.100000000000001 -21.483589743589743 17.82
      vertex -13.100000000000001 -21.02 18.95
      vertex -13.100000000000001 -21.5 17.82
    endloop
  endfacet
  facet normal 0 -1 0
    outer loop
      vertex -13.100000000000001 -20.98 17.82
      vertex -13.04828427190014 -20.98 17.78
      vertex -13.100000000000001 -20.98 18.95
    endloop
  endfacet
  facet normal 1 0 0
    outer loop
      vertex -13.100000000000001 -21.483589743589743 17.82
      vertex -13.100000000000001 -20.98 17.82
      vertex -13.100000000000001 -20.98 18.95
    endloop
  endfacet
  facet normal 1 0 0
    outer loop
      vertex -13.100000000000001 -21.483589743589743 17.82
      vertex -13.100000000000001 -20.98 18.95
      vertex -13.100000000000001 -21.02 18.95
    endloop
  endfacet
  facet normal 0 -1 0
    outer loop
      vertex -13.04828427190014 -20.98 17.78
      vertex -13.04828427190014 -20.98 18.95
      vertex -13.100000000000001 -20.98 18.95
    endloop
  endfacet
  facet normal 0 0 -1
    outer loop
      vertex -13.100000000000001 -21.02 18.95
      vertex -13.100000000000001 -20.98 18.95
      vertex -13.04828427190014 -20.98 18.95
    endloop
  endfacet
  facet normal 0 0 -1
    outer loop
      vertex -13.100000000000001 -21.02 18.95
      vertex -13.04828427190014 -20.98 18.95
      vertex -13 -21 18.95
    endloop
  endfacet
  facet normal 0 0.9204042045146165 -0.39096815766992626
    outer loop
      vertex -13.100000000000001 -21.5 17.82
      vertex -13.100000000000001 -21.02 18.95
      vertex -5.700000000000001 -21.5 17.82
    endloop
  endfacet
  facet normal 0 0 -1
    outer loop
      vertex -13.100000000000001 -21.02 18.95
      vertex -13 -21 18.95
      vertex -5.700000000000001 -21.02 18.95
    endloop
  endfacet
  facet normal 0 0.9204042045146165 -0.39096815766992626
    outer loop
      vertex -13.100000000000001 -21.02 18.95
      vertex -5.700000000000001 -21.02 18.95
      vertex -5.700000000000001 -21.5 17.82
    endloop
  endfacet
  facet normal 0 0 -1
    outer loop
      vertex -13 -21 18.95
      vertex -5.700000000000001 -21 18.95
      vertex -5.700000000000001 -21.02 18.95
    endloop
  endfacet
  facet normal -1 0 0
    outer loop
      vertex -5.700000000000001 -21.5 17.78
      vertex -5.700000000000001 -21.5 17.82
      vertex -5.700000000000001 -21 18.95
    endloop
  endfacet
  facet normal -1 0 0
    outer loop
      vertex -5.700000000000001 -21.5 17.78
      vertex -5.700000000000001 -21 18.95
      vertex -5.700000000000001 -21 17.78
    endloop
  endfacet
  facet normal -1 0 0
    outer loop
      vertex -5.700000000000001 -21.5 17.82
      vertex -5.700000000000001 -21.02 18.95
      vertex -5.700000000000001 -21 18.95
    endloop
  endfacet
  facet normal 1 0 0
    outer loop
      vertex 5.7 -21.02 16.650000000000002
      vertex 5.7 -21 16.650000000000002
      vertex 5.7 -21.5 17.78
    endloop
  endfacet
  facet normal 1 0 0
    outer loop
      vertex 5.7 -21 16.650000000000002
      vertex 5.7 -21 17.78
      vertex 5.7 -21.5 17.78
    endloop
  endfacet
  facet normal 0 0 1
    outer loop
      vertex 5.7 -21.02 16.650000000000002
      vertex 13 -21 16.650000000000002
      vertex 5.7 -21 16.650000000000002
    endloop
  endfacet
  facet normal 0 0.9204042045146162 0.39096815766992615
    outer loop
      vertex 5.7 -21.02 16.650000000000002
      vertex 5.7 -21.5 17.78
      vertex 13.100000000000001 -21.5 17.78
    endloop
  endfacet
  facet normal 0 0 1
    outer loop
      vertex 5.7 -21.02 16.650000000000002
      vertex 13.100000000000001 -21.02 16.650000000000002
      vertex 13 -21 16.650000000000002
    endloop
  endfacet
  facet normal 0 0.9204042045146162 0.39096815766992615
    outer loop
      vertex 5.7 -21.02 16.650000000000002
      vertex 13.100000000000001 -21.5 17.78
      vertex 13.100000000000001 -21.02 16.650000000000002
    endloop
  endfacet
  facet normal 0 0 1
    outer loop
      vertex 13 -21 16.650000000000002
      vertex 13.100000000000001 -21.02 16.650000000000002
      vertex 13.04828427190014 -20.98 16.650000000000002
    endloop
  endfacet
  facet normal 0 -1 0
    outer loop
      vertex 13.04828427190014 -20.98 16.650000000000002
      vertex 13.100000000000001 -20.98 16.650000000000002
      vertex 13.04828427190014 -20.98 17.78
    endloop
  endfacet
  facet normal 0 0 1
    outer loop
      vertex 13.04828427190014 -20.98 16.650000000000002
      vertex 13.100000000000001 -21.02 16.650000000000002
      vertex 13.100000000000001 -20.98 16.650000000000002
    endloop
  endfacet
  facet normal -1 0 0
    outer loop
      vertex 13.100000000000001 -21.02 16.650000000000002
      vertex 13.100000000000001 -20.98 17.78
      vertex 13.100000000000001 -20.98 16.650000000000002
    endloop
  endfacet
  facet normal -1 0 0
    outer loop
      vertex 13.100000000000001 -21.02 16.650000000000002
      vertex 13.100000000000001 -21.5 17.78
      vertex 13.100000000000001 -20.98 17.78
    endloop
  endfacet
  facet normal 0 -1 0
    outer loop
      vertex 13.100000000000001 -20.98 16.650000000000002
      vertex 13.100000000000001 -20.98 17.78
      vertex 13.04828427190014 -20.98 17.78
    endloop
  endfacet
  facet normal 1 0 0
    outer loop
      vertex 5.7 21 16.650000000000002
      vertex 5.7 21.02 16.650000000000002
      vertex 5.7 21 17.78
    endloop
  endfacet
  facet normal 1 0 0
    outer loop
      vertex 5.7 21.02 16.650000000000002
      vertex 5.7 21.5 17.78
      vertex 5.7 21 17.78
    endloop
  endfacet
  facet normal 0 0 1
    outer loop
      vertex 5.7 21 16.650000000000002
      vertex 13.100000000000001 21.02 16.650000000000002
      vertex 5.7 21.02 16.650000000000002
    endloop
  endfacet
  facet normal 0 -0.9204042045146162 0.39096815766992615
    outer loop
      vertex 5.7 21.02 16.650000000000002
      vertex 13.100000000000001 21.5 17.78
      vertex 5.7 21.5 17.78
    endloop
  endfacet
  facet normal 0 0 1
    outer loop
      vertex 5.7 21 16.650000000000002
      vertex 13 21 16.650000000000002
      vertex 13.100000000000001 21.02 16.650000000000002
    endloop
  endfacet
  facet normal 0 -0.9204042045146162 0.39096815766992615
    outer loop
      vertex 5.7 21.02 16.650000000000002
      vertex 13.100000000000001 21.02 16.650000000000002
      vertex 13.100000000000001 21.5 17.78
    endloop
  endfacet
  facet normal 0 0 1
    outer loop
      vertex 13 21 16.650000000000002
      vertex 13.04828427190014 20.98 16.650000000000002
      vertex 13.100000000000001 20.98 16.650000000000002
    endloop
  endfacet
  facet normal 0 0 1
    outer loop
      vertex 13 21 16.650000000000002
      vertex 13.100000000000001 20.98 16.650000000000002
      vertex 13.100000000000001 21.02 16.650000000000002
    endloop
  endfacet
  facet normal 0 1 0
    outer loop
      vertex 13.04828427190014 20.98 16.650000000000002
      vertex 13.100000000000001 20.98 17.78
      vertex 13.100000000000001 20.98 16.650000000000002
    endloop
  endfacet
  facet normal -1 0 0
    outer loop
      vertex 13.100000000000001 20.98 16.650000000000002
      vertex 13.100000000000001 20.98 17.78
      vertex 13.100000000000001 21.02 16.650000000000002
    endloop
  endfacet
  facet normal 0 1 0
    outer loop
      vertex 13.04828427190014 20.98 16.650000000000002
      vertex 13.04828427190014 20.98 17.78
      vertex 13.100000000000001 20.98 17.78
    endloop
  endfacet
  facet normal -1 0 0
    outer loop
      vertex 13.100000000000001 21.02 16.650000000000002
      vertex 13.100000000000001 20.98 17.78
      vertex 13.100000000000001 21.5 17.78
    endloop
  endfacet
  facet normal 1 0 0
    outer loop
      vertex 5.7 -21.5 17.78
      vertex 5.7 -21.02 18.95
      vertex 5.7 -21.5 17.82
    endloop
  endfacet
  facet normal 1 0 0
    outer loop
      vertex 5.7 -21.5 17.78
      vertex 5.7 -21 17.78
      vertex 5.7 -21.02 18.95
    endloop
  endfacet
  facet normal 1 0 0
    outer loop
      vertex 5.7 -21 17.78
      vertex 5.7 -21 18.95
      vertex 5.7 -21.02 18.95
    endloop
  endfacet
  facet normal 0 1 0
    outer loop
      vertex 5.7 -21.5 17.78
      vertex 5.7 -21.5 17.82
      vertex 13.100000000000001 -21.5 17.82
    endloop
  endfacet
  facet normal 0 1 0
    outer loop
      vertex 5.7 -21.5 17.78
      vertex 13.100000000000001 -21.5 17.82
      vertex 13.100000000000001 -21.5 17.78
    endloop
  endfacet
  facet normal -1 0 0
    outer loop
      vertex 13.100000000000001 -21.5 17.78
      vertex 13.100000000000001 -21.5 17.82
      vertex 13.100000000000001 -20.98 17.78
    endloop
  endfacet
  facet normal 0 0.9204042045146162 -0.39096815766992615
    outer loop
      vertex 5.7 -21.5 17.82
      vertex 5.7 -21.02 18.95
      vertex 13.100000000000001 -21.5 17.82
    endloop
  endfacet
  facet normal 0 0 -1
    outer loop
      vertex 5.7 -21.02 18.95
      vertex 5.7 -21 18.95
      vertex 13.100000000000001 -21.02 18.95
    endloop
  endfacet
  facet normal 0 0.9204042045146162 -0.39096815766992615
    outer loop
      vertex 5.7 -21.02 18.95
      vertex 13.100000000000001 -21.02 18.95
      vertex 13.100000000000001 -21.5 17.82
    endloop
  endfacet
  facet normal 0 0 -1
    outer loop
      vertex 5.7 -21 18.95
      vertex 13 -21 18.95
      vertex 13.100000000000001 -21.02 18.95
    endloop
  endfacet
  facet normal 0 -1 0
    outer loop
      vertex 13.04828427190014 -20.98 17.78
      vertex 13.100000000000001 -20.98 17.78
      vertex 13.04828427190014 -20.98 18.95
    endloop
  endfacet
  facet normal -1 0 0
    outer loop
      vertex 13.100000000000001 -21.5 17.82
      vertex 13.100000000000001 -20.98 18.95
      vertex 13.100000000000001 -20.98 17.78
    endloop
  endfacet
  facet normal 0 -1 0
    outer loop
      vertex 13.100000000000001 -20.98 17.78
      vertex 13.100000000000001 -20.98 18.95
      vertex 13.04828427190014 -20.98 18.95
    endloop
  endfacet
  facet normal -1 0 0
    outer loop
      vertex 13.100000000000001 -21.5 17.82
      vertex 13.100000000000001 -21.02 18.95
      vertex 13.100000000000001 -20.98 18.95
    endloop
  endfacet
  facet normal 0 0 -1
    outer loop
      vertex 13 -21 18.95
      vertex 13.04828427190014 -20.98 18.95
      vertex 13.100000000000001 -20.98 18.95
    endloop
  endfacet
  facet normal 0 0 -1
    outer loop
      vertex 13 -21 18.95
      vertex 13.100000000000001 -20.98 18.95
      vertex 13.100000000000001 -21.02 18.95
    endloop
  endfacet
  facet normal 1 0 0
    outer loop
      vertex 5.7 21 17.78
      vertex 5.7 21.5 17.78
      vertex 5.7 21 18.95
    endloop
  endfacet
  facet normal 1 0 0
    outer loop
      vertex 5.7 21.5 17.78
      vertex 5.7 21.5 17.82
      vertex 5.7 21.02 18.95
    endloop
  endfacet
  facet normal 1 0 0
    outer loop
      vertex 5.7 21.5 17.78
      vertex 5.7 21.02 18.95
      vertex 5.7 21 18.95
    endloop
  endfacet
  facet normal 0 -1 0
    outer loop
      vertex 5.7 21.5 17.78
      vertex 13.100000000000001 21.5 17.82
      vertex 5.7 21.5 17.82
    endloop
  endfacet
  facet normal 0 -1 0
    outer loop
      vertex 5.7 21.5 17.78
      vertex 13.100000000000001 21.5 17.78
      vertex 13.100000000000001 21.5 17.82
    endloop
  endfacet
  facet normal -1 0 0
    outer loop
      vertex 13.100000000000001 20.98 17.78
      vertex 13.100000000000001 21.5 17.82
      vertex 13.100000000000001 21.5 17.78
    endloop
  endfacet
  facet normal 0 -0.9204042045146162 -0.39096815766992615
    outer loop
      vertex 5.7 21.5 17.82
      vertex 13.100000000000001 21.5 17.82
      vertex 5.7 21.02 18.95
    endloop
  endfacet
  facet normal 0 0 -1
    outer loop
      vertex 5.7 21 18.95
      vertex 5.7 21.02 18.95
      vertex 13 21 18.95
    endloop
  endfacet
  facet normal 0 -0.9204042045146162 -0.39096815766992615
    outer loop
      vertex 5.7 21.02 18.95
      vertex 13.100000000000001 21.5 17.82
      vertex 13.100000000000001 21.02 18.95
    endloop
  endfacet
  facet normal 0 0 -1
    outer loop
      vertex 5.7 21.02 18.95
      vertex 13.100000000000001 21.02 18.95
      vertex 13 21 18.95
    endloop
  endfacet
  facet normal 0 1 0
    outer loop
      vertex 13.04828427190014 20.98 17.78
      vertex 13.04828427190014 20.98 18.95
      vertex 13.100000000000001 20.98 18.95
    endloop
  endfacet
  facet normal 0 1 0
    outer loop
      vertex 13.04828427190014 20.98 17.78
      vertex 13.100000000000001 20.98 18.95
      vertex 13.100000000000001 20.98 17.78
    endloop
  endfacet
  facet normal -1 0 0
    outer loop
      vertex 13.100000000000001 20.98 17.78
      vertex 13.100000000000001 20.98 18.95
      vertex 13.100000000000001 21.5 17.82
    endloop
  endfacet
  facet normal -1 0 0
    outer loop
      vertex 13.100000000000001 21.5 17.82
      vertex 13.100000000000001 20.98 18.95
      vertex 13.100000000000001 21.02 18.95
    endloop
  endfacet
  facet normal 0 0 -1
    outer loop
      vertex 13 21 18.95
      vertex 13.100000000000001 21.02 18.95
      vertex 13.04828427190014 20.98 18.95
    endloop
  endfacet
  facet normal 0 0 -1
    outer loop
      vertex 13.04828427190014 20.98 18.95
      vertex 13.100000000000001 21.02 18.95
      vertex 13.100000000000001 20.98 18.95
    endloop
  endfacet
  facet normal 0 0 -1
    outer loop
      vertex -11.599722765386105 -22.998756729066372 0
      vertex -11.6 -17 0
      vertex -9.399999999999999 -17 0
    endloop
  endfacet
  facet normal -0.8782215711562958 -0.4782539826867804 0
    outer loop
      vertex -15.10387547314167 -20.735534958541393 0
      vertex -14.913163527846336 -21.085740812122822 0
      vertex -15.10387547314167 -20.735534958541393 24
    endloop
  endfacet
  facet normal -0.9214762169360164 -0.38843478425765066 0
    outer loop
      vertex -15.258770480751991 -20.36808057129383 0
      vertex -15.10387547314167 -20.735534958541393 0
      vertex -15.258770480751991 -20.36808057129383 24
    endloop
  endfacet
  facet normal -0.8262387700764153 -0.563320064281943 0
    outer loop
      vertex -14.913163527846336 -21.085740812122822 0
      vertex -14.688530027866364 -21.415217638015747 0
      vertex -14.913163527846336 -21.085740812122822 24
    endloop
  endfacet
  facet normal -0.7660444476977989 -0.6427876042297131 0
    outer loop
      vertex -14.688530027866364 -21.415217638015747 0
      vertex -14.432207487523556 -21.720690950751305 0
      vertex -14.688530027866364 -21.415217638015747 24
    endloop
  endfacet
  facet normal -0.698236815157937 -0.7158668521157416 0
    outer loop
      vertex -14.432207487523556 -21.720690950751305 0
      vertex -14.146743349730968 -21.9991248100996 0
      vertex -14.432207487523556 -21.720690950751305 24
    endloop
  endfacet
  facet normal -0.623489812611992 -0.7818314738925923 0
    outer loop
      vertex -14.146743349730968 -21.9991248100996 0
      vertex -13.834974691271782 -22.247752025723457 0
      vertex -14.146743349730968 -21.9991248100996 24
    endloop
  endfacet
  facet normal -0.5425462515912699 -0.8400259310784771 0
    outer loop
      vertex -13.834974691271782 -22.247752025723457 0
      vertex -13.5 -22.4641016125679 0
      vertex -13.834974691271782 -22.247752025723457 24
    endloop
  endfacet
  facet normal -0.9555728062888861 -0.29475517278104385 0
    outer loop
      vertex -15.258770480751991 -20.36808057129383 0
      vertex -15.376309141516685 -19.98702958971262 24
      vertex -15.376309141516685 -19.98702958971262 0
    endloop
  endfacet
  facet normal -0.9801724881350782 -0.19814614178199375 0
    outer loop
      vertex -15.376309141516685 -19.98702958971262 0
      vertex -15.455323301255703 -19.59616906195879 24
      vertex -15.455323301255703 -19.59616906195879 0
    endloop
  endfacet
  facet normal -0.9950307747072564 -0.09956785317298553 0
    outer loop
      vertex -15.455323301255703 -19.59616906195879 0
      vertex -15.49502768367529 -19.199383541941643 24
      vertex -15.49502768367529 -19.199383541941643 0
    endloop
  endfacet
  facet normal -0.45621065799394167 -0.8898718084829605 0
    outer loop
      vertex -13.5 -22.4641016125679 0
      vertex -13.145148411393166 -22.64602340757847 0
      vertex -13.5 -22.4641016125679 24
    endloop
  endfacet
  facet normal -0.365341029022533 -0.9308737468168048 0
    outer loop
      vertex -13.145148411393166 -22.64602340757847 0
      vertex -12.773946598172188 -22.791709385812283 0
      vertex -13.145148411393166 -22.64602340757847 24
    endloop
  endfacet
  facet normal -0.2708404625322648 -0.9626242485286296 0
    outer loop
      vertex -12.773946598172188 -22.791709385812283 0
      vertex -12.390083737671375 -22.89971164613962 0
      vertex -12.773946598172188 -22.791709385812283 24
    endloop
  endfacet
  facet normal -0.17364818697468923 -0.9848077513709991 0
    outer loop
      vertex -12.390083737671375 -22.89971164613962 0
      vertex -11.997374817728996 -22.96895682811737 0
      vertex -12.390083737671375 -22.89971164613962 24
    endloop
  endfacet
  facet normal -0.07473009182479184 -0.9972037973131963 0
    outer loop
      vertex -11.997374817728996 -22.96895682811737 0
      vertex -11.599722765386105 -22.998756729066372 0
      vertex -11.997374817728996 -22.96895682811737 24
    endloop
  endfacet
  facet normal 0 -1 0
    outer loop
      vertex -11.599722765386105 -22.998756729066372 0
      vertex -6.5239503383636475 -22.998756729066372 13.157303693890572
      vertex -6.774264581501484 -22.998756729066372 13.466416041553021
    endloop
  endfacet
  facet normal 0 -1 0
    outer loop
      vertex -11.599722765386105 -22.998756729066372 0
      vertex -5.933583959937096 -22.998756729066372 12.625735419988633
      vertex -6.2426963075995445 -22.998756729066372 12.87604966312647
    endloop
  endfacet
  facet normal 0 -1 0
    outer loop
      vertex -11.599722765386105 -22.998756729066372 0
      vertex -6.2426963075995445 -22.998756729066372 12.87604966312647
      vertex -6.5239503383636475 -22.998756729066372 13.157303693890572
    endloop
  endfacet
  facet normal 0 -1 0
    outer loop
      vertex -11.599722765386105 -22.998756729066372 0
      vertex -7.314014762639999 -22.998756729066372 14.525735418498517
      vertex -7.416960880160332 -22.998756729066372 14.909935574233533
    endloop
  endfacet
  facet normal 0 -1 0
    outer loop
      vertex -11.599722765386105 -22.998756729066372 0
      vertex -7.416960880160332 -22.998756729066372 14.909935574233533
      vertex -7.479183204472065 -22.998756729066372 15.302791836857796
    endloop
  endfacet
  facet normal 0 -1 0
    outer loop
      vertex -11.599722765386105 -22.998756729066372 0
      vertex -7.479183204472065 -22.998756729066372 15.302791836857796
      vertex -7.5 -22.998756729066372 15.699999998509885
    endloop
  endfacet
  facet normal 0 -1 0
    outer loop
      vertex -11.599722765386105 -22.998756729066372 0
      vertex -6.990896537899971 -22.998756729066372 13.8
      vertex -7.1714727357029915 -22.998756729066372 14.154400753974915
    endloop
  endfacet
  facet normal 0 -1 0
    outer loop
      vertex -11.599722765386105 -22.998756729066372 0
      vertex -6.774264581501484 -22.998756729066372 13.466416041553021
      vertex -6.990896537899971 -22.998756729066372 13.8
    endloop
  endfacet
  facet normal 0 -1 0
    outer loop
      vertex -11.599722765386105 -22.998756729066372 0
      vertex -7.1714727357029915 -22.998756729066372 14.154400753974915
      vertex -7.314014762639999 -22.998756729066372 14.525735418498517
    endloop
  endfacet
  facet normal 0 -1 0
    outer loop
      vertex -11.599722765386105 -22.998756729066372 0
      vertex -7.5 -22.998756729066372 15.699999998509885
      vertex -7.5 -22.998756729066372 18.900000001490117
    endloop
  endfacet
  facet normal 0 0 -1
    outer loop
      vertex -14.688530027866364 -21.415217638015747 0
      vertex -14.688530027866364 21.415217638015747 0
      vertex -14.432207487523556 -21.720690950751305 0
    endloop
  endfacet
  facet normal 0 0 -1
    outer loop
      vertex -15.376309141516685 -19.98702958971262 0
      vertex -15.455323301255703 -19.59616906195879 0
      vertex -15.455323301255703 19.59616906195879 0
    endloop
  endfacet
  facet normal 0 0 -1
    outer loop
      vertex -15.455323301255703 -19.59616906195879 0
      vertex -15.49502768367529 -19.199383541941643 0
      vertex -15.49502768367529 19.199383541941643 0
    endloop
  endfacet
  facet normal 0 0 -1
    outer loop
      vertex -15.258770480751991 -20.36808057129383 0
      vertex -15.376309141516685 -19.98702958971262 0
      vertex -15.376309141516685 19.98702958971262 0
    endloop
  endfacet
  facet normal 0 0 -1
    outer loop
      vertex -15.258770480751991 -20.36808057129383 0
      vertex -15.258770480751991 20.36808057129383 0
      vertex -15.10387547314167 -20.735534958541393 0
    endloop
  endfacet
  facet normal 0 0 -1
    outer loop
      vertex -15.10387547314167 -20.735534958541393 0
      vertex -15.10387547314167 20.735534958541393 0
      vertex -14.913163527846336 -21.085740812122822 0
    endloop
  endfacet
  facet normal 0 0 -1
    outer loop
      vertex -14.913163527846336 -21.085740812122822 0
      vertex -14.913163527846336 21.085740812122822 0
      vertex -14.688530027866364 -21.415217638015747 0
    endloop
  endfacet
  facet normal 0 0 -1
    outer loop
      vertex -14.432207487523556 -21.720690950751305 0
      vertex -14.432207487523556 21.720690950751305 0
      vertex -14.146743349730968 -21.9991248100996 0
    endloop
  endfacet
  facet normal 0 0 -1
    outer loop
      vertex -14.146743349730968 -21.9991248100996 0
      vertex -14.146743349730968 21.9991248100996 0
      vertex -13.834974691271782 -22.247752025723457 0
    endloop
  endfacet
  facet normal 0 0 -1
    outer loop
      vertex -13.834974691271782 -22.247752025723457 0
      vertex -13.834974691271782 22.247752025723457 0
      vertex -13.5 -22.4641016125679 0
    endloop
  endfacet
  facet normal 0 0 -1
    outer loop
      vertex -13.5 -22.4641016125679 0
      vertex -13.5 22.4641016125679 0
      vertex -13.145148411393166 -22.64602340757847 0
    endloop
  endfacet
  facet normal 0 0 -1
    outer loop
      vertex -13.145148411393166 -22.64602340757847 0
      vertex -13.145148411393166 22.64602340757847 0
      vertex -12.773946598172188 -22.791709385812283 0
    endloop
  endfacet
  facet normal 0 0 -1
    outer loop
      vertex -12.773946598172188 -22.791709385812283 0
      vertex -12.773946598172188 22.791709385812283 0
      vertex -12.390083737671375 -22.89971164613962 0
    endloop
  endfacet
  facet normal 0 0 -1
    outer loop
      vertex -12.390083737671375 -22.89971164613962 0
      vertex -12.390083737671375 22.89971164613962 0
      vertex -11.997374817728996 -22.96895682811737 0
    endloop
  endfacet
  facet normal 0 0 -1
    outer loop
      vertex -11.997374817728996 -22.96895682811737 0
      vertex -11.997374817728996 22.96895682811737 0
      vertex -11.599722765386105 -22.998756729066372 0
    endloop
  endfacet
  facet normal 0 0 -1
    outer loop
      vertex -11.599722765386105 -22.998756729066372 0
      vertex -11.997374817728996 22.96895682811737 0
      vertex -11.6 -17 0
    endloop
  endfacet
  facet normal 0 0 -1
    outer loop
      vertex -11.6 -17 0
      vertex -11.997374817728996 22.96895682811737 0
      vertex -11.6 -11 0
    endloop
  endfacet
  facet normal 0 0 -1
    outer loop
      vertex -11.6 -11 0
      vertex -9.399999999999999 11 0
      vertex -9.399999999999999 -11 0
    endloop
  endfacet
  facet normal 0 0 -1
    outer loop
      vertex -11.599722765386105 -22.998756729066372 0
      vertex -9.399999999999999 -17 0
      vertex 11.400277234613895 -22.998756729066372 0
    endloop
  endfacet
  facet normal 0 -1 0
    outer loop
      vertex -11.599722765386105 -22.998756729066372 0
      vertex 11.400277234613895 -22.998756729066372 0
      vertex -3.7000000029802322 -22.998756729066372 11.900000001490117
    endloop
  endfacet
  facet normal 0 0 -1
    outer loop
      vertex -9.399999999999999 -17 0
      vertex -9.399999999999999 -11 0
      vertex 11.400277234613895 -22.998756729066372 0
    endloop
  endfacet
  facet normal 0 -1 0
    outer loop
      vertex -11.599722765386105 -22.998756729066372 0
      vertex -5.245599240064621 -22.998756729066372 12.228527258336545
      vertex -5.600000001490116 -22.998756729066372 12.409103463590146
    endloop
  endfacet
  facet normal 0 -1 0
    outer loop
      vertex -11.599722765386105 -22.998756729066372 0
      vertex -4.874264575541019 -22.998756729066372 12.085985238850117
      vertex -5.245599240064621 -22.998756729066372 12.228527258336545
    endloop
  endfacet
  facet normal 0 -1 0
    outer loop
      vertex -11.599722765386105 -22.998756729066372 0
      vertex -4.490064427256584 -22.998756729066372 11.983039113879205
      vertex -4.874264575541019 -22.998756729066372 12.085985238850117
    endloop
  endfacet
  facet normal 0 -1 0
    outer loop
      vertex -11.599722765386105 -22.998756729066372 0
      vertex -5.600000001490116 -22.998756729066372 12.409103463590146
      vertex -5.933583959937096 -22.998756729066372 12.625735419988633
    endloop
  endfacet
  facet normal 0 -1 0
    outer loop
      vertex -11.599722765386105 -22.998756729066372 0
      vertex -4.09720815718174 -22.998756729066372 11.920816797018052
      vertex -4.490064427256584 -22.998756729066372 11.983039113879205
    endloop
  endfacet
  facet normal 0 -1 0
    outer loop
      vertex -11.599722765386105 -22.998756729066372 0
      vertex -3.7000000029802322 -22.998756729066372 11.900000001490117
      vertex -4.09720815718174 -22.998756729066372 11.920816797018052
    endloop
  endfacet
  facet normal 0 0 -1
    outer loop
      vertex -9.399999999999999 -11 0
      vertex -9.399999999999999 11 0
      vertex 11.400277234613895 -22.998756729066372 0
    endloop
  endfacet
  facet normal -0.9555728062888861 -0.29475517278104385 0
    outer loop
      vertex -15.258770480751991 -20.36808057129383 0
      vertex -15.258770480751991 -20.36808057129383 24
      vertex -15.376309141516685 -19.98702958971262 24
    endloop
  endfacet
  facet normal -0.9214762169360164 -0.38843478425765066 0
    outer loop
      vertex -15.10387547314167 -20.735534958541393 0
      vertex -15.10387547314167 -20.735534958541393 24
      vertex -15.258770480751991 -20.36808057129383 24
    endloop
  endfacet
  facet normal -0.8782215711562958 -0.4782539826867804 0
    outer loop
      vertex -14.913163527846336 -21.085740812122822 0
      vertex -14.913163527846336 -21.085740812122822 24
      vertex -15.10387547314167 -20.735534958541393 24
    endloop
  endfacet
  facet normal -0.8262387700764153 -0.563320064281943 0
    outer loop
      vertex -14.688530027866364 -21.415217638015747 0
      vertex -14.688530027866364 -21.415217638015747 24
      vertex -14.913163527846336 -21.085740812122822 24
    endloop
  endfacet
  facet normal -0.7660444476977989 -0.6427876042297131 0
    outer loop
      vertex -14.432207487523556 -21.720690950751305 0
      vertex -14.432207487523556 -21.720690950751305 24
      vertex -14.688530027866364 -21.415217638015747 24
    endloop
  endfacet
  facet normal -0.698236815157937 -0.7158668521157416 0
    outer loop
      vertex -14.146743349730968 -21.9991248100996 0
      vertex -14.146743349730968 -21.9991248100996 24
      vertex -14.432207487523556 -21.720690950751305 24
    endloop
  endfacet
  facet normal -0.5425462515912699 -0.8400259310784771 0
    outer loop
      vertex -13.5 -22.4641016125679 0
      vertex -13.5 -22.4641016125679 24
      vertex -13.834974691271782 -22.247752025723457 24
    endloop
  endfacet
  facet normal -0.623489812611992 -0.7818314738925923 0
    outer loop
      vertex -13.834974691271782 -22.247752025723457 0
      vertex -13.834974691271782 -22.247752025723457 24
      vertex -14.146743349730968 -21.9991248100996 24
    endloop
  endfacet
  facet normal -0.9801724881350782 -0.19814614178199375 0
    outer loop
      vertex -15.376309141516685 -19.98702958971262 0
      vertex -15.376309141516685 -19.98702958971262 24
      vertex -15.455323301255703 -19.59616906195879 24
    endloop
  endfacet
  facet normal -0.9950307747072564 -0.09956785317298553 0
    outer loop
      vertex -15.455323301255703 -19.59616906195879 0
      vertex -15.455323301255703 -19.59616906195879 24
      vertex -15.49502768367529 -19.199383541941643 24
    endloop
  endfacet
  facet normal -0.45621065799394167 -0.8898718084829605 0
    outer loop
      vertex -13.145148411393166 -22.64602340757847 0
      vertex -13.145148411393166 -22.64602340757847 24
      vertex -13.5 -22.4641016125679 24
    endloop
  endfacet
  facet normal -0.365341029022533 -0.9308737468168048 0
    outer loop
      vertex -12.773946598172188 -22.791709385812283 0
      vertex -12.773946598172188 -22.791709385812283 24
      vertex -13.145148411393166 -22.64602340757847 24
    endloop
  endfacet
  facet normal -0.2708404625322648 -0.9626242485286296 0
    outer loop
      vertex -12.390083737671375 -22.89971164613962 0
      vertex -12.390083737671375 -22.89971164613962 24
      vertex -12.773946598172188 -22.791709385812283 24
    endloop
  endfacet
  facet normal -0.17364818697468923 -0.9848077513709991 0
    outer loop
      vertex -11.997374817728996 -22.96895682811737 0
      vertex -11.997374817728996 -22.96895682811737 24
      vertex -12.390083737671375 -22.89971164613962 24
    endloop
  endfacet
  facet normal -0.07473009182479184 -0.9972037973131963 0
    outer loop
      vertex -11.599722765386105 -22.998756729066372 0
      vertex -11.599722765386105 -22.998756729066372 24
      vertex -11.997374817728996 -22.96895682811737 24
    endloop
  endfacet
  facet normal 0 -1 0
    outer loop
      vertex -11.599722765386105 -22.998756729066372 0
      vertex -7.479183204472065 -22.998756729066372 19.297208163142205
      vertex -11.599722765386105 -22.998756729066372 24
    endloop
  endfacet
  facet normal 0 -1 0
    outer loop
      vertex -11.599722765386105 -22.998756729066372 0
      vertex -7.5 -22.998756729066372 18.900000001490117
      vertex -7.479183204472065 -22.998756729066372 19.297208163142205
    endloop
  endfacet
  facet normal 0 0 1
    outer loop
      vertex -13.5 -22.4641016125679 24
      vertex -13.145148411393166 -22.64602340757847 24
      vertex -13.353553391993046 -20.853553391993046 24
    endloop
  endfacet
  facet normal 0 0 1
    outer loop
      vertex -13.145148411393166 -22.64602340757847 24
      vertex -12.773946598172188 -22.791709385812283 24
      vertex -13 -21 24
    endloop
  endfacet
  facet normal 0 0 1
    outer loop
      vertex -12.773946598172188 -22.791709385812283 24
      vertex -12.390083737671375 -22.89971164613962 24
      vertex -13 -21 24
    endloop
  endfacet
  facet normal 0 0 1
    outer loop
      vertex -13.5 -22.4641016125679 24
      vertex -13.353553391993046 -20.853553391993046 24
      vertex -13.5 -20.5 24
    endloop
  endfacet
  facet normal 0 0 1
    outer loop
      vertex -13.145148411393166 -22.64602340757847 24
      vertex -13 -21 24
      vertex -13.353553391993046 -20.853553391993046 24
    endloop
  endfacet
  facet normal 0 0 1
    outer loop
      vertex -13 -21 24
      vertex -12.390083737671375 -22.89971164613962 24
      vertex -11.997374817728996 -22.96895682811737 24
    endloop
  endfacet
  facet normal 0 0 1
    outer loop
      vertex -13 -21 24
      vertex -11.997374817728996 -22.96895682811737 24
      vertex -11.599722765386105 -22.998756729066372 24
    endloop
  endfacet
  facet normal 0 -1 0
    outer loop
      vertex -11.599722765386105 -22.998756729066372 24
      vertex -7.479183204472065 -22.998756729066372 19.297208163142205
      vertex -7.416960880160332 -22.998756729066372 19.69006442576647
    endloop
  endfacet
  facet normal 0 -1 0
    outer loop
      vertex -11.599722765386105 -22.998756729066372 24
      vertex -7.416960880160332 -22.998756729066372 19.69006442576647
      vertex -7.314014762639999 -22.998756729066372 20.074264581501485
    endloop
  endfacet
  facet normal 0 -1 0
    outer loop
      vertex -11.599722765386105 -22.998756729066372 24
      vertex -7.314014762639999 -22.998756729066372 20.074264581501485
      vertex -7.1714727357029915 -22.998756729066372 20.445599246025086
    endloop
  endfacet
  facet normal 0 -1 0
    outer loop
      vertex -11.599722765386105 -22.998756729066372 24
      vertex -7.1714727357029915 -22.998756729066372 20.445599246025086
      vertex -6.990896537899971 -22.998756729066372 20.8
    endloop
  endfacet
  facet normal 0 -1 0
    outer loop
      vertex -11.599722765386105 -22.998756729066372 24
      vertex -6.990896537899971 -22.998756729066372 20.8
      vertex -6.774264581501484 -22.998756729066372 21.13358395844698
    endloop
  endfacet
  facet normal 0 -1 0
    outer loop
      vertex -11.599722765386105 -22.998756729066372 24
      vertex -6.774264581501484 -22.998756729066372 21.13358395844698
      vertex -6.5239503383636475 -22.998756729066372 21.44269630610943
    endloop
  endfacet
  facet normal 0 -1 0
    outer loop
      vertex -11.599722765386105 -22.998756729066372 24
      vertex -6.5239503383636475 -22.998756729066372 21.44269630610943
      vertex -6.2426963075995445 -22.998756729066372 21.723950336873532
    endloop
  endfacet
  facet normal 0 -1 0
    outer loop
      vertex -11.599722765386105 -22.998756729066372 24
      vertex -6.2426963075995445 -22.998756729066372 21.723950336873532
      vertex -5.933583959937096 -22.998756729066372 21.97426458001137
    endloop
  endfacet
  facet normal -1 0 0
    outer loop
      vertex -15.49502768367529 -19.199383541941643 0
      vertex -15.49502768367529 -19.199383541941643 24
      vertex -15.49502768367529 19.199383541941643 24
    endloop
  endfacet
  facet normal 0 0 1
    outer loop
      vertex -14.688530027866364 -21.415217638015747 24
      vertex -14.432207487523556 -21.720690950751305 24
      vertex -14.688530027866364 21.415217638015747 24
    endloop
  endfacet
  facet normal 0 0 1
    outer loop
      vertex -15.376309141516685 -19.98702958971262 24
      vertex -15.455323301255703 19.59616906195879 24
      vertex -15.455323301255703 -19.59616906195879 24
    endloop
  endfacet
  facet normal 0 0 1
    outer loop
      vertex -15.455323301255703 -19.59616906195879 24
      vertex -15.49502768367529 19.199383541941643 24
      vertex -15.49502768367529 -19.199383541941643 24
    endloop
  endfacet
  facet normal 0 0 1
    outer loop
      vertex -15.258770480751991 -20.36808057129383 24
      vertex -15.376309141516685 19.98702958971262 24
      vertex -15.376309141516685 -19.98702958971262 24
    endloop
  endfacet
  facet normal 0 0 1
    outer loop
      vertex -15.258770480751991 -20.36808057129383 24
      vertex -15.10387547314167 -20.735534958541393 24
      vertex -15.258770480751991 20.36808057129383 24
    endloop
  endfacet
  facet normal 0 0 1
    outer loop
      vertex -15.10387547314167 -20.735534958541393 24
      vertex -14.913163527846336 -21.085740812122822 24
      vertex -15.10387547314167 20.735534958541393 24
    endloop
  endfacet
  facet normal 0 0 1
    outer loop
      vertex -14.913163527846336 -21.085740812122822 24
      vertex -14.688530027866364 -21.415217638015747 24
      vertex -14.913163527846336 21.085740812122822 24
    endloop
  endfacet
  facet normal 0 0 1
    outer loop
      vertex -14.432207487523556 -21.720690950751305 24
      vertex -14.146743349730968 -21.9991248100996 24
      vertex -14.432207487523556 21.720690950751305 24
    endloop
  endfacet
  facet normal 0 0 1
    outer loop
      vertex -14.146743349730968 -21.9991248100996 24
      vertex -13.834974691271782 -22.247752025723457 24
      vertex -14.146743349730968 21.9991248100996 24
    endloop
  endfacet
  facet normal 0 0 1
    outer loop
      vertex -13.834974691271782 -22.247752025723457 24
      vertex -13.5 -22.4641016125679 24
      vertex -13.834974691271782 22.247752025723457 24
    endloop
  endfacet
  facet normal 0 0 1
    outer loop
      vertex -13.5 -22.4641016125679 24
      vertex -13.5 -20.5 24
      vertex -13.834974691271782 22.247752025723457 24
    endloop
  endfacet
  facet normal 0 -1 0
    outer loop
      vertex -11.599722765386105 -22.998756729066372 24
      vertex -5.933583959937096 -22.998756729066372 21.97426458001137
      vertex -5.600000001490116 -22.998756729066372 22.190896536409856
    endloop
  endfacet
  facet normal 0 -1 0
    outer loop
      vertex -11.599722765386105 -22.998756729066372 24
      vertex -5.600000001490116 -22.998756729066372 22.190896536409856
      vertex -5.245599240064621 -22.998756729066372 22.371472741663457
    endloop
  endfacet
  facet normal 0 -1 0
    outer loop
      vertex -11.599722765386105 -22.998756729066372 24
      vertex -5.245599240064621 -22.998756729066372 22.371472741663457
      vertex -4.874264575541019 -22.998756729066372 22.514014761149884
    endloop
  endfacet
  facet normal 0 -1 0
    outer loop
      vertex -11.599722765386105 -22.998756729066372 24
      vertex -4.874264575541019 -22.998756729066372 22.514014761149884
      vertex -4.490064427256584 -22.998756729066372 22.616960886120797
    endloop
  endfacet
  facet normal 0 -1 0
    outer loop
      vertex -11.599722765386105 -22.998756729066372 24
      vertex -4.490064427256584 -22.998756729066372 22.616960886120797
      vertex -4.09720815718174 -22.998756729066372 22.67918320298195
    endloop
  endfacet
  facet normal 0 -1 0
    outer loop
      vertex -11.599722765386105 -22.998756729066372 24
      vertex -4.09720815718174 -22.998756729066372 22.67918320298195
      vertex -3.7000000029802322 -22.998756729066372 22.699999998509885
    endloop
  endfacet
  facet normal 0 0 1
    outer loop
      vertex -13 -21 24
      vertex -11.599722765386105 -22.998756729066372 24
      vertex 11.400277234613895 -22.998756729066372 24
    endloop
  endfacet
  facet normal 0 -1 0
    outer loop
      vertex -11.599722765386105 -22.998756729066372 24
      vertex -3.7000000029802322 -22.998756729066372 22.699999998509885
      vertex 3.7000000029802322 -22.998756729066372 22.699999998509885
    endloop
  endfacet
  facet normal 0 0 -1
    outer loop
      vertex -15.455323301255703 -19.59616906195879 0
      vertex -15.49502768367529 19.199383541941643 0
      vertex -15.455323301255703 19.59616906195879 0
    endloop
  endfacet
  facet normal 0 0 -1
    outer loop
      vertex -15.376309141516685 -19.98702958971262 0
      vertex -15.455323301255703 19.59616906195879 0
      vertex -15.376309141516685 19.98702958971262 0
    endloop
  endfacet
  facet normal 0 0 -1
    outer loop
      vertex -15.258770480751991 -20.36808057129383 0
      vertex -15.376309141516685 19.98702958971262 0
      vertex -15.258770480751991 20.36808057129383 0
    endloop
  endfacet
  facet normal 0 0 -1
    outer loop
      vertex -15.10387547314167 -20.735534958541393 0
      vertex -15.258770480751991 20.36808057129383 0
      vertex -15.10387547314167 20.735534958541393 0
    endloop
  endfacet
  facet normal 0 0 -1
    outer loop
      vertex -14.913163527846336 -21.085740812122822 0
      vertex -15.10387547314167 20.735534958541393 0
      vertex -14.913163527846336 21.085740812122822 0
    endloop
  endfacet
  facet normal 0 0 -1
    outer loop
      vertex -14.688530027866364 -21.415217638015747 0
      vertex -14.913163527846336 21.085740812122822 0
      vertex -14.688530027866364 21.415217638015747 0
    endloop
  endfacet
  facet normal 0 0 -1
    outer loop
      vertex -14.432207487523556 -21.720690950751305 0
      vertex -14.688530027866364 21.415217638015747 0
      vertex -14.432207487523556 21.720690950751305 0
    endloop
  endfacet
  facet normal 0 0 -1
    outer loop
      vertex -14.146743349730968 -21.9991248100996 0
      vertex -14.432207487523556 21.720690950751305 0
      vertex -14.146743349730968 21.9991248100996 0
    endloop
  endfacet
  facet normal 0 0 -1
    outer loop
      vertex -13.834974691271782 -22.247752025723457 0
      vertex -14.146743349730968 21.9991248100996 0
      vertex -13.834974691271782 22.247752025723457 0
    endloop
  endfacet
  facet normal 0 0 -1
    outer loop
      vertex -13.5 -22.4641016125679 0
      vertex -13.834974691271782 22.247752025723457 0
      vertex -13.5 22.4641016125679 0
    endloop
  endfacet
  facet normal 0 0 -1
    outer loop
      vertex -13.145148411393166 -22.64602340757847 0
      vertex -13.5 22.4641016125679 0
      vertex -13.145148411393166 22.64602340757847 0
    endloop
  endfacet
  facet normal 0 0 -1
    outer loop
      vertex -12.773946598172188 -22.791709385812283 0
      vertex -13.145148411393166 22.64602340757847 0
      vertex -12.773946598172188 22.791709385812283 0
    endloop
  endfacet
  facet normal 0 0 -1
    outer loop
      vertex -12.390083737671375 -22.89971164613962 0
      vertex -12.773946598172188 22.791709385812283 0
      vertex -12.390083737671375 22.89971164613962 0
    endloop
  endfacet
  facet normal 0 0 -1
    outer loop
      vertex -11.997374817728996 -22.96895682811737 0
      vertex -12.390083737671375 22.89971164613962 0
      vertex -11.997374817728996 22.96895682811737 0
    endloop
  endfacet
  facet normal 0 0 -1
    outer loop
      vertex -11.6 -11 0
      vertex -11.997374817728996 22.96895682811737 0
      vertex -11.6 11 0
    endloop
  endfacet
  facet normal 0 0 -1
    outer loop
      vertex -11.6 -11 0
      vertex -11.6 11 0
      vertex -9.399999999999999 11 0
    endloop
  endfacet
  facet normal -1 0 0
    outer loop
      vertex -15.49502768367529 -19.199383541941643 0
      vertex -15.49502768367529 19.199383541941643 24
      vertex -15.49502768367529 19.199383541941643 0
    endloop
  endfacet
  facet normal 0 0 -1
    outer loop
      vertex -11.6 11 0
      vertex -11.997374817728996 22.96895682811737 0
      vertex -11.6 17 0
    endloop
  endfacet
  facet normal 0 0 -1
    outer loop
      vertex -11.997374817728996 22.96895682811737 0
      vertex -11.599722765386105 22.998756729066372 0
      vertex -11.6 17 0
    endloop
  endfacet
  facet normal 0 0 -1
    outer loop
      vertex -11.6 17 0
      vertex -11.599722765386105 22.998756729066372 0
      vertex -9.399999999999999 17 0
    endloop
  endfacet
  facet normal 0 1 0
    outer loop
      vertex -11.599722765386105 22.998756729066372 0
      vertex -10.499999999824002 22.998756729066372 3.6375000002815963
      vertex -8.287500000228798 22.998756729066372 3.6375000002815963
    endloop
  endfacet
  facet normal -0.9950307747072564 0.09956785317298553 0
    outer loop
      vertex -15.49502768367529 19.199383541941643 0
      vertex -15.455323301255703 19.59616906195879 24
      vertex -15.455323301255703 19.59616906195879 0
    endloop
  endfacet
  facet normal -0.9801724881350782 0.19814614178199375 0
    outer loop
      vertex -15.455323301255703 19.59616906195879 0
      vertex -15.376309141516685 19.98702958971262 24
      vertex -15.376309141516685 19.98702958971262 0
    endloop
  endfacet
  facet normal -0.9555728062888861 0.29475517278104385 0
    outer loop
      vertex -15.376309141516685 19.98702958971262 0
      vertex -15.258770480751991 20.36808057129383 24
      vertex -15.258770480751991 20.36808057129383 0
    endloop
  endfacet
  facet normal -0.9214762169360164 0.38843478425765066 0
    outer loop
      vertex -15.258770480751991 20.36808057129383 0
      vertex -15.10387547314167 20.735534958541393 24
      vertex -15.10387547314167 20.735534958541393 0
    endloop
  endfacet
  facet normal -0.8782215711562958 0.4782539826867804 0
    outer loop
      vertex -15.10387547314167 20.735534958541393 0
      vertex -14.913163527846336 21.085740812122822 24
      vertex -14.913163527846336 21.085740812122822 0
    endloop
  endfacet
  facet normal -0.8262387700764153 0.563320064281943 0
    outer loop
      vertex -14.913163527846336 21.085740812122822 0
      vertex -14.688530027866364 21.415217638015747 24
      vertex -14.688530027866364 21.415217638015747 0
    endloop
  endfacet
  facet normal -0.7660444476977989 0.6427876042297131 0
    outer loop
      vertex -14.688530027866364 21.415217638015747 0
      vertex -14.432207487523556 21.720690950751305 24
      vertex -14.432207487523556 21.720690950751305 0
    endloop
  endfacet
  facet normal -0.698236815157937 0.7158668521157416 0
    outer loop
      vertex -14.432207487523556 21.720690950751305 0
      vertex -14.146743349730968 21.9991248100996 24
      vertex -14.146743349730968 21.9991248100996 0
    endloop
  endfacet
  facet normal -0.623489812611992 0.7818314738925923 0
    outer loop
      vertex -14.146743349730968 21.9991248100996 0
      vertex -13.834974691271782 22.247752025723457 24
      vertex -13.834974691271782 22.247752025723457 0
    endloop
  endfacet
  facet normal -0.5425462515912699 0.8400259310784771 0
    outer loop
      vertex -13.834974691271782 22.247752025723457 0
      vertex -13.5 22.4641016125679 24
      vertex -13.5 22.4641016125679 0
    endloop
  endfacet
  facet normal -0.45621065799394167 0.8898718084829605 0
    outer loop
      vertex -13.5 22.4641016125679 0
      vertex -13.145148411393166 22.64602340757847 24
      vertex -13.145148411393166 22.64602340757847 0
    endloop
  endfacet
  facet normal -0.365341029022533 0.9308737468168048 0
    outer loop
      vertex -13.145148411393166 22.64602340757847 0
      vertex -12.773946598172188 22.791709385812283 24
      vertex -12.773946598172188 22.791709385812283 0
    endloop
  endfacet
  facet normal -0.2708404625322648 0.9626242485286296 0
    outer loop
      vertex -12.773946598172188 22.791709385812283 0
      vertex -12.390083737671375 22.89971164613962 24
      vertex -12.390083737671375 22.89971164613962 0
    endloop
  endfacet
  facet normal -0.17364818697468923 0.9848077513709991 0
    outer loop
      vertex -12.390083737671375 22.89971164613962 0
      vertex -11.997374817728996 22.96895682811737 24
      vertex -11.997374817728996 22.96895682811737 0
    endloop
  endfacet
  facet normal -0.07473009182479184 0.9972037973131963 0
    outer loop
      vertex -11.997374817728996 22.96895682811737 0
      vertex -11.599722765386105 22.998756729066372 24
      vertex -11.599722765386105 22.998756729066372 0
    endloop
  endfacet
  facet normal 0 1 0
    outer loop
      vertex -11.599722765386105 22.998756729066372 0
      vertex -10.499999999824002 22.998756729066372 15.262500000369595
      vertex -10.499999999824002 22.998756729066372 3.6375000002815963
    endloop
  endfacet
  facet normal 0 0 -1
    outer loop
      vertex -9.399999999999999 11 0
      vertex -9.399999999999999 17 0
      vertex 11.400277234613895 -22.998756729066372 0
    endloop
  endfacet
  facet normal 0 0 -1
    outer loop
      vertex -9.399999999999999 17 0
      vertex -11.599722765386105 22.998756729066372 0
      vertex 11.400277234613895 -22.998756729066372 0
    endloop
  endfacet
  facet normal 0 1 0
    outer loop
      vertex -11.599722765386105 22.998756729066372 0
      vertex -8.287500000228798 22.998756729066372 3.6375000002815963
      vertex -2.699999999841602 22.998756729066372 9.2625000000176
    endloop
  endfacet
  facet normal 0 1 0
    outer loop
      vertex -11.599722765386105 22.998756729066372 0
      vertex -2.699999999841602 22.998756729066372 9.2625000000176
      vertex 0.37499999982400206 22.998756729066372 6.187500000351996
    endloop
  endfacet
  facet normal 0 1 0
    outer loop
      vertex -8.0250000000352 22.998756729066372 7.387500000105598
      vertex -8.0250000000352 22.998756729066372 15.262500000369595
      vertex -2.699999999841602 22.998756729066372 12.750000000439995
    endloop
  endfacet
  facet normal 0 1 0
    outer loop
      vertex -2.699999999841602 22.998756729066372 12.750000000439995
      vertex 2.249999999736003 22.998756729066372 11.737500000598393
      vertex 0.33749999968320366 22.998756729066372 9.712500000123198
    endloop
  endfacet
  facet normal 0 0 1
    outer loop
      vertex -15.455323301255703 -19.59616906195879 24
      vertex -15.455323301255703 19.59616906195879 24
      vertex -15.49502768367529 19.199383541941643 24
    endloop
  endfacet
  facet normal 0 0 1
    outer loop
      vertex -15.376309141516685 -19.98702958971262 24
      vertex -15.376309141516685 19.98702958971262 24
      vertex -15.455323301255703 19.59616906195879 24
    endloop
  endfacet
  facet normal 0 0 1
    outer loop
      vertex -15.258770480751991 -20.36808057129383 24
      vertex -15.258770480751991 20.36808057129383 24
      vertex -15.376309141516685 19.98702958971262 24
    endloop
  endfacet
  facet normal 0 0 1
    outer loop
      vertex -15.10387547314167 -20.735534958541393 24
      vertex -15.10387547314167 20.735534958541393 24
      vertex -15.258770480751991 20.36808057129383 24
    endloop
  endfacet
  facet normal 0 0 1
    outer loop
      vertex -14.913163527846336 -21.085740812122822 24
      vertex -14.913163527846336 21.085740812122822 24
      vertex -15.10387547314167 20.735534958541393 24
    endloop
  endfacet
  facet normal 0 0 1
    outer loop
      vertex -14.688530027866364 -21.415217638015747 24
      vertex -14.688530027866364 21.415217638015747 24
      vertex -14.913163527846336 21.085740812122822 24
    endloop
  endfacet
  facet normal 0 0 1
    outer loop
      vertex -14.432207487523556 -21.720690950751305 24
      vertex -14.432207487523556 21.720690950751305 24
      vertex -14.688530027866364 21.415217638015747 24
    endloop
  endfacet
  facet normal 0 0 1
    outer loop
      vertex -14.146743349730968 -21.9991248100996 24
      vertex -14.146743349730968 21.9991248100996 24
      vertex -14.432207487523556 21.720690950751305 24
    endloop
  endfacet
  facet normal 0 0 1
    outer loop
      vertex -13.834974691271782 -22.247752025723457 24
      vertex -13.834974691271782 22.247752025723457 24
      vertex -14.146743349730968 21.9991248100996 24
    endloop
  endfacet
  facet normal 0 0 1
    outer loop
      vertex -13.5 -20.5 24
      vertex -13.5 20.5 24
      vertex -13.834974691271782 22.247752025723457 24
    endloop
  endfacet
  facet normal -0.9950307747072564 0.09956785317298553 0
    outer loop
      vertex -15.49502768367529 19.199383541941643 0
      vertex -15.49502768367529 19.199383541941643 24
      vertex -15.455323301255703 19.59616906195879 24
    endloop
  endfacet
  facet normal -0.9801724881350782 0.19814614178199375 0
    outer loop
      vertex -15.455323301255703 19.59616906195879 0
      vertex -15.455323301255703 19.59616906195879 24
      vertex -15.376309141516685 19.98702958971262 24
    endloop
  endfacet
  facet normal -0.9555728062888861 0.29475517278104385 0
    outer loop
      vertex -15.376309141516685 19.98702958971262 0
      vertex -15.376309141516685 19.98702958971262 24
      vertex -15.258770480751991 20.36808057129383 24
    endloop
  endfacet
  facet normal -0.9214762169360164 0.38843478425765066 0
    outer loop
      vertex -15.258770480751991 20.36808057129383 0
      vertex -15.258770480751991 20.36808057129383 24
      vertex -15.10387547314167 20.735534958541393 24
    endloop
  endfacet
  facet normal -0.8782215711562958 0.4782539826867804 0
    outer loop
      vertex -15.10387547314167 20.735534958541393 0
      vertex -15.10387547314167 20.735534958541393 24
      vertex -14.913163527846336 21.085740812122822 24
    endloop
  endfacet
  facet normal -0.8262387700764153 0.563320064281943 0
    outer loop
      vertex -14.913163527846336 21.085740812122822 0
      vertex -14.913163527846336 21.085740812122822 24
      vertex -14.688530027866364 21.415217638015747 24
    endloop
  endfacet
  facet normal -0.7660444476977989 0.6427876042297131 0
    outer loop
      vertex -14.688530027866364 21.415217638015747 0
      vertex -14.688530027866364 21.415217638015747 24
      vertex -14.432207487523556 21.720690950751305 24
    endloop
  endfacet
  facet normal -0.698236815157937 0.7158668521157416 0
    outer loop
      vertex -14.432207487523556 21.720690950751305 0
      vertex -14.432207487523556 21.720690950751305 24
      vertex -14.146743349730968 21.9991248100996 24
    endloop
  endfacet
  facet normal -0.623489812611992 0.7818314738925923 0
    outer loop
      vertex -14.146743349730968 21.9991248100996 0
      vertex -14.146743349730968 21.9991248100996 24
      vertex -13.834974691271782 22.247752025723457 24
    endloop
  endfacet
  facet normal -0.5425462515912699 0.8400259310784771 0
    outer loop
      vertex -13.834974691271782 22.247752025723457 0
      vertex -13.834974691271782 22.247752025723457 24
      vertex -13.5 22.4641016125679 24
    endloop
  endfacet
  facet normal -0.45621065799394167 0.8898718084829605 0
    outer loop
      vertex -13.5 22.4641016125679 0
      vertex -13.5 22.4641016125679 24
      vertex -13.145148411393166 22.64602340757847 24
    endloop
  endfacet
  facet normal -0.365341029022533 0.9308737468168048 0
    outer loop
      vertex -13.145148411393166 22.64602340757847 0
      vertex -13.145148411393166 22.64602340757847 24
      vertex -12.773946598172188 22.791709385812283 24
    endloop
  endfacet
  facet normal -0.2708404625322648 0.9626242485286296 0
    outer loop
      vertex -12.773946598172188 22.791709385812283 0
      vertex -12.773946598172188 22.791709385812283 24
      vertex -12.390083737671375 22.89971164613962 24
    endloop
  endfacet
  facet normal -0.17364818697468923 0.9848077513709991 0
    outer loop
      vertex -12.390083737671375 22.89971164613962 0
      vertex -12.390083737671375 22.89971164613962 24
      vertex -11.997374817728996 22.96895682811737 24
    endloop
  endfacet
  facet normal -0.07473009182479184 0.9972037973131963 0
    outer loop
      vertex -11.997374817728996 22.96895682811737 0
      vertex -11.997374817728996 22.96895682811737 24
      vertex -11.599722765386105 22.998756729066372 24
    endloop
  endfacet
  facet normal 0 1 0
    outer loop
      vertex -11.599722765386105 22.998756729066372 0
      vertex -11.599722765386105 22.998756729066372 24
      vertex -10.499999999824002 22.998756729066372 15.262500000369595
    endloop
  endfacet
  facet normal 0 0 1
    outer loop
      vertex -13.834974691271782 22.247752025723457 24
      vertex -13.5 20.5 24
      vertex -13.5 22.4641016125679 24
    endloop
  endfacet
  facet normal 0 0 1
    outer loop
      vertex -13.5 20.5 24
      vertex -13.353553391993046 20.853553391993046 24
      vertex -13.5 22.4641016125679 24
    endloop
  endfacet
  facet normal 0 0 1
    outer loop
      vertex -13.353553391993046 20.853553391993046 24
      vertex -13 21 24
      vertex -13.5 22.4641016125679 24
    endloop
  endfacet
  facet normal 0 0 1
    outer loop
      vertex -13 21 24
      vertex -13.145148411393166 22.64602340757847 24
      vertex -13.5 22.4641016125679 24
    endloop
  endfacet
  facet normal 0 1 0
    outer loop
      vertex -10.499999999824002 22.998756729066372 15.262500000369595
      vertex -11.599722765386105 22.998756729066372 24
      vertex -8.0250000000352 22.998756729066372 15.262500000369595
    endloop
  endfacet
  facet normal 0 1 0
    outer loop
      vertex -8.0250000000352 22.998756729066372 15.262500000369595
      vertex -0.7788000000919414 22.998756729066372 14.954100000136716
      vertex -2.699999999841602 22.998756729066372 12.750000000439995
    endloop
  endfacet
  facet normal 0 1 0
    outer loop
      vertex -2.699999999841602 22.998756729066372 12.750000000439995
      vertex -0.07500000028159676 22.998756729066372 13.987500000334396
      vertex 2.249999999736003 22.998756729066372 11.737500000598393
    endloop
  endfacet
  facet normal 0 1 0
    outer loop
      vertex -2.699999999841602 22.998756729066372 12.750000000439995
      vertex -0.2796375005557312 22.998756729066372 14.208900000430702
      vertex -0.17961093786311902 22.998756729066372 14.096315625263012
    endloop
  endfacet
  facet normal 0 1 0
    outer loop
      vertex -2.699999999841602 22.998756729066372 12.750000000439995
      vertex -0.17961093786311902 22.998756729066372 14.096315625263012
      vertex -0.07500000028159676 22.998756729066372 13.987500000334396
    endloop
  endfacet
  facet normal 0 1 0
    outer loop
      vertex -2.699999999841602 22.998756729066372 12.750000000439995
      vertex -0.3749953128221467 22.998756729066372 14.325084375554887
      vertex -0.2796375005557312 22.998756729066372 14.208900000430702
    endloop
  endfacet
  facet normal 0 1 0
    outer loop
      vertex -2.699999999841602 22.998756729066372 12.750000000439995
      vertex -0.4655999999170698 22.998756729066372 14.44470000035298
      vertex -0.3749953128221467 22.998756729066372 14.325084375554887
    endloop
  endfacet
  facet normal 0 1 0
    outer loop
      vertex -2.699999999841602 22.998756729066372 12.750000000439995
      vertex -0.5513671878871955 22.998756729066372 14.567578125334396
      vertex -0.4655999999170698 22.998756729066372 14.44470000035298
    endloop
  endfacet
  facet normal 0 1 0
    outer loop
      vertex -2.699999999841602 22.998756729066372 12.750000000439995
      vertex -0.6322125004032466 22.998756729066372 14.693550000216549
      vertex -0.5513671878871955 22.998756729066372 14.567578125334396
    endloop
  endfacet
  facet normal 0 1 0
    outer loop
      vertex -2.699999999841602 22.998756729066372 12.750000000439995
      vertex -0.7080515627199271 22.998756729066372 14.822446875508845
      vertex -0.6322125004032466 22.998756729066372 14.693550000216549
    endloop
  endfacet
  facet normal 0 1 0
    outer loop
      vertex -2.699999999841602 22.998756729066372 12.750000000439995
      vertex -0.7788000000919414 22.998756729066372 14.954100000136716
      vertex -0.7080515627199271 22.998756729066372 14.822446875508845
    endloop
  endfacet
  facet normal 0 1 0
    outer loop
      vertex -8.0250000000352 22.998756729066372 15.262500000369595
      vertex -1.091662500493639 22.998756729066372 15.79245000059797
      vertex -1.053229687984769 22.998756729066372 15.647803125595015
    endloop
  endfacet
  facet normal 0 1 0
    outer loop
      vertex -8.0250000000352 22.998756729066372 15.262500000369595
      vertex -1.1244140624648005 22.998756729066372 15.938671875334396
      vertex -1.091662500493639 22.998756729066372 15.79245000059797
    endloop
  endfacet
  facet normal 0 1 0
    outer loop
      vertex -8.0250000000352 22.998756729066372 15.262500000369595
      vertex -0.8443734377739937 22.998756729066372 15.088340625401557
      vertex -0.7788000000919414 22.998756729066372 14.954100000136716
    endloop
  endfacet
  facet normal 0 1 0
    outer loop
      vertex -8.0250000000352 22.998756729066372 15.262500000369595
      vertex -0.9596578127110568 22.998756729066372 15.363909375127845
      vertex -0.9046875002287974 22.998756729066372 15.225000000228798
    endloop
  endfacet
  facet normal 0 1 0
    outer loop
      vertex -8.0250000000352 22.998756729066372 15.262500000369595
      vertex -0.9046875002287974 22.998756729066372 15.225000000228798
      vertex -0.8443734377739937 22.998756729066372 15.088340625401557
    endloop
  endfacet
  facet normal 0 1 0
    outer loop
      vertex -8.0250000000352 22.998756729066372 15.262500000369595
      vertex -1.0092000004754762 22.998756729066372 15.504900000608108
      vertex -0.9596578127110568 22.998756729066372 15.363909375127845
    endloop
  endfacet
  facet normal 0 1 0
    outer loop
      vertex -8.0250000000352 22.998756729066372 15.262500000369595
      vertex -1.053229687984769 22.998756729066372 15.647803125595015
      vertex -1.0092000004754762 22.998756729066372 15.504900000608108
    endloop
  endfacet
  facet normal 0 1 0
    outer loop
      vertex -8.0250000000352 22.998756729066372 15.262500000369595
      vertex -1.1513999999449478 22.998756729066372 16.0863000003137
      vertex -1.1244140624648005 22.998756729066372 15.938671875334396
    endloop
  endfacet
  facet normal 0 1 0
    outer loop
      vertex -8.0250000000352 22.998756729066372 15.262500000369595
      vertex -1.172535937396795 22.998756729066372 16.235165625253295
      vertex -1.1513999999449478 22.998756729066372 16.0863000003137
    endloop
  endfacet
  facet normal 0 1 0
    outer loop
      vertex -8.0250000000352 22.998756729066372 15.262500000369595
      vertex -1.1877375000750456 22.998756729066372 16.385100000662597
      vertex -1.172535937396795 22.998756729066372 16.235165625253295
    endloop
  endfacet
  facet normal 0 1 0
    outer loop
      vertex -8.0250000000352 22.998756729066372 15.262500000369595
      vertex -1.1969203124424135 22.998756729066372 16.53593437546703
      vertex -1.1877375000750456 22.998756729066372 16.385100000662597
    endloop
  endfacet
  facet normal 0 1 0
    outer loop
      vertex -8.0250000000352 22.998756729066372 15.262500000369595
      vertex -1.2000000005455937 22.998756729066372 16.687500000175998
      vertex -1.1969203124424135 22.998756729066372 16.53593437546703
    endloop
  endfacet
  facet normal 0 1 0
    outer loop
      vertex -8.0250000000352 22.998756729066372 15.262500000369595
      vertex -1.1877843748455443 22.998756729066372 16.98827812518543
      vertex -1.2000000005455937 22.998756729066372 16.687500000175998
    endloop
  endfacet
  facet normal 0 1 0
    outer loop
      vertex -8.0250000000352 22.998756729066372 15.262500000369595
      vertex -1.1517750004849097 22.998756729066372 17.282475000262025
      vertex -1.1877843748455443 22.998756729066372 16.98827812518543
    endloop
  endfacet
  facet normal 0 1 0
    outer loop
      vertex -8.0250000000352 22.998756729066372 15.262500000369595
      vertex -1.0929281248410387 22.998756729066372 17.56913437565246
      vertex -1.1517750004849097 22.998756729066372 17.282475000262025
    endloop
  endfacet
  facet normal 0 1 0
    outer loop
      vertex -8.0250000000352 22.998756729066372 15.262500000369595
      vertex -1.0122000000432252 22.998756729066372 17.84730000001943
      vertex -1.0929281248410387 22.998756729066372 17.56913437565246
    endloop
  endfacet
  facet normal 0 1 0
    outer loop
      vertex -8.0250000000352 22.998756729066372 15.262500000369595
      vertex -0.9105468750527994 22.998756729066372 18.116015625193597
      vertex -1.0122000000432252 22.998756729066372 17.84730000001943
    endloop
  endfacet
  facet normal 0 1 0
    outer loop
      vertex -8.0250000000352 22.998756729066372 15.262500000369595
      vertex -11.599722765386105 22.998756729066372 24
      vertex -0.9105468750527994 22.998756729066372 18.116015625193597
    endloop
  endfacet
  facet normal 0 1 0
    outer loop
      vertex -11.599722765386105 22.998756729066372 24
      vertex -0.7889250004150736 22.998756729066372 18.37432500062965
      vertex -0.9105468750527994 22.998756729066372 18.116015625193597
    endloop
  endfacet
  facet normal 0 1 0
    outer loop
      vertex -11.599722765386105 22.998756729066372 24
      vertex -0.6482906250913781 22.998756729066372 18.621271874990285
      vertex -0.7889250004150736 22.998756729066372 18.37432500062965
    endloop
  endfacet
  facet normal 0 1 0
    outer loop
      vertex -11.599722765386105 22.998756729066372 24
      vertex -0.48960000041901597 22.998756729066372 18.85590000010616
      vertex -0.6482906250913781 22.998756729066372 18.621271874990285
    endloop
  endfacet
  facet normal 0 1 0
    outer loop
      vertex -11.599722765386105 22.998756729066372 24
      vertex -0.31380937535931747 22.998756729066372 19.07725312543197
      vertex -0.48960000041901597 22.998756729066372 18.85590000010616
    endloop
  endfacet
  facet normal 0 1 0
    outer loop
      vertex -11.599722765386105 22.998756729066372 24
      vertex -0.12187500045759472 22.998756729066372 19.284375000422393
      vertex -0.31380937535931747 22.998756729066372 19.07725312543197
    endloop
  endfacet
  facet normal 0 1 0
    outer loop
      vertex -11.599722765386105 22.998756729066372 24
      vertex 0.085246874532831 22.998756729066372 19.476309375324117
      vertex -0.12187500045759472 22.998756729066372 19.284375000422393
    endloop
  endfacet
  facet normal 0 0 1
    outer loop
      vertex -13 21 24
      vertex 13 21 24
      vertex -13.145148411393166 22.64602340757847 24
    endloop
  endfacet
  facet normal 0 0 1
    outer loop
      vertex -13.145148411393166 22.64602340757847 24
      vertex 13 21 24
      vertex -12.773946598172188 22.791709385812283 24
    endloop
  endfacet
  facet normal 0 0 1
    outer loop
      vertex -12.773946598172188 22.791709385812283 24
      vertex 13 21 24
      vertex -12.390083737671375 22.89971164613962 24
    endloop
  endfacet
  facet normal 0 1 0
    outer loop
      vertex -11.599722765386105 22.998756729066372 24
      vertex 0.30659999985863845 22.998756729066372 19.652100000383818
      vertex 0.085246874532831 22.998756729066372 19.476309375324117
    endloop
  endfacet
  facet normal 0 1 0
    outer loop
      vertex -11.599722765386105 22.998756729066372 24
      vertex 0.5412281249745156 22.998756729066372 19.81079062505618
      vertex 0.30659999985863845 22.998756729066372 19.652100000383818
    endloop
  endfacet
  facet normal 0 1 0
    outer loop
      vertex -11.599722765386105 22.998756729066372 24
      vertex 0.7881750001271409 22.998756729066372 19.951425000379874
      vertex 0.5412281249745156 22.998756729066372 19.81079062505618
    endloop
  endfacet
  facet normal 0 1 0
    outer loop
      vertex -11.599722765386105 22.998756729066372 24
      vertex 1.0464843747712027 22.998756729066372 20.0730468750176
      vertex 0.7881750001271409 22.998756729066372 19.951425000379874
    endloop
  endfacet
  facet normal 0 1 0
    outer loop
      vertex -11.599722765386105 22.998756729066372 24
      vertex 1.3151999999453703 22.998756729066372 20.174700000008023
      vertex 1.0464843747712027 22.998756729066372 20.0730468750176
    endloop
  endfacet
  facet normal 0 1 0
    outer loop
      vertex -11.599722765386105 22.998756729066372 24
      vertex 1.5933656251043318 22.998756729066372 20.25542812559783
      vertex 1.3151999999453703 22.998756729066372 20.174700000008023
    endloop
  endfacet
  facet normal 0 1 0
    outer loop
      vertex -11.599722765386105 22.998756729066372 24
      vertex 1.8800249997027747 22.998756729066372 20.31427500044971
      vertex 1.5933656251043318 22.998756729066372 20.25542812559783
    endloop
  endfacet
  facet normal 0 1 0
    outer loop
      vertex -11.599722765386105 22.998756729066372 24
      vertex 2.174221874779369 22.998756729066372 20.350284375602335
      vertex 1.8800249997027747 22.998756729066372 20.31427500044971
    endloop
  endfacet
  facet normal 0 1 0
    outer loop
      vertex -11.599722765386105 22.998756729066372 24
      vertex 2.4749999997888024 22.998756729066372 20.362500000510394
      vertex 2.174221874779369 22.998756729066372 20.350284375602335
    endloop
  endfacet
  facet normal 0 0 1
    outer loop
      vertex -12.390083737671375 22.89971164613962 24
      vertex 13 21 24
      vertex -11.997374817728996 22.96895682811737 24
    endloop
  endfacet
  facet normal 0 0 1
    outer loop
      vertex -11.997374817728996 22.96895682811737 24
      vertex 13 21 24
      vertex -11.599722765386105 22.998756729066372 24
    endloop
  endfacet
  facet normal 0 -1 0
    outer loop
      vertex -3.7000000029802322 -22.998756729066372 11.900000001490117
      vertex 11.400277234613895 -22.998756729066372 0
      vertex 3.7000000029802322 -22.998756729066372 11.900000001490117
    endloop
  endfacet
  facet normal 0 -1 0
    outer loop
      vertex 3.7000000029802322 -22.998756729066372 11.900000001490117
      vertex 11.400277234613895 -22.998756729066372 0
      vertex 4.09720815718174 -22.998756729066372 11.920816797018052
    endloop
  endfacet
  facet normal 0 -1 0
    outer loop
      vertex 4.09720815718174 -22.998756729066372 11.920816797018052
      vertex 11.400277234613895 -22.998756729066372 0
      vertex 4.490064427256584 -22.998756729066372 11.983039113879205
    endloop
  endfacet
  facet normal 0 -1 0
    outer loop
      vertex 4.490064427256584 -22.998756729066372 11.983039113879205
      vertex 11.400277234613895 -22.998756729066372 0
      vertex 4.874264575541019 -22.998756729066372 12.085985238850117
    endloop
  endfacet
  facet normal 0 -1 0
    outer loop
      vertex 11.400277234613895 -22.998756729066372 0
      vertex 5.245599240064621 -22.998756729066372 12.228527258336545
      vertex 4.874264575541019 -22.998756729066372 12.085985238850117
    endloop
  endfacet
  facet normal 0 -1 0
    outer loop
      vertex 11.400277234613895 -22.998756729066372 0
      vertex 5.600000001490116 -22.998756729066372 12.409103463590146
      vertex 5.245599240064621 -22.998756729066372 12.228527258336545
    endloop
  endfacet
  facet normal 0 -1 0
    outer loop
      vertex 11.400277234613895 -22.998756729066372 0
      vertex 5.933583959937096 -22.998756729066372 12.625735419988633
      vertex 5.600000001490116 -22.998756729066372 12.409103463590146
    endloop
  endfacet
  facet normal 0 0 -1
    outer loop
      vertex -11.599722765386105 22.998756729066372 0
      vertex 9.4 -17 0
      vertex 11.400277234613895 -22.998756729066372 0
    endloop
  endfacet
  facet normal 0 0 -1
    outer loop
      vertex -11.599722765386105 22.998756729066372 0
      vertex 9.4 -11 0
      vertex 9.4 -17 0
    endloop
  endfacet
  facet normal 0 0 -1
    outer loop
      vertex 11.400277234613895 -22.998756729066372 0
      vertex 11.600000000000001 -17 0
      vertex 11.79892037063837 -22.988815188407898 0
    endloop
  endfacet
  facet normal 0 0 -1
    outer loop
      vertex 11.400277234613895 -22.998756729066372 0
      vertex 9.4 -17 0
      vertex 11.600000000000001 -17 0
    endloop
  endfacet
  facet normal 0 0 -1
    outer loop
      vertex 11.600000000000001 -17 0
      vertex 11.600000000000001 -11 0
      vertex 11.79892037063837 -22.988815188407898 0
    endloop
  endfacet
  facet normal 0 -1 0
    outer loop
      vertex 11.400277234613895 -22.998756729066372 0
      vertex 6.2426963075995445 -22.998756729066372 12.87604966312647
      vertex 5.933583959937096 -22.998756729066372 12.625735419988633
    endloop
  endfacet
  facet normal 0 -1 0
    outer loop
      vertex 11.400277234613895 -22.998756729066372 0
      vertex 6.5239503383636475 -22.998756729066372 13.157303693890572
      vertex 6.2426963075995445 -22.998756729066372 12.87604966312647
    endloop
  endfacet
  facet normal 0 -1 0
    outer loop
      vertex 11.400277234613895 -22.998756729066372 0
      vertex 6.774264581501484 -22.998756729066372 13.466416041553021
      vertex 6.5239503383636475 -22.998756729066372 13.157303693890572
    endloop
  endfacet
  facet normal 0.024930695526006467 -0.9996891819063511 0
    outer loop
      vertex 11.400277234613895 -22.998756729066372 0
      vertex 11.79892037063837 -22.988815188407898 0
      vertex 11.400277234613895 -22.998756729066372 24
    endloop
  endfacet
  facet normal 0 -1 0
    outer loop
      vertex 11.400277234613895 -22.998756729066372 0
      vertex 6.990896537899971 -22.998756729066372 13.8
      vertex 6.774264581501484 -22.998756729066372 13.466416041553021
    endloop
  endfacet
  facet normal 0 -1 0
    outer loop
      vertex 11.400277234613895 -22.998756729066372 0
      vertex 7.1714727357029915 -22.998756729066372 14.154400753974915
      vertex 6.990896537899971 -22.998756729066372 13.8
    endloop
  endfacet
  facet normal 0 -1 0
    outer loop
      vertex 11.400277234613895 -22.998756729066372 0
      vertex 7.314014762639999 -22.998756729066372 14.525735418498517
      vertex 7.1714727357029915 -22.998756729066372 14.154400753974915
    endloop
  endfacet
  facet normal 0.1243436924735491 -0.992239208125764 0
    outer loop
      vertex 11.79892037063837 -22.988815188407898 0
      vertex 12.194592714309692 -22.939231015741825 0
      vertex 11.79892037063837 -22.988815188407898 24
    endloop
  endfacet
  facet normal 0.22252095193184765 -0.9749279080790253 0
    outer loop
      vertex 12.194592714309692 -22.939231015741825 0
      vertex 12.583361871540546 -22.850496985018253 0
      vertex 12.194592714309692 -22.939231015741825 24
    endloop
  endfacet
  facet normal 0.31848664945097876 -0.9479273464361545 0
    outer loop
      vertex 12.583361871540546 -22.850496985018253 0
      vertex 12.961364097893238 -22.723494991660118 0
      vertex 12.583361871540546 -22.850496985018253 24
    endloop
  endfacet
  facet normal 0.411287088360422 -0.9115058589762363 0
    outer loop
      vertex 12.961364097893238 -22.723494991660118 0
      vertex 13.324842631816864 -22.559487238526344 0
      vertex 12.961364097893238 -22.723494991660118 24
    endloop
  endfacet
  facet normal 0.5000000192191726 -0.866025392688244 0
    outer loop
      vertex 13.324842631816864 -22.559487238526344 0
      vertex 13.670185051858425 -22.36010368913412 0
      vertex 13.324842631816864 -22.559487238526344 24
    endloop
  endfacet
  facet normal 0.5837436584827608 -0.8119380156028919 0
    outer loop
      vertex 13.670185051858425 -22.36010368913412 0
      vertex 13.993959210813046 -22.12732592970133 0
      vertex 13.670185051858425 -22.36010368913412 24
    endloop
  endfacet
  facet normal 0.6616858469486819 -0.7497811947147016 0
    outer loop
      vertex 13.993959210813046 -22.12732592970133 0
      vertex 14.292947269976139 -21.863467395305634 0
      vertex 13.993959210813046 -22.12732592970133 24
    endloop
  endfacet
  facet normal 0.7330518671150557 -0.6801727428522337 0
    outer loop
      vertex 14.292947269976139 -21.863467395305634 0
      vertex 14.56417777389288 -21.571150436997414 0
      vertex 14.292947269976139 -21.863467395305634 24
    endloop
  endfacet
  facet normal 0.7971325121866317 -0.6038044037724711 0
    outer loop
      vertex 14.56417777389288 -21.571150436997414 0
      vertex 14.80495509505272 -21.253280229866505 0
      vertex 14.56417777389288 -21.571150436997414 24
    endloop
  endfacet
  facet normal 0.8532908761377529 -0.5214352123706896 0
    outer loop
      vertex 14.80495509505272 -21.253280229866505 0
      vertex 15.012886293232441 -20.91301591694355 0
      vertex 14.80495509505272 -21.253280229866505 24
    endloop
  endfacet
  facet normal 0.9009688718240638 -0.43388373097417887 0
    outer loop
      vertex 15.012886293232441 -20.91301591694355 0
      vertex 15.18590484559536 -20.553739182651043 0
      vertex 15.012886293232441 -20.91301591694355 24
    endloop
  endfacet
  facet normal 0.9396926175566495 -0.34202015219798426 0
    outer loop
      vertex 15.18590484559536 -20.553739182651043 0
      vertex 15.322291225194931 -20.179020695388317 0
      vertex 15.18590484559536 -20.553739182651043 24
    endloop
  endfacet
  facet normal 0.9690772887625725 -0.2467573877406342 0
    outer loop
      vertex 15.322291225194931 -20.179020695388317 0
      vertex 15.420689947903156 -19.79258457571268 0
      vertex 15.322291225194931 -20.179020695388317 24
    endloop
  endfacet
  facet normal 0.9888308244897689 -0.14904227768953318 0
    outer loop
      vertex 15.420689947903156 -19.79258457571268 0
      vertex 15.480123102664948 -19.39827138930559 0
      vertex 15.420689947903156 -19.79258457571268 24
    endloop
  endfacet
  facet normal 0.9987569213873613 -0.0498458822857024 0
    outer loop
      vertex 15.480123102664948 -19.39827138930559 0
      vertex 15.5 -19 0
      vertex 15.480123102664948 -19.39827138930559 24
    endloop
  endfacet
  facet normal 0 0 -1
    outer loop
      vertex 9.4 -11 0
      vertex 11.600000000000001 11 0
      vertex 11.600000000000001 -11 0
    endloop
  endfacet
  facet normal 0 0 -1
    outer loop
      vertex 11.79892037063837 -22.988815188407898 0
      vertex 11.600000000000001 -11 0
      vertex 11.600000000000001 11 0
    endloop
  endfacet
  facet normal 0 0 -1
    outer loop
      vertex 11.79892037063837 -22.988815188407898 0
      vertex 11.79892037063837 22.988815188407898 0
      vertex 12.194592714309692 -22.939231015741825 0
    endloop
  endfacet
  facet normal 0 0 -1
    outer loop
      vertex 12.194592714309692 -22.939231015741825 0
      vertex 12.194592714309692 22.939231015741825 0
      vertex 12.583361871540546 -22.850496985018253 0
    endloop
  endfacet
  facet normal 0 0 -1
    outer loop
      vertex 12.583361871540546 -22.850496985018253 0
      vertex 12.583361871540546 22.850496985018253 0
      vertex 12.961364097893238 -22.723494991660118 0
    endloop
  endfacet
  facet normal 0 0 -1
    outer loop
      vertex 12.961364097893238 -22.723494991660118 0
      vertex 12.961364097893238 22.723494991660118 0
      vertex 13.324842631816864 -22.559487238526344 0
    endloop
  endfacet
  facet normal 0 0 -1
    outer loop
      vertex 13.324842631816864 -22.559487238526344 0
      vertex 13.324842631816864 22.559487238526344 0
      vertex 13.670185051858425 -22.36010368913412 0
    endloop
  endfacet
  facet normal 0 0 -1
    outer loop
      vertex 13.670185051858425 -22.36010368913412 0
      vertex 13.670185051858425 22.36010368913412 0
      vertex 13.993959210813046 -22.12732592970133 0
    endloop
  endfacet
  facet normal 0 0 -1
    outer loop
      vertex 13.993959210813046 -22.12732592970133 0
      vertex 13.993959210813046 22.12732592970133 0
      vertex 14.292947269976139 -21.863467395305634 0
    endloop
  endfacet
  facet normal 0 0 -1
    outer loop
      vertex 14.292947269976139 -21.863467395305634 0
      vertex 14.292947269976139 21.863467395305634 0
      vertex 14.56417777389288 -21.571150436997414 0
    endloop
  endfacet
  facet normal 0 0 -1
    outer loop
      vertex 14.56417777389288 -21.571150436997414 0
      vertex 14.56417777389288 21.571150436997414 0
      vertex 14.80495509505272 -21.253280229866505 0
    endloop
  endfacet
  facet normal 0 0 -1
    outer loop
      vertex 14.80495509505272 -21.253280229866505 0
      vertex 14.80495509505272 21.253280229866505 0
      vertex 15.012886293232441 -20.91301591694355 0
    endloop
  endfacet
  facet normal 0 0 -1
    outer loop
      vertex 15.012886293232441 -20.91301591694355 0
      vertex 15.012886293232441 20.91301591694355 0
      vertex 15.18590484559536 -20.553739182651043 0
    endloop
  endfacet
  facet normal 0 0 -1
    outer loop
      vertex 15.18590484559536 -20.553739182651043 0
      vertex 15.18590484559536 20.553739182651043 0
      vertex 15.322291225194931 -20.179020695388317 0
    endloop
  endfacet
  facet normal 0 0 -1
    outer loop
      vertex 15.322291225194931 -20.179020695388317 0
      vertex 15.322291225194931 20.179020695388317 0
      vertex 15.420689947903156 -19.79258457571268 0
    endloop
  endfacet
  facet normal 0 0 -1
    outer loop
      vertex 15.420689947903156 -19.79258457571268 0
      vertex 15.420689947903156 19.79258457571268 0
      vertex 15.480123102664948 -19.39827138930559 0
    endloop
  endfacet
  facet normal 0 0 -1
    outer loop
      vertex 15.480123102664948 -19.39827138930559 0
      vertex 15.480123102664948 19.39827138930559 0
      vertex 15.5 -19 0
    endloop
  endfacet
  facet normal 1 0 0
    outer loop
      vertex 15.5 -19 0
      vertex 15.5 19 0
      vertex 15.5 -19 24
    endloop
  endfacet
  facet normal 0 -1 0
    outer loop
      vertex -11.599722765386105 -22.998756729066372 24
      vertex 3.7000000029802322 -22.998756729066372 22.699999998509885
      vertex 11.400277234613895 -22.998756729066372 24
    endloop
  endfacet
  facet normal 0 0 1
    outer loop
      vertex -13 -21 24
      vertex 11.400277234613895 -22.998756729066372 24
      vertex 11.79892037063837 -22.988815188407898 24
    endloop
  endfacet
  facet normal 0 0 1
    outer loop
      vertex -13 -21 24
      vertex 11.79892037063837 -22.988815188407898 24
      vertex 12.194592714309692 -22.939231015741825 24
    endloop
  endfacet
  facet normal 0 0 1
    outer loop
      vertex -13 -21 24
      vertex 12.194592714309692 -22.939231015741825 24
      vertex 12.583361871540546 -22.850496985018253 24
    endloop
  endfacet
  facet normal 0 0 1
    outer loop
      vertex -13 -21 24
      vertex 12.583361871540546 -22.850496985018253 24
      vertex 12.961364097893238 -22.723494991660118 24
    endloop
  endfacet
  facet normal 0 0 1
    outer loop
      vertex -13 -21 24
      vertex 12.961364097893238 -22.723494991660118 24
      vertex 13 -21 24
    endloop
  endfacet
  facet normal 0 -1 0
    outer loop
      vertex 3.7000000029802322 -22.998756729066372 22.699999998509885
      vertex 4.09720815718174 -22.998756729066372 22.67918320298195
      vertex 11.400277234613895 -22.998756729066372 24
    endloop
  endfacet
  facet normal 0 -1 0
    outer loop
      vertex 4.09720815718174 -22.998756729066372 22.67918320298195
      vertex 4.490064427256584 -22.998756729066372 22.616960886120797
      vertex 11.400277234613895 -22.998756729066372 24
    endloop
  endfacet
  facet normal 0 -1 0
    outer loop
      vertex 4.490064427256584 -22.998756729066372 22.616960886120797
      vertex 4.874264575541019 -22.998756729066372 22.514014761149884
      vertex 11.400277234613895 -22.998756729066372 24
    endloop
  endfacet
  facet normal 0 -1 0
    outer loop
      vertex 5.245599240064621 -22.998756729066372 22.371472741663457
      vertex 11.400277234613895 -22.998756729066372 24
      vertex 4.874264575541019 -22.998756729066372 22.514014761149884
    endloop
  endfacet
  facet normal 0 -1 0
    outer loop
      vertex 5.245599240064621 -22.998756729066372 22.371472741663457
      vertex 5.600000001490116 -22.998756729066372 22.190896536409856
      vertex 11.400277234613895 -22.998756729066372 24
    endloop
  endfacet
  facet normal 0 -1 0
    outer loop
      vertex 5.600000001490116 -22.998756729066372 22.190896536409856
      vertex 5.933583959937096 -22.998756729066372 21.97426458001137
      vertex 11.400277234613895 -22.998756729066372 24
    endloop
  endfacet
  facet normal 0 -1 0
    outer loop
      vertex 11.400277234613895 -22.998756729066372 0
      vertex 11.400277234613895 -22.998756729066372 24
      vertex 7.314014762639999 -22.998756729066372 14.525735418498517
    endloop
  endfacet
  facet normal 0 -1 0
    outer loop
      vertex 7.314014762639999 -22.998756729066372 14.525735418498517
      vertex 11.400277234613895 -22.998756729066372 24
      vertex 7.416960880160332 -22.998756729066372 14.909935574233533
    endloop
  endfacet
  facet normal 0.024930695526006467 -0.9996891819063511 0
    outer loop
      vertex 11.79892037063837 -22.988815188407898 0
      vertex 11.79892037063837 -22.988815188407898 24
      vertex 11.400277234613895 -22.998756729066372 24
    endloop
  endfacet
  facet normal 0.1243436924735491 -0.992239208125764 0
    outer loop
      vertex 12.194592714309692 -22.939231015741825 0
      vertex 12.194592714309692 -22.939231015741825 24
      vertex 11.79892037063837 -22.988815188407898 24
    endloop
  endfacet
  facet normal 0.22252095193184765 -0.9749279080790253 0
    outer loop
      vertex 12.583361871540546 -22.850496985018253 0
      vertex 12.583361871540546 -22.850496985018253 24
      vertex 12.194592714309692 -22.939231015741825 24
    endloop
  endfacet
  facet normal 0.31848664945097876 -0.9479273464361545 0
    outer loop
      vertex 12.961364097893238 -22.723494991660118 0
      vertex 12.961364097893238 -22.723494991660118 24
      vertex 12.583361871540546 -22.850496985018253 24
    endloop
  endfacet
  facet normal 0.411287088360422 -0.9115058589762363 0
    outer loop
      vertex 13.324842631816864 -22.559487238526344 0
      vertex 13.324842631816864 -22.559487238526344 24
      vertex 12.961364097893238 -22.723494991660118 24
    endloop
  endfacet
  facet normal 0.5000000192191726 -0.866025392688244 0
    outer loop
      vertex 13.670185051858425 -22.36010368913412 0
      vertex 13.670185051858425 -22.36010368913412 24
      vertex 13.324842631816864 -22.559487238526344 24
    endloop
  endfacet
  facet normal 0.5837436584827608 -0.8119380156028919 0
    outer loop
      vertex 13.993959210813046 -22.12732592970133 0
      vertex 13.993959210813046 -22.12732592970133 24
      vertex 13.670185051858425 -22.36010368913412 24
    endloop
  endfacet
  facet normal 0.6616858469486819 -0.7497811947147016 0
    outer loop
      vertex 14.292947269976139 -21.863467395305634 0
      vertex 14.292947269976139 -21.863467395305634 24
      vertex 13.993959210813046 -22.12732592970133 24
    endloop
  endfacet
  facet normal 0.7330518671150557 -0.6801727428522337 0
    outer loop
      vertex 14.56417777389288 -21.571150436997414 0
      vertex 14.56417777389288 -21.571150436997414 24
      vertex 14.292947269976139 -21.863467395305634 24
    endloop
  endfacet
  facet normal 0.7971325121866317 -0.6038044037724711 0
    outer loop
      vertex 14.80495509505272 -21.253280229866505 0
      vertex 14.80495509505272 -21.253280229866505 24
      vertex 14.56417777389288 -21.571150436997414 24
    endloop
  endfacet
  facet normal 0.8532908761377529 -0.5214352123706896 0
    outer loop
      vertex 15.012886293232441 -20.91301591694355 0
      vertex 15.012886293232441 -20.91301591694355 24
      vertex 14.80495509505272 -21.253280229866505 24
    endloop
  endfacet
  facet normal 0.9009688718240638 -0.43388373097417887 0
    outer loop
      vertex 15.18590484559536 -20.553739182651043 0
      vertex 15.18590484559536 -20.553739182651043 24
      vertex 15.012886293232441 -20.91301591694355 24
    endloop
  endfacet
  facet normal 0.9396926175566495 -0.34202015219798426 0
    outer loop
      vertex 15.322291225194931 -20.179020695388317 0
      vertex 15.322291225194931 -20.179020695388317 24
      vertex 15.18590484559536 -20.553739182651043 24
    endloop
  endfacet
  facet normal 0.9690772887625725 -0.2467573877406342 0
    outer loop
      vertex 15.420689947903156 -19.79258457571268 0
      vertex 15.420689947903156 -19.79258457571268 24
      vertex 15.322291225194931 -20.179020695388317 24
    endloop
  endfacet
  facet normal 0.9888308244897689 -0.14904227768953318 0
    outer loop
      vertex 15.480123102664948 -19.39827138930559 0
      vertex 15.480123102664948 -19.39827138930559 24
      vertex 15.420689947903156 -19.79258457571268 24
    endloop
  endfacet
  facet normal 0.9987569213873613 -0.0498458822857024 0
    outer loop
      vertex 15.5 -19 0
      vertex 15.5 -19 24
      vertex 15.480123102664948 -19.39827138930559 24
    endloop
  endfacet
  facet normal 0 -1 0
    outer loop
      vertex 7.416960880160332 -22.998756729066372 14.909935574233533
      vertex 11.400277234613895 -22.998756729066372 24
      vertex 7.479183204472065 -22.998756729066372 15.302791836857796
    endloop
  endfacet
  facet normal 0 -1 0
    outer loop
      vertex 7.479183204472065 -22.998756729066372 15.302791836857796
      vertex 11.400277234613895 -22.998756729066372 24
      vertex 7.5 -22.998756729066372 15.699999998509885
    endloop
  endfacet
  facet normal 0 -1 0
    outer loop
      vertex 7.5 -22.998756729066372 15.699999998509885
      vertex 11.400277234613895 -22.998756729066372 24
      vertex 7.5 -22.998756729066372 18.900000001490117
    endloop
  endfacet
  facet normal 0 -1 0
    outer loop
      vertex 7.5 -22.998756729066372 18.900000001490117
      vertex 11.400277234613895 -22.998756729066372 24
      vertex 7.479183204472065 -22.998756729066372 19.297208163142205
    endloop
  endfacet
  facet normal 0 -1 0
    outer loop
      vertex 7.479183204472065 -22.998756729066372 19.297208163142205
      vertex 11.400277234613895 -22.998756729066372 24
      vertex 7.416960880160332 -22.998756729066372 19.69006442576647
    endloop
  endfacet
  facet normal 0 -1 0
    outer loop
      vertex 7.416960880160332 -22.998756729066372 19.69006442576647
      vertex 11.400277234613895 -22.998756729066372 24
      vertex 7.314014762639999 -22.998756729066372 20.074264581501485
    endloop
  endfacet
  facet normal 0 -1 0
    outer loop
      vertex 7.314014762639999 -22.998756729066372 20.074264581501485
      vertex 11.400277234613895 -22.998756729066372 24
      vertex 7.1714727357029915 -22.998756729066372 20.445599246025086
    endloop
  endfacet
  facet normal 0 -1 0
    outer loop
      vertex 7.1714727357029915 -22.998756729066372 20.445599246025086
      vertex 11.400277234613895 -22.998756729066372 24
      vertex 6.990896537899971 -22.998756729066372 20.8
    endloop
  endfacet
  facet normal 0 -1 0
    outer loop
      vertex 6.774264581501484 -22.998756729066372 21.13358395844698
      vertex 11.400277234613895 -22.998756729066372 24
      vertex 6.5239503383636475 -22.998756729066372 21.44269630610943
    endloop
  endfacet
  facet normal 0 -1 0
    outer loop
      vertex 6.2426963075995445 -22.998756729066372 21.723950336873532
      vertex 6.5239503383636475 -22.998756729066372 21.44269630610943
      vertex 11.400277234613895 -22.998756729066372 24
    endloop
  endfacet
  facet normal 0 -1 0
    outer loop
      vertex 6.990896537899971 -22.998756729066372 20.8
      vertex 11.400277234613895 -22.998756729066372 24
      vertex 6.774264581501484 -22.998756729066372 21.13358395844698
    endloop
  endfacet
  facet normal 0 -1 0
    outer loop
      vertex 6.2426963075995445 -22.998756729066372 21.723950336873532
      vertex 11.400277234613895 -22.998756729066372 24
      vertex 5.933583959937096 -22.998756729066372 21.97426458001137
    endloop
  endfacet
  facet normal 0 0 1
    outer loop
      vertex 12.961364097893238 -22.723494991660118 24
      vertex 13.324842631816864 -22.559487238526344 24
      vertex 13 -21 24
    endloop
  endfacet
  facet normal 0 0 1
    outer loop
      vertex 13.324842631816864 -22.559487238526344 24
      vertex 13.670185051858425 -22.36010368913412 24
      vertex 13 -21 24
    endloop
  endfacet
  facet normal 0 0 1
    outer loop
      vertex 13 -21 24
      vertex 13.670185051858425 -22.36010368913412 24
      vertex 13.353553391993046 -20.853553391993046 24
    endloop
  endfacet
  facet normal 0 0 1
    outer loop
      vertex 13.353553391993046 -20.853553391993046 24
      vertex 13.670185051858425 -22.36010368913412 24
      vertex 13.5 -20.5 24
    endloop
  endfacet
  facet normal 0 0 1
    outer loop
      vertex 13.670185051858425 -22.36010368913412 24
      vertex 13.993959210813046 -22.12732592970133 24
      vertex 13.670185051858425 22.36010368913412 24
    endloop
  endfacet
  facet normal 0 0 1
    outer loop
      vertex 13.993959210813046 -22.12732592970133 24
      vertex 14.292947269976139 -21.863467395305634 24
      vertex 13.993959210813046 22.12732592970133 24
    endloop
  endfacet
  facet normal 0 0 1
    outer loop
      vertex 14.292947269976139 -21.863467395305634 24
      vertex 14.56417777389288 -21.571150436997414 24
      vertex 14.292947269976139 21.863467395305634 24
    endloop
  endfacet
  facet normal 0 0 1
    outer loop
      vertex 13.5 -20.5 24
      vertex 13.670185051858425 -22.36010368913412 24
      vertex 13.670185051858425 22.36010368913412 24
    endloop
  endfacet
  facet normal 0 0 1
    outer loop
      vertex 14.56417777389288 -21.571150436997414 24
      vertex 14.80495509505272 -21.253280229866505 24
      vertex 14.56417777389288 21.571150436997414 24
    endloop
  endfacet
  facet normal 0 0 1
    outer loop
      vertex 14.80495509505272 -21.253280229866505 24
      vertex 15.012886293232441 -20.91301591694355 24
      vertex 14.80495509505272 21.253280229866505 24
    endloop
  endfacet
  facet normal 0 0 1
    outer loop
      vertex 15.012886293232441 -20.91301591694355 24
      vertex 15.18590484559536 -20.553739182651043 24
      vertex 15.012886293232441 20.91301591694355 24
    endloop
  endfacet
  facet normal 0 0 1
    outer loop
      vertex 15.18590484559536 -20.553739182651043 24
      vertex 15.322291225194931 -20.179020695388317 24
      vertex 15.18590484559536 20.553739182651043 24
    endloop
  endfacet
  facet normal 0 0 1
    outer loop
      vertex 15.322291225194931 -20.179020695388317 24
      vertex 15.420689947903156 -19.79258457571268 24
      vertex 15.322291225194931 20.179020695388317 24
    endloop
  endfacet
  facet normal 0 0 1
    outer loop
      vertex 15.420689947903156 -19.79258457571268 24
      vertex 15.480123102664948 -19.39827138930559 24
      vertex 15.420689947903156 19.79258457571268 24
    endloop
  endfacet
  facet normal 0 0 1
    outer loop
      vertex 15.480123102664948 -19.39827138930559 24
      vertex 15.5 -19 24
      vertex 15.480123102664948 19.39827138930559 24
    endloop
  endfacet
  facet normal 0 0 -1
    outer loop
      vertex -11.599722765386105 22.998756729066372 0
      vertex 9.4 11 0
      vertex 9.4 -11 0
    endloop
  endfacet
  facet normal 0 0 -1
    outer loop
      vertex -11.599722765386105 22.998756729066372 0
      vertex 9.4 17 0
      vertex 9.4 11 0
    endloop
  endfacet
  facet normal 0 1 0
    outer loop
      vertex -11.599722765386105 22.998756729066372 0
      vertex 0.37499999982400206 22.998756729066372 6.187500000351996
      vertex 11.400277234613895 22.998756729066372 0
    endloop
  endfacet
  facet normal 0 0 -1
    outer loop
      vertex -11.599722765386105 22.998756729066372 0
      vertex 11.400277234613895 22.998756729066372 0
      vertex 9.4 17 0
    endloop
  endfacet
  facet normal 0 1 0
    outer loop
      vertex 0.37499999982400206 22.998756729066372 6.187500000351996
      vertex 8.0250000000352 22.998756729066372 7.950000000633593
      vertex 11.400277234613895 22.998756729066372 0
    endloop
  endfacet
  facet normal 0 1 0
    outer loop
      vertex 0.37499999982400206 22.998756729066372 6.187500000351996
      vertex 5.587499999595205 22.998756729066372 11.737500000598393
      vertex 8.0250000000352 22.998756729066372 7.950000000633593
    endloop
  endfacet
  facet normal 0 0 -1
    outer loop
      vertex 9.4 -11 0
      vertex 9.4 11 0
      vertex 11.600000000000001 11 0
    endloop
  endfacet
  facet normal 0 0 -1
    outer loop
      vertex 11.79892037063837 -22.988815188407898 0
      vertex 11.600000000000001 11 0
      vertex 11.600000000000001 17 0
    endloop
  endfacet
  facet normal 0 0 -1
    outer loop
      vertex 11.79892037063837 -22.988815188407898 0
      vertex 11.600000000000001 17 0
      vertex 11.79892037063837 22.988815188407898 0
    endloop
  endfacet
  facet normal 0 0 -1
    outer loop
      vertex 12.194592714309692 -22.939231015741825 0
      vertex 11.79892037063837 22.988815188407898 0
      vertex 12.194592714309692 22.939231015741825 0
    endloop
  endfacet
  facet normal 0 0 -1
    outer loop
      vertex 12.583361871540546 -22.850496985018253 0
      vertex 12.194592714309692 22.939231015741825 0
      vertex 12.583361871540546 22.850496985018253 0
    endloop
  endfacet
  facet normal 0 0 -1
    outer loop
      vertex 12.961364097893238 -22.723494991660118 0
      vertex 12.583361871540546 22.850496985018253 0
      vertex 12.961364097893238 22.723494991660118 0
    endloop
  endfacet
  facet normal 0 0 -1
    outer loop
      vertex 13.324842631816864 -22.559487238526344 0
      vertex 12.961364097893238 22.723494991660118 0
      vertex 13.324842631816864 22.559487238526344 0
    endloop
  endfacet
  facet normal 0 0 -1
    outer loop
      vertex 13.670185051858425 -22.36010368913412 0
      vertex 13.324842631816864 22.559487238526344 0
      vertex 13.670185051858425 22.36010368913412 0
    endloop
  endfacet
  facet normal 0 0 -1
    outer loop
      vertex 13.993959210813046 -22.12732592970133 0
      vertex 13.670185051858425 22.36010368913412 0
      vertex 13.993959210813046 22.12732592970133 0
    endloop
  endfacet
  facet normal 0 0 -1
    outer loop
      vertex 14.292947269976139 -21.863467395305634 0
      vertex 13.993959210813046 22.12732592970133 0
      vertex 14.292947269976139 21.863467395305634 0
    endloop
  endfacet
  facet normal 0 0 -1
    outer loop
      vertex 14.56417777389288 -21.571150436997414 0
      vertex 14.292947269976139 21.863467395305634 0
      vertex 14.56417777389288 21.571150436997414 0
    endloop
  endfacet
  facet normal 0 0 -1
    outer loop
      vertex 15.012886293232441 -20.91301591694355 0
      vertex 14.80495509505272 21.253280229866505 0
      vertex 15.012886293232441 20.91301591694355 0
    endloop
  endfacet
  facet normal 0 0 -1
    outer loop
      vertex 15.5 -19 0
      vertex 15.480123102664948 19.39827138930559 0
      vertex 15.5 19 0
    endloop
  endfacet
  facet normal 0 0 -1
    outer loop
      vertex 15.18590484559536 -20.553739182651043 0
      vertex 15.012886293232441 20.91301591694355 0
      vertex 15.18590484559536 20.553739182651043 0
    endloop
  endfacet
  facet normal 0 0 -1
    outer loop
      vertex 15.480123102664948 -19.39827138930559 0
      vertex 15.420689947903156 19.79258457571268 0
      vertex 15.480123102664948 19.39827138930559 0
    endloop
  endfacet
  facet normal 0 0 -1
    outer loop
      vertex 15.420689947903156 -19.79258457571268 0
      vertex 15.322291225194931 20.179020695388317 0
      vertex 15.420689947903156 19.79258457571268 0
    endloop
  endfacet
  facet normal 0 0 -1
    outer loop
      vertex 15.322291225194931 -20.179020695388317 0
      vertex 15.18590484559536 20.553739182651043 0
      vertex 15.322291225194931 20.179020695388317 0
    endloop
  endfacet
  facet normal 0 0 -1
    outer loop
      vertex 14.80495509505272 -21.253280229866505 0
      vertex 14.56417777389288 21.571150436997414 0
      vertex 14.80495509505272 21.253280229866505 0
    endloop
  endfacet
  facet normal 0 0 -1
    outer loop
      vertex 9.4 17 0
      vertex 11.79892037063837 22.988815188407898 0
      vertex 11.600000000000001 17 0
    endloop
  endfacet
  facet normal 0 0 -1
    outer loop
      vertex 9.4 17 0
      vertex 11.400277234613895 22.998756729066372 0
      vertex 11.79892037063837 22.988815188407898 0
    endloop
  endfacet
  facet normal 0 1 0
    outer loop
      vertex 11.400277234613895 22.998756729066372 0
      vertex 8.0250000000352 22.998756729066372 7.950000000633593
      vertex 10.499999999824002 22.998756729066372 7.950000000633593
    endloop
  endfacet
  facet normal 0 1 0
    outer loop
      vertex 11.400277234613895 22.998756729066372 0
      vertex 10.499999999824002 22.998756729066372 7.950000000633593
      vertex 11.400277234613895 22.998756729066372 24
    endloop
  endfacet
  facet normal 0.024930695526006467 0.9996891819063511 0
    outer loop
      vertex 11.400277234613895 22.998756729066372 0
      vertex 11.79892037063837 22.988815188407898 24
      vertex 11.79892037063837 22.988815188407898 0
    endloop
  endfacet
  facet normal 0.1243436924735491 0.992239208125764 0
    outer loop
      vertex 11.79892037063837 22.988815188407898 0
      vertex 12.194592714309692 22.939231015741825 24
      vertex 12.194592714309692 22.939231015741825 0
    endloop
  endfacet
  facet normal 0.22252095193184765 0.9749279080790253 0
    outer loop
      vertex 12.194592714309692 22.939231015741825 0
      vertex 12.583361871540546 22.850496985018253 24
      vertex 12.583361871540546 22.850496985018253 0
    endloop
  endfacet
  facet normal 0.31848664945097876 0.9479273464361545 0
    outer loop
      vertex 12.583361871540546 22.850496985018253 0
      vertex 12.961364097893238 22.723494991660118 24
      vertex 12.961364097893238 22.723494991660118 0
    endloop
  endfacet
  facet normal 0.411287088360422 0.9115058589762363 0
    outer loop
      vertex 12.961364097893238 22.723494991660118 0
      vertex 13.324842631816864 22.559487238526344 24
      vertex 13.324842631816864 22.559487238526344 0
    endloop
  endfacet
  facet normal 0.5000000192191726 0.866025392688244 0
    outer loop
      vertex 13.324842631816864 22.559487238526344 0
      vertex 13.670185051858425 22.36010368913412 24
      vertex 13.670185051858425 22.36010368913412 0
    endloop
  endfacet
  facet normal 0.9987569213873613 0.0498458822857024 0
    outer loop
      vertex 15.5 19 0
      vertex 15.480123102664948 19.39827138930559 0
      vertex 15.5 19 24
    endloop
  endfacet
  facet normal 0.9888308244897689 0.14904227768953318 0
    outer loop
      vertex 15.480123102664948 19.39827138930559 0
      vertex 15.420689947903156 19.79258457571268 0
      vertex 15.480123102664948 19.39827138930559 24
    endloop
  endfacet
  facet normal 0.9690772887625725 0.2467573877406342 0
    outer loop
      vertex 15.420689947903156 19.79258457571268 0
      vertex 15.322291225194931 20.179020695388317 0
      vertex 15.420689947903156 19.79258457571268 24
    endloop
  endfacet
  facet normal 0.5837436584827608 0.8119380156028919 0
    outer loop
      vertex 13.993959210813046 22.12732592970133 0
      vertex 13.670185051858425 22.36010368913412 0
      vertex 13.993959210813046 22.12732592970133 24
    endloop
  endfacet
  facet normal 0.6616858469486819 0.7497811947147016 0
    outer loop
      vertex 13.993959210813046 22.12732592970133 0
      vertex 14.292947269976139 21.863467395305634 24
      vertex 14.292947269976139 21.863467395305634 0
    endloop
  endfacet
  facet normal 0.7330518671150557 0.6801727428522337 0
    outer loop
      vertex 14.292947269976139 21.863467395305634 0
      vertex 14.56417777389288 21.571150436997414 24
      vertex 14.56417777389288 21.571150436997414 0
    endloop
  endfacet
  facet normal 0.7971325121866317 0.6038044037724711 0
    outer loop
      vertex 14.80495509505272 21.253280229866505 0
      vertex 14.56417777389288 21.571150436997414 0
      vertex 14.80495509505272 21.253280229866505 24
    endloop
  endfacet
  facet normal 0.8532908761377529 0.5214352123706896 0
    outer loop
      vertex 15.012886293232441 20.91301591694355 0
      vertex 14.80495509505272 21.253280229866505 0
      vertex 15.012886293232441 20.91301591694355 24
    endloop
  endfacet
  facet normal 0.9009688718240638 0.43388373097417887 0
    outer loop
      vertex 15.012886293232441 20.91301591694355 0
      vertex 15.18590484559536 20.553739182651043 24
      vertex 15.18590484559536 20.553739182651043 0
    endloop
  endfacet
  facet normal 0.9396926175566495 0.34202015219798426 0
    outer loop
      vertex 15.18590484559536 20.553739182651043 0
      vertex 15.322291225194931 20.179020695388317 24
      vertex 15.322291225194931 20.179020695388317 0
    endloop
  endfacet
  facet normal 0 1 0
    outer loop
      vertex 1.5005859370952048 22.998756729066372 15.8759765625
      vertex 1.4627624997707804 22.998756729066372 15.926737500633312
      vertex 1.3890328124224203 22.998756729066372 17.400314062863117
    endloop
  endfacet
  facet normal 0 1 0
    outer loop
      vertex 1.4273578120087544 22.998756729066372 15.978454687727954
      vertex 1.3890328124224203 22.998756729066372 17.400314062863117
      vertex 1.4627624997707804 22.998756729066372 15.926737500633312
    endloop
  endfacet
  facet normal 0 1 0
    outer loop
      vertex 1.394399999780214 22.998756729066372 16.03110000018881
      vertex 1.3890328124224203 22.998756729066372 17.400314062863117
      vertex 1.4273578120087544 22.998756729066372 15.978454687727954
    endloop
  endfacet
  facet normal 0 1 0
    outer loop
      vertex 1.6282875001958506 22.998756729066372 15.729712499994932
      vertex 1.58337656209084 22.998756729066372 15.777435937793705
      vertex 1.3890328124224203 22.998756729066372 17.400314062863117
    endloop
  endfacet
  facet normal 0 1 0
    outer loop
      vertex 1.6282875001958506 22.998756729066372 15.729712499994932
      vertex 1.3890328124224203 22.998756729066372 17.400314062863117
      vertex 1.6755046871468777 22.998756729066372 15.683057812665862
    endloop
  endfacet
  facet normal 0 1 0
    outer loop
      vertex 1.6755046871468777 22.998756729066372 15.683057812665862
      vertex 1.3890328124224203 22.998756729066372 17.400314062863117
      vertex 1.7250000001407986 22.998756729066372 15.637500000193597
    endloop
  endfacet
  facet normal 0 1 0
    outer loop
      vertex 1.540799999594923 22.998756729066372 15.826200000091097
      vertex 1.3890328124224203 22.998756729066372 17.400314062863117
      vertex 1.58337656209084 22.998756729066372 15.777435937793705
    endloop
  endfacet
  facet normal 0 1 0
    outer loop
      vertex 1.540799999594923 22.998756729066372 15.826200000091097
      vertex 1.5005859370952048 22.998756729066372 15.8759765625
      vertex 1.3890328124224203 22.998756729066372 17.400314062863117
    endloop
  endfacet
  facet normal 0 1 0
    outer loop
      vertex 1.201401562202634 22.998756729066372 16.6634109379269
      vertex 1.1999999997536028 22.998756729066372 16.725000000316797
      vertex 1.2365765623220308 22.998756729066372 17.034107813068967
    endloop
  endfacet
  facet normal 0 1 0
    outer loop
      vertex 1.3104890625425212 22.998756729066372 16.19432343797773
      vertex 1.2875999994869307 22.998756729066372 16.2504000001125
      vertex 1.3890328124224203 22.998756729066372 17.400314062863117
    endloop
  endfacet
  facet normal 0 1 0
    outer loop
      vertex 1.2672984370683122 22.998756729066372 16.307264062509997
      vertex 1.3890328124224203 22.998756729066372 17.400314062863117
      vertex 1.2875999994869307 22.998756729066372 16.2504000001125
    endloop
  endfacet
  facet normal 0 1 0
    outer loop
      vertex 1.3639171874722629 22.998756729066372 16.08464531283679
      vertex 1.3359374994720061 22.998756729066372 16.139062500492795
      vertex 1.3890328124224203 22.998756729066372 17.400314062863117
    endloop
  endfacet
  facet normal 0 1 0
    outer loop
      vertex 1.394399999780214 22.998756729066372 16.03110000018881
      vertex 1.3639171874722629 22.998756729066372 16.08464531283679
      vertex 1.3890328124224203 22.998756729066372 17.400314062863117
    endloop
  endfacet
  facet normal 0 1 0
    outer loop
      vertex 1.3104890625425212 22.998756729066372 16.19432343797773
      vertex 1.3890328124224203 22.998756729066372 17.400314062863117
      vertex 1.3359374994720061 22.998756729066372 16.139062500492795
    endloop
  endfacet
  facet normal 0 1 0
    outer loop
      vertex 1.2345703124824003 22.998756729066372 16.423242188168793
      vertex 1.2221999998813071 22.998756729066372 16.482300000279906
      vertex 1.340737500205988 22.998756729066372 17.314612500046884
    endloop
  endfacet
  facet normal 0 1 0
    outer loop
      vertex 1.2221999998813071 22.998756729066372 16.482300000279906
      vertex 1.212529687049586 22.998756729066372 16.54203281272936
      vertex 1.2990234371304044 22.998756729066372 17.224804688010394
    endloop
  endfacet
  facet normal 0 1 0
    outer loop
      vertex 1.2672984370683122 22.998756729066372 16.307264062509997
      vertex 1.2496124996737703 22.998756729066372 16.36488749999113
      vertex 1.3890328124224203 22.998756729066372 17.400314062863117
    endloop
  endfacet
  facet normal 0 1 0
    outer loop
      vertex 1.2496124996737703 22.998756729066372 16.36488749999113
      vertex 1.2345703124824003 22.998756729066372 16.423242188168793
      vertex 1.3890328124224203 22.998756729066372 17.400314062863117
    endloop
  endfacet
  facet normal 0 1 0
    outer loop
      vertex 1.212529687049586 22.998756729066372 16.54203281272936
      vertex 1.2055874999583238 22.998756729066372 16.60241250033806
      vertex 1.2990234371304044 22.998756729066372 17.224804688010394
    endloop
  endfacet
  facet normal 0 1 0
    outer loop
      vertex 1.2055874999583238 22.998756729066372 16.60241250033806
      vertex 1.201401562202634 22.998756729066372 16.6634109379269
      vertex 1.2642000001657197 22.998756729066372 17.13120000055573
    endloop
  endfacet
  facet normal 0 1 0
    outer loop
      vertex 1.1999999997536028 22.998756729066372 16.725000000316797
      vertex 1.2041671871258988 22.998756729066372 16.830698437959427
      vertex 1.2365765623220308 22.998756729066372 17.034107813068967
    endloop
  endfacet
  facet normal 0 1 0
    outer loop
      vertex 1.201401562202634 22.998756729066372 16.6634109379269
      vertex 1.2365765623220308 22.998756729066372 17.034107813068967
      vertex 1.2642000001657197 22.998756729066372 17.13120000055573
    endloop
  endfacet
  facet normal 0 1 0
    outer loop
      vertex 1.2041671871258988 22.998756729066372 16.830698437959427
      vertex 1.2164624997773978 22.998756729066372 16.93383750014418
      vertex 1.2365765623220308 22.998756729066372 17.034107813068967
    endloop
  endfacet
  facet normal 0 1 0
    outer loop
      vertex 1.2055874999583238 22.998756729066372 16.60241250033806
      vertex 1.2642000001657197 22.998756729066372 17.13120000055573
      vertex 1.2990234371304044 22.998756729066372 17.224804688010394
    endloop
  endfacet
  facet normal 0 1 0
    outer loop
      vertex 1.2221999998813071 22.998756729066372 16.482300000279906
      vertex 1.2990234371304044 22.998756729066372 17.224804688010394
      vertex 1.340737500205988 22.998756729066372 17.314612500046884
    endloop
  endfacet
  facet normal 0 1 0
    outer loop
      vertex 1.2345703124824003 22.998756729066372 16.423242188168793
      vertex 1.340737500205988 22.998756729066372 17.314612500046884
      vertex 1.3890328124224203 22.998756729066372 17.400314062863117
    endloop
  endfacet
  facet normal 0 1 0
    outer loop
      vertex 1.7250000001407986 22.998756729066372 15.637500000193597
      vertex 1.3890328124224203 22.998756729066372 17.400314062863117
      vertex 1.4435999999776132 22.998756729066372 17.481600000281034
    endloop
  endfacet
  facet normal 0 1 0
    outer loop
      vertex 1.7250000001407986 22.998756729066372 15.637500000193597
      vertex 1.4435999999776132 22.998756729066372 17.481600000281034
      vertex 1.504129687485498 22.998756729066372 17.558160937706553
    endloop
  endfacet
  facet normal 0 1 0
    outer loop
      vertex 1.7250000001407986 22.998756729066372 15.637500000193597
      vertex 1.504129687485498 22.998756729066372 17.558160937706553
      vertex 1.570312499560005 22.998756729066372 17.629687500545593
    endloop
  endfacet
  facet normal 0 1 0
    outer loop
      vertex 1.7250000001407986 22.998756729066372 15.637500000193597
      vertex 1.570312499560005 22.998756729066372 17.629687500545593
      vertex 1.6418390623990478 22.998756729066372 17.6958703126201
    endloop
  endfacet
  facet normal 0 1 0
    outer loop
      vertex 1.7250000001407986 22.998756729066372 15.637500000193597
      vertex 1.6418390623990478 22.998756729066372 17.6958703126201
      vertex 1.7183999998245654 22.998756729066372 17.756400000127986
    endloop
  endfacet
  facet normal 0 1 0
    outer loop
      vertex 1.7250000001407986 22.998756729066372 15.637500000193597
      vertex 1.7183999998245654 22.998756729066372 17.756400000127986
      vertex 1.7996859372424798 22.998756729066372 17.81096718768318
    endloop
  endfacet
  facet normal 0 1 0
    outer loop
      vertex 1.7250000001407986 22.998756729066372 15.637500000193597
      vertex 1.7996859372424798 22.998756729066372 17.81096718768318
      vertex 1.885387500058713 22.998756729066372 17.85926249989961
    endloop
  endfacet
  facet normal 0 1 0
    outer loop
      vertex 1.7250000001407986 22.998756729066372 15.637500000193597
      vertex 1.885387500058713 22.998756729066372 17.85926249989961
      vertex 1.9751953120952048 22.998756729066372 17.900976562975195
    endloop
  endfacet
  facet normal 0 1 0
    outer loop
      vertex 1.7250000001407986 22.998756729066372 15.637500000193597
      vertex 1.9751953120952048 22.998756729066372 17.900976562975195
      vertex 2.0687999995498676 22.998756729066372 17.93579999993988
    endloop
  endfacet
  facet normal 0 1 0
    outer loop
      vertex 1.7250000001407986 22.998756729066372 15.637500000193597
      vertex 2.0687999995498676 22.998756729066372 17.93579999993988
      vertex 2.1658921870366328 22.998756729066372 17.963423437783568
    endloop
  endfacet
  facet normal 0 1 0
    outer loop
      vertex 1.7250000001407986 22.998756729066372 15.637500000193597
      vertex 2.1658921870366328 22.998756729066372 17.963423437783568
      vertex 2.266162499961421 22.998756729066372 17.9835375003282
    endloop
  endfacet
  facet normal 0 1 0
    outer loop
      vertex 1.7250000001407986 22.998756729066372 15.637500000193597
      vertex 2.266162499961421 22.998756729066372 17.9835375003282
      vertex 2.3693015621461737 22.998756729066372 17.9958328129797
    endloop
  endfacet
  facet normal 0 1 0
    outer loop
      vertex 1.7250000001407986 22.998756729066372 15.637500000193597
      vertex 2.3693015621461737 22.998756729066372 17.9958328129797
      vertex 2.4749999997888024 22.998756729066372 18.000000000351996
    endloop
  endfacet
  facet normal 0 1 0
    outer loop
      vertex 5.587499999595205 22.998756729066372 11.737500000598393
      vertex 8.0250000000352 22.998756729066372 18.000000000351996
      vertex 8.0250000000352 22.998756729066372 7.950000000633593
    endloop
  endfacet
  facet normal 0 1 0
    outer loop
      vertex 5.587499999595205 22.998756729066372 11.737500000598393
      vertex 1.7250000001407986 22.998756729066372 15.637500000193597
      vertex 8.0250000000352 22.998756729066372 18.000000000351996
    endloop
  endfacet
  facet normal 0 1 0
    outer loop
      vertex 1.7250000001407986 22.998756729066372 15.637500000193597
      vertex 2.4749999997888024 22.998756729066372 18.000000000351996
      vertex 8.0250000000352 22.998756729066372 18.000000000351996
    endloop
  endfacet
  facet normal 0 1 0
    outer loop
      vertex -11.599722765386105 22.998756729066372 24
      vertex 11.400277234613895 22.998756729066372 24
      vertex 2.4749999997888024 22.998756729066372 20.362500000510394
    endloop
  endfacet
  facet normal 0 0 1
    outer loop
      vertex -11.599722765386105 22.998756729066372 24
      vertex 13 21 24
      vertex 11.400277234613895 22.998756729066372 24
    endloop
  endfacet
  facet normal 1 0 0
    outer loop
      vertex 15.5 -19 24
      vertex 15.5 19 0
      vertex 15.5 19 24
    endloop
  endfacet
  facet normal 0 0 1
    outer loop
      vertex 13.5 -20.5 24
      vertex 13.670185051858425 22.36010368913412 24
      vertex 13.5 20.5 24
    endloop
  endfacet
  facet normal 0 0 1
    outer loop
      vertex 13.993959210813046 -22.12732592970133 24
      vertex 13.993959210813046 22.12732592970133 24
      vertex 13.670185051858425 22.36010368913412 24
    endloop
  endfacet
  facet normal 0 0 1
    outer loop
      vertex 14.292947269976139 -21.863467395305634 24
      vertex 14.292947269976139 21.863467395305634 24
      vertex 13.993959210813046 22.12732592970133 24
    endloop
  endfacet
  facet normal 0 0 1
    outer loop
      vertex 14.56417777389288 -21.571150436997414 24
      vertex 14.56417777389288 21.571150436997414 24
      vertex 14.292947269976139 21.863467395305634 24
    endloop
  endfacet
  facet normal 0 0 1
    outer loop
      vertex 15.012886293232441 -20.91301591694355 24
      vertex 15.012886293232441 20.91301591694355 24
      vertex 14.80495509505272 21.253280229866505 24
    endloop
  endfacet
  facet normal 0 0 1
    outer loop
      vertex 15.5 -19 24
      vertex 15.5 19 24
      vertex 15.480123102664948 19.39827138930559 24
    endloop
  endfacet
  facet normal 0 0 1
    outer loop
      vertex 15.18590484559536 -20.553739182651043 24
      vertex 15.18590484559536 20.553739182651043 24
      vertex 15.012886293232441 20.91301591694355 24
    endloop
  endfacet
  facet normal 0 0 1
    outer loop
      vertex 15.480123102664948 -19.39827138930559 24
      vertex 15.480123102664948 19.39827138930559 24
      vertex 15.420689947903156 19.79258457571268 24
    endloop
  endfacet
  facet normal 0 0 1
    outer loop
      vertex 15.420689947903156 -19.79258457571268 24
      vertex 15.420689947903156 19.79258457571268 24
      vertex 15.322291225194931 20.179020695388317 24
    endloop
  endfacet
  facet normal 0 0 1
    outer loop
      vertex 15.322291225194931 -20.179020695388317 24
      vertex 15.322291225194931 20.179020695388317 24
      vertex 15.18590484559536 20.553739182651043 24
    endloop
  endfacet
  facet normal 0 0 1
    outer loop
      vertex 14.80495509505272 -21.253280229866505 24
      vertex 14.80495509505272 21.253280229866505 24
      vertex 14.56417777389288 21.571150436997414 24
    endloop
  endfacet
  facet normal 0.024930695526006467 0.9996891819063511 0
    outer loop
      vertex 11.400277234613895 22.998756729066372 0
      vertex 11.400277234613895 22.998756729066372 24
      vertex 11.79892037063837 22.988815188407898 24
    endloop
  endfacet
  facet normal 0 1 0
    outer loop
      vertex 10.499999999824002 22.998756729066372 7.950000000633593
      vertex 10.499999999824002 22.998756729066372 20.362500000510394
      vertex 11.400277234613895 22.998756729066372 24
    endloop
  endfacet
  facet normal 0.1243436924735491 0.992239208125764 0
    outer loop
      vertex 11.79892037063837 22.988815188407898 0
      vertex 11.79892037063837 22.988815188407898 24
      vertex 12.194592714309692 22.939231015741825 24
    endloop
  endfacet
  facet normal 0.22252095193184765 0.9749279080790253 0
    outer loop
      vertex 12.194592714309692 22.939231015741825 0
      vertex 12.194592714309692 22.939231015741825 24
      vertex 12.583361871540546 22.850496985018253 24
    endloop
  endfacet
  facet normal 0.31848664945097876 0.9479273464361545 0
    outer loop
      vertex 12.583361871540546 22.850496985018253 0
      vertex 12.583361871540546 22.850496985018253 24
      vertex 12.961364097893238 22.723494991660118 24
    endloop
  endfacet
  facet normal 0.411287088360422 0.9115058589762363 0
    outer loop
      vertex 12.961364097893238 22.723494991660118 0
      vertex 12.961364097893238 22.723494991660118 24
      vertex 13.324842631816864 22.559487238526344 24
    endloop
  endfacet
  facet normal 0.5000000192191726 0.866025392688244 0
    outer loop
      vertex 13.324842631816864 22.559487238526344 0
      vertex 13.324842631816864 22.559487238526344 24
      vertex 13.670185051858425 22.36010368913412 24
    endloop
  endfacet
  facet normal 0.9987569213873613 0.0498458822857024 0
    outer loop
      vertex 15.480123102664948 19.39827138930559 0
      vertex 15.480123102664948 19.39827138930559 24
      vertex 15.5 19 24
    endloop
  endfacet
  facet normal 0.9888308244897689 0.14904227768953318 0
    outer loop
      vertex 15.420689947903156 19.79258457571268 0
      vertex 15.420689947903156 19.79258457571268 24
      vertex 15.480123102664948 19.39827138930559 24
    endloop
  endfacet
  facet normal 0.9690772887625725 0.2467573877406342 0
    outer loop
      vertex 15.322291225194931 20.179020695388317 0
      vertex 15.322291225194931 20.179020695388317 24
      vertex 15.420689947903156 19.79258457571268 24
    endloop
  endfacet
  facet normal 0.5837436584827608 0.8119380156028919 0
    outer loop
      vertex 13.670185051858425 22.36010368913412 0
      vertex 13.670185051858425 22.36010368913412 24
      vertex 13.993959210813046 22.12732592970133 24
    endloop
  endfacet
  facet normal 0.6616858469486819 0.7497811947147016 0
    outer loop
      vertex 13.993959210813046 22.12732592970133 0
      vertex 13.993959210813046 22.12732592970133 24
      vertex 14.292947269976139 21.863467395305634 24
    endloop
  endfacet
  facet normal 0.7330518671150557 0.6801727428522337 0
    outer loop
      vertex 14.292947269976139 21.863467395305634 0
      vertex 14.292947269976139 21.863467395305634 24
      vertex 14.56417777389288 21.571150436997414 24
    endloop
  endfacet
  facet normal 0.7971325121866317 0.6038044037724711 0
    outer loop
      vertex 14.56417777389288 21.571150436997414 0
      vertex 14.56417777389288 21.571150436997414 24
      vertex 14.80495509505272 21.253280229866505 24
    endloop
  endfacet
  facet normal 0.8532908761377529 0.5214352123706896 0
    outer loop
      vertex 14.80495509505272 21.253280229866505 0
      vertex 14.80495509505272 21.253280229866505 24
      vertex 15.012886293232441 20.91301591694355 24
    endloop
  endfacet
  facet normal 0.9396926175566495 0.34202015219798426 0
    outer loop
      vertex 15.18590484559536 20.553739182651043 0
      vertex 15.18590484559536 20.553739182651043 24
      vertex 15.322291225194931 20.179020695388317 24
    endloop
  endfacet
  facet normal 0.9009688718240638 0.43388373097417887 0
    outer loop
      vertex 15.012886293232441 20.91301591694355 0
      vertex 15.012886293232441 20.91301591694355 24
      vertex 15.18590484559536 20.553739182651043 24
    endloop
  endfacet
  facet normal 0 1 0
    outer loop
      vertex 2.4749999997888024 22.998756729066372 20.362500000510394
      vertex 11.400277234613895 22.998756729066372 24
      vertex 10.499999999824002 22.998756729066372 20.362500000510394
    endloop
  endfacet
  facet normal 0 0 1
    outer loop
      vertex 11.400277234613895 22.998756729066372 24
      vertex 13 21 24
      vertex 11.79892037063837 22.988815188407898 24
    endloop
  endfacet
  facet normal 0 0 1
    outer loop
      vertex 12.194592714309692 22.939231015741825 24
      vertex 13 21 24
      vertex 12.583361871540546 22.850496985018253 24
    endloop
  endfacet
  facet normal 0 0 1
    outer loop
      vertex 11.79892037063837 22.988815188407898 24
      vertex 13 21 24
      vertex 12.194592714309692 22.939231015741825 24
    endloop
  endfacet
  facet normal 0 0 1
    outer loop
      vertex 13 21 24
      vertex 13.353553391993046 20.853553391993046 24
      vertex 13.324842631816864 22.559487238526344 24
    endloop
  endfacet
  facet normal 0 0 1
    outer loop
      vertex 13.5 20.5 24
      vertex 13.670185051858425 22.36010368913412 24
      vertex 13.353553391993046 20.853553391993046 24
    endloop
  endfacet
  facet normal 0 0 1
    outer loop
      vertex 12.583361871540546 22.850496985018253 24
      vertex 13 21 24
      vertex 12.961364097893238 22.723494991660118 24
    endloop
  endfacet
  facet normal 0 0 1
    outer loop
      vertex 13 21 24
      vertex 13.324842631816864 22.559487238526344 24
      vertex 12.961364097893238 22.723494991660118 24
    endloop
  endfacet
  facet normal 0 0 1
    outer loop
      vertex 13.353553391993046 20.853553391993046 24
      vertex 13.670185051858425 22.36010368913412 24
      vertex 13.324842631816864 22.559487238526344 24
    endloop
  endfacet
  facet normal 0 0 1
    outer loop
      vertex -13 -21 2
      vertex -9.399999999999999 -17 2
      vertex -11.6 -17 2
    endloop
  endfacet
  facet normal 0 0 1
    outer loop
      vertex -13 -21 2
      vertex -8.95 -19.8 2
      vertex -8.95 -18.45 2
    endloop
  endfacet
  facet normal 0 0 1
    outer loop
      vertex -13 -21 2
      vertex -8.95 -18.45 2
      vertex -9.02 -17.52 2
    endloop
  endfacet
  facet normal 0 0 1
    outer loop
      vertex -13 -21 2
      vertex -9.02 -17.52 2
      vertex -9.399999999999999 -17 2
    endloop
  endfacet
  facet normal 0 0 1
    outer loop
      vertex -9.399999999999999 -17 2
      vertex -9.02 -17.52 2
      vertex -9.399999999999999 -11 2
    endloop
  endfacet
  facet normal 0 0 1
    outer loop
      vertex -8.245000000000001 -16.12 2
      vertex -8.125635621484342 -16.487365782682797 2
      vertex -6.995 -16.12 2
    endloop
  endfacet
  facet normal 0 0 1
    outer loop
      vertex -8.245000000000001 -16.12 2
      vertex -7.813135621484342 -15.52558967731553 2
      vertex -8.125635621484342 -15.752634217317205 2
    endloop
  endfacet
  facet normal 0 0 1
    outer loop
      vertex -7.426864378515658 -15.52558967731553 2
      vertex -7.813135621484342 -15.52558967731553 2
      vertex -8.245000000000001 -16.12 2
    endloop
  endfacet
  facet normal 0 0 1
    outer loop
      vertex -8.245000000000001 -13.58 2
      vertex -8.125635621484342 -13.947365782682796 2
      vertex -8.125635621484342 -13.212634217317204 2
    endloop
  endfacet
  facet normal 0 0 1
    outer loop
      vertex -7.813135621484342 -12.985589677315529 2
      vertex -8.125635621484342 -13.212634217317204 2
      vertex -8.125635621484342 -13.947365782682796 2
    endloop
  endfacet
  facet normal 0 0 1
    outer loop
      vertex -8.125635621484342 -13.947365782682796 2
      vertex -7.426864378515658 -12.985589677315529 2
      vertex -7.813135621484342 -12.985589677315529 2
    endloop
  endfacet
  facet normal 0.38268342794975796 0.923879534340177 0
    outer loop
      vertex -13.353553391993046 -20.853553391993046 2
      vertex -13.353553391993046 -20.853553391993046 24
      vertex -13 -21 2
    endloop
  endfacet
  facet normal 0.923879534340177 0.38268342794975796 0
    outer loop
      vertex -13.353553391993046 -20.853553391993046 2
      vertex -13.5 -20.5 2
      vertex -13.5 -20.5 24
    endloop
  endfacet
  facet normal 0.38268342794974475 0.9238795343401827 0
    outer loop
      vertex -13 -21 2
      vertex -13.04828427190014 -20.98 16.650000000000002
      vertex -13 -21 16.650000000000002
    endloop
  endfacet
  facet normal 0 1 0
    outer loop
      vertex -13 -21 2
      vertex -13 -21 16.650000000000002
      vertex -5.700000000000001 -21 16.650000000000002
    endloop
  endfacet
  facet normal 0 1 0
    outer loop
      vertex -13 -21 2
      vertex -5.700000000000001 -21 16.650000000000002
      vertex -4.685480073094368 -21 16.10624505132437
    endloop
  endfacet
  facet normal 0 0 1
    outer loop
      vertex -13.353553391993046 -20.853553391993046 2
      vertex -13.5 20.5 2
      vertex -13.5 -20.5 2
    endloop
  endfacet
  facet normal 0 0 1
    outer loop
      vertex -13.353553391993046 -20.853553391993046 2
      vertex -13 -21 2
      vertex -13.353553391993046 20.853553391993046 2
    endloop
  endfacet
  facet normal 0 0 1
    outer loop
      vertex -13 -21 2
      vertex -11.6 -17 2
      vertex -13 21 2
    endloop
  endfacet
  facet normal 0 0 1
    outer loop
      vertex -11.6 -17 2
      vertex -11.6 -11 2
      vertex -13 21 2
    endloop
  endfacet
  facet normal 0 0 1
    outer loop
      vertex -9.399999999999999 -11 2
      vertex -9.02 -17.52 2
      vertex -9.02 0.5199999999999996 2
    endloop
  endfacet
  facet normal 0 0 1
    outer loop
      vertex -8.245000000000001 -11.04 2
      vertex -8.125635621484342 -11.407365782682795 2
      vertex -6.995 -11.04 2
    endloop
  endfacet
  facet normal 0 0 1
    outer loop
      vertex -8.245000000000001 -11.04 2
      vertex -7.114364378515658 -10.672634217317203 2
      vertex -8.125635621484342 -10.672634217317203 2
    endloop
  endfacet
  facet normal 0 0 1
    outer loop
      vertex -8.125635621484342 -10.672634217317203 2
      vertex -7.426864378515658 -10.445589677315528 2
      vertex -7.813135621484342 -10.445589677315528 2
    endloop
  endfacet
  facet normal 0 0 1
    outer loop
      vertex -8.125635621484342 -8.867365782682796 2
      vertex -8.125635621484342 -8.132634217317204 2
      vertex -8.245000000000001 -8.5 2
    endloop
  endfacet
  facet normal 0 0 1
    outer loop
      vertex -8.125635621484342 -8.867365782682796 2
      vertex -7.813135621484342 -7.905589677315529 2
      vertex -8.125635621484342 -8.132634217317204 2
    endloop
  endfacet
  facet normal 0 0 1
    outer loop
      vertex -8.125635621484342 -8.867365782682796 2
      vertex -7.426864378515658 -7.905589677315529 2
      vertex -7.813135621484342 -7.905589677315529 2
    endloop
  endfacet
  facet normal 0 0 1
    outer loop
      vertex -8.245000000000001 -5.96 2
      vertex -8.125635621484342 -6.327365782682795 2
      vertex -8.125635621484342 -5.592634217317205 2
    endloop
  endfacet
  facet normal 0 0 1
    outer loop
      vertex -7.813135621484342 -5.365589677315529 2
      vertex -8.125635621484342 -5.592634217317205 2
      vertex -8.125635621484342 -6.327365782682795 2
    endloop
  endfacet
  facet normal 0 0 1
    outer loop
      vertex -11.6 -11 2
      vertex -9.399999999999999 -11 2
      vertex -11.6 11 2
    endloop
  endfacet
  facet normal 0 0 1
    outer loop
      vertex -7.426864378515658 -5.365589677315529 2
      vertex -7.813135621484342 -5.365589677315529 2
      vertex -8.125635621484342 -6.327365782682795 2
    endloop
  endfacet
  facet normal 0 0 1
    outer loop
      vertex -8.125635621484342 -3.787365782682796 2
      vertex -8.125635621484342 -3.052634217317204 2
      vertex -8.245000000000001 -3.42 2
    endloop
  endfacet
  facet normal 0 0 1
    outer loop
      vertex -7.813135621484342 -2.825589677315529 2
      vertex -8.125635621484342 -3.052634217317204 2
      vertex -8.125635621484342 -3.787365782682796 2
    endloop
  endfacet
  facet normal 0 0 1
    outer loop
      vertex -8.125635621484342 -3.787365782682796 2
      vertex -7.426864378515658 -2.825589677315529 2
      vertex -7.813135621484342 -2.825589677315529 2
    endloop
  endfacet
  facet normal 0 0 1
    outer loop
      vertex -9.399999999999999 -11 2
      vertex -9.02 0.5199999999999996 2
      vertex -8.95 2.8000000000000007 2
    endloop
  endfacet
  facet normal 0 0 1
    outer loop
      vertex -8.245000000000001 -0.8799999999999999 2
      vertex -8.125635621484342 -1.2473657826827957 2
      vertex -8.125635621484342 -0.5126342173172042 2
    endloop
  endfacet
  facet normal 0 0 1
    outer loop
      vertex -7.813135621484342 -0.285589677315529 2
      vertex -8.125635621484342 -0.5126342173172042 2
      vertex -8.125635621484342 -1.2473657826827957 2
    endloop
  endfacet
  facet normal 0 0 1
    outer loop
      vertex -8.125635621484342 -1.2473657826827957 2
      vertex -7.426864378515658 -0.285589677315529 2
      vertex -7.813135621484342 -0.285589677315529 2
    endloop
  endfacet
  facet normal 0 0 1
    outer loop
      vertex -13 -21 2
      vertex 8.95 -19.8 2
      vertex -8.95 -19.8 2
    endloop
  endfacet
  facet normal 0 0 1
    outer loop
      vertex 1.2800000000000047 -18.45 2
      vertex -9.02 -17.52 2
      vertex -8.95 -18.45 2
    endloop
  endfacet
  facet normal 0 0 1
    outer loop
      vertex 1.2800000000000047 -18.45 2
      vertex -6.22 -17.52 2
      vertex -9.02 -17.52 2
    endloop
  endfacet
  facet normal 0 0 1
    outer loop
      vertex -7.813135621484342 -16.714410322684472 2
      vertex -7.426864378515658 -16.714410322684472 2
      vertex -7.114364378515658 -16.487365782682797 2
    endloop
  endfacet
  facet normal 0 0 1
    outer loop
      vertex -7.813135621484342 -16.714410322684472 2
      vertex -6.995 -16.12 2
      vertex -8.125635621484342 -16.487365782682797 2
    endloop
  endfacet
  facet normal 0 0 1
    outer loop
      vertex -7.813135621484342 -16.714410322684472 2
      vertex -7.114364378515658 -16.487365782682797 2
      vertex -6.995 -16.12 2
    endloop
  endfacet
  facet normal 0 0 1
    outer loop
      vertex -6.995 -16.12 2
      vertex -7.114364378515658 -15.752634217317205 2
      vertex -8.245000000000001 -16.12 2
    endloop
  endfacet
  facet normal 0 0 1
    outer loop
      vertex -7.114364378515658 -15.752634217317205 2
      vertex -7.426864378515658 -15.52558967731553 2
      vertex -8.245000000000001 -16.12 2
    endloop
  endfacet
  facet normal 0 0 1
    outer loop
      vertex -8.125635621484342 -13.947365782682796 2
      vertex -7.813135621484342 -14.174410322684471 2
      vertex -7.114364378515658 -13.212634217317204 2
    endloop
  endfacet
  facet normal 0 0 1
    outer loop
      vertex -7.426864378515658 -14.174410322684471 2
      vertex -7.114364378515658 -13.212634217317204 2
      vertex -7.813135621484342 -14.174410322684471 2
    endloop
  endfacet
  facet normal 0 0 1
    outer loop
      vertex -8.125635621484342 -13.947365782682796 2
      vertex -7.114364378515658 -13.212634217317204 2
      vertex -7.426864378515658 -12.985589677315529 2
    endloop
  endfacet
  facet normal 0 0 1
    outer loop
      vertex -7.426864378515658 -14.174410322684471 2
      vertex -7.114364378515658 -13.947365782682796 2
      vertex -7.114364378515658 -13.212634217317204 2
    endloop
  endfacet
  facet normal 0 0 1
    outer loop
      vertex -7.114364378515658 -13.947365782682796 2
      vertex -6.995 -13.58 2
      vertex -7.114364378515658 -13.212634217317204 2
    endloop
  endfacet
  facet normal 0 1 0
    outer loop
      vertex -13 -21 2
      vertex -4.571259528398514 -21 15.73595113605261
      vertex -4.35296743363142 -21 15.41577544361353
    endloop
  endfacet
  facet normal 0 1 0
    outer loop
      vertex -13 -21 2
      vertex -4.35296743363142 -21 15.41577544361353
      vertex -4.049999997019768 -21 15.1741669729352
    endloop
  endfacet
  facet normal 0 1 0
    outer loop
      vertex -13 -21 2
      vertex -4.049999997019768 -21 15.1741669729352
      vertex -3.6892772167921066 -21 15.032593715190888
    endloop
  endfacet
  facet normal 0 1 0
    outer loop
      vertex -13 -21 2
      vertex -4.685480073094368 -21 16.10624505132437
      vertex -4.571259528398514 -21 15.73595113605261
    endloop
  endfacet
  facet normal 0 1 0
    outer loop
      vertex -13 -21 2
      vertex -3.6892772167921066 -21 15.032593715190888
      vertex -3.302850879728794 -21 15.003635066747666
    endloop
  endfacet
  facet normal 0 1 0
    outer loop
      vertex -13 -21 2
      vertex -3.302850879728794 -21 15.003635066747666
      vertex 3.4971491247415543 -21 15.003635066747666
    endloop
  endfacet
  facet normal 0 0 1
    outer loop
      vertex -7.813135621484342 -11.63441032268447 2
      vertex -6.995 -11.04 2
      vertex -8.125635621484342 -11.407365782682795 2
    endloop
  endfacet
  facet normal 0 0 1
    outer loop
      vertex -7.813135621484342 -11.63441032268447 2
      vertex -7.426864378515658 -11.63441032268447 2
      vertex -6.995 -11.04 2
    endloop
  endfacet
  facet normal 0 0 1
    outer loop
      vertex -7.114364378515658 -10.672634217317203 2
      vertex -8.245000000000001 -11.04 2
      vertex -6.995 -11.04 2
    endloop
  endfacet
  facet normal 0 0 1
    outer loop
      vertex -7.114364378515658 -10.672634217317203 2
      vertex -7.426864378515658 -10.445589677315528 2
      vertex -8.125635621484342 -10.672634217317203 2
    endloop
  endfacet
  facet normal 0 0 1
    outer loop
      vertex -7.426864378515658 -11.63441032268447 2
      vertex -7.114364378515658 -11.407365782682795 2
      vertex -6.995 -11.04 2
    endloop
  endfacet
  facet normal 0 0 1
    outer loop
      vertex -8.125635621484342 -8.867365782682796 2
      vertex -7.813135621484342 -9.094410322684471 2
      vertex -7.114364378515658 -8.132634217317204 2
    endloop
  endfacet
  facet normal 0 0 1
    outer loop
      vertex -7.813135621484342 -9.094410322684471 2
      vertex -7.426864378515658 -9.094410322684471 2
      vertex -7.114364378515658 -8.132634217317204 2
    endloop
  endfacet
  facet normal 0 0 1
    outer loop
      vertex -7.426864378515658 -9.094410322684471 2
      vertex -7.114364378515658 -8.867365782682796 2
      vertex -7.114364378515658 -8.132634217317204 2
    endloop
  endfacet
  facet normal 0 0 1
    outer loop
      vertex -8.125635621484342 -8.867365782682796 2
      vertex -7.114364378515658 -8.132634217317204 2
      vertex -7.426864378515658 -7.905589677315529 2
    endloop
  endfacet
  facet normal 0 0 1
    outer loop
      vertex -6.995 -8.5 2
      vertex -7.114364378515658 -8.132634217317204 2
      vertex -7.114364378515658 -8.867365782682796 2
    endloop
  endfacet
  facet normal 0 0 1
    outer loop
      vertex -8.125635621484342 -6.327365782682795 2
      vertex -7.813135621484342 -6.554410322684471 2
      vertex -7.114364378515658 -5.592634217317205 2
    endloop
  endfacet
  facet normal 0 0 1
    outer loop
      vertex -7.426864378515658 -5.365589677315529 2
      vertex -8.125635621484342 -6.327365782682795 2
      vertex -7.114364378515658 -5.592634217317205 2
    endloop
  endfacet
  facet normal 0 0 1
    outer loop
      vertex -7.813135621484342 -6.554410322684471 2
      vertex -7.426864378515658 -6.554410322684471 2
      vertex -7.114364378515658 -5.592634217317205 2
    endloop
  endfacet
  facet normal 0 0 1
    outer loop
      vertex -7.426864378515658 -6.554410322684471 2
      vertex -7.114364378515658 -6.327365782682795 2
      vertex -7.114364378515658 -5.592634217317205 2
    endloop
  endfacet
  facet normal 0 0 1
    outer loop
      vertex -7.114364378515658 -6.327365782682795 2
      vertex -6.995 -5.96 2
      vertex -7.114364378515658 -5.592634217317205 2
    endloop
  endfacet
  facet normal 0 0 1
    outer loop
      vertex -8.125635621484342 -3.787365782682796 2
      vertex -7.813135621484342 -4.014410322684471 2
      vertex -7.114364378515658 -3.052634217317204 2
    endloop
  endfacet
  facet normal 0 0 1
    outer loop
      vertex -7.813135621484342 -4.014410322684471 2
      vertex -7.426864378515658 -4.014410322684471 2
      vertex -7.114364378515658 -3.052634217317204 2
    endloop
  endfacet
  facet normal 0 0 1
    outer loop
      vertex -8.125635621484342 -3.787365782682796 2
      vertex -7.114364378515658 -3.052634217317204 2
      vertex -7.426864378515658 -2.825589677315529 2
    endloop
  endfacet
  facet normal 0 0 1
    outer loop
      vertex -7.426864378515658 -4.014410322684471 2
      vertex -7.114364378515658 -3.787365782682796 2
      vertex -7.114364378515658 -3.052634217317204 2
    endloop
  endfacet
  facet normal 0 0 1
    outer loop
      vertex -7.114364378515658 -3.787365782682796 2
      vertex -6.995 -3.42 2
      vertex -7.114364378515658 -3.052634217317204 2
    endloop
  endfacet
  facet normal 0 0 1
    outer loop
      vertex -8.125635621484342 -1.2473657826827957 2
      vertex -7.813135621484342 -1.474410322684471 2
      vertex -7.114364378515658 -0.5126342173172042 2
    endloop
  endfacet
  facet normal 0 0 1
    outer loop
      vertex -7.813135621484342 -1.474410322684471 2
      vertex -7.426864378515658 -1.474410322684471 2
      vertex -7.114364378515658 -0.5126342173172042 2
    endloop
  endfacet
  facet normal 0 0 1
    outer loop
      vertex -8.125635621484342 -1.2473657826827957 2
      vertex -7.114364378515658 -0.5126342173172042 2
      vertex -7.426864378515658 -0.285589677315529 2
    endloop
  endfacet
  facet normal 0 0 1
    outer loop
      vertex -7.426864378515658 -1.474410322684471 2
      vertex -7.114364378515658 -1.2473657826827957 2
      vertex -7.114364378515658 -0.5126342173172042 2
    endloop
  endfacet
  facet normal 0 0 1
    outer loop
      vertex -7.114364378515658 -1.2473657826827957 2
      vertex -6.995 -0.8799999999999999 2
      vertex -7.114364378515658 -0.5126342173172042 2
    endloop
  endfacet
  facet normal 0 0 1
    outer loop
      vertex -2.4840909090909102 1.4500000000000006 2
      vertex -6.22 0.5199999999999996 2
      vertex -6.22 -17.52 2
    endloop
  endfacet
  facet normal 0 0 1
    outer loop
      vertex -6.22 -17.52 2
      vertex 6.220000000000001 0.5199999999999996 2
      vertex -2.4840909090909102 1.4500000000000006 2
    endloop
  endfacet
  facet normal 0.3826834279497614 0.9238795343401756 6.481074138692441e-17
    outer loop
      vertex -13 -21 2
      vertex -13.353553391993046 -20.853553391993046 24
      vertex -13.04828427190014 -20.98 16.650000000000002
    endloop
  endfacet
  facet normal 0.923879534340177 0.38268342794975796 0
    outer loop
      vertex -13.353553391993046 -20.853553391993046 2
      vertex -13.5 -20.5 24
      vertex -13.353553391993046 -20.853553391993046 24
    endloop
  endfacet
  facet normal 1 0 0
    outer loop
      vertex -13.5 -20.5 2
      vertex -13.5 -4 22.000000000000004
      vertex -13.5 -20.5 24
    endloop
  endfacet
  facet normal 0.3826834279497601 0.9238795343401762 0
    outer loop
      vertex -13.04828427190014 -20.98 16.650000000000002
      vertex -13.353553391993046 -20.853553391993046 24
      vertex -13.04828427190014 -20.98 17.78
    endloop
  endfacet
  facet normal 0.38268342794976007 0.9238795343401761 0
    outer loop
      vertex -13.04828427190014 -20.98 17.78
      vertex -13.353553391993046 -20.853553391993046 24
      vertex -13.04828427190014 -20.98 18.95
    endloop
  endfacet
  facet normal 0.3826834279497446 0.9238795343401824 -1.094366462715154e-15
    outer loop
      vertex -13.04828427190014 -20.98 18.95
      vertex -13.353553391993046 -20.853553391993046 24
      vertex -13 -21 18.95
    endloop
  endfacet
  facet normal 0.38268342794975796 0.9238795343401771 0
    outer loop
      vertex -13 -21 18.95
      vertex -13.353553391993046 -20.853553391993046 24
      vertex -13 -21 24
    endloop
  endfacet
  facet normal 0 1 0
    outer loop
      vertex -13 -21 18.95
      vertex -13 -21 24
      vertex -5.700000000000001 -21 18.95
    endloop
  endfacet
  facet normal 1 0 0
    outer loop
      vertex -13.5 -20.5 2
      vertex -13.5 4 22.000000000000004
      vertex -13.5 -4 22.000000000000004
    endloop
  endfacet
  facet normal 1 0 0
    outer loop
      vertex -13.5 -20.5 24
      vertex -13.5 -4 22.000000000000004
      vertex -13.5 -4 22.420000000000005
    endloop
  endfacet
  facet normal 1 0 0
    outer loop
      vertex -13.5 -20.5 24
      vertex -13.5 -4 22.420000000000005
      vertex -13.5 20.5 24
    endloop
  endfacet
  facet normal 0 1 0
    outer loop
      vertex -4.685480073094368 -21 16.10624505132437
      vertex -5.700000000000001 -21 16.650000000000002
      vertex -5.700000000000001 -21 17.78
    endloop
  endfacet
  facet normal 0 1 0
    outer loop
      vertex -4.685480073094368 -21 16.10624505132437
      vertex -5.700000000000001 -21 17.78
      vertex -5.700000000000001 -21 18.95
    endloop
  endfacet
  facet normal 0 1 0
    outer loop
      vertex -4.685480073094368 -21 16.10624505132437
      vertex -5.700000000000001 -21 18.95
      vertex -4.685480073094368 -21 18.493754948675633
    endloop
  endfacet
  facet normal 0 1 0
    outer loop
      vertex -13 -21 24
      vertex -4.35296743363142 -21 19.18422455638647
      vertex -5.700000000000001 -21 18.95
    endloop
  endfacet
  facet normal 0 1 0
    outer loop
      vertex -13 -21 24
      vertex -4.049999997019768 -21 19.4258330270648
      vertex -4.35296743363142 -21 19.18422455638647
    endloop
  endfacet
  facet normal 0 1 0
    outer loop
      vertex -13 -21 24
      vertex -3.6892772167921066 -21 19.567406284809113
      vertex -4.049999997019768 -21 19.4258330270648
    endloop
  endfacet
  facet normal 0 1 0
    outer loop
      vertex -5.700000000000001 -21 18.95
      vertex -4.571259528398514 -21 18.864048863947392
      vertex -4.685480073094368 -21 18.493754948675633
    endloop
  endfacet
  facet normal 0 1 0
    outer loop
      vertex -5.700000000000001 -21 18.95
      vertex -4.35296743363142 -21 19.18422455638647
      vertex -4.571259528398514 -21 18.864048863947392
    endloop
  endfacet
  facet normal 0 1 0
    outer loop
      vertex -13 -21 24
      vertex -3.302850879728794 -21 19.596364933252335
      vertex -3.6892772167921066 -21 19.567406284809113
    endloop
  endfacet
  facet normal 0 1 0
    outer loop
      vertex -13 -21 24
      vertex 3.4971491247415543 -21 19.596364933252335
      vertex -3.302850879728794 -21 19.596364933252335
    endloop
  endfacet
  facet normal 0 1 0
    outer loop
      vertex -13 -21 24
      vertex 3.87494333088398 -21 19.510135869681836
      vertex 3.4971491247415543 -21 19.596364933252335
    endloop
  endfacet
  facet normal 0 0 1
    outer loop
      vertex -13.353553391993046 -20.853553391993046 2
      vertex -13.353553391993046 20.853553391993046 2
      vertex -13.5 20.5 2
    endloop
  endfacet
  facet normal 0 0 1
    outer loop
      vertex -13 -21 2
      vertex -13 21 2
      vertex -13.353553391993046 20.853553391993046 2
    endloop
  endfacet
  facet normal 0 0 1
    outer loop
      vertex -11.6 -11 2
      vertex -11.6 11 2
      vertex -13 21 2
    endloop
  endfacet
  facet normal 0 0 1
    outer loop
      vertex -9.399999999999999 -11 2
      vertex -8.95 2.8000000000000007 2
      vertex -11.6 11 2
    endloop
  endfacet
  facet normal 0 0 1
    outer loop
      vertex -9.02 0.5199999999999996 2
      vertex -8.95 1.4500000000000006 2
      vertex -8.95 2.8000000000000007 2
    endloop
  endfacet
  facet normal 0 0 1
    outer loop
      vertex -9.02 0.5199999999999996 2
      vertex -6.22 0.5199999999999996 2
      vertex -8.95 1.4500000000000006 2
    endloop
  endfacet
  facet normal 1 0 0
    outer loop
      vertex -13.5 -20.5 2
      vertex -13.5 20.5 2
      vertex -13.5 20.5 24
    endloop
  endfacet
  facet normal 0 0 1
    outer loop
      vertex -11.6 11 2
      vertex -11.6 17 2
      vertex -13 21 2
    endloop
  endfacet
  facet normal 0 0 1
    outer loop
      vertex -13 21 2
      vertex -11.6 17 2
      vertex -9.399999999999999 17 2
    endloop
  endfacet
  facet normal 0.382683427949758 -0.9238795343401771 5.198310914844958e-17
    outer loop
      vertex -13.353553391993046 20.853553391993046 2
      vertex -13 21 2
      vertex -13.04828427190014 20.98 16.650000000000002
    endloop
  endfacet
  facet normal 0.923879534340177 -0.38268342794975796 0
    outer loop
      vertex -13.5 20.5 2
      vertex -13.353553391993046 20.853553391993046 2
      vertex -13.353553391993046 20.853553391993046 24
    endloop
  endfacet
  facet normal 0.38268342794974475 -0.9238795343401827 0
    outer loop
      vertex -13 21 2
      vertex -13 21 16.650000000000002
      vertex -13.04828427190014 20.98 16.650000000000002
    endloop
  endfacet
  facet normal 0 -1 0
    outer loop
      vertex -13 21 2
      vertex -5.700000000000001 21 16.650000000000002
      vertex -13 21 16.650000000000002
    endloop
  endfacet
  facet normal 0 0 1
    outer loop
      vertex -2.4840909090909102 1.4500000000000006 2
      vertex -8.95 1.4500000000000006 2
      vertex -6.22 0.5199999999999996 2
    endloop
  endfacet
  facet normal 0 0 1
    outer loop
      vertex -11.6 11 2
      vertex 8.95 2.8000000000000007 2
      vertex -9.399999999999999 11 2
    endloop
  endfacet
  facet normal 0 0 1
    outer loop
      vertex -11.6 11 2
      vertex -8.95 2.8000000000000007 2
      vertex 8.95 2.8000000000000007 2
    endloop
  endfacet
  facet normal 0 0 1
    outer loop
      vertex -9.399999999999999 11 2
      vertex 9.4 17 2
      vertex -9.399999999999999 17 2
    endloop
  endfacet
  facet normal 0 0 1
    outer loop
      vertex -13 21 2
      vertex -9.399999999999999 17 2
      vertex 13 21 2
    endloop
  endfacet
  facet normal 1 0 0
    outer loop
      vertex -13.5 -20.5 2
      vertex -13.5 20.5 24
      vertex -13.5 4 22.000000000000004
    endloop
  endfacet
  facet normal 1 0 0
    outer loop
      vertex -13.5 -4 22.420000000000005
      vertex -13.5 4 22.420000000000005
      vertex -13.5 20.5 24
    endloop
  endfacet
  facet normal 1 0 0
    outer loop
      vertex -13.5 4 22.000000000000004
      vertex -13.5 20.5 24
      vertex -13.5 4 22.420000000000005
    endloop
  endfacet
  facet normal 0.3826834279497606 -0.923879534340176 0
    outer loop
      vertex -13.353553391993046 20.853553391993046 2
      vertex -13.04828427190014 20.98 16.650000000000002
      vertex -13.04828427190014 20.98 17.78
    endloop
  endfacet
  facet normal 0.3826834279497598 -0.9238795343401762 0
    outer loop
      vertex -13.353553391993046 20.853553391993046 2
      vertex -13.04828427190014 20.98 17.78
      vertex -13.04828427190014 20.98 18.95
    endloop
  endfacet
  facet normal 0.3826834279497777 -0.9238795343401689 -3.7230775553025084e-16
    outer loop
      vertex -13.353553391993046 20.853553391993046 2
      vertex -13.04828427190014 20.98 18.95
      vertex -13 21 24
    endloop
  endfacet
  facet normal 0.923879534340177 -0.38268342794975796 0
    outer loop
      vertex -13.5 20.5 2
      vertex -13.353553391993046 20.853553391993046 24
      vertex -13.5 20.5 24
    endloop
  endfacet
  facet normal 0.38268342794975796 -0.923879534340177 0
    outer loop
      vertex -13.353553391993046 20.853553391993046 2
      vertex -13 21 24
      vertex -13.353553391993046 20.853553391993046 24
    endloop
  endfacet
  facet normal 0.3826834279497446 -0.9238795343401824 0
    outer loop
      vertex -13.04828427190014 20.98 18.95
      vertex -13 21 18.95
      vertex -13 21 24
    endloop
  endfacet
  facet normal 0 -1 0
    outer loop
      vertex -13 21 2
      vertex 5.7 21 18.95
      vertex -5.700000000000001 21 16.650000000000002
    endloop
  endfacet
  facet normal 0 -1 0
    outer loop
      vertex -13 21 2
      vertex 5.7 21 16.650000000000002
      vertex 5.7 21 17.78
    endloop
  endfacet
  facet normal 0 -1 0
    outer loop
      vertex -13 21 2
      vertex 5.7 21 17.78
      vertex 5.7 21 18.95
    endloop
  endfacet
  facet normal 0 -1 0
    outer loop
      vertex -5.700000000000001 21 16.650000000000002
      vertex 5.7 21 18.95
      vertex -5.700000000000001 21 17.78
    endloop
  endfacet
  facet normal 0 -1 0
    outer loop
      vertex -13 21 18.95
      vertex 13 21 24
      vertex -13 21 24
    endloop
  endfacet
  facet normal 0 -1 0
    outer loop
      vertex -5.700000000000001 21 17.78
      vertex 5.7 21 18.95
      vertex -5.700000000000001 21 18.95
    endloop
  endfacet
  facet normal 0 -1 0
    outer loop
      vertex -13 21 18.95
      vertex -5.700000000000001 21 18.95
      vertex 13 21 24
    endloop
  endfacet
  facet normal 0 0 1
    outer loop
      vertex -13 -21 2
      vertex 13 -21 2
      vertex 8.95 -19.8 2
    endloop
  endfacet
  facet normal 0 0 1
    outer loop
      vertex 1.2800000000000047 -18.45 2
      vertex 6.220000000000001 0.5199999999999996 2
      vertex -6.22 -17.52 2
    endloop
  endfacet
  facet normal 0 0 1
    outer loop
      vertex 1.2800000000000047 -18.45 2
      vertex 8.95 -18.45 2
      vertex 6.220000000000001 -17.52 2
    endloop
  endfacet
  facet normal 0 0 1
    outer loop
      vertex 1.2800000000000047 -18.45 2
      vertex 6.220000000000001 -17.52 2
      vertex 6.220000000000001 0.5199999999999996 2
    endloop
  endfacet
  facet normal 0 0 1
    outer loop
      vertex 7.114364378515658 -16.487365782682797 2
      vertex 7.114364378515658 -15.752634217317205 2
      vertex 6.995 -16.12 2
    endloop
  endfacet
  facet normal 0 0 1
    outer loop
      vertex 7.426864378515658 -15.52558967731553 2
      vertex 7.114364378515658 -15.752634217317205 2
      vertex 7.114364378515658 -16.487365782682797 2
    endloop
  endfacet
  facet normal 0 0 1
    outer loop
      vertex 7.114364378515658 -16.487365782682797 2
      vertex 7.813135621484342 -15.52558967731553 2
      vertex 7.426864378515658 -15.52558967731553 2
    endloop
  endfacet
  facet normal 0 0 1
    outer loop
      vertex 7.426864378515658 -16.714410322684472 2
      vertex 8.125635621484342 -15.752634217317205 2
      vertex 7.114364378515658 -16.487365782682797 2
    endloop
  endfacet
  facet normal 0 0 1
    outer loop
      vertex 8.125635621484342 -15.752634217317205 2
      vertex 7.813135621484342 -15.52558967731553 2
      vertex 7.114364378515658 -16.487365782682797 2
    endloop
  endfacet
  facet normal 0 0 1
    outer loop
      vertex 6.995 -13.58 2
      vertex 7.114364378515658 -13.947365782682796 2
      vertex 7.114364378515658 -13.212634217317204 2
    endloop
  endfacet
  facet normal 0 0 1
    outer loop
      vertex 7.426864378515658 -12.985589677315529 2
      vertex 7.114364378515658 -13.212634217317204 2
      vertex 7.114364378515658 -13.947365782682796 2
    endloop
  endfacet
  facet normal 0 0 1
    outer loop
      vertex 7.114364378515658 -13.947365782682796 2
      vertex 7.426864378515658 -14.174410322684471 2
      vertex 8.125635621484342 -13.212634217317204 2
    endloop
  endfacet
  facet normal 0 0 1
    outer loop
      vertex 7.114364378515658 -13.947365782682796 2
      vertex 7.813135621484342 -12.985589677315529 2
      vertex 7.426864378515658 -12.985589677315529 2
    endloop
  endfacet
  facet normal 0 0 1
    outer loop
      vertex 8.125635621484342 -13.212634217317204 2
      vertex 7.813135621484342 -12.985589677315529 2
      vertex 7.114364378515658 -13.947365782682796 2
    endloop
  endfacet
  facet normal 0 1 0
    outer loop
      vertex -13 -21 2
      vertex 3.4971491247415543 -21 15.003635066747666
      vertex 13 -21 2
    endloop
  endfacet
  facet normal 0 1 0
    outer loop
      vertex 13 -21 2
      vertex 3.4971491247415543 -21 15.003635066747666
      vertex 3.87494333088398 -21 15.089864130318166
    endloop
  endfacet
  facet normal 0 1 0
    outer loop
      vertex 13 -21 2
      vertex 3.87494333088398 -21 15.089864130318166
      vertex 4.210536740720272 -21 15.283619071543217
    endloop
  endfacet
  facet normal 0 1 0
    outer loop
      vertex 13 -21 2
      vertex 4.210536740720272 -21 15.283619071543217
      vertex 4.474110409617424 -21 15.567683923244477
    endloop
  endfacet
  facet normal 0 1 0
    outer loop
      vertex 13 -21 2
      vertex 4.474110409617424 -21 15.567683923244477
      vertex 4.642244644463062 -21 15.916818271577359
    endloop
  endfacet
  facet normal 0 0 1
    outer loop
      vertex 6.995 -11.04 2
      vertex 7.114364378515658 -11.407365782682795 2
      vertex 8.245000000000001 -11.04 2
    endloop
  endfacet
  facet normal 0 0 1
    outer loop
      vertex 6.995 -11.04 2
      vertex 8.125635621484342 -10.672634217317203 2
      vertex 7.114364378515658 -10.672634217317203 2
    endloop
  endfacet
  facet normal 0 0 1
    outer loop
      vertex 7.426864378515658 -11.63441032268447 2
      vertex 8.245000000000001 -11.04 2
      vertex 7.114364378515658 -11.407365782682795 2
    endloop
  endfacet
  facet normal 0 0 1
    outer loop
      vertex 7.114364378515658 -10.672634217317203 2
      vertex 7.813135621484342 -10.445589677315528 2
      vertex 7.426864378515658 -10.445589677315528 2
    endloop
  endfacet
  facet normal 0 0 1
    outer loop
      vertex 8.125635621484342 -10.672634217317203 2
      vertex 7.813135621484342 -10.445589677315528 2
      vertex 7.114364378515658 -10.672634217317203 2
    endloop
  endfacet
  facet normal 0 0 1
    outer loop
      vertex 7.813135621484342 -9.094410322684471 2
      vertex 7.114364378515658 -8.867365782682796 2
      vertex 7.426864378515658 -9.094410322684471 2
    endloop
  endfacet
  facet normal 0 0 1
    outer loop
      vertex 7.813135621484342 -9.094410322684471 2
      vertex 6.995 -8.5 2
      vertex 7.114364378515658 -8.867365782682796 2
    endloop
  endfacet
  facet normal 0 0 1
    outer loop
      vertex 7.813135621484342 -9.094410322684471 2
      vertex 7.114364378515658 -8.132634217317204 2
      vertex 6.995 -8.5 2
    endloop
  endfacet
  facet normal 0 0 1
    outer loop
      vertex 7.813135621484342 -9.094410322684471 2
      vertex 7.426864378515658 -7.905589677315529 2
      vertex 7.114364378515658 -8.132634217317204 2
    endloop
  endfacet
  facet normal 0 0 1
    outer loop
      vertex 6.995 -5.96 2
      vertex 7.114364378515658 -6.327365782682795 2
      vertex 7.813135621484342 -5.365589677315529 2
    endloop
  endfacet
  facet normal 0 0 1
    outer loop
      vertex 7.426864378515658 -6.554410322684471 2
      vertex 8.125635621484342 -5.592634217317205 2
      vertex 7.114364378515658 -6.327365782682795 2
    endloop
  endfacet
  facet normal 0 0 1
    outer loop
      vertex 7.813135621484342 -5.365589677315529 2
      vertex 7.114364378515658 -6.327365782682795 2
      vertex 8.125635621484342 -5.592634217317205 2
    endloop
  endfacet
  facet normal 0 0 1
    outer loop
      vertex 6.995 -5.96 2
      vertex 7.426864378515658 -5.365589677315529 2
      vertex 7.114364378515658 -5.592634217317205 2
    endloop
  endfacet
  facet normal 0 0 1
    outer loop
      vertex 7.813135621484342 -5.365589677315529 2
      vertex 7.426864378515658 -5.365589677315529 2
      vertex 6.995 -5.96 2
    endloop
  endfacet
  facet normal 0 0 1
    outer loop
      vertex 7.114364378515658 -3.787365782682796 2
      vertex 7.114364378515658 -3.052634217317204 2
      vertex 6.995 -3.42 2
    endloop
  endfacet
  facet normal 0 0 1
    outer loop
      vertex 7.426864378515658 -2.825589677315529 2
      vertex 7.114364378515658 -3.052634217317204 2
      vertex 7.114364378515658 -3.787365782682796 2
    endloop
  endfacet
  facet normal 0 0 1
    outer loop
      vertex 7.426864378515658 -4.014410322684471 2
      vertex 8.125635621484342 -3.052634217317204 2
      vertex 7.114364378515658 -3.787365782682796 2
    endloop
  endfacet
  facet normal 0 0 1
    outer loop
      vertex 7.114364378515658 -3.787365782682796 2
      vertex 7.813135621484342 -2.825589677315529 2
      vertex 7.426864378515658 -2.825589677315529 2
    endloop
  endfacet
  facet normal 0 0 1
    outer loop
      vertex 8.125635621484342 -3.052634217317204 2
      vertex 7.813135621484342 -2.825589677315529 2
      vertex 7.114364378515658 -3.787365782682796 2
    endloop
  endfacet
  facet normal 0 0 1
    outer loop
      vertex 6.995 -0.8799999999999999 2
      vertex 7.114364378515658 -1.2473657826827957 2
      vertex 7.114364378515658 -0.5126342173172042 2
    endloop
  endfacet
  facet normal 0 0 1
    outer loop
      vertex 7.426864378515658 -0.285589677315529 2
      vertex 7.114364378515658 -0.5126342173172042 2
      vertex 7.114364378515658 -1.2473657826827957 2
    endloop
  endfacet
  facet normal 0 0 1
    outer loop
      vertex 7.114364378515658 -1.2473657826827957 2
      vertex 7.426864378515658 -1.474410322684471 2
      vertex 8.125635621484342 -0.5126342173172042 2
    endloop
  endfacet
  facet normal 0 0 1
    outer loop
      vertex 7.114364378515658 -1.2473657826827957 2
      vertex 7.813135621484342 -0.285589677315529 2
      vertex 7.426864378515658 -0.285589677315529 2
    endloop
  endfacet
  facet normal 0 0 1
    outer loop
      vertex 8.125635621484342 -0.5126342173172042 2
      vertex 7.813135621484342 -0.285589677315529 2
      vertex 7.114364378515658 -1.2473657826827957 2
    endloop
  endfacet
  facet normal 0 0 1
    outer loop
      vertex 6.220000000000001 -17.52 2
      vertex 8.95 -18.45 2
      vertex 9.02 -17.52 2
    endloop
  endfacet
  facet normal 0 0 1
    outer loop
      vertex 13 -21 2
      vertex 8.95 -18.45 2
      vertex 8.95 -19.8 2
    endloop
  endfacet
  facet normal 0 0 1
    outer loop
      vertex 13 -21 2
      vertex 9.02 -17.52 2
      vertex 8.95 -18.45 2
    endloop
  endfacet
  facet normal 0 0 1
    outer loop
      vertex 9.4 -17 2
      vertex 9.02 -17.52 2
      vertex 13 -21 2
    endloop
  endfacet
  facet normal 0 0 1
    outer loop
      vertex 9.4 -17 2
      vertex 13 -21 2
      vertex 11.600000000000001 -17 2
    endloop
  endfacet
  facet normal 0 0 1
    outer loop
      vertex 7.426864378515658 -16.714410322684472 2
      vertex 7.813135621484342 -16.714410322684472 2
      vertex 8.125635621484342 -15.752634217317205 2
    endloop
  endfacet
  facet normal 0 0 1
    outer loop
      vertex 7.813135621484342 -16.714410322684472 2
      vertex 8.125635621484342 -16.487365782682797 2
      vertex 8.125635621484342 -15.752634217317205 2
    endloop
  endfacet
  facet normal 0 0 1
    outer loop
      vertex 8.125635621484342 -16.487365782682797 2
      vertex 8.245000000000001 -16.12 2
      vertex 8.125635621484342 -15.752634217317205 2
    endloop
  endfacet
  facet normal 0 0 1
    outer loop
      vertex 9.4 -17 2
      vertex 9.4 -11 2
      vertex 9.02 -17.52 2
    endloop
  endfacet
  facet normal 0 0 1
    outer loop
      vertex 7.813135621484342 -14.174410322684471 2
      vertex 8.125635621484342 -13.212634217317204 2
      vertex 7.426864378515658 -14.174410322684471 2
    endloop
  endfacet
  facet normal 0 0 1
    outer loop
      vertex 7.813135621484342 -14.174410322684471 2
      vertex 8.125635621484342 -13.947365782682796 2
      vertex 8.125635621484342 -13.212634217317204 2
    endloop
  endfacet
  facet normal 0 0 1
    outer loop
      vertex 8.125635621484342 -13.947365782682796 2
      vertex 8.245000000000001 -13.58 2
      vertex 8.125635621484342 -13.212634217317204 2
    endloop
  endfacet
  facet normal 0 1 0
    outer loop
      vertex 13 -21 2
      vertex 4.642244644463062 -21 15.916818271577359
      vertex 5.7 -21 16.650000000000002
    endloop
  endfacet
  facet normal 0 1 0
    outer loop
      vertex 13 -21 2
      vertex 5.7 -21 16.650000000000002
      vertex 13 -21 16.650000000000002
    endloop
  endfacet
  facet normal -0.382683427949758 0.9238795343401771 5.1518974245338424e-17
    outer loop
      vertex 13 -21 2
      vertex 13.04828427190014 -20.98 16.650000000000002
      vertex 13.353553391993046 -20.853553391993046 2
    endloop
  endfacet
  facet normal -0.923879534340177 0.38268342794975796 0
    outer loop
      vertex 13.353553391993046 -20.853553391993046 2
      vertex 13.353553391993046 -20.853553391993046 24
      vertex 13.5 -20.5 2
    endloop
  endfacet
  facet normal -0.38268342794974475 0.9238795343401827 0
    outer loop
      vertex 13 -21 2
      vertex 13 -21 16.650000000000002
      vertex 13.04828427190014 -20.98 16.650000000000002
    endloop
  endfacet
  facet normal 0 0 1
    outer loop
      vertex 7.426864378515658 -11.63441032268447 2
      vertex 7.813135621484342 -11.63441032268447 2
      vertex 8.245000000000001 -11.04 2
    endloop
  endfacet
  facet normal 0 0 1
    outer loop
      vertex 6.995 -11.04 2
      vertex 8.245000000000001 -11.04 2
      vertex 8.125635621484342 -10.672634217317203 2
    endloop
  endfacet
  facet normal 0 0 1
    outer loop
      vertex 8.245000000000001 -11.04 2
      vertex 7.813135621484342 -11.63441032268447 2
      vertex 8.125635621484342 -11.407365782682795 2
    endloop
  endfacet
  facet normal 0 0 1
    outer loop
      vertex 9.4 -11 2
      vertex 9.02 0.5199999999999996 2
      vertex 9.02 -17.52 2
    endloop
  endfacet
  facet normal 0 0 1
    outer loop
      vertex 7.813135621484342 -9.094410322684471 2
      vertex 8.125635621484342 -8.867365782682796 2
      vertex 7.426864378515658 -7.905589677315529 2
    endloop
  endfacet
  facet normal 0 0 1
    outer loop
      vertex 8.125635621484342 -8.867365782682796 2
      vertex 8.245000000000001 -8.5 2
      vertex 7.426864378515658 -7.905589677315529 2
    endloop
  endfacet
  facet normal 0 0 1
    outer loop
      vertex 7.426864378515658 -7.905589677315529 2
      vertex 8.125635621484342 -8.132634217317204 2
      vertex 7.813135621484342 -7.905589677315529 2
    endloop
  endfacet
  facet normal 0 0 1
    outer loop
      vertex 8.245000000000001 -8.5 2
      vertex 8.125635621484342 -8.132634217317204 2
      vertex 7.426864378515658 -7.905589677315529 2
    endloop
  endfacet
  facet normal 0 0 1
    outer loop
      vertex 7.426864378515658 -6.554410322684471 2
      vertex 7.813135621484342 -6.554410322684471 2
      vertex 8.125635621484342 -5.592634217317205 2
    endloop
  endfacet
  facet normal 0 0 1
    outer loop
      vertex 7.813135621484342 -6.554410322684471 2
      vertex 8.125635621484342 -6.327365782682795 2
      vertex 8.125635621484342 -5.592634217317205 2
    endloop
  endfacet
  facet normal 0 0 1
    outer loop
      vertex 8.125635621484342 -6.327365782682795 2
      vertex 8.245000000000001 -5.96 2
      vertex 8.125635621484342 -5.592634217317205 2
    endloop
  endfacet
  facet normal 0 0 1
    outer loop
      vertex 7.426864378515658 -4.014410322684471 2
      vertex 7.813135621484342 -4.014410322684471 2
      vertex 8.125635621484342 -3.052634217317204 2
    endloop
  endfacet
  facet normal 0 0 1
    outer loop
      vertex 7.813135621484342 -4.014410322684471 2
      vertex 8.125635621484342 -3.787365782682796 2
      vertex 8.125635621484342 -3.052634217317204 2
    endloop
  endfacet
  facet normal 0 0 1
    outer loop
      vertex 8.125635621484342 -3.787365782682796 2
      vertex 8.245000000000001 -3.42 2
      vertex 8.125635621484342 -3.052634217317204 2
    endloop
  endfacet
  facet normal 0 0 1
    outer loop
      vertex 7.813135621484342 -1.474410322684471 2
      vertex 8.125635621484342 -0.5126342173172042 2
      vertex 7.426864378515658 -1.474410322684471 2
    endloop
  endfacet
  facet normal 0 0 1
    outer loop
      vertex 7.813135621484342 -1.474410322684471 2
      vertex 8.125635621484342 -1.2473657826827957 2
      vertex 8.125635621484342 -0.5126342173172042 2
    endloop
  endfacet
  facet normal 0 0 1
    outer loop
      vertex 8.125635621484342 -1.2473657826827957 2
      vertex 8.245000000000001 -0.8799999999999999 2
      vertex 8.125635621484342 -0.5126342173172042 2
    endloop
  endfacet
  facet normal 0 0 1
    outer loop
      vertex 9.4 -11 2
      vertex 8.95 2.8000000000000007 2
      vertex 9.02 0.5199999999999996 2
    endloop
  endfacet
  facet normal 0 0 1
    outer loop
      vertex 9.4 -11 2
      vertex 11.600000000000001 -11 2
      vertex 9.4 11 2
    endloop
  endfacet
  facet normal 0 0 1
    outer loop
      vertex 13 -21 2
      vertex 13.353553391993046 -20.853553391993046 2
      vertex 13 21 2
    endloop
  endfacet
  facet normal 0 0 1
    outer loop
      vertex 13.353553391993046 -20.853553391993046 2
      vertex 13.5 -20.5 2
      vertex 13.353553391993046 20.853553391993046 2
    endloop
  endfacet
  facet normal 0 0 1
    outer loop
      vertex 11.600000000000001 -17 2
      vertex 13 -21 2
      vertex 13 21 2
    endloop
  endfacet
  facet normal 0 0 1
    outer loop
      vertex 11.600000000000001 -17 2
      vertex 13 21 2
      vertex 11.600000000000001 -11 2
    endloop
  endfacet
  facet normal -1 0 0
    outer loop
      vertex 13.5 -20.5 2
      vertex 13.5 -20.5 24
      vertex 13.5 20.5 2
    endloop
  endfacet
  facet normal 0 1 0
    outer loop
      vertex 4.642244644463062 -21 15.916818271577359
      vertex 4.700000002980232 -21 16.3
      vertex 5.7 -21 16.650000000000002
    endloop
  endfacet
  facet normal 0 1 0
    outer loop
      vertex 4.700000002980232 -21 16.3
      vertex 4.700000002980232 -21 18.3
      vertex 5.7 -21 16.650000000000002
    endloop
  endfacet
  facet normal 0 1 0
    outer loop
      vertex 5.7 -21 16.650000000000002
      vertex 4.700000002980232 -21 18.3
      vertex 5.7 -21 17.78
    endloop
  endfacet
  facet normal 0 1 0
    outer loop
      vertex -13 -21 24
      vertex 13 -21 24
      vertex 3.87494333088398 -21 19.510135869681836
    endloop
  endfacet
  facet normal 0 1 0
    outer loop
      vertex 4.210536740720272 -21 19.316380928456784
      vertex 5.7 -21 18.95
      vertex 4.474110409617424 -21 19.032316076755524
    endloop
  endfacet
  facet normal 0 1 0
    outer loop
      vertex 5.7 -21 17.78
      vertex 4.700000002980232 -21 18.3
      vertex 4.642244644463062 -21 18.683181728422642
    endloop
  endfacet
  facet normal 0 1 0
    outer loop
      vertex 5.7 -21 17.78
      vertex 4.642244644463062 -21 18.683181728422642
      vertex 5.7 -21 18.95
    endloop
  endfacet
  facet normal 0 1 0
    outer loop
      vertex 4.642244644463062 -21 18.683181728422642
      vertex 4.474110409617424 -21 19.032316076755524
      vertex 5.7 -21 18.95
    endloop
  endfacet
  facet normal 0 1 0
    outer loop
      vertex 3.87494333088398 -21 19.510135869681836
      vertex 13 -21 24
      vertex 4.210536740720272 -21 19.316380928456784
    endloop
  endfacet
  facet normal 0 1 0
    outer loop
      vertex 4.210536740720272 -21 19.316380928456784
      vertex 13 -21 24
      vertex 5.7 -21 18.95
    endloop
  endfacet
  facet normal -0.3826834279497606 0.923879534340176 0
    outer loop
      vertex 13.353553391993046 -20.853553391993046 2
      vertex 13.04828427190014 -20.98 16.650000000000002
      vertex 13.04828427190014 -20.98 17.78
    endloop
  endfacet
  facet normal -0.3826834279497598 0.9238795343401762 0
    outer loop
      vertex 13.353553391993046 -20.853553391993046 2
      vertex 13.04828427190014 -20.98 17.78
      vertex 13.04828427190014 -20.98 18.95
    endloop
  endfacet
  facet normal -0.3826834279497777 0.9238795343401689 -3.7230775553025084e-16
    outer loop
      vertex 13.353553391993046 -20.853553391993046 2
      vertex 13.04828427190014 -20.98 18.95
      vertex 13 -21 24
    endloop
  endfacet
  facet normal -0.38268342794975796 0.923879534340177 0
    outer loop
      vertex 13.353553391993046 -20.853553391993046 2
      vertex 13 -21 24
      vertex 13.353553391993046 -20.853553391993046 24
    endloop
  endfacet
  facet normal -0.923879534340177 0.38268342794975796 0
    outer loop
      vertex 13.5 -20.5 2
      vertex 13.353553391993046 -20.853553391993046 24
      vertex 13.5 -20.5 24
    endloop
  endfacet
  facet normal 0 1 0
    outer loop
      vertex 5.7 -21 18.95
      vertex 13 -21 24
      vertex 13 -21 18.95
    endloop
  endfacet
  facet normal -0.3826834279497446 0.9238795343401824 0
    outer loop
      vertex 13 -21 18.95
      vertex 13 -21 24
      vertex 13.04828427190014 -20.98 18.95
    endloop
  endfacet
  facet normal -1 0 0
    outer loop
      vertex 13.5 -20.5 24
      vertex 13.5 -4 22.000000000000004
      vertex 13.5 20.5 2
    endloop
  endfacet
  facet normal -1 0 0
    outer loop
      vertex 13.5 -20.5 24
      vertex 13.5 -4 22.420000000000005
      vertex 13.5 -4 22.000000000000004
    endloop
  endfacet
  facet normal -1 0 0
    outer loop
      vertex 13.5 -20.5 24
      vertex 13.5 4 22.420000000000005
      vertex 13.5 -4 22.420000000000005
    endloop
  endfacet
  facet normal 0 0 1
    outer loop
      vertex -9.399999999999999 11 2
      vertex 8.95 2.8000000000000007 2
      vertex 9.4 11 2
    endloop
  endfacet
  facet normal 0 0 1
    outer loop
      vertex -2.4840909090909102 1.4500000000000006 2
      vertex 6.220000000000001 0.5199999999999996 2
      vertex 8.95 1.4500000000000006 2
    endloop
  endfacet
  facet normal 0 0 1
    outer loop
      vertex -9.399999999999999 11 2
      vertex 9.4 11 2
      vertex 9.4 17 2
    endloop
  endfacet
  facet normal 0 0 1
    outer loop
      vertex -9.399999999999999 17 2
      vertex 9.4 17 2
      vertex 13 21 2
    endloop
  endfacet
  facet normal 0 -1 0
    outer loop
      vertex -13 21 2
      vertex 13 21 2
      vertex 5.7 21 16.650000000000002
    endloop
  endfacet
  facet normal 0 0 1
    outer loop
      vertex 8.95 1.4500000000000006 2
      vertex 6.220000000000001 0.5199999999999996 2
      vertex 9.02 0.5199999999999996 2
    endloop
  endfacet
  facet normal 0 0 1
    outer loop
      vertex 9.4 -11 2
      vertex 9.4 11 2
      vertex 8.95 2.8000000000000007 2
    endloop
  endfacet
  facet normal 0 0 1
    outer loop
      vertex 8.95 1.4500000000000006 2
      vertex 9.02 0.5199999999999996 2
      vertex 8.95 2.8000000000000007 2
    endloop
  endfacet
  facet normal 0 0 1
    outer loop
      vertex 11.600000000000001 -11 2
      vertex 11.600000000000001 11 2
      vertex 9.4 11 2
    endloop
  endfacet
  facet normal 0 0 1
    outer loop
      vertex 11.600000000000001 -11 2
      vertex 13 21 2
      vertex 11.600000000000001 11 2
    endloop
  endfacet
  facet normal 0 0 1
    outer loop
      vertex 13.353553391993046 -20.853553391993046 2
      vertex 13.353553391993046 20.853553391993046 2
      vertex 13 21 2
    endloop
  endfacet
  facet normal 0 0 1
    outer loop
      vertex 13.5 -20.5 2
      vertex 13.5 20.5 2
      vertex 13.353553391993046 20.853553391993046 2
    endloop
  endfacet
  facet normal 0 0 1
    outer loop
      vertex 9.4 17 2
      vertex 11.600000000000001 17 2
      vertex 13 21 2
    endloop
  endfacet
  facet normal 0 0 1
    outer loop
      vertex 11.600000000000001 11 2
      vertex 13 21 2
      vertex 11.600000000000001 17 2
    endloop
  endfacet
  facet normal 0 -1 0
    outer loop
      vertex 13 21 2
      vertex 13 21 16.650000000000002
      vertex 5.7 21 16.650000000000002
    endloop
  endfacet
  facet normal -0.923879534340177 -0.38268342794975796 0
    outer loop
      vertex 13.5 20.5 2
      vertex 13.5 20.5 24
      vertex 13.353553391993046 20.853553391993046 2
    endloop
  endfacet
  facet normal -0.38268342794975796 -0.923879534340177 0
    outer loop
      vertex 13 21 2
      vertex 13.353553391993046 20.853553391993046 2
      vertex 13.353553391993046 20.853553391993046 24
    endloop
  endfacet
  facet normal -0.38268342794974475 -0.9238795343401827 0
    outer loop
      vertex 13 21 2
      vertex 13.04828427190014 20.98 16.650000000000002
      vertex 13 21 16.650000000000002
    endloop
  endfacet
  facet normal 0 -1 0
    outer loop
      vertex -5.700000000000001 21 18.95
      vertex 5.7 21 18.95
      vertex 13 21 24
    endloop
  endfacet
  facet normal -1 0 0
    outer loop
      vertex 13.5 -4 22.000000000000004
      vertex 13.5 4 22.000000000000004
      vertex 13.5 20.5 2
    endloop
  endfacet
  facet normal -1 0 0
    outer loop
      vertex 13.5 20.5 2
      vertex 13.5 4 22.000000000000004
      vertex 13.5 4 22.420000000000005
    endloop
  endfacet
  facet normal -1 0 0
    outer loop
      vertex 13.5 -20.5 24
      vertex 13.5 20.5 24
      vertex 13.5 4 22.420000000000005
    endloop
  endfacet
  facet normal -1 0 0
    outer loop
      vertex 13.5 20.5 2
      vertex 13.5 4 22.420000000000005
      vertex 13.5 20.5 24
    endloop
  endfacet
  facet normal -0.3826834279497614 -0.9238795343401756 6.481074138692441e-17
    outer loop
      vertex 13 21 2
      vertex 13.353553391993046 20.853553391993046 24
      vertex 13.04828427190014 20.98 16.650000000000002
    endloop
  endfacet
  facet normal -0.923879534340177 -0.38268342794975796 0
    outer loop
      vertex 13.353553391993046 20.853553391993046 2
      vertex 13.5 20.5 24
      vertex 13.353553391993046 20.853553391993046 24
    endloop
  endfacet
  facet normal 0 -1 0
    outer loop
      vertex 5.7 21 18.95
      vertex 13 21 18.95
      vertex 13 21 24
    endloop
  endfacet
  facet normal -0.3826834279497601 -0.9238795343401762 0
    outer loop
      vertex 13.04828427190014 20.98 16.650000000000002
      vertex 13.353553391993046 20.853553391993046 24
      vertex 13.04828427190014 20.98 17.78
    endloop
  endfacet
  facet normal -0.38268342794976007 -0.9238795343401761 0
    outer loop
      vertex 13.04828427190014 20.98 17.78
      vertex 13.353553391993046 20.853553391993046 24
      vertex 13.04828427190014 20.98 18.95
    endloop
  endfacet
  facet normal -0.3826834279497446 -0.9238795343401824 -1.094366462715154e-15
    outer loop
      vertex 13 21 18.95
      vertex 13.04828427190014 20.98 18.95
      vertex 13.353553391993046 20.853553391993046 24
    endloop
  endfacet
  facet normal -0.38268342794975796 -0.9238795343401771 0
    outer loop
      vertex 13 21 18.95
      vertex 13.353553391993046 20.853553391993046 24
      vertex 13 21 24
    endloop
  endfacet
  facet normal 0 0 1
    outer loop
      vertex -10.499999999824002 22.599999999999998 3.6375000002815963
      vertex -8.287500000228798 22.998756729066372 3.6375000002815963
      vertex -10.499999999824002 22.998756729066372 3.6375000002815963
    endloop
  endfacet
  facet normal 0 0 1
    outer loop
      vertex -10.499999999824002 22.599999999999998 3.6375000002815963
      vertex -8.287500000228798 22.599999999999998 3.6375000002815963
      vertex -8.287500000228798 22.998756729066372 3.6375000002815963
    endloop
  endfacet
  facet normal 0 1 0
    outer loop
      vertex -10.499999999824002 22.599999999999998 3.6375000002815963
      vertex -8.0250000000352 22.599999999999998 7.387500000105598
      vertex -8.287500000228798 22.599999999999998 3.6375000002815963
    endloop
  endfacet
  facet normal 1 0 0
    outer loop
      vertex -10.499999999824002 22.599999999999998 3.6375000002815963
      vertex -10.499999999824002 22.998756729066372 3.6375000002815963
      vertex -10.499999999824002 22.599999999999998 15.262500000369595
    endloop
  endfacet
  facet normal 0 1 0
    outer loop
      vertex -10.499999999824002 22.599999999999998 3.6375000002815963
      vertex -10.499999999824002 22.599999999999998 15.262500000369595
      vertex -8.0250000000352 22.599999999999998 7.387500000105598
    endloop
  endfacet
  facet normal 1 0 0
    outer loop
      vertex -10.499999999824002 22.998756729066372 3.6375000002815963
      vertex -10.499999999824002 22.998756729066372 15.262500000369595
      vertex -10.499999999824002 22.599999999999998 15.262500000369595
    endloop
  endfacet
  facet normal -1 0 0
    outer loop
      vertex -8.0250000000352 22.599999999999998 7.387500000105598
      vertex -8.0250000000352 22.998756729066372 15.262500000369595
      vertex -8.0250000000352 22.998756729066372 7.387500000105598
    endloop
  endfacet
  facet normal -0.7094677188835071 0 0.7047379341728619
    outer loop
      vertex -8.287500000228798 22.599999999999998 3.6375000002815963
      vertex -2.699999999841602 22.998756729066372 9.2625000000176
      vertex -8.287500000228798 22.998756729066372 3.6375000002815963
    endloop
  endfacet
  facet normal 0 1 0
    outer loop
      vertex -8.287500000228798 22.599999999999998 3.6375000002815963
      vertex -8.0250000000352 22.599999999999998 7.387500000105598
      vertex -2.699999999841602 22.599999999999998 9.2625000000176
    endloop
  endfacet
  facet normal -0.7094677188835071 0 0.7047379341728619
    outer loop
      vertex -8.287500000228798 22.599999999999998 3.6375000002815963
      vertex -2.699999999841602 22.599999999999998 9.2625000000176
      vertex -2.699999999841602 22.998756729066372 9.2625000000176
    endloop
  endfacet
  facet normal 0.709583489622736 0 -0.7046213672993606
    outer loop
      vertex -8.0250000000352 22.599999999999998 7.387500000105598
      vertex -8.0250000000352 22.998756729066372 7.387500000105598
      vertex -2.699999999841602 22.599999999999998 12.750000000439995
    endloop
  endfacet
  facet normal 0 1 0
    outer loop
      vertex -8.0250000000352 22.599999999999998 7.387500000105598
      vertex -2.699999999841602 22.599999999999998 12.750000000439995
      vertex -2.699999999841602 22.599999999999998 9.2625000000176
    endloop
  endfacet
  facet normal 0.709583489622736 0 -0.7046213672993606
    outer loop
      vertex -8.0250000000352 22.998756729066372 7.387500000105598
      vertex -2.699999999841602 22.998756729066372 12.750000000439995
      vertex -2.699999999841602 22.599999999999998 12.750000000439995
    endloop
  endfacet
  facet normal 0.7071067811865475 0 0.7071067811865476
    outer loop
      vertex -2.699999999841602 22.599999999999998 9.2625000000176
      vertex 0.37499999982400206 22.599999999999998 6.187500000351996
      vertex 0.37499999982400206 22.998756729066372 6.187500000351996
    endloop
  endfacet
  facet normal 0.7071067811865475 0 0.7071067811865476
    outer loop
      vertex -2.699999999841602 22.599999999999998 9.2625000000176
      vertex 0.37499999982400206 22.998756729066372 6.187500000351996
      vertex -2.699999999841602 22.998756729066372 9.2625000000176
    endloop
  endfacet
  facet normal 0 1 0
    outer loop
      vertex -2.699999999841602 22.599999999999998 9.2625000000176
      vertex 0.33749999968320366 22.599999999999998 9.712500000123198
      vertex 0.37499999982400206 22.599999999999998 6.187500000351996
    endloop
  endfacet
  facet normal 0 1 0
    outer loop
      vertex -2.699999999841602 22.599999999999998 9.2625000000176
      vertex -2.699999999841602 22.599999999999998 12.750000000439995
      vertex 0.33749999968320366 22.599999999999998 9.712500000123198
    endloop
  endfacet
  facet normal -0.7071067812787324 0 -0.7071067810943628
    outer loop
      vertex -2.699999999841602 22.599999999999998 12.750000000439995
      vertex -2.699999999841602 22.998756729066372 12.750000000439995
      vertex 0.33749999968320366 22.599999999999998 9.712500000123198
    endloop
  endfacet
  facet normal -0.7071067812787324 0 -0.7071067810943628
    outer loop
      vertex -2.699999999841602 22.998756729066372 12.750000000439995
      vertex 0.33749999968320366 22.998756729066372 9.712500000123198
      vertex 0.33749999968320366 22.599999999999998 9.712500000123198
    endloop
  endfacet
  facet normal 0 1 0
    outer loop
      vertex -8.0250000000352 22.599999999999998 7.387500000105598
      vertex -10.499999999824002 22.599999999999998 15.262500000369595
      vertex -8.0250000000352 22.599999999999998 15.262500000369595
    endloop
  endfacet
  facet normal -1 0 0
    outer loop
      vertex -8.0250000000352 22.599999999999998 7.387500000105598
      vertex -8.0250000000352 22.599999999999998 15.262500000369595
      vertex -8.0250000000352 22.998756729066372 15.262500000369595
    endloop
  endfacet
  facet normal 0 0 -1
    outer loop
      vertex -10.499999999824002 22.599999999999998 15.262500000369595
      vertex -10.499999999824002 22.998756729066372 15.262500000369595
      vertex -8.0250000000352 22.599999999999998 15.262500000369595
    endloop
  endfacet
  facet normal 0 0 -1
    outer loop
      vertex -10.499999999824002 22.998756729066372 15.262500000369595
      vertex -8.0250000000352 22.998756729066372 15.262500000369595
      vertex -8.0250000000352 22.599999999999998 15.262500000369595
    endloop
  endfacet
  facet normal 0.7729851354953148 0 0.6344241328191179
    outer loop
      vertex -0.2796375005557312 22.599999999999998 14.208900000430702
      vertex -0.2796375005557312 22.998756729066372 14.208900000430702
      vertex -0.3749953128221467 22.599999999999998 14.325084375554887
    endloop
  endfacet
  facet normal 0.7475690022628004 0 0.6641841513133244
    outer loop
      vertex -0.2796375005557312 22.599999999999998 14.208900000430702
      vertex -0.17961093786311902 22.998756729066372 14.096315625263012
      vertex -0.2796375005557312 22.998756729066372 14.208900000430702
    endloop
  endfacet
  facet normal 0.7208975093730425 0 0.6930416877647002
    outer loop
      vertex -0.17961093786311902 22.599999999999998 14.096315625263012
      vertex -0.07500000028159676 22.998756729066372 13.987500000334396
      vertex -0.17961093786311902 22.998756729066372 14.096315625263012
    endloop
  endfacet
  facet normal 0.7208975093730425 0 0.6930416877647002
    outer loop
      vertex -0.07500000028159676 22.599999999999998 13.987500000334396
      vertex -0.07500000028159676 22.998756729066372 13.987500000334396
      vertex -0.17961093786311902 22.599999999999998 14.096315625263012
    endloop
  endfacet
  facet normal 0.7475690022628004 0 0.6641841513133244
    outer loop
      vertex -0.2796375005557312 22.599999999999998 14.208900000430702
      vertex -0.17961093786311902 22.599999999999998 14.096315625263012
      vertex -0.17961093786311902 22.998756729066372 14.096315625263012
    endloop
  endfacet
  facet normal 0.8200071124211659 0 0.5723533310628158
    outer loop
      vertex -0.5513671878871955 22.599999999999998 14.567578125334396
      vertex -0.4655999999170698 22.599999999999998 14.44470000035298
      vertex -0.4655999999170698 22.998756729066372 14.44470000035298
    endloop
  endfacet
  facet normal 0.8415933656071133 0 0.5401116615720233
    outer loop
      vertex -0.5513671878871955 22.599999999999998 14.567578125334396
      vertex -0.5513671878871955 22.998756729066372 14.567578125334396
      vertex -0.6322125004032466 22.599999999999998 14.693550000216549
    endloop
  endfacet
  facet normal 0.8200071124211659 0 0.5723533310628158
    outer loop
      vertex -0.5513671878871955 22.599999999999998 14.567578125334396
      vertex -0.4655999999170698 22.998756729066372 14.44470000035298
      vertex -0.5513671878871955 22.998756729066372 14.567578125334396
    endloop
  endfacet
  facet normal 0.8808665733696814 0 0.4733646373779475
    outer loop
      vertex -0.7788000000919414 22.599999999999998 14.954100000136716
      vertex -0.7080515627199271 22.599999999999998 14.822446875508845
      vertex -0.7080515627199271 22.998756729066372 14.822446875508845
    endloop
  endfacet
  facet normal 0.8985303964243764 0 0.43891129707658827
    outer loop
      vertex -0.7788000000919414 22.599999999999998 14.954100000136716
      vertex -0.7788000000919414 22.998756729066372 14.954100000136716
      vertex -0.8443734377739937 22.599999999999998 15.088340625401557
    endloop
  endfacet
  facet normal 0.8808665733696814 0 0.4733646373779475
    outer loop
      vertex -0.7788000000919414 22.599999999999998 14.954100000136716
      vertex -0.7080515627199271 22.998756729066372 14.822446875508845
      vertex -0.7788000000919414 22.998756729066372 14.954100000136716
    endloop
  endfacet
  facet normal 0.8618834499163988 0 0.5071064175892539
    outer loop
      vertex -0.6322125004032466 22.599999999999998 14.693550000216549
      vertex -0.6322125004032466 22.998756729066372 14.693550000216549
      vertex -0.7080515627199271 22.599999999999998 14.822446875508845
    endloop
  endfacet
  facet normal 0.8415933656071133 0 0.5401116615720233
    outer loop
      vertex -0.5513671878871955 22.998756729066372 14.567578125334396
      vertex -0.6322125004032466 22.998756729066372 14.693550000216549
      vertex -0.6322125004032466 22.599999999999998 14.693550000216549
    endloop
  endfacet
  facet normal 0.8618834499163988 0 0.5071064175892539
    outer loop
      vertex -0.7080515627199271 22.599999999999998 14.822446875508845
      vertex -0.6322125004032466 22.998756729066372 14.693550000216549
      vertex -0.7080515627199271 22.998756729066372 14.822446875508845
    endloop
  endfacet
  facet normal 0.797134520772065 0 0.6038017520622893
    outer loop
      vertex -0.3749953128221467 22.599999999999998 14.325084375554887
      vertex -0.3749953128221467 22.998756729066372 14.325084375554887
      vertex -0.4655999999170698 22.599999999999998 14.44470000035298
    endloop
  endfacet
  facet normal 0.797134520772065 0 0.6038017520622893
    outer loop
      vertex -0.4655999999170698 22.599999999999998 14.44470000035298
      vertex -0.3749953128221467 22.998756729066372 14.325084375554887
      vertex -0.4655999999170698 22.998756729066372 14.44470000035298
    endloop
  endfacet
  facet normal 0.7729851354953148 0 0.6344241328191179
    outer loop
      vertex -0.2796375005557312 22.998756729066372 14.208900000430702
      vertex -0.3749953128221467 22.998756729066372 14.325084375554887
      vertex -0.3749953128221467 22.599999999999998 14.325084375554887
    endloop
  endfacet
  facet normal 0.9434497989698695 0 0.3315154247146168
    outer loop
      vertex -1.0092000004754762 22.599999999999998 15.504900000608108
      vertex -0.9596578127110568 22.599999999999998 15.363909375127845
      vertex -0.9596578127110568 22.998756729066372 15.363909375127845
    endloop
  endfacet
  facet normal 0.955667104418475 0 0.294449291954332
    outer loop
      vertex -1.0092000004754762 22.599999999999998 15.504900000608108
      vertex -1.0092000004754762 22.998756729066372 15.504900000608108
      vertex -1.053229687984769 22.599999999999998 15.647803125595015
    endloop
  endfacet
  facet normal 0.9434497989698695 0 0.3315154247146168
    outer loop
      vertex -1.0092000004754762 22.599999999999998 15.504900000608108
      vertex -0.9596578127110568 22.998756729066372 15.363909375127845
      vertex -1.0092000004754762 22.998756729066372 15.504900000608108
    endloop
  endfacet
  facet normal 0.9664669111322871 0 0.25679117914448707
    outer loop
      vertex -1.053229687984769 22.599999999999998 15.647803125595015
      vertex -1.053229687984769 22.998756729066372 15.647803125595015
      vertex -1.091662500493639 22.599999999999998 15.79245000059797
    endloop
  endfacet
  facet normal 0.955667104418475 0 0.294449291954332
    outer loop
      vertex -1.053229687984769 22.599999999999998 15.647803125595015
      vertex -1.0092000004754762 22.998756729066372 15.504900000608108
      vertex -1.053229687984769 22.998756729066372 15.647803125595015
    endloop
  endfacet
  facet normal 0.9664669111322871 0 0.25679117914448707
    outer loop
      vertex -1.053229687984769 22.998756729066372 15.647803125595015
      vertex -1.091662500493639 22.998756729066372 15.79245000059797
      vertex -1.091662500493639 22.599999999999998 15.79245000059797
    endloop
  endfacet
  facet normal 0.9758213367190993 0 0.21856971154245125
    outer loop
      vertex -1.091662500493639 22.599999999999998 15.79245000059797
      vertex -1.091662500493639 22.998756729066372 15.79245000059797
      vertex -1.1244140624648005 22.599999999999998 15.938671875334396
    endloop
  endfacet
  facet normal 0.9758213367190993 0 0.21856971154245125
    outer loop
      vertex -1.1244140624648005 22.599999999999998 15.938671875334396
      vertex -1.091662500493639 22.998756729066372 15.79245000059797
      vertex -1.1244140624648005 22.998756729066372 15.938671875334396
    endloop
  endfacet
  facet normal 0.9837000528366968 0 0.17981714614874691
    outer loop
      vertex -1.1244140624648005 22.599999999999998 15.938671875334396
      vertex -1.1244140624648005 22.998756729066372 15.938671875334396
      vertex -1.1513999999449478 22.599999999999998 16.0863000003137
    endloop
  endfacet
  facet normal 0.9837000528366968 0 0.17981714614874691
    outer loop
      vertex -1.1513999999449478 22.599999999999998 16.0863000003137
      vertex -1.1244140624648005 22.998756729066372 15.938671875334396
      vertex -1.1513999999449478 22.998756729066372 16.0863000003137
    endloop
  endfacet
  facet normal 0.9900707121929222 0 0.1405702132665375
    outer loop
      vertex -1.1513999999449478 22.599999999999998 16.0863000003137
      vertex -1.1513999999449478 22.998756729066372 16.0863000003137
      vertex -1.172535937396795 22.599999999999998 16.235165625253295
    endloop
  endfacet
  facet normal 0.9948995152538834 0 0.10087097970966595
    outer loop
      vertex -1.172535937396795 22.599999999999998 16.235165625253295
      vertex -1.172535937396795 22.998756729066372 16.235165625253295
      vertex -1.1877375000750456 22.599999999999998 16.385100000662597
    endloop
  endfacet
  facet normal 0.9900707121929222 0 0.1405702132665375
    outer loop
      vertex -1.1513999999449478 22.998756729066372 16.0863000003137
      vertex -1.172535937396795 22.998756729066372 16.235165625253295
      vertex -1.172535937396795 22.599999999999998 16.235165625253295
    endloop
  endfacet
  facet normal 0.9981519421212045 0 0.06076759366362604
    outer loop
      vertex -1.1877375000750456 22.599999999999998 16.385100000662597
      vertex -1.1877375000750456 22.998756729066372 16.385100000662597
      vertex -1.1969203124424135 22.599999999999998 16.53593437546703
    endloop
  endfacet
  facet normal 0.9948995152538834 0 0.10087097970966595
    outer loop
      vertex -1.1877375000750456 22.599999999999998 16.385100000662597
      vertex -1.172535937396795 22.998756729066372 16.235165625253295
      vertex -1.1877375000750456 22.998756729066372 16.385100000662597
    endloop
  endfacet
  facet normal 0.9981519421212045 0 0.06076759366362604
    outer loop
      vertex -1.1877375000750456 22.998756729066372 16.385100000662597
      vertex -1.1969203124424135 22.998756729066372 16.53593437546703
      vertex -1.1969203124424135 22.599999999999998 16.53593437546703
    endloop
  endfacet
  facet normal 0.9148605306732043 0 0.40376999568608746
    outer loop
      vertex -0.8443734377739937 22.599999999999998 15.088340625401557
      vertex -0.8443734377739937 22.998756729066372 15.088340625401557
      vertex -0.9046875002287974 22.599999999999998 15.225000000228798
    endloop
  endfacet
  facet normal 0.9148605306732043 0 0.40376999568608746
    outer loop
      vertex -0.9046875002287974 22.599999999999998 15.225000000228798
      vertex -0.8443734377739937 22.998756729066372 15.088340625401557
      vertex -0.9046875002287974 22.998756729066372 15.225000000228798
    endloop
  endfacet
  facet normal 0.8985303964243764 0 0.43891129707658827
    outer loop
      vertex -0.7788000000919414 22.998756729066372 14.954100000136716
      vertex -0.8443734377739937 22.998756729066372 15.088340625401557
      vertex -0.8443734377739937 22.599999999999998 15.088340625401557
    endloop
  endfacet
  facet normal 0.9298401648072272 0 0.36796367743470093
    outer loop
      vertex -0.9046875002287974 22.599999999999998 15.225000000228798
      vertex -0.9046875002287974 22.998756729066372 15.225000000228798
      vertex -0.9596578127110568 22.599999999999998 15.363909375127845
    endloop
  endfacet
  facet normal 0.9298401648072272 0 0.36796367743470093
    outer loop
      vertex -0.9596578127110568 22.599999999999998 15.363909375127845
      vertex -0.9046875002287974 22.998756729066372 15.225000000228798
      vertex -0.9596578127110568 22.998756729066372 15.363909375127845
    endloop
  endfacet
  facet normal 0 1 0
    outer loop
      vertex -0.7788000000919414 22.599999999999998 14.954100000136716
      vertex 1.3639171874722629 22.599999999999998 16.08464531283679
      vertex -0.7080515627199271 22.599999999999998 14.822446875508845
    endloop
  endfacet
  facet normal 0 1 0
    outer loop
      vertex -0.8443734377739937 22.599999999999998 15.088340625401557
      vertex -0.9046875002287974 22.599999999999998 15.225000000228798
      vertex 1.3104890625425212 22.599999999999998 16.19432343797773
    endloop
  endfacet
  facet normal 0 1 0
    outer loop
      vertex -0.7788000000919414 22.599999999999998 14.954100000136716
      vertex -0.8443734377739937 22.599999999999998 15.088340625401557
      vertex 1.3359374994720061 22.599999999999998 16.139062500492795
    endloop
  endfacet
  facet normal 0 1 0
    outer loop
      vertex -0.9046875002287974 22.599999999999998 15.225000000228798
      vertex -0.9596578127110568 22.599999999999998 15.363909375127845
      vertex 1.2875999994869307 22.599999999999998 16.2504000001125
    endloop
  endfacet
  facet normal 0 1 0
    outer loop
      vertex -1.0092000004754762 22.599999999999998 15.504900000608108
      vertex 1.2672984370683122 22.599999999999998 16.307264062509997
      vertex -0.9596578127110568 22.599999999999998 15.363909375127845
    endloop
  endfacet
  facet normal 0 1 0
    outer loop
      vertex -1.0092000004754762 22.599999999999998 15.504900000608108
      vertex -1.053229687984769 22.599999999999998 15.647803125595015
      vertex 1.2672984370683122 22.599999999999998 16.307264062509997
    endloop
  endfacet
  facet normal 0 1 0
    outer loop
      vertex -1.053229687984769 22.599999999999998 15.647803125595015
      vertex -1.091662500493639 22.599999999999998 15.79245000059797
      vertex 1.2496124996737703 22.599999999999998 16.36488749999113
    endloop
  endfacet
  facet normal 0 1 0
    outer loop
      vertex -1.091662500493639 22.599999999999998 15.79245000059797
      vertex -1.1244140624648005 22.599999999999998 15.938671875334396
      vertex 1.2345703124824003 22.599999999999998 16.423242188168793
    endloop
  endfacet
  facet normal 0 1 0
    outer loop
      vertex -1.1513999999449478 22.599999999999998 16.0863000003137
      vertex -1.172535937396795 22.599999999999998 16.235165625253295
      vertex 1.212529687049586 22.599999999999998 16.54203281272936
    endloop
  endfacet
  facet normal 0 1 0
    outer loop
      vertex -1.1244140624648005 22.599999999999998 15.938671875334396
      vertex -1.1513999999449478 22.599999999999998 16.0863000003137
      vertex 1.2221999998813071 22.599999999999998 16.482300000279906
    endloop
  endfacet
  facet normal 0 1 0
    outer loop
      vertex -1.172535937396795 22.599999999999998 16.235165625253295
      vertex -1.1877375000750456 22.599999999999998 16.385100000662597
      vertex 1.2055874999583238 22.599999999999998 16.60241250033806
    endloop
  endfacet
  facet normal 0.9997936295112335 0 0.020314979418014207
    outer loop
      vertex -1.1969203124424135 22.599999999999998 16.53593437546703
      vertex -1.1969203124424135 22.998756729066372 16.53593437546703
      vertex -1.2000000005455937 22.599999999999998 16.687500000175998
    endloop
  endfacet
  facet normal 0.9997936295112335 0 0.020314979418014207
    outer loop
      vertex -1.2000000005455937 22.599999999999998 16.687500000175998
      vertex -1.1969203124424135 22.998756729066372 16.53593437546703
      vertex -1.2000000005455937 22.998756729066372 16.687500000175998
    endloop
  endfacet
  facet normal 0.9991762942670316 0 -0.040579957796949784
    outer loop
      vertex -1.2000000005455937 22.599999999999998 16.687500000175998
      vertex -1.2000000005455937 22.998756729066372 16.687500000175998
      vertex -1.1877843748455443 22.599999999999998 16.98827812518543
    endloop
  endfacet
  facet normal 0.9991762942670316 0 -0.040579957796949784
    outer loop
      vertex -1.2000000005455937 22.998756729066372 16.687500000175998
      vertex -1.1877843748455443 22.998756729066372 16.98827812518543
      vertex -1.1877843748455443 22.599999999999998 16.98827812518543
    endloop
  endfacet
  facet normal 0.9925923841514879 0 -0.12149221754690726
    outer loop
      vertex -1.1877843748455443 22.599999999999998 16.98827812518543
      vertex -1.1877843748455443 22.998756729066372 16.98827812518543
      vertex -1.1517750004849097 22.599999999999998 17.282475000262025
    endloop
  endfacet
  facet normal 0.9925923841514879 0 -0.12149221754690726
    outer loop
      vertex -1.1877843748455443 22.998756729066372 16.98827812518543
      vertex -1.1517750004849097 22.998756729066372 17.282475000262025
      vertex -1.1517750004849097 22.599999999999998 17.282475000262025
    endloop
  endfacet
  facet normal 0.9795724518011792 0 -0.20109155047446986
    outer loop
      vertex -1.1517750004849097 22.599999999999998 17.282475000262025
      vertex -1.1517750004849097 22.998756729066372 17.282475000262025
      vertex -1.0929281248410387 22.599999999999998 17.56913437565246
    endloop
  endfacet
  facet normal 0.9795724518011792 0 -0.20109155047446986
    outer loop
      vertex -1.0929281248410387 22.599999999999998 17.56913437565246
      vertex -1.1517750004849097 22.998756729066372 17.282475000262025
      vertex -1.0929281248410387 22.998756729066372 17.56913437565246
    endloop
  endfacet
  facet normal 0.9603736195059764 0 -0.2787158247337061
    outer loop
      vertex -1.0929281248410387 22.599999999999998 17.56913437565246
      vertex -1.0929281248410387 22.998756729066372 17.56913437565246
      vertex -1.0122000000432252 22.599999999999998 17.84730000001943
    endloop
  endfacet
  facet normal 0.9603736195059764 0 -0.2787158247337061
    outer loop
      vertex -1.0929281248410387 22.998756729066372 17.56913437565246
      vertex -1.0122000000432252 22.998756729066372 17.84730000001943
      vertex -1.0122000000432252 22.599999999999998 17.84730000001943
    endloop
  endfacet
  facet normal 0.9353128187161464 0 -0.35382189184002905
    outer loop
      vertex -1.0122000000432252 22.599999999999998 17.84730000001943
      vertex -1.0122000000432252 22.998756729066372 17.84730000001943
      vertex -0.9105468750527994 22.599999999999998 18.116015625193597
    endloop
  endfacet
  facet normal 0 1 0
    outer loop
      vertex -1.1877375000750456 22.599999999999998 16.385100000662597
      vertex -1.1969203124424135 22.599999999999998 16.53593437546703
      vertex 1.201401562202634 22.599999999999998 16.6634109379269
    endloop
  endfacet
  facet normal 0 1 0
    outer loop
      vertex -1.1969203124424135 22.599999999999998 16.53593437546703
      vertex -1.2000000005455937 22.599999999999998 16.687500000175998
      vertex 1.1999999997536028 22.599999999999998 16.725000000316797
    endloop
  endfacet
  facet normal 0 1 0
    outer loop
      vertex -1.2000000005455937 22.599999999999998 16.687500000175998
      vertex -1.1877843748455443 22.599999999999998 16.98827812518543
      vertex 1.2041671871258988 22.599999999999998 16.830698437959427
    endloop
  endfacet
  facet normal 0 1 0
    outer loop
      vertex -1.1877843748455443 22.599999999999998 16.98827812518543
      vertex -1.1517750004849097 22.599999999999998 17.282475000262025
      vertex 1.2164624997773978 22.599999999999998 16.93383750014418
    endloop
  endfacet
  facet normal 0 1 0
    outer loop
      vertex -1.1517750004849097 22.599999999999998 17.282475000262025
      vertex -1.0929281248410387 22.599999999999998 17.56913437565246
      vertex 1.2365765623220308 22.599999999999998 17.034107813068967
    endloop
  endfacet
  facet normal 0 1 0
    outer loop
      vertex -1.0929281248410387 22.599999999999998 17.56913437565246
      vertex -1.0122000000432252 22.599999999999998 17.84730000001943
      vertex 1.2642000001657197 22.599999999999998 17.13120000055573
    endloop
  endfacet
  facet normal 0 1 0
    outer loop
      vertex -1.0122000000432252 22.599999999999998 17.84730000001943
      vertex -0.9105468750527994 22.599999999999998 18.116015625193597
      vertex 1.2990234371304044 22.599999999999998 17.224804688010394
    endloop
  endfacet
  facet normal 0 1 0
    outer loop
      vertex -0.9105468750527994 22.599999999999998 18.116015625193597
      vertex -0.7889250004150736 22.599999999999998 18.37432500062965
      vertex 1.340737500205988 22.599999999999998 17.314612500046884
    endloop
  endfacet
  facet normal 0.9353128187161464 0 -0.35382189184002905
    outer loop
      vertex -1.0122000000432252 22.998756729066372 17.84730000001943
      vertex -0.9105468750527994 22.998756729066372 18.116015625193597
      vertex -0.9105468750527994 22.599999999999998 18.116015625193597
    endloop
  endfacet
  facet normal 0.9047316173642724 0 -0.42598204251051225
    outer loop
      vertex -0.9105468750527994 22.599999999999998 18.116015625193597
      vertex -0.9105468750527994 22.998756729066372 18.116015625193597
      vertex -0.7889250004150736 22.599999999999998 18.37432500062965
    endloop
  endfacet
  facet normal 0.9047316173642724 0 -0.42598204251051225
    outer loop
      vertex -0.7889250004150736 22.599999999999998 18.37432500062965
      vertex -0.9105468750527994 22.998756729066372 18.116015625193597
      vertex -0.7889250004150736 22.998756729066372 18.37432500062965
    endloop
  endfacet
  facet normal 0.8689669607807576 0 -0.4948701052513207
    outer loop
      vertex -0.7889250004150736 22.599999999999998 18.37432500062965
      vertex -0.7889250004150736 22.998756729066372 18.37432500062965
      vertex -0.6482906250913781 22.599999999999998 18.621271874990285
    endloop
  endfacet
  facet normal 0.8689669607807576 0 -0.4948701052513207
    outer loop
      vertex -0.7889250004150736 22.998756729066372 18.37432500062965
      vertex -0.6482906250913781 22.998756729066372 18.621271874990285
      vertex -0.6482906250913781 22.599999999999998 18.621271874990285
    endloop
  endfacet
  facet normal 0.828329943794301 0 -0.5602405770860677
    outer loop
      vertex -0.6482906250913781 22.599999999999998 18.621271874990285
      vertex -0.6482906250913781 22.998756729066372 18.621271874990285
      vertex -0.48960000041901597 22.599999999999998 18.85590000010616
    endloop
  endfacet
  facet normal 0 1 0
    outer loop
      vertex -0.7889250004150736 22.599999999999998 18.37432500062965
      vertex -0.6482906250913781 22.599999999999998 18.621271874990285
      vertex 1.3890328124224203 22.599999999999998 17.400314062863117
    endloop
  endfacet
  facet normal 0.828329943794301 0 -0.5602405770860677
    outer loop
      vertex -0.6482906250913781 22.998756729066372 18.621271874990285
      vertex -0.48960000041901597 22.998756729066372 18.85590000010616
      vertex -0.48960000041901597 22.599999999999998 18.85590000010616
    endloop
  endfacet
  facet normal 0.7830932701847574 0 -0.621904277354114
    outer loop
      vertex -0.48960000041901597 22.599999999999998 18.85590000010616
      vertex -0.48960000041901597 22.998756729066372 18.85590000010616
      vertex -0.31380937535931747 22.599999999999998 19.07725312543197
    endloop
  endfacet
  facet normal 0.7830932701847574 0 -0.621904277354114
    outer loop
      vertex -0.48960000041901597 22.998756729066372 18.85590000010616
      vertex -0.31380937535931747 22.998756729066372 19.07725312543197
      vertex -0.31380937535931747 22.599999999999998 19.07725312543197
    endloop
  endfacet
  facet normal 0.7334872175685483 0 -0.6797032452942601
    outer loop
      vertex -0.31380937535931747 22.599999999999998 19.07725312543197
      vertex -0.31380937535931747 22.998756729066372 19.07725312543197
      vertex -0.12187500045759472 22.599999999999998 19.284375000422393
    endloop
  endfacet
  facet normal 0.7334872175685483 0 -0.6797032452942601
    outer loop
      vertex -0.31380937535931747 22.998756729066372 19.07725312543197
      vertex -0.12187500045759472 22.998756729066372 19.284375000422393
      vertex -0.12187500045759472 22.599999999999998 19.284375000422393
    endloop
  endfacet
  facet normal 0.6797032452942587 0 -0.7334872175685494
    outer loop
      vertex -0.12187500045759472 22.599999999999998 19.284375000422393
      vertex -0.12187500045759472 22.998756729066372 19.284375000422393
      vertex 0.085246874532831 22.599999999999998 19.476309375324117
    endloop
  endfacet
  facet normal -0.7289225457253831 0 0.6845961746410995
    outer loop
      vertex 0.37499999982400206 22.599999999999998 6.187500000351996
      vertex 5.587499999595205 22.998756729066372 11.737500000598393
      vertex 0.37499999982400206 22.998756729066372 6.187500000351996
    endloop
  endfacet
  facet normal 0.7270131526207865 0 -0.6866235328885727
    outer loop
      vertex 0.33749999968320366 22.599999999999998 9.712500000123198
      vertex 0.33749999968320366 22.998756729066372 9.712500000123198
      vertex 2.249999999736003 22.599999999999998 11.737500000598393
    endloop
  endfacet
  facet normal 0.7270131526207865 0 -0.6866235328885727
    outer loop
      vertex 0.33749999968320366 22.998756729066372 9.712500000123198
      vertex 2.249999999736003 22.998756729066372 11.737500000598393
      vertex 2.249999999736003 22.599999999999998 11.737500000598393
    endloop
  endfacet
  facet normal 0 1 0
    outer loop
      vertex 0.37499999982400206 22.599999999999998 6.187500000351996
      vertex 0.33749999968320366 22.599999999999998 9.712500000123198
      vertex 5.587499999595205 22.599999999999998 11.737500000598393
    endloop
  endfacet
  facet normal -0.7289225457253831 0 0.6845961746410995
    outer loop
      vertex 0.37499999982400206 22.599999999999998 6.187500000351996
      vertex 5.587499999595205 22.599999999999998 11.737500000598393
      vertex 5.587499999595205 22.998756729066372 11.737500000598393
    endloop
  endfacet
  facet normal 0 1 0
    outer loop
      vertex 0.33749999968320366 22.599999999999998 9.712500000123198
      vertex 2.249999999736003 22.599999999999998 11.737500000598393
      vertex 5.587499999595205 22.599999999999998 11.737500000598393
    endloop
  endfacet
  facet normal 0 0 1
    outer loop
      vertex 8.0250000000352 22.599999999999998 7.950000000633593
      vertex 10.499999999824002 22.998756729066372 7.950000000633593
      vertex 8.0250000000352 22.998756729066372 7.950000000633593
    endloop
  endfacet
  facet normal 0 0 1
    outer loop
      vertex 8.0250000000352 22.599999999999998 7.950000000633593
      vertex 10.499999999824002 22.599999999999998 7.950000000633593
      vertex 10.499999999824002 22.998756729066372 7.950000000633593
    endloop
  endfacet
  facet normal 1 0 0
    outer loop
      vertex 8.0250000000352 22.599999999999998 7.950000000633593
      vertex 8.0250000000352 22.998756729066372 7.950000000633593
      vertex 8.0250000000352 22.599999999999998 18.000000000351996
    endloop
  endfacet
  facet normal 0 1 0
    outer loop
      vertex 8.0250000000352 22.599999999999998 7.950000000633593
      vertex 8.0250000000352 22.599999999999998 18.000000000351996
      vertex 10.499999999824002 22.599999999999998 7.950000000633593
    endloop
  endfacet
  facet normal 0.6954214274712024 0 0.7186021418099972
    outer loop
      vertex -0.07500000028159676 22.599999999999998 13.987500000334396
      vertex 2.249999999736003 22.998756729066372 11.737500000598393
      vertex -0.07500000028159676 22.998756729066372 13.987500000334396
    endloop
  endfacet
  facet normal 0.6954214274712024 0 0.7186021418099972
    outer loop
      vertex -0.07500000028159676 22.599999999999998 13.987500000334396
      vertex 2.249999999736003 22.599999999999998 11.737500000598393
      vertex 2.249999999736003 22.998756729066372 11.737500000598393
    endloop
  endfacet
  facet normal 0 1 0
    outer loop
      vertex -0.07500000028159676 22.599999999999998 13.987500000334396
      vertex -0.17961093786311902 22.599999999999998 14.096315625263012
      vertex 1.6282875001958506 22.599999999999998 15.729712499994932
    endloop
  endfacet
  facet normal 0 1 0
    outer loop
      vertex -0.3749953128221467 22.599999999999998 14.325084375554887
      vertex -0.4655999999170698 22.599999999999998 14.44470000035298
      vertex 1.5005859370952048 22.599999999999998 15.8759765625
    endloop
  endfacet
  facet normal 0 1 0
    outer loop
      vertex -0.5513671878871955 22.599999999999998 14.567578125334396
      vertex 1.4627624997707804 22.599999999999998 15.926737500633312
      vertex -0.4655999999170698 22.599999999999998 14.44470000035298
    endloop
  endfacet
  facet normal 0 1 0
    outer loop
      vertex -0.2796375005557312 22.599999999999998 14.208900000430702
      vertex -0.3749953128221467 22.599999999999998 14.325084375554887
      vertex 1.540799999594923 22.599999999999998 15.826200000091097
    endloop
  endfacet
  facet normal 0 1 0
    outer loop
      vertex -0.2796375005557312 22.599999999999998 14.208900000430702
      vertex 1.58337656209084 22.599999999999998 15.777435937793705
      vertex -0.17961093786311902 22.599999999999998 14.096315625263012
    endloop
  endfacet
  facet normal 0 1 0
    outer loop
      vertex -0.07500000028159676 22.599999999999998 13.987500000334396
      vertex 1.6755046871468777 22.599999999999998 15.683057812665862
      vertex 2.249999999736003 22.599999999999998 11.737500000598393
    endloop
  endfacet
  facet normal 0 1 0
    outer loop
      vertex 2.249999999736003 22.599999999999998 11.737500000598393
      vertex 1.6755046871468777 22.599999999999998 15.683057812665862
      vertex 1.7250000001407986 22.599999999999998 15.637500000193597
    endloop
  endfacet
  facet normal 0 1 0
    outer loop
      vertex 2.249999999736003 22.599999999999998 11.737500000598393
      vertex 1.7250000001407986 22.599999999999998 15.637500000193597
      vertex 5.587499999595205 22.599999999999998 11.737500000598393
    endloop
  endfacet
  facet normal -0.7105144651257407 0 -0.7036825952424023
    outer loop
      vertex 5.587499999595205 22.599999999999998 11.737500000598393
      vertex 1.7250000001407986 22.599999999999998 15.637500000193597
      vertex 1.7250000001407986 22.998756729066372 15.637500000193597
    endloop
  endfacet
  facet normal 0 1 0
    outer loop
      vertex -0.5513671878871955 22.599999999999998 14.567578125334396
      vertex -0.6322125004032466 22.599999999999998 14.693550000216549
      vertex 1.4273578120087544 22.599999999999998 15.978454687727954
    endloop
  endfacet
  facet normal 0 1 0
    outer loop
      vertex -0.6322125004032466 22.599999999999998 14.693550000216549
      vertex -0.7080515627199271 22.599999999999998 14.822446875508845
      vertex 1.394399999780214 22.599999999999998 16.03110000018881
    endloop
  endfacet
  facet normal 0 1 0
    outer loop
      vertex -0.2796375005557312 22.599999999999998 14.208900000430702
      vertex 1.540799999594923 22.599999999999998 15.826200000091097
      vertex 1.58337656209084 22.599999999999998 15.777435937793705
    endloop
  endfacet
  facet normal 0 1 0
    outer loop
      vertex -0.3749953128221467 22.599999999999998 14.325084375554887
      vertex 1.5005859370952048 22.599999999999998 15.8759765625
      vertex 1.540799999594923 22.599999999999998 15.826200000091097
    endloop
  endfacet
  facet normal 0 1 0
    outer loop
      vertex -0.7080515627199271 22.599999999999998 14.822446875508845
      vertex 1.3639171874722629 22.599999999999998 16.08464531283679
      vertex 1.394399999780214 22.599999999999998 16.03110000018881
    endloop
  endfacet
  facet normal 0 1 0
    outer loop
      vertex -0.7788000000919414 22.599999999999998 14.954100000136716
      vertex 1.3359374994720061 22.599999999999998 16.139062500492795
      vertex 1.3639171874722629 22.599999999999998 16.08464531283679
    endloop
  endfacet
  facet normal 0 1 0
    outer loop
      vertex -0.4655999999170698 22.599999999999998 14.44470000035298
      vertex 1.4627624997707804 22.599999999999998 15.926737500633312
      vertex 1.5005859370952048 22.599999999999998 15.8759765625
    endloop
  endfacet
  facet normal 0 1 0
    outer loop
      vertex -0.5513671878871955 22.599999999999998 14.567578125334396
      vertex 1.4273578120087544 22.599999999999998 15.978454687727954
      vertex 1.4627624997707804 22.599999999999998 15.926737500633312
    endloop
  endfacet
  facet normal 0 1 0
    outer loop
      vertex -0.6322125004032466 22.599999999999998 14.693550000216549
      vertex 1.394399999780214 22.599999999999998 16.03110000018881
      vertex 1.4273578120087544 22.599999999999998 15.978454687727954
    endloop
  endfacet
  facet normal 0 1 0
    outer loop
      vertex -1.091662500493639 22.599999999999998 15.79245000059797
      vertex 1.2345703124824003 22.599999999999998 16.423242188168793
      vertex 1.2496124996737703 22.599999999999998 16.36488749999113
    endloop
  endfacet
  facet normal 0 1 0
    outer loop
      vertex -1.1244140624648005 22.599999999999998 15.938671875334396
      vertex 1.2221999998813071 22.599999999999998 16.482300000279906
      vertex 1.2345703124824003 22.599999999999998 16.423242188168793
    endloop
  endfacet
  facet normal 0 1 0
    outer loop
      vertex -1.1513999999449478 22.599999999999998 16.0863000003137
      vertex 1.212529687049586 22.599999999999998 16.54203281272936
      vertex 1.2221999998813071 22.599999999999998 16.482300000279906
    endloop
  endfacet
  facet normal 0 1 0
    outer loop
      vertex -1.172535937396795 22.599999999999998 16.235165625253295
      vertex 1.2055874999583238 22.599999999999998 16.60241250033806
      vertex 1.212529687049586 22.599999999999998 16.54203281272936
    endloop
  endfacet
  facet normal 0 1 0
    outer loop
      vertex -0.8443734377739937 22.599999999999998 15.088340625401557
      vertex 1.3104890625425212 22.599999999999998 16.19432343797773
      vertex 1.3359374994720061 22.599999999999998 16.139062500492795
    endloop
  endfacet
  facet normal 0 1 0
    outer loop
      vertex -0.9046875002287974 22.599999999999998 15.225000000228798
      vertex 1.2875999994869307 22.599999999999998 16.2504000001125
      vertex 1.3104890625425212 22.599999999999998 16.19432343797773
    endloop
  endfacet
  facet normal 0 1 0
    outer loop
      vertex -0.9596578127110568 22.599999999999998 15.363909375127845
      vertex 1.2672984370683122 22.599999999999998 16.307264062509997
      vertex 1.2875999994869307 22.599999999999998 16.2504000001125
    endloop
  endfacet
  facet normal 0 1 0
    outer loop
      vertex -1.053229687984769 22.599999999999998 15.647803125595015
      vertex 1.2496124996737703 22.599999999999998 16.36488749999113
      vertex 1.2672984370683122 22.599999999999998 16.307264062509997
    endloop
  endfacet
  facet normal 0 1 0
    outer loop
      vertex -0.07500000028159676 22.599999999999998 13.987500000334396
      vertex 1.6282875001958506 22.599999999999998 15.729712499994932
      vertex 1.6755046871468777 22.599999999999998 15.683057812665862
    endloop
  endfacet
  facet normal 0 1 0
    outer loop
      vertex -0.17961093786311902 22.599999999999998 14.096315625263012
      vertex 1.58337656209084 22.599999999999998 15.777435937793705
      vertex 1.6282875001958506 22.599999999999998 15.729712499994932
    endloop
  endfacet
  facet normal -0.6772346357610756 0 -0.7357671154146285
    outer loop
      vertex 1.6755046871468777 22.599999999999998 15.683057812665862
      vertex 1.6755046871468777 22.998756729066372 15.683057812665862
      vertex 1.7250000001407986 22.599999999999998 15.637500000193597
    endloop
  endfacet
  facet normal -0.7028570331198705 0 -0.7113311401829202
    outer loop
      vertex 1.6282875001958506 22.599999999999998 15.729712499994932
      vertex 1.6282875001958506 22.998756729066372 15.729712499994932
      vertex 1.6755046871468777 22.599999999999998 15.683057812665862
    endloop
  endfacet
  facet normal -0.7282398879095892 0 -0.685322307865014
    outer loop
      vertex 1.6282875001958506 22.599999999999998 15.729712499994932
      vertex 1.58337656209084 22.998756729066372 15.777435937793705
      vertex 1.6282875001958506 22.998756729066372 15.729712499994932
    endloop
  endfacet
  facet normal -0.7028570331198705 0 -0.7113311401829202
    outer loop
      vertex 1.6755046871468777 22.599999999999998 15.683057812665862
      vertex 1.6282875001958506 22.998756729066372 15.729712499994932
      vertex 1.6755046871468777 22.998756729066372 15.683057812665862
    endloop
  endfacet
  facet normal -0.6772346357610756 0 -0.7357671154146285
    outer loop
      vertex 1.6755046871468777 22.998756729066372 15.683057812665862
      vertex 1.7250000001407986 22.998756729066372 15.637500000193597
      vertex 1.7250000001407986 22.599999999999998 15.637500000193597
    endloop
  endfacet
  facet normal -0.8251641408946072 0 -0.5648930346372353
    outer loop
      vertex 1.4273578120087544 22.599999999999998 15.978454687727954
      vertex 1.4273578120087544 22.998756729066372 15.978454687727954
      vertex 1.4627624997707804 22.599999999999998 15.926737500633312
    endloop
  endfacet
  facet normal -0.847603761467132 0 -0.530629685889104
    outer loop
      vertex 1.394399999780214 22.599999999999998 16.03110000018881
      vertex 1.394399999780214 22.998756729066372 16.03110000018881
      vertex 1.4273578120087544 22.599999999999998 15.978454687727954
    endloop
  endfacet
  facet normal -0.8690425916627711 0 -0.49473727762930303
    outer loop
      vertex 1.394399999780214 22.599999999999998 16.03110000018881
      vertex 1.3639171874722629 22.599999999999998 16.08464531283679
      vertex 1.3639171874722629 22.998756729066372 16.08464531283679
    endloop
  endfacet
  facet normal -0.8893296353451646 0 -0.45726666147537626
    outer loop
      vertex 1.3639171874722629 22.599999999999998 16.08464531283679
      vertex 1.3359374994720061 22.599999999999998 16.139062500492795
      vertex 1.3359374994720061 22.998756729066372 16.139062500492795
    endloop
  endfacet
  facet normal -0.8251641408946072 0 -0.5648930346372353
    outer loop
      vertex 1.4273578120087544 22.998756729066372 15.978454687727954
      vertex 1.4627624997707804 22.998756729066372 15.926737500633312
      vertex 1.4627624997707804 22.599999999999998 15.926737500633312
    endloop
  endfacet
  facet normal -0.847603761467132 0 -0.530629685889104
    outer loop
      vertex 1.4273578120087544 22.599999999999998 15.978454687727954
      vertex 1.394399999780214 22.998756729066372 16.03110000018881
      vertex 1.4273578120087544 22.998756729066372 15.978454687727954
    endloop
  endfacet
  facet normal -0.8690425916627711 0 -0.49473727762930303
    outer loop
      vertex 1.394399999780214 22.599999999999998 16.03110000018881
      vertex 1.3639171874722629 22.998756729066372 16.08464531283679
      vertex 1.394399999780214 22.998756729066372 16.03110000018881
    endloop
  endfacet
  facet normal -0.8893296353451646 0 -0.45726666147537626
    outer loop
      vertex 1.3639171874722629 22.599999999999998 16.08464531283679
      vertex 1.3359374994720061 22.998756729066372 16.139062500492795
      vertex 1.3639171874722629 22.998756729066372 16.08464531283679
    endloop
  endfacet
  facet normal -0.908313106687094 0 -0.41829092772906257
    outer loop
      vertex 1.3104890625425212 22.599999999999998 16.19432343797773
      vertex 1.3104890625425212 22.998756729066372 16.19432343797773
      vertex 1.3359374994720061 22.599999999999998 16.139062500492795
    endloop
  endfacet
  facet normal -0.9258437713438543 0 -0.3779064845484778
    outer loop
      vertex 1.3104890625425212 22.599999999999998 16.19432343797773
      vertex 1.2875999994869307 22.599999999999998 16.2504000001125
      vertex 1.2875999994869307 22.998756729066372 16.2504000001125
    endloop
  endfacet
  facet normal -0.9417787911276227 0 -0.3362331164269717
    outer loop
      vertex 1.2672984370683122 22.599999999999998 16.307264062509997
      vertex 1.2672984370683122 22.998756729066372 16.307264062509997
      vertex 1.2875999994869307 22.599999999999998 16.2504000001125
    endloop
  endfacet
  facet normal -0.908313106687094 0 -0.41829092772906257
    outer loop
      vertex 1.3359374994720061 22.599999999999998 16.139062500492795
      vertex 1.3104890625425212 22.998756729066372 16.19432343797773
      vertex 1.3359374994720061 22.998756729066372 16.139062500492795
    endloop
  endfacet
  facet normal -0.9258437713438543 0 -0.3779064845484778
    outer loop
      vertex 1.3104890625425212 22.599999999999998 16.19432343797773
      vertex 1.2875999994869307 22.998756729066372 16.2504000001125
      vertex 1.3104890625425212 22.998756729066372 16.19432343797773
    endloop
  endfacet
  facet normal -0.9417787911276227 0 -0.3362331164269717
    outer loop
      vertex 1.2875999994869307 22.599999999999998 16.2504000001125
      vertex 1.2672984370683122 22.998756729066372 16.307264062509997
      vertex 1.2875999994869307 22.998756729066372 16.2504000001125
    endloop
  endfacet
  facet normal -0.9559855901250419 0 -0.2934136184182244
    outer loop
      vertex 1.2672984370683122 22.599999999999998 16.307264062509997
      vertex 1.2496124996737703 22.599999999999998 16.36488749999113
      vertex 1.2496124996737703 22.998756729066372 16.36488749999113
    endloop
  endfacet
  facet normal -0.9683458917618553 0 -0.24961216698698324
    outer loop
      vertex 1.2496124996737703 22.599999999999998 16.36488749999113
      vertex 1.2345703124824003 22.599999999999998 16.423242188168793
      vertex 1.2345703124824003 22.998756729066372 16.423242188168793
    endloop
  endfacet
  facet normal -0.9787594586293893 0 -0.20501200487655544
    outer loop
      vertex 1.2345703124824003 22.599999999999998 16.423242188168793
      vertex 1.2221999998813071 22.599999999999998 16.482300000279906
      vertex 1.2221999998813071 22.998756729066372 16.482300000279906
    endloop
  endfacet
  facet normal -0.9559855901250419 0 -0.2934136184182244
    outer loop
      vertex 1.2672984370683122 22.599999999999998 16.307264062509997
      vertex 1.2496124996737703 22.998756729066372 16.36488749999113
      vertex 1.2672984370683122 22.998756729066372 16.307264062509997
    endloop
  endfacet
  facet normal -0.9683458917618553 0 -0.24961216698698324
    outer loop
      vertex 1.2496124996737703 22.599999999999998 16.36488749999113
      vertex 1.2345703124824003 22.998756729066372 16.423242188168793
      vertex 1.2496124996737703 22.998756729066372 16.36488749999113
    endloop
  endfacet
  facet normal -0.9787594586293893 0 -0.20501200487655544
    outer loop
      vertex 1.2345703124824003 22.599999999999998 16.423242188168793
      vertex 1.2221999998813071 22.998756729066372 16.482300000279906
      vertex 1.2345703124824003 22.998756729066372 16.423242188168793
    endloop
  endfacet
  facet normal -0.753280497644532 0 -0.6576993932401081
    outer loop
      vertex 1.540799999594923 22.599999999999998 15.826200000091097
      vertex 1.540799999594923 22.998756729066372 15.826200000091097
      vertex 1.58337656209084 22.599999999999998 15.777435937793705
    endloop
  endfacet
  facet normal -0.7778654297427318 0 -0.6284308818089348
    outer loop
      vertex 1.540799999594923 22.599999999999998 15.826200000091097
      vertex 1.5005859370952048 22.599999999999998 15.8759765625
      vertex 1.5005859370952048 22.998756729066372 15.8759765625
    endloop
  endfacet
  facet normal -0.8018710065672391 0 -0.5974971872961768
    outer loop
      vertex 1.5005859370952048 22.599999999999998 15.8759765625
      vertex 1.4627624997707804 22.599999999999998 15.926737500633312
      vertex 1.4627624997707804 22.998756729066372 15.926737500633312
    endloop
  endfacet
  facet normal -0.753280497644532 0 -0.6576993932401081
    outer loop
      vertex 1.58337656209084 22.599999999999998 15.777435937793705
      vertex 1.540799999594923 22.998756729066372 15.826200000091097
      vertex 1.58337656209084 22.998756729066372 15.777435937793705
    endloop
  endfacet
  facet normal -0.7778654297427318 0 -0.6284308818089348
    outer loop
      vertex 1.540799999594923 22.599999999999998 15.826200000091097
      vertex 1.5005859370952048 22.998756729066372 15.8759765625
      vertex 1.540799999594923 22.998756729066372 15.826200000091097
    endloop
  endfacet
  facet normal -0.8018710065672391 0 -0.5974971872961768
    outer loop
      vertex 1.5005859370952048 22.599999999999998 15.8759765625
      vertex 1.4627624997707804 22.998756729066372 15.926737500633312
      vertex 1.5005859370952048 22.998756729066372 15.8759765625
    endloop
  endfacet
  facet normal -0.7282398879095892 0 -0.685322307865014
    outer loop
      vertex 1.6282875001958506 22.599999999999998 15.729712499994932
      vertex 1.58337656209084 22.599999999999998 15.777435937793705
      vertex 1.58337656209084 22.998756729066372 15.777435937793705
    endloop
  endfacet
  facet normal 0 1 0
    outer loop
      vertex -1.1877375000750456 22.599999999999998 16.385100000662597
      vertex 1.201401562202634 22.599999999999998 16.6634109379269
      vertex 1.2055874999583238 22.599999999999998 16.60241250033806
    endloop
  endfacet
  facet normal 0 1 0
    outer loop
      vertex -1.1969203124424135 22.599999999999998 16.53593437546703
      vertex 1.1999999997536028 22.599999999999998 16.725000000316797
      vertex 1.201401562202634 22.599999999999998 16.6634109379269
    endloop
  endfacet
  facet normal 0 1 0
    outer loop
      vertex -1.2000000005455937 22.599999999999998 16.687500000175998
      vertex 1.2041671871258988 22.599999999999998 16.830698437959427
      vertex 1.1999999997536028 22.599999999999998 16.725000000316797
    endloop
  endfacet
  facet normal 0 1 0
    outer loop
      vertex -1.1877843748455443 22.599999999999998 16.98827812518543
      vertex 1.2164624997773978 22.599999999999998 16.93383750014418
      vertex 1.2041671871258988 22.599999999999998 16.830698437959427
    endloop
  endfacet
  facet normal 0 1 0
    outer loop
      vertex -1.1517750004849097 22.599999999999998 17.282475000262025
      vertex 1.2365765623220308 22.599999999999998 17.034107813068967
      vertex 1.2164624997773978 22.599999999999998 16.93383750014418
    endloop
  endfacet
  facet normal 0 1 0
    outer loop
      vertex -1.0929281248410387 22.599999999999998 17.56913437565246
      vertex 1.2642000001657197 22.599999999999998 17.13120000055573
      vertex 1.2365765623220308 22.599999999999998 17.034107813068967
    endloop
  endfacet
  facet normal 0 1 0
    outer loop
      vertex -1.0122000000432252 22.599999999999998 17.84730000001943
      vertex 1.2990234371304044 22.599999999999998 17.224804688010394
      vertex 1.2642000001657197 22.599999999999998 17.13120000055573
    endloop
  endfacet
  facet normal 0 1 0
    outer loop
      vertex -0.9105468750527994 22.599999999999998 18.116015625193597
      vertex 1.340737500205988 22.599999999999998 17.314612500046884
      vertex 1.2990234371304044 22.599999999999998 17.224804688010394
    endloop
  endfacet
  facet normal 0 1 0
    outer loop
      vertex -0.7889250004150736 22.599999999999998 18.37432500062965
      vertex 1.3890328124224203 22.599999999999998 17.400314062863117
      vertex 1.340737500205988 22.599999999999998 17.314612500046884
    endloop
  endfacet
  facet normal 0 1 0
    outer loop
      vertex -0.6482906250913781 22.599999999999998 18.621271874990285
      vertex 1.4435999999776132 22.599999999999998 17.481600000281034
      vertex 1.3890328124224203 22.599999999999998 17.400314062863117
    endloop
  endfacet
  facet normal 0 1 0
    outer loop
      vertex -0.48960000041901597 22.599999999999998 18.85590000010616
      vertex 1.504129687485498 22.599999999999998 17.558160937706553
      vertex 1.4435999999776132 22.599999999999998 17.481600000281034
    endloop
  endfacet
  facet normal -0.9934551310750599 0 -0.1142230385720646
    outer loop
      vertex 1.212529687049586 22.599999999999998 16.54203281272936
      vertex 1.2055874999583238 22.599999999999998 16.60241250033806
      vertex 1.2055874999583238 22.998756729066372 16.60241250033806
    endloop
  endfacet
  facet normal -0.9976536784629408 0 -0.06846267486275326
    outer loop
      vertex 1.2055874999583238 22.599999999999998 16.60241250033806
      vertex 1.201401562202634 22.599999999999998 16.6634109379269
      vertex 1.201401562202634 22.998756729066372 16.6634109379269
    endloop
  endfacet
  facet normal -0.9934551310750599 0 -0.1142230385720646
    outer loop
      vertex 1.212529687049586 22.599999999999998 16.54203281272936
      vertex 1.2055874999583238 22.998756729066372 16.60241250033806
      vertex 1.212529687049586 22.998756729066372 16.54203281272936
    endloop
  endfacet
  facet normal -0.9976536784629408 0 -0.06846267486275326
    outer loop
      vertex 1.2055874999583238 22.599999999999998 16.60241250033806
      vertex 1.201401562202634 22.998756729066372 16.6634109379269
      vertex 1.2055874999583238 22.998756729066372 16.60241250033806
    endloop
  endfacet
  facet normal -0.9997411673338876 0 -0.02275078763198692
    outer loop
      vertex 1.201401562202634 22.599999999999998 16.6634109379269
      vertex 1.1999999997536028 22.998756729066372 16.725000000316797
      vertex 1.201401562202634 22.998756729066372 16.6634109379269
    endloop
  endfacet
  facet normal -0.9997411673338876 0 -0.02275078763198692
    outer loop
      vertex 1.201401562202634 22.599999999999998 16.6634109379269
      vertex 1.1999999997536028 22.599999999999998 16.725000000316797
      vertex 1.1999999997536028 22.998756729066372 16.725000000316797
    endloop
  endfacet
  facet normal -0.9992237296449056 0 0.03939464575960111
    outer loop
      vertex 1.1999999997536028 22.599999999999998 16.725000000316797
      vertex 1.2041671871258988 22.599999999999998 16.830698437959427
      vertex 1.2041671871258988 22.998756729066372 16.830698437959427
    endloop
  endfacet
  facet normal -0.9992237296449056 0 0.03939464575960111
    outer loop
      vertex 1.1999999997536028 22.599999999999998 16.725000000316797
      vertex 1.2041671871258988 22.998756729066372 16.830698437959427
      vertex 1.1999999997536028 22.998756729066372 16.725000000316797
    endloop
  endfacet
  facet normal -0.992969215676091 0 0.11837287155260072
    outer loop
      vertex 1.2041671871258988 22.599999999999998 16.830698437959427
      vertex 1.2164624997773978 22.998756729066372 16.93383750014418
      vertex 1.2041671871258988 22.998756729066372 16.830698437959427
    endloop
  endfacet
  facet normal -0.9871474563737314 0 -0.1598120751848001
    outer loop
      vertex 1.2221999998813071 22.599999999999998 16.482300000279906
      vertex 1.212529687049586 22.599999999999998 16.54203281272936
      vertex 1.212529687049586 22.998756729066372 16.54203281272936
    endloop
  endfacet
  facet normal -0.9871474563737314 0 -0.1598120751848001
    outer loop
      vertex 1.2221999998813071 22.599999999999998 16.482300000279906
      vertex 1.212529687049586 22.998756729066372 16.54203281272936
      vertex 1.2221999998813071 22.998756729066372 16.482300000279906
    endloop
  endfacet
  facet normal -0.992969215676091 0 0.11837287155260072
    outer loop
      vertex 1.2041671871258988 22.599999999999998 16.830698437959427
      vertex 1.2164624997773978 22.599999999999998 16.93383750014418
      vertex 1.2164624997773978 22.998756729066372 16.93383750014418
    endloop
  endfacet
  facet normal -0.9804676875906484 0 0.1966802318247737
    outer loop
      vertex 1.2164624997773978 22.599999999999998 16.93383750014418
      vertex 1.2365765623220308 22.599999999999998 17.034107813068967
      vertex 1.2365765623220308 22.998756729066372 17.034107813068967
    endloop
  endfacet
  facet normal -0.9804676875906484 0 0.1966802318247737
    outer loop
      vertex 1.2164624997773978 22.599999999999998 16.93383750014418
      vertex 1.2365765623220308 22.998756729066372 17.034107813068967
      vertex 1.2164624997773978 22.998756729066372 16.93383750014418
    endloop
  endfacet
  facet normal -0.9618300009068552 0 0.2736476737623014
    outer loop
      vertex 1.2365765623220308 22.599999999999998 17.034107813068967
      vertex 1.2642000001657197 22.599999999999998 17.13120000055573
      vertex 1.2642000001657197 22.998756729066372 17.13120000055573
    endloop
  endfacet
  facet normal -0.9372421858831177 0 0.3486790573020342
    outer loop
      vertex 1.2642000001657197 22.599999999999998 17.13120000055573
      vertex 1.2990234371304044 22.599999999999998 17.224804688010394
      vertex 1.2990234371304044 22.998756729066372 17.224804688010394
    endloop
  endfacet
  facet normal -0.9618300009068552 0 0.2736476737623014
    outer loop
      vertex 1.2365765623220308 22.599999999999998 17.034107813068967
      vertex 1.2642000001657197 22.998756729066372 17.13120000055573
      vertex 1.2365765623220308 22.998756729066372 17.034107813068967
    endloop
  endfacet
  facet normal -0.9372421858831177 0 0.3486790573020342
    outer loop
      vertex 1.2642000001657197 22.599999999999998 17.13120000055573
      vertex 1.2990234371304044 22.998756729066372 17.224804688010394
      vertex 1.2642000001657197 22.998756729066372 17.13120000055573
    endloop
  endfacet
  facet normal -0.9069411503913227 0 0.42125734382543883
    outer loop
      vertex 1.2990234371304044 22.599999999999998 17.224804688010394
      vertex 1.340737500205988 22.599999999999998 17.314612500046884
      vertex 1.340737500205988 22.998756729066372 17.314612500046884
    endloop
  endfacet
  facet normal -0.9069411503913227 0 0.42125734382543883
    outer loop
      vertex 1.2990234371304044 22.599999999999998 17.224804688010394
      vertex 1.340737500205988 22.998756729066372 17.314612500046884
      vertex 1.2990234371304044 22.998756729066372 17.224804688010394
    endloop
  endfacet
  facet normal -0.8711922317828075 0 0.4909420488013742
    outer loop
      vertex 1.340737500205988 22.599999999999998 17.314612500046884
      vertex 1.3890328124224203 22.599999999999998 17.400314062863117
      vertex 1.3890328124224203 22.998756729066372 17.400314062863117
    endloop
  endfacet
  facet normal -0.8711922317828075 0 0.4909420488013742
    outer loop
      vertex 1.340737500205988 22.599999999999998 17.314612500046884
      vertex 1.3890328124224203 22.998756729066372 17.400314062863117
      vertex 1.340737500205988 22.998756729066372 17.314612500046884
    endloop
  endfacet
  facet normal -0.8302708245809175 0 0.5573601688762153
    outer loop
      vertex 1.3890328124224203 22.599999999999998 17.400314062863117
      vertex 1.4435999999776132 22.998756729066372 17.481600000281034
      vertex 1.3890328124224203 22.998756729066372 17.400314062863117
    endloop
  endfacet
  facet normal -0.8302708245809175 0 0.5573601688762153
    outer loop
      vertex 1.3890328124224203 22.599999999999998 17.400314062863117
      vertex 1.4435999999776132 22.599999999999998 17.481600000281034
      vertex 1.4435999999776132 22.998756729066372 17.481600000281034
    endloop
  endfacet
  facet normal -0.7844498253479061 0 0.620192285917553
    outer loop
      vertex 1.4435999999776132 22.599999999999998 17.481600000281034
      vertex 1.504129687485498 22.599999999999998 17.558160937706553
      vertex 1.504129687485498 22.998756729066372 17.558160937706553
    endloop
  endfacet
  facet normal -0.73399333063209 0 0.679156676023737
    outer loop
      vertex 1.504129687485498 22.599999999999998 17.558160937706553
      vertex 1.570312499560005 22.599999999999998 17.629687500545593
      vertex 1.570312499560005 22.998756729066372 17.629687500545593
    endloop
  endfacet
  facet normal -0.7844498253479061 0 0.620192285917553
    outer loop
      vertex 1.4435999999776132 22.599999999999998 17.481600000281034
      vertex 1.504129687485498 22.998756729066372 17.558160937706553
      vertex 1.4435999999776132 22.998756729066372 17.481600000281034
    endloop
  endfacet
  facet normal -0.73399333063209 0 0.679156676023737
    outer loop
      vertex 1.504129687485498 22.599999999999998 17.558160937706553
      vertex 1.570312499560005 22.998756729066372 17.629687500545593
      vertex 1.504129687485498 22.998756729066372 17.558160937706553
    endloop
  endfacet
  facet normal -0.6791566760237295 0 0.7339933306320969
    outer loop
      vertex 1.570312499560005 22.599999999999998 17.629687500545593
      vertex 1.6418390623990478 22.599999999999998 17.6958703126201
      vertex 1.6418390623990478 22.998756729066372 17.6958703126201
    endloop
  endfacet
  facet normal -0.6201922859175579 0 0.7844498253479022
    outer loop
      vertex 1.6418390623990478 22.599999999999998 17.6958703126201
      vertex 1.7183999998245654 22.599999999999998 17.756400000127986
      vertex 1.7183999998245654 22.998756729066372 17.756400000127986
    endloop
  endfacet
  facet normal -0.6791566760237295 0 0.7339933306320969
    outer loop
      vertex 1.570312499560005 22.599999999999998 17.629687500545593
      vertex 1.6418390623990478 22.998756729066372 17.6958703126201
      vertex 1.570312499560005 22.998756729066372 17.629687500545593
    endloop
  endfacet
  facet normal -0.6201922859175579 0 0.7844498253479022
    outer loop
      vertex 1.6418390623990478 22.599999999999998 17.6958703126201
      vertex 1.7183999998245654 22.998756729066372 17.756400000127986
      vertex 1.6418390623990478 22.998756729066372 17.6958703126201
    endloop
  endfacet
  facet normal -0.5573601688762285 0 0.8302708245809086
    outer loop
      vertex 1.7183999998245654 22.599999999999998 17.756400000127986
      vertex 1.7996859372424798 22.599999999999998 17.81096718768318
      vertex 1.7996859372424798 22.998756729066372 17.81096718768318
    endloop
  endfacet
  facet normal -0.5573601688762285 0 0.8302708245809086
    outer loop
      vertex 1.7183999998245654 22.599999999999998 17.756400000127986
      vertex 1.7996859372424798 22.998756729066372 17.81096718768318
      vertex 1.7183999998245654 22.998756729066372 17.756400000127986
    endloop
  endfacet
  facet normal -0.4909420488013699 0 0.8711922317828099
    outer loop
      vertex 1.7996859372424798 22.599999999999998 17.81096718768318
      vertex 1.885387500058713 22.599999999999998 17.85926249989961
      vertex 1.885387500058713 22.998756729066372 17.85926249989961
    endloop
  endfacet
  facet normal -0.4909420488013699 0 0.8711922317828099
    outer loop
      vertex 1.7996859372424798 22.599999999999998 17.81096718768318
      vertex 1.885387500058713 22.998756729066372 17.85926249989961
      vertex 1.7996859372424798 22.998756729066372 17.81096718768318
    endloop
  endfacet
  facet normal -0.4212573438254394 0 0.9069411503913227
    outer loop
      vertex 1.885387500058713 22.599999999999998 17.85926249989961
      vertex 1.9751953120952048 22.998756729066372 17.900976562975195
      vertex 1.885387500058713 22.998756729066372 17.85926249989961
    endloop
  endfacet
  facet normal -0.4212573438254394 0 0.9069411503913227
    outer loop
      vertex 1.885387500058713 22.599999999999998 17.85926249989961
      vertex 1.9751953120952048 22.599999999999998 17.900976562975195
      vertex 1.9751953120952048 22.998756729066372 17.900976562975195
    endloop
  endfacet
  facet normal -0.3486790573020525 0 0.937242185883111
    outer loop
      vertex 1.9751953120952048 22.599999999999998 17.900976562975195
      vertex 2.0687999995498676 22.599999999999998 17.93579999993988
      vertex 2.0687999995498676 22.998756729066372 17.93579999993988
    endloop
  endfacet
  facet normal -0.3486790573020525 0 0.937242185883111
    outer loop
      vertex 1.9751953120952048 22.599999999999998 17.900976562975195
      vertex 2.0687999995498676 22.998756729066372 17.93579999993988
      vertex 1.9751953120952048 22.998756729066372 17.900976562975195
    endloop
  endfacet
  facet normal -0.273647673762275 0 0.9618300009068628
    outer loop
      vertex 2.0687999995498676 22.599999999999998 17.93579999993988
      vertex 2.1658921870366328 22.599999999999998 17.963423437783568
      vertex 2.1658921870366328 22.998756729066372 17.963423437783568
    endloop
  endfacet
  facet normal -0.273647673762275 0 0.9618300009068628
    outer loop
      vertex 2.0687999995498676 22.599999999999998 17.93579999993988
      vertex 2.1658921870366328 22.998756729066372 17.963423437783568
      vertex 2.0687999995498676 22.998756729066372 17.93579999993988
    endloop
  endfacet
  facet normal -0.19668023182476538 0 0.9804676875906501
    outer loop
      vertex 2.1658921870366328 22.599999999999998 17.963423437783568
      vertex 2.266162499961421 22.599999999999998 17.9835375003282
      vertex 2.266162499961421 22.998756729066372 17.9835375003282
    endloop
  endfacet
  facet normal -0.19668023182476538 0 0.9804676875906501
    outer loop
      vertex 2.1658921870366328 22.599999999999998 17.963423437783568
      vertex 2.266162499961421 22.998756729066372 17.9835375003282
      vertex 2.1658921870366328 22.998756729066372 17.963423437783568
    endloop
  endfacet
  facet normal -0.11837287155260233 0 0.9929692156760909
    outer loop
      vertex 2.266162499961421 22.599999999999998 17.9835375003282
      vertex 2.3693015621461737 22.998756729066372 17.9958328129797
      vertex 2.266162499961421 22.998756729066372 17.9835375003282
    endloop
  endfacet
  facet normal -0.11837287155260233 0 0.9929692156760909
    outer loop
      vertex 2.266162499961421 22.599999999999998 17.9835375003282
      vertex 2.3693015621461737 22.599999999999998 17.9958328129797
      vertex 2.3693015621461737 22.998756729066372 17.9958328129797
    endloop
  endfacet
  facet normal -0.03939464575960371 0 0.9992237296449056
    outer loop
      vertex 2.3693015621461737 22.599999999999998 17.9958328129797
      vertex 2.4749999997888024 22.998756729066372 18.000000000351996
      vertex 2.3693015621461737 22.998756729066372 17.9958328129797
    endloop
  endfacet
  facet normal -0.03939464575960371 0 0.9992237296449056
    outer loop
      vertex 2.3693015621461737 22.599999999999998 17.9958328129797
      vertex 2.4749999997888024 22.599999999999998 18.000000000351996
      vertex 2.4749999997888024 22.998756729066372 18.000000000351996
    endloop
  endfacet
  facet normal -0.7105144651257407 0 -0.7036825952424023
    outer loop
      vertex 5.587499999595205 22.599999999999998 11.737500000598393
      vertex 1.7250000001407986 22.998756729066372 15.637500000193597
      vertex 5.587499999595205 22.998756729066372 11.737500000598393
    endloop
  endfacet
  facet normal 0 1 0
    outer loop
      vertex -0.6482906250913781 22.599999999999998 18.621271874990285
      vertex -0.48960000041901597 22.599999999999998 18.85590000010616
      vertex 1.4435999999776132 22.599999999999998 17.481600000281034
    endloop
  endfacet
  facet normal 0 1 0
    outer loop
      vertex -0.48960000041901597 22.599999999999998 18.85590000010616
      vertex -0.31380937535931747 22.599999999999998 19.07725312543197
      vertex 1.504129687485498 22.599999999999998 17.558160937706553
    endloop
  endfacet
  facet normal 0 1 0
    outer loop
      vertex -0.31380937535931747 22.599999999999998 19.07725312543197
      vertex -0.12187500045759472 22.599999999999998 19.284375000422393
      vertex 1.570312499560005 22.599999999999998 17.629687500545593
    endloop
  endfacet
  facet normal 0 1 0
    outer loop
      vertex -0.31380937535931747 22.599999999999998 19.07725312543197
      vertex 1.570312499560005 22.599999999999998 17.629687500545593
      vertex 1.504129687485498 22.599999999999998 17.558160937706553
    endloop
  endfacet
  facet normal 0.6797032452942587 0 -0.7334872175685494
    outer loop
      vertex -0.12187500045759472 22.998756729066372 19.284375000422393
      vertex 0.085246874532831 22.998756729066372 19.476309375324117
      vertex 0.085246874532831 22.599999999999998 19.476309375324117
    endloop
  endfacet
  facet normal 0 1 0
    outer loop
      vertex -0.12187500045759472 22.599999999999998 19.284375000422393
      vertex 0.085246874532831 22.599999999999998 19.476309375324117
      vertex 1.6418390623990478 22.599999999999998 17.6958703126201
    endloop
  endfacet
  facet normal 0 1 0
    outer loop
      vertex 1.7183999998245654 22.599999999999998 17.756400000127986
      vertex 0.085246874532831 22.599999999999998 19.476309375324117
      vertex 0.30659999985863845 22.599999999999998 19.652100000383818
    endloop
  endfacet
  facet normal 0 1 0
    outer loop
      vertex 1.7996859372424798 22.599999999999998 17.81096718768318
      vertex 0.30659999985863845 22.599999999999998 19.652100000383818
      vertex 0.5412281249745156 22.599999999999998 19.81079062505618
    endloop
  endfacet
  facet normal 0 1 0
    outer loop
      vertex -0.12187500045759472 22.599999999999998 19.284375000422393
      vertex 1.6418390623990478 22.599999999999998 17.6958703126201
      vertex 1.570312499560005 22.599999999999998 17.629687500545593
    endloop
  endfacet
  facet normal 0 1 0
    outer loop
      vertex 1.6418390623990478 22.599999999999998 17.6958703126201
      vertex 0.085246874532831 22.599999999999998 19.476309375324117
      vertex 1.7183999998245654 22.599999999999998 17.756400000127986
    endloop
  endfacet
  facet normal 0 1 0
    outer loop
      vertex 1.7183999998245654 22.599999999999998 17.756400000127986
      vertex 0.30659999985863845 22.599999999999998 19.652100000383818
      vertex 1.7996859372424798 22.599999999999998 17.81096718768318
    endloop
  endfacet
  facet normal 0 1 0
    outer loop
      vertex 1.7996859372424798 22.599999999999998 17.81096718768318
      vertex 0.5412281249745156 22.599999999999998 19.81079062505618
      vertex 1.885387500058713 22.599999999999998 17.85926249989961
    endloop
  endfacet
  facet normal 0 1 0
    outer loop
      vertex 1.885387500058713 22.599999999999998 17.85926249989961
      vertex 0.7881750001271409 22.599999999999998 19.951425000379874
      vertex 1.9751953120952048 22.599999999999998 17.900976562975195
    endloop
  endfacet
  facet normal 0 1 0
    outer loop
      vertex 1.9751953120952048 22.599999999999998 17.900976562975195
      vertex 1.0464843747712027 22.599999999999998 20.0730468750176
      vertex 2.0687999995498676 22.599999999999998 17.93579999993988
    endloop
  endfacet
  facet normal 0 1 0
    outer loop
      vertex 2.0687999995498676 22.599999999999998 17.93579999993988
      vertex 1.3151999999453703 22.599999999999998 20.174700000008023
      vertex 2.1658921870366328 22.599999999999998 17.963423437783568
    endloop
  endfacet
  facet normal 0 1 0
    outer loop
      vertex 1.885387500058713 22.599999999999998 17.85926249989961
      vertex 0.5412281249745156 22.599999999999998 19.81079062505618
      vertex 0.7881750001271409 22.599999999999998 19.951425000379874
    endloop
  endfacet
  facet normal 0 1 0
    outer loop
      vertex 1.9751953120952048 22.599999999999998 17.900976562975195
      vertex 0.7881750001271409 22.599999999999998 19.951425000379874
      vertex 1.0464843747712027 22.599999999999998 20.0730468750176
    endloop
  endfacet
  facet normal 0 1 0
    outer loop
      vertex 2.0687999995498676 22.599999999999998 17.93579999993988
      vertex 1.0464843747712027 22.599999999999998 20.0730468750176
      vertex 1.3151999999453703 22.599999999999998 20.174700000008023
    endloop
  endfacet
  facet normal 0 1 0
    outer loop
      vertex 2.1658921870366328 22.599999999999998 17.963423437783568
      vertex 1.3151999999453703 22.599999999999998 20.174700000008023
      vertex 1.5933656251043318 22.599999999999998 20.25542812559783
    endloop
  endfacet
  facet normal 0.621904277354122 0 -0.783093270184751
    outer loop
      vertex 0.085246874532831 22.599999999999998 19.476309375324117
      vertex 0.085246874532831 22.998756729066372 19.476309375324117
      vertex 0.30659999985863845 22.599999999999998 19.652100000383818
    endloop
  endfacet
  facet normal 0.621904277354122 0 -0.783093270184751
    outer loop
      vertex 0.085246874532831 22.998756729066372 19.476309375324117
      vertex 0.30659999985863845 22.998756729066372 19.652100000383818
      vertex 0.30659999985863845 22.599999999999998 19.652100000383818
    endloop
  endfacet
  facet normal 0.5602405770860602 0 -0.828329943794306
    outer loop
      vertex 0.30659999985863845 22.599999999999998 19.652100000383818
      vertex 0.30659999985863845 22.998756729066372 19.652100000383818
      vertex 0.5412281249745156 22.599999999999998 19.81079062505618
    endloop
  endfacet
  facet normal 0.5602405770860602 0 -0.828329943794306
    outer loop
      vertex 0.30659999985863845 22.998756729066372 19.652100000383818
      vertex 0.5412281249745156 22.998756729066372 19.81079062505618
      vertex 0.5412281249745156 22.599999999999998 19.81079062505618
    endloop
  endfacet
  facet normal 0.49487010405288806 0 -0.868966961463256
    outer loop
      vertex 0.5412281249745156 22.599999999999998 19.81079062505618
      vertex 0.5412281249745156 22.998756729066372 19.81079062505618
      vertex 0.7881750001271409 22.599999999999998 19.951425000379874
    endloop
  endfacet
  facet normal 0.49487010405288806 0 -0.868966961463256
    outer loop
      vertex 0.5412281249745156 22.998756729066372 19.81079062505618
      vertex 0.7881750001271409 22.998756729066372 19.951425000379874
      vertex 0.7881750001271409 22.599999999999998 19.951425000379874
    endloop
  endfacet
  facet normal 0.42598204357959174 0 -0.904731616860909
    outer loop
      vertex 0.7881750001271409 22.599999999999998 19.951425000379874
      vertex 0.7881750001271409 22.998756729066372 19.951425000379874
      vertex 1.0464843747712027 22.599999999999998 20.0730468750176
    endloop
  endfacet
  facet normal 0.42598204357959174 0 -0.904731616860909
    outer loop
      vertex 0.7881750001271409 22.998756729066372 19.951425000379874
      vertex 1.0464843747712027 22.998756729066372 20.0730468750176
      vertex 1.0464843747712027 22.599999999999998 20.0730468750176
    endloop
  endfacet
  facet normal 0.3538218918400229 0 -0.9353128187161487
    outer loop
      vertex 1.0464843747712027 22.599999999999998 20.0730468750176
      vertex 1.0464843747712027 22.998756729066372 20.0730468750176
      vertex 1.3151999999453703 22.599999999999998 20.174700000008023
    endloop
  endfacet
  facet normal 0.3538218918400229 0 -0.9353128187161487
    outer loop
      vertex 1.0464843747712027 22.998756729066372 20.0730468750176
      vertex 1.3151999999453703 22.998756729066372 20.174700000008023
      vertex 1.3151999999453703 22.599999999999998 20.174700000008023
    endloop
  endfacet
  facet normal 0.27871582652375904 0 -0.9603736189864743
    outer loop
      vertex 1.3151999999453703 22.599999999999998 20.174700000008023
      vertex 1.3151999999453703 22.998756729066372 20.174700000008023
      vertex 1.5933656251043318 22.599999999999998 20.25542812559783
    endloop
  endfacet
  facet normal 0 1 0
    outer loop
      vertex 2.266162499961421 22.599999999999998 17.9835375003282
      vertex 1.5933656251043318 22.599999999999998 20.25542812559783
      vertex 1.8800249997027747 22.599999999999998 20.31427500044971
    endloop
  endfacet
  facet normal 0.27871582652375904 0 -0.9603736189864743
    outer loop
      vertex 1.3151999999453703 22.998756729066372 20.174700000008023
      vertex 1.5933656251043318 22.998756729066372 20.25542812559783
      vertex 1.5933656251043318 22.599999999999998 20.25542812559783
    endloop
  endfacet
  facet normal 0.20109154841063728 0 -0.9795724522248532
    outer loop
      vertex 1.5933656251043318 22.599999999999998 20.25542812559783
      vertex 1.5933656251043318 22.998756729066372 20.25542812559783
      vertex 1.8800249997027747 22.599999999999998 20.31427500044971
    endloop
  endfacet
  facet normal 0.20109154841063728 0 -0.9795724522248532
    outer loop
      vertex 1.5933656251043318 22.998756729066372 20.25542812559783
      vertex 1.8800249997027747 22.998756729066372 20.31427500044971
      vertex 1.8800249997027747 22.599999999999998 20.31427500044971
    endloop
  endfacet
  facet normal 0 1 0
    outer loop
      vertex 2.1658921870366328 22.599999999999998 17.963423437783568
      vertex 1.5933656251043318 22.599999999999998 20.25542812559783
      vertex 2.266162499961421 22.599999999999998 17.9835375003282
    endloop
  endfacet
  facet normal 0 1 0
    outer loop
      vertex 2.266162499961421 22.599999999999998 17.9835375003282
      vertex 1.8800249997027747 22.599999999999998 20.31427500044971
      vertex 2.3693015621461737 22.599999999999998 17.9958328129797
    endloop
  endfacet
  facet normal 0 1 0
    outer loop
      vertex 2.3693015621461737 22.599999999999998 17.9958328129797
      vertex 2.174221874779369 22.599999999999998 20.350284375602335
      vertex 2.4749999997888024 22.599999999999998 18.000000000351996
    endloop
  endfacet
  facet normal 0 1 0
    outer loop
      vertex 2.3693015621461737 22.599999999999998 17.9958328129797
      vertex 1.8800249997027747 22.599999999999998 20.31427500044971
      vertex 2.174221874779369 22.599999999999998 20.350284375602335
    endloop
  endfacet
  facet normal 0 1 0
    outer loop
      vertex 2.4749999997888024 22.599999999999998 18.000000000351996
      vertex 2.174221874779369 22.599999999999998 20.350284375602335
      vertex 2.4749999997888024 22.599999999999998 20.362500000510394
    endloop
  endfacet
  facet normal 0.12149222017956147 0 -0.9925923838292539
    outer loop
      vertex 1.8800249997027747 22.599999999999998 20.31427500044971
      vertex 1.8800249997027747 22.998756729066372 20.31427500044971
      vertex 2.174221874779369 22.599999999999998 20.350284375602335
    endloop
  endfacet
  facet normal 0.12149222017956147 0 -0.9925923838292539
    outer loop
      vertex 1.8800249997027747 22.998756729066372 20.31427500044971
      vertex 2.174221874779369 22.998756729066372 20.350284375602335
      vertex 2.174221874779369 22.599999999999998 20.350284375602335
    endloop
  endfacet
  facet normal 0.04057995517031268 0 -0.9991762943737084
    outer loop
      vertex 2.174221874779369 22.599999999999998 20.350284375602335
      vertex 2.174221874779369 22.998756729066372 20.350284375602335
      vertex 2.4749999997888024 22.599999999999998 20.362500000510394
    endloop
  endfacet
  facet normal 0.04057995517031268 0 -0.9991762943737084
    outer loop
      vertex 2.174221874779369 22.998756729066372 20.350284375602335
      vertex 2.4749999997888024 22.998756729066372 20.362500000510394
      vertex 2.4749999997888024 22.599999999999998 20.362500000510394
    endloop
  endfacet
  facet normal 0 0 1
    outer loop
      vertex 2.4749999997888024 22.599999999999998 18.000000000351996
      vertex 8.0250000000352 22.998756729066372 18.000000000351996
      vertex 2.4749999997888024 22.998756729066372 18.000000000351996
    endloop
  endfacet
  facet normal 0 1 0
    outer loop
      vertex 2.4749999997888024 22.599999999999998 18.000000000351996
      vertex 2.4749999997888024 22.599999999999998 20.362500000510394
      vertex 8.0250000000352 22.599999999999998 18.000000000351996
    endloop
  endfacet
  facet normal 0 0 -1
    outer loop
      vertex 2.4749999997888024 22.599999999999998 20.362500000510394
      vertex 2.4749999997888024 22.998756729066372 20.362500000510394
      vertex 10.499999999824002 22.599999999999998 20.362500000510394
    endloop
  endfacet
  facet normal 0 0 1
    outer loop
      vertex 2.4749999997888024 22.599999999999998 18.000000000351996
      vertex 8.0250000000352 22.599999999999998 18.000000000351996
      vertex 8.0250000000352 22.998756729066372 18.000000000351996
    endloop
  endfacet
  facet normal 0 1 0
    outer loop
      vertex 2.4749999997888024 22.599999999999998 20.362500000510394
      vertex 10.499999999824002 22.599999999999998 20.362500000510394
      vertex 8.0250000000352 22.599999999999998 18.000000000351996
    endloop
  endfacet
  facet normal 1 0 0
    outer loop
      vertex 8.0250000000352 22.998756729066372 7.950000000633593
      vertex 8.0250000000352 22.998756729066372 18.000000000351996
      vertex 8.0250000000352 22.599999999999998 18.000000000351996
    endloop
  endfacet
  facet normal -1 0 0
    outer loop
      vertex 10.499999999824002 22.599999999999998 7.950000000633593
      vertex 10.499999999824002 22.998756729066372 20.362500000510394
      vertex 10.499999999824002 22.998756729066372 7.950000000633593
    endloop
  endfacet
  facet normal 0 1 0
    outer loop
      vertex 10.499999999824002 22.599999999999998 7.950000000633593
      vertex 8.0250000000352 22.599999999999998 18.000000000351996
      vertex 10.499999999824002 22.599999999999998 20.362500000510394
    endloop
  endfacet
  facet normal -1 0 0
    outer loop
      vertex 10.499999999824002 22.599999999999998 7.950000000633593
      vertex 10.499999999824002 22.599999999999998 20.362500000510394
      vertex 10.499999999824002 22.998756729066372 20.362500000510394
    endloop
  endfacet
  facet normal 0 0 -1
    outer loop
      vertex 2.4749999997888024 22.998756729066372 20.362500000510394
      vertex 10.499999999824002 22.998756729066372 20.362500000510394
      vertex 10.499999999824002 22.599999999999998 20.362500000510394
    endloop
  endfacet
  facet normal -1 0 0
    outer loop
      vertex -8.95 -19.8 11.9
      vertex -8.95 -18.45 2
      vertex -8.95 -19.8 2
    endloop
  endfacet
  facet normal -1 0 0
    outer loop
      vertex -8.95 -19.8 11.9
      vertex -8.95 -18.45 11.9
      vertex -8.95 -18.45 2
    endloop
  endfacet
  facet normal 0 1 0
    outer loop
      vertex -8.95 -18.45 11.9
      vertex 1.2800000000000047 -18.45 2
      vertex -8.95 -18.45 2
    endloop
  endfacet
  facet normal 0 -1 0
    outer loop
      vertex -8.95 -19.8 11.9
      vertex -8.95 -19.8 2
      vertex 8.95 -19.8 11.9
    endloop
  endfacet
  facet normal 0 0 1
    outer loop
      vertex -8.95 -19.8 11.9
      vertex 8.95 -19.8 11.9
      vertex -8.95 -18.45 11.9
    endloop
  endfacet
  facet normal 0 1 0
    outer loop
      vertex -8.95 -18.45 11.9
      vertex 8.95 -18.45 2
      vertex 1.2800000000000047 -18.45 2
    endloop
  endfacet
  facet normal 0 -1 0
    outer loop
      vertex 8.95 -19.8 11.9
      vertex -8.95 -19.8 2
      vertex 8.95 -19.8 2
    endloop
  endfacet
  facet normal 0 1 0
    outer loop
      vertex -8.95 -18.45 11.9
      vertex 8.95 -18.45 11.9
      vertex 8.95 -18.45 2
    endloop
  endfacet
  facet normal 0 0 1
    outer loop
      vertex -8.95 -18.45 11.9
      vertex 8.95 -19.8 11.9
      vertex 8.95 -18.45 11.9
    endloop
  endfacet
  facet normal 1 0 0
    outer loop
      vertex 8.95 -18.45 11.9
      vertex 8.95 -19.8 2
      vertex 8.95 -18.45 2
    endloop
  endfacet
  facet normal 1 0 0
    outer loop
      vertex 8.95 -19.8 11.9
      vertex 8.95 -19.8 2
      vertex 8.95 -18.45 11.9
    endloop
  endfacet
  facet normal -1 0 0
    outer loop
      vertex -8.95 1.4500000000000006 11.9
      vertex -8.95 2.8000000000000007 2
      vertex -8.95 1.4500000000000006 2
    endloop
  endfacet
  facet normal -1 0 0
    outer loop
      vertex -8.95 1.4500000000000006 11.9
      vertex -8.95 2.8000000000000007 11.9
      vertex -8.95 2.8000000000000007 2
    endloop
  endfacet
  facet normal 0 1 0
    outer loop
      vertex -8.95 2.8000000000000007 11.9
      vertex 8.95 2.8000000000000007 2
      vertex -8.95 2.8000000000000007 2
    endloop
  endfacet
  facet normal 0 -1 0
    outer loop
      vertex 8.95 1.4500000000000006 11.9
      vertex -8.95 1.4500000000000006 2
      vertex -2.4840909090909102 1.4500000000000006 2
    endloop
  endfacet
  facet normal 0 -1 0
    outer loop
      vertex -8.95 1.4500000000000006 11.9
      vertex -8.95 1.4500000000000006 2
      vertex 8.95 1.4500000000000006 11.9
    endloop
  endfacet
  facet normal 0 0 1
    outer loop
      vertex -8.95 1.4500000000000006 11.9
      vertex 8.95 1.4500000000000006 11.9
      vertex -8.95 2.8000000000000007 11.9
    endloop
  endfacet
  facet normal 0 -1 0
    outer loop
      vertex 8.95 1.4500000000000006 11.9
      vertex -2.4840909090909102 1.4500000000000006 2
      vertex 8.95 1.4500000000000006 2
    endloop
  endfacet
  facet normal 0 1 0
    outer loop
      vertex -8.95 2.8000000000000007 11.9
      vertex 8.95 2.8000000000000007 11.9
      vertex 8.95 2.8000000000000007 2
    endloop
  endfacet
  facet normal 0 0 1
    outer loop
      vertex -8.95 2.8000000000000007 11.9
      vertex 8.95 1.4500000000000006 11.9
      vertex 8.95 2.8000000000000007 11.9
    endloop
  endfacet
  facet normal 1 0 0
    outer loop
      vertex 8.95 1.4500000000000006 11.9
      vertex 8.95 1.4500000000000006 2
      vertex 8.95 2.8000000000000007 2
    endloop
  endfacet
  facet normal 1 0 0
    outer loop
      vertex 8.95 1.4500000000000006 11.9
      vertex 8.95 2.8000000000000007 2
      vertex 8.95 2.8000000000000007 11.9
    endloop
  endfacet
  facet normal 0.5877852522924721 0.809016994374948 0
    outer loop
      vertex -8.125635621484342 -16.487365782682797 11.1
      vertex -7.813135621484342 -16.714410322684472 2
      vertex -8.125635621484342 -16.487365782682797 2
    endloop
  endfacet
  facet normal 0.951056516295153 0.3090169943749493 0
    outer loop
      vertex -8.245000000000001 -16.12 11.1
      vertex -8.125635621484342 -16.487365782682797 2
      vertex -8.245000000000001 -16.12 2
    endloop
  endfacet
  facet normal 0.951056516295153 -0.3090169943749493 0
    outer loop
      vertex -8.125635621484342 -15.752634217317205 11.1
      vertex -8.245000000000001 -16.12 2
      vertex -8.125635621484342 -15.752634217317205 2
    endloop
  endfacet
  facet normal 0.5877852522924721 -0.809016994374948 0
    outer loop
      vertex -7.813135621484342 -15.52558967731553 11.1
      vertex -8.125635621484342 -15.752634217317205 2
      vertex -7.813135621484342 -15.52558967731553 2
    endloop
  endfacet
  facet normal 0.5877852522924721 0.809016994374948 0
    outer loop
      vertex -8.125635621484342 -16.487365782682797 11.1
      vertex -7.813135621484342 -16.714410322684472 11.1
      vertex -7.813135621484342 -16.714410322684472 2
    endloop
  endfacet
  facet normal 0.951056516295153 0.3090169943749493 0
    outer loop
      vertex -8.125635621484342 -16.487365782682797 11.1
      vertex -8.125635621484342 -16.487365782682797 2
      vertex -8.245000000000001 -16.12 11.1
    endloop
  endfacet
  facet normal 0.951056516295153 -0.3090169943749493 0
    outer loop
      vertex -8.245000000000001 -16.12 11.1
      vertex -8.245000000000001 -16.12 2
      vertex -8.125635621484342 -15.752634217317205 11.1
    endloop
  endfacet
  facet normal 0.5877852522924721 -0.809016994374948 0
    outer loop
      vertex -8.125635621484342 -15.752634217317205 11.1
      vertex -8.125635621484342 -15.752634217317205 2
      vertex -7.813135621484342 -15.52558967731553 11.1
    endloop
  endfacet
  facet normal 0 1 0
    outer loop
      vertex -7.813135621484342 -16.714410322684472 11.1
      vertex -7.426864378515658 -16.714410322684472 2
      vertex -7.813135621484342 -16.714410322684472 2
    endloop
  endfacet
  facet normal -0.5877852522924721 0.809016994374948 0
    outer loop
      vertex -7.426864378515658 -16.714410322684472 11.1
      vertex -7.114364378515658 -16.487365782682797 2
      vertex -7.426864378515658 -16.714410322684472 2
    endloop
  endfacet
  facet normal -0.9510565162951535 0.30901699437494723 0
    outer loop
      vertex -7.114364378515658 -16.487365782682797 11.1
      vertex -6.995 -16.12 2
      vertex -7.114364378515658 -16.487365782682797 2
    endloop
  endfacet
  facet normal -0.9510565162951535 -0.30901699437494723 0
    outer loop
      vertex -6.995 -16.12 11.1
      vertex -7.114364378515658 -15.752634217317205 2
      vertex -6.995 -16.12 2
    endloop
  endfacet
  facet normal 0 -1 0
    outer loop
      vertex -7.426864378515658 -15.52558967731553 11.1
      vertex -7.813135621484342 -15.52558967731553 2
      vertex -7.426864378515658 -15.52558967731553 2
    endloop
  endfacet
  facet normal -0.5877852522924721 -0.809016994374948 0
    outer loop
      vertex -7.114364378515658 -15.752634217317205 11.1
      vertex -7.426864378515658 -15.52558967731553 2
      vertex -7.114364378515658 -15.752634217317205 2
    endloop
  endfacet
  facet normal 0 1 0
    outer loop
      vertex -7.813135621484342 -16.714410322684472 11.1
      vertex -7.426864378515658 -16.714410322684472 11.1
      vertex -7.426864378515658 -16.714410322684472 2
    endloop
  endfacet
  facet normal -0.5877852522924721 0.809016994374948 0
    outer loop
      vertex -7.426864378515658 -16.714410322684472 11.1
      vertex -7.114364378515658 -16.487365782682797 11.1
      vertex -7.114364378515658 -16.487365782682797 2
    endloop
  endfacet
  facet normal -0.9510565162951535 0.30901699437494723 0
    outer loop
      vertex -7.114364378515658 -16.487365782682797 11.1
      vertex -6.995 -16.12 11.1
      vertex -6.995 -16.12 2
    endloop
  endfacet
  facet normal -0.9510565162951535 -0.30901699437494723 0
    outer loop
      vertex -7.114364378515658 -15.752634217317205 11.1
      vertex -7.114364378515658 -15.752634217317205 2
      vertex -6.995 -16.12 11.1
    endloop
  endfacet
  facet normal 0 -1 0
    outer loop
      vertex -7.813135621484342 -15.52558967731553 11.1
      vertex -7.813135621484342 -15.52558967731553 2
      vertex -7.426864378515658 -15.52558967731553 11.1
    endloop
  endfacet
  facet normal -0.5877852522924721 -0.809016994374948 0
    outer loop
      vertex -7.114364378515658 -15.752634217317205 11.1
      vertex -7.426864378515658 -15.52558967731553 11.1
      vertex -7.426864378515658 -15.52558967731553 2
    endloop
  endfacet
  facet normal 0 0 1
    outer loop
      vertex -8.17 -17.072627944162882 11.1
      vertex -8.245000000000001 -16.12 11.1
      vertex -8.462648887430877 -16.827066370655196 11.1
    endloop
  endfacet
  facet normal 0 0 1
    outer loop
      vertex -8.462648887430877 -16.827066370655196 11.1
      vertex -8.462648887430877 -15.412933629344808 11.1
      vertex -8.6536618828645 -16.496222157658238 11.1
    endloop
  endfacet
  facet normal 0 0 1
    outer loop
      vertex -8.6536618828645 -16.496222157658238 11.1
      vertex -8.6536618828645 -15.743777842341766 11.1
      vertex -8.72 -16.12 11.1
    endloop
  endfacet
  facet normal 0 0 1
    outer loop
      vertex -8.6536618828645 -16.496222157658238 11.1
      vertex -8.462648887430877 -15.412933629344808 11.1
      vertex -8.6536618828645 -15.743777842341766 11.1
    endloop
  endfacet
  facet normal 0 0 1
    outer loop
      vertex -8.462648887430877 -16.827066370655196 11.1
      vertex -8.245000000000001 -16.12 11.1
      vertex -8.17 -15.167372055837118 11.1
    endloop
  endfacet
  facet normal 0 0 1
    outer loop
      vertex -8.17 -17.072627944162882 11.1
      vertex -8.125635621484342 -16.487365782682797 11.1
      vertex -8.245000000000001 -16.12 11.1
    endloop
  endfacet
  facet normal 0 0 1
    outer loop
      vertex -8.17 -17.072627944162882 11.1
      vertex -7.813135621484342 -16.714410322684472 11.1
      vertex -8.125635621484342 -16.487365782682797 11.1
    endloop
  endfacet
  facet normal 0 0 1
    outer loop
      vertex -8.17 -17.072627944162882 11.1
      vertex -7.811012995433623 -17.20328852831343 11.1
      vertex -7.813135621484342 -16.714410322684472 11.1
    endloop
  endfacet
  facet normal 0.8660254037844399 0.4999999999999979 0
    outer loop
      vertex -8.462648887430877 -16.827066370655196 11.1
      vertex -8.6536618828645 -16.496222157658238 11.1
      vertex -8.6536618828645 -16.496222157658238 11.9
    endloop
  endfacet
  facet normal 0.6427876096865329 0.7660444431189833 0
    outer loop
      vertex -8.17 -17.072627944162882 11.1
      vertex -8.462648887430877 -16.827066370655196 11.1
      vertex -8.462648887430877 -16.827066370655196 11.9
    endloop
  endfacet
  facet normal 0.8660254037844399 0.4999999999999979 0
    outer loop
      vertex -8.462648887430877 -16.827066370655196 11.1
      vertex -8.6536618828645 -16.496222157658238 11.9
      vertex -8.462648887430877 -16.827066370655196 11.9
    endloop
  endfacet
  facet normal 0.6427876096865329 0.7660444431189833 0
    outer loop
      vertex -8.17 -17.072627944162882 11.1
      vertex -8.462648887430877 -16.827066370655196 11.9
      vertex -8.17 -17.072627944162882 11.9
    endloop
  endfacet
  facet normal 0.984807753012208 0.17364817766693108 0
    outer loop
      vertex -8.6536618828645 -16.496222157658238 11.1
      vertex -8.72 -16.12 11.1
      vertex -8.72 -16.12 11.9
    endloop
  endfacet
  facet normal 0.9848077530122077 -0.17364817766693186 0
    outer loop
      vertex -8.72 -16.12 11.1
      vertex -8.6536618828645 -15.743777842341766 11.1
      vertex -8.6536618828645 -15.743777842341766 11.9
    endloop
  endfacet
  facet normal 0.984807753012208 0.17364817766693108 0
    outer loop
      vertex -8.6536618828645 -16.496222157658238 11.1
      vertex -8.72 -16.12 11.9
      vertex -8.6536618828645 -16.496222157658238 11.9
    endloop
  endfacet
  facet normal 0.9848077530122077 -0.17364817766693186 0
    outer loop
      vertex -8.72 -16.12 11.1
      vertex -8.6536618828645 -15.743777842341766 11.9
      vertex -8.72 -16.12 11.9
    endloop
  endfacet
  facet normal 0.3420201433256709 0.9396926207859075 0
    outer loop
      vertex -8.17 -17.072627944162882 11.1
      vertex -8.17 -17.072627944162882 11.9
      vertex -7.811012995433623 -17.20328852831343 11.1
    endloop
  endfacet
  facet normal 0.3420201433256709 0.9396926207859075 0
    outer loop
      vertex -8.17 -17.072627944162882 11.9
      vertex -7.811012995433623 -17.20328852831343 11.9
      vertex -7.811012995433623 -17.20328852831343 11.1
    endloop
  endfacet
  facet normal 0 0 1
    outer loop
      vertex -8.462648887430877 -16.827066370655196 11.1
      vertex -8.17 -15.167372055837118 11.1
      vertex -8.462648887430877 -15.412933629344808 11.1
    endloop
  endfacet
  facet normal 0 0 1
    outer loop
      vertex -8.245000000000001 -16.12 11.1
      vertex -8.125635621484342 -15.752634217317205 11.1
      vertex -8.17 -15.167372055837118 11.1
    endloop
  endfacet
  facet normal 0 0 1
    outer loop
      vertex -8.125635621484342 -15.752634217317205 11.1
      vertex -7.813135621484342 -15.52558967731553 11.1
      vertex -8.17 -15.167372055837118 11.1
    endloop
  endfacet
  facet normal 0 0 1
    outer loop
      vertex -8.17 -15.167372055837118 11.1
      vertex -7.813135621484342 -15.52558967731553 11.1
      vertex -7.811012995433623 -15.036711471686573 11.1
    endloop
  endfacet
  facet normal 0.8660254037844399 -0.4999999999999979 0
    outer loop
      vertex -8.6536618828645 -15.743777842341766 11.1
      vertex -8.462648887430877 -15.412933629344808 11.1
      vertex -8.462648887430877 -15.412933629344808 11.9
    endloop
  endfacet
  facet normal 0.6427876096865385 -0.7660444431189787 0
    outer loop
      vertex -8.462648887430877 -15.412933629344808 11.1
      vertex -8.17 -15.167372055837118 11.1
      vertex -8.17 -15.167372055837118 11.9
    endloop
  endfacet
  facet normal 0.8660254037844399 -0.4999999999999979 0
    outer loop
      vertex -8.6536618828645 -15.743777842341766 11.1
      vertex -8.462648887430877 -15.412933629344808 11.9
      vertex -8.6536618828645 -15.743777842341766 11.9
    endloop
  endfacet
  facet normal 0.6427876096865385 -0.7660444431189787 0
    outer loop
      vertex -8.462648887430877 -15.412933629344808 11.1
      vertex -8.17 -15.167372055837118 11.9
      vertex -8.462648887430877 -15.412933629344808 11.9
    endloop
  endfacet
  facet normal 0.3420201433256668 -0.9396926207859091 0
    outer loop
      vertex -8.17 -15.167372055837118 11.1
      vertex -7.811012995433623 -15.036711471686573 11.9
      vertex -8.17 -15.167372055837118 11.9
    endloop
  endfacet
  facet normal 0.3420201433256668 -0.9396926207859091 0
    outer loop
      vertex -8.17 -15.167372055837118 11.1
      vertex -7.811012995433623 -15.036711471686573 11.1
      vertex -7.811012995433623 -15.036711471686573 11.9
    endloop
  endfacet
  facet normal 0 0 1
    outer loop
      vertex -7.811012995433623 -17.20328852831343 11.1
      vertex -7.428987004566377 -17.20328852831343 11.1
      vertex -7.813135621484342 -16.714410322684472 11.1
    endloop
  endfacet
  facet normal 0 0 1
    outer loop
      vertex -7.428987004566377 -17.20328852831343 11.1
      vertex -7.426864378515658 -16.714410322684472 11.1
      vertex -7.813135621484342 -16.714410322684472 11.1
    endloop
  endfacet
  facet normal 0 0 1
    outer loop
      vertex -7.428987004566377 -17.20328852831343 11.1
      vertex -7.07 -17.072627944162882 11.1
      vertex -7.426864378515658 -16.714410322684472 11.1
    endloop
  endfacet
  facet normal 0 0 1
    outer loop
      vertex -7.07 -17.072627944162882 11.1
      vertex -7.114364378515658 -16.487365782682797 11.1
      vertex -7.426864378515658 -16.714410322684472 11.1
    endloop
  endfacet
  facet normal 0 0 1
    outer loop
      vertex -7.07 -17.072627944162882 11.1
      vertex -6.995 -16.12 11.1
      vertex -7.114364378515658 -16.487365782682797 11.1
    endloop
  endfacet
  facet normal 0 0 1
    outer loop
      vertex -7.07 -17.072627944162882 11.1
      vertex -6.777351112569124 -15.412933629344808 11.1
      vertex -6.995 -16.12 11.1
    endloop
  endfacet
  facet normal 0 0 1
    outer loop
      vertex -7.07 -17.072627944162882 11.1
      vertex -6.777351112569124 -16.827066370655196 11.1
      vertex -6.777351112569124 -15.412933629344808 11.1
    endloop
  endfacet
  facet normal 0 1 0
    outer loop
      vertex -7.811012995433623 -17.20328852831343 11.1
      vertex -7.811012995433623 -17.20328852831343 11.9
      vertex -7.428987004566377 -17.20328852831343 11.1
    endloop
  endfacet
  facet normal -0.3420201433256709 0.9396926207859075 0
    outer loop
      vertex -7.428987004566377 -17.20328852831343 11.1
      vertex -7.428987004566377 -17.20328852831343 11.9
      vertex -7.07 -17.072627944162882 11.1
    endloop
  endfacet
  facet normal 0 1 0
    outer loop
      vertex -7.428987004566377 -17.20328852831343 11.1
      vertex -7.811012995433623 -17.20328852831343 11.9
      vertex -7.428987004566377 -17.20328852831343 11.9
    endloop
  endfacet
  facet normal -0.6427876096865341 0.7660444431189823 0
    outer loop
      vertex -7.07 -17.072627944162882 11.1
      vertex -7.07 -17.072627944162882 11.9
      vertex -6.777351112569124 -16.827066370655196 11.1
    endloop
  endfacet
  facet normal -0.3420201433256709 0.9396926207859075 0
    outer loop
      vertex -7.07 -17.072627944162882 11.1
      vertex -7.428987004566377 -17.20328852831343 11.9
      vertex -7.07 -17.072627944162882 11.9
    endloop
  endfacet
  facet normal -0.6427876096865341 0.7660444431189823 0
    outer loop
      vertex -7.07 -17.072627944162882 11.9
      vertex -6.777351112569124 -16.827066370655196 11.9
      vertex -6.777351112569124 -16.827066370655196 11.1
    endloop
  endfacet
  facet normal 0 0 1
    outer loop
      vertex -7.813135621484342 -15.52558967731553 11.1
      vertex -7.426864378515658 -15.52558967731553 11.1
      vertex -7.811012995433623 -15.036711471686573 11.1
    endloop
  endfacet
  facet normal 0 0 1
    outer loop
      vertex -7.811012995433623 -15.036711471686573 11.1
      vertex -7.426864378515658 -15.52558967731553 11.1
      vertex -7.428987004566377 -15.036711471686573 11.1
    endloop
  endfacet
  facet normal 0 0 1
    outer loop
      vertex -7.426864378515658 -15.52558967731553 11.1
      vertex -7.07 -15.167372055837118 11.1
      vertex -7.428987004566377 -15.036711471686573 11.1
    endloop
  endfacet
  facet normal 0 0 1
    outer loop
      vertex -7.114364378515658 -15.752634217317205 11.1
      vertex -7.07 -15.167372055837118 11.1
      vertex -7.426864378515658 -15.52558967731553 11.1
    endloop
  endfacet
  facet normal 0 0 1
    outer loop
      vertex -7.114364378515658 -15.752634217317205 11.1
      vertex -6.995 -16.12 11.1
      vertex -7.07 -15.167372055837118 11.1
    endloop
  endfacet
  facet normal 0 0 1
    outer loop
      vertex -6.995 -16.12 11.1
      vertex -6.777351112569124 -15.412933629344808 11.1
      vertex -7.07 -15.167372055837118 11.1
    endloop
  endfacet
  facet normal 0 -1 0
    outer loop
      vertex -7.811012995433623 -15.036711471686573 11.1
      vertex -7.428987004566377 -15.036711471686573 11.1
      vertex -7.428987004566377 -15.036711471686573 11.9
    endloop
  endfacet
  facet normal 0 -1 0
    outer loop
      vertex -7.811012995433623 -15.036711471686573 11.1
      vertex -7.428987004566377 -15.036711471686573 11.9
      vertex -7.811012995433623 -15.036711471686573 11.9
    endloop
  endfacet
  facet normal -0.3420201433256668 -0.9396926207859091 0
    outer loop
      vertex -7.428987004566377 -15.036711471686573 11.1
      vertex -7.07 -15.167372055837118 11.9
      vertex -7.428987004566377 -15.036711471686573 11.9
    endloop
  endfacet
  facet normal -0.3420201433256668 -0.9396926207859091 0
    outer loop
      vertex -7.428987004566377 -15.036711471686573 11.1
      vertex -7.07 -15.167372055837118 11.1
      vertex -7.07 -15.167372055837118 11.9
    endloop
  endfacet
  facet normal -0.6427876096865396 -0.7660444431189778 0
    outer loop
      vertex -7.07 -15.167372055837118 11.1
      vertex -6.777351112569124 -15.412933629344808 11.1
      vertex -6.777351112569124 -15.412933629344808 11.9
    endloop
  endfacet
  facet normal -0.6427876096865396 -0.7660444431189778 0
    outer loop
      vertex -7.07 -15.167372055837118 11.1
      vertex -6.777351112569124 -15.412933629344808 11.9
      vertex -7.07 -15.167372055837118 11.9
    endloop
  endfacet
  facet normal 0 0 1
    outer loop
      vertex -6.777351112569124 -16.827066370655196 11.1
      vertex -6.586338117135501 -16.496222157658238 11.1
      vertex -6.586338117135501 -15.743777842341766 11.1
    endloop
  endfacet
  facet normal 0 0 1
    outer loop
      vertex -6.777351112569124 -16.827066370655196 11.1
      vertex -6.586338117135501 -15.743777842341766 11.1
      vertex -6.777351112569124 -15.412933629344808 11.1
    endloop
  endfacet
  facet normal 0 0 1
    outer loop
      vertex -6.586338117135501 -16.496222157658238 11.1
      vertex -6.52 -16.12 11.1
      vertex -6.586338117135501 -15.743777842341766 11.1
    endloop
  endfacet
  facet normal -0.8660254037844388 0.4999999999999996 0
    outer loop
      vertex -6.777351112569124 -16.827066370655196 11.1
      vertex -6.777351112569124 -16.827066370655196 11.9
      vertex -6.586338117135501 -16.496222157658238 11.1
    endloop
  endfacet
  facet normal -0.8660254037844388 0.4999999999999996 0
    outer loop
      vertex -6.777351112569124 -16.827066370655196 11.9
      vertex -6.586338117135501 -16.496222157658238 11.9
      vertex -6.586338117135501 -16.496222157658238 11.1
    endloop
  endfacet
  facet normal -0.984807753012208 0.17364817766693108 0
    outer loop
      vertex -6.586338117135501 -16.496222157658238 11.1
      vertex -6.586338117135501 -16.496222157658238 11.9
      vertex -6.52 -16.12 11.1
    endloop
  endfacet
  facet normal -0.9848077530122077 -0.17364817766693186 0
    outer loop
      vertex -6.52 -16.12 11.1
      vertex -6.52 -16.12 11.9
      vertex -6.586338117135501 -15.743777842341766 11.1
    endloop
  endfacet
  facet normal -0.984807753012208 0.17364817766693108 0
    outer loop
      vertex -6.52 -16.12 11.1
      vertex -6.586338117135501 -16.496222157658238 11.9
      vertex -6.52 -16.12 11.9
    endloop
  endfacet
  facet normal -0.9848077530122077 -0.17364817766693186 0
    outer loop
      vertex -6.586338117135501 -15.743777842341766 11.1
      vertex -6.52 -16.12 11.9
      vertex -6.586338117135501 -15.743777842341766 11.9
    endloop
  endfacet
  facet normal -0.8660254037844388 -0.4999999999999996 0
    outer loop
      vertex -6.777351112569124 -15.412933629344808 11.1
      vertex -6.586338117135501 -15.743777842341766 11.1
      vertex -6.586338117135501 -15.743777842341766 11.9
    endloop
  endfacet
  facet normal -0.8660254037844388 -0.4999999999999996 0
    outer loop
      vertex -6.777351112569124 -15.412933629344808 11.1
      vertex -6.586338117135501 -15.743777842341766 11.9
      vertex -6.777351112569124 -15.412933629344808 11.9
    endloop
  endfacet
  facet normal 0.5877852522924721 0.809016994374948 0
    outer loop
      vertex -8.125635621484342 -13.947365782682796 11.1
      vertex -7.813135621484342 -14.174410322684471 2
      vertex -8.125635621484342 -13.947365782682796 2
    endloop
  endfacet
  facet normal 0.951056516295153 0.3090169943749493 0
    outer loop
      vertex -8.245000000000001 -13.58 11.1
      vertex -8.125635621484342 -13.947365782682796 2
      vertex -8.245000000000001 -13.58 2
    endloop
  endfacet
  facet normal 0.951056516295153 -0.3090169943749493 0
    outer loop
      vertex -8.125635621484342 -13.212634217317204 11.1
      vertex -8.245000000000001 -13.58 2
      vertex -8.125635621484342 -13.212634217317204 2
    endloop
  endfacet
  facet normal 0.5877852522924721 -0.809016994374948 0
    outer loop
      vertex -7.813135621484342 -12.985589677315529 11.1
      vertex -8.125635621484342 -13.212634217317204 2
      vertex -7.813135621484342 -12.985589677315529 2
    endloop
  endfacet
  facet normal 0.951056516295153 0.3090169943749493 0
    outer loop
      vertex -8.245000000000001 -13.58 11.1
      vertex -8.125635621484342 -13.947365782682796 11.1
      vertex -8.125635621484342 -13.947365782682796 2
    endloop
  endfacet
  facet normal 0.5877852522924721 0.809016994374948 0
    outer loop
      vertex -7.813135621484342 -14.174410322684471 11.1
      vertex -7.813135621484342 -14.174410322684471 2
      vertex -8.125635621484342 -13.947365782682796 11.1
    endloop
  endfacet
  facet normal 0.951056516295153 -0.3090169943749493 0
    outer loop
      vertex -8.245000000000001 -13.58 11.1
      vertex -8.245000000000001 -13.58 2
      vertex -8.125635621484342 -13.212634217317204 11.1
    endloop
  endfacet
  facet normal 0.5877852522924721 -0.809016994374948 0
    outer loop
      vertex -8.125635621484342 -13.212634217317204 11.1
      vertex -8.125635621484342 -13.212634217317204 2
      vertex -7.813135621484342 -12.985589677315529 11.1
    endloop
  endfacet
  facet normal 0 1 0
    outer loop
      vertex -7.813135621484342 -14.174410322684471 11.1
      vertex -7.426864378515658 -14.174410322684471 2
      vertex -7.813135621484342 -14.174410322684471 2
    endloop
  endfacet
  facet normal -0.5877852522924721 0.809016994374948 0
    outer loop
      vertex -7.426864378515658 -14.174410322684471 11.1
      vertex -7.114364378515658 -13.947365782682796 2
      vertex -7.426864378515658 -14.174410322684471 2
    endloop
  endfacet
  facet normal 0 -1 0
    outer loop
      vertex -7.426864378515658 -12.985589677315529 11.1
      vertex -7.813135621484342 -12.985589677315529 2
      vertex -7.426864378515658 -12.985589677315529 2
    endloop
  endfacet
  facet normal -0.9510565162951535 0.30901699437494723 0
    outer loop
      vertex -7.114364378515658 -13.947365782682796 11.1
      vertex -6.995 -13.58 2
      vertex -7.114364378515658 -13.947365782682796 2
    endloop
  endfacet
  facet normal -0.9510565162951535 -0.30901699437494723 0
    outer loop
      vertex -6.995 -13.58 11.1
      vertex -7.114364378515658 -13.212634217317204 2
      vertex -6.995 -13.58 2
    endloop
  endfacet
  facet normal -0.5877852522924721 -0.809016994374948 0
    outer loop
      vertex -7.114364378515658 -13.212634217317204 11.1
      vertex -7.426864378515658 -12.985589677315529 2
      vertex -7.114364378515658 -13.212634217317204 2
    endloop
  endfacet
  facet normal 0 1 0
    outer loop
      vertex -7.813135621484342 -14.174410322684471 11.1
      vertex -7.426864378515658 -14.174410322684471 11.1
      vertex -7.426864378515658 -14.174410322684471 2
    endloop
  endfacet
  facet normal 0 -1 0
    outer loop
      vertex -7.813135621484342 -12.985589677315529 11.1
      vertex -7.813135621484342 -12.985589677315529 2
      vertex -7.426864378515658 -12.985589677315529 11.1
    endloop
  endfacet
  facet normal -0.5877852522924721 -0.809016994374948 0
    outer loop
      vertex -7.426864378515658 -12.985589677315529 11.1
      vertex -7.426864378515658 -12.985589677315529 2
      vertex -7.114364378515658 -13.212634217317204 11.1
    endloop
  endfacet
  facet normal -0.5877852522924721 0.809016994374948 0
    outer loop
      vertex -7.426864378515658 -14.174410322684471 11.1
      vertex -7.114364378515658 -13.947365782682796 11.1
      vertex -7.114364378515658 -13.947365782682796 2
    endloop
  endfacet
  facet normal -0.9510565162951535 0.30901699437494723 0
    outer loop
      vertex -7.114364378515658 -13.947365782682796 11.1
      vertex -6.995 -13.58 11.1
      vertex -6.995 -13.58 2
    endloop
  endfacet
  facet normal -0.9510565162951535 -0.30901699437494723 0
    outer loop
      vertex -6.995 -13.58 11.1
      vertex -7.114364378515658 -13.212634217317204 11.1
      vertex -7.114364378515658 -13.212634217317204 2
    endloop
  endfacet
  facet normal 0 0 1
    outer loop
      vertex -8.17 -14.532627944162883 11.1
      vertex -7.811012995433623 -14.663288528313428 11.1
      vertex -7.813135621484342 -14.174410322684471 11.1
    endloop
  endfacet
  facet normal 0.6427876096865385 0.7660444431189787 0
    outer loop
      vertex -8.17 -14.532627944162883 11.1
      vertex -8.462648887430877 -14.287066370655193 11.9
      vertex -8.17 -14.532627944162883 11.9
    endloop
  endfacet
  facet normal 0.3420201433256668 0.9396926207859091 0
    outer loop
      vertex -8.17 -14.532627944162883 11.1
      vertex -8.17 -14.532627944162883 11.9
      vertex -7.811012995433623 -14.663288528313428 11.1
    endloop
  endfacet
  facet normal 0.3420201433256668 0.9396926207859091 0
    outer loop
      vertex -8.17 -14.532627944162883 11.9
      vertex -7.811012995433623 -14.663288528313428 11.9
      vertex -7.811012995433623 -14.663288528313428 11.1
    endloop
  endfacet
  facet normal 0 0 1
    outer loop
      vertex -8.462648887430877 -14.287066370655193 11.1
      vertex -8.462648887430877 -12.872933629344807 11.1
      vertex -8.6536618828645 -13.956222157658235 11.1
    endloop
  endfacet
  facet normal 0 0 1
    outer loop
      vertex -8.462648887430877 -14.287066370655193 11.1
      vertex -8.17 -14.532627944162883 11.1
      vertex -8.125635621484342 -13.947365782682796 11.1
    endloop
  endfacet
  facet normal 0 0 1
    outer loop
      vertex -8.462648887430877 -14.287066370655193 11.1
      vertex -8.125635621484342 -13.947365782682796 11.1
      vertex -8.245000000000001 -13.58 11.1
    endloop
  endfacet
  facet normal 0 0 1
    outer loop
      vertex -8.6536618828645 -13.956222157658235 11.1
      vertex -8.6536618828645 -13.203777842341765 11.1
      vertex -8.72 -13.58 11.1
    endloop
  endfacet
  facet normal 0 0 1
    outer loop
      vertex -8.6536618828645 -13.956222157658235 11.1
      vertex -8.462648887430877 -12.872933629344807 11.1
      vertex -8.6536618828645 -13.203777842341765 11.1
    endloop
  endfacet
  facet normal 0 0 1
    outer loop
      vertex -8.462648887430877 -14.287066370655193 11.1
      vertex -8.245000000000001 -13.58 11.1
      vertex -8.17 -12.627372055837117 11.1
    endloop
  endfacet
  facet normal 0 0 1
    outer loop
      vertex -8.462648887430877 -14.287066370655193 11.1
      vertex -8.17 -12.627372055837117 11.1
      vertex -8.462648887430877 -12.872933629344807 11.1
    endloop
  endfacet
  facet normal 0 0 1
    outer loop
      vertex -8.17 -14.532627944162883 11.1
      vertex -7.813135621484342 -14.174410322684471 11.1
      vertex -8.125635621484342 -13.947365782682796 11.1
    endloop
  endfacet
  facet normal 0 0 1
    outer loop
      vertex -8.245000000000001 -13.58 11.1
      vertex -8.125635621484342 -13.212634217317204 11.1
      vertex -8.17 -12.627372055837117 11.1
    endloop
  endfacet
  facet normal 0.8660254037844399 0.4999999999999979 0
    outer loop
      vertex -8.462648887430877 -14.287066370655193 11.1
      vertex -8.6536618828645 -13.956222157658235 11.1
      vertex -8.6536618828645 -13.956222157658235 11.9
    endloop
  endfacet
  facet normal 0.9848077530122077 0.17364817766693186 0
    outer loop
      vertex -8.6536618828645 -13.956222157658235 11.1
      vertex -8.72 -13.58 11.1
      vertex -8.72 -13.58 11.9
    endloop
  endfacet
  facet normal 0.6427876096865385 0.7660444431189787 0
    outer loop
      vertex -8.462648887430877 -14.287066370655193 11.1
      vertex -8.462648887430877 -14.287066370655193 11.9
      vertex -8.17 -14.532627944162883 11.1
    endloop
  endfacet
  facet normal 0.8660254037844399 0.4999999999999979 0
    outer loop
      vertex -8.462648887430877 -14.287066370655193 11.1
      vertex -8.6536618828645 -13.956222157658235 11.9
      vertex -8.462648887430877 -14.287066370655193 11.9
    endloop
  endfacet
  facet normal 0.9848077530122077 0.17364817766693186 0
    outer loop
      vertex -8.6536618828645 -13.956222157658235 11.1
      vertex -8.72 -13.58 11.9
      vertex -8.6536618828645 -13.956222157658235 11.9
    endloop
  endfacet
  facet normal 0.9848077530122077 -0.17364817766693186 0
    outer loop
      vertex -8.72 -13.58 11.1
      vertex -8.6536618828645 -13.203777842341765 11.1
      vertex -8.6536618828645 -13.203777842341765 11.9
    endloop
  endfacet
  facet normal 0.8660254037844399 -0.4999999999999979 0
    outer loop
      vertex -8.6536618828645 -13.203777842341765 11.1
      vertex -8.462648887430877 -12.872933629344807 11.1
      vertex -8.462648887430877 -12.872933629344807 11.9
    endloop
  endfacet
  facet normal 0.9848077530122077 -0.17364817766693186 0
    outer loop
      vertex -8.72 -13.58 11.1
      vertex -8.6536618828645 -13.203777842341765 11.9
      vertex -8.72 -13.58 11.9
    endloop
  endfacet
  facet normal 0.8660254037844399 -0.4999999999999979 0
    outer loop
      vertex -8.6536618828645 -13.203777842341765 11.1
      vertex -8.462648887430877 -12.872933629344807 11.9
      vertex -8.6536618828645 -13.203777842341765 11.9
    endloop
  endfacet
  facet normal 0 0 1
    outer loop
      vertex -8.125635621484342 -13.212634217317204 11.1
      vertex -7.811012995433623 -12.496711471686572 11.1
      vertex -8.17 -12.627372055837117 11.1
    endloop
  endfacet
  facet normal 0 0 1
    outer loop
      vertex -8.125635621484342 -13.212634217317204 11.1
      vertex -7.813135621484342 -12.985589677315529 11.1
      vertex -7.811012995433623 -12.496711471686572 11.1
    endloop
  endfacet
  facet normal 0.6427876096865385 -0.7660444431189787 0
    outer loop
      vertex -8.462648887430877 -12.872933629344807 11.1
      vertex -8.17 -12.627372055837117 11.1
      vertex -8.17 -12.627372055837117 11.9
    endloop
  endfacet
  facet normal 0.6427876096865385 -0.7660444431189787 0
    outer loop
      vertex -8.462648887430877 -12.872933629344807 11.1
      vertex -8.17 -12.627372055837117 11.9
      vertex -8.462648887430877 -12.872933629344807 11.9
    endloop
  endfacet
  facet normal 0.3420201433256668 -0.9396926207859091 0
    outer loop
      vertex -8.17 -12.627372055837117 11.1
      vertex -7.811012995433623 -12.496711471686572 11.1
      vertex -7.811012995433623 -12.496711471686572 11.9
    endloop
  endfacet
  facet normal 0.3420201433256668 -0.9396926207859091 0
    outer loop
      vertex -8.17 -12.627372055837117 11.1
      vertex -7.811012995433623 -12.496711471686572 11.9
      vertex -8.17 -12.627372055837117 11.9
    endloop
  endfacet
  facet normal 0 0 1
    outer loop
      vertex -7.811012995433623 -14.663288528313428 11.1
      vertex -7.428987004566377 -14.663288528313428 11.1
      vertex -7.426864378515658 -14.174410322684471 11.1
    endloop
  endfacet
  facet normal 0 0 1
    outer loop
      vertex -7.428987004566377 -14.663288528313428 11.1
      vertex -7.07 -14.532627944162883 11.1
      vertex -7.114364378515658 -13.947365782682796 11.1
    endloop
  endfacet
  facet normal 0 1 0
    outer loop
      vertex -7.811012995433623 -14.663288528313428 11.1
      vertex -7.811012995433623 -14.663288528313428 11.9
      vertex -7.428987004566377 -14.663288528313428 11.1
    endloop
  endfacet
  facet normal -0.3420201433256668 0.9396926207859091 0
    outer loop
      vertex -7.428987004566377 -14.663288528313428 11.1
      vertex -7.428987004566377 -14.663288528313428 11.9
      vertex -7.07 -14.532627944162883 11.1
    endloop
  endfacet
  facet normal 0 1 0
    outer loop
      vertex -7.428987004566377 -14.663288528313428 11.1
      vertex -7.811012995433623 -14.663288528313428 11.9
      vertex -7.428987004566377 -14.663288528313428 11.9
    endloop
  endfacet
  facet normal -0.6427876096865396 0.7660444431189778 0
    outer loop
      vertex -7.07 -14.532627944162883 11.1
      vertex -7.07 -14.532627944162883 11.9
      vertex -6.777351112569124 -14.287066370655193 11.1
    endloop
  endfacet
  facet normal -0.3420201433256668 0.9396926207859091 0
    outer loop
      vertex -7.07 -14.532627944162883 11.1
      vertex -7.428987004566377 -14.663288528313428 11.9
      vertex -7.07 -14.532627944162883 11.9
    endloop
  endfacet
  facet normal 0 0 1
    outer loop
      vertex -7.811012995433623 -14.663288528313428 11.1
      vertex -7.426864378515658 -14.174410322684471 11.1
      vertex -7.813135621484342 -14.174410322684471 11.1
    endloop
  endfacet
  facet normal 0 0 1
    outer loop
      vertex -7.428987004566377 -14.663288528313428 11.1
      vertex -7.114364378515658 -13.947365782682796 11.1
      vertex -7.426864378515658 -14.174410322684471 11.1
    endloop
  endfacet
  facet normal 0 0 1
    outer loop
      vertex -7.07 -14.532627944162883 11.1
      vertex -6.995 -13.58 11.1
      vertex -7.114364378515658 -13.947365782682796 11.1
    endloop
  endfacet
  facet normal 0 0 1
    outer loop
      vertex -7.07 -14.532627944162883 11.1
      vertex -6.777351112569124 -12.872933629344807 11.1
      vertex -6.995 -13.58 11.1
    endloop
  endfacet
  facet normal 0 0 1
    outer loop
      vertex -7.07 -14.532627944162883 11.1
      vertex -6.777351112569124 -14.287066370655193 11.1
      vertex -6.777351112569124 -12.872933629344807 11.1
    endloop
  endfacet
  facet normal 0 0 1
    outer loop
      vertex -7.426864378515658 -12.985589677315529 11.1
      vertex -7.114364378515658 -13.212634217317204 11.1
      vertex -7.07 -12.627372055837117 11.1
    endloop
  endfacet
  facet normal 0 0 1
    outer loop
      vertex -6.995 -13.58 11.1
      vertex -6.777351112569124 -12.872933629344807 11.1
      vertex -7.114364378515658 -13.212634217317204 11.1
    endloop
  endfacet
  facet normal -0.6427876096865396 0.7660444431189778 0
    outer loop
      vertex -6.777351112569124 -14.287066370655193 11.1
      vertex -7.07 -14.532627944162883 11.9
      vertex -6.777351112569124 -14.287066370655193 11.9
    endloop
  endfacet
  facet normal 0 0 1
    outer loop
      vertex -7.813135621484342 -12.985589677315529 11.1
      vertex -7.428987004566377 -12.496711471686572 11.1
      vertex -7.811012995433623 -12.496711471686572 11.1
    endloop
  endfacet
  facet normal 0 0 1
    outer loop
      vertex -7.813135621484342 -12.985589677315529 11.1
      vertex -7.426864378515658 -12.985589677315529 11.1
      vertex -7.428987004566377 -12.496711471686572 11.1
    endloop
  endfacet
  facet normal 0 0 1
    outer loop
      vertex -7.426864378515658 -12.985589677315529 11.1
      vertex -7.07 -12.627372055837117 11.1
      vertex -7.428987004566377 -12.496711471686572 11.1
    endloop
  endfacet
  facet normal 0 0 1
    outer loop
      vertex -7.114364378515658 -13.212634217317204 11.1
      vertex -6.777351112569124 -12.872933629344807 11.1
      vertex -7.07 -12.627372055837117 11.1
    endloop
  endfacet
  facet normal 0 -1 0
    outer loop
      vertex -7.811012995433623 -12.496711471686572 11.1
      vertex -7.428987004566377 -12.496711471686572 11.1
      vertex -7.428987004566377 -12.496711471686572 11.9
    endloop
  endfacet
  facet normal 0 -1 0
    outer loop
      vertex -7.811012995433623 -12.496711471686572 11.1
      vertex -7.428987004566377 -12.496711471686572 11.9
      vertex -7.811012995433623 -12.496711471686572 11.9
    endloop
  endfacet
  facet normal -0.3420201433256668 -0.9396926207859091 0
    outer loop
      vertex -7.428987004566377 -12.496711471686572 11.1
      vertex -7.07 -12.627372055837117 11.9
      vertex -7.428987004566377 -12.496711471686572 11.9
    endloop
  endfacet
  facet normal -0.3420201433256668 -0.9396926207859091 0
    outer loop
      vertex -7.428987004566377 -12.496711471686572 11.1
      vertex -7.07 -12.627372055837117 11.1
      vertex -7.07 -12.627372055837117 11.9
    endloop
  endfacet
  facet normal -0.6427876096865396 -0.7660444431189778 0
    outer loop
      vertex -6.777351112569124 -12.872933629344807 11.1
      vertex -6.777351112569124 -12.872933629344807 11.9
      vertex -7.07 -12.627372055837117 11.1
    endloop
  endfacet
  facet normal -0.6427876096865396 -0.7660444431189778 0
    outer loop
      vertex -6.777351112569124 -12.872933629344807 11.9
      vertex -7.07 -12.627372055837117 11.9
      vertex -7.07 -12.627372055837117 11.1
    endloop
  endfacet
  facet normal 0 0 1
    outer loop
      vertex -6.777351112569124 -14.287066370655193 11.1
      vertex -6.586338117135501 -13.956222157658235 11.1
      vertex -6.586338117135501 -13.203777842341765 11.1
    endloop
  endfacet
  facet normal 0 0 1
    outer loop
      vertex -6.777351112569124 -14.287066370655193 11.1
      vertex -6.586338117135501 -13.203777842341765 11.1
      vertex -6.777351112569124 -12.872933629344807 11.1
    endloop
  endfacet
  facet normal 0 0 1
    outer loop
      vertex -6.586338117135501 -13.956222157658235 11.1
      vertex -6.52 -13.58 11.1
      vertex -6.586338117135501 -13.203777842341765 11.1
    endloop
  endfacet
  facet normal -0.8660254037844388 0.4999999999999996 0
    outer loop
      vertex -6.777351112569124 -14.287066370655193 11.1
      vertex -6.777351112569124 -14.287066370655193 11.9
      vertex -6.586338117135501 -13.956222157658235 11.1
    endloop
  endfacet
  facet normal -0.9848077530122077 0.17364817766693186 0
    outer loop
      vertex -6.586338117135501 -13.956222157658235 11.1
      vertex -6.586338117135501 -13.956222157658235 11.9
      vertex -6.52 -13.58 11.1
    endloop
  endfacet
  facet normal -0.8660254037844388 0.4999999999999996 0
    outer loop
      vertex -6.777351112569124 -14.287066370655193 11.9
      vertex -6.586338117135501 -13.956222157658235 11.9
      vertex -6.586338117135501 -13.956222157658235 11.1
    endloop
  endfacet
  facet normal -0.9848077530122077 0.17364817766693186 0
    outer loop
      vertex -6.52 -13.58 11.1
      vertex -6.586338117135501 -13.956222157658235 11.9
      vertex -6.52 -13.58 11.9
    endloop
  endfacet
  facet normal -0.9848077530122077 -0.17364817766693186 0
    outer loop
      vertex -6.52 -13.58 11.1
      vertex -6.52 -13.58 11.9
      vertex -6.586338117135501 -13.203777842341765 11.1
    endloop
  endfacet
  facet normal -0.8660254037844388 -0.4999999999999996 0
    outer loop
      vertex -6.777351112569124 -12.872933629344807 11.1
      vertex -6.586338117135501 -13.203777842341765 11.1
      vertex -6.586338117135501 -13.203777842341765 11.9
    endloop
  endfacet
  facet normal -0.9848077530122077 -0.17364817766693186 0
    outer loop
      vertex -6.586338117135501 -13.203777842341765 11.1
      vertex -6.52 -13.58 11.9
      vertex -6.586338117135501 -13.203777842341765 11.9
    endloop
  endfacet
  facet normal -0.8660254037844388 -0.4999999999999996 0
    outer loop
      vertex -6.777351112569124 -12.872933629344807 11.1
      vertex -6.586338117135501 -13.203777842341765 11.9
      vertex -6.777351112569124 -12.872933629344807 11.9
    endloop
  endfacet
  facet normal 0.5877852522924721 0.809016994374948 0
    outer loop
      vertex -8.125635621484342 -11.407365782682795 11.1
      vertex -7.813135621484342 -11.63441032268447 11.1
      vertex -7.813135621484342 -11.63441032268447 2
    endloop
  endfacet
  facet normal 0.951056516295153 0.3090169943749493 0
    outer loop
      vertex -8.245000000000001 -11.04 11.1
      vertex -8.125635621484342 -11.407365782682795 2
      vertex -8.245000000000001 -11.04 2
    endloop
  endfacet
  facet normal 0.5877852522924721 0.809016994374948 0
    outer loop
      vertex -8.125635621484342 -11.407365782682795 11.1
      vertex -7.813135621484342 -11.63441032268447 2
      vertex -8.125635621484342 -11.407365782682795 2
    endloop
  endfacet
  facet normal 0.951056516295153 -0.3090169943749493 0
    outer loop
      vertex -8.125635621484342 -10.672634217317203 11.1
      vertex -8.245000000000001 -11.04 2
      vertex -8.125635621484342 -10.672634217317203 2
    endloop
  endfacet
  facet normal 0.5877852522924721 -0.809016994374948 0
    outer loop
      vertex -7.813135621484342 -10.445589677315528 11.1
      vertex -8.125635621484342 -10.672634217317203 2
      vertex -7.813135621484342 -10.445589677315528 2
    endloop
  endfacet
  facet normal 0.951056516295153 0.3090169943749493 0
    outer loop
      vertex -8.125635621484342 -11.407365782682795 11.1
      vertex -8.125635621484342 -11.407365782682795 2
      vertex -8.245000000000001 -11.04 11.1
    endloop
  endfacet
  facet normal 0.951056516295153 -0.3090169943749493 0
    outer loop
      vertex -8.245000000000001 -11.04 11.1
      vertex -8.245000000000001 -11.04 2
      vertex -8.125635621484342 -10.672634217317203 11.1
    endloop
  endfacet
  facet normal 0.5877852522924721 -0.809016994374948 0
    outer loop
      vertex -8.125635621484342 -10.672634217317203 11.1
      vertex -8.125635621484342 -10.672634217317203 2
      vertex -7.813135621484342 -10.445589677315528 11.1
    endloop
  endfacet
  facet normal 0 1 0
    outer loop
      vertex -7.813135621484342 -11.63441032268447 11.1
      vertex -7.426864378515658 -11.63441032268447 2
      vertex -7.813135621484342 -11.63441032268447 2
    endloop
  endfacet
  facet normal -0.5877852522924721 0.809016994374948 0
    outer loop
      vertex -7.426864378515658 -11.63441032268447 11.1
      vertex -7.114364378515658 -11.407365782682795 2
      vertex -7.426864378515658 -11.63441032268447 2
    endloop
  endfacet
  facet normal 0 1 0
    outer loop
      vertex -7.813135621484342 -11.63441032268447 11.1
      vertex -7.426864378515658 -11.63441032268447 11.1
      vertex -7.426864378515658 -11.63441032268447 2
    endloop
  endfacet
  facet normal 0 -1 0
    outer loop
      vertex -7.426864378515658 -10.445589677315528 11.1
      vertex -7.813135621484342 -10.445589677315528 2
      vertex -7.426864378515658 -10.445589677315528 2
    endloop
  endfacet
  facet normal -0.9510565162951535 0.30901699437494723 0
    outer loop
      vertex -7.114364378515658 -11.407365782682795 11.1
      vertex -6.995 -11.04 2
      vertex -7.114364378515658 -11.407365782682795 2
    endloop
  endfacet
  facet normal -0.9510565162951535 -0.30901699437494723 0
    outer loop
      vertex -6.995 -11.04 11.1
      vertex -7.114364378515658 -10.672634217317203 2
      vertex -6.995 -11.04 2
    endloop
  endfacet
  facet normal -0.5877852522924721 -0.809016994374948 0
    outer loop
      vertex -7.114364378515658 -10.672634217317203 11.1
      vertex -7.426864378515658 -10.445589677315528 2
      vertex -7.114364378515658 -10.672634217317203 2
    endloop
  endfacet
  facet normal 0 -1 0
    outer loop
      vertex -7.813135621484342 -10.445589677315528 11.1
      vertex -7.813135621484342 -10.445589677315528 2
      vertex -7.426864378515658 -10.445589677315528 11.1
    endloop
  endfacet
  facet normal -0.5877852522924721 -0.809016994374948 0
    outer loop
      vertex -7.426864378515658 -10.445589677315528 11.1
      vertex -7.426864378515658 -10.445589677315528 2
      vertex -7.114364378515658 -10.672634217317203 11.1
    endloop
  endfacet
  facet normal -0.5877852522924721 0.809016994374948 0
    outer loop
      vertex -7.426864378515658 -11.63441032268447 11.1
      vertex -7.114364378515658 -11.407365782682795 11.1
      vertex -7.114364378515658 -11.407365782682795 2
    endloop
  endfacet
  facet normal -0.9510565162951535 0.30901699437494723 0
    outer loop
      vertex -7.114364378515658 -11.407365782682795 11.1
      vertex -6.995 -11.04 11.1
      vertex -6.995 -11.04 2
    endloop
  endfacet
  facet normal -0.9510565162951535 -0.30901699437494723 0
    outer loop
      vertex -7.114364378515658 -10.672634217317203 11.1
      vertex -7.114364378515658 -10.672634217317203 2
      vertex -6.995 -11.04 11.1
    endloop
  endfacet
  facet normal 0 0 1
    outer loop
      vertex -8.462648887430877 -11.747066370655192 11.1
      vertex -8.17 -11.992627944162882 11.1
      vertex -8.125635621484342 -11.407365782682795 11.1
    endloop
  endfacet
  facet normal 0 0 1
    outer loop
      vertex -8.17 -11.992627944162882 11.1
      vertex -7.813135621484342 -11.63441032268447 11.1
      vertex -8.125635621484342 -11.407365782682795 11.1
    endloop
  endfacet
  facet normal 0 0 1
    outer loop
      vertex -8.17 -11.992627944162882 11.1
      vertex -7.811012995433623 -12.123288528313427 11.1
      vertex -7.813135621484342 -11.63441032268447 11.1
    endloop
  endfacet
  facet normal 0.8660254037844399 0.4999999999999979 0
    outer loop
      vertex -8.462648887430877 -11.747066370655192 11.1
      vertex -8.6536618828645 -11.416222157658234 11.1
      vertex -8.6536618828645 -11.416222157658234 11.9
    endloop
  endfacet
  facet normal 0.6427876096865385 0.7660444431189787 0
    outer loop
      vertex -8.462648887430877 -11.747066370655192 11.1
      vertex -8.462648887430877 -11.747066370655192 11.9
      vertex -8.17 -11.992627944162882 11.1
    endloop
  endfacet
  facet normal 0.8660254037844399 0.4999999999999979 0
    outer loop
      vertex -8.462648887430877 -11.747066370655192 11.1
      vertex -8.6536618828645 -11.416222157658234 11.9
      vertex -8.462648887430877 -11.747066370655192 11.9
    endloop
  endfacet
  facet normal 0.6427876096865385 0.7660444431189787 0
    outer loop
      vertex -8.17 -11.992627944162882 11.1
      vertex -8.462648887430877 -11.747066370655192 11.9
      vertex -8.17 -11.992627944162882 11.9
    endloop
  endfacet
  facet normal 0.3420201433256668 0.9396926207859091 0
    outer loop
      vertex -8.17 -11.992627944162882 11.1
      vertex -8.17 -11.992627944162882 11.9
      vertex -7.811012995433623 -12.123288528313427 11.1
    endloop
  endfacet
  facet normal 0.3420201433256668 0.9396926207859091 0
    outer loop
      vertex -8.17 -11.992627944162882 11.9
      vertex -7.811012995433623 -12.123288528313427 11.9
      vertex -7.811012995433623 -12.123288528313427 11.1
    endloop
  endfacet
  facet normal 0 0 1
    outer loop
      vertex -8.462648887430877 -11.747066370655192 11.1
      vertex -8.462648887430877 -10.332933629344806 11.1
      vertex -8.6536618828645 -11.416222157658234 11.1
    endloop
  endfacet
  facet normal 0 0 1
    outer loop
      vertex -8.6536618828645 -11.416222157658234 11.1
      vertex -8.6536618828645 -10.663777842341764 11.1
      vertex -8.72 -11.04 11.1
    endloop
  endfacet
  facet normal 0 0 1
    outer loop
      vertex -8.6536618828645 -11.416222157658234 11.1
      vertex -8.462648887430877 -10.332933629344806 11.1
      vertex -8.6536618828645 -10.663777842341764 11.1
    endloop
  endfacet
  facet normal 0 0 1
    outer loop
      vertex -8.462648887430877 -11.747066370655192 11.1
      vertex -8.125635621484342 -11.407365782682795 11.1
      vertex -8.245000000000001 -11.04 11.1
    endloop
  endfacet
  facet normal 0 0 1
    outer loop
      vertex -8.462648887430877 -11.747066370655192 11.1
      vertex -8.245000000000001 -11.04 11.1
      vertex -8.17 -10.087372055837116 11.1
    endloop
  endfacet
  facet normal 0 0 1
    outer loop
      vertex -8.462648887430877 -11.747066370655192 11.1
      vertex -8.17 -10.087372055837116 11.1
      vertex -8.462648887430877 -10.332933629344806 11.1
    endloop
  endfacet
  facet normal 0 0 1
    outer loop
      vertex -8.245000000000001 -11.04 11.1
      vertex -8.125635621484342 -10.672634217317203 11.1
      vertex -8.17 -10.087372055837116 11.1
    endloop
  endfacet
  facet normal 0 0 1
    outer loop
      vertex -8.125635621484342 -10.672634217317203 11.1
      vertex -7.811012995433623 -9.956711471686571 11.1
      vertex -8.17 -10.087372055837116 11.1
    endloop
  endfacet
  facet normal 0 0 1
    outer loop
      vertex -8.125635621484342 -10.672634217317203 11.1
      vertex -7.813135621484342 -10.445589677315528 11.1
      vertex -7.811012995433623 -9.956711471686571 11.1
    endloop
  endfacet
  facet normal 0.9848077530122077 0.17364817766693186 0
    outer loop
      vertex -8.6536618828645 -11.416222157658234 11.1
      vertex -8.72 -11.04 11.1
      vertex -8.72 -11.04 11.9
    endloop
  endfacet
  facet normal 0.9848077530122077 -0.17364817766693186 0
    outer loop
      vertex -8.72 -11.04 11.1
      vertex -8.6536618828645 -10.663777842341764 11.1
      vertex -8.6536618828645 -10.663777842341764 11.9
    endloop
  endfacet
  facet normal 0.9848077530122077 0.17364817766693186 0
    outer loop
      vertex -8.6536618828645 -11.416222157658234 11.1
      vertex -8.72 -11.04 11.9
      vertex -8.6536618828645 -11.416222157658234 11.9
    endloop
  endfacet
  facet normal 0.9848077530122077 -0.17364817766693186 0
    outer loop
      vertex -8.72 -11.04 11.1
      vertex -8.6536618828645 -10.663777842341764 11.9
      vertex -8.72 -11.04 11.9
    endloop
  endfacet
  facet normal 0.8660254037844399 -0.4999999999999979 0
    outer loop
      vertex -8.6536618828645 -10.663777842341764 11.1
      vertex -8.462648887430877 -10.332933629344806 11.1
      vertex -8.462648887430877 -10.332933629344806 11.9
    endloop
  endfacet
  facet normal 0.6427876096865385 -0.7660444431189787 0
    outer loop
      vertex -8.462648887430877 -10.332933629344806 11.1
      vertex -8.17 -10.087372055837116 11.1
      vertex -8.17 -10.087372055837116 11.9
    endloop
  endfacet
  facet normal 0.8660254037844399 -0.4999999999999979 0
    outer loop
      vertex -8.6536618828645 -10.663777842341764 11.1
      vertex -8.462648887430877 -10.332933629344806 11.9
      vertex -8.6536618828645 -10.663777842341764 11.9
    endloop
  endfacet
  facet normal 0.6427876096865385 -0.7660444431189787 0
    outer loop
      vertex -8.462648887430877 -10.332933629344806 11.1
      vertex -8.17 -10.087372055837116 11.9
      vertex -8.462648887430877 -10.332933629344806 11.9
    endloop
  endfacet
  facet normal 0.3420201433256668 -0.9396926207859091 0
    outer loop
      vertex -8.17 -10.087372055837116 11.1
      vertex -7.811012995433623 -9.956711471686571 11.1
      vertex -7.811012995433623 -9.956711471686571 11.9
    endloop
  endfacet
  facet normal 0.3420201433256668 -0.9396926207859091 0
    outer loop
      vertex -8.17 -10.087372055837116 11.1
      vertex -7.811012995433623 -9.956711471686571 11.9
      vertex -8.17 -10.087372055837116 11.9
    endloop
  endfacet
  facet normal 0 0 1
    outer loop
      vertex -7.811012995433623 -12.123288528313427 11.1
      vertex -7.428987004566377 -12.123288528313427 11.1
      vertex -7.426864378515658 -11.63441032268447 11.1
    endloop
  endfacet
  facet normal 0 0 1
    outer loop
      vertex -7.811012995433623 -12.123288528313427 11.1
      vertex -7.426864378515658 -11.63441032268447 11.1
      vertex -7.813135621484342 -11.63441032268447 11.1
    endloop
  endfacet
  facet normal 0 0 1
    outer loop
      vertex -7.428987004566377 -12.123288528313427 11.1
      vertex -7.114364378515658 -11.407365782682795 11.1
      vertex -7.426864378515658 -11.63441032268447 11.1
    endloop
  endfacet
  facet normal 0 0 1
    outer loop
      vertex -7.428987004566377 -12.123288528313427 11.1
      vertex -7.07 -11.992627944162882 11.1
      vertex -7.114364378515658 -11.407365782682795 11.1
    endloop
  endfacet
  facet normal 0 1 0
    outer loop
      vertex -7.811012995433623 -12.123288528313427 11.1
      vertex -7.811012995433623 -12.123288528313427 11.9
      vertex -7.428987004566377 -12.123288528313427 11.1
    endloop
  endfacet
  facet normal -0.3420201433256668 0.9396926207859091 0
    outer loop
      vertex -7.428987004566377 -12.123288528313427 11.1
      vertex -7.428987004566377 -12.123288528313427 11.9
      vertex -7.07 -11.992627944162882 11.1
    endloop
  endfacet
  facet normal 0 1 0
    outer loop
      vertex -7.428987004566377 -12.123288528313427 11.1
      vertex -7.811012995433623 -12.123288528313427 11.9
      vertex -7.428987004566377 -12.123288528313427 11.9
    endloop
  endfacet
  facet normal -0.6427876096865396 0.7660444431189778 0
    outer loop
      vertex -7.07 -11.992627944162882 11.1
      vertex -7.07 -11.992627944162882 11.9
      vertex -6.777351112569124 -11.747066370655192 11.1
    endloop
  endfacet
  facet normal -0.3420201433256668 0.9396926207859091 0
    outer loop
      vertex -7.07 -11.992627944162882 11.1
      vertex -7.428987004566377 -12.123288528313427 11.9
      vertex -7.07 -11.992627944162882 11.9
    endloop
  endfacet
  facet normal -0.6427876096865396 0.7660444431189778 0
    outer loop
      vertex -6.777351112569124 -11.747066370655192 11.1
      vertex -7.07 -11.992627944162882 11.9
      vertex -6.777351112569124 -11.747066370655192 11.9
    endloop
  endfacet
  facet normal -0.8660254037844388 0.4999999999999996 0
    outer loop
      vertex -6.777351112569124 -11.747066370655192 11.1
      vertex -6.777351112569124 -11.747066370655192 11.9
      vertex -6.586338117135501 -11.416222157658234 11.1
    endloop
  endfacet
  facet normal -0.8660254037844388 0.4999999999999996 0
    outer loop
      vertex -6.777351112569124 -11.747066370655192 11.9
      vertex -6.586338117135501 -11.416222157658234 11.9
      vertex -6.586338117135501 -11.416222157658234 11.1
    endloop
  endfacet
  facet normal 0 0 1
    outer loop
      vertex -7.813135621484342 -10.445589677315528 11.1
      vertex -7.428987004566377 -9.956711471686571 11.1
      vertex -7.811012995433623 -9.956711471686571 11.1
    endloop
  endfacet
  facet normal 0 0 1
    outer loop
      vertex -7.813135621484342 -10.445589677315528 11.1
      vertex -7.426864378515658 -10.445589677315528 11.1
      vertex -7.428987004566377 -9.956711471686571 11.1
    endloop
  endfacet
  facet normal 0 0 1
    outer loop
      vertex -7.426864378515658 -10.445589677315528 11.1
      vertex -7.07 -10.087372055837116 11.1
      vertex -7.428987004566377 -9.956711471686571 11.1
    endloop
  endfacet
  facet normal 0 0 1
    outer loop
      vertex -7.07 -11.992627944162882 11.1
      vertex -6.995 -11.04 11.1
      vertex -7.114364378515658 -11.407365782682795 11.1
    endloop
  endfacet
  facet normal 0 0 1
    outer loop
      vertex -7.07 -11.992627944162882 11.1
      vertex -6.777351112569124 -11.747066370655192 11.1
      vertex -6.777351112569124 -10.332933629344806 11.1
    endloop
  endfacet
  facet normal 0 0 1
    outer loop
      vertex -7.07 -11.992627944162882 11.1
      vertex -6.777351112569124 -10.332933629344806 11.1
      vertex -6.995 -11.04 11.1
    endloop
  endfacet
  facet normal 0 0 1
    outer loop
      vertex -7.426864378515658 -10.445589677315528 11.1
      vertex -7.114364378515658 -10.672634217317203 11.1
      vertex -7.07 -10.087372055837116 11.1
    endloop
  endfacet
  facet normal 0 0 1
    outer loop
      vertex -7.114364378515658 -10.672634217317203 11.1
      vertex -6.995 -11.04 11.1
      vertex -6.777351112569124 -10.332933629344806 11.1
    endloop
  endfacet
  facet normal 0 0 1
    outer loop
      vertex -7.114364378515658 -10.672634217317203 11.1
      vertex -6.777351112569124 -10.332933629344806 11.1
      vertex -7.07 -10.087372055837116 11.1
    endloop
  endfacet
  facet normal -0.6427876096865396 -0.7660444431189778 0
    outer loop
      vertex -7.07 -10.087372055837116 11.1
      vertex -6.777351112569124 -10.332933629344806 11.1
      vertex -6.777351112569124 -10.332933629344806 11.9
    endloop
  endfacet
  facet normal -0.6427876096865396 -0.7660444431189778 0
    outer loop
      vertex -7.07 -10.087372055837116 11.1
      vertex -6.777351112569124 -10.332933629344806 11.9
      vertex -7.07 -10.087372055837116 11.9
    endloop
  endfacet
  facet normal 0 -1 0
    outer loop
      vertex -7.811012995433623 -9.956711471686571 11.1
      vertex -7.428987004566377 -9.956711471686571 11.1
      vertex -7.428987004566377 -9.956711471686571 11.9
    endloop
  endfacet
  facet normal 0 -1 0
    outer loop
      vertex -7.811012995433623 -9.956711471686571 11.1
      vertex -7.428987004566377 -9.956711471686571 11.9
      vertex -7.811012995433623 -9.956711471686571 11.9
    endloop
  endfacet
  facet normal -0.3420201433256668 -0.9396926207859091 0
    outer loop
      vertex -7.428987004566377 -9.956711471686571 11.1
      vertex -7.07 -10.087372055837116 11.9
      vertex -7.428987004566377 -9.956711471686571 11.9
    endloop
  endfacet
  facet normal -0.3420201433256668 -0.9396926207859091 0
    outer loop
      vertex -7.428987004566377 -9.956711471686571 11.1
      vertex -7.07 -10.087372055837116 11.1
      vertex -7.07 -10.087372055837116 11.9
    endloop
  endfacet
  facet normal 0 0 1
    outer loop
      vertex -6.777351112569124 -11.747066370655192 11.1
      vertex -6.586338117135501 -11.416222157658234 11.1
      vertex -6.586338117135501 -10.663777842341764 11.1
    endloop
  endfacet
  facet normal 0 0 1
    outer loop
      vertex -6.777351112569124 -11.747066370655192 11.1
      vertex -6.586338117135501 -10.663777842341764 11.1
      vertex -6.777351112569124 -10.332933629344806 11.1
    endloop
  endfacet
  facet normal 0 0 1
    outer loop
      vertex -6.586338117135501 -11.416222157658234 11.1
      vertex -6.52 -11.04 11.1
      vertex -6.586338117135501 -10.663777842341764 11.1
    endloop
  endfacet
  facet normal -0.9848077530122077 0.17364817766693186 0
    outer loop
      vertex -6.586338117135501 -11.416222157658234 11.1
      vertex -6.586338117135501 -11.416222157658234 11.9
      vertex -6.52 -11.04 11.1
    endloop
  endfacet
  facet normal -0.9848077530122077 -0.17364817766693186 0
    outer loop
      vertex -6.52 -11.04 11.1
      vertex -6.52 -11.04 11.9
      vertex -6.586338117135501 -10.663777842341764 11.1
    endloop
  endfacet
  facet normal -0.9848077530122077 0.17364817766693186 0
    outer loop
      vertex -6.586338117135501 -11.416222157658234 11.9
      vertex -6.52 -11.04 11.9
      vertex -6.52 -11.04 11.1
    endloop
  endfacet
  facet normal -0.9848077530122077 -0.17364817766693186 0
    outer loop
      vertex -6.586338117135501 -10.663777842341764 11.1
      vertex -6.52 -11.04 11.9
      vertex -6.586338117135501 -10.663777842341764 11.9
    endloop
  endfacet
  facet normal -0.8660254037844388 -0.4999999999999996 0
    outer loop
      vertex -6.777351112569124 -10.332933629344806 11.1
      vertex -6.586338117135501 -10.663777842341764 11.1
      vertex -6.586338117135501 -10.663777842341764 11.9
    endloop
  endfacet
  facet normal -0.8660254037844388 -0.4999999999999996 0
    outer loop
      vertex -6.777351112569124 -10.332933629344806 11.1
      vertex -6.586338117135501 -10.663777842341764 11.9
      vertex -6.777351112569124 -10.332933629344806 11.9
    endloop
  endfacet
  facet normal 0.5877852522924721 0.809016994374948 0
    outer loop
      vertex -8.125635621484342 -8.867365782682796 11.1
      vertex -7.813135621484342 -9.094410322684471 2
      vertex -8.125635621484342 -8.867365782682796 2
    endloop
  endfacet
  facet normal 0.951056516295153 0.3090169943749493 0
    outer loop
      vertex -8.245000000000001 -8.5 11.1
      vertex -8.125635621484342 -8.867365782682796 2
      vertex -8.245000000000001 -8.5 2
    endloop
  endfacet
  facet normal 0.951056516295153 -0.3090169943749493 0
    outer loop
      vertex -8.125635621484342 -8.132634217317204 11.1
      vertex -8.245000000000001 -8.5 2
      vertex -8.125635621484342 -8.132634217317204 2
    endloop
  endfacet
  facet normal 0.5877852522924721 -0.809016994374948 0
    outer loop
      vertex -7.813135621484342 -7.905589677315529 11.1
      vertex -8.125635621484342 -8.132634217317204 2
      vertex -7.813135621484342 -7.905589677315529 2
    endloop
  endfacet
  facet normal 0.951056516295153 0.3090169943749493 0
    outer loop
      vertex -8.125635621484342 -8.867365782682796 11.1
      vertex -8.125635621484342 -8.867365782682796 2
      vertex -8.245000000000001 -8.5 11.1
    endloop
  endfacet
  facet normal 0.5877852522924721 0.809016994374948 0
    outer loop
      vertex -8.125635621484342 -8.867365782682796 11.1
      vertex -7.813135621484342 -9.094410322684471 11.1
      vertex -7.813135621484342 -9.094410322684471 2
    endloop
  endfacet
  facet normal 0.951056516295153 -0.3090169943749493 0
    outer loop
      vertex -8.245000000000001 -8.5 11.1
      vertex -8.245000000000001 -8.5 2
      vertex -8.125635621484342 -8.132634217317204 11.1
    endloop
  endfacet
  facet normal 0.5877852522924721 -0.809016994374948 0
    outer loop
      vertex -8.125635621484342 -8.132634217317204 11.1
      vertex -8.125635621484342 -8.132634217317204 2
      vertex -7.813135621484342 -7.905589677315529 11.1
    endloop
  endfacet
  facet normal 0 1 0
    outer loop
      vertex -7.813135621484342 -9.094410322684471 11.1
      vertex -7.426864378515658 -9.094410322684471 2
      vertex -7.813135621484342 -9.094410322684471 2
    endloop
  endfacet
  facet normal -0.5877852522924721 0.809016994374948 0
    outer loop
      vertex -7.426864378515658 -9.094410322684471 11.1
      vertex -7.114364378515658 -8.867365782682796 2
      vertex -7.426864378515658 -9.094410322684471 2
    endloop
  endfacet
  facet normal -0.9510565162951535 0.30901699437494723 0
    outer loop
      vertex -7.114364378515658 -8.867365782682796 11.1
      vertex -6.995 -8.5 2
      vertex -7.114364378515658 -8.867365782682796 2
    endloop
  endfacet
  facet normal 0 -1 0
    outer loop
      vertex -7.426864378515658 -7.905589677315529 11.1
      vertex -7.813135621484342 -7.905589677315529 2
      vertex -7.426864378515658 -7.905589677315529 2
    endloop
  endfacet
  facet normal -0.9510565162951535 -0.30901699437494723 0
    outer loop
      vertex -6.995 -8.5 11.1
      vertex -7.114364378515658 -8.132634217317204 2
      vertex -6.995 -8.5 2
    endloop
  endfacet
  facet normal -0.5877852522924721 -0.809016994374948 0
    outer loop
      vertex -7.114364378515658 -8.132634217317204 11.1
      vertex -7.426864378515658 -7.905589677315529 2
      vertex -7.114364378515658 -8.132634217317204 2
    endloop
  endfacet
  facet normal 0 1 0
    outer loop
      vertex -7.813135621484342 -9.094410322684471 11.1
      vertex -7.426864378515658 -9.094410322684471 11.1
      vertex -7.426864378515658 -9.094410322684471 2
    endloop
  endfacet
  facet normal -0.5877852522924721 0.809016994374948 0
    outer loop
      vertex -7.426864378515658 -9.094410322684471 11.1
      vertex -7.114364378515658 -8.867365782682796 11.1
      vertex -7.114364378515658 -8.867365782682796 2
    endloop
  endfacet
  facet normal -0.5877852522924721 -0.809016994374948 0
    outer loop
      vertex -7.426864378515658 -7.905589677315529 11.1
      vertex -7.426864378515658 -7.905589677315529 2
      vertex -7.114364378515658 -8.132634217317204 11.1
    endloop
  endfacet
  facet normal 0 -1 0
    outer loop
      vertex -7.813135621484342 -7.905589677315529 11.1
      vertex -7.813135621484342 -7.905589677315529 2
      vertex -7.426864378515658 -7.905589677315529 11.1
    endloop
  endfacet
  facet normal -0.9510565162951535 0.30901699437494723 0
    outer loop
      vertex -7.114364378515658 -8.867365782682796 11.1
      vertex -6.995 -8.5 11.1
      vertex -6.995 -8.5 2
    endloop
  endfacet
  facet normal -0.9510565162951535 -0.30901699437494723 0
    outer loop
      vertex -7.114364378515658 -8.132634217317204 11.1
      vertex -7.114364378515658 -8.132634217317204 2
      vertex -6.995 -8.5 11.1
    endloop
  endfacet
  facet normal 0 0 1
    outer loop
      vertex -8.462648887430877 -9.207066370655193 11.1
      vertex -8.462648887430877 -7.792933629344807 11.1
      vertex -8.6536618828645 -8.876222157658235 11.1
    endloop
  endfacet
  facet normal 0 0 1
    outer loop
      vertex -8.462648887430877 -9.207066370655193 11.1
      vertex -8.17 -9.452627944162883 11.1
      vertex -8.125635621484342 -8.867365782682796 11.1
    endloop
  endfacet
  facet normal 0 0 1
    outer loop
      vertex -8.462648887430877 -9.207066370655193 11.1
      vertex -8.125635621484342 -8.867365782682796 11.1
      vertex -8.245000000000001 -8.5 11.1
    endloop
  endfacet
  facet normal 0 0 1
    outer loop
      vertex -8.17 -9.452627944162883 11.1
      vertex -7.811012995433623 -9.583288528313428 11.1
      vertex -7.813135621484342 -9.094410322684471 11.1
    endloop
  endfacet
  facet normal 0 0 1
    outer loop
      vertex -8.17 -9.452627944162883 11.1
      vertex -7.813135621484342 -9.094410322684471 11.1
      vertex -8.125635621484342 -8.867365782682796 11.1
    endloop
  endfacet
  facet normal 0.6427876096865385 0.7660444431189787 0
    outer loop
      vertex -8.17 -9.452627944162883 11.1
      vertex -8.462648887430877 -9.207066370655193 11.9
      vertex -8.17 -9.452627944162883 11.9
    endloop
  endfacet
  facet normal 0.8660254037844399 0.4999999999999979 0
    outer loop
      vertex -8.462648887430877 -9.207066370655193 11.1
      vertex -8.6536618828645 -8.876222157658235 11.1
      vertex -8.6536618828645 -8.876222157658235 11.9
    endloop
  endfacet
  facet normal 0.9848077530122077 0.17364817766693186 0
    outer loop
      vertex -8.6536618828645 -8.876222157658235 11.1
      vertex -8.72 -8.5 11.1
      vertex -8.72 -8.5 11.9
    endloop
  endfacet
  facet normal 0.6427876096865385 0.7660444431189787 0
    outer loop
      vertex -8.462648887430877 -9.207066370655193 11.1
      vertex -8.462648887430877 -9.207066370655193 11.9
      vertex -8.17 -9.452627944162883 11.1
    endloop
  endfacet
  facet normal 0.8660254037844399 0.4999999999999979 0
    outer loop
      vertex -8.462648887430877 -9.207066370655193 11.1
      vertex -8.6536618828645 -8.876222157658235 11.9
      vertex -8.462648887430877 -9.207066370655193 11.9
    endloop
  endfacet
  facet normal 0.9848077530122077 0.17364817766693186 0
    outer loop
      vertex -8.6536618828645 -8.876222157658235 11.1
      vertex -8.72 -8.5 11.9
      vertex -8.6536618828645 -8.876222157658235 11.9
    endloop
  endfacet
  facet normal 0.3420201433256668 0.9396926207859091 0
    outer loop
      vertex -8.17 -9.452627944162883 11.1
      vertex -8.17 -9.452627944162883 11.9
      vertex -7.811012995433623 -9.583288528313428 11.1
    endloop
  endfacet
  facet normal 0.3420201433256668 0.9396926207859091 0
    outer loop
      vertex -8.17 -9.452627944162883 11.9
      vertex -7.811012995433623 -9.583288528313428 11.9
      vertex -7.811012995433623 -9.583288528313428 11.1
    endloop
  endfacet
  facet normal 0 0 1
    outer loop
      vertex -8.6536618828645 -8.876222157658235 11.1
      vertex -8.6536618828645 -8.123777842341765 11.1
      vertex -8.72 -8.5 11.1
    endloop
  endfacet
  facet normal 0 0 1
    outer loop
      vertex -8.6536618828645 -8.876222157658235 11.1
      vertex -8.462648887430877 -7.792933629344807 11.1
      vertex -8.6536618828645 -8.123777842341765 11.1
    endloop
  endfacet
  facet normal 0 0 1
    outer loop
      vertex -8.462648887430877 -9.207066370655193 11.1
      vertex -8.245000000000001 -8.5 11.1
      vertex -8.17 -7.547372055837117 11.1
    endloop
  endfacet
  facet normal 0 0 1
    outer loop
      vertex -8.462648887430877 -9.207066370655193 11.1
      vertex -8.17 -7.547372055837117 11.1
      vertex -8.462648887430877 -7.792933629344807 11.1
    endloop
  endfacet
  facet normal 0 0 1
    outer loop
      vertex -8.245000000000001 -8.5 11.1
      vertex -8.125635621484342 -8.132634217317204 11.1
      vertex -8.17 -7.547372055837117 11.1
    endloop
  endfacet
  facet normal 0 0 1
    outer loop
      vertex -8.125635621484342 -8.132634217317204 11.1
      vertex -7.811012995433623 -7.416711471686571 11.1
      vertex -8.17 -7.547372055837117 11.1
    endloop
  endfacet
  facet normal 0 0 1
    outer loop
      vertex -8.125635621484342 -8.132634217317204 11.1
      vertex -7.813135621484342 -7.905589677315529 11.1
      vertex -7.811012995433623 -7.416711471686571 11.1
    endloop
  endfacet
  facet normal 0.9848077530122077 -0.17364817766693186 0
    outer loop
      vertex -8.72 -8.5 11.1
      vertex -8.6536618828645 -8.123777842341765 11.1
      vertex -8.6536618828645 -8.123777842341765 11.9
    endloop
  endfacet
  facet normal 0.9848077530122077 -0.17364817766693186 0
    outer loop
      vertex -8.72 -8.5 11.1
      vertex -8.6536618828645 -8.123777842341765 11.9
      vertex -8.72 -8.5 11.9
    endloop
  endfacet
  facet normal 0.8660254037844399 -0.4999999999999979 0
    outer loop
      vertex -8.6536618828645 -8.123777842341765 11.1
      vertex -8.462648887430877 -7.792933629344807 11.9
      vertex -8.6536618828645 -8.123777842341765 11.9
    endloop
  endfacet
  facet normal 0.8660254037844399 -0.4999999999999979 0
    outer loop
      vertex -8.6536618828645 -8.123777842341765 11.1
      vertex -8.462648887430877 -7.792933629344807 11.1
      vertex -8.462648887430877 -7.792933629344807 11.9
    endloop
  endfacet
  facet normal 0.6427876096865385 -0.7660444431189787 0
    outer loop
      vertex -8.462648887430877 -7.792933629344807 11.1
      vertex -8.17 -7.547372055837117 11.1
      vertex -8.17 -7.547372055837117 11.9
    endloop
  endfacet
  facet normal 0.6427876096865385 -0.7660444431189787 0
    outer loop
      vertex -8.462648887430877 -7.792933629344807 11.1
      vertex -8.17 -7.547372055837117 11.9
      vertex -8.462648887430877 -7.792933629344807 11.9
    endloop
  endfacet
  facet normal 0.3420201433256689 -0.9396926207859084 0
    outer loop
      vertex -8.17 -7.547372055837117 11.1
      vertex -7.811012995433623 -7.416711471686571 11.1
      vertex -7.811012995433623 -7.416711471686571 11.9
    endloop
  endfacet
  facet normal 0.3420201433256689 -0.9396926207859084 0
    outer loop
      vertex -8.17 -7.547372055837117 11.1
      vertex -7.811012995433623 -7.416711471686571 11.9
      vertex -8.17 -7.547372055837117 11.9
    endloop
  endfacet
  facet normal 0 0 1
    outer loop
      vertex -7.811012995433623 -9.583288528313428 11.1
      vertex -7.428987004566377 -9.583288528313428 11.1
      vertex -7.426864378515658 -9.094410322684471 11.1
    endloop
  endfacet
  facet normal 0 0 1
    outer loop
      vertex -7.811012995433623 -9.583288528313428 11.1
      vertex -7.426864378515658 -9.094410322684471 11.1
      vertex -7.813135621484342 -9.094410322684471 11.1
    endloop
  endfacet
  facet normal 0 0 1
    outer loop
      vertex -7.428987004566377 -9.583288528313428 11.1
      vertex -7.114364378515658 -8.867365782682796 11.1
      vertex -7.426864378515658 -9.094410322684471 11.1
    endloop
  endfacet
  facet normal 0 0 1
    outer loop
      vertex -7.428987004566377 -9.583288528313428 11.1
      vertex -7.07 -9.452627944162883 11.1
      vertex -7.114364378515658 -8.867365782682796 11.1
    endloop
  endfacet
  facet normal 0 0 1
    outer loop
      vertex -7.07 -9.452627944162883 11.1
      vertex -6.995 -8.5 11.1
      vertex -7.114364378515658 -8.867365782682796 11.1
    endloop
  endfacet
  facet normal 0 0 1
    outer loop
      vertex -7.07 -9.452627944162883 11.1
      vertex -6.777351112569124 -9.207066370655193 11.1
      vertex -6.777351112569124 -7.792933629344807 11.1
    endloop
  endfacet
  facet normal 0 1 0
    outer loop
      vertex -7.811012995433623 -9.583288528313428 11.1
      vertex -7.811012995433623 -9.583288528313428 11.9
      vertex -7.428987004566377 -9.583288528313428 11.1
    endloop
  endfacet
  facet normal -0.3420201433256668 0.9396926207859091 0
    outer loop
      vertex -7.428987004566377 -9.583288528313428 11.1
      vertex -7.428987004566377 -9.583288528313428 11.9
      vertex -7.07 -9.452627944162883 11.1
    endloop
  endfacet
  facet normal 0 1 0
    outer loop
      vertex -7.428987004566377 -9.583288528313428 11.1
      vertex -7.811012995433623 -9.583288528313428 11.9
      vertex -7.428987004566377 -9.583288528313428 11.9
    endloop
  endfacet
  facet normal -0.6427876096865396 0.7660444431189778 0
    outer loop
      vertex -7.07 -9.452627944162883 11.1
      vertex -7.07 -9.452627944162883 11.9
      vertex -6.777351112569124 -9.207066370655193 11.1
    endloop
  endfacet
  facet normal -0.3420201433256668 0.9396926207859091 0
    outer loop
      vertex -7.07 -9.452627944162883 11.1
      vertex -7.428987004566377 -9.583288528313428 11.9
      vertex -7.07 -9.452627944162883 11.9
    endloop
  endfacet
  facet normal -0.6427876096865396 0.7660444431189778 0
    outer loop
      vertex -6.777351112569124 -9.207066370655193 11.1
      vertex -7.07 -9.452627944162883 11.9
      vertex -6.777351112569124 -9.207066370655193 11.9
    endloop
  endfacet
  facet normal 0 0 1
    outer loop
      vertex -6.777351112569124 -9.207066370655193 11.1
      vertex -6.586338117135501 -8.876222157658235 11.1
      vertex -6.586338117135501 -8.123777842341765 11.1
    endloop
  endfacet
  facet normal -0.8660254037844388 0.4999999999999996 0
    outer loop
      vertex -6.777351112569124 -9.207066370655193 11.1
      vertex -6.777351112569124 -9.207066370655193 11.9
      vertex -6.586338117135501 -8.876222157658235 11.1
    endloop
  endfacet
  facet normal -0.9848077530122077 0.17364817766693186 0
    outer loop
      vertex -6.586338117135501 -8.876222157658235 11.1
      vertex -6.586338117135501 -8.876222157658235 11.9
      vertex -6.52 -8.5 11.1
    endloop
  endfacet
  facet normal -0.8660254037844388 0.4999999999999996 0
    outer loop
      vertex -6.777351112569124 -9.207066370655193 11.9
      vertex -6.586338117135501 -8.876222157658235 11.9
      vertex -6.586338117135501 -8.876222157658235 11.1
    endloop
  endfacet
  facet normal -0.9848077530122077 0.17364817766693186 0
    outer loop
      vertex -6.586338117135501 -8.876222157658235 11.9
      vertex -6.52 -8.5 11.9
      vertex -6.52 -8.5 11.1
    endloop
  endfacet
  facet normal 0 0 1
    outer loop
      vertex -7.813135621484342 -7.905589677315529 11.1
      vertex -7.428987004566377 -7.416711471686571 11.1
      vertex -7.811012995433623 -7.416711471686571 11.1
    endloop
  endfacet
  facet normal 0 0 1
    outer loop
      vertex -7.813135621484342 -7.905589677315529 11.1
      vertex -7.426864378515658 -7.905589677315529 11.1
      vertex -7.428987004566377 -7.416711471686571 11.1
    endloop
  endfacet
  facet normal 0 0 1
    outer loop
      vertex -7.426864378515658 -7.905589677315529 11.1
      vertex -7.07 -7.547372055837117 11.1
      vertex -7.428987004566377 -7.416711471686571 11.1
    endloop
  endfacet
  facet normal 0 0 1
    outer loop
      vertex -7.07 -9.452627944162883 11.1
      vertex -6.777351112569124 -7.792933629344807 11.1
      vertex -6.995 -8.5 11.1
    endloop
  endfacet
  facet normal 0 0 1
    outer loop
      vertex -7.114364378515658 -8.132634217317204 11.1
      vertex -6.995 -8.5 11.1
      vertex -6.777351112569124 -7.792933629344807 11.1
    endloop
  endfacet
  facet normal 0 0 1
    outer loop
      vertex -7.426864378515658 -7.905589677315529 11.1
      vertex -7.114364378515658 -8.132634217317204 11.1
      vertex -7.07 -7.547372055837117 11.1
    endloop
  endfacet
  facet normal 0 0 1
    outer loop
      vertex -7.114364378515658 -8.132634217317204 11.1
      vertex -6.777351112569124 -7.792933629344807 11.1
      vertex -7.07 -7.547372055837117 11.1
    endloop
  endfacet
  facet normal 0 -1 0
    outer loop
      vertex -7.811012995433623 -7.416711471686571 11.1
      vertex -7.428987004566377 -7.416711471686571 11.1
      vertex -7.428987004566377 -7.416711471686571 11.9
    endloop
  endfacet
  facet normal 0 -1 0
    outer loop
      vertex -7.811012995433623 -7.416711471686571 11.1
      vertex -7.428987004566377 -7.416711471686571 11.9
      vertex -7.811012995433623 -7.416711471686571 11.9
    endloop
  endfacet
  facet normal -0.3420201433256689 -0.9396926207859084 0
    outer loop
      vertex -7.428987004566377 -7.416711471686571 11.1
      vertex -7.07 -7.547372055837117 11.9
      vertex -7.428987004566377 -7.416711471686571 11.9
    endloop
  endfacet
  facet normal -0.3420201433256689 -0.9396926207859084 0
    outer loop
      vertex -7.428987004566377 -7.416711471686571 11.1
      vertex -7.07 -7.547372055837117 11.1
      vertex -7.07 -7.547372055837117 11.9
    endloop
  endfacet
  facet normal -0.6427876096865396 -0.7660444431189778 0
    outer loop
      vertex -7.07 -7.547372055837117 11.1
      vertex -6.777351112569124 -7.792933629344807 11.1
      vertex -6.777351112569124 -7.792933629344807 11.9
    endloop
  endfacet
  facet normal -0.6427876096865396 -0.7660444431189778 0
    outer loop
      vertex -7.07 -7.547372055837117 11.1
      vertex -6.777351112569124 -7.792933629344807 11.9
      vertex -7.07 -7.547372055837117 11.9
    endloop
  endfacet
  facet normal 0 0 1
    outer loop
      vertex -6.777351112569124 -9.207066370655193 11.1
      vertex -6.586338117135501 -8.123777842341765 11.1
      vertex -6.777351112569124 -7.792933629344807 11.1
    endloop
  endfacet
  facet normal 0 0 1
    outer loop
      vertex -6.586338117135501 -8.876222157658235 11.1
      vertex -6.52 -8.5 11.1
      vertex -6.586338117135501 -8.123777842341765 11.1
    endloop
  endfacet
  facet normal -0.9848077530122077 -0.17364817766693186 0
    outer loop
      vertex -6.52 -8.5 11.1
      vertex -6.52 -8.5 11.9
      vertex -6.586338117135501 -8.123777842341765 11.1
    endloop
  endfacet
  facet normal -0.8660254037844388 -0.4999999999999996 0
    outer loop
      vertex -6.777351112569124 -7.792933629344807 11.1
      vertex -6.586338117135501 -8.123777842341765 11.1
      vertex -6.586338117135501 -8.123777842341765 11.9
    endloop
  endfacet
  facet normal -0.9848077530122077 -0.17364817766693186 0
    outer loop
      vertex -6.586338117135501 -8.123777842341765 11.1
      vertex -6.52 -8.5 11.9
      vertex -6.586338117135501 -8.123777842341765 11.9
    endloop
  endfacet
  facet normal -0.8660254037844388 -0.4999999999999996 0
    outer loop
      vertex -6.777351112569124 -7.792933629344807 11.1
      vertex -6.586338117135501 -8.123777842341765 11.9
      vertex -6.777351112569124 -7.792933629344807 11.9
    endloop
  endfacet
  facet normal 0.5877852522924737 0.809016994374947 0
    outer loop
      vertex -8.125635621484342 -6.327365782682795 11.1
      vertex -7.813135621484342 -6.554410322684471 2
      vertex -8.125635621484342 -6.327365782682795 2
    endloop
  endfacet
  facet normal 0.9510565162951528 0.30901699437494995 0
    outer loop
      vertex -8.245000000000001 -5.96 11.1
      vertex -8.125635621484342 -6.327365782682795 2
      vertex -8.245000000000001 -5.96 2
    endloop
  endfacet
  facet normal 0.9510565162951528 -0.30901699437494995 0
    outer loop
      vertex -8.125635621484342 -5.592634217317205 11.1
      vertex -8.245000000000001 -5.96 2
      vertex -8.125635621484342 -5.592634217317205 2
    endloop
  endfacet
  facet normal 0.5877852522924737 -0.809016994374947 0
    outer loop
      vertex -7.813135621484342 -5.365589677315529 11.1
      vertex -8.125635621484342 -5.592634217317205 2
      vertex -7.813135621484342 -5.365589677315529 2
    endloop
  endfacet
  facet normal 0.5877852522924737 0.809016994374947 0
    outer loop
      vertex -8.125635621484342 -6.327365782682795 11.1
      vertex -7.813135621484342 -6.554410322684471 11.1
      vertex -7.813135621484342 -6.554410322684471 2
    endloop
  endfacet
  facet normal 0.9510565162951528 0.30901699437494995 0
    outer loop
      vertex -8.245000000000001 -5.96 11.1
      vertex -8.125635621484342 -6.327365782682795 11.1
      vertex -8.125635621484342 -6.327365782682795 2
    endloop
  endfacet
  facet normal 0.9510565162951528 -0.30901699437494995 0
    outer loop
      vertex -8.245000000000001 -5.96 11.1
      vertex -8.245000000000001 -5.96 2
      vertex -8.125635621484342 -5.592634217317205 11.1
    endloop
  endfacet
  facet normal 0.5877852522924737 -0.809016994374947 0
    outer loop
      vertex -8.125635621484342 -5.592634217317205 11.1
      vertex -8.125635621484342 -5.592634217317205 2
      vertex -7.813135621484342 -5.365589677315529 11.1
    endloop
  endfacet
  facet normal 0 1 0
    outer loop
      vertex -7.813135621484342 -6.554410322684471 11.1
      vertex -7.426864378515658 -6.554410322684471 2
      vertex -7.813135621484342 -6.554410322684471 2
    endloop
  endfacet
  facet normal -0.5877852522924737 0.809016994374947 0
    outer loop
      vertex -7.426864378515658 -6.554410322684471 11.1
      vertex -7.114364378515658 -6.327365782682795 2
      vertex -7.426864378515658 -6.554410322684471 2
    endloop
  endfacet
  facet normal -0.9510565162951533 0.3090169943749479 0
    outer loop
      vertex -7.114364378515658 -6.327365782682795 11.1
      vertex -6.995 -5.96 2
      vertex -7.114364378515658 -6.327365782682795 2
    endloop
  endfacet
  facet normal -0.9510565162951533 -0.3090169943749479 0
    outer loop
      vertex -6.995 -5.96 11.1
      vertex -7.114364378515658 -5.592634217317205 2
      vertex -6.995 -5.96 2
    endloop
  endfacet
  facet normal 0 -1 0
    outer loop
      vertex -7.426864378515658 -5.365589677315529 11.1
      vertex -7.813135621484342 -5.365589677315529 2
      vertex -7.426864378515658 -5.365589677315529 2
    endloop
  endfacet
  facet normal -0.5877852522924737 -0.809016994374947 0
    outer loop
      vertex -7.114364378515658 -5.592634217317205 11.1
      vertex -7.426864378515658 -5.365589677315529 2
      vertex -7.114364378515658 -5.592634217317205 2
    endloop
  endfacet
  facet normal 0 1 0
    outer loop
      vertex -7.813135621484342 -6.554410322684471 11.1
      vertex -7.426864378515658 -6.554410322684471 11.1
      vertex -7.426864378515658 -6.554410322684471 2
    endloop
  endfacet
  facet normal -0.5877852522924737 0.809016994374947 0
    outer loop
      vertex -7.426864378515658 -6.554410322684471 11.1
      vertex -7.114364378515658 -6.327365782682795 11.1
      vertex -7.114364378515658 -6.327365782682795 2
    endloop
  endfacet
  facet normal -0.9510565162951533 0.3090169943749479 0
    outer loop
      vertex -7.114364378515658 -6.327365782682795 11.1
      vertex -6.995 -5.96 11.1
      vertex -6.995 -5.96 2
    endloop
  endfacet
  facet normal 0 -1 0
    outer loop
      vertex -7.813135621484342 -5.365589677315529 11.1
      vertex -7.813135621484342 -5.365589677315529 2
      vertex -7.426864378515658 -5.365589677315529 11.1
    endloop
  endfacet
  facet normal -0.5877852522924737 -0.809016994374947 0
    outer loop
      vertex -7.426864378515658 -5.365589677315529 11.1
      vertex -7.426864378515658 -5.365589677315529 2
      vertex -7.114364378515658 -5.592634217317205 11.1
    endloop
  endfacet
  facet normal -0.9510565162951533 -0.3090169943749479 0
    outer loop
      vertex -6.995 -5.96 11.1
      vertex -7.114364378515658 -5.592634217317205 11.1
      vertex -7.114364378515658 -5.592634217317205 2
    endloop
  endfacet
  facet normal 0 0 1
    outer loop
      vertex -8.462648887430877 -6.667066370655193 11.1
      vertex -8.17 -6.912627944162883 11.1
      vertex -8.125635621484342 -6.327365782682795 11.1
    endloop
  endfacet
  facet normal 0 0 1
    outer loop
      vertex -8.6536618828645 -6.336222157658236 11.1
      vertex -8.6536618828645 -5.583777842341764 11.1
      vertex -8.72 -5.96 11.1
    endloop
  endfacet
  facet normal 0 0 1
    outer loop
      vertex -8.462648887430877 -6.667066370655193 11.1
      vertex -8.462648887430877 -5.252933629344807 11.1
      vertex -8.6536618828645 -6.336222157658236 11.1
    endloop
  endfacet
  facet normal 0 0 1
    outer loop
      vertex -8.462648887430877 -6.667066370655193 11.1
      vertex -8.125635621484342 -6.327365782682795 11.1
      vertex -8.245000000000001 -5.96 11.1
    endloop
  endfacet
  facet normal 0 0 1
    outer loop
      vertex -8.462648887430877 -6.667066370655193 11.1
      vertex -8.245000000000001 -5.96 11.1
      vertex -8.17 -5.007372055837117 11.1
    endloop
  endfacet
  facet normal 0 0 1
    outer loop
      vertex -8.17 -6.912627944162883 11.1
      vertex -7.813135621484342 -6.554410322684471 11.1
      vertex -8.125635621484342 -6.327365782682795 11.1
    endloop
  endfacet
  facet normal 0 0 1
    outer loop
      vertex -8.17 -6.912627944162883 11.1
      vertex -7.811012995433623 -7.043288528313429 11.1
      vertex -7.813135621484342 -6.554410322684471 11.1
    endloop
  endfacet
  facet normal 0.6427876096865385 0.7660444431189787 0
    outer loop
      vertex -8.462648887430877 -6.667066370655193 11.1
      vertex -8.462648887430877 -6.667066370655193 11.9
      vertex -8.17 -6.912627944162883 11.1
    endloop
  endfacet
  facet normal 0.8660254037844393 0.4999999999999989 0
    outer loop
      vertex -8.462648887430877 -6.667066370655193 11.1
      vertex -8.6536618828645 -6.336222157658236 11.9
      vertex -8.462648887430877 -6.667066370655193 11.9
    endloop
  endfacet
  facet normal 0.6427876096865385 0.7660444431189787 0
    outer loop
      vertex -8.17 -6.912627944162883 11.1
      vertex -8.462648887430877 -6.667066370655193 11.9
      vertex -8.17 -6.912627944162883 11.9
    endloop
  endfacet
  facet normal 0.8660254037844393 0.4999999999999989 0
    outer loop
      vertex -8.462648887430877 -6.667066370655193 11.1
      vertex -8.6536618828645 -6.336222157658236 11.1
      vertex -8.6536618828645 -6.336222157658236 11.9
    endloop
  endfacet
  facet normal 0.9848077530122079 0.1736481776669315 0
    outer loop
      vertex -8.6536618828645 -6.336222157658236 11.1
      vertex -8.72 -5.96 11.1
      vertex -8.72 -5.96 11.9
    endloop
  endfacet
  facet normal 0.9848077530122079 0.1736481776669315 0
    outer loop
      vertex -8.6536618828645 -6.336222157658236 11.1
      vertex -8.72 -5.96 11.9
      vertex -8.6536618828645 -6.336222157658236 11.9
    endloop
  endfacet
  facet normal 0.9848077530122079 -0.1736481776669315 0
    outer loop
      vertex -8.72 -5.96 11.1
      vertex -8.6536618828645 -5.583777842341764 11.9
      vertex -8.72 -5.96 11.9
    endloop
  endfacet
  facet normal 0.3420201433256689 0.9396926207859084 0
    outer loop
      vertex -8.17 -6.912627944162883 11.1
      vertex -8.17 -6.912627944162883 11.9
      vertex -7.811012995433623 -7.043288528313429 11.1
    endloop
  endfacet
  facet normal 0.3420201433256689 0.9396926207859084 0
    outer loop
      vertex -8.17 -6.912627944162883 11.9
      vertex -7.811012995433623 -7.043288528313429 11.9
      vertex -7.811012995433623 -7.043288528313429 11.1
    endloop
  endfacet
  facet normal 0 0 1
    outer loop
      vertex -8.6536618828645 -6.336222157658236 11.1
      vertex -8.462648887430877 -5.252933629344807 11.1
      vertex -8.6536618828645 -5.583777842341764 11.1
    endloop
  endfacet
  facet normal 0 0 1
    outer loop
      vertex -8.462648887430877 -6.667066370655193 11.1
      vertex -8.17 -5.007372055837117 11.1
      vertex -8.462648887430877 -5.252933629344807 11.1
    endloop
  endfacet
  facet normal 0 0 1
    outer loop
      vertex -8.245000000000001 -5.96 11.1
      vertex -8.125635621484342 -5.592634217317205 11.1
      vertex -8.17 -5.007372055837117 11.1
    endloop
  endfacet
  facet normal 0 0 1
    outer loop
      vertex -8.125635621484342 -5.592634217317205 11.1
      vertex -7.811012995433623 -4.876711471686571 11.1
      vertex -8.17 -5.007372055837117 11.1
    endloop
  endfacet
  facet normal 0 0 1
    outer loop
      vertex -8.125635621484342 -5.592634217317205 11.1
      vertex -7.813135621484342 -5.365589677315529 11.1
      vertex -7.811012995433623 -4.876711471686571 11.1
    endloop
  endfacet
  facet normal 0.9848077530122079 -0.1736481776669315 0
    outer loop
      vertex -8.72 -5.96 11.1
      vertex -8.6536618828645 -5.583777842341764 11.1
      vertex -8.6536618828645 -5.583777842341764 11.9
    endloop
  endfacet
  facet normal 0.8660254037844393 -0.4999999999999989 0
    outer loop
      vertex -8.6536618828645 -5.583777842341764 11.1
      vertex -8.462648887430877 -5.252933629344807 11.1
      vertex -8.462648887430877 -5.252933629344807 11.9
    endloop
  endfacet
  facet normal 0.6427876096865385 -0.7660444431189787 0
    outer loop
      vertex -8.462648887430877 -5.252933629344807 11.1
      vertex -8.17 -5.007372055837117 11.1
      vertex -8.17 -5.007372055837117 11.9
    endloop
  endfacet
  facet normal 0.8660254037844393 -0.4999999999999989 0
    outer loop
      vertex -8.6536618828645 -5.583777842341764 11.1
      vertex -8.462648887430877 -5.252933629344807 11.9
      vertex -8.6536618828645 -5.583777842341764 11.9
    endloop
  endfacet
  facet normal 0.6427876096865385 -0.7660444431189787 0
    outer loop
      vertex -8.462648887430877 -5.252933629344807 11.1
      vertex -8.17 -5.007372055837117 11.9
      vertex -8.462648887430877 -5.252933629344807 11.9
    endloop
  endfacet
  facet normal 0.3420201433256689 -0.9396926207859084 0
    outer loop
      vertex -8.17 -5.007372055837117 11.1
      vertex -7.811012995433623 -4.876711471686571 11.1
      vertex -7.811012995433623 -4.876711471686571 11.9
    endloop
  endfacet
  facet normal 0.3420201433256689 -0.9396926207859084 0
    outer loop
      vertex -8.17 -5.007372055837117 11.1
      vertex -7.811012995433623 -4.876711471686571 11.9
      vertex -8.17 -5.007372055837117 11.9
    endloop
  endfacet
  facet normal 0 0 1
    outer loop
      vertex -7.811012995433623 -7.043288528313429 11.1
      vertex -7.428987004566377 -7.043288528313429 11.1
      vertex -7.426864378515658 -6.554410322684471 11.1
    endloop
  endfacet
  facet normal 0 0 1
    outer loop
      vertex -7.811012995433623 -7.043288528313429 11.1
      vertex -7.426864378515658 -6.554410322684471 11.1
      vertex -7.813135621484342 -6.554410322684471 11.1
    endloop
  endfacet
  facet normal 0 0 1
    outer loop
      vertex -7.428987004566377 -7.043288528313429 11.1
      vertex -7.114364378515658 -6.327365782682795 11.1
      vertex -7.426864378515658 -6.554410322684471 11.1
    endloop
  endfacet
  facet normal 0 0 1
    outer loop
      vertex -7.428987004566377 -7.043288528313429 11.1
      vertex -7.07 -6.912627944162883 11.1
      vertex -7.114364378515658 -6.327365782682795 11.1
    endloop
  endfacet
  facet normal 0 0 1
    outer loop
      vertex -7.07 -6.912627944162883 11.1
      vertex -6.995 -5.96 11.1
      vertex -7.114364378515658 -6.327365782682795 11.1
    endloop
  endfacet
  facet normal 0 0 1
    outer loop
      vertex -7.07 -6.912627944162883 11.1
      vertex -6.777351112569124 -6.667066370655193 11.1
      vertex -6.777351112569124 -5.252933629344807 11.1
    endloop
  endfacet
  facet normal 0 0 1
    outer loop
      vertex -7.07 -6.912627944162883 11.1
      vertex -6.777351112569124 -5.252933629344807 11.1
      vertex -6.995 -5.96 11.1
    endloop
  endfacet
  facet normal 0 1 0
    outer loop
      vertex -7.811012995433623 -7.043288528313429 11.1
      vertex -7.811012995433623 -7.043288528313429 11.9
      vertex -7.428987004566377 -7.043288528313429 11.1
    endloop
  endfacet
  facet normal -0.3420201433256689 0.9396926207859084 0
    outer loop
      vertex -7.428987004566377 -7.043288528313429 11.1
      vertex -7.428987004566377 -7.043288528313429 11.9
      vertex -7.07 -6.912627944162883 11.1
    endloop
  endfacet
  facet normal 0 1 0
    outer loop
      vertex -7.428987004566377 -7.043288528313429 11.1
      vertex -7.811012995433623 -7.043288528313429 11.9
      vertex -7.428987004566377 -7.043288528313429 11.9
    endloop
  endfacet
  facet normal -0.6427876096865396 0.7660444431189778 0
    outer loop
      vertex -7.07 -6.912627944162883 11.1
      vertex -7.07 -6.912627944162883 11.9
      vertex -6.777351112569124 -6.667066370655193 11.1
    endloop
  endfacet
  facet normal -0.3420201433256689 0.9396926207859084 0
    outer loop
      vertex -7.07 -6.912627944162883 11.1
      vertex -7.428987004566377 -7.043288528313429 11.9
      vertex -7.07 -6.912627944162883 11.9
    endloop
  endfacet
  facet normal -0.6427876096865396 0.7660444431189778 0
    outer loop
      vertex -6.777351112569124 -6.667066370655193 11.1
      vertex -7.07 -6.912627944162883 11.9
      vertex -6.777351112569124 -6.667066370655193 11.9
    endloop
  endfacet
  facet normal 0 0 1
    outer loop
      vertex -6.777351112569124 -6.667066370655193 11.1
      vertex -6.586338117135501 -6.336222157658236 11.1
      vertex -6.586338117135501 -5.583777842341764 11.1
    endloop
  endfacet
  facet normal 0 0 1
    outer loop
      vertex -6.777351112569124 -6.667066370655193 11.1
      vertex -6.586338117135501 -5.583777842341764 11.1
      vertex -6.777351112569124 -5.252933629344807 11.1
    endloop
  endfacet
  facet normal 0 0 1
    outer loop
      vertex -6.586338117135501 -6.336222157658236 11.1
      vertex -6.52 -5.96 11.1
      vertex -6.586338117135501 -5.583777842341764 11.1
    endloop
  endfacet
  facet normal -0.8660254037844383 0.5000000000000007 0
    outer loop
      vertex -6.777351112569124 -6.667066370655193 11.1
      vertex -6.777351112569124 -6.667066370655193 11.9
      vertex -6.586338117135501 -6.336222157658236 11.1
    endloop
  endfacet
  facet normal -0.9848077530122079 0.1736481776669315 0
    outer loop
      vertex -6.586338117135501 -6.336222157658236 11.1
      vertex -6.586338117135501 -6.336222157658236 11.9
      vertex -6.52 -5.96 11.1
    endloop
  endfacet
  facet normal -0.9848077530122079 -0.1736481776669315 0
    outer loop
      vertex -6.52 -5.96 11.1
      vertex -6.52 -5.96 11.9
      vertex -6.586338117135501 -5.583777842341764 11.1
    endloop
  endfacet
  facet normal -0.8660254037844383 0.5000000000000007 0
    outer loop
      vertex -6.777351112569124 -6.667066370655193 11.9
      vertex -6.586338117135501 -6.336222157658236 11.9
      vertex -6.586338117135501 -6.336222157658236 11.1
    endloop
  endfacet
  facet normal -0.9848077530122079 0.1736481776669315 0
    outer loop
      vertex -6.52 -5.96 11.1
      vertex -6.586338117135501 -6.336222157658236 11.9
      vertex -6.52 -5.96 11.9
    endloop
  endfacet
  facet normal 0 0 1
    outer loop
      vertex -7.813135621484342 -5.365589677315529 11.1
      vertex -7.428987004566377 -4.876711471686571 11.1
      vertex -7.811012995433623 -4.876711471686571 11.1
    endloop
  endfacet
  facet normal 0 0 1
    outer loop
      vertex -7.813135621484342 -5.365589677315529 11.1
      vertex -7.426864378515658 -5.365589677315529 11.1
      vertex -7.428987004566377 -4.876711471686571 11.1
    endloop
  endfacet
  facet normal 0 0 1
    outer loop
      vertex -7.426864378515658 -5.365589677315529 11.1
      vertex -7.07 -5.007372055837117 11.1
      vertex -7.428987004566377 -4.876711471686571 11.1
    endloop
  endfacet
  facet normal 0 0 1
    outer loop
      vertex -7.426864378515658 -5.365589677315529 11.1
      vertex -7.114364378515658 -5.592634217317205 11.1
      vertex -7.07 -5.007372055837117 11.1
    endloop
  endfacet
  facet normal 0 0 1
    outer loop
      vertex -6.995 -5.96 11.1
      vertex -6.777351112569124 -5.252933629344807 11.1
      vertex -7.114364378515658 -5.592634217317205 11.1
    endloop
  endfacet
  facet normal 0 0 1
    outer loop
      vertex -7.114364378515658 -5.592634217317205 11.1
      vertex -6.777351112569124 -5.252933629344807 11.1
      vertex -7.07 -5.007372055837117 11.1
    endloop
  endfacet
  facet normal 0 -1 0
    outer loop
      vertex -7.811012995433623 -4.876711471686571 11.1
      vertex -7.428987004566377 -4.876711471686571 11.1
      vertex -7.428987004566377 -4.876711471686571 11.9
    endloop
  endfacet
  facet normal 0 -1 0
    outer loop
      vertex -7.811012995433623 -4.876711471686571 11.1
      vertex -7.428987004566377 -4.876711471686571 11.9
      vertex -7.811012995433623 -4.876711471686571 11.9
    endloop
  endfacet
  facet normal -0.3420201433256689 -0.9396926207859084 0
    outer loop
      vertex -7.428987004566377 -4.876711471686571 11.1
      vertex -7.07 -5.007372055837117 11.9
      vertex -7.428987004566377 -4.876711471686571 11.9
    endloop
  endfacet
  facet normal -0.6427876096865396 -0.7660444431189778 0
    outer loop
      vertex -7.07 -5.007372055837117 11.1
      vertex -6.777351112569124 -5.252933629344807 11.1
      vertex -6.777351112569124 -5.252933629344807 11.9
    endloop
  endfacet
  facet normal -0.6427876096865396 -0.7660444431189778 0
    outer loop
      vertex -7.07 -5.007372055837117 11.1
      vertex -6.777351112569124 -5.252933629344807 11.9
      vertex -7.07 -5.007372055837117 11.9
    endloop
  endfacet
  facet normal -0.3420201433256689 -0.9396926207859084 0
    outer loop
      vertex -7.428987004566377 -4.876711471686571 11.1
      vertex -7.07 -5.007372055837117 11.1
      vertex -7.07 -5.007372055837117 11.9
    endloop
  endfacet
  facet normal -0.8660254037844383 -0.5000000000000007 0
    outer loop
      vertex -6.777351112569124 -5.252933629344807 11.1
      vertex -6.586338117135501 -5.583777842341764 11.1
      vertex -6.586338117135501 -5.583777842341764 11.9
    endloop
  endfacet
  facet normal -0.9848077530122079 -0.1736481776669315 0
    outer loop
      vertex -6.52 -5.96 11.9
      vertex -6.586338117135501 -5.583777842341764 11.9
      vertex -6.586338117135501 -5.583777842341764 11.1
    endloop
  endfacet
  facet normal -0.8660254037844383 -0.5000000000000007 0
    outer loop
      vertex -6.777351112569124 -5.252933629344807 11.1
      vertex -6.586338117135501 -5.583777842341764 11.9
      vertex -6.777351112569124 -5.252933629344807 11.9
    endloop
  endfacet
  facet normal 0.5877852522924729 0.8090169943749477 0
    outer loop
      vertex -8.125635621484342 -3.787365782682796 11.1
      vertex -7.813135621484342 -4.014410322684471 2
      vertex -8.125635621484342 -3.787365782682796 2
    endloop
  endfacet
  facet normal 0.951056516295153 0.30901699437494967 0
    outer loop
      vertex -8.245000000000001 -3.42 11.1
      vertex -8.125635621484342 -3.787365782682796 2
      vertex -8.245000000000001 -3.42 2
    endloop
  endfacet
  facet normal 0.951056516295153 -0.30901699437494967 0
    outer loop
      vertex -8.125635621484342 -3.052634217317204 11.1
      vertex -8.245000000000001 -3.42 2
      vertex -8.125635621484342 -3.052634217317204 2
    endloop
  endfacet
  facet normal 0.5877852522924729 -0.8090169943749477 0
    outer loop
      vertex -7.813135621484342 -2.825589677315529 11.1
      vertex -8.125635621484342 -3.052634217317204 2
      vertex -7.813135621484342 -2.825589677315529 2
    endloop
  endfacet
  facet normal 0.951056516295153 0.30901699437494967 0
    outer loop
      vertex -8.125635621484342 -3.787365782682796 11.1
      vertex -8.125635621484342 -3.787365782682796 2
      vertex -8.245000000000001 -3.42 11.1
    endloop
  endfacet
  facet normal 0.5877852522924729 0.8090169943749477 0
    outer loop
      vertex -8.125635621484342 -3.787365782682796 11.1
      vertex -7.813135621484342 -4.014410322684471 11.1
      vertex -7.813135621484342 -4.014410322684471 2
    endloop
  endfacet
  facet normal 0.951056516295153 -0.30901699437494967 0
    outer loop
      vertex -8.245000000000001 -3.42 11.1
      vertex -8.245000000000001 -3.42 2
      vertex -8.125635621484342 -3.052634217317204 11.1
    endloop
  endfacet
  facet normal 0.5877852522924729 -0.8090169943749477 0
    outer loop
      vertex -8.125635621484342 -3.052634217317204 11.1
      vertex -8.125635621484342 -3.052634217317204 2
      vertex -7.813135621484342 -2.825589677315529 11.1
    endloop
  endfacet
  facet normal 0 1 0
    outer loop
      vertex -7.813135621484342 -4.014410322684471 11.1
      vertex -7.426864378515658 -4.014410322684471 2
      vertex -7.813135621484342 -4.014410322684471 2
    endloop
  endfacet
  facet normal -0.5877852522924729 0.8090169943749477 0
    outer loop
      vertex -7.426864378515658 -4.014410322684471 11.1
      vertex -7.114364378515658 -3.787365782682796 2
      vertex -7.426864378515658 -4.014410322684471 2
    endloop
  endfacet
  facet normal -0.9510565162951535 0.30901699437494756 0
    outer loop
      vertex -7.114364378515658 -3.787365782682796 11.1
      vertex -6.995 -3.42 2
      vertex -7.114364378515658 -3.787365782682796 2
    endloop
  endfacet
  facet normal -0.9510565162951535 -0.30901699437494756 0
    outer loop
      vertex -6.995 -3.42 11.1
      vertex -7.114364378515658 -3.052634217317204 2
      vertex -6.995 -3.42 2
    endloop
  endfacet
  facet normal -0.5877852522924729 -0.8090169943749477 0
    outer loop
      vertex -7.114364378515658 -3.052634217317204 11.1
      vertex -7.426864378515658 -2.825589677315529 2
      vertex -7.114364378515658 -3.052634217317204 2
    endloop
  endfacet
  facet normal 0 -1 0
    outer loop
      vertex -7.426864378515658 -2.825589677315529 11.1
      vertex -7.813135621484342 -2.825589677315529 2
      vertex -7.426864378515658 -2.825589677315529 2
    endloop
  endfacet
  facet normal 0 1 0
    outer loop
      vertex -7.813135621484342 -4.014410322684471 11.1
      vertex -7.426864378515658 -4.014410322684471 11.1
      vertex -7.426864378515658 -4.014410322684471 2
    endloop
  endfacet
  facet normal -0.5877852522924729 -0.8090169943749477 0
    outer loop
      vertex -7.114364378515658 -3.052634217317204 11.1
      vertex -7.426864378515658 -2.825589677315529 11.1
      vertex -7.426864378515658 -2.825589677315529 2
    endloop
  endfacet
  facet normal -0.5877852522924729 0.8090169943749477 0
    outer loop
      vertex -7.426864378515658 -4.014410322684471 11.1
      vertex -7.114364378515658 -3.787365782682796 11.1
      vertex -7.114364378515658 -3.787365782682796 2
    endloop
  endfacet
  facet normal -0.9510565162951535 0.30901699437494756 0
    outer loop
      vertex -7.114364378515658 -3.787365782682796 11.1
      vertex -6.995 -3.42 11.1
      vertex -6.995 -3.42 2
    endloop
  endfacet
  facet normal -0.9510565162951535 -0.30901699437494756 0
    outer loop
      vertex -7.114364378515658 -3.052634217317204 11.1
      vertex -7.114364378515658 -3.052634217317204 2
      vertex -6.995 -3.42 11.1
    endloop
  endfacet
  facet normal 0 -1 0
    outer loop
      vertex -7.813135621484342 -2.825589677315529 11.1
      vertex -7.813135621484342 -2.825589677315529 2
      vertex -7.426864378515658 -2.825589677315529 11.1
    endloop
  endfacet
  facet normal 0.3420201433256689 0.9396926207859084 0
    outer loop
      vertex -8.17 -4.372627944162883 11.1
      vertex -8.17 -4.372627944162883 11.9
      vertex -7.811012995433623 -4.503288528313429 11.1
    endloop
  endfacet
  facet normal 0.3420201433256689 0.9396926207859084 0
    outer loop
      vertex -8.17 -4.372627944162883 11.9
      vertex -7.811012995433623 -4.503288528313429 11.9
      vertex -7.811012995433623 -4.503288528313429 11.1
    endloop
  endfacet
  facet normal 0 0 1
    outer loop
      vertex -8.17 -4.372627944162883 11.1
      vertex -8.125635621484342 -3.787365782682796 11.1
      vertex -8.462648887430877 -4.127066370655193 11.1
    endloop
  endfacet
  facet normal 0 0 1
    outer loop
      vertex -8.462648887430877 -4.127066370655193 11.1
      vertex -8.125635621484342 -3.787365782682796 11.1
      vertex -8.245000000000001 -3.42 11.1
    endloop
  endfacet
  facet normal 0 0 1
    outer loop
      vertex -8.6536618828645 -3.7962221576582356 11.1
      vertex -8.6536618828645 -3.0437778423417643 11.1
      vertex -8.72 -3.42 11.1
    endloop
  endfacet
  facet normal 0 0 1
    outer loop
      vertex -8.462648887430877 -4.127066370655193 11.1
      vertex -8.462648887430877 -2.7129336293448065 11.1
      vertex -8.6536618828645 -3.7962221576582356 11.1
    endloop
  endfacet
  facet normal 0 0 1
    outer loop
      vertex -8.6536618828645 -3.7962221576582356 11.1
      vertex -8.462648887430877 -2.7129336293448065 11.1
      vertex -8.6536618828645 -3.0437778423417643 11.1
    endloop
  endfacet
  facet normal 0 0 1
    outer loop
      vertex -8.462648887430877 -4.127066370655193 11.1
      vertex -8.245000000000001 -3.42 11.1
      vertex -8.17 -2.4673720558371173 11.1
    endloop
  endfacet
  facet normal 0 0 1
    outer loop
      vertex -8.462648887430877 -4.127066370655193 11.1
      vertex -8.17 -2.4673720558371173 11.1
      vertex -8.462648887430877 -2.7129336293448065 11.1
    endloop
  endfacet
  facet normal 0 0 1
    outer loop
      vertex -8.17 -4.372627944162883 11.1
      vertex -7.813135621484342 -4.014410322684471 11.1
      vertex -8.125635621484342 -3.787365782682796 11.1
    endloop
  endfacet
  facet normal 0 0 1
    outer loop
      vertex -8.17 -4.372627944162883 11.1
      vertex -7.811012995433623 -4.503288528313429 11.1
      vertex -7.813135621484342 -4.014410322684471 11.1
    endloop
  endfacet
  facet normal 0 0 1
    outer loop
      vertex -8.245000000000001 -3.42 11.1
      vertex -8.125635621484342 -3.052634217317204 11.1
      vertex -8.17 -2.4673720558371173 11.1
    endloop
  endfacet
  facet normal 0.8660254037844396 0.4999999999999984 0
    outer loop
      vertex -8.462648887430877 -4.127066370655193 11.1
      vertex -8.6536618828645 -3.7962221576582356 11.1
      vertex -8.6536618828645 -3.7962221576582356 11.9
    endloop
  endfacet
  facet normal 0.6427876096865385 0.7660444431189787 0
    outer loop
      vertex -8.17 -4.372627944162883 11.1
      vertex -8.462648887430877 -4.127066370655193 11.1
      vertex -8.462648887430877 -4.127066370655193 11.9
    endloop
  endfacet
  facet normal 0.8660254037844396 0.4999999999999984 0
    outer loop
      vertex -8.462648887430877 -4.127066370655193 11.1
      vertex -8.6536618828645 -3.7962221576582356 11.9
      vertex -8.462648887430877 -4.127066370655193 11.9
    endloop
  endfacet
  facet normal 0.9848077530122079 0.1736481776669317 0
    outer loop
      vertex -8.6536618828645 -3.7962221576582356 11.1
      vertex -8.72 -3.42 11.9
      vertex -8.6536618828645 -3.7962221576582356 11.9
    endloop
  endfacet
  facet normal 0.6427876096865385 0.7660444431189787 0
    outer loop
      vertex -8.17 -4.372627944162883 11.1
      vertex -8.462648887430877 -4.127066370655193 11.9
      vertex -8.17 -4.372627944162883 11.9
    endloop
  endfacet
  facet normal 0.9848077530122079 0.1736481776669317 0
    outer loop
      vertex -8.6536618828645 -3.7962221576582356 11.1
      vertex -8.72 -3.42 11.1
      vertex -8.72 -3.42 11.9
    endloop
  endfacet
  facet normal 0.9848077530122079 -0.1736481776669317 0
    outer loop
      vertex -8.72 -3.42 11.1
      vertex -8.6536618828645 -3.0437778423417643 11.1
      vertex -8.6536618828645 -3.0437778423417643 11.9
    endloop
  endfacet
  facet normal 0.9848077530122079 -0.1736481776669317 0
    outer loop
      vertex -8.72 -3.42 11.1
      vertex -8.6536618828645 -3.0437778423417643 11.9
      vertex -8.72 -3.42 11.9
    endloop
  endfacet
  facet normal 0.8660254037844399 -0.4999999999999979 0
    outer loop
      vertex -8.6536618828645 -3.0437778423417643 11.1
      vertex -8.462648887430877 -2.7129336293448065 11.9
      vertex -8.6536618828645 -3.0437778423417643 11.9
    endloop
  endfacet
  facet normal 0 0 1
    outer loop
      vertex -8.125635621484342 -3.052634217317204 11.1
      vertex -7.811012995433623 -2.336711471686571 11.1
      vertex -8.17 -2.4673720558371173 11.1
    endloop
  endfacet
  facet normal 0 0 1
    outer loop
      vertex -8.125635621484342 -3.052634217317204 11.1
      vertex -7.813135621484342 -2.825589677315529 11.1
      vertex -7.811012995433623 -2.336711471686571 11.1
    endloop
  endfacet
  facet normal 0.8660254037844399 -0.4999999999999979 0
    outer loop
      vertex -8.6536618828645 -3.0437778423417643 11.1
      vertex -8.462648887430877 -2.7129336293448065 11.1
      vertex -8.462648887430877 -2.7129336293448065 11.9
    endloop
  endfacet
  facet normal 0.6427876096865377 -0.7660444431189792 0
    outer loop
      vertex -8.462648887430877 -2.7129336293448065 11.1
      vertex -8.17 -2.4673720558371173 11.1
      vertex -8.17 -2.4673720558371173 11.9
    endloop
  endfacet
  facet normal 0.6427876096865377 -0.7660444431189792 0
    outer loop
      vertex -8.462648887430877 -2.7129336293448065 11.1
      vertex -8.17 -2.4673720558371173 11.9
      vertex -8.462648887430877 -2.7129336293448065 11.9
    endloop
  endfacet
  facet normal 0.3420201433256689 -0.9396926207859084 0
    outer loop
      vertex -8.17 -2.4673720558371173 11.1
      vertex -7.811012995433623 -2.336711471686571 11.1
      vertex -7.811012995433623 -2.336711471686571 11.9
    endloop
  endfacet
  facet normal 0.3420201433256689 -0.9396926207859084 0
    outer loop
      vertex -8.17 -2.4673720558371173 11.1
      vertex -7.811012995433623 -2.336711471686571 11.9
      vertex -8.17 -2.4673720558371173 11.9
    endloop
  endfacet
  facet normal 0 0 1
    outer loop
      vertex -7.811012995433623 -4.503288528313429 11.1
      vertex -7.428987004566377 -4.503288528313429 11.1
      vertex -7.426864378515658 -4.014410322684471 11.1
    endloop
  endfacet
  facet normal 0 1 0
    outer loop
      vertex -7.811012995433623 -4.503288528313429 11.1
      vertex -7.811012995433623 -4.503288528313429 11.9
      vertex -7.428987004566377 -4.503288528313429 11.1
    endloop
  endfacet
  facet normal -0.3420201433256689 0.9396926207859084 0
    outer loop
      vertex -7.428987004566377 -4.503288528313429 11.1
      vertex -7.428987004566377 -4.503288528313429 11.9
      vertex -7.07 -4.372627944162883 11.1
    endloop
  endfacet
  facet normal 0 1 0
    outer loop
      vertex -7.428987004566377 -4.503288528313429 11.1
      vertex -7.811012995433623 -4.503288528313429 11.9
      vertex -7.428987004566377 -4.503288528313429 11.9
    endloop
  endfacet
  facet normal -0.3420201433256689 0.9396926207859084 0
    outer loop
      vertex -7.07 -4.372627944162883 11.1
      vertex -7.428987004566377 -4.503288528313429 11.9
      vertex -7.07 -4.372627944162883 11.9
    endloop
  endfacet
  facet normal 0 0 1
    outer loop
      vertex -7.811012995433623 -4.503288528313429 11.1
      vertex -7.426864378515658 -4.014410322684471 11.1
      vertex -7.813135621484342 -4.014410322684471 11.1
    endloop
  endfacet
  facet normal 0 0 1
    outer loop
      vertex -7.428987004566377 -4.503288528313429 11.1
      vertex -7.114364378515658 -3.787365782682796 11.1
      vertex -7.426864378515658 -4.014410322684471 11.1
    endloop
  endfacet
  facet normal 0 0 1
    outer loop
      vertex -7.428987004566377 -4.503288528313429 11.1
      vertex -7.07 -4.372627944162883 11.1
      vertex -7.114364378515658 -3.787365782682796 11.1
    endloop
  endfacet
  facet normal 0 0 1
    outer loop
      vertex -7.07 -4.372627944162883 11.1
      vertex -6.995 -3.42 11.1
      vertex -7.114364378515658 -3.787365782682796 11.1
    endloop
  endfacet
  facet normal 0 0 1
    outer loop
      vertex -7.07 -4.372627944162883 11.1
      vertex -6.777351112569124 -4.127066370655193 11.1
      vertex -6.777351112569124 -2.7129336293448065 11.1
    endloop
  endfacet
  facet normal 0 0 1
    outer loop
      vertex -7.07 -4.372627944162883 11.1
      vertex -6.777351112569124 -2.7129336293448065 11.1
      vertex -6.995 -3.42 11.1
    endloop
  endfacet
  facet normal 0 0 1
    outer loop
      vertex -7.114364378515658 -3.052634217317204 11.1
      vertex -6.995 -3.42 11.1
      vertex -6.777351112569124 -2.7129336293448065 11.1
    endloop
  endfacet
  facet normal -0.6427876096865396 0.7660444431189778 0
    outer loop
      vertex -7.07 -4.372627944162883 11.1
      vertex -7.07 -4.372627944162883 11.9
      vertex -6.777351112569124 -4.127066370655193 11.1
    endloop
  endfacet
  facet normal -0.6427876096865396 0.7660444431189778 0
    outer loop
      vertex -7.07 -4.372627944162883 11.9
      vertex -6.777351112569124 -4.127066370655193 11.9
      vertex -6.777351112569124 -4.127066370655193 11.1
    endloop
  endfacet
  facet normal 0 0 1
    outer loop
      vertex -6.777351112569124 -4.127066370655193 11.1
      vertex -6.586338117135501 -3.7962221576582356 11.1
      vertex -6.586338117135501 -3.0437778423417643 11.1
    endloop
  endfacet
  facet normal 0 0 1
    outer loop
      vertex -6.777351112569124 -4.127066370655193 11.1
      vertex -6.586338117135501 -3.0437778423417643 11.1
      vertex -6.777351112569124 -2.7129336293448065 11.1
    endloop
  endfacet
  facet normal 0 0 1
    outer loop
      vertex -6.586338117135501 -3.7962221576582356 11.1
      vertex -6.52 -3.42 11.1
      vertex -6.586338117135501 -3.0437778423417643 11.1
    endloop
  endfacet
  facet normal -0.8660254037844386 0.5000000000000001 0
    outer loop
      vertex -6.777351112569124 -4.127066370655193 11.1
      vertex -6.777351112569124 -4.127066370655193 11.9
      vertex -6.586338117135501 -3.7962221576582356 11.1
    endloop
  endfacet
  facet normal -0.9848077530122079 0.1736481776669317 0
    outer loop
      vertex -6.586338117135501 -3.7962221576582356 11.1
      vertex -6.586338117135501 -3.7962221576582356 11.9
      vertex -6.52 -3.42 11.1
    endloop
  endfacet
  facet normal -0.8660254037844386 0.5000000000000001 0
    outer loop
      vertex -6.777351112569124 -4.127066370655193 11.9
      vertex -6.586338117135501 -3.7962221576582356 11.9
      vertex -6.586338117135501 -3.7962221576582356 11.1
    endloop
  endfacet
  facet normal -0.9848077530122079 -0.1736481776669317 0
    outer loop
      vertex -6.52 -3.42 11.1
      vertex -6.52 -3.42 11.9
      vertex -6.586338117135501 -3.0437778423417643 11.1
    endloop
  endfacet
  facet normal -0.8660254037844388 -0.4999999999999996 0
    outer loop
      vertex -6.586338117135501 -3.0437778423417643 11.1
      vertex -6.586338117135501 -3.0437778423417643 11.9
      vertex -6.777351112569124 -2.7129336293448065 11.1
    endloop
  endfacet
  facet normal -0.9848077530122079 0.1736481776669317 0
    outer loop
      vertex -6.52 -3.42 11.1
      vertex -6.586338117135501 -3.7962221576582356 11.9
      vertex -6.52 -3.42 11.9
    endloop
  endfacet
  facet normal -0.9848077530122079 -0.1736481776669317 0
    outer loop
      vertex -6.586338117135501 -3.0437778423417643 11.1
      vertex -6.52 -3.42 11.9
      vertex -6.586338117135501 -3.0437778423417643 11.9
    endloop
  endfacet
  facet normal 0 0 1
    outer loop
      vertex -7.813135621484342 -2.825589677315529 11.1
      vertex -7.426864378515658 -2.825589677315529 11.1
      vertex -7.428987004566377 -2.336711471686571 11.1
    endloop
  endfacet
  facet normal 0 0 1
    outer loop
      vertex -7.813135621484342 -2.825589677315529 11.1
      vertex -7.428987004566377 -2.336711471686571 11.1
      vertex -7.811012995433623 -2.336711471686571 11.1
    endloop
  endfacet
  facet normal 0 0 1
    outer loop
      vertex -7.426864378515658 -2.825589677315529 11.1
      vertex -7.07 -2.4673720558371173 11.1
      vertex -7.428987004566377 -2.336711471686571 11.1
    endloop
  endfacet
  facet normal 0 0 1
    outer loop
      vertex -7.114364378515658 -3.052634217317204 11.1
      vertex -7.07 -2.4673720558371173 11.1
      vertex -7.426864378515658 -2.825589677315529 11.1
    endloop
  endfacet
  facet normal 0 0 1
    outer loop
      vertex -7.114364378515658 -3.052634217317204 11.1
      vertex -6.777351112569124 -2.7129336293448065 11.1
      vertex -7.07 -2.4673720558371173 11.1
    endloop
  endfacet
  facet normal 0 -1 0
    outer loop
      vertex -7.811012995433623 -2.336711471686571 11.1
      vertex -7.428987004566377 -2.336711471686571 11.1
      vertex -7.428987004566377 -2.336711471686571 11.9
    endloop
  endfacet
  facet normal 0 -1 0
    outer loop
      vertex -7.811012995433623 -2.336711471686571 11.1
      vertex -7.428987004566377 -2.336711471686571 11.9
      vertex -7.811012995433623 -2.336711471686571 11.9
    endloop
  endfacet
  facet normal -0.3420201433256689 -0.9396926207859084 0
    outer loop
      vertex -7.428987004566377 -2.336711471686571 11.1
      vertex -7.07 -2.4673720558371173 11.9
      vertex -7.428987004566377 -2.336711471686571 11.9
    endloop
  endfacet
  facet normal -0.3420201433256689 -0.9396926207859084 0
    outer loop
      vertex -7.428987004566377 -2.336711471686571 11.1
      vertex -7.07 -2.4673720558371173 11.1
      vertex -7.07 -2.4673720558371173 11.9
    endloop
  endfacet
  facet normal -0.6427876096865389 -0.7660444431189783 0
    outer loop
      vertex -7.07 -2.4673720558371173 11.1
      vertex -6.777351112569124 -2.7129336293448065 11.1
      vertex -6.777351112569124 -2.7129336293448065 11.9
    endloop
  endfacet
  facet normal -0.6427876096865389 -0.7660444431189783 0
    outer loop
      vertex -7.07 -2.4673720558371173 11.1
      vertex -6.777351112569124 -2.7129336293448065 11.9
      vertex -7.07 -2.4673720558371173 11.9
    endloop
  endfacet
  facet normal -0.8660254037844388 -0.4999999999999996 0
    outer loop
      vertex -6.586338117135501 -3.0437778423417643 11.9
      vertex -6.777351112569124 -2.7129336293448065 11.9
      vertex -6.777351112569124 -2.7129336293448065 11.1
    endloop
  endfacet
  facet normal 0.5877852522924729 0.8090169943749477 0
    outer loop
      vertex -8.125635621484342 -1.2473657826827957 11.1
      vertex -7.813135621484342 -1.474410322684471 2
      vertex -8.125635621484342 -1.2473657826827957 2
    endloop
  endfacet
  facet normal 0.951056516295153 0.30901699437494967 0
    outer loop
      vertex -8.245000000000001 -0.8799999999999999 11.1
      vertex -8.125635621484342 -1.2473657826827957 2
      vertex -8.245000000000001 -0.8799999999999999 2
    endloop
  endfacet
  facet normal 0.9510565162951528 -0.30901699437494967 0
    outer loop
      vertex -8.125635621484342 -0.5126342173172042 11.1
      vertex -8.245000000000001 -0.8799999999999999 2
      vertex -8.125635621484342 -0.5126342173172042 2
    endloop
  endfacet
  facet normal 0.5877852522924729 -0.8090169943749477 0
    outer loop
      vertex -7.813135621484342 -0.285589677315529 11.1
      vertex -8.125635621484342 -0.5126342173172042 2
      vertex -7.813135621484342 -0.285589677315529 2
    endloop
  endfacet
  facet normal 0.951056516295153 0.30901699437494967 0
    outer loop
      vertex -8.245000000000001 -0.8799999999999999 11.1
      vertex -8.125635621484342 -1.2473657826827957 11.1
      vertex -8.125635621484342 -1.2473657826827957 2
    endloop
  endfacet
  facet normal 0.9510565162951528 -0.30901699437494967 0
    outer loop
      vertex -8.245000000000001 -0.8799999999999999 11.1
      vertex -8.245000000000001 -0.8799999999999999 2
      vertex -8.125635621484342 -0.5126342173172042 11.1
    endloop
  endfacet
  facet normal 0.5877852522924729 0.8090169943749477 0
    outer loop
      vertex -8.125635621484342 -1.2473657826827957 11.1
      vertex -7.813135621484342 -1.474410322684471 11.1
      vertex -7.813135621484342 -1.474410322684471 2
    endloop
  endfacet
  facet normal 0.5877852522924729 -0.8090169943749477 0
    outer loop
      vertex -8.125635621484342 -0.5126342173172042 11.1
      vertex -8.125635621484342 -0.5126342173172042 2
      vertex -7.813135621484342 -0.285589677315529 11.1
    endloop
  endfacet
  facet normal 0 1 0
    outer loop
      vertex -7.813135621484342 -1.474410322684471 11.1
      vertex -7.426864378515658 -1.474410322684471 2
      vertex -7.813135621484342 -1.474410322684471 2
    endloop
  endfacet
  facet normal -0.5877852522924729 0.8090169943749477 0
    outer loop
      vertex -7.426864378515658 -1.474410322684471 11.1
      vertex -7.114364378515658 -1.2473657826827957 2
      vertex -7.426864378515658 -1.474410322684471 2
    endloop
  endfacet
  facet normal 0 -1 0
    outer loop
      vertex -7.426864378515658 -0.285589677315529 11.1
      vertex -7.813135621484342 -0.285589677315529 2
      vertex -7.426864378515658 -0.285589677315529 2
    endloop
  endfacet
  facet normal -0.9510565162951535 0.30901699437494756 0
    outer loop
      vertex -7.114364378515658 -1.2473657826827957 11.1
      vertex -6.995 -0.8799999999999999 2
      vertex -7.114364378515658 -1.2473657826827957 2
    endloop
  endfacet
  facet normal -0.9510565162951534 -0.3090169943749476 0
    outer loop
      vertex -6.995 -0.8799999999999999 11.1
      vertex -7.114364378515658 -0.5126342173172042 2
      vertex -6.995 -0.8799999999999999 2
    endloop
  endfacet
  facet normal -0.5877852522924729 -0.8090169943749477 0
    outer loop
      vertex -7.114364378515658 -0.5126342173172042 11.1
      vertex -7.426864378515658 -0.285589677315529 2
      vertex -7.114364378515658 -0.5126342173172042 2
    endloop
  endfacet
  facet normal 0 1 0
    outer loop
      vertex -7.813135621484342 -1.474410322684471 11.1
      vertex -7.426864378515658 -1.474410322684471 11.1
      vertex -7.426864378515658 -1.474410322684471 2
    endloop
  endfacet
  facet normal 0 -1 0
    outer loop
      vertex -7.813135621484342 -0.285589677315529 11.1
      vertex -7.813135621484342 -0.285589677315529 2
      vertex -7.426864378515658 -0.285589677315529 11.1
    endloop
  endfacet
  facet normal -0.5877852522924729 -0.8090169943749477 0
    outer loop
      vertex -7.426864378515658 -0.285589677315529 11.1
      vertex -7.426864378515658 -0.285589677315529 2
      vertex -7.114364378515658 -0.5126342173172042 11.1
    endloop
  endfacet
  facet normal -0.5877852522924729 0.8090169943749477 0
    outer loop
      vertex -7.426864378515658 -1.474410322684471 11.1
      vertex -7.114364378515658 -1.2473657826827957 11.1
      vertex -7.114364378515658 -1.2473657826827957 2
    endloop
  endfacet
  facet normal -0.9510565162951535 0.30901699437494756 0
    outer loop
      vertex -7.114364378515658 -1.2473657826827957 11.1
      vertex -6.995 -0.8799999999999999 11.1
      vertex -6.995 -0.8799999999999999 2
    endloop
  endfacet
  facet normal -0.9510565162951534 -0.3090169943749476 0
    outer loop
      vertex -6.995 -0.8799999999999999 11.1
      vertex -7.114364378515658 -0.5126342173172042 11.1
      vertex -7.114364378515658 -0.5126342173172042 2
    endloop
  endfacet
  facet normal 0 0 1
    outer loop
      vertex -8.462648887430877 -1.5870663706551933 11.1
      vertex -8.17 -1.8326279441628825 11.1
      vertex -8.125635621484342 -1.2473657826827957 11.1
    endloop
  endfacet
  facet normal 0 0 1
    outer loop
      vertex -8.17 -1.8326279441628825 11.1
      vertex -7.813135621484342 -1.474410322684471 11.1
      vertex -8.125635621484342 -1.2473657826827957 11.1
    endloop
  endfacet
  facet normal 0 0 1
    outer loop
      vertex -8.17 -1.8326279441628825 11.1
      vertex -7.811012995433623 -1.9632885283134287 11.1
      vertex -7.813135621484342 -1.474410322684471 11.1
    endloop
  endfacet
  facet normal 0.6427876096865377 0.7660444431189792 0
    outer loop
      vertex -8.462648887430877 -1.5870663706551933 11.1
      vertex -8.462648887430877 -1.5870663706551933 11.9
      vertex -8.17 -1.8326279441628825 11.1
    endloop
  endfacet
  facet normal 0.8660254037844399 0.4999999999999979 0
    outer loop
      vertex -8.462648887430877 -1.5870663706551933 11.1
      vertex -8.6536618828645 -1.2562221576582355 11.9
      vertex -8.462648887430877 -1.5870663706551933 11.9
    endloop
  endfacet
  facet normal 0.6427876096865377 0.7660444431189792 0
    outer loop
      vertex -8.17 -1.8326279441628825 11.1
      vertex -8.462648887430877 -1.5870663706551933 11.9
      vertex -8.17 -1.8326279441628825 11.9
    endloop
  endfacet
  facet normal 0.3420201433256683 0.9396926207859085 0
    outer loop
      vertex -8.17 -1.8326279441628825 11.1
      vertex -8.17 -1.8326279441628825 11.9
      vertex -7.811012995433623 -1.9632885283134287 11.1
    endloop
  endfacet
  facet normal 0.3420201433256683 0.9396926207859085 0
    outer loop
      vertex -8.17 -1.8326279441628825 11.9
      vertex -7.811012995433623 -1.9632885283134287 11.9
      vertex -7.811012995433623 -1.9632885283134287 11.1
    endloop
  endfacet
  facet normal 0 0 1
    outer loop
      vertex -8.6536618828645 -1.2562221576582355 11.1
      vertex -8.6536618828645 -0.5037778423417643 11.1
      vertex -8.72 -0.8799999999999999 11.1
    endloop
  endfacet
  facet normal 0 0 1
    outer loop
      vertex -8.462648887430877 -1.5870663706551933 11.1
      vertex -8.462648887430877 -0.1729336293448066 11.1
      vertex -8.6536618828645 -1.2562221576582355 11.1
    endloop
  endfacet
  facet normal 0 0 1
    outer loop
      vertex -8.462648887430877 -1.5870663706551933 11.1
      vertex -8.125635621484342 -1.2473657826827957 11.1
      vertex -8.245000000000001 -0.8799999999999999 11.1
    endloop
  endfacet
  facet normal 0 0 1
    outer loop
      vertex -8.462648887430877 -1.5870663706551933 11.1
      vertex -8.245000000000001 -0.8799999999999999 11.1
      vertex -8.17 0.07262794416288265 11.1
    endloop
  endfacet
  facet normal 0 0 1
    outer loop
      vertex -8.6536618828645 -1.2562221576582355 11.1
      vertex -8.462648887430877 -0.1729336293448066 11.1
      vertex -8.6536618828645 -0.5037778423417643 11.1
    endloop
  endfacet
  facet normal 0 0 1
    outer loop
      vertex -8.462648887430877 -1.5870663706551933 11.1
      vertex -8.17 0.07262794416288265 11.1
      vertex -8.462648887430877 -0.1729336293448066 11.1
    endloop
  endfacet
  facet normal 0 0 1
    outer loop
      vertex -8.245000000000001 -0.8799999999999999 11.1
      vertex -8.125635621484342 -0.5126342173172042 11.1
      vertex -8.17 0.07262794416288265 11.1
    endloop
  endfacet
  facet normal 0 0 1
    outer loop
      vertex -8.125635621484342 -0.5126342173172042 11.1
      vertex -7.811012995433623 0.20328852831342892 11.1
      vertex -8.17 0.07262794416288265 11.1
    endloop
  endfacet
  facet normal 0 0 1
    outer loop
      vertex -8.125635621484342 -0.5126342173172042 11.1
      vertex -7.813135621484342 -0.285589677315529 11.1
      vertex -7.811012995433623 0.20328852831342892 11.1
    endloop
  endfacet
  facet normal 0.8660254037844399 0.4999999999999979 0
    outer loop
      vertex -8.462648887430877 -1.5870663706551933 11.1
      vertex -8.6536618828645 -1.2562221576582355 11.1
      vertex -8.6536618828645 -1.2562221576582355 11.9
    endloop
  endfacet
  facet normal 0.9848077530122079 0.1736481776669317 0
    outer loop
      vertex -8.6536618828645 -1.2562221576582355 11.1
      vertex -8.72 -0.8799999999999999 11.1
      vertex -8.72 -0.8799999999999999 11.9
    endloop
  endfacet
  facet normal 0.9848077530122079 0.1736481776669317 0
    outer loop
      vertex -8.6536618828645 -1.2562221576582355 11.1
      vertex -8.72 -0.8799999999999999 11.9
      vertex -8.6536618828645 -1.2562221576582355 11.9
    endloop
  endfacet
  facet normal 0.9848077530122079 -0.1736481776669317 0
    outer loop
      vertex -8.72 -0.8799999999999999 11.1
      vertex -8.6536618828645 -0.5037778423417643 11.9
      vertex -8.72 -0.8799999999999999 11.9
    endloop
  endfacet
  facet normal 0.9848077530122079 -0.1736481776669317 0
    outer loop
      vertex -8.72 -0.8799999999999999 11.1
      vertex -8.6536618828645 -0.5037778423417643 11.1
      vertex -8.6536618828645 -0.5037778423417643 11.9
    endloop
  endfacet
  facet normal 0.8660254037844397 -0.499999999999998 0
    outer loop
      vertex -8.6536618828645 -0.5037778423417643 11.1
      vertex -8.462648887430877 -0.1729336293448066 11.1
      vertex -8.462648887430877 -0.1729336293448066 11.9
    endloop
  endfacet
  facet normal 0.6427876096865377 -0.7660444431189792 0
    outer loop
      vertex -8.462648887430877 -0.1729336293448066 11.1
      vertex -8.17 0.07262794416288265 11.1
      vertex -8.17 0.07262794416288265 11.9
    endloop
  endfacet
  facet normal 0.8660254037844397 -0.499999999999998 0
    outer loop
      vertex -8.6536618828645 -0.5037778423417643 11.1
      vertex -8.462648887430877 -0.1729336293448066 11.9
      vertex -8.6536618828645 -0.5037778423417643 11.9
    endloop
  endfacet
  facet normal 0.6427876096865377 -0.7660444431189792 0
    outer loop
      vertex -8.462648887430877 -0.1729336293448066 11.1
      vertex -8.17 0.07262794416288265 11.9
      vertex -8.462648887430877 -0.1729336293448066 11.9
    endloop
  endfacet
  facet normal 0 0 1
    outer loop
      vertex -7.811012995433623 -1.9632885283134287 11.1
      vertex -7.428987004566377 -1.9632885283134287 11.1
      vertex -7.426864378515658 -1.474410322684471 11.1
    endloop
  endfacet
  facet normal 0 0 1
    outer loop
      vertex -7.811012995433623 -1.9632885283134287 11.1
      vertex -7.426864378515658 -1.474410322684471 11.1
      vertex -7.813135621484342 -1.474410322684471 11.1
    endloop
  endfacet
  facet normal 0 0 1
    outer loop
      vertex -7.428987004566377 -1.9632885283134287 11.1
      vertex -7.114364378515658 -1.2473657826827957 11.1
      vertex -7.426864378515658 -1.474410322684471 11.1
    endloop
  endfacet
  facet normal 0 0 1
    outer loop
      vertex -7.428987004566377 -1.9632885283134287 11.1
      vertex -7.07 -1.8326279441628825 11.1
      vertex -7.114364378515658 -1.2473657826827957 11.1
    endloop
  endfacet
  facet normal 0 1 0
    outer loop
      vertex -7.811012995433623 -1.9632885283134287 11.1
      vertex -7.811012995433623 -1.9632885283134287 11.9
      vertex -7.428987004566377 -1.9632885283134287 11.1
    endloop
  endfacet
  facet normal -0.3420201433256683 0.9396926207859085 0
    outer loop
      vertex -7.428987004566377 -1.9632885283134287 11.1
      vertex -7.428987004566377 -1.9632885283134287 11.9
      vertex -7.07 -1.8326279441628825 11.1
    endloop
  endfacet
  facet normal 0 1 0
    outer loop
      vertex -7.428987004566377 -1.9632885283134287 11.1
      vertex -7.811012995433623 -1.9632885283134287 11.9
      vertex -7.428987004566377 -1.9632885283134287 11.9
    endloop
  endfacet
  facet normal -0.6427876096865389 0.7660444431189783 0
    outer loop
      vertex -7.07 -1.8326279441628825 11.1
      vertex -7.07 -1.8326279441628825 11.9
      vertex -6.777351112569124 -1.5870663706551933 11.1
    endloop
  endfacet
  facet normal -0.3420201433256683 0.9396926207859085 0
    outer loop
      vertex -7.07 -1.8326279441628825 11.1
      vertex -7.428987004566377 -1.9632885283134287 11.9
      vertex -7.07 -1.8326279441628825 11.9
    endloop
  endfacet
  facet normal -0.6427876096865389 0.7660444431189783 0
    outer loop
      vertex -6.777351112569124 -1.5870663706551933 11.1
      vertex -7.07 -1.8326279441628825 11.9
      vertex -6.777351112569124 -1.5870663706551933 11.9
    endloop
  endfacet
  facet normal 0 0 1
    outer loop
      vertex -7.813135621484342 -0.285589677315529 11.1
      vertex -7.426864378515658 -0.285589677315529 11.1
      vertex -7.428987004566377 0.20328852831342892 11.1
    endloop
  endfacet
  facet normal 0 0 1
    outer loop
      vertex -7.426864378515658 -0.285589677315529 11.1
      vertex -7.07 0.07262794416288265 11.1
      vertex -7.428987004566377 0.20328852831342892 11.1
    endloop
  endfacet
  facet normal 0 0 1
    outer loop
      vertex -7.07 -1.8326279441628825 11.1
      vertex -6.995 -0.8799999999999999 11.1
      vertex -7.114364378515658 -1.2473657826827957 11.1
    endloop
  endfacet
  facet normal 0 0 1
    outer loop
      vertex -7.07 -1.8326279441628825 11.1
      vertex -6.777351112569124 -1.5870663706551933 11.1
      vertex -6.777351112569124 -0.1729336293448066 11.1
    endloop
  endfacet
  facet normal 0 0 1
    outer loop
      vertex -7.07 -1.8326279441628825 11.1
      vertex -6.777351112569124 -0.1729336293448066 11.1
      vertex -6.995 -0.8799999999999999 11.1
    endloop
  endfacet
  facet normal 0 0 1
    outer loop
      vertex -7.426864378515658 -0.285589677315529 11.1
      vertex -7.114364378515658 -0.5126342173172042 11.1
      vertex -7.07 0.07262794416288265 11.1
    endloop
  endfacet
  facet normal 0 0 1
    outer loop
      vertex -6.995 -0.8799999999999999 11.1
      vertex -6.777351112569124 -0.1729336293448066 11.1
      vertex -7.114364378515658 -0.5126342173172042 11.1
    endloop
  endfacet
  facet normal 0 0 1
    outer loop
      vertex -7.114364378515658 -0.5126342173172042 11.1
      vertex -6.777351112569124 -0.1729336293448066 11.1
      vertex -7.07 0.07262794416288265 11.1
    endloop
  endfacet
  facet normal -0.6427876096865389 -0.7660444431189783 0
    outer loop
      vertex -6.777351112569124 -0.1729336293448066 11.1
      vertex -6.777351112569124 -0.1729336293448066 11.9
      vertex -7.07 0.07262794416288265 11.1
    endloop
  endfacet
  facet normal -0.6427876096865389 -0.7660444431189783 0
    outer loop
      vertex -6.777351112569124 -0.1729336293448066 11.9
      vertex -7.07 0.07262794416288265 11.9
      vertex -7.07 0.07262794416288265 11.1
    endloop
  endfacet
  facet normal -0.8660254037844388 0.4999999999999996 0
    outer loop
      vertex -6.777351112569124 -1.5870663706551933 11.1
      vertex -6.777351112569124 -1.5870663706551933 11.9
      vertex -6.586338117135501 -1.2562221576582355 11.1
    endloop
  endfacet
  facet normal 0 0 1
    outer loop
      vertex -6.777351112569124 -1.5870663706551933 11.1
      vertex -6.586338117135501 -1.2562221576582355 11.1
      vertex -6.586338117135501 -0.5037778423417643 11.1
    endloop
  endfacet
  facet normal 0 0 1
    outer loop
      vertex -6.777351112569124 -1.5870663706551933 11.1
      vertex -6.586338117135501 -0.5037778423417643 11.1
      vertex -6.777351112569124 -0.1729336293448066 11.1
    endloop
  endfacet
  facet normal 0 0 1
    outer loop
      vertex -6.586338117135501 -1.2562221576582355 11.1
      vertex -6.52 -0.8799999999999999 11.1
      vertex -6.586338117135501 -0.5037778423417643 11.1
    endloop
  endfacet
  facet normal -0.9848077530122079 0.1736481776669317 0
    outer loop
      vertex -6.586338117135501 -1.2562221576582355 11.1
      vertex -6.586338117135501 -1.2562221576582355 11.9
      vertex -6.52 -0.8799999999999999 11.1
    endloop
  endfacet
  facet normal -0.9848077530122079 -0.1736481776669317 0
    outer loop
      vertex -6.52 -0.8799999999999999 11.1
      vertex -6.52 -0.8799999999999999 11.9
      vertex -6.586338117135501 -0.5037778423417643 11.1
    endloop
  endfacet
  facet normal -0.8660254037844388 0.4999999999999996 0
    outer loop
      vertex -6.777351112569124 -1.5870663706551933 11.9
      vertex -6.586338117135501 -1.2562221576582355 11.9
      vertex -6.586338117135501 -1.2562221576582355 11.1
    endloop
  endfacet
  facet normal -0.9848077530122079 0.1736481776669317 0
    outer loop
      vertex -6.52 -0.8799999999999999 11.1
      vertex -6.586338117135501 -1.2562221576582355 11.9
      vertex -6.52 -0.8799999999999999 11.9
    endloop
  endfacet
  facet normal -0.8660254037844388 -0.49999999999999983 0
    outer loop
      vertex -6.777351112569124 -0.1729336293448066 11.1
      vertex -6.586338117135501 -0.5037778423417643 11.1
      vertex -6.586338117135501 -0.5037778423417643 11.9
    endloop
  endfacet
  facet normal -0.9848077530122079 -0.1736481776669317 0
    outer loop
      vertex -6.586338117135501 -0.5037778423417643 11.1
      vertex -6.52 -0.8799999999999999 11.9
      vertex -6.586338117135501 -0.5037778423417643 11.9
    endloop
  endfacet
  facet normal -0.8660254037844388 -0.49999999999999983 0
    outer loop
      vertex -6.777351112569124 -0.1729336293448066 11.1
      vertex -6.586338117135501 -0.5037778423417643 11.9
      vertex -6.777351112569124 -0.1729336293448066 11.9
    endloop
  endfacet
  facet normal 0.3420201433256686 -0.9396926207859084 0
    outer loop
      vertex -8.17 0.07262794416288265 11.1
      vertex -7.811012995433623 0.20328852831342892 11.1
      vertex -7.811012995433623 0.20328852831342892 11.9
    endloop
  endfacet
  facet normal 0.3420201433256686 -0.9396926207859084 0
    outer loop
      vertex -8.17 0.07262794416288265 11.1
      vertex -7.811012995433623 0.20328852831342892 11.9
      vertex -8.17 0.07262794416288265 11.9
    endloop
  endfacet
  facet normal 0 0 1
    outer loop
      vertex -7.813135621484342 -0.285589677315529 11.1
      vertex -7.428987004566377 0.20328852831342892 11.1
      vertex -7.811012995433623 0.20328852831342892 11.1
    endloop
  endfacet
  facet normal 0 -1 0
    outer loop
      vertex -7.811012995433623 0.20328852831342892 11.1
      vertex -7.428987004566377 0.20328852831342892 11.1
      vertex -7.428987004566377 0.20328852831342892 11.9
    endloop
  endfacet
  facet normal 0 -1 0
    outer loop
      vertex -7.811012995433623 0.20328852831342892 11.1
      vertex -7.428987004566377 0.20328852831342892 11.9
      vertex -7.811012995433623 0.20328852831342892 11.9
    endloop
  endfacet
  facet normal -0.3420201433256686 -0.9396926207859084 0
    outer loop
      vertex -7.428987004566377 0.20328852831342892 11.1
      vertex -7.07 0.07262794416288265 11.9
      vertex -7.428987004566377 0.20328852831342892 11.9
    endloop
  endfacet
  facet normal -0.3420201433256686 -0.9396926207859084 0
    outer loop
      vertex -7.428987004566377 0.20328852831342892 11.1
      vertex -7.07 0.07262794416288265 11.1
      vertex -7.07 0.07262794416288265 11.9
    endloop
  endfacet
  facet normal 0 -1 0
    outer loop
      vertex -9.02 -17.52 11.9
      vertex -9.02 -17.52 2
      vertex -6.22 -17.52 11.9
    endloop
  endfacet
  facet normal 0 0 1
    outer loop
      vertex -9.02 -17.52 11.9
      vertex -7.811012995433623 -17.20328852831343 11.9
      vertex -8.17 -17.072627944162882 11.9
    endloop
  endfacet
  facet normal 0 0 1
    outer loop
      vertex -9.02 -17.52 11.9
      vertex -7.428987004566377 -17.20328852831343 11.9
      vertex -7.811012995433623 -17.20328852831343 11.9
    endloop
  endfacet
  facet normal -1 0 0
    outer loop
      vertex -9.02 -17.52 11.9
      vertex -9.02 0.5199999999999996 11.9
      vertex -9.02 -17.52 2
    endloop
  endfacet
  facet normal 0 0 1
    outer loop
      vertex -9.02 -17.52 11.9
      vertex -8.6536618828645 -16.496222157658238 11.9
      vertex -8.72 -16.12 11.9
    endloop
  endfacet
  facet normal 0 0 1
    outer loop
      vertex -9.02 -17.52 11.9
      vertex -8.72 -16.12 11.9
      vertex -8.72 -13.58 11.9
    endloop
  endfacet
  facet normal 0 0 1
    outer loop
      vertex -9.02 -17.52 11.9
      vertex -8.462648887430877 -16.827066370655196 11.9
      vertex -8.6536618828645 -16.496222157658238 11.9
    endloop
  endfacet
  facet normal 0 0 1
    outer loop
      vertex -9.02 -17.52 11.9
      vertex -8.17 -17.072627944162882 11.9
      vertex -8.462648887430877 -16.827066370655196 11.9
    endloop
  endfacet
  facet normal 0 0 1
    outer loop
      vertex -8.72 -16.12 11.9
      vertex -8.6536618828645 -15.743777842341766 11.9
      vertex -8.72 -13.58 11.9
    endloop
  endfacet
  facet normal 0 0 1
    outer loop
      vertex -8.6536618828645 -15.743777842341766 11.9
      vertex -8.462648887430877 -15.412933629344808 11.9
      vertex -8.6536618828645 -13.956222157658235 11.9
    endloop
  endfacet
  facet normal 0 0 1
    outer loop
      vertex -8.6536618828645 -15.743777842341766 11.9
      vertex -8.6536618828645 -13.956222157658235 11.9
      vertex -8.72 -13.58 11.9
    endloop
  endfacet
  facet normal 0 0 1
    outer loop
      vertex -8.462648887430877 -15.412933629344808 11.9
      vertex -8.462648887430877 -14.287066370655193 11.9
      vertex -8.6536618828645 -13.956222157658235 11.9
    endloop
  endfacet
  facet normal 0 0 1
    outer loop
      vertex -8.462648887430877 -15.412933629344808 11.9
      vertex -8.17 -15.167372055837118 11.9
      vertex -8.462648887430877 -14.287066370655193 11.9
    endloop
  endfacet
  facet normal 0 0 1
    outer loop
      vertex -8.462648887430877 -14.287066370655193 11.9
      vertex -8.17 -15.167372055837118 11.9
      vertex -8.17 -14.532627944162883 11.9
    endloop
  endfacet
  facet normal 0 0 1
    outer loop
      vertex -8.17 -15.167372055837118 11.9
      vertex -7.811012995433623 -15.036711471686573 11.9
      vertex -8.17 -14.532627944162883 11.9
    endloop
  endfacet
  facet normal 0 0 1
    outer loop
      vertex -8.17 -14.532627944162883 11.9
      vertex -7.811012995433623 -15.036711471686573 11.9
      vertex -7.811012995433623 -14.663288528313428 11.9
    endloop
  endfacet
  facet normal 0 0 1
    outer loop
      vertex -9.02 -17.52 11.9
      vertex -8.72 -13.58 11.9
      vertex -8.72 -11.04 11.9
    endloop
  endfacet
  facet normal 0 0 1
    outer loop
      vertex -8.72 -13.58 11.9
      vertex -8.6536618828645 -13.203777842341765 11.9
      vertex -8.72 -11.04 11.9
    endloop
  endfacet
  facet normal 0 0 1
    outer loop
      vertex -8.6536618828645 -13.203777842341765 11.9
      vertex -8.462648887430877 -12.872933629344807 11.9
      vertex -8.6536618828645 -11.416222157658234 11.9
    endloop
  endfacet
  facet normal 0 0 1
    outer loop
      vertex -8.462648887430877 -12.872933629344807 11.9
      vertex -8.17 -12.627372055837117 11.9
      vertex -8.462648887430877 -11.747066370655192 11.9
    endloop
  endfacet
  facet normal 0 0 1
    outer loop
      vertex -8.6536618828645 -13.203777842341765 11.9
      vertex -8.6536618828645 -11.416222157658234 11.9
      vertex -8.72 -11.04 11.9
    endloop
  endfacet
  facet normal 0 0 1
    outer loop
      vertex -8.462648887430877 -12.872933629344807 11.9
      vertex -8.462648887430877 -11.747066370655192 11.9
      vertex -8.6536618828645 -11.416222157658234 11.9
    endloop
  endfacet
  facet normal 0 0 1
    outer loop
      vertex -8.462648887430877 -11.747066370655192 11.9
      vertex -8.17 -12.627372055837117 11.9
      vertex -8.17 -11.992627944162882 11.9
    endloop
  endfacet
  facet normal 0 0 1
    outer loop
      vertex -8.17 -12.627372055837117 11.9
      vertex -7.811012995433623 -12.496711471686572 11.9
      vertex -8.17 -11.992627944162882 11.9
    endloop
  endfacet
  facet normal 0 0 1
    outer loop
      vertex -8.17 -11.992627944162882 11.9
      vertex -7.811012995433623 -12.496711471686572 11.9
      vertex -7.811012995433623 -12.123288528313427 11.9
    endloop
  endfacet
  facet normal -1 0 0
    outer loop
      vertex -9.02 0.5199999999999996 11.9
      vertex -9.02 0.5199999999999996 2
      vertex -9.02 -17.52 2
    endloop
  endfacet
  facet normal 0 0 1
    outer loop
      vertex -9.02 -17.52 11.9
      vertex -8.72 -11.04 11.9
      vertex -9.02 0.5199999999999996 11.9
    endloop
  endfacet
  facet normal 0 0 1
    outer loop
      vertex -8.72 -11.04 11.9
      vertex -8.6536618828645 -10.663777842341764 11.9
      vertex -8.72 -8.5 11.9
    endloop
  endfacet
  facet normal 0 0 1
    outer loop
      vertex -8.6536618828645 -10.663777842341764 11.9
      vertex -8.462648887430877 -10.332933629344806 11.9
      vertex -8.6536618828645 -8.876222157658235 11.9
    endloop
  endfacet
  facet normal 0 0 1
    outer loop
      vertex -8.6536618828645 -10.663777842341764 11.9
      vertex -8.6536618828645 -8.876222157658235 11.9
      vertex -8.72 -8.5 11.9
    endloop
  endfacet
  facet normal 0 0 1
    outer loop
      vertex -8.462648887430877 -10.332933629344806 11.9
      vertex -8.462648887430877 -9.207066370655193 11.9
      vertex -8.6536618828645 -8.876222157658235 11.9
    endloop
  endfacet
  facet normal 0 0 1
    outer loop
      vertex -8.462648887430877 -10.332933629344806 11.9
      vertex -8.17 -10.087372055837116 11.9
      vertex -8.462648887430877 -9.207066370655193 11.9
    endloop
  endfacet
  facet normal 0 0 1
    outer loop
      vertex -8.17 -10.087372055837116 11.9
      vertex -8.17 -9.452627944162883 11.9
      vertex -8.462648887430877 -9.207066370655193 11.9
    endloop
  endfacet
  facet normal 0 0 1
    outer loop
      vertex -8.17 -10.087372055837116 11.9
      vertex -7.811012995433623 -9.956711471686571 11.9
      vertex -8.17 -9.452627944162883 11.9
    endloop
  endfacet
  facet normal 0 0 1
    outer loop
      vertex -8.17 -9.452627944162883 11.9
      vertex -7.811012995433623 -9.956711471686571 11.9
      vertex -7.811012995433623 -9.583288528313428 11.9
    endloop
  endfacet
  facet normal 0 0 1
    outer loop
      vertex -8.72 -11.04 11.9
      vertex -8.72 -8.5 11.9
      vertex -9.02 0.5199999999999996 11.9
    endloop
  endfacet
  facet normal 0 0 1
    outer loop
      vertex -8.72 -8.5 11.9
      vertex -8.6536618828645 -8.123777842341765 11.9
      vertex -8.72 -5.96 11.9
    endloop
  endfacet
  facet normal 0 0 1
    outer loop
      vertex -8.6536618828645 -8.123777842341765 11.9
      vertex -8.462648887430877 -7.792933629344807 11.9
      vertex -8.6536618828645 -6.336222157658236 11.9
    endloop
  endfacet
  facet normal 0 0 1
    outer loop
      vertex -8.462648887430877 -7.792933629344807 11.9
      vertex -8.17 -7.547372055837117 11.9
      vertex -8.462648887430877 -6.667066370655193 11.9
    endloop
  endfacet
  facet normal 0 0 1
    outer loop
      vertex -8.17 -7.547372055837117 11.9
      vertex -7.811012995433623 -7.416711471686571 11.9
      vertex -8.17 -6.912627944162883 11.9
    endloop
  endfacet
  facet normal 0 0 1
    outer loop
      vertex -8.17 -6.912627944162883 11.9
      vertex -7.811012995433623 -7.416711471686571 11.9
      vertex -7.428987004566377 -7.416711471686571 11.9
    endloop
  endfacet
  facet normal 0 0 1
    outer loop
      vertex -8.462648887430877 -7.792933629344807 11.9
      vertex -8.462648887430877 -6.667066370655193 11.9
      vertex -8.6536618828645 -6.336222157658236 11.9
    endloop
  endfacet
  facet normal 0 0 1
    outer loop
      vertex -8.6536618828645 -8.123777842341765 11.9
      vertex -8.6536618828645 -6.336222157658236 11.9
      vertex -8.72 -5.96 11.9
    endloop
  endfacet
  facet normal 0 0 1
    outer loop
      vertex -8.17 -7.547372055837117 11.9
      vertex -8.17 -6.912627944162883 11.9
      vertex -8.462648887430877 -6.667066370655193 11.9
    endloop
  endfacet
  facet normal 0 0 1
    outer loop
      vertex -8.17 -6.912627944162883 11.9
      vertex -7.428987004566377 -7.416711471686571 11.9
      vertex -7.811012995433623 -7.043288528313429 11.9
    endloop
  endfacet
  facet normal 0 0 1
    outer loop
      vertex -8.72 -8.5 11.9
      vertex -8.72 -5.96 11.9
      vertex -9.02 0.5199999999999996 11.9
    endloop
  endfacet
  facet normal 0 0 1
    outer loop
      vertex -8.72 -5.96 11.9
      vertex -8.72 -3.42 11.9
      vertex -9.02 0.5199999999999996 11.9
    endloop
  endfacet
  facet normal 0 0 1
    outer loop
      vertex -8.72 -5.96 11.9
      vertex -8.6536618828645 -5.583777842341764 11.9
      vertex -8.72 -3.42 11.9
    endloop
  endfacet
  facet normal 0 0 1
    outer loop
      vertex -8.6536618828645 -5.583777842341764 11.9
      vertex -8.462648887430877 -5.252933629344807 11.9
      vertex -8.6536618828645 -3.7962221576582356 11.9
    endloop
  endfacet
  facet normal 0 0 1
    outer loop
      vertex -8.462648887430877 -5.252933629344807 11.9
      vertex -8.462648887430877 -4.127066370655193 11.9
      vertex -8.6536618828645 -3.7962221576582356 11.9
    endloop
  endfacet
  facet normal 0 0 1
    outer loop
      vertex -8.462648887430877 -5.252933629344807 11.9
      vertex -8.17 -5.007372055837117 11.9
      vertex -8.462648887430877 -4.127066370655193 11.9
    endloop
  endfacet
  facet normal 0 0 1
    outer loop
      vertex -8.17 -5.007372055837117 11.9
      vertex -7.811012995433623 -4.876711471686571 11.9
      vertex -8.462648887430877 -4.127066370655193 11.9
    endloop
  endfacet
  facet normal 0 0 1
    outer loop
      vertex -8.17 -4.372627944162883 11.9
      vertex -8.462648887430877 -4.127066370655193 11.9
      vertex -7.811012995433623 -4.876711471686571 11.9
    endloop
  endfacet
  facet normal 0 0 1
    outer loop
      vertex -8.17 -4.372627944162883 11.9
      vertex -7.811012995433623 -4.876711471686571 11.9
      vertex -7.811012995433623 -4.503288528313429 11.9
    endloop
  endfacet
  facet normal 0 0 1
    outer loop
      vertex -8.6536618828645 -5.583777842341764 11.9
      vertex -8.6536618828645 -3.7962221576582356 11.9
      vertex -8.72 -3.42 11.9
    endloop
  endfacet
  facet normal 0 0 1
    outer loop
      vertex -8.72 -3.42 11.9
      vertex -8.6536618828645 -3.0437778423417643 11.9
      vertex -9.02 0.5199999999999996 11.9
    endloop
  endfacet
  facet normal 0 0 1
    outer loop
      vertex -8.462648887430877 -2.7129336293448065 11.9
      vertex -8.72 -0.8799999999999999 11.9
      vertex -9.02 0.5199999999999996 11.9
    endloop
  endfacet
  facet normal 0 0 1
    outer loop
      vertex -8.72 -0.8799999999999999 11.9
      vertex -8.6536618828645 -0.5037778423417643 11.9
      vertex -9.02 0.5199999999999996 11.9
    endloop
  endfacet
  facet normal 0 0 1
    outer loop
      vertex -8.462648887430877 -2.7129336293448065 11.9
      vertex -8.17 -2.4673720558371173 11.9
      vertex -8.462648887430877 -1.5870663706551933 11.9
    endloop
  endfacet
  facet normal 0 0 1
    outer loop
      vertex -8.462648887430877 -2.7129336293448065 11.9
      vertex -8.462648887430877 -1.5870663706551933 11.9
      vertex -8.6536618828645 -1.2562221576582355 11.9
    endloop
  endfacet
  facet normal 0 0 1
    outer loop
      vertex -8.6536618828645 -3.0437778423417643 11.9
      vertex -8.462648887430877 -2.7129336293448065 11.9
      vertex -9.02 0.5199999999999996 11.9
    endloop
  endfacet
  facet normal 0 0 1
    outer loop
      vertex -8.462648887430877 -2.7129336293448065 11.9
      vertex -8.6536618828645 -1.2562221576582355 11.9
      vertex -8.72 -0.8799999999999999 11.9
    endloop
  endfacet
  facet normal 0 0 1
    outer loop
      vertex -8.462648887430877 -1.5870663706551933 11.9
      vertex -8.17 -2.4673720558371173 11.9
      vertex -8.17 -1.8326279441628825 11.9
    endloop
  endfacet
  facet normal 0 0 1
    outer loop
      vertex -8.17 -2.4673720558371173 11.9
      vertex -7.811012995433623 -2.336711471686571 11.9
      vertex -8.17 -1.8326279441628825 11.9
    endloop
  endfacet
  facet normal 0 0 1
    outer loop
      vertex -8.17 -1.8326279441628825 11.9
      vertex -7.811012995433623 -2.336711471686571 11.9
      vertex -7.811012995433623 -1.9632885283134287 11.9
    endloop
  endfacet
  facet normal 0 0 1
    outer loop
      vertex -8.6536618828645 -0.5037778423417643 11.9
      vertex -8.462648887430877 -0.1729336293448066 11.9
      vertex -9.02 0.5199999999999996 11.9
    endloop
  endfacet
  facet normal 0 -1 0
    outer loop
      vertex -6.22 -17.52 11.9
      vertex -9.02 -17.52 2
      vertex -6.22 -17.52 2
    endloop
  endfacet
  facet normal 0 0 1
    outer loop
      vertex -9.02 -17.52 11.9
      vertex -6.22 -17.52 11.9
      vertex -7.428987004566377 -17.20328852831343 11.9
    endloop
  endfacet
  facet normal 0 0 1
    outer loop
      vertex -7.428987004566377 -17.20328852831343 11.9
      vertex -6.22 -17.52 11.9
      vertex -7.07 -17.072627944162882 11.9
    endloop
  endfacet
  facet normal 1 0 0
    outer loop
      vertex -6.22 -17.52 11.9
      vertex -6.22 -17.52 2
      vertex -6.22 0.5199999999999996 11.9
    endloop
  endfacet
  facet normal 0 0 1
    outer loop
      vertex -7.811012995433623 -15.036711471686573 11.9
      vertex -7.428987004566377 -15.036711471686573 11.9
      vertex -7.811012995433623 -14.663288528313428 11.9
    endloop
  endfacet
  facet normal 0 0 1
    outer loop
      vertex -7.428987004566377 -15.036711471686573 11.9
      vertex -7.428987004566377 -14.663288528313428 11.9
      vertex -7.811012995433623 -14.663288528313428 11.9
    endloop
  endfacet
  facet normal 0 0 1
    outer loop
      vertex -7.428987004566377 -15.036711471686573 11.9
      vertex -7.07 -15.167372055837118 11.9
      vertex -7.428987004566377 -14.663288528313428 11.9
    endloop
  endfacet
  facet normal 0 0 1
    outer loop
      vertex -7.428987004566377 -14.663288528313428 11.9
      vertex -7.07 -15.167372055837118 11.9
      vertex -7.07 -14.532627944162883 11.9
    endloop
  endfacet
  facet normal 0 0 1
    outer loop
      vertex -7.07 -15.167372055837118 11.9
      vertex -6.777351112569124 -15.412933629344808 11.9
      vertex -7.07 -14.532627944162883 11.9
    endloop
  endfacet
  facet normal 0 0 1
    outer loop
      vertex -6.777351112569124 -15.412933629344808 11.9
      vertex -6.777351112569124 -14.287066370655193 11.9
      vertex -7.07 -14.532627944162883 11.9
    endloop
  endfacet
  facet normal 0 0 1
    outer loop
      vertex -7.07 -17.072627944162882 11.9
      vertex -6.22 -17.52 11.9
      vertex -6.777351112569124 -16.827066370655196 11.9
    endloop
  endfacet
  facet normal 0 0 1
    outer loop
      vertex -6.777351112569124 -16.827066370655196 11.9
      vertex -6.22 -17.52 11.9
      vertex -6.586338117135501 -16.496222157658238 11.9
    endloop
  endfacet
  facet normal 0 0 1
    outer loop
      vertex -6.22 -17.52 11.9
      vertex -6.52 -16.12 11.9
      vertex -6.586338117135501 -16.496222157658238 11.9
    endloop
  endfacet
  facet normal 0 0 1
    outer loop
      vertex -6.777351112569124 -14.287066370655193 11.9
      vertex -6.52 -16.12 11.9
      vertex -6.22 -17.52 11.9
    endloop
  endfacet
  facet normal 0 0 1
    outer loop
      vertex -6.777351112569124 -15.412933629344808 11.9
      vertex -6.586338117135501 -15.743777842341766 11.9
      vertex -6.777351112569124 -14.287066370655193 11.9
    endloop
  endfacet
  facet normal 0 0 1
    outer loop
      vertex -6.777351112569124 -14.287066370655193 11.9
      vertex -6.586338117135501 -15.743777842341766 11.9
      vertex -6.52 -16.12 11.9
    endloop
  endfacet
  facet normal 0 0 1
    outer loop
      vertex -6.777351112569124 -14.287066370655193 11.9
      vertex -6.22 -17.52 11.9
      vertex -6.586338117135501 -13.956222157658235 11.9
    endloop
  endfacet
  facet normal 0 0 1
    outer loop
      vertex -6.22 -17.52 11.9
      vertex -6.52 -13.58 11.9
      vertex -6.586338117135501 -13.956222157658235 11.9
    endloop
  endfacet
  facet normal 0 0 1
    outer loop
      vertex -7.811012995433623 -12.496711471686572 11.9
      vertex -7.428987004566377 -12.496711471686572 11.9
      vertex -7.811012995433623 -12.123288528313427 11.9
    endloop
  endfacet
  facet normal 0 0 1
    outer loop
      vertex -7.811012995433623 -12.123288528313427 11.9
      vertex -7.428987004566377 -12.496711471686572 11.9
      vertex -7.428987004566377 -12.123288528313427 11.9
    endloop
  endfacet
  facet normal 0 0 1
    outer loop
      vertex -7.428987004566377 -12.496711471686572 11.9
      vertex -7.07 -12.627372055837117 11.9
      vertex -7.428987004566377 -12.123288528313427 11.9
    endloop
  endfacet
  facet normal 0 0 1
    outer loop
      vertex -6.777351112569124 -12.872933629344807 11.9
      vertex -7.428987004566377 -12.123288528313427 11.9
      vertex -7.07 -12.627372055837117 11.9
    endloop
  endfacet
  facet normal 0 0 1
    outer loop
      vertex -6.777351112569124 -12.872933629344807 11.9
      vertex -7.07 -11.992627944162882 11.9
      vertex -7.428987004566377 -12.123288528313427 11.9
    endloop
  endfacet
  facet normal 0 0 1
    outer loop
      vertex -6.777351112569124 -12.872933629344807 11.9
      vertex -6.777351112569124 -11.747066370655192 11.9
      vertex -7.07 -11.992627944162882 11.9
    endloop
  endfacet
  facet normal 0 0 1
    outer loop
      vertex -6.22 -17.52 11.9
      vertex -6.52 -11.04 11.9
      vertex -6.52 -13.58 11.9
    endloop
  endfacet
  facet normal 0 0 1
    outer loop
      vertex -6.777351112569124 -12.872933629344807 11.9
      vertex -6.586338117135501 -13.203777842341765 11.9
      vertex -6.777351112569124 -11.747066370655192 11.9
    endloop
  endfacet
  facet normal 0 0 1
    outer loop
      vertex -6.52 -13.58 11.9
      vertex -6.586338117135501 -11.416222157658234 11.9
      vertex -6.586338117135501 -13.203777842341765 11.9
    endloop
  endfacet
  facet normal 0 0 1
    outer loop
      vertex -6.22 -17.52 11.9
      vertex -6.52 -8.5 11.9
      vertex -6.52 -11.04 11.9
    endloop
  endfacet
  facet normal 0 0 1
    outer loop
      vertex -6.777351112569124 -11.747066370655192 11.9
      vertex -6.586338117135501 -13.203777842341765 11.9
      vertex -6.586338117135501 -11.416222157658234 11.9
    endloop
  endfacet
  facet normal 0 0 1
    outer loop
      vertex -6.52 -13.58 11.9
      vertex -6.52 -11.04 11.9
      vertex -6.586338117135501 -11.416222157658234 11.9
    endloop
  endfacet
  facet normal 1 0 0
    outer loop
      vertex -6.22 0.5199999999999996 11.9
      vertex -6.22 -17.52 2
      vertex -6.22 0.5199999999999996 2
    endloop
  endfacet
  facet normal 0 0 1
    outer loop
      vertex -7.811012995433623 -9.956711471686571 11.9
      vertex -7.428987004566377 -9.956711471686571 11.9
      vertex -7.811012995433623 -9.583288528313428 11.9
    endloop
  endfacet
  facet normal 0 0 1
    outer loop
      vertex -7.428987004566377 -9.956711471686571 11.9
      vertex -7.07 -10.087372055837116 11.9
      vertex -7.811012995433623 -9.583288528313428 11.9
    endloop
  endfacet
  facet normal 0 0 1
    outer loop
      vertex -7.07 -10.087372055837116 11.9
      vertex -7.428987004566377 -9.583288528313428 11.9
      vertex -7.811012995433623 -9.583288528313428 11.9
    endloop
  endfacet
  facet normal 0 0 1
    outer loop
      vertex -7.07 -10.087372055837116 11.9
      vertex -7.07 -9.452627944162883 11.9
      vertex -7.428987004566377 -9.583288528313428 11.9
    endloop
  endfacet
  facet normal 0 0 1
    outer loop
      vertex -7.07 -10.087372055837116 11.9
      vertex -6.777351112569124 -10.332933629344806 11.9
      vertex -7.07 -9.452627944162883 11.9
    endloop
  endfacet
  facet normal 0 0 1
    outer loop
      vertex -6.777351112569124 -10.332933629344806 11.9
      vertex -6.777351112569124 -9.207066370655193 11.9
      vertex -7.07 -9.452627944162883 11.9
    endloop
  endfacet
  facet normal 0 0 1
    outer loop
      vertex -6.777351112569124 -10.332933629344806 11.9
      vertex -6.586338117135501 -10.663777842341764 11.9
      vertex -6.777351112569124 -9.207066370655193 11.9
    endloop
  endfacet
  facet normal 0 0 1
    outer loop
      vertex -6.52 -11.04 11.9
      vertex -6.586338117135501 -8.876222157658235 11.9
      vertex -6.586338117135501 -10.663777842341764 11.9
    endloop
  endfacet
  facet normal 0 0 1
    outer loop
      vertex -6.22 -17.52 11.9
      vertex -6.52 -5.96 11.9
      vertex -6.52 -8.5 11.9
    endloop
  endfacet
  facet normal 0 0 1
    outer loop
      vertex -6.777351112569124 -9.207066370655193 11.9
      vertex -6.586338117135501 -10.663777842341764 11.9
      vertex -6.586338117135501 -8.876222157658235 11.9
    endloop
  endfacet
  facet normal 0 0 1
    outer loop
      vertex -6.52 -11.04 11.9
      vertex -6.52 -8.5 11.9
      vertex -6.586338117135501 -8.876222157658235 11.9
    endloop
  endfacet
  facet normal 0 0 1
    outer loop
      vertex -6.22 -17.52 11.9
      vertex -6.52 -3.42 11.9
      vertex -6.52 -5.96 11.9
    endloop
  endfacet
  facet normal 0 0 1
    outer loop
      vertex -7.428987004566377 -7.416711471686571 11.9
      vertex -7.07 -7.547372055837117 11.9
      vertex -7.428987004566377 -7.043288528313429 11.9
    endloop
  endfacet
  facet normal 0 0 1
    outer loop
      vertex -7.07 -7.547372055837117 11.9
      vertex -6.777351112569124 -7.792933629344807 11.9
      vertex -7.07 -6.912627944162883 11.9
    endloop
  endfacet
  facet normal 0 0 1
    outer loop
      vertex -7.428987004566377 -7.416711471686571 11.9
      vertex -7.428987004566377 -7.043288528313429 11.9
      vertex -7.811012995433623 -7.043288528313429 11.9
    endloop
  endfacet
  facet normal 0 0 1
    outer loop
      vertex -7.07 -7.547372055837117 11.9
      vertex -7.07 -6.912627944162883 11.9
      vertex -7.428987004566377 -7.043288528313429 11.9
    endloop
  endfacet
  facet normal 0 0 1
    outer loop
      vertex -6.777351112569124 -7.792933629344807 11.9
      vertex -6.777351112569124 -6.667066370655193 11.9
      vertex -7.07 -6.912627944162883 11.9
    endloop
  endfacet
  facet normal 0 0 1
    outer loop
      vertex -6.52 -8.5 11.9
      vertex -6.586338117135501 -6.336222157658236 11.9
      vertex -6.586338117135501 -8.123777842341765 11.9
    endloop
  endfacet
  facet normal 0 0 1
    outer loop
      vertex -6.777351112569124 -7.792933629344807 11.9
      vertex -6.586338117135501 -8.123777842341765 11.9
      vertex -6.777351112569124 -6.667066370655193 11.9
    endloop
  endfacet
  facet normal 0 0 1
    outer loop
      vertex -6.777351112569124 -6.667066370655193 11.9
      vertex -6.586338117135501 -8.123777842341765 11.9
      vertex -6.586338117135501 -6.336222157658236 11.9
    endloop
  endfacet
  facet normal 0 0 1
    outer loop
      vertex -6.52 -8.5 11.9
      vertex -6.52 -5.96 11.9
      vertex -6.586338117135501 -6.336222157658236 11.9
    endloop
  endfacet
  facet normal 0 0 1
    outer loop
      vertex -6.22 -17.52 11.9
      vertex -6.22 0.5199999999999996 11.9
      vertex -6.52 -3.42 11.9
    endloop
  endfacet
  facet normal 0 0 1
    outer loop
      vertex -7.811012995433623 -4.876711471686571 11.9
      vertex -7.428987004566377 -4.876711471686571 11.9
      vertex -7.811012995433623 -4.503288528313429 11.9
    endloop
  endfacet
  facet normal 0 0 1
    outer loop
      vertex -7.811012995433623 -4.503288528313429 11.9
      vertex -7.428987004566377 -4.876711471686571 11.9
      vertex -7.428987004566377 -4.503288528313429 11.9
    endloop
  endfacet
  facet normal 0 0 1
    outer loop
      vertex -7.428987004566377 -4.876711471686571 11.9
      vertex -7.07 -5.007372055837117 11.9
      vertex -7.428987004566377 -4.503288528313429 11.9
    endloop
  endfacet
  facet normal 0 0 1
    outer loop
      vertex -7.428987004566377 -4.503288528313429 11.9
      vertex -7.07 -5.007372055837117 11.9
      vertex -7.07 -4.372627944162883 11.9
    endloop
  endfacet
  facet normal 0 0 1
    outer loop
      vertex -7.07 -5.007372055837117 11.9
      vertex -6.777351112569124 -5.252933629344807 11.9
      vertex -7.07 -4.372627944162883 11.9
    endloop
  endfacet
  facet normal 0 0 1
    outer loop
      vertex -6.777351112569124 -5.252933629344807 11.9
      vertex -6.777351112569124 -4.127066370655193 11.9
      vertex -7.07 -4.372627944162883 11.9
    endloop
  endfacet
  facet normal 0 0 1
    outer loop
      vertex -6.52 -5.96 11.9
      vertex -6.586338117135501 -3.7962221576582356 11.9
      vertex -6.586338117135501 -5.583777842341764 11.9
    endloop
  endfacet
  facet normal 0 0 1
    outer loop
      vertex -6.777351112569124 -5.252933629344807 11.9
      vertex -6.586338117135501 -5.583777842341764 11.9
      vertex -6.777351112569124 -4.127066370655193 11.9
    endloop
  endfacet
  facet normal 0 0 1
    outer loop
      vertex -6.777351112569124 -4.127066370655193 11.9
      vertex -6.586338117135501 -5.583777842341764 11.9
      vertex -6.586338117135501 -3.7962221576582356 11.9
    endloop
  endfacet
  facet normal 0 0 1
    outer loop
      vertex -6.52 -5.96 11.9
      vertex -6.52 -3.42 11.9
      vertex -6.586338117135501 -3.7962221576582356 11.9
    endloop
  endfacet
  facet normal 0 0 1
    outer loop
      vertex -7.811012995433623 -2.336711471686571 11.9
      vertex -7.428987004566377 -2.336711471686571 11.9
      vertex -7.811012995433623 -1.9632885283134287 11.9
    endloop
  endfacet
  facet normal 0 0 1
    outer loop
      vertex -7.428987004566377 -2.336711471686571 11.9
      vertex -7.07 -2.4673720558371173 11.9
      vertex -7.428987004566377 -1.9632885283134287 11.9
    endloop
  endfacet
  facet normal 0 0 1
    outer loop
      vertex -7.428987004566377 -2.336711471686571 11.9
      vertex -7.428987004566377 -1.9632885283134287 11.9
      vertex -7.811012995433623 -1.9632885283134287 11.9
    endloop
  endfacet
  facet normal 0 0 1
    outer loop
      vertex -7.07 -2.4673720558371173 11.9
      vertex -6.777351112569124 -2.7129336293448065 11.9
      vertex -7.07 -1.8326279441628825 11.9
    endloop
  endfacet
  facet normal 0 0 1
    outer loop
      vertex -7.428987004566377 -1.9632885283134287 11.9
      vertex -7.07 -2.4673720558371173 11.9
      vertex -7.07 -1.8326279441628825 11.9
    endloop
  endfacet
  facet normal 0 0 1
    outer loop
      vertex -6.777351112569124 -2.7129336293448065 11.9
      vertex -6.777351112569124 -1.5870663706551933 11.9
      vertex -7.07 -1.8326279441628825 11.9
    endloop
  endfacet
  facet normal 0 0 1
    outer loop
      vertex -6.52 -3.42 11.9
      vertex -6.586338117135501 -1.2562221576582355 11.9
      vertex -6.586338117135501 -3.0437778423417643 11.9
    endloop
  endfacet
  facet normal 0 0 1
    outer loop
      vertex -6.586338117135501 -3.0437778423417643 11.9
      vertex -6.777351112569124 -1.5870663706551933 11.9
      vertex -6.777351112569124 -2.7129336293448065 11.9
    endloop
  endfacet
  facet normal 0 0 1
    outer loop
      vertex -6.586338117135501 -3.0437778423417643 11.9
      vertex -6.586338117135501 -1.2562221576582355 11.9
      vertex -6.777351112569124 -1.5870663706551933 11.9
    endloop
  endfacet
  facet normal 0 0 1
    outer loop
      vertex -6.52 -3.42 11.9
      vertex -6.52 -0.8799999999999999 11.9
      vertex -6.586338117135501 -1.2562221576582355 11.9
    endloop
  endfacet
  facet normal 0 0 1
    outer loop
      vertex -6.52 -3.42 11.9
      vertex -6.22 0.5199999999999996 11.9
      vertex -6.52 -0.8799999999999999 11.9
    endloop
  endfacet
  facet normal 0 0 1
    outer loop
      vertex -6.52 -0.8799999999999999 11.9
      vertex -6.22 0.5199999999999996 11.9
      vertex -6.586338117135501 -0.5037778423417643 11.9
    endloop
  endfacet
  facet normal 0 0 1
    outer loop
      vertex -6.777351112569124 -0.1729336293448066 11.9
      vertex -6.586338117135501 -0.5037778423417643 11.9
      vertex -6.22 0.5199999999999996 11.9
    endloop
  endfacet
  facet normal 0 1 0
    outer loop
      vertex -9.02 0.5199999999999996 11.9
      vertex -6.22 0.5199999999999996 2
      vertex -9.02 0.5199999999999996 2
    endloop
  endfacet
  facet normal 0 0 1
    outer loop
      vertex -8.462648887430877 -0.1729336293448066 11.9
      vertex -8.17 0.07262794416288265 11.9
      vertex -9.02 0.5199999999999996 11.9
    endloop
  endfacet
  facet normal 0 0 1
    outer loop
      vertex -9.02 0.5199999999999996 11.9
      vertex -8.17 0.07262794416288265 11.9
      vertex -7.811012995433623 0.20328852831342892 11.9
    endloop
  endfacet
  facet normal 0 0 1
    outer loop
      vertex -9.02 0.5199999999999996 11.9
      vertex -7.811012995433623 0.20328852831342892 11.9
      vertex -7.428987004566377 0.20328852831342892 11.9
    endloop
  endfacet
  facet normal 0 1 0
    outer loop
      vertex -9.02 0.5199999999999996 11.9
      vertex -6.22 0.5199999999999996 11.9
      vertex -6.22 0.5199999999999996 2
    endloop
  endfacet
  facet normal 0 0 1
    outer loop
      vertex -9.02 0.5199999999999996 11.9
      vertex -7.428987004566377 0.20328852831342892 11.9
      vertex -6.22 0.5199999999999996 11.9
    endloop
  endfacet
  facet normal 0 0 1
    outer loop
      vertex -7.428987004566377 0.20328852831342892 11.9
      vertex -7.07 0.07262794416288265 11.9
      vertex -6.22 0.5199999999999996 11.9
    endloop
  endfacet
  facet normal 0 0 1
    outer loop
      vertex -6.777351112569124 -0.1729336293448066 11.9
      vertex -6.22 0.5199999999999996 11.9
      vertex -7.07 0.07262794416288265 11.9
    endloop
  endfacet
  facet normal 0.5877852522924721 0.809016994374948 0
    outer loop
      vertex 7.114364378515658 -16.487365782682797 11.1
      vertex 7.426864378515658 -16.714410322684472 2
      vertex 7.114364378515658 -16.487365782682797 2
    endloop
  endfacet
  facet normal 0.9510565162951535 0.30901699437494723 0
    outer loop
      vertex 6.995 -16.12 11.1
      vertex 7.114364378515658 -16.487365782682797 2
      vertex 6.995 -16.12 2
    endloop
  endfacet
  facet normal 0.9510565162951535 -0.30901699437494723 0
    outer loop
      vertex 7.114364378515658 -15.752634217317205 11.1
      vertex 6.995 -16.12 2
      vertex 7.114364378515658 -15.752634217317205 2
    endloop
  endfacet
  facet normal 0 1 0
    outer loop
      vertex 7.426864378515658 -16.714410322684472 11.1
      vertex 7.813135621484342 -16.714410322684472 2
      vertex 7.426864378515658 -16.714410322684472 2
    endloop
  endfacet
  facet normal 0.5877852522924721 -0.809016994374948 0
    outer loop
      vertex 7.426864378515658 -15.52558967731553 11.1
      vertex 7.114364378515658 -15.752634217317205 2
      vertex 7.426864378515658 -15.52558967731553 2
    endloop
  endfacet
  facet normal 0 -1 0
    outer loop
      vertex 7.813135621484342 -15.52558967731553 11.1
      vertex 7.426864378515658 -15.52558967731553 2
      vertex 7.813135621484342 -15.52558967731553 2
    endloop
  endfacet
  facet normal 0.9510565162951535 0.30901699437494723 0
    outer loop
      vertex 7.114364378515658 -16.487365782682797 11.1
      vertex 7.114364378515658 -16.487365782682797 2
      vertex 6.995 -16.12 11.1
    endloop
  endfacet
  facet normal 0.9510565162951535 -0.30901699437494723 0
    outer loop
      vertex 6.995 -16.12 11.1
      vertex 6.995 -16.12 2
      vertex 7.114364378515658 -15.752634217317205 11.1
    endloop
  endfacet
  facet normal 0.5877852522924721 0.809016994374948 0
    outer loop
      vertex 7.114364378515658 -16.487365782682797 11.1
      vertex 7.426864378515658 -16.714410322684472 11.1
      vertex 7.426864378515658 -16.714410322684472 2
    endloop
  endfacet
  facet normal 0 1 0
    outer loop
      vertex 7.426864378515658 -16.714410322684472 11.1
      vertex 7.813135621484342 -16.714410322684472 11.1
      vertex 7.813135621484342 -16.714410322684472 2
    endloop
  endfacet
  facet normal 0.5877852522924721 -0.809016994374948 0
    outer loop
      vertex 7.114364378515658 -15.752634217317205 11.1
      vertex 7.114364378515658 -15.752634217317205 2
      vertex 7.426864378515658 -15.52558967731553 11.1
    endloop
  endfacet
  facet normal 0 -1 0
    outer loop
      vertex 7.426864378515658 -15.52558967731553 11.1
      vertex 7.426864378515658 -15.52558967731553 2
      vertex 7.813135621484342 -15.52558967731553 11.1
    endloop
  endfacet
  facet normal -0.5877852522924721 0.809016994374948 0
    outer loop
      vertex 7.813135621484342 -16.714410322684472 11.1
      vertex 8.125635621484342 -16.487365782682797 2
      vertex 7.813135621484342 -16.714410322684472 2
    endloop
  endfacet
  facet normal -0.951056516295153 0.3090169943749493 0
    outer loop
      vertex 8.125635621484342 -16.487365782682797 11.1
      vertex 8.245000000000001 -16.12 2
      vertex 8.125635621484342 -16.487365782682797 2
    endloop
  endfacet
  facet normal -0.951056516295153 -0.3090169943749493 0
    outer loop
      vertex 8.245000000000001 -16.12 11.1
      vertex 8.125635621484342 -15.752634217317205 2
      vertex 8.245000000000001 -16.12 2
    endloop
  endfacet
  facet normal -0.5877852522924721 -0.809016994374948 0
    outer loop
      vertex 8.125635621484342 -15.752634217317205 11.1
      vertex 7.813135621484342 -15.52558967731553 2
      vertex 8.125635621484342 -15.752634217317205 2
    endloop
  endfacet
  facet normal -0.5877852522924721 0.809016994374948 0
    outer loop
      vertex 7.813135621484342 -16.714410322684472 11.1
      vertex 8.125635621484342 -16.487365782682797 11.1
      vertex 8.125635621484342 -16.487365782682797 2
    endloop
  endfacet
  facet normal -0.951056516295153 0.3090169943749493 0
    outer loop
      vertex 8.125635621484342 -16.487365782682797 11.1
      vertex 8.245000000000001 -16.12 11.1
      vertex 8.245000000000001 -16.12 2
    endloop
  endfacet
  facet normal -0.951056516295153 -0.3090169943749493 0
    outer loop
      vertex 8.125635621484342 -15.752634217317205 11.1
      vertex 8.125635621484342 -15.752634217317205 2
      vertex 8.245000000000001 -16.12 11.1
    endloop
  endfacet
  facet normal -0.5877852522924721 -0.809016994374948 0
    outer loop
      vertex 7.813135621484342 -15.52558967731553 11.1
      vertex 7.813135621484342 -15.52558967731553 2
      vertex 8.125635621484342 -15.752634217317205 11.1
    endloop
  endfacet
  facet normal 0 0 1
    outer loop
      vertex 6.586338117135501 -16.496222157658238 11.1
      vertex 6.777351112569124 -16.827066370655196 11.1
      vertex 6.777351112569124 -15.412933629344808 11.1
    endloop
  endfacet
  facet normal 0 0 1
    outer loop
      vertex 6.586338117135501 -16.496222157658238 11.1
      vertex 6.586338117135501 -15.743777842341766 11.1
      vertex 6.52 -16.12 11.1
    endloop
  endfacet
  facet normal 0 0 1
    outer loop
      vertex 6.586338117135501 -16.496222157658238 11.1
      vertex 6.777351112569124 -15.412933629344808 11.1
      vertex 6.586338117135501 -15.743777842341766 11.1
    endloop
  endfacet
  facet normal 0.8660254037844388 0.4999999999999996 0
    outer loop
      vertex 6.586338117135501 -16.496222157658238 11.1
      vertex 6.586338117135501 -16.496222157658238 11.9
      vertex 6.777351112569124 -16.827066370655196 11.1
    endloop
  endfacet
  facet normal 0.8660254037844388 0.4999999999999996 0
    outer loop
      vertex 6.586338117135501 -16.496222157658238 11.9
      vertex 6.777351112569124 -16.827066370655196 11.9
      vertex 6.777351112569124 -16.827066370655196 11.1
    endloop
  endfacet
  facet normal 0.984807753012208 0.17364817766693108 0
    outer loop
      vertex 6.586338117135501 -16.496222157658238 11.1
      vertex 6.52 -16.12 11.1
      vertex 6.52 -16.12 11.9
    endloop
  endfacet
  facet normal 0.9848077530122077 -0.17364817766693186 0
    outer loop
      vertex 6.52 -16.12 11.1
      vertex 6.586338117135501 -15.743777842341766 11.1
      vertex 6.586338117135501 -15.743777842341766 11.9
    endloop
  endfacet
  facet normal 0.984807753012208 0.17364817766693108 0
    outer loop
      vertex 6.586338117135501 -16.496222157658238 11.1
      vertex 6.52 -16.12 11.9
      vertex 6.586338117135501 -16.496222157658238 11.9
    endloop
  endfacet
  facet normal 0.9848077530122077 -0.17364817766693186 0
    outer loop
      vertex 6.52 -16.12 11.1
      vertex 6.586338117135501 -15.743777842341766 11.9
      vertex 6.52 -16.12 11.9
    endloop
  endfacet
  facet normal 0.8660254037844388 -0.4999999999999996 0
    outer loop
      vertex 6.586338117135501 -15.743777842341766 11.1
      vertex 6.777351112569124 -15.412933629344808 11.1
      vertex 6.777351112569124 -15.412933629344808 11.9
    endloop
  endfacet
  facet normal 0.8660254037844388 -0.4999999999999996 0
    outer loop
      vertex 6.586338117135501 -15.743777842341766 11.1
      vertex 6.777351112569124 -15.412933629344808 11.9
      vertex 6.586338117135501 -15.743777842341766 11.9
    endloop
  endfacet
  facet normal 0 0 1
    outer loop
      vertex 7.07 -17.072627944162882 11.1
      vertex 6.995 -16.12 11.1
      vertex 6.777351112569124 -16.827066370655196 11.1
    endloop
  endfacet
  facet normal 0 0 1
    outer loop
      vertex 7.07 -17.072627944162882 11.1
      vertex 7.114364378515658 -16.487365782682797 11.1
      vertex 6.995 -16.12 11.1
    endloop
  endfacet
  facet normal 0 0 1
    outer loop
      vertex 7.07 -17.072627944162882 11.1
      vertex 7.426864378515658 -16.714410322684472 11.1
      vertex 7.114364378515658 -16.487365782682797 11.1
    endloop
  endfacet
  facet normal 0 0 1
    outer loop
      vertex 6.777351112569124 -16.827066370655196 11.1
      vertex 6.995 -16.12 11.1
      vertex 7.07 -15.167372055837118 11.1
    endloop
  endfacet
  facet normal 0 0 1
    outer loop
      vertex 7.07 -17.072627944162882 11.1
      vertex 7.428987004566377 -17.20328852831343 11.1
      vertex 7.426864378515658 -16.714410322684472 11.1
    endloop
  endfacet
  facet normal 0 0 1
    outer loop
      vertex 7.428987004566377 -17.20328852831343 11.1
      vertex 7.811012995433623 -17.20328852831343 11.1
      vertex 7.426864378515658 -16.714410322684472 11.1
    endloop
  endfacet
  facet normal 0 0 1
    outer loop
      vertex 7.811012995433623 -17.20328852831343 11.1
      vertex 7.813135621484342 -16.714410322684472 11.1
      vertex 7.426864378515658 -16.714410322684472 11.1
    endloop
  endfacet
  facet normal 0.6427876096865341 0.7660444431189823 0
    outer loop
      vertex 7.07 -17.072627944162882 11.1
      vertex 6.777351112569124 -16.827066370655196 11.1
      vertex 6.777351112569124 -16.827066370655196 11.9
    endloop
  endfacet
  facet normal 0.3420201433256709 0.9396926207859075 0
    outer loop
      vertex 7.07 -17.072627944162882 11.1
      vertex 7.07 -17.072627944162882 11.9
      vertex 7.428987004566377 -17.20328852831343 11.1
    endloop
  endfacet
  facet normal 0.6427876096865341 0.7660444431189823 0
    outer loop
      vertex 7.07 -17.072627944162882 11.1
      vertex 6.777351112569124 -16.827066370655196 11.9
      vertex 7.07 -17.072627944162882 11.9
    endloop
  endfacet
  facet normal 0 1 0
    outer loop
      vertex 7.428987004566377 -17.20328852831343 11.1
      vertex 7.428987004566377 -17.20328852831343 11.9
      vertex 7.811012995433623 -17.20328852831343 11.1
    endloop
  endfacet
  facet normal 0.3420201433256709 0.9396926207859075 0
    outer loop
      vertex 7.428987004566377 -17.20328852831343 11.1
      vertex 7.07 -17.072627944162882 11.9
      vertex 7.428987004566377 -17.20328852831343 11.9
    endloop
  endfacet
  facet normal 0 1 0
    outer loop
      vertex 7.811012995433623 -17.20328852831343 11.1
      vertex 7.428987004566377 -17.20328852831343 11.9
      vertex 7.811012995433623 -17.20328852831343 11.9
    endloop
  endfacet
  facet normal 0 0 1
    outer loop
      vertex 6.777351112569124 -16.827066370655196 11.1
      vertex 7.07 -15.167372055837118 11.1
      vertex 6.777351112569124 -15.412933629344808 11.1
    endloop
  endfacet
  facet normal 0 0 1
    outer loop
      vertex 6.995 -16.12 11.1
      vertex 7.114364378515658 -15.752634217317205 11.1
      vertex 7.07 -15.167372055837118 11.1
    endloop
  endfacet
  facet normal 0 0 1
    outer loop
      vertex 7.114364378515658 -15.752634217317205 11.1
      vertex 7.426864378515658 -15.52558967731553 11.1
      vertex 7.07 -15.167372055837118 11.1
    endloop
  endfacet
  facet normal 0 0 1
    outer loop
      vertex 7.07 -15.167372055837118 11.1
      vertex 7.426864378515658 -15.52558967731553 11.1
      vertex 7.428987004566377 -15.036711471686573 11.1
    endloop
  endfacet
  facet normal 0 0 1
    outer loop
      vertex 7.426864378515658 -15.52558967731553 11.1
      vertex 7.813135621484342 -15.52558967731553 11.1
      vertex 7.428987004566377 -15.036711471686573 11.1
    endloop
  endfacet
  facet normal 0 0 1
    outer loop
      vertex 7.428987004566377 -15.036711471686573 11.1
      vertex 7.813135621484342 -15.52558967731553 11.1
      vertex 7.811012995433623 -15.036711471686573 11.1
    endloop
  endfacet
  facet normal 0.6427876096865396 -0.7660444431189778 0
    outer loop
      vertex 6.777351112569124 -15.412933629344808 11.1
      vertex 7.07 -15.167372055837118 11.1
      vertex 7.07 -15.167372055837118 11.9
    endloop
  endfacet
  facet normal 0.6427876096865396 -0.7660444431189778 0
    outer loop
      vertex 6.777351112569124 -15.412933629344808 11.1
      vertex 7.07 -15.167372055837118 11.9
      vertex 6.777351112569124 -15.412933629344808 11.9
    endloop
  endfacet
  facet normal 0.3420201433256668 -0.9396926207859091 0
    outer loop
      vertex 7.07 -15.167372055837118 11.1
      vertex 7.428987004566377 -15.036711471686573 11.9
      vertex 7.07 -15.167372055837118 11.9
    endloop
  endfacet
  facet normal 0.3420201433256668 -0.9396926207859091 0
    outer loop
      vertex 7.07 -15.167372055837118 11.1
      vertex 7.428987004566377 -15.036711471686573 11.1
      vertex 7.428987004566377 -15.036711471686573 11.9
    endloop
  endfacet
  facet normal 0 -1 0
    outer loop
      vertex 7.428987004566377 -15.036711471686573 11.1
      vertex 7.811012995433623 -15.036711471686573 11.1
      vertex 7.811012995433623 -15.036711471686573 11.9
    endloop
  endfacet
  facet normal 0 -1 0
    outer loop
      vertex 7.428987004566377 -15.036711471686573 11.1
      vertex 7.811012995433623 -15.036711471686573 11.9
      vertex 7.428987004566377 -15.036711471686573 11.9
    endloop
  endfacet
  facet normal 0 0 1
    outer loop
      vertex 7.811012995433623 -17.20328852831343 11.1
      vertex 8.17 -17.072627944162882 11.1
      vertex 7.813135621484342 -16.714410322684472 11.1
    endloop
  endfacet
  facet normal 0 0 1
    outer loop
      vertex 8.17 -17.072627944162882 11.1
      vertex 8.125635621484342 -16.487365782682797 11.1
      vertex 7.813135621484342 -16.714410322684472 11.1
    endloop
  endfacet
  facet normal 0 0 1
    outer loop
      vertex 8.17 -17.072627944162882 11.1
      vertex 8.245000000000001 -16.12 11.1
      vertex 8.125635621484342 -16.487365782682797 11.1
    endloop
  endfacet
  facet normal 0 0 1
    outer loop
      vertex 8.17 -17.072627944162882 11.1
      vertex 8.462648887430877 -15.412933629344808 11.1
      vertex 8.245000000000001 -16.12 11.1
    endloop
  endfacet
  facet normal 0 0 1
    outer loop
      vertex 8.17 -17.072627944162882 11.1
      vertex 8.462648887430877 -16.827066370655196 11.1
      vertex 8.462648887430877 -15.412933629344808 11.1
    endloop
  endfacet
  facet normal 0 0 1
    outer loop
      vertex 8.462648887430877 -16.827066370655196 11.1
      vertex 8.6536618828645 -16.496222157658238 11.1
      vertex 8.6536618828645 -15.743777842341766 11.1
    endloop
  endfacet
  facet normal 0 0 1
    outer loop
      vertex 8.462648887430877 -16.827066370655196 11.1
      vertex 8.6536618828645 -15.743777842341766 11.1
      vertex 8.462648887430877 -15.412933629344808 11.1
    endloop
  endfacet
  facet normal 0 0 1
    outer loop
      vertex 8.6536618828645 -16.496222157658238 11.1
      vertex 8.72 -16.12 11.1
      vertex 8.6536618828645 -15.743777842341766 11.1
    endloop
  endfacet
  facet normal -0.3420201433256709 0.9396926207859075 0
    outer loop
      vertex 7.811012995433623 -17.20328852831343 11.1
      vertex 7.811012995433623 -17.20328852831343 11.9
      vertex 8.17 -17.072627944162882 11.1
    endloop
  endfacet
  facet normal -0.3420201433256709 0.9396926207859075 0
    outer loop
      vertex 7.811012995433623 -17.20328852831343 11.9
      vertex 8.17 -17.072627944162882 11.9
      vertex 8.17 -17.072627944162882 11.1
    endloop
  endfacet
  facet normal -0.6427876096865329 0.7660444431189833 0
    outer loop
      vertex 8.17 -17.072627944162882 11.1
      vertex 8.17 -17.072627944162882 11.9
      vertex 8.462648887430877 -16.827066370655196 11.1
    endloop
  endfacet
  facet normal -0.8660254037844399 0.4999999999999979 0
    outer loop
      vertex 8.462648887430877 -16.827066370655196 11.1
      vertex 8.462648887430877 -16.827066370655196 11.9
      vertex 8.6536618828645 -16.496222157658238 11.1
    endloop
  endfacet
  facet normal -0.6427876096865329 0.7660444431189833 0
    outer loop
      vertex 8.17 -17.072627944162882 11.9
      vertex 8.462648887430877 -16.827066370655196 11.9
      vertex 8.462648887430877 -16.827066370655196 11.1
    endloop
  endfacet
  facet normal -0.8660254037844399 0.4999999999999979 0
    outer loop
      vertex 8.6536618828645 -16.496222157658238 11.1
      vertex 8.462648887430877 -16.827066370655196 11.9
      vertex 8.6536618828645 -16.496222157658238 11.9
    endloop
  endfacet
  facet normal -0.984807753012208 0.17364817766693108 0
    outer loop
      vertex 8.6536618828645 -16.496222157658238 11.1
      vertex 8.6536618828645 -16.496222157658238 11.9
      vertex 8.72 -16.12 11.1
    endloop
  endfacet
  facet normal -0.9848077530122077 -0.17364817766693186 0
    outer loop
      vertex 8.72 -16.12 11.1
      vertex 8.72 -16.12 11.9
      vertex 8.6536618828645 -15.743777842341766 11.1
    endloop
  endfacet
  facet normal -0.984807753012208 0.17364817766693108 0
    outer loop
      vertex 8.72 -16.12 11.1
      vertex 8.6536618828645 -16.496222157658238 11.9
      vertex 8.72 -16.12 11.9
    endloop
  endfacet
  facet normal -0.9848077530122077 -0.17364817766693186 0
    outer loop
      vertex 8.6536618828645 -15.743777842341766 11.1
      vertex 8.72 -16.12 11.9
      vertex 8.6536618828645 -15.743777842341766 11.9
    endloop
  endfacet
  facet normal 0 0 1
    outer loop
      vertex 7.813135621484342 -15.52558967731553 11.1
      vertex 8.17 -15.167372055837118 11.1
      vertex 7.811012995433623 -15.036711471686573 11.1
    endloop
  endfacet
  facet normal 0 0 1
    outer loop
      vertex 7.813135621484342 -15.52558967731553 11.1
      vertex 8.125635621484342 -15.752634217317205 11.1
      vertex 8.17 -15.167372055837118 11.1
    endloop
  endfacet
  facet normal 0 0 1
    outer loop
      vertex 8.125635621484342 -15.752634217317205 11.1
      vertex 8.245000000000001 -16.12 11.1
      vertex 8.17 -15.167372055837118 11.1
    endloop
  endfacet
  facet normal 0 0 1
    outer loop
      vertex 8.245000000000001 -16.12 11.1
      vertex 8.462648887430877 -15.412933629344808 11.1
      vertex 8.17 -15.167372055837118 11.1
    endloop
  endfacet
  facet normal -0.3420201433256668 -0.9396926207859091 0
    outer loop
      vertex 7.811012995433623 -15.036711471686573 11.1
      vertex 8.17 -15.167372055837118 11.1
      vertex 8.17 -15.167372055837118 11.9
    endloop
  endfacet
  facet normal -0.3420201433256668 -0.9396926207859091 0
    outer loop
      vertex 7.811012995433623 -15.036711471686573 11.1
      vertex 8.17 -15.167372055837118 11.9
      vertex 7.811012995433623 -15.036711471686573 11.9
    endloop
  endfacet
  facet normal -0.6427876096865385 -0.7660444431189787 0
    outer loop
      vertex 8.17 -15.167372055837118 11.1
      vertex 8.462648887430877 -15.412933629344808 11.1
      vertex 8.462648887430877 -15.412933629344808 11.9
    endloop
  endfacet
  facet normal -0.8660254037844399 -0.4999999999999979 0
    outer loop
      vertex 8.6536618828645 -15.743777842341766 11.1
      vertex 8.6536618828645 -15.743777842341766 11.9
      vertex 8.462648887430877 -15.412933629344808 11.1
    endloop
  endfacet
  facet normal -0.6427876096865385 -0.7660444431189787 0
    outer loop
      vertex 8.17 -15.167372055837118 11.1
      vertex 8.462648887430877 -15.412933629344808 11.9
      vertex 8.17 -15.167372055837118 11.9
    endloop
  endfacet
  facet normal -0.8660254037844399 -0.4999999999999979 0
    outer loop
      vertex 8.6536618828645 -15.743777842341766 11.9
      vertex 8.462648887430877 -15.412933629344808 11.9
      vertex 8.462648887430877 -15.412933629344808 11.1
    endloop
  endfacet
  facet normal 0.5877852522924721 0.809016994374948 0
    outer loop
      vertex 7.114364378515658 -13.947365782682796 11.1
      vertex 7.426864378515658 -14.174410322684471 2
      vertex 7.114364378515658 -13.947365782682796 2
    endloop
  endfacet
  facet normal 0.9510565162951535 0.30901699437494723 0
    outer loop
      vertex 6.995 -13.58 11.1
      vertex 7.114364378515658 -13.947365782682796 2
      vertex 6.995 -13.58 2
    endloop
  endfacet
  facet normal 0.9510565162951535 -0.30901699437494723 0
    outer loop
      vertex 7.114364378515658 -13.212634217317204 11.1
      vertex 6.995 -13.58 2
      vertex 7.114364378515658 -13.212634217317204 2
    endloop
  endfacet
  facet normal 0 1 0
    outer loop
      vertex 7.426864378515658 -14.174410322684471 11.1
      vertex 7.813135621484342 -14.174410322684471 2
      vertex 7.426864378515658 -14.174410322684471 2
    endloop
  endfacet
  facet normal 0.5877852522924721 -0.809016994374948 0
    outer loop
      vertex 7.426864378515658 -12.985589677315529 11.1
      vertex 7.114364378515658 -13.212634217317204 2
      vertex 7.426864378515658 -12.985589677315529 2
    endloop
  endfacet
  facet normal 0 -1 0
    outer loop
      vertex 7.813135621484342 -12.985589677315529 11.1
      vertex 7.426864378515658 -12.985589677315529 2
      vertex 7.813135621484342 -12.985589677315529 2
    endloop
  endfacet
  facet normal 0.9510565162951535 0.30901699437494723 0
    outer loop
      vertex 6.995 -13.58 11.1
      vertex 7.114364378515658 -13.947365782682796 11.1
      vertex 7.114364378515658 -13.947365782682796 2
    endloop
  endfacet
  facet normal 0.9510565162951535 -0.30901699437494723 0
    outer loop
      vertex 6.995 -13.58 11.1
      vertex 6.995 -13.58 2
      vertex 7.114364378515658 -13.212634217317204 11.1
    endloop
  endfacet
  facet normal 0.5877852522924721 -0.809016994374948 0
    outer loop
      vertex 7.114364378515658 -13.212634217317204 11.1
      vertex 7.114364378515658 -13.212634217317204 2
      vertex 7.426864378515658 -12.985589677315529 11.1
    endloop
  endfacet
  facet normal 0.5877852522924721 0.809016994374948 0
    outer loop
      vertex 7.426864378515658 -14.174410322684471 11.1
      vertex 7.426864378515658 -14.174410322684471 2
      vertex 7.114364378515658 -13.947365782682796 11.1
    endloop
  endfacet
  facet normal 0 1 0
    outer loop
      vertex 7.426864378515658 -14.174410322684471 11.1
      vertex 7.813135621484342 -14.174410322684471 11.1
      vertex 7.813135621484342 -14.174410322684471 2
    endloop
  endfacet
  facet normal 0 -1 0
    outer loop
      vertex 7.426864378515658 -12.985589677315529 11.1
      vertex 7.426864378515658 -12.985589677315529 2
      vertex 7.813135621484342 -12.985589677315529 11.1
    endloop
  endfacet
  facet normal -0.5877852522924721 0.809016994374948 0
    outer loop
      vertex 7.813135621484342 -14.174410322684471 11.1
      vertex 8.125635621484342 -13.947365782682796 2
      vertex 7.813135621484342 -14.174410322684471 2
    endloop
  endfacet
  facet normal -0.951056516295153 0.3090169943749493 0
    outer loop
      vertex 8.125635621484342 -13.947365782682796 11.1
      vertex 8.245000000000001 -13.58 2
      vertex 8.125635621484342 -13.947365782682796 2
    endloop
  endfacet
  facet normal -0.951056516295153 -0.3090169943749493 0
    outer loop
      vertex 8.245000000000001 -13.58 11.1
      vertex 8.125635621484342 -13.212634217317204 2
      vertex 8.245000000000001 -13.58 2
    endloop
  endfacet
  facet normal -0.5877852522924721 -0.809016994374948 0
    outer loop
      vertex 8.125635621484342 -13.212634217317204 11.1
      vertex 7.813135621484342 -12.985589677315529 2
      vertex 8.125635621484342 -13.212634217317204 2
    endloop
  endfacet
  facet normal -0.5877852522924721 0.809016994374948 0
    outer loop
      vertex 7.813135621484342 -14.174410322684471 11.1
      vertex 8.125635621484342 -13.947365782682796 11.1
      vertex 8.125635621484342 -13.947365782682796 2
    endloop
  endfacet
  facet normal -0.951056516295153 0.3090169943749493 0
    outer loop
      vertex 8.125635621484342 -13.947365782682796 11.1
      vertex 8.245000000000001 -13.58 11.1
      vertex 8.245000000000001 -13.58 2
    endloop
  endfacet
  facet normal -0.5877852522924721 -0.809016994374948 0
    outer loop
      vertex 7.813135621484342 -12.985589677315529 11.1
      vertex 7.813135621484342 -12.985589677315529 2
      vertex 8.125635621484342 -13.212634217317204 11.1
    endloop
  endfacet
  facet normal -0.951056516295153 -0.3090169943749493 0
    outer loop
      vertex 8.245000000000001 -13.58 11.1
      vertex 8.125635621484342 -13.212634217317204 11.1
      vertex 8.125635621484342 -13.212634217317204 2
    endloop
  endfacet
  facet normal 0 0 1
    outer loop
      vertex 7.07 -14.532627944162883 11.1
      vertex 7.428987004566377 -14.663288528313428 11.1
      vertex 7.426864378515658 -14.174410322684471 11.1
    endloop
  endfacet
  facet normal 0 0 1
    outer loop
      vertex 7.428987004566377 -14.663288528313428 11.1
      vertex 7.811012995433623 -14.663288528313428 11.1
      vertex 7.813135621484342 -14.174410322684471 11.1
    endloop
  endfacet
  facet normal 0.3420201433256668 0.9396926207859091 0
    outer loop
      vertex 7.07 -14.532627944162883 11.1
      vertex 7.07 -14.532627944162883 11.9
      vertex 7.428987004566377 -14.663288528313428 11.1
    endloop
  endfacet
  facet normal 0.6427876096865396 0.7660444431189778 0
    outer loop
      vertex 7.07 -14.532627944162883 11.1
      vertex 6.777351112569124 -14.287066370655193 11.9
      vertex 7.07 -14.532627944162883 11.9
    endloop
  endfacet
  facet normal 0 1 0
    outer loop
      vertex 7.428987004566377 -14.663288528313428 11.1
      vertex 7.428987004566377 -14.663288528313428 11.9
      vertex 7.811012995433623 -14.663288528313428 11.1
    endloop
  endfacet
  facet normal 0.3420201433256668 0.9396926207859091 0
    outer loop
      vertex 7.428987004566377 -14.663288528313428 11.1
      vertex 7.07 -14.532627944162883 11.9
      vertex 7.428987004566377 -14.663288528313428 11.9
    endloop
  endfacet
  facet normal 0 1 0
    outer loop
      vertex 7.811012995433623 -14.663288528313428 11.1
      vertex 7.428987004566377 -14.663288528313428 11.9
      vertex 7.811012995433623 -14.663288528313428 11.9
    endloop
  endfacet
  facet normal 0 0 1
    outer loop
      vertex 6.777351112569124 -14.287066370655193 11.1
      vertex 6.777351112569124 -12.872933629344807 11.1
      vertex 6.586338117135501 -13.956222157658235 11.1
    endloop
  endfacet
  facet normal 0 0 1
    outer loop
      vertex 6.586338117135501 -13.956222157658235 11.1
      vertex 6.586338117135501 -13.203777842341765 11.1
      vertex 6.52 -13.58 11.1
    endloop
  endfacet
  facet normal 0 0 1
    outer loop
      vertex 6.586338117135501 -13.956222157658235 11.1
      vertex 6.777351112569124 -12.872933629344807 11.1
      vertex 6.586338117135501 -13.203777842341765 11.1
    endloop
  endfacet
  facet normal 0.8660254037844388 0.4999999999999996 0
    outer loop
      vertex 6.777351112569124 -14.287066370655193 11.1
      vertex 6.586338117135501 -13.956222157658235 11.1
      vertex 6.586338117135501 -13.956222157658235 11.9
    endloop
  endfacet
  facet normal 0.9848077530122077 0.17364817766693186 0
    outer loop
      vertex 6.586338117135501 -13.956222157658235 11.1
      vertex 6.52 -13.58 11.1
      vertex 6.52 -13.58 11.9
    endloop
  endfacet
  facet normal 0.8660254037844388 0.4999999999999996 0
    outer loop
      vertex 6.777351112569124 -14.287066370655193 11.1
      vertex 6.586338117135501 -13.956222157658235 11.9
      vertex 6.777351112569124 -14.287066370655193 11.9
    endloop
  endfacet
  facet normal 0.9848077530122077 0.17364817766693186 0
    outer loop
      vertex 6.586338117135501 -13.956222157658235 11.1
      vertex 6.52 -13.58 11.9
      vertex 6.586338117135501 -13.956222157658235 11.9
    endloop
  endfacet
  facet normal 0.9848077530122077 -0.17364817766693186 0
    outer loop
      vertex 6.52 -13.58 11.1
      vertex 6.586338117135501 -13.203777842341765 11.1
      vertex 6.586338117135501 -13.203777842341765 11.9
    endloop
  endfacet
  facet normal 0.8660254037844388 -0.4999999999999996 0
    outer loop
      vertex 6.586338117135501 -13.203777842341765 11.1
      vertex 6.777351112569124 -12.872933629344807 11.1
      vertex 6.777351112569124 -12.872933629344807 11.9
    endloop
  endfacet
  facet normal 0.9848077530122077 -0.17364817766693186 0
    outer loop
      vertex 6.52 -13.58 11.1
      vertex 6.586338117135501 -13.203777842341765 11.9
      vertex 6.52 -13.58 11.9
    endloop
  endfacet
  facet normal 0.8660254037844388 -0.4999999999999996 0
    outer loop
      vertex 6.586338117135501 -13.203777842341765 11.1
      vertex 6.777351112569124 -12.872933629344807 11.9
      vertex 6.586338117135501 -13.203777842341765 11.9
    endloop
  endfacet
  facet normal 0 0 1
    outer loop
      vertex 6.777351112569124 -14.287066370655193 11.1
      vertex 7.07 -14.532627944162883 11.1
      vertex 7.114364378515658 -13.947365782682796 11.1
    endloop
  endfacet
  facet normal 0 0 1
    outer loop
      vertex 6.777351112569124 -14.287066370655193 11.1
      vertex 7.114364378515658 -13.947365782682796 11.1
      vertex 6.995 -13.58 11.1
    endloop
  endfacet
  facet normal 0 0 1
    outer loop
      vertex 7.07 -14.532627944162883 11.1
      vertex 7.426864378515658 -14.174410322684471 11.1
      vertex 7.114364378515658 -13.947365782682796 11.1
    endloop
  endfacet
  facet normal 0 0 1
    outer loop
      vertex 6.777351112569124 -14.287066370655193 11.1
      vertex 6.995 -13.58 11.1
      vertex 7.07 -12.627372055837117 11.1
    endloop
  endfacet
  facet normal 0 0 1
    outer loop
      vertex 6.777351112569124 -14.287066370655193 11.1
      vertex 7.07 -12.627372055837117 11.1
      vertex 6.777351112569124 -12.872933629344807 11.1
    endloop
  endfacet
  facet normal 0 0 1
    outer loop
      vertex 6.995 -13.58 11.1
      vertex 7.114364378515658 -13.212634217317204 11.1
      vertex 7.07 -12.627372055837117 11.1
    endloop
  endfacet
  facet normal 0 0 1
    outer loop
      vertex 7.428987004566377 -14.663288528313428 11.1
      vertex 7.813135621484342 -14.174410322684471 11.1
      vertex 7.426864378515658 -14.174410322684471 11.1
    endloop
  endfacet
  facet normal 0.6427876096865396 0.7660444431189778 0
    outer loop
      vertex 6.777351112569124 -14.287066370655193 11.1
      vertex 6.777351112569124 -14.287066370655193 11.9
      vertex 7.07 -14.532627944162883 11.1
    endloop
  endfacet
  facet normal 0 0 1
    outer loop
      vertex 7.114364378515658 -13.212634217317204 11.1
      vertex 7.428987004566377 -12.496711471686572 11.1
      vertex 7.07 -12.627372055837117 11.1
    endloop
  endfacet
  facet normal 0 0 1
    outer loop
      vertex 7.114364378515658 -13.212634217317204 11.1
      vertex 7.426864378515658 -12.985589677315529 11.1
      vertex 7.428987004566377 -12.496711471686572 11.1
    endloop
  endfacet
  facet normal 0 0 1
    outer loop
      vertex 7.426864378515658 -12.985589677315529 11.1
      vertex 7.811012995433623 -12.496711471686572 11.1
      vertex 7.428987004566377 -12.496711471686572 11.1
    endloop
  endfacet
  facet normal 0 0 1
    outer loop
      vertex 7.426864378515658 -12.985589677315529 11.1
      vertex 7.813135621484342 -12.985589677315529 11.1
      vertex 7.811012995433623 -12.496711471686572 11.1
    endloop
  endfacet
  facet normal 0.6427876096865396 -0.7660444431189778 0
    outer loop
      vertex 6.777351112569124 -12.872933629344807 11.1
      vertex 7.07 -12.627372055837117 11.1
      vertex 7.07 -12.627372055837117 11.9
    endloop
  endfacet
  facet normal 0.6427876096865396 -0.7660444431189778 0
    outer loop
      vertex 6.777351112569124 -12.872933629344807 11.1
      vertex 7.07 -12.627372055837117 11.9
      vertex 6.777351112569124 -12.872933629344807 11.9
    endloop
  endfacet
  facet normal 0.3420201433256668 -0.9396926207859091 0
    outer loop
      vertex 7.07 -12.627372055837117 11.1
      vertex 7.428987004566377 -12.496711471686572 11.9
      vertex 7.07 -12.627372055837117 11.9
    endloop
  endfacet
  facet normal 0.3420201433256668 -0.9396926207859091 0
    outer loop
      vertex 7.07 -12.627372055837117 11.1
      vertex 7.428987004566377 -12.496711471686572 11.1
      vertex 7.428987004566377 -12.496711471686572 11.9
    endloop
  endfacet
  facet normal 0 -1 0
    outer loop
      vertex 7.428987004566377 -12.496711471686572 11.1
      vertex 7.811012995433623 -12.496711471686572 11.1
      vertex 7.811012995433623 -12.496711471686572 11.9
    endloop
  endfacet
  facet normal 0 -1 0
    outer loop
      vertex 7.428987004566377 -12.496711471686572 11.1
      vertex 7.811012995433623 -12.496711471686572 11.9
      vertex 7.428987004566377 -12.496711471686572 11.9
    endloop
  endfacet
  facet normal 0 0 1
    outer loop
      vertex 7.811012995433623 -14.663288528313428 11.1
      vertex 8.17 -14.532627944162883 11.1
      vertex 8.125635621484342 -13.947365782682796 11.1
    endloop
  endfacet
  facet normal -0.3420201433256668 0.9396926207859091 0
    outer loop
      vertex 7.811012995433623 -14.663288528313428 11.1
      vertex 7.811012995433623 -14.663288528313428 11.9
      vertex 8.17 -14.532627944162883 11.1
    endloop
  endfacet
  facet normal -0.3420201433256668 0.9396926207859091 0
    outer loop
      vertex 7.811012995433623 -14.663288528313428 11.9
      vertex 8.17 -14.532627944162883 11.9
      vertex 8.17 -14.532627944162883 11.1
    endloop
  endfacet
  facet normal -0.6427876096865385 0.7660444431189787 0
    outer loop
      vertex 8.17 -14.532627944162883 11.1
      vertex 8.17 -14.532627944162883 11.9
      vertex 8.462648887430877 -14.287066370655193 11.1
    endloop
  endfacet
  facet normal 0 0 1
    outer loop
      vertex 7.811012995433623 -14.663288528313428 11.1
      vertex 8.125635621484342 -13.947365782682796 11.1
      vertex 7.813135621484342 -14.174410322684471 11.1
    endloop
  endfacet
  facet normal 0 0 1
    outer loop
      vertex 8.17 -14.532627944162883 11.1
      vertex 8.245000000000001 -13.58 11.1
      vertex 8.125635621484342 -13.947365782682796 11.1
    endloop
  endfacet
  facet normal 0 0 1
    outer loop
      vertex 7.813135621484342 -12.985589677315529 11.1
      vertex 8.125635621484342 -13.212634217317204 11.1
      vertex 8.17 -12.627372055837117 11.1
    endloop
  endfacet
  facet normal 0 0 1
    outer loop
      vertex 8.17 -14.532627944162883 11.1
      vertex 8.462648887430877 -12.872933629344807 11.1
      vertex 8.245000000000001 -13.58 11.1
    endloop
  endfacet
  facet normal 0 0 1
    outer loop
      vertex 8.17 -14.532627944162883 11.1
      vertex 8.462648887430877 -14.287066370655193 11.1
      vertex 8.462648887430877 -12.872933629344807 11.1
    endloop
  endfacet
  facet normal 0 0 1
    outer loop
      vertex 8.462648887430877 -14.287066370655193 11.1
      vertex 8.6536618828645 -13.956222157658235 11.1
      vertex 8.6536618828645 -13.203777842341765 11.1
    endloop
  endfacet
  facet normal 0 0 1
    outer loop
      vertex 8.245000000000001 -13.58 11.1
      vertex 8.462648887430877 -12.872933629344807 11.1
      vertex 8.125635621484342 -13.212634217317204 11.1
    endloop
  endfacet
  facet normal 0 0 1
    outer loop
      vertex 8.462648887430877 -14.287066370655193 11.1
      vertex 8.6536618828645 -13.203777842341765 11.1
      vertex 8.462648887430877 -12.872933629344807 11.1
    endloop
  endfacet
  facet normal 0 0 1
    outer loop
      vertex 8.6536618828645 -13.956222157658235 11.1
      vertex 8.72 -13.58 11.1
      vertex 8.6536618828645 -13.203777842341765 11.1
    endloop
  endfacet
  facet normal -0.8660254037844399 0.4999999999999979 0
    outer loop
      vertex 8.462648887430877 -14.287066370655193 11.1
      vertex 8.462648887430877 -14.287066370655193 11.9
      vertex 8.6536618828645 -13.956222157658235 11.1
    endloop
  endfacet
  facet normal -0.9848077530122077 0.17364817766693186 0
    outer loop
      vertex 8.6536618828645 -13.956222157658235 11.1
      vertex 8.6536618828645 -13.956222157658235 11.9
      vertex 8.72 -13.58 11.1
    endloop
  endfacet
  facet normal -0.6427876096865385 0.7660444431189787 0
    outer loop
      vertex 8.462648887430877 -14.287066370655193 11.1
      vertex 8.17 -14.532627944162883 11.9
      vertex 8.462648887430877 -14.287066370655193 11.9
    endloop
  endfacet
  facet normal -0.8660254037844399 0.4999999999999979 0
    outer loop
      vertex 8.462648887430877 -14.287066370655193 11.9
      vertex 8.6536618828645 -13.956222157658235 11.9
      vertex 8.6536618828645 -13.956222157658235 11.1
    endloop
  endfacet
  facet normal -0.9848077530122077 0.17364817766693186 0
    outer loop
      vertex 8.72 -13.58 11.1
      vertex 8.6536618828645 -13.956222157658235 11.9
      vertex 8.72 -13.58 11.9
    endloop
  endfacet
  facet normal -0.9848077530122077 -0.17364817766693186 0
    outer loop
      vertex 8.72 -13.58 11.1
      vertex 8.72 -13.58 11.9
      vertex 8.6536618828645 -13.203777842341765 11.1
    endloop
  endfacet
  facet normal -0.8660254037844399 -0.4999999999999979 0
    outer loop
      vertex 8.6536618828645 -13.203777842341765 11.1
      vertex 8.6536618828645 -13.203777842341765 11.9
      vertex 8.462648887430877 -12.872933629344807 11.1
    endloop
  endfacet
  facet normal -0.9848077530122077 -0.17364817766693186 0
    outer loop
      vertex 8.6536618828645 -13.203777842341765 11.1
      vertex 8.72 -13.58 11.9
      vertex 8.6536618828645 -13.203777842341765 11.9
    endloop
  endfacet
  facet normal -0.8660254037844399 -0.4999999999999979 0
    outer loop
      vertex 8.462648887430877 -12.872933629344807 11.1
      vertex 8.6536618828645 -13.203777842341765 11.9
      vertex 8.462648887430877 -12.872933629344807 11.9
    endloop
  endfacet
  facet normal 0 0 1
    outer loop
      vertex 7.813135621484342 -12.985589677315529 11.1
      vertex 8.17 -12.627372055837117 11.1
      vertex 7.811012995433623 -12.496711471686572 11.1
    endloop
  endfacet
  facet normal 0 0 1
    outer loop
      vertex 8.125635621484342 -13.212634217317204 11.1
      vertex 8.462648887430877 -12.872933629344807 11.1
      vertex 8.17 -12.627372055837117 11.1
    endloop
  endfacet
  facet normal -0.3420201433256668 -0.9396926207859091 0
    outer loop
      vertex 7.811012995433623 -12.496711471686572 11.1
      vertex 8.17 -12.627372055837117 11.1
      vertex 8.17 -12.627372055837117 11.9
    endloop
  endfacet
  facet normal -0.3420201433256668 -0.9396926207859091 0
    outer loop
      vertex 7.811012995433623 -12.496711471686572 11.1
      vertex 8.17 -12.627372055837117 11.9
      vertex 7.811012995433623 -12.496711471686572 11.9
    endloop
  endfacet
  facet normal -0.6427876096865385 -0.7660444431189787 0
    outer loop
      vertex 8.462648887430877 -12.872933629344807 11.1
      vertex 8.462648887430877 -12.872933629344807 11.9
      vertex 8.17 -12.627372055837117 11.1
    endloop
  endfacet
  facet normal -0.6427876096865385 -0.7660444431189787 0
    outer loop
      vertex 8.462648887430877 -12.872933629344807 11.9
      vertex 8.17 -12.627372055837117 11.9
      vertex 8.17 -12.627372055837117 11.1
    endloop
  endfacet
  facet normal 0 1 0
    outer loop
      vertex 7.426864378515658 -11.63441032268447 11.1
      vertex 7.813135621484342 -11.63441032268447 2
      vertex 7.426864378515658 -11.63441032268447 2
    endloop
  endfacet
  facet normal 0.5877852522924721 0.809016994374948 0
    outer loop
      vertex 7.114364378515658 -11.407365782682795 11.1
      vertex 7.426864378515658 -11.63441032268447 11.1
      vertex 7.426864378515658 -11.63441032268447 2
    endloop
  endfacet
  facet normal 0 1 0
    outer loop
      vertex 7.426864378515658 -11.63441032268447 11.1
      vertex 7.813135621484342 -11.63441032268447 11.1
      vertex 7.813135621484342 -11.63441032268447 2
    endloop
  endfacet
  facet normal 0.9510565162951535 0.30901699437494723 0
    outer loop
      vertex 6.995 -11.04 11.1
      vertex 7.114364378515658 -11.407365782682795 2
      vertex 6.995 -11.04 2
    endloop
  endfacet
  facet normal 0.5877852522924721 0.809016994374948 0
    outer loop
      vertex 7.114364378515658 -11.407365782682795 11.1
      vertex 7.426864378515658 -11.63441032268447 2
      vertex 7.114364378515658 -11.407365782682795 2
    endloop
  endfacet
  facet normal 0.9510565162951535 -0.30901699437494723 0
    outer loop
      vertex 7.114364378515658 -10.672634217317203 11.1
      vertex 6.995 -11.04 2
      vertex 7.114364378515658 -10.672634217317203 2
    endloop
  endfacet
  facet normal 0.5877852522924721 -0.809016994374948 0
    outer loop
      vertex 7.426864378515658 -10.445589677315528 11.1
      vertex 7.114364378515658 -10.672634217317203 2
      vertex 7.426864378515658 -10.445589677315528 2
    endloop
  endfacet
  facet normal 0 -1 0
    outer loop
      vertex 7.813135621484342 -10.445589677315528 11.1
      vertex 7.426864378515658 -10.445589677315528 2
      vertex 7.813135621484342 -10.445589677315528 2
    endloop
  endfacet
  facet normal 0.9510565162951535 0.30901699437494723 0
    outer loop
      vertex 7.114364378515658 -11.407365782682795 11.1
      vertex 7.114364378515658 -11.407365782682795 2
      vertex 6.995 -11.04 11.1
    endloop
  endfacet
  facet normal 0.9510565162951535 -0.30901699437494723 0
    outer loop
      vertex 6.995 -11.04 11.1
      vertex 6.995 -11.04 2
      vertex 7.114364378515658 -10.672634217317203 11.1
    endloop
  endfacet
  facet normal 0.5877852522924721 -0.809016994374948 0
    outer loop
      vertex 7.114364378515658 -10.672634217317203 11.1
      vertex 7.114364378515658 -10.672634217317203 2
      vertex 7.426864378515658 -10.445589677315528 11.1
    endloop
  endfacet
  facet normal 0 -1 0
    outer loop
      vertex 7.426864378515658 -10.445589677315528 11.1
      vertex 7.426864378515658 -10.445589677315528 2
      vertex 7.813135621484342 -10.445589677315528 11.1
    endloop
  endfacet
  facet normal -0.5877852522924721 0.809016994374948 0
    outer loop
      vertex 7.813135621484342 -11.63441032268447 11.1
      vertex 8.125635621484342 -11.407365782682795 2
      vertex 7.813135621484342 -11.63441032268447 2
    endloop
  endfacet
  facet normal -0.951056516295153 0.3090169943749493 0
    outer loop
      vertex 8.125635621484342 -11.407365782682795 11.1
      vertex 8.245000000000001 -11.04 2
      vertex 8.125635621484342 -11.407365782682795 2
    endloop
  endfacet
  facet normal -0.951056516295153 -0.3090169943749493 0
    outer loop
      vertex 8.245000000000001 -11.04 11.1
      vertex 8.125635621484342 -10.672634217317203 2
      vertex 8.245000000000001 -11.04 2
    endloop
  endfacet
  facet normal -0.5877852522924721 -0.809016994374948 0
    outer loop
      vertex 8.125635621484342 -10.672634217317203 11.1
      vertex 7.813135621484342 -10.445589677315528 2
      vertex 8.125635621484342 -10.672634217317203 2
    endloop
  endfacet
  facet normal -0.5877852522924721 0.809016994374948 0
    outer loop
      vertex 7.813135621484342 -11.63441032268447 11.1
      vertex 8.125635621484342 -11.407365782682795 11.1
      vertex 8.125635621484342 -11.407365782682795 2
    endloop
  endfacet
  facet normal -0.951056516295153 0.3090169943749493 0
    outer loop
      vertex 8.125635621484342 -11.407365782682795 11.1
      vertex 8.245000000000001 -11.04 11.1
      vertex 8.245000000000001 -11.04 2
    endloop
  endfacet
  facet normal -0.951056516295153 -0.3090169943749493 0
    outer loop
      vertex 8.125635621484342 -10.672634217317203 11.1
      vertex 8.125635621484342 -10.672634217317203 2
      vertex 8.245000000000001 -11.04 11.1
    endloop
  endfacet
  facet normal -0.5877852522924721 -0.809016994374948 0
    outer loop
      vertex 7.813135621484342 -10.445589677315528 11.1
      vertex 7.813135621484342 -10.445589677315528 2
      vertex 8.125635621484342 -10.672634217317203 11.1
    endloop
  endfacet
  facet normal 0.8660254037844388 0.4999999999999996 0
    outer loop
      vertex 6.586338117135501 -11.416222157658234 11.1
      vertex 6.586338117135501 -11.416222157658234 11.9
      vertex 6.777351112569124 -11.747066370655192 11.1
    endloop
  endfacet
  facet normal 0.8660254037844388 0.4999999999999996 0
    outer loop
      vertex 6.586338117135501 -11.416222157658234 11.9
      vertex 6.777351112569124 -11.747066370655192 11.9
      vertex 6.777351112569124 -11.747066370655192 11.1
    endloop
  endfacet
  facet normal 0 0 1
    outer loop
      vertex 6.777351112569124 -11.747066370655192 11.1
      vertex 7.07 -11.992627944162882 11.1
      vertex 7.114364378515658 -11.407365782682795 11.1
    endloop
  endfacet
  facet normal 0 0 1
    outer loop
      vertex 7.07 -11.992627944162882 11.1
      vertex 7.426864378515658 -11.63441032268447 11.1
      vertex 7.114364378515658 -11.407365782682795 11.1
    endloop
  endfacet
  facet normal 0 0 1
    outer loop
      vertex 7.07 -11.992627944162882 11.1
      vertex 7.428987004566377 -12.123288528313427 11.1
      vertex 7.426864378515658 -11.63441032268447 11.1
    endloop
  endfacet
  facet normal 0 0 1
    outer loop
      vertex 7.428987004566377 -12.123288528313427 11.1
      vertex 7.811012995433623 -12.123288528313427 11.1
      vertex 7.813135621484342 -11.63441032268447 11.1
    endloop
  endfacet
  facet normal 0 0 1
    outer loop
      vertex 7.428987004566377 -12.123288528313427 11.1
      vertex 7.813135621484342 -11.63441032268447 11.1
      vertex 7.426864378515658 -11.63441032268447 11.1
    endloop
  endfacet
  facet normal 0.6427876096865396 0.7660444431189778 0
    outer loop
      vertex 6.777351112569124 -11.747066370655192 11.1
      vertex 6.777351112569124 -11.747066370655192 11.9
      vertex 7.07 -11.992627944162882 11.1
    endloop
  endfacet
  facet normal 0.3420201433256668 0.9396926207859091 0
    outer loop
      vertex 7.07 -11.992627944162882 11.1
      vertex 7.07 -11.992627944162882 11.9
      vertex 7.428987004566377 -12.123288528313427 11.1
    endloop
  endfacet
  facet normal 0.6427876096865396 0.7660444431189778 0
    outer loop
      vertex 7.07 -11.992627944162882 11.1
      vertex 6.777351112569124 -11.747066370655192 11.9
      vertex 7.07 -11.992627944162882 11.9
    endloop
  endfacet
  facet normal 0 1 0
    outer loop
      vertex 7.428987004566377 -12.123288528313427 11.1
      vertex 7.428987004566377 -12.123288528313427 11.9
      vertex 7.811012995433623 -12.123288528313427 11.1
    endloop
  endfacet
  facet normal 0.3420201433256668 0.9396926207859091 0
    outer loop
      vertex 7.428987004566377 -12.123288528313427 11.1
      vertex 7.07 -11.992627944162882 11.9
      vertex 7.428987004566377 -12.123288528313427 11.9
    endloop
  endfacet
  facet normal 0 1 0
    outer loop
      vertex 7.811012995433623 -12.123288528313427 11.1
      vertex 7.428987004566377 -12.123288528313427 11.9
      vertex 7.811012995433623 -12.123288528313427 11.9
    endloop
  endfacet
  facet normal 0 0 1
    outer loop
      vertex 6.586338117135501 -11.416222157658234 11.1
      vertex 6.777351112569124 -11.747066370655192 11.1
      vertex 6.777351112569124 -10.332933629344806 11.1
    endloop
  endfacet
  facet normal 0 0 1
    outer loop
      vertex 6.586338117135501 -11.416222157658234 11.1
      vertex 6.586338117135501 -10.663777842341764 11.1
      vertex 6.52 -11.04 11.1
    endloop
  endfacet
  facet normal 0 0 1
    outer loop
      vertex 6.586338117135501 -11.416222157658234 11.1
      vertex 6.777351112569124 -10.332933629344806 11.1
      vertex 6.586338117135501 -10.663777842341764 11.1
    endloop
  endfacet
  facet normal 0.9848077530122077 0.17364817766693186 0
    outer loop
      vertex 6.586338117135501 -11.416222157658234 11.1
      vertex 6.52 -11.04 11.1
      vertex 6.52 -11.04 11.9
    endloop
  endfacet
  facet normal 0.9848077530122077 -0.17364817766693186 0
    outer loop
      vertex 6.52 -11.04 11.1
      vertex 6.586338117135501 -10.663777842341764 11.1
      vertex 6.586338117135501 -10.663777842341764 11.9
    endloop
  endfacet
  facet normal 0.9848077530122077 0.17364817766693186 0
    outer loop
      vertex 6.586338117135501 -11.416222157658234 11.1
      vertex 6.52 -11.04 11.9
      vertex 6.586338117135501 -11.416222157658234 11.9
    endloop
  endfacet
  facet normal 0.9848077530122077 -0.17364817766693186 0
    outer loop
      vertex 6.52 -11.04 11.1
      vertex 6.586338117135501 -10.663777842341764 11.9
      vertex 6.52 -11.04 11.9
    endloop
  endfacet
  facet normal 0.8660254037844388 -0.4999999999999996 0
    outer loop
      vertex 6.586338117135501 -10.663777842341764 11.1
      vertex 6.777351112569124 -10.332933629344806 11.1
      vertex 6.777351112569124 -10.332933629344806 11.9
    endloop
  endfacet
  facet normal 0.8660254037844388 -0.4999999999999996 0
    outer loop
      vertex 6.586338117135501 -10.663777842341764 11.1
      vertex 6.777351112569124 -10.332933629344806 11.9
      vertex 6.586338117135501 -10.663777842341764 11.9
    endloop
  endfacet
  facet normal 0 0 1
    outer loop
      vertex 6.777351112569124 -11.747066370655192 11.1
      vertex 7.114364378515658 -11.407365782682795 11.1
      vertex 6.995 -11.04 11.1
    endloop
  endfacet
  facet normal 0 0 1
    outer loop
      vertex 6.777351112569124 -11.747066370655192 11.1
      vertex 6.995 -11.04 11.1
      vertex 7.07 -10.087372055837116 11.1
    endloop
  endfacet
  facet normal 0 0 1
    outer loop
      vertex 6.777351112569124 -11.747066370655192 11.1
      vertex 7.07 -10.087372055837116 11.1
      vertex 6.777351112569124 -10.332933629344806 11.1
    endloop
  endfacet
  facet normal 0 0 1
    outer loop
      vertex 6.995 -11.04 11.1
      vertex 7.114364378515658 -10.672634217317203 11.1
      vertex 7.07 -10.087372055837116 11.1
    endloop
  endfacet
  facet normal 0 0 1
    outer loop
      vertex 7.114364378515658 -10.672634217317203 11.1
      vertex 7.428987004566377 -9.956711471686571 11.1
      vertex 7.07 -10.087372055837116 11.1
    endloop
  endfacet
  facet normal 0 0 1
    outer loop
      vertex 7.114364378515658 -10.672634217317203 11.1
      vertex 7.426864378515658 -10.445589677315528 11.1
      vertex 7.428987004566377 -9.956711471686571 11.1
    endloop
  endfacet
  facet normal 0 0 1
    outer loop
      vertex 7.426864378515658 -10.445589677315528 11.1
      vertex 7.811012995433623 -9.956711471686571 11.1
      vertex 7.428987004566377 -9.956711471686571 11.1
    endloop
  endfacet
  facet normal 0 0 1
    outer loop
      vertex 7.426864378515658 -10.445589677315528 11.1
      vertex 7.813135621484342 -10.445589677315528 11.1
      vertex 7.811012995433623 -9.956711471686571 11.1
    endloop
  endfacet
  facet normal 0.6427876096865396 -0.7660444431189778 0
    outer loop
      vertex 6.777351112569124 -10.332933629344806 11.1
      vertex 7.07 -10.087372055837116 11.1
      vertex 7.07 -10.087372055837116 11.9
    endloop
  endfacet
  facet normal 0.6427876096865396 -0.7660444431189778 0
    outer loop
      vertex 6.777351112569124 -10.332933629344806 11.1
      vertex 7.07 -10.087372055837116 11.9
      vertex 6.777351112569124 -10.332933629344806 11.9
    endloop
  endfacet
  facet normal 0.3420201433256668 -0.9396926207859091 0
    outer loop
      vertex 7.07 -10.087372055837116 11.1
      vertex 7.428987004566377 -9.956711471686571 11.9
      vertex 7.07 -10.087372055837116 11.9
    endloop
  endfacet
  facet normal 0.3420201433256668 -0.9396926207859091 0
    outer loop
      vertex 7.07 -10.087372055837116 11.1
      vertex 7.428987004566377 -9.956711471686571 11.1
      vertex 7.428987004566377 -9.956711471686571 11.9
    endloop
  endfacet
  facet normal 0 -1 0
    outer loop
      vertex 7.428987004566377 -9.956711471686571 11.1
      vertex 7.811012995433623 -9.956711471686571 11.1
      vertex 7.811012995433623 -9.956711471686571 11.9
    endloop
  endfacet
  facet normal 0 -1 0
    outer loop
      vertex 7.428987004566377 -9.956711471686571 11.1
      vertex 7.811012995433623 -9.956711471686571 11.9
      vertex 7.428987004566377 -9.956711471686571 11.9
    endloop
  endfacet
  facet normal 0 0 1
    outer loop
      vertex 7.811012995433623 -12.123288528313427 11.1
      vertex 8.125635621484342 -11.407365782682795 11.1
      vertex 7.813135621484342 -11.63441032268447 11.1
    endloop
  endfacet
  facet normal 0 0 1
    outer loop
      vertex 7.811012995433623 -12.123288528313427 11.1
      vertex 8.17 -11.992627944162882 11.1
      vertex 8.125635621484342 -11.407365782682795 11.1
    endloop
  endfacet
  facet normal -0.3420201433256668 0.9396926207859091 0
    outer loop
      vertex 7.811012995433623 -12.123288528313427 11.1
      vertex 7.811012995433623 -12.123288528313427 11.9
      vertex 8.17 -11.992627944162882 11.1
    endloop
  endfacet
  facet normal -0.3420201433256668 0.9396926207859091 0
    outer loop
      vertex 7.811012995433623 -12.123288528313427 11.9
      vertex 8.17 -11.992627944162882 11.9
      vertex 8.17 -11.992627944162882 11.1
    endloop
  endfacet
  facet normal -0.6427876096865385 0.7660444431189787 0
    outer loop
      vertex 8.17 -11.992627944162882 11.1
      vertex 8.17 -11.992627944162882 11.9
      vertex 8.462648887430877 -11.747066370655192 11.1
    endloop
  endfacet
  facet normal -0.8660254037844399 0.4999999999999979 0
    outer loop
      vertex 8.462648887430877 -11.747066370655192 11.1
      vertex 8.462648887430877 -11.747066370655192 11.9
      vertex 8.6536618828645 -11.416222157658234 11.1
    endloop
  endfacet
  facet normal -0.6427876096865385 0.7660444431189787 0
    outer loop
      vertex 8.462648887430877 -11.747066370655192 11.1
      vertex 8.17 -11.992627944162882 11.9
      vertex 8.462648887430877 -11.747066370655192 11.9
    endloop
  endfacet
  facet normal -0.8660254037844399 0.4999999999999979 0
    outer loop
      vertex 8.6536618828645 -11.416222157658234 11.1
      vertex 8.462648887430877 -11.747066370655192 11.9
      vertex 8.6536618828645 -11.416222157658234 11.9
    endloop
  endfacet
  facet normal 0 0 1
    outer loop
      vertex 8.17 -11.992627944162882 11.1
      vertex 8.245000000000001 -11.04 11.1
      vertex 8.125635621484342 -11.407365782682795 11.1
    endloop
  endfacet
  facet normal 0 0 1
    outer loop
      vertex 7.813135621484342 -10.445589677315528 11.1
      vertex 8.17 -10.087372055837116 11.1
      vertex 7.811012995433623 -9.956711471686571 11.1
    endloop
  endfacet
  facet normal 0 0 1
    outer loop
      vertex 7.813135621484342 -10.445589677315528 11.1
      vertex 8.125635621484342 -10.672634217317203 11.1
      vertex 8.17 -10.087372055837116 11.1
    endloop
  endfacet
  facet normal 0 0 1
    outer loop
      vertex 8.17 -11.992627944162882 11.1
      vertex 8.462648887430877 -11.747066370655192 11.1
      vertex 8.462648887430877 -10.332933629344806 11.1
    endloop
  endfacet
  facet normal 0 0 1
    outer loop
      vertex 8.17 -11.992627944162882 11.1
      vertex 8.462648887430877 -10.332933629344806 11.1
      vertex 8.245000000000001 -11.04 11.1
    endloop
  endfacet
  facet normal 0 0 1
    outer loop
      vertex 8.462648887430877 -11.747066370655192 11.1
      vertex 8.6536618828645 -11.416222157658234 11.1
      vertex 8.6536618828645 -10.663777842341764 11.1
    endloop
  endfacet
  facet normal 0 0 1
    outer loop
      vertex 8.462648887430877 -11.747066370655192 11.1
      vertex 8.6536618828645 -10.663777842341764 11.1
      vertex 8.462648887430877 -10.332933629344806 11.1
    endloop
  endfacet
  facet normal 0 0 1
    outer loop
      vertex 8.6536618828645 -11.416222157658234 11.1
      vertex 8.72 -11.04 11.1
      vertex 8.6536618828645 -10.663777842341764 11.1
    endloop
  endfacet
  facet normal 0 0 1
    outer loop
      vertex 8.125635621484342 -10.672634217317203 11.1
      vertex 8.245000000000001 -11.04 11.1
      vertex 8.462648887430877 -10.332933629344806 11.1
    endloop
  endfacet
  facet normal 0 0 1
    outer loop
      vertex 8.125635621484342 -10.672634217317203 11.1
      vertex 8.462648887430877 -10.332933629344806 11.1
      vertex 8.17 -10.087372055837116 11.1
    endloop
  endfacet
  facet normal -0.9848077530122077 0.17364817766693186 0
    outer loop
      vertex 8.6536618828645 -11.416222157658234 11.1
      vertex 8.6536618828645 -11.416222157658234 11.9
      vertex 8.72 -11.04 11.1
    endloop
  endfacet
  facet normal -0.9848077530122077 -0.17364817766693186 0
    outer loop
      vertex 8.72 -11.04 11.1
      vertex 8.72 -11.04 11.9
      vertex 8.6536618828645 -10.663777842341764 11.1
    endloop
  endfacet
  facet normal -0.9848077530122077 0.17364817766693186 0
    outer loop
      vertex 8.6536618828645 -11.416222157658234 11.9
      vertex 8.72 -11.04 11.9
      vertex 8.72 -11.04 11.1
    endloop
  endfacet
  facet normal -0.9848077530122077 -0.17364817766693186 0
    outer loop
      vertex 8.6536618828645 -10.663777842341764 11.1
      vertex 8.72 -11.04 11.9
      vertex 8.6536618828645 -10.663777842341764 11.9
    endloop
  endfacet
  facet normal -0.6427876096865385 -0.7660444431189787 0
    outer loop
      vertex 8.17 -10.087372055837116 11.1
      vertex 8.462648887430877 -10.332933629344806 11.1
      vertex 8.462648887430877 -10.332933629344806 11.9
    endloop
  endfacet
  facet normal -0.8660254037844399 -0.4999999999999979 0
    outer loop
      vertex 8.6536618828645 -10.663777842341764 11.1
      vertex 8.6536618828645 -10.663777842341764 11.9
      vertex 8.462648887430877 -10.332933629344806 11.1
    endloop
  endfacet
  facet normal -0.6427876096865385 -0.7660444431189787 0
    outer loop
      vertex 8.17 -10.087372055837116 11.1
      vertex 8.462648887430877 -10.332933629344806 11.9
      vertex 8.17 -10.087372055837116 11.9
    endloop
  endfacet
  facet normal -0.8660254037844399 -0.4999999999999979 0
    outer loop
      vertex 8.462648887430877 -10.332933629344806 11.1
      vertex 8.6536618828645 -10.663777842341764 11.9
      vertex 8.462648887430877 -10.332933629344806 11.9
    endloop
  endfacet
  facet normal -0.3420201433256668 -0.9396926207859091 0
    outer loop
      vertex 7.811012995433623 -9.956711471686571 11.1
      vertex 8.17 -10.087372055837116 11.1
      vertex 8.17 -10.087372055837116 11.9
    endloop
  endfacet
  facet normal -0.3420201433256668 -0.9396926207859091 0
    outer loop
      vertex 7.811012995433623 -9.956711471686571 11.1
      vertex 8.17 -10.087372055837116 11.9
      vertex 7.811012995433623 -9.956711471686571 11.9
    endloop
  endfacet
  facet normal 0.5877852522924721 0.809016994374948 0
    outer loop
      vertex 7.114364378515658 -8.867365782682796 11.1
      vertex 7.426864378515658 -9.094410322684471 2
      vertex 7.114364378515658 -8.867365782682796 2
    endloop
  endfacet
  facet normal 0 1 0
    outer loop
      vertex 7.426864378515658 -9.094410322684471 11.1
      vertex 7.813135621484342 -9.094410322684471 2
      vertex 7.426864378515658 -9.094410322684471 2
    endloop
  endfacet
  facet normal 0.9510565162951535 0.30901699437494723 0
    outer loop
      vertex 6.995 -8.5 11.1
      vertex 7.114364378515658 -8.867365782682796 2
      vertex 6.995 -8.5 2
    endloop
  endfacet
  facet normal 0.9510565162951535 -0.30901699437494723 0
    outer loop
      vertex 7.114364378515658 -8.132634217317204 11.1
      vertex 6.995 -8.5 2
      vertex 7.114364378515658 -8.132634217317204 2
    endloop
  endfacet
  facet normal 0.5877852522924721 -0.809016994374948 0
    outer loop
      vertex 7.426864378515658 -7.905589677315529 11.1
      vertex 7.114364378515658 -8.132634217317204 2
      vertex 7.426864378515658 -7.905589677315529 2
    endloop
  endfacet
  facet normal 0 -1 0
    outer loop
      vertex 7.813135621484342 -7.905589677315529 11.1
      vertex 7.426864378515658 -7.905589677315529 2
      vertex 7.813135621484342 -7.905589677315529 2
    endloop
  endfacet
  facet normal 0.9510565162951535 0.30901699437494723 0
    outer loop
      vertex 7.114364378515658 -8.867365782682796 11.1
      vertex 7.114364378515658 -8.867365782682796 2
      vertex 6.995 -8.5 11.1
    endloop
  endfacet
  facet normal 0.5877852522924721 0.809016994374948 0
    outer loop
      vertex 7.114364378515658 -8.867365782682796 11.1
      vertex 7.426864378515658 -9.094410322684471 11.1
      vertex 7.426864378515658 -9.094410322684471 2
    endloop
  endfacet
  facet normal 0 1 0
    outer loop
      vertex 7.426864378515658 -9.094410322684471 11.1
      vertex 7.813135621484342 -9.094410322684471 11.1
      vertex 7.813135621484342 -9.094410322684471 2
    endloop
  endfacet
  facet normal 0.9510565162951535 -0.30901699437494723 0
    outer loop
      vertex 6.995 -8.5 11.1
      vertex 6.995 -8.5 2
      vertex 7.114364378515658 -8.132634217317204 11.1
    endloop
  endfacet
  facet normal 0.5877852522924721 -0.809016994374948 0
    outer loop
      vertex 7.114364378515658 -8.132634217317204 11.1
      vertex 7.114364378515658 -8.132634217317204 2
      vertex 7.426864378515658 -7.905589677315529 11.1
    endloop
  endfacet
  facet normal 0 -1 0
    outer loop
      vertex 7.426864378515658 -7.905589677315529 11.1
      vertex 7.426864378515658 -7.905589677315529 2
      vertex 7.813135621484342 -7.905589677315529 11.1
    endloop
  endfacet
  facet normal -0.5877852522924721 0.809016994374948 0
    outer loop
      vertex 7.813135621484342 -9.094410322684471 11.1
      vertex 8.125635621484342 -8.867365782682796 2
      vertex 7.813135621484342 -9.094410322684471 2
    endloop
  endfacet
  facet normal -0.951056516295153 0.3090169943749493 0
    outer loop
      vertex 8.125635621484342 -8.867365782682796 11.1
      vertex 8.245000000000001 -8.5 2
      vertex 8.125635621484342 -8.867365782682796 2
    endloop
  endfacet
  facet normal -0.951056516295153 -0.3090169943749493 0
    outer loop
      vertex 8.245000000000001 -8.5 11.1
      vertex 8.125635621484342 -8.132634217317204 2
      vertex 8.245000000000001 -8.5 2
    endloop
  endfacet
  facet normal -0.5877852522924721 -0.809016994374948 0
    outer loop
      vertex 8.125635621484342 -8.132634217317204 11.1
      vertex 7.813135621484342 -7.905589677315529 2
      vertex 8.125635621484342 -8.132634217317204 2
    endloop
  endfacet
  facet normal -0.5877852522924721 0.809016994374948 0
    outer loop
      vertex 7.813135621484342 -9.094410322684471 11.1
      vertex 8.125635621484342 -8.867365782682796 11.1
      vertex 8.125635621484342 -8.867365782682796 2
    endloop
  endfacet
  facet normal -0.5877852522924721 -0.809016994374948 0
    outer loop
      vertex 7.813135621484342 -7.905589677315529 11.1
      vertex 7.813135621484342 -7.905589677315529 2
      vertex 8.125635621484342 -8.132634217317204 11.1
    endloop
  endfacet
  facet normal -0.951056516295153 0.3090169943749493 0
    outer loop
      vertex 8.125635621484342 -8.867365782682796 11.1
      vertex 8.245000000000001 -8.5 11.1
      vertex 8.245000000000001 -8.5 2
    endloop
  endfacet
  facet normal -0.951056516295153 -0.3090169943749493 0
    outer loop
      vertex 8.125635621484342 -8.132634217317204 11.1
      vertex 8.125635621484342 -8.132634217317204 2
      vertex 8.245000000000001 -8.5 11.1
    endloop
  endfacet
  facet normal 0 0 1
    outer loop
      vertex 6.586338117135501 -8.876222157658235 11.1
      vertex 6.777351112569124 -9.207066370655193 11.1
      vertex 6.777351112569124 -7.792933629344807 11.1
    endloop
  endfacet
  facet normal 0.8660254037844388 0.4999999999999996 0
    outer loop
      vertex 6.586338117135501 -8.876222157658235 11.1
      vertex 6.586338117135501 -8.876222157658235 11.9
      vertex 6.777351112569124 -9.207066370655193 11.1
    endloop
  endfacet
  facet normal 0.9848077530122077 0.17364817766693186 0
    outer loop
      vertex 6.586338117135501 -8.876222157658235 11.1
      vertex 6.52 -8.5 11.1
      vertex 6.52 -8.5 11.9
    endloop
  endfacet
  facet normal 0.8660254037844388 0.4999999999999996 0
    outer loop
      vertex 6.586338117135501 -8.876222157658235 11.9
      vertex 6.777351112569124 -9.207066370655193 11.9
      vertex 6.777351112569124 -9.207066370655193 11.1
    endloop
  endfacet
  facet normal 0.9848077530122077 0.17364817766693186 0
    outer loop
      vertex 6.586338117135501 -8.876222157658235 11.1
      vertex 6.52 -8.5 11.9
      vertex 6.586338117135501 -8.876222157658235 11.9
    endloop
  endfacet
  facet normal 0 0 1
    outer loop
      vertex 6.777351112569124 -9.207066370655193 11.1
      vertex 7.07 -9.452627944162883 11.1
      vertex 7.114364378515658 -8.867365782682796 11.1
    endloop
  endfacet
  facet normal 0 0 1
    outer loop
      vertex 6.777351112569124 -9.207066370655193 11.1
      vertex 7.114364378515658 -8.867365782682796 11.1
      vertex 6.995 -8.5 11.1
    endloop
  endfacet
  facet normal 0 0 1
    outer loop
      vertex 7.07 -9.452627944162883 11.1
      vertex 7.426864378515658 -9.094410322684471 11.1
      vertex 7.114364378515658 -8.867365782682796 11.1
    endloop
  endfacet
  facet normal 0 0 1
    outer loop
      vertex 7.07 -9.452627944162883 11.1
      vertex 7.428987004566377 -9.583288528313428 11.1
      vertex 7.426864378515658 -9.094410322684471 11.1
    endloop
  endfacet
  facet normal 0 0 1
    outer loop
      vertex 7.428987004566377 -9.583288528313428 11.1
      vertex 7.811012995433623 -9.583288528313428 11.1
      vertex 7.813135621484342 -9.094410322684471 11.1
    endloop
  endfacet
  facet normal 0 0 1
    outer loop
      vertex 7.428987004566377 -9.583288528313428 11.1
      vertex 7.813135621484342 -9.094410322684471 11.1
      vertex 7.426864378515658 -9.094410322684471 11.1
    endloop
  endfacet
  facet normal 0.3420201433256668 0.9396926207859091 0
    outer loop
      vertex 7.07 -9.452627944162883 11.1
      vertex 7.07 -9.452627944162883 11.9
      vertex 7.428987004566377 -9.583288528313428 11.1
    endloop
  endfacet
  facet normal 0.6427876096865396 0.7660444431189778 0
    outer loop
      vertex 7.07 -9.452627944162883 11.1
      vertex 6.777351112569124 -9.207066370655193 11.9
      vertex 7.07 -9.452627944162883 11.9
    endloop
  endfacet
  facet normal 0.6427876096865396 0.7660444431189778 0
    outer loop
      vertex 6.777351112569124 -9.207066370655193 11.1
      vertex 6.777351112569124 -9.207066370655193 11.9
      vertex 7.07 -9.452627944162883 11.1
    endloop
  endfacet
  facet normal 0 1 0
    outer loop
      vertex 7.428987004566377 -9.583288528313428 11.1
      vertex 7.428987004566377 -9.583288528313428 11.9
      vertex 7.811012995433623 -9.583288528313428 11.1
    endloop
  endfacet
  facet normal 0.3420201433256668 0.9396926207859091 0
    outer loop
      vertex 7.428987004566377 -9.583288528313428 11.1
      vertex 7.07 -9.452627944162883 11.9
      vertex 7.428987004566377 -9.583288528313428 11.9
    endloop
  endfacet
  facet normal 0 1 0
    outer loop
      vertex 7.811012995433623 -9.583288528313428 11.1
      vertex 7.428987004566377 -9.583288528313428 11.9
      vertex 7.811012995433623 -9.583288528313428 11.9
    endloop
  endfacet
  facet normal 0 0 1
    outer loop
      vertex 6.586338117135501 -8.876222157658235 11.1
      vertex 6.586338117135501 -8.123777842341765 11.1
      vertex 6.52 -8.5 11.1
    endloop
  endfacet
  facet normal 0 0 1
    outer loop
      vertex 6.586338117135501 -8.876222157658235 11.1
      vertex 6.777351112569124 -7.792933629344807 11.1
      vertex 6.586338117135501 -8.123777842341765 11.1
    endloop
  endfacet
  facet normal 0.9848077530122077 -0.17364817766693186 0
    outer loop
      vertex 6.52 -8.5 11.1
      vertex 6.586338117135501 -8.123777842341765 11.1
      vertex 6.586338117135501 -8.123777842341765 11.9
    endloop
  endfacet
  facet normal 0.9848077530122077 -0.17364817766693186 0
    outer loop
      vertex 6.52 -8.5 11.1
      vertex 6.586338117135501 -8.123777842341765 11.9
      vertex 6.52 -8.5 11.9
    endloop
  endfacet
  facet normal 0.8660254037844388 -0.4999999999999996 0
    outer loop
      vertex 6.586338117135501 -8.123777842341765 11.1
      vertex 6.777351112569124 -7.792933629344807 11.9
      vertex 6.586338117135501 -8.123777842341765 11.9
    endloop
  endfacet
  facet normal 0.8660254037844388 -0.4999999999999996 0
    outer loop
      vertex 6.586338117135501 -8.123777842341765 11.1
      vertex 6.777351112569124 -7.792933629344807 11.1
      vertex 6.777351112569124 -7.792933629344807 11.9
    endloop
  endfacet
  facet normal 0 0 1
    outer loop
      vertex 6.777351112569124 -9.207066370655193 11.1
      vertex 6.995 -8.5 11.1
      vertex 7.07 -7.547372055837117 11.1
    endloop
  endfacet
  facet normal 0 0 1
    outer loop
      vertex 6.777351112569124 -9.207066370655193 11.1
      vertex 7.07 -7.547372055837117 11.1
      vertex 6.777351112569124 -7.792933629344807 11.1
    endloop
  endfacet
  facet normal 0 0 1
    outer loop
      vertex 6.995 -8.5 11.1
      vertex 7.114364378515658 -8.132634217317204 11.1
      vertex 7.07 -7.547372055837117 11.1
    endloop
  endfacet
  facet normal 0 0 1
    outer loop
      vertex 7.114364378515658 -8.132634217317204 11.1
      vertex 7.428987004566377 -7.416711471686571 11.1
      vertex 7.07 -7.547372055837117 11.1
    endloop
  endfacet
  facet normal 0 0 1
    outer loop
      vertex 7.114364378515658 -8.132634217317204 11.1
      vertex 7.426864378515658 -7.905589677315529 11.1
      vertex 7.428987004566377 -7.416711471686571 11.1
    endloop
  endfacet
  facet normal 0 0 1
    outer loop
      vertex 7.426864378515658 -7.905589677315529 11.1
      vertex 7.811012995433623 -7.416711471686571 11.1
      vertex 7.428987004566377 -7.416711471686571 11.1
    endloop
  endfacet
  facet normal 0 0 1
    outer loop
      vertex 7.426864378515658 -7.905589677315529 11.1
      vertex 7.813135621484342 -7.905589677315529 11.1
      vertex 7.811012995433623 -7.416711471686571 11.1
    endloop
  endfacet
  facet normal 0.6427876096865396 -0.7660444431189778 0
    outer loop
      vertex 6.777351112569124 -7.792933629344807 11.1
      vertex 7.07 -7.547372055837117 11.1
      vertex 7.07 -7.547372055837117 11.9
    endloop
  endfacet
  facet normal 0.6427876096865396 -0.7660444431189778 0
    outer loop
      vertex 6.777351112569124 -7.792933629344807 11.1
      vertex 7.07 -7.547372055837117 11.9
      vertex 6.777351112569124 -7.792933629344807 11.9
    endloop
  endfacet
  facet normal 0.3420201433256689 -0.9396926207859084 0
    outer loop
      vertex 7.07 -7.547372055837117 11.1
      vertex 7.428987004566377 -7.416711471686571 11.9
      vertex 7.07 -7.547372055837117 11.9
    endloop
  endfacet
  facet normal 0.3420201433256689 -0.9396926207859084 0
    outer loop
      vertex 7.07 -7.547372055837117 11.1
      vertex 7.428987004566377 -7.416711471686571 11.1
      vertex 7.428987004566377 -7.416711471686571 11.9
    endloop
  endfacet
  facet normal 0 -1 0
    outer loop
      vertex 7.428987004566377 -7.416711471686571 11.1
      vertex 7.811012995433623 -7.416711471686571 11.1
      vertex 7.811012995433623 -7.416711471686571 11.9
    endloop
  endfacet
  facet normal 0 -1 0
    outer loop
      vertex 7.428987004566377 -7.416711471686571 11.1
      vertex 7.811012995433623 -7.416711471686571 11.9
      vertex 7.428987004566377 -7.416711471686571 11.9
    endloop
  endfacet
  facet normal 0 0 1
    outer loop
      vertex 7.811012995433623 -9.583288528313428 11.1
      vertex 8.125635621484342 -8.867365782682796 11.1
      vertex 7.813135621484342 -9.094410322684471 11.1
    endloop
  endfacet
  facet normal 0 0 1
    outer loop
      vertex 7.811012995433623 -9.583288528313428 11.1
      vertex 8.17 -9.452627944162883 11.1
      vertex 8.125635621484342 -8.867365782682796 11.1
    endloop
  endfacet
  facet normal 0 0 1
    outer loop
      vertex 8.17 -9.452627944162883 11.1
      vertex 8.245000000000001 -8.5 11.1
      vertex 8.125635621484342 -8.867365782682796 11.1
    endloop
  endfacet
  facet normal 0 0 1
    outer loop
      vertex 8.17 -9.452627944162883 11.1
      vertex 8.462648887430877 -9.207066370655193 11.1
      vertex 8.462648887430877 -7.792933629344807 11.1
    endloop
  endfacet
  facet normal 0 0 1
    outer loop
      vertex 8.462648887430877 -9.207066370655193 11.1
      vertex 8.6536618828645 -8.876222157658235 11.1
      vertex 8.6536618828645 -8.123777842341765 11.1
    endloop
  endfacet
  facet normal -0.3420201433256668 0.9396926207859091 0
    outer loop
      vertex 7.811012995433623 -9.583288528313428 11.1
      vertex 7.811012995433623 -9.583288528313428 11.9
      vertex 8.17 -9.452627944162883 11.1
    endloop
  endfacet
  facet normal -0.3420201433256668 0.9396926207859091 0
    outer loop
      vertex 7.811012995433623 -9.583288528313428 11.9
      vertex 8.17 -9.452627944162883 11.9
      vertex 8.17 -9.452627944162883 11.1
    endloop
  endfacet
  facet normal -0.6427876096865385 0.7660444431189787 0
    outer loop
      vertex 8.17 -9.452627944162883 11.1
      vertex 8.17 -9.452627944162883 11.9
      vertex 8.462648887430877 -9.207066370655193 11.1
    endloop
  endfacet
  facet normal -0.8660254037844399 0.4999999999999979 0
    outer loop
      vertex 8.462648887430877 -9.207066370655193 11.1
      vertex 8.462648887430877 -9.207066370655193 11.9
      vertex 8.6536618828645 -8.876222157658235 11.1
    endloop
  endfacet
  facet normal -0.9848077530122077 0.17364817766693186 0
    outer loop
      vertex 8.6536618828645 -8.876222157658235 11.1
      vertex 8.6536618828645 -8.876222157658235 11.9
      vertex 8.72 -8.5 11.1
    endloop
  endfacet
  facet normal -0.6427876096865385 0.7660444431189787 0
    outer loop
      vertex 8.462648887430877 -9.207066370655193 11.1
      vertex 8.17 -9.452627944162883 11.9
      vertex 8.462648887430877 -9.207066370655193 11.9
    endloop
  endfacet
  facet normal -0.8660254037844399 0.4999999999999979 0
    outer loop
      vertex 8.6536618828645 -8.876222157658235 11.1
      vertex 8.462648887430877 -9.207066370655193 11.9
      vertex 8.6536618828645 -8.876222157658235 11.9
    endloop
  endfacet
  facet normal -0.9848077530122077 0.17364817766693186 0
    outer loop
      vertex 8.6536618828645 -8.876222157658235 11.9
      vertex 8.72 -8.5 11.9
      vertex 8.72 -8.5 11.1
    endloop
  endfacet
  facet normal 0 0 1
    outer loop
      vertex 7.813135621484342 -7.905589677315529 11.1
      vertex 8.17 -7.547372055837117 11.1
      vertex 7.811012995433623 -7.416711471686571 11.1
    endloop
  endfacet
  facet normal 0 0 1
    outer loop
      vertex 7.813135621484342 -7.905589677315529 11.1
      vertex 8.125635621484342 -8.132634217317204 11.1
      vertex 8.17 -7.547372055837117 11.1
    endloop
  endfacet
  facet normal 0 0 1
    outer loop
      vertex 8.17 -9.452627944162883 11.1
      vertex 8.462648887430877 -7.792933629344807 11.1
      vertex 8.245000000000001 -8.5 11.1
    endloop
  endfacet
  facet normal 0 0 1
    outer loop
      vertex 8.125635621484342 -8.132634217317204 11.1
      vertex 8.245000000000001 -8.5 11.1
      vertex 8.462648887430877 -7.792933629344807 11.1
    endloop
  endfacet
  facet normal 0 0 1
    outer loop
      vertex 8.462648887430877 -9.207066370655193 11.1
      vertex 8.6536618828645 -8.123777842341765 11.1
      vertex 8.462648887430877 -7.792933629344807 11.1
    endloop
  endfacet
  facet normal 0 0 1
    outer loop
      vertex 8.6536618828645 -8.876222157658235 11.1
      vertex 8.72 -8.5 11.1
      vertex 8.6536618828645 -8.123777842341765 11.1
    endloop
  endfacet
  facet normal 0 0 1
    outer loop
      vertex 8.125635621484342 -8.132634217317204 11.1
      vertex 8.462648887430877 -7.792933629344807 11.1
      vertex 8.17 -7.547372055837117 11.1
    endloop
  endfacet
  facet normal -0.3420201433256689 -0.9396926207859084 0
    outer loop
      vertex 7.811012995433623 -7.416711471686571 11.1
      vertex 8.17 -7.547372055837117 11.1
      vertex 8.17 -7.547372055837117 11.9
    endloop
  endfacet
  facet normal -0.3420201433256689 -0.9396926207859084 0
    outer loop
      vertex 7.811012995433623 -7.416711471686571 11.1
      vertex 8.17 -7.547372055837117 11.9
      vertex 7.811012995433623 -7.416711471686571 11.9
    endloop
  endfacet
  facet normal -0.9848077530122077 -0.17364817766693186 0
    outer loop
      vertex 8.72 -8.5 11.1
      vertex 8.72 -8.5 11.9
      vertex 8.6536618828645 -8.123777842341765 11.1
    endloop
  endfacet
  facet normal -0.8660254037844399 -0.4999999999999979 0
    outer loop
      vertex 8.6536618828645 -8.123777842341765 11.1
      vertex 8.6536618828645 -8.123777842341765 11.9
      vertex 8.462648887430877 -7.792933629344807 11.1
    endloop
  endfacet
  facet normal -0.9848077530122077 -0.17364817766693186 0
    outer loop
      vertex 8.6536618828645 -8.123777842341765 11.1
      vertex 8.72 -8.5 11.9
      vertex 8.6536618828645 -8.123777842341765 11.9
    endloop
  endfacet
  facet normal -0.6427876096865385 -0.7660444431189787 0
    outer loop
      vertex 8.17 -7.547372055837117 11.1
      vertex 8.462648887430877 -7.792933629344807 11.1
      vertex 8.462648887430877 -7.792933629344807 11.9
    endloop
  endfacet
  facet normal -0.6427876096865385 -0.7660444431189787 0
    outer loop
      vertex 8.17 -7.547372055837117 11.1
      vertex 8.462648887430877 -7.792933629344807 11.9
      vertex 8.17 -7.547372055837117 11.9
    endloop
  endfacet
  facet normal -0.8660254037844399 -0.4999999999999979 0
    outer loop
      vertex 8.462648887430877 -7.792933629344807 11.1
      vertex 8.6536618828645 -8.123777842341765 11.9
      vertex 8.462648887430877 -7.792933629344807 11.9
    endloop
  endfacet
  facet normal 0.5877852522924737 0.809016994374947 0
    outer loop
      vertex 7.114364378515658 -6.327365782682795 11.1
      vertex 7.426864378515658 -6.554410322684471 2
      vertex 7.114364378515658 -6.327365782682795 2
    endloop
  endfacet
  facet normal 0.9510565162951533 0.3090169943749479 0
    outer loop
      vertex 6.995 -5.96 11.1
      vertex 7.114364378515658 -6.327365782682795 2
      vertex 6.995 -5.96 2
    endloop
  endfacet
  facet normal 0 1 0
    outer loop
      vertex 7.426864378515658 -6.554410322684471 11.1
      vertex 7.813135621484342 -6.554410322684471 2
      vertex 7.426864378515658 -6.554410322684471 2
    endloop
  endfacet
  facet normal 0.9510565162951533 -0.3090169943749479 0
    outer loop
      vertex 7.114364378515658 -5.592634217317205 11.1
      vertex 6.995 -5.96 2
      vertex 7.114364378515658 -5.592634217317205 2
    endloop
  endfacet
  facet normal 0.5877852522924737 -0.809016994374947 0
    outer loop
      vertex 7.426864378515658 -5.365589677315529 11.1
      vertex 7.114364378515658 -5.592634217317205 2
      vertex 7.426864378515658 -5.365589677315529 2
    endloop
  endfacet
  facet normal 0 -1 0
    outer loop
      vertex 7.813135621484342 -5.365589677315529 11.1
      vertex 7.426864378515658 -5.365589677315529 2
      vertex 7.813135621484342 -5.365589677315529 2
    endloop
  endfacet
  facet normal 0.9510565162951533 0.3090169943749479 0
    outer loop
      vertex 6.995 -5.96 11.1
      vertex 7.114364378515658 -6.327365782682795 11.1
      vertex 7.114364378515658 -6.327365782682795 2
    endloop
  endfacet
  facet normal 0.9510565162951533 -0.3090169943749479 0
    outer loop
      vertex 6.995 -5.96 11.1
      vertex 6.995 -5.96 2
      vertex 7.114364378515658 -5.592634217317205 11.1
    endloop
  endfacet
  facet normal 0.5877852522924737 0.809016994374947 0
    outer loop
      vertex 7.114364378515658 -6.327365782682795 11.1
      vertex 7.426864378515658 -6.554410322684471 11.1
      vertex 7.426864378515658 -6.554410322684471 2
    endloop
  endfacet
  facet normal 0 1 0
    outer loop
      vertex 7.426864378515658 -6.554410322684471 11.1
      vertex 7.813135621484342 -6.554410322684471 11.1
      vertex 7.813135621484342 -6.554410322684471 2
    endloop
  endfacet
  facet normal 0.5877852522924737 -0.809016994374947 0
    outer loop
      vertex 7.114364378515658 -5.592634217317205 11.1
      vertex 7.114364378515658 -5.592634217317205 2
      vertex 7.426864378515658 -5.365589677315529 11.1
    endloop
  endfacet
  facet normal 0 -1 0
    outer loop
      vertex 7.426864378515658 -5.365589677315529 11.1
      vertex 7.426864378515658 -5.365589677315529 2
      vertex 7.813135621484342 -5.365589677315529 11.1
    endloop
  endfacet
  facet normal -0.5877852522924737 0.809016994374947 0
    outer loop
      vertex 7.813135621484342 -6.554410322684471 11.1
      vertex 8.125635621484342 -6.327365782682795 2
      vertex 7.813135621484342 -6.554410322684471 2
    endloop
  endfacet
  facet normal -0.9510565162951528 0.30901699437494995 0
    outer loop
      vertex 8.125635621484342 -6.327365782682795 11.1
      vertex 8.245000000000001 -5.96 2
      vertex 8.125635621484342 -6.327365782682795 2
    endloop
  endfacet
  facet normal -0.9510565162951528 -0.30901699437494995 0
    outer loop
      vertex 8.245000000000001 -5.96 11.1
      vertex 8.125635621484342 -5.592634217317205 2
      vertex 8.245000000000001 -5.96 2
    endloop
  endfacet
  facet normal -0.5877852522924737 -0.809016994374947 0
    outer loop
      vertex 8.125635621484342 -5.592634217317205 11.1
      vertex 7.813135621484342 -5.365589677315529 2
      vertex 8.125635621484342 -5.592634217317205 2
    endloop
  endfacet
  facet normal -0.5877852522924737 0.809016994374947 0
    outer loop
      vertex 7.813135621484342 -6.554410322684471 11.1
      vertex 8.125635621484342 -6.327365782682795 11.1
      vertex 8.125635621484342 -6.327365782682795 2
    endloop
  endfacet
  facet normal -0.9510565162951528 0.30901699437494995 0
    outer loop
      vertex 8.125635621484342 -6.327365782682795 11.1
      vertex 8.245000000000001 -5.96 11.1
      vertex 8.245000000000001 -5.96 2
    endloop
  endfacet
  facet normal -0.5877852522924737 -0.809016994374947 0
    outer loop
      vertex 7.813135621484342 -5.365589677315529 11.1
      vertex 7.813135621484342 -5.365589677315529 2
      vertex 8.125635621484342 -5.592634217317205 11.1
    endloop
  endfacet
  facet normal -0.9510565162951528 -0.30901699437494995 0
    outer loop
      vertex 8.245000000000001 -5.96 11.1
      vertex 8.125635621484342 -5.592634217317205 11.1
      vertex 8.125635621484342 -5.592634217317205 2
    endloop
  endfacet
  facet normal 0 0 1
    outer loop
      vertex 6.586338117135501 -6.336222157658236 11.1
      vertex 6.586338117135501 -5.583777842341764 11.1
      vertex 6.52 -5.96 11.1
    endloop
  endfacet
  facet normal 0 0 1
    outer loop
      vertex 6.586338117135501 -6.336222157658236 11.1
      vertex 6.777351112569124 -6.667066370655193 11.1
      vertex 6.777351112569124 -5.252933629344807 11.1
    endloop
  endfacet
  facet normal 0.8660254037844383 0.5000000000000007 0
    outer loop
      vertex 6.586338117135501 -6.336222157658236 11.9
      vertex 6.777351112569124 -6.667066370655193 11.9
      vertex 6.777351112569124 -6.667066370655193 11.1
    endloop
  endfacet
  facet normal 0.8660254037844383 0.5000000000000007 0
    outer loop
      vertex 6.586338117135501 -6.336222157658236 11.1
      vertex 6.586338117135501 -6.336222157658236 11.9
      vertex 6.777351112569124 -6.667066370655193 11.1
    endloop
  endfacet
  facet normal 0.9848077530122079 0.1736481776669315 0
    outer loop
      vertex 6.586338117135501 -6.336222157658236 11.1
      vertex 6.52 -5.96 11.1
      vertex 6.52 -5.96 11.9
    endloop
  endfacet
  facet normal 0.9848077530122079 0.1736481776669315 0
    outer loop
      vertex 6.586338117135501 -6.336222157658236 11.1
      vertex 6.52 -5.96 11.9
      vertex 6.586338117135501 -6.336222157658236 11.9
    endloop
  endfacet
  facet normal 0.9848077530122079 -0.1736481776669315 0
    outer loop
      vertex 6.52 -5.96 11.1
      vertex 6.586338117135501 -5.583777842341764 11.9
      vertex 6.52 -5.96 11.9
    endloop
  endfacet
  facet normal 0 0 1
    outer loop
      vertex 6.777351112569124 -6.667066370655193 11.1
      vertex 7.07 -6.912627944162883 11.1
      vertex 7.114364378515658 -6.327365782682795 11.1
    endloop
  endfacet
  facet normal 0 0 1
    outer loop
      vertex 7.07 -6.912627944162883 11.1
      vertex 7.426864378515658 -6.554410322684471 11.1
      vertex 7.114364378515658 -6.327365782682795 11.1
    endloop
  endfacet
  facet normal 0 0 1
    outer loop
      vertex 6.777351112569124 -6.667066370655193 11.1
      vertex 7.114364378515658 -6.327365782682795 11.1
      vertex 6.995 -5.96 11.1
    endloop
  endfacet
  facet normal 0 0 1
    outer loop
      vertex 6.777351112569124 -6.667066370655193 11.1
      vertex 6.995 -5.96 11.1
      vertex 7.07 -5.007372055837117 11.1
    endloop
  endfacet
  facet normal 0 0 1
    outer loop
      vertex 7.07 -6.912627944162883 11.1
      vertex 7.428987004566377 -7.043288528313429 11.1
      vertex 7.426864378515658 -6.554410322684471 11.1
    endloop
  endfacet
  facet normal 0 0 1
    outer loop
      vertex 7.428987004566377 -7.043288528313429 11.1
      vertex 7.811012995433623 -7.043288528313429 11.1
      vertex 7.813135621484342 -6.554410322684471 11.1
    endloop
  endfacet
  facet normal 0 0 1
    outer loop
      vertex 7.428987004566377 -7.043288528313429 11.1
      vertex 7.813135621484342 -6.554410322684471 11.1
      vertex 7.426864378515658 -6.554410322684471 11.1
    endloop
  endfacet
  facet normal 0.6427876096865396 0.7660444431189778 0
    outer loop
      vertex 6.777351112569124 -6.667066370655193 11.1
      vertex 6.777351112569124 -6.667066370655193 11.9
      vertex 7.07 -6.912627944162883 11.1
    endloop
  endfacet
  facet normal 0.3420201433256689 0.9396926207859084 0
    outer loop
      vertex 7.07 -6.912627944162883 11.1
      vertex 7.07 -6.912627944162883 11.9
      vertex 7.428987004566377 -7.043288528313429 11.1
    endloop
  endfacet
  facet normal 0.6427876096865396 0.7660444431189778 0
    outer loop
      vertex 7.07 -6.912627944162883 11.1
      vertex 6.777351112569124 -6.667066370655193 11.9
      vertex 7.07 -6.912627944162883 11.9
    endloop
  endfacet
  facet normal 0 1 0
    outer loop
      vertex 7.428987004566377 -7.043288528313429 11.1
      vertex 7.428987004566377 -7.043288528313429 11.9
      vertex 7.811012995433623 -7.043288528313429 11.1
    endloop
  endfacet
  facet normal 0.3420201433256689 0.9396926207859084 0
    outer loop
      vertex 7.428987004566377 -7.043288528313429 11.1
      vertex 7.07 -6.912627944162883 11.9
      vertex 7.428987004566377 -7.043288528313429 11.9
    endloop
  endfacet
  facet normal 0 1 0
    outer loop
      vertex 7.811012995433623 -7.043288528313429 11.1
      vertex 7.428987004566377 -7.043288528313429 11.9
      vertex 7.811012995433623 -7.043288528313429 11.9
    endloop
  endfacet
  facet normal 0 0 1
    outer loop
      vertex 6.586338117135501 -6.336222157658236 11.1
      vertex 6.777351112569124 -5.252933629344807 11.1
      vertex 6.586338117135501 -5.583777842341764 11.1
    endloop
  endfacet
  facet normal 0.9848077530122079 -0.1736481776669315 0
    outer loop
      vertex 6.52 -5.96 11.1
      vertex 6.586338117135501 -5.583777842341764 11.1
      vertex 6.586338117135501 -5.583777842341764 11.9
    endloop
  endfacet
  facet normal 0.8660254037844383 -0.5000000000000007 0
    outer loop
      vertex 6.586338117135501 -5.583777842341764 11.1
      vertex 6.777351112569124 -5.252933629344807 11.1
      vertex 6.777351112569124 -5.252933629344807 11.9
    endloop
  endfacet
  facet normal 0.8660254037844383 -0.5000000000000007 0
    outer loop
      vertex 6.586338117135501 -5.583777842341764 11.1
      vertex 6.777351112569124 -5.252933629344807 11.9
      vertex 6.586338117135501 -5.583777842341764 11.9
    endloop
  endfacet
  facet normal 0 0 1
    outer loop
      vertex 6.777351112569124 -6.667066370655193 11.1
      vertex 7.07 -5.007372055837117 11.1
      vertex 6.777351112569124 -5.252933629344807 11.1
    endloop
  endfacet
  facet normal 0 0 1
    outer loop
      vertex 6.995 -5.96 11.1
      vertex 7.114364378515658 -5.592634217317205 11.1
      vertex 7.07 -5.007372055837117 11.1
    endloop
  endfacet
  facet normal 0 0 1
    outer loop
      vertex 7.114364378515658 -5.592634217317205 11.1
      vertex 7.428987004566377 -4.876711471686571 11.1
      vertex 7.07 -5.007372055837117 11.1
    endloop
  endfacet
  facet normal 0 0 1
    outer loop
      vertex 7.114364378515658 -5.592634217317205 11.1
      vertex 7.426864378515658 -5.365589677315529 11.1
      vertex 7.428987004566377 -4.876711471686571 11.1
    endloop
  endfacet
  facet normal 0 0 1
    outer loop
      vertex 7.426864378515658 -5.365589677315529 11.1
      vertex 7.811012995433623 -4.876711471686571 11.1
      vertex 7.428987004566377 -4.876711471686571 11.1
    endloop
  endfacet
  facet normal 0 0 1
    outer loop
      vertex 7.426864378515658 -5.365589677315529 11.1
      vertex 7.813135621484342 -5.365589677315529 11.1
      vertex 7.811012995433623 -4.876711471686571 11.1
    endloop
  endfacet
  facet normal 0.6427876096865396 -0.7660444431189778 0
    outer loop
      vertex 6.777351112569124 -5.252933629344807 11.1
      vertex 7.07 -5.007372055837117 11.1
      vertex 7.07 -5.007372055837117 11.9
    endloop
  endfacet
  facet normal 0.6427876096865396 -0.7660444431189778 0
    outer loop
      vertex 6.777351112569124 -5.252933629344807 11.1
      vertex 7.07 -5.007372055837117 11.9
      vertex 6.777351112569124 -5.252933629344807 11.9
    endloop
  endfacet
  facet normal 0.3420201433256689 -0.9396926207859084 0
    outer loop
      vertex 7.07 -5.007372055837117 11.1
      vertex 7.428987004566377 -4.876711471686571 11.9
      vertex 7.07 -5.007372055837117 11.9
    endloop
  endfacet
  facet normal 0.3420201433256689 -0.9396926207859084 0
    outer loop
      vertex 7.07 -5.007372055837117 11.1
      vertex 7.428987004566377 -4.876711471686571 11.1
      vertex 7.428987004566377 -4.876711471686571 11.9
    endloop
  endfacet
  facet normal 0 -1 0
    outer loop
      vertex 7.428987004566377 -4.876711471686571 11.1
      vertex 7.811012995433623 -4.876711471686571 11.1
      vertex 7.811012995433623 -4.876711471686571 11.9
    endloop
  endfacet
  facet normal 0 -1 0
    outer loop
      vertex 7.428987004566377 -4.876711471686571 11.1
      vertex 7.811012995433623 -4.876711471686571 11.9
      vertex 7.428987004566377 -4.876711471686571 11.9
    endloop
  endfacet
  facet normal 0 0 1
    outer loop
      vertex 7.811012995433623 -7.043288528313429 11.1
      vertex 8.125635621484342 -6.327365782682795 11.1
      vertex 7.813135621484342 -6.554410322684471 11.1
    endloop
  endfacet
  facet normal 0 0 1
    outer loop
      vertex 7.811012995433623 -7.043288528313429 11.1
      vertex 8.17 -6.912627944162883 11.1
      vertex 8.125635621484342 -6.327365782682795 11.1
    endloop
  endfacet
  facet normal 0 0 1
    outer loop
      vertex 8.17 -6.912627944162883 11.1
      vertex 8.245000000000001 -5.96 11.1
      vertex 8.125635621484342 -6.327365782682795 11.1
    endloop
  endfacet
  facet normal 0 0 1
    outer loop
      vertex 8.17 -6.912627944162883 11.1
      vertex 8.462648887430877 -6.667066370655193 11.1
      vertex 8.462648887430877 -5.252933629344807 11.1
    endloop
  endfacet
  facet normal 0 0 1
    outer loop
      vertex 8.17 -6.912627944162883 11.1
      vertex 8.462648887430877 -5.252933629344807 11.1
      vertex 8.245000000000001 -5.96 11.1
    endloop
  endfacet
  facet normal 0 0 1
    outer loop
      vertex 8.462648887430877 -6.667066370655193 11.1
      vertex 8.6536618828645 -6.336222157658236 11.1
      vertex 8.6536618828645 -5.583777842341764 11.1
    endloop
  endfacet
  facet normal 0 0 1
    outer loop
      vertex 8.462648887430877 -6.667066370655193 11.1
      vertex 8.6536618828645 -5.583777842341764 11.1
      vertex 8.462648887430877 -5.252933629344807 11.1
    endloop
  endfacet
  facet normal 0 0 1
    outer loop
      vertex 8.6536618828645 -6.336222157658236 11.1
      vertex 8.72 -5.96 11.1
      vertex 8.6536618828645 -5.583777842341764 11.1
    endloop
  endfacet
  facet normal -0.3420201433256689 0.9396926207859084 0
    outer loop
      vertex 7.811012995433623 -7.043288528313429 11.1
      vertex 7.811012995433623 -7.043288528313429 11.9
      vertex 8.17 -6.912627944162883 11.1
    endloop
  endfacet
  facet normal -0.3420201433256689 0.9396926207859084 0
    outer loop
      vertex 7.811012995433623 -7.043288528313429 11.9
      vertex 8.17 -6.912627944162883 11.9
      vertex 8.17 -6.912627944162883 11.1
    endloop
  endfacet
  facet normal -0.6427876096865385 0.7660444431189787 0
    outer loop
      vertex 8.17 -6.912627944162883 11.1
      vertex 8.17 -6.912627944162883 11.9
      vertex 8.462648887430877 -6.667066370655193 11.1
    endloop
  endfacet
  facet normal -0.8660254037844393 0.4999999999999989 0
    outer loop
      vertex 8.462648887430877 -6.667066370655193 11.1
      vertex 8.462648887430877 -6.667066370655193 11.9
      vertex 8.6536618828645 -6.336222157658236 11.1
    endloop
  endfacet
  facet normal -0.6427876096865385 0.7660444431189787 0
    outer loop
      vertex 8.462648887430877 -6.667066370655193 11.1
      vertex 8.17 -6.912627944162883 11.9
      vertex 8.462648887430877 -6.667066370655193 11.9
    endloop
  endfacet
  facet normal -0.9848077530122079 0.1736481776669315 0
    outer loop
      vertex 8.6536618828645 -6.336222157658236 11.1
      vertex 8.6536618828645 -6.336222157658236 11.9
      vertex 8.72 -5.96 11.1
    endloop
  endfacet
  facet normal -0.9848077530122079 -0.1736481776669315 0
    outer loop
      vertex 8.72 -5.96 11.1
      vertex 8.72 -5.96 11.9
      vertex 8.6536618828645 -5.583777842341764 11.1
    endloop
  endfacet
  facet normal -0.8660254037844393 0.4999999999999989 0
    outer loop
      vertex 8.6536618828645 -6.336222157658236 11.1
      vertex 8.462648887430877 -6.667066370655193 11.9
      vertex 8.6536618828645 -6.336222157658236 11.9
    endloop
  endfacet
  facet normal -0.9848077530122079 0.1736481776669315 0
    outer loop
      vertex 8.72 -5.96 11.1
      vertex 8.6536618828645 -6.336222157658236 11.9
      vertex 8.72 -5.96 11.9
    endloop
  endfacet
  facet normal 0 0 1
    outer loop
      vertex 7.813135621484342 -5.365589677315529 11.1
      vertex 8.17 -5.007372055837117 11.1
      vertex 7.811012995433623 -4.876711471686571 11.1
    endloop
  endfacet
  facet normal 0 0 1
    outer loop
      vertex 7.813135621484342 -5.365589677315529 11.1
      vertex 8.125635621484342 -5.592634217317205 11.1
      vertex 8.17 -5.007372055837117 11.1
    endloop
  endfacet
  facet normal 0 0 1
    outer loop
      vertex 8.245000000000001 -5.96 11.1
      vertex 8.462648887430877 -5.252933629344807 11.1
      vertex 8.125635621484342 -5.592634217317205 11.1
    endloop
  endfacet
  facet normal 0 0 1
    outer loop
      vertex 8.125635621484342 -5.592634217317205 11.1
      vertex 8.462648887430877 -5.252933629344807 11.1
      vertex 8.17 -5.007372055837117 11.1
    endloop
  endfacet
  facet normal -0.3420201433256689 -0.9396926207859084 0
    outer loop
      vertex 7.811012995433623 -4.876711471686571 11.1
      vertex 8.17 -5.007372055837117 11.1
      vertex 8.17 -5.007372055837117 11.9
    endloop
  endfacet
  facet normal -0.3420201433256689 -0.9396926207859084 0
    outer loop
      vertex 7.811012995433623 -4.876711471686571 11.1
      vertex 8.17 -5.007372055837117 11.9
      vertex 7.811012995433623 -4.876711471686571 11.9
    endloop
  endfacet
  facet normal -0.6427876096865385 -0.7660444431189787 0
    outer loop
      vertex 8.17 -5.007372055837117 11.1
      vertex 8.462648887430877 -5.252933629344807 11.1
      vertex 8.462648887430877 -5.252933629344807 11.9
    endloop
  endfacet
  facet normal -0.8660254037844393 -0.4999999999999989 0
    outer loop
      vertex 8.6536618828645 -5.583777842341764 11.1
      vertex 8.6536618828645 -5.583777842341764 11.9
      vertex 8.462648887430877 -5.252933629344807 11.1
    endloop
  endfacet
  facet normal -0.6427876096865385 -0.7660444431189787 0
    outer loop
      vertex 8.17 -5.007372055837117 11.1
      vertex 8.462648887430877 -5.252933629344807 11.9
      vertex 8.17 -5.007372055837117 11.9
    endloop
  endfacet
  facet normal -0.9848077530122079 -0.1736481776669315 0
    outer loop
      vertex 8.72 -5.96 11.9
      vertex 8.6536618828645 -5.583777842341764 11.9
      vertex 8.6536618828645 -5.583777842341764 11.1
    endloop
  endfacet
  facet normal -0.8660254037844393 -0.4999999999999989 0
    outer loop
      vertex 8.462648887430877 -5.252933629344807 11.1
      vertex 8.6536618828645 -5.583777842341764 11.9
      vertex 8.462648887430877 -5.252933629344807 11.9
    endloop
  endfacet
  facet normal 0.5877852522924729 0.8090169943749477 0
    outer loop
      vertex 7.114364378515658 -3.787365782682796 11.1
      vertex 7.426864378515658 -4.014410322684471 2
      vertex 7.114364378515658 -3.787365782682796 2
    endloop
  endfacet
  facet normal 0.9510565162951535 0.30901699437494756 0
    outer loop
      vertex 6.995 -3.42 11.1
      vertex 7.114364378515658 -3.787365782682796 2
      vertex 6.995 -3.42 2
    endloop
  endfacet
  facet normal 0.9510565162951535 -0.30901699437494756 0
    outer loop
      vertex 7.114364378515658 -3.052634217317204 11.1
      vertex 6.995 -3.42 2
      vertex 7.114364378515658 -3.052634217317204 2
    endloop
  endfacet
  facet normal 0 1 0
    outer loop
      vertex 7.426864378515658 -4.014410322684471 11.1
      vertex 7.813135621484342 -4.014410322684471 2
      vertex 7.426864378515658 -4.014410322684471 2
    endloop
  endfacet
  facet normal 0.5877852522924729 -0.8090169943749477 0
    outer loop
      vertex 7.426864378515658 -2.825589677315529 11.1
      vertex 7.114364378515658 -3.052634217317204 2
      vertex 7.426864378515658 -2.825589677315529 2
    endloop
  endfacet
  facet normal 0 -1 0
    outer loop
      vertex 7.813135621484342 -2.825589677315529 11.1
      vertex 7.426864378515658 -2.825589677315529 2
      vertex 7.813135621484342 -2.825589677315529 2
    endloop
  endfacet
  facet normal 0.9510565162951535 0.30901699437494756 0
    outer loop
      vertex 7.114364378515658 -3.787365782682796 11.1
      vertex 7.114364378515658 -3.787365782682796 2
      vertex 6.995 -3.42 11.1
    endloop
  endfacet
  facet normal 0.9510565162951535 -0.30901699437494756 0
    outer loop
      vertex 6.995 -3.42 11.1
      vertex 6.995 -3.42 2
      vertex 7.114364378515658 -3.052634217317204 11.1
    endloop
  endfacet
  facet normal 0.5877852522924729 -0.8090169943749477 0
    outer loop
      vertex 7.114364378515658 -3.052634217317204 11.1
      vertex 7.114364378515658 -3.052634217317204 2
      vertex 7.426864378515658 -2.825589677315529 11.1
    endloop
  endfacet
  facet normal 0.5877852522924729 0.8090169943749477 0
    outer loop
      vertex 7.114364378515658 -3.787365782682796 11.1
      vertex 7.426864378515658 -4.014410322684471 11.1
      vertex 7.426864378515658 -4.014410322684471 2
    endloop
  endfacet
  facet normal 0 1 0
    outer loop
      vertex 7.426864378515658 -4.014410322684471 11.1
      vertex 7.813135621484342 -4.014410322684471 11.1
      vertex 7.813135621484342 -4.014410322684471 2
    endloop
  endfacet
  facet normal 0 -1 0
    outer loop
      vertex 7.426864378515658 -2.825589677315529 11.1
      vertex 7.426864378515658 -2.825589677315529 2
      vertex 7.813135621484342 -2.825589677315529 11.1
    endloop
  endfacet
  facet normal -0.5877852522924729 0.8090169943749477 0
    outer loop
      vertex 7.813135621484342 -4.014410322684471 11.1
      vertex 8.125635621484342 -3.787365782682796 2
      vertex 7.813135621484342 -4.014410322684471 2
    endloop
  endfacet
  facet normal -0.951056516295153 0.30901699437494967 0
    outer loop
      vertex 8.125635621484342 -3.787365782682796 11.1
      vertex 8.245000000000001 -3.42 2
      vertex 8.125635621484342 -3.787365782682796 2
    endloop
  endfacet
  facet normal -0.951056516295153 -0.30901699437494967 0
    outer loop
      vertex 8.245000000000001 -3.42 11.1
      vertex 8.125635621484342 -3.052634217317204 2
      vertex 8.245000000000001 -3.42 2
    endloop
  endfacet
  facet normal -0.5877852522924729 -0.8090169943749477 0
    outer loop
      vertex 8.125635621484342 -3.052634217317204 11.1
      vertex 7.813135621484342 -2.825589677315529 2
      vertex 8.125635621484342 -3.052634217317204 2
    endloop
  endfacet
  facet normal -0.5877852522924729 0.8090169943749477 0
    outer loop
      vertex 7.813135621484342 -4.014410322684471 11.1
      vertex 8.125635621484342 -3.787365782682796 11.1
      vertex 8.125635621484342 -3.787365782682796 2
    endloop
  endfacet
  facet normal -0.5877852522924729 -0.8090169943749477 0
    outer loop
      vertex 8.125635621484342 -3.052634217317204 11.1
      vertex 7.813135621484342 -2.825589677315529 11.1
      vertex 7.813135621484342 -2.825589677315529 2
    endloop
  endfacet
  facet normal -0.951056516295153 0.30901699437494967 0
    outer loop
      vertex 8.125635621484342 -3.787365782682796 11.1
      vertex 8.245000000000001 -3.42 11.1
      vertex 8.245000000000001 -3.42 2
    endloop
  endfacet
  facet normal -0.951056516295153 -0.30901699437494967 0
    outer loop
      vertex 8.125635621484342 -3.052634217317204 11.1
      vertex 8.125635621484342 -3.052634217317204 2
      vertex 8.245000000000001 -3.42 11.1
    endloop
  endfacet
  facet normal 0 0 1
    outer loop
      vertex 6.586338117135501 -3.7962221576582356 11.1
      vertex 6.586338117135501 -3.0437778423417643 11.1
      vertex 6.52 -3.42 11.1
    endloop
  endfacet
  facet normal 0 0 1
    outer loop
      vertex 6.586338117135501 -3.7962221576582356 11.1
      vertex 6.777351112569124 -4.127066370655193 11.1
      vertex 6.777351112569124 -2.7129336293448065 11.1
    endloop
  endfacet
  facet normal 0 0 1
    outer loop
      vertex 6.586338117135501 -3.7962221576582356 11.1
      vertex 6.777351112569124 -2.7129336293448065 11.1
      vertex 6.586338117135501 -3.0437778423417643 11.1
    endloop
  endfacet
  facet normal 0.8660254037844386 0.5000000000000001 0
    outer loop
      vertex 6.586338117135501 -3.7962221576582356 11.1
      vertex 6.586338117135501 -3.7962221576582356 11.9
      vertex 6.777351112569124 -4.127066370655193 11.1
    endloop
  endfacet
  facet normal 0.8660254037844386 0.5000000000000001 0
    outer loop
      vertex 6.586338117135501 -3.7962221576582356 11.9
      vertex 6.777351112569124 -4.127066370655193 11.9
      vertex 6.777351112569124 -4.127066370655193 11.1
    endloop
  endfacet
  facet normal 0.9848077530122079 0.1736481776669317 0
    outer loop
      vertex 6.586338117135501 -3.7962221576582356 11.1
      vertex 6.52 -3.42 11.9
      vertex 6.586338117135501 -3.7962221576582356 11.9
    endloop
  endfacet
  facet normal 0.9848077530122079 0.1736481776669317 0
    outer loop
      vertex 6.586338117135501 -3.7962221576582356 11.1
      vertex 6.52 -3.42 11.1
      vertex 6.52 -3.42 11.9
    endloop
  endfacet
  facet normal 0.9848077530122079 -0.1736481776669317 0
    outer loop
      vertex 6.52 -3.42 11.1
      vertex 6.586338117135501 -3.0437778423417643 11.1
      vertex 6.586338117135501 -3.0437778423417643 11.9
    endloop
  endfacet
  facet normal 0.9848077530122079 -0.1736481776669317 0
    outer loop
      vertex 6.52 -3.42 11.1
      vertex 6.586338117135501 -3.0437778423417643 11.9
      vertex 6.52 -3.42 11.9
    endloop
  endfacet
  facet normal 0.8660254037844388 -0.4999999999999996 0
    outer loop
      vertex 6.586338117135501 -3.0437778423417643 11.1
      vertex 6.777351112569124 -2.7129336293448065 11.9
      vertex 6.586338117135501 -3.0437778423417643 11.9
    endloop
  endfacet
  facet normal 0 0 1
    outer loop
      vertex 7.428987004566377 -4.503288528313429 11.1
      vertex 7.811012995433623 -4.503288528313429 11.1
      vertex 7.813135621484342 -4.014410322684471 11.1
    endloop
  endfacet
  facet normal 0.3420201433256689 0.9396926207859084 0
    outer loop
      vertex 7.07 -4.372627944162883 11.1
      vertex 7.07 -4.372627944162883 11.9
      vertex 7.428987004566377 -4.503288528313429 11.1
    endloop
  endfacet
  facet normal 0 1 0
    outer loop
      vertex 7.428987004566377 -4.503288528313429 11.1
      vertex 7.428987004566377 -4.503288528313429 11.9
      vertex 7.811012995433623 -4.503288528313429 11.1
    endloop
  endfacet
  facet normal 0.3420201433256689 0.9396926207859084 0
    outer loop
      vertex 7.428987004566377 -4.503288528313429 11.1
      vertex 7.07 -4.372627944162883 11.9
      vertex 7.428987004566377 -4.503288528313429 11.9
    endloop
  endfacet
  facet normal 0 1 0
    outer loop
      vertex 7.811012995433623 -4.503288528313429 11.1
      vertex 7.428987004566377 -4.503288528313429 11.9
      vertex 7.811012995433623 -4.503288528313429 11.9
    endloop
  endfacet
  facet normal 0 0 1
    outer loop
      vertex 7.07 -4.372627944162883 11.1
      vertex 7.114364378515658 -3.787365782682796 11.1
      vertex 6.777351112569124 -4.127066370655193 11.1
    endloop
  endfacet
  facet normal 0 0 1
    outer loop
      vertex 6.777351112569124 -4.127066370655193 11.1
      vertex 7.114364378515658 -3.787365782682796 11.1
      vertex 6.995 -3.42 11.1
    endloop
  endfacet
  facet normal 0 0 1
    outer loop
      vertex 7.07 -4.372627944162883 11.1
      vertex 7.426864378515658 -4.014410322684471 11.1
      vertex 7.114364378515658 -3.787365782682796 11.1
    endloop
  endfacet
  facet normal 0 0 1
    outer loop
      vertex 6.777351112569124 -4.127066370655193 11.1
      vertex 6.995 -3.42 11.1
      vertex 7.07 -2.4673720558371173 11.1
    endloop
  endfacet
  facet normal 0 0 1
    outer loop
      vertex 6.777351112569124 -4.127066370655193 11.1
      vertex 7.07 -2.4673720558371173 11.1
      vertex 6.777351112569124 -2.7129336293448065 11.1
    endloop
  endfacet
  facet normal 0 0 1
    outer loop
      vertex 6.995 -3.42 11.1
      vertex 7.114364378515658 -3.052634217317204 11.1
      vertex 7.07 -2.4673720558371173 11.1
    endloop
  endfacet
  facet normal 0 0 1
    outer loop
      vertex 7.07 -4.372627944162883 11.1
      vertex 7.428987004566377 -4.503288528313429 11.1
      vertex 7.426864378515658 -4.014410322684471 11.1
    endloop
  endfacet
  facet normal 0 0 1
    outer loop
      vertex 7.428987004566377 -4.503288528313429 11.1
      vertex 7.813135621484342 -4.014410322684471 11.1
      vertex 7.426864378515658 -4.014410322684471 11.1
    endloop
  endfacet
  facet normal 0.6427876096865396 0.7660444431189778 0
    outer loop
      vertex 7.07 -4.372627944162883 11.1
      vertex 6.777351112569124 -4.127066370655193 11.1
      vertex 6.777351112569124 -4.127066370655193 11.9
    endloop
  endfacet
  facet normal 0.6427876096865396 0.7660444431189778 0
    outer loop
      vertex 7.07 -4.372627944162883 11.1
      vertex 6.777351112569124 -4.127066370655193 11.9
      vertex 7.07 -4.372627944162883 11.9
    endloop
  endfacet
  facet normal 0.8660254037844388 -0.4999999999999996 0
    outer loop
      vertex 6.586338117135501 -3.0437778423417643 11.1
      vertex 6.777351112569124 -2.7129336293448065 11.1
      vertex 6.777351112569124 -2.7129336293448065 11.9
    endloop
  endfacet
  facet normal 0 0 1
    outer loop
      vertex 7.114364378515658 -3.052634217317204 11.1
      vertex 7.428987004566377 -2.336711471686571 11.1
      vertex 7.07 -2.4673720558371173 11.1
    endloop
  endfacet
  facet normal 0 0 1
    outer loop
      vertex 7.114364378515658 -3.052634217317204 11.1
      vertex 7.426864378515658 -2.825589677315529 11.1
      vertex 7.428987004566377 -2.336711471686571 11.1
    endloop
  endfacet
  facet normal 0 0 1
    outer loop
      vertex 7.426864378515658 -2.825589677315529 11.1
      vertex 7.813135621484342 -2.825589677315529 11.1
      vertex 7.811012995433623 -2.336711471686571 11.1
    endloop
  endfacet
  facet normal 0 0 1
    outer loop
      vertex 7.426864378515658 -2.825589677315529 11.1
      vertex 7.811012995433623 -2.336711471686571 11.1
      vertex 7.428987004566377 -2.336711471686571 11.1
    endloop
  endfacet
  facet normal 0.6427876096865389 -0.7660444431189783 0
    outer loop
      vertex 6.777351112569124 -2.7129336293448065 11.1
      vertex 7.07 -2.4673720558371173 11.1
      vertex 7.07 -2.4673720558371173 11.9
    endloop
  endfacet
  facet normal 0.6427876096865389 -0.7660444431189783 0
    outer loop
      vertex 6.777351112569124 -2.7129336293448065 11.1
      vertex 7.07 -2.4673720558371173 11.9
      vertex 6.777351112569124 -2.7129336293448065 11.9
    endloop
  endfacet
  facet normal 0.3420201433256689 -0.9396926207859084 0
    outer loop
      vertex 7.07 -2.4673720558371173 11.1
      vertex 7.428987004566377 -2.336711471686571 11.9
      vertex 7.07 -2.4673720558371173 11.9
    endloop
  endfacet
  facet normal 0.3420201433256689 -0.9396926207859084 0
    outer loop
      vertex 7.07 -2.4673720558371173 11.1
      vertex 7.428987004566377 -2.336711471686571 11.1
      vertex 7.428987004566377 -2.336711471686571 11.9
    endloop
  endfacet
  facet normal 0 -1 0
    outer loop
      vertex 7.428987004566377 -2.336711471686571 11.1
      vertex 7.811012995433623 -2.336711471686571 11.1
      vertex 7.811012995433623 -2.336711471686571 11.9
    endloop
  endfacet
  facet normal 0 -1 0
    outer loop
      vertex 7.428987004566377 -2.336711471686571 11.1
      vertex 7.811012995433623 -2.336711471686571 11.9
      vertex 7.428987004566377 -2.336711471686571 11.9
    endloop
  endfacet
  facet normal -0.3420201433256689 0.9396926207859084 0
    outer loop
      vertex 7.811012995433623 -4.503288528313429 11.1
      vertex 7.811012995433623 -4.503288528313429 11.9
      vertex 8.17 -4.372627944162883 11.1
    endloop
  endfacet
  facet normal -0.3420201433256689 0.9396926207859084 0
    outer loop
      vertex 7.811012995433623 -4.503288528313429 11.9
      vertex 8.17 -4.372627944162883 11.9
      vertex 8.17 -4.372627944162883 11.1
    endloop
  endfacet
  facet normal 0 0 1
    outer loop
      vertex 7.811012995433623 -4.503288528313429 11.1
      vertex 8.125635621484342 -3.787365782682796 11.1
      vertex 7.813135621484342 -4.014410322684471 11.1
    endloop
  endfacet
  facet normal 0 0 1
    outer loop
      vertex 7.811012995433623 -4.503288528313429 11.1
      vertex 8.17 -4.372627944162883 11.1
      vertex 8.125635621484342 -3.787365782682796 11.1
    endloop
  endfacet
  facet normal 0 0 1
    outer loop
      vertex 8.17 -4.372627944162883 11.1
      vertex 8.245000000000001 -3.42 11.1
      vertex 8.125635621484342 -3.787365782682796 11.1
    endloop
  endfacet
  facet normal 0 0 1
    outer loop
      vertex 8.17 -4.372627944162883 11.1
      vertex 8.462648887430877 -4.127066370655193 11.1
      vertex 8.462648887430877 -2.7129336293448065 11.1
    endloop
  endfacet
  facet normal 0 0 1
    outer loop
      vertex 8.462648887430877 -4.127066370655193 11.1
      vertex 8.6536618828645 -3.7962221576582356 11.1
      vertex 8.6536618828645 -3.0437778423417643 11.1
    endloop
  endfacet
  facet normal 0 0 1
    outer loop
      vertex 8.17 -4.372627944162883 11.1
      vertex 8.462648887430877 -2.7129336293448065 11.1
      vertex 8.245000000000001 -3.42 11.1
    endloop
  endfacet
  facet normal 0 0 1
    outer loop
      vertex 8.125635621484342 -3.052634217317204 11.1
      vertex 8.245000000000001 -3.42 11.1
      vertex 8.462648887430877 -2.7129336293448065 11.1
    endloop
  endfacet
  facet normal 0 0 1
    outer loop
      vertex 8.462648887430877 -4.127066370655193 11.1
      vertex 8.6536618828645 -3.0437778423417643 11.1
      vertex 8.462648887430877 -2.7129336293448065 11.1
    endloop
  endfacet
  facet normal 0 0 1
    outer loop
      vertex 8.6536618828645 -3.7962221576582356 11.1
      vertex 8.72 -3.42 11.1
      vertex 8.6536618828645 -3.0437778423417643 11.1
    endloop
  endfacet
  facet normal -0.6427876096865385 0.7660444431189787 0
    outer loop
      vertex 8.17 -4.372627944162883 11.1
      vertex 8.17 -4.372627944162883 11.9
      vertex 8.462648887430877 -4.127066370655193 11.1
    endloop
  endfacet
  facet normal -0.8660254037844396 0.4999999999999984 0
    outer loop
      vertex 8.462648887430877 -4.127066370655193 11.1
      vertex 8.462648887430877 -4.127066370655193 11.9
      vertex 8.6536618828645 -3.7962221576582356 11.1
    endloop
  endfacet
  facet normal -0.9848077530122079 0.1736481776669317 0
    outer loop
      vertex 8.6536618828645 -3.7962221576582356 11.1
      vertex 8.6536618828645 -3.7962221576582356 11.9
      vertex 8.72 -3.42 11.1
    endloop
  endfacet
  facet normal -0.6427876096865385 0.7660444431189787 0
    outer loop
      vertex 8.17 -4.372627944162883 11.9
      vertex 8.462648887430877 -4.127066370655193 11.9
      vertex 8.462648887430877 -4.127066370655193 11.1
    endloop
  endfacet
  facet normal -0.8660254037844396 0.4999999999999984 0
    outer loop
      vertex 8.6536618828645 -3.7962221576582356 11.1
      vertex 8.462648887430877 -4.127066370655193 11.9
      vertex 8.6536618828645 -3.7962221576582356 11.9
    endloop
  endfacet
  facet normal -0.9848077530122079 -0.1736481776669317 0
    outer loop
      vertex 8.72 -3.42 11.1
      vertex 8.72 -3.42 11.9
      vertex 8.6536618828645 -3.0437778423417643 11.1
    endloop
  endfacet
  facet normal -0.8660254037844399 -0.4999999999999979 0
    outer loop
      vertex 8.6536618828645 -3.0437778423417643 11.1
      vertex 8.6536618828645 -3.0437778423417643 11.9
      vertex 8.462648887430877 -2.7129336293448065 11.1
    endloop
  endfacet
  facet normal -0.9848077530122079 0.1736481776669317 0
    outer loop
      vertex 8.72 -3.42 11.1
      vertex 8.6536618828645 -3.7962221576582356 11.9
      vertex 8.72 -3.42 11.9
    endloop
  endfacet
  facet normal -0.9848077530122079 -0.1736481776669317 0
    outer loop
      vertex 8.6536618828645 -3.0437778423417643 11.1
      vertex 8.72 -3.42 11.9
      vertex 8.6536618828645 -3.0437778423417643 11.9
    endloop
  endfacet
  facet normal 0 0 1
    outer loop
      vertex 7.813135621484342 -2.825589677315529 11.1
      vertex 8.17 -2.4673720558371173 11.1
      vertex 7.811012995433623 -2.336711471686571 11.1
    endloop
  endfacet
  facet normal 0 0 1
    outer loop
      vertex 8.125635621484342 -3.052634217317204 11.1
      vertex 8.17 -2.4673720558371173 11.1
      vertex 7.813135621484342 -2.825589677315529 11.1
    endloop
  endfacet
  facet normal 0 0 1
    outer loop
      vertex 8.125635621484342 -3.052634217317204 11.1
      vertex 8.462648887430877 -2.7129336293448065 11.1
      vertex 8.17 -2.4673720558371173 11.1
    endloop
  endfacet
  facet normal -0.3420201433256689 -0.9396926207859084 0
    outer loop
      vertex 7.811012995433623 -2.336711471686571 11.1
      vertex 8.17 -2.4673720558371173 11.1
      vertex 8.17 -2.4673720558371173 11.9
    endloop
  endfacet
  facet normal -0.3420201433256689 -0.9396926207859084 0
    outer loop
      vertex 7.811012995433623 -2.336711471686571 11.1
      vertex 8.17 -2.4673720558371173 11.9
      vertex 7.811012995433623 -2.336711471686571 11.9
    endloop
  endfacet
  facet normal -0.6427876096865377 -0.7660444431189792 0
    outer loop
      vertex 8.17 -2.4673720558371173 11.1
      vertex 8.462648887430877 -2.7129336293448065 11.1
      vertex 8.462648887430877 -2.7129336293448065 11.9
    endloop
  endfacet
  facet normal -0.6427876096865377 -0.7660444431189792 0
    outer loop
      vertex 8.17 -2.4673720558371173 11.1
      vertex 8.462648887430877 -2.7129336293448065 11.9
      vertex 8.17 -2.4673720558371173 11.9
    endloop
  endfacet
  facet normal -0.8660254037844399 -0.4999999999999979 0
    outer loop
      vertex 8.6536618828645 -3.0437778423417643 11.9
      vertex 8.462648887430877 -2.7129336293448065 11.9
      vertex 8.462648887430877 -2.7129336293448065 11.1
    endloop
  endfacet
  facet normal 0 1 0
    outer loop
      vertex 7.426864378515658 -1.474410322684471 11.1
      vertex 7.813135621484342 -1.474410322684471 2
      vertex 7.426864378515658 -1.474410322684471 2
    endloop
  endfacet
  facet normal 0.5877852522924729 0.8090169943749477 0
    outer loop
      vertex 7.114364378515658 -1.2473657826827957 11.1
      vertex 7.426864378515658 -1.474410322684471 2
      vertex 7.114364378515658 -1.2473657826827957 2
    endloop
  endfacet
  facet normal 0.9510565162951535 0.30901699437494756 0
    outer loop
      vertex 6.995 -0.8799999999999999 11.1
      vertex 7.114364378515658 -1.2473657826827957 2
      vertex 6.995 -0.8799999999999999 2
    endloop
  endfacet
  facet normal 0.9510565162951534 -0.3090169943749476 0
    outer loop
      vertex 7.114364378515658 -0.5126342173172042 11.1
      vertex 6.995 -0.8799999999999999 2
      vertex 7.114364378515658 -0.5126342173172042 2
    endloop
  endfacet
  facet normal 0.5877852522924729 -0.8090169943749477 0
    outer loop
      vertex 7.426864378515658 -0.285589677315529 11.1
      vertex 7.114364378515658 -0.5126342173172042 2
      vertex 7.426864378515658 -0.285589677315529 2
    endloop
  endfacet
  facet normal 0 -1 0
    outer loop
      vertex 7.813135621484342 -0.285589677315529 11.1
      vertex 7.426864378515658 -0.285589677315529 2
      vertex 7.813135621484342 -0.285589677315529 2
    endloop
  endfacet
  facet normal 0 1 0
    outer loop
      vertex 7.426864378515658 -1.474410322684471 11.1
      vertex 7.813135621484342 -1.474410322684471 11.1
      vertex 7.813135621484342 -1.474410322684471 2
    endloop
  endfacet
  facet normal 0.9510565162951535 0.30901699437494756 0
    outer loop
      vertex 6.995 -0.8799999999999999 11.1
      vertex 7.114364378515658 -1.2473657826827957 11.1
      vertex 7.114364378515658 -1.2473657826827957 2
    endloop
  endfacet
  facet normal 0.9510565162951534 -0.3090169943749476 0
    outer loop
      vertex 6.995 -0.8799999999999999 11.1
      vertex 6.995 -0.8799999999999999 2
      vertex 7.114364378515658 -0.5126342173172042 11.1
    endloop
  endfacet
  facet normal 0.5877852522924729 -0.8090169943749477 0
    outer loop
      vertex 7.114364378515658 -0.5126342173172042 11.1
      vertex 7.114364378515658 -0.5126342173172042 2
      vertex 7.426864378515658 -0.285589677315529 11.1
    endloop
  endfacet
  facet normal 0.5877852522924729 0.8090169943749477 0
    outer loop
      vertex 7.426864378515658 -1.474410322684471 11.1
      vertex 7.426864378515658 -1.474410322684471 2
      vertex 7.114364378515658 -1.2473657826827957 11.1
    endloop
  endfacet
  facet normal 0 -1 0
    outer loop
      vertex 7.426864378515658 -0.285589677315529 11.1
      vertex 7.426864378515658 -0.285589677315529 2
      vertex 7.813135621484342 -0.285589677315529 11.1
    endloop
  endfacet
  facet normal -0.5877852522924729 0.8090169943749477 0
    outer loop
      vertex 7.813135621484342 -1.474410322684471 11.1
      vertex 8.125635621484342 -1.2473657826827957 2
      vertex 7.813135621484342 -1.474410322684471 2
    endloop
  endfacet
  facet normal -0.951056516295153 0.30901699437494967 0
    outer loop
      vertex 8.125635621484342 -1.2473657826827957 11.1
      vertex 8.245000000000001 -0.8799999999999999 2
      vertex 8.125635621484342 -1.2473657826827957 2
    endloop
  endfacet
  facet normal -0.9510565162951528 -0.30901699437494967 0
    outer loop
      vertex 8.245000000000001 -0.8799999999999999 11.1
      vertex 8.125635621484342 -0.5126342173172042 2
      vertex 8.245000000000001 -0.8799999999999999 2
    endloop
  endfacet
  facet normal -0.5877852522924729 -0.8090169943749477 0
    outer loop
      vertex 8.125635621484342 -0.5126342173172042 11.1
      vertex 7.813135621484342 -0.285589677315529 2
      vertex 8.125635621484342 -0.5126342173172042 2
    endloop
  endfacet
  facet normal -0.5877852522924729 0.8090169943749477 0
    outer loop
      vertex 7.813135621484342 -1.474410322684471 11.1
      vertex 8.125635621484342 -1.2473657826827957 11.1
      vertex 8.125635621484342 -1.2473657826827957 2
    endloop
  endfacet
  facet normal -0.951056516295153 0.30901699437494967 0
    outer loop
      vertex 8.125635621484342 -1.2473657826827957 11.1
      vertex 8.245000000000001 -0.8799999999999999 11.1
      vertex 8.245000000000001 -0.8799999999999999 2
    endloop
  endfacet
  facet normal -0.5877852522924729 -0.8090169943749477 0
    outer loop
      vertex 7.813135621484342 -0.285589677315529 11.1
      vertex 7.813135621484342 -0.285589677315529 2
      vertex 8.125635621484342 -0.5126342173172042 11.1
    endloop
  endfacet
  facet normal -0.9510565162951528 -0.30901699437494967 0
    outer loop
      vertex 8.245000000000001 -0.8799999999999999 11.1
      vertex 8.125635621484342 -0.5126342173172042 11.1
      vertex 8.125635621484342 -0.5126342173172042 2
    endloop
  endfacet
  facet normal 0.8660254037844388 0.4999999999999996 0
    outer loop
      vertex 6.586338117135501 -1.2562221576582355 11.9
      vertex 6.777351112569124 -1.5870663706551933 11.9
      vertex 6.777351112569124 -1.5870663706551933 11.1
    endloop
  endfacet
  facet normal 0 0 1
    outer loop
      vertex 6.586338117135501 -1.2562221576582355 11.1
      vertex 6.586338117135501 -0.5037778423417643 11.1
      vertex 6.52 -0.8799999999999999 11.1
    endloop
  endfacet
  facet normal 0 0 1
    outer loop
      vertex 6.586338117135501 -1.2562221576582355 11.1
      vertex 6.777351112569124 -1.5870663706551933 11.1
      vertex 6.777351112569124 -0.1729336293448066 11.1
    endloop
  endfacet
  facet normal 0 0 1
    outer loop
      vertex 6.586338117135501 -1.2562221576582355 11.1
      vertex 6.777351112569124 -0.1729336293448066 11.1
      vertex 6.586338117135501 -0.5037778423417643 11.1
    endloop
  endfacet
  facet normal 0.8660254037844388 0.4999999999999996 0
    outer loop
      vertex 6.586338117135501 -1.2562221576582355 11.1
      vertex 6.586338117135501 -1.2562221576582355 11.9
      vertex 6.777351112569124 -1.5870663706551933 11.1
    endloop
  endfacet
  facet normal 0.9848077530122079 0.1736481776669317 0
    outer loop
      vertex 6.586338117135501 -1.2562221576582355 11.1
      vertex 6.52 -0.8799999999999999 11.1
      vertex 6.52 -0.8799999999999999 11.9
    endloop
  endfacet
  facet normal 0.9848077530122079 0.1736481776669317 0
    outer loop
      vertex 6.586338117135501 -1.2562221576582355 11.1
      vertex 6.52 -0.8799999999999999 11.9
      vertex 6.586338117135501 -1.2562221576582355 11.9
    endloop
  endfacet
  facet normal 0.9848077530122079 -0.1736481776669317 0
    outer loop
      vertex 6.52 -0.8799999999999999 11.1
      vertex 6.586338117135501 -0.5037778423417643 11.9
      vertex 6.52 -0.8799999999999999 11.9
    endloop
  endfacet
  facet normal 0.9848077530122079 -0.1736481776669317 0
    outer loop
      vertex 6.52 -0.8799999999999999 11.1
      vertex 6.586338117135501 -0.5037778423417643 11.1
      vertex 6.586338117135501 -0.5037778423417643 11.9
    endloop
  endfacet
  facet normal 0.8660254037844388 -0.49999999999999983 0
    outer loop
      vertex 6.586338117135501 -0.5037778423417643 11.1
      vertex 6.777351112569124 -0.1729336293448066 11.1
      vertex 6.777351112569124 -0.1729336293448066 11.9
    endloop
  endfacet
  facet normal 0.8660254037844388 -0.49999999999999983 0
    outer loop
      vertex 6.586338117135501 -0.5037778423417643 11.1
      vertex 6.777351112569124 -0.1729336293448066 11.9
      vertex 6.586338117135501 -0.5037778423417643 11.9
    endloop
  endfacet
  facet normal 0 0 1
    outer loop
      vertex 6.777351112569124 -1.5870663706551933 11.1
      vertex 7.07 -1.8326279441628825 11.1
      vertex 7.114364378515658 -1.2473657826827957 11.1
    endloop
  endfacet
  facet normal 0 0 1
    outer loop
      vertex 7.07 -1.8326279441628825 11.1
      vertex 7.426864378515658 -1.474410322684471 11.1
      vertex 7.114364378515658 -1.2473657826827957 11.1
    endloop
  endfacet
  facet normal 0 0 1
    outer loop
      vertex 7.07 -1.8326279441628825 11.1
      vertex 7.428987004566377 -1.9632885283134287 11.1
      vertex 7.426864378515658 -1.474410322684471 11.1
    endloop
  endfacet
  facet normal 0 0 1
    outer loop
      vertex 7.428987004566377 -1.9632885283134287 11.1
      vertex 7.811012995433623 -1.9632885283134287 11.1
      vertex 7.813135621484342 -1.474410322684471 11.1
    endloop
  endfacet
  facet normal 0 0 1
    outer loop
      vertex 7.428987004566377 -1.9632885283134287 11.1
      vertex 7.813135621484342 -1.474410322684471 11.1
      vertex 7.426864378515658 -1.474410322684471 11.1
    endloop
  endfacet
  facet normal 0.6427876096865389 0.7660444431189783 0
    outer loop
      vertex 6.777351112569124 -1.5870663706551933 11.1
      vertex 6.777351112569124 -1.5870663706551933 11.9
      vertex 7.07 -1.8326279441628825 11.1
    endloop
  endfacet
  facet normal 0.3420201433256683 0.9396926207859085 0
    outer loop
      vertex 7.07 -1.8326279441628825 11.1
      vertex 7.07 -1.8326279441628825 11.9
      vertex 7.428987004566377 -1.9632885283134287 11.1
    endloop
  endfacet
  facet normal 0.6427876096865389 0.7660444431189783 0
    outer loop
      vertex 7.07 -1.8326279441628825 11.1
      vertex 6.777351112569124 -1.5870663706551933 11.9
      vertex 7.07 -1.8326279441628825 11.9
    endloop
  endfacet
  facet normal 0 1 0
    outer loop
      vertex 7.428987004566377 -1.9632885283134287 11.1
      vertex 7.428987004566377 -1.9632885283134287 11.9
      vertex 7.811012995433623 -1.9632885283134287 11.1
    endloop
  endfacet
  facet normal 0.3420201433256683 0.9396926207859085 0
    outer loop
      vertex 7.428987004566377 -1.9632885283134287 11.1
      vertex 7.07 -1.8326279441628825 11.9
      vertex 7.428987004566377 -1.9632885283134287 11.9
    endloop
  endfacet
  facet normal 0 1 0
    outer loop
      vertex 7.811012995433623 -1.9632885283134287 11.1
      vertex 7.428987004566377 -1.9632885283134287 11.9
      vertex 7.811012995433623 -1.9632885283134287 11.9
    endloop
  endfacet
  facet normal 0 0 1
    outer loop
      vertex 6.777351112569124 -1.5870663706551933 11.1
      vertex 7.114364378515658 -1.2473657826827957 11.1
      vertex 6.995 -0.8799999999999999 11.1
    endloop
  endfacet
  facet normal 0 0 1
    outer loop
      vertex 6.777351112569124 -1.5870663706551933 11.1
      vertex 6.995 -0.8799999999999999 11.1
      vertex 7.07 0.07262794416288265 11.1
    endloop
  endfacet
  facet normal 0 0 1
    outer loop
      vertex 6.777351112569124 -1.5870663706551933 11.1
      vertex 7.07 0.07262794416288265 11.1
      vertex 6.777351112569124 -0.1729336293448066 11.1
    endloop
  endfacet
  facet normal 0 0 1
    outer loop
      vertex 6.995 -0.8799999999999999 11.1
      vertex 7.114364378515658 -0.5126342173172042 11.1
      vertex 7.07 0.07262794416288265 11.1
    endloop
  endfacet
  facet normal 0 0 1
    outer loop
      vertex 7.114364378515658 -0.5126342173172042 11.1
      vertex 7.428987004566377 0.20328852831342892 11.1
      vertex 7.07 0.07262794416288265 11.1
    endloop
  endfacet
  facet normal 0 0 1
    outer loop
      vertex 7.114364378515658 -0.5126342173172042 11.1
      vertex 7.426864378515658 -0.285589677315529 11.1
      vertex 7.428987004566377 0.20328852831342892 11.1
    endloop
  endfacet
  facet normal 0 0 1
    outer loop
      vertex 7.426864378515658 -0.285589677315529 11.1
      vertex 7.813135621484342 -0.285589677315529 11.1
      vertex 7.811012995433623 0.20328852831342892 11.1
    endloop
  endfacet
  facet normal 0.6427876096865389 -0.7660444431189783 0
    outer loop
      vertex 6.777351112569124 -0.1729336293448066 11.1
      vertex 7.07 0.07262794416288265 11.1
      vertex 7.07 0.07262794416288265 11.9
    endloop
  endfacet
  facet normal 0.6427876096865389 -0.7660444431189783 0
    outer loop
      vertex 6.777351112569124 -0.1729336293448066 11.1
      vertex 7.07 0.07262794416288265 11.9
      vertex 6.777351112569124 -0.1729336293448066 11.9
    endloop
  endfacet
  facet normal 0 0 1
    outer loop
      vertex 7.811012995433623 -1.9632885283134287 11.1
      vertex 8.125635621484342 -1.2473657826827957 11.1
      vertex 7.813135621484342 -1.474410322684471 11.1
    endloop
  endfacet
  facet normal 0 0 1
    outer loop
      vertex 7.811012995433623 -1.9632885283134287 11.1
      vertex 8.17 -1.8326279441628825 11.1
      vertex 8.125635621484342 -1.2473657826827957 11.1
    endloop
  endfacet
  facet normal -0.3420201433256683 0.9396926207859085 0
    outer loop
      vertex 7.811012995433623 -1.9632885283134287 11.1
      vertex 7.811012995433623 -1.9632885283134287 11.9
      vertex 8.17 -1.8326279441628825 11.1
    endloop
  endfacet
  facet normal -0.3420201433256683 0.9396926207859085 0
    outer loop
      vertex 7.811012995433623 -1.9632885283134287 11.9
      vertex 8.17 -1.8326279441628825 11.9
      vertex 8.17 -1.8326279441628825 11.1
    endloop
  endfacet
  facet normal -0.6427876096865377 0.7660444431189792 0
    outer loop
      vertex 8.17 -1.8326279441628825 11.1
      vertex 8.17 -1.8326279441628825 11.9
      vertex 8.462648887430877 -1.5870663706551933 11.1
    endloop
  endfacet
  facet normal -0.8660254037844399 0.4999999999999979 0
    outer loop
      vertex 8.462648887430877 -1.5870663706551933 11.1
      vertex 8.462648887430877 -1.5870663706551933 11.9
      vertex 8.6536618828645 -1.2562221576582355 11.1
    endloop
  endfacet
  facet normal -0.6427876096865377 0.7660444431189792 0
    outer loop
      vertex 8.462648887430877 -1.5870663706551933 11.1
      vertex 8.17 -1.8326279441628825 11.9
      vertex 8.462648887430877 -1.5870663706551933 11.9
    endloop
  endfacet
  facet normal 0 0 1
    outer loop
      vertex 8.17 -1.8326279441628825 11.1
      vertex 8.245000000000001 -0.8799999999999999 11.1
      vertex 8.125635621484342 -1.2473657826827957 11.1
    endloop
  endfacet
  facet normal 0 0 1
    outer loop
      vertex 7.813135621484342 -0.285589677315529 11.1
      vertex 8.17 0.07262794416288265 11.1
      vertex 7.811012995433623 0.20328852831342892 11.1
    endloop
  endfacet
  facet normal 0 0 1
    outer loop
      vertex 7.813135621484342 -0.285589677315529 11.1
      vertex 8.125635621484342 -0.5126342173172042 11.1
      vertex 8.17 0.07262794416288265 11.1
    endloop
  endfacet
  facet normal 0 0 1
    outer loop
      vertex 8.17 -1.8326279441628825 11.1
      vertex 8.462648887430877 -1.5870663706551933 11.1
      vertex 8.462648887430877 -0.1729336293448066 11.1
    endloop
  endfacet
  facet normal 0 0 1
    outer loop
      vertex 8.17 -1.8326279441628825 11.1
      vertex 8.462648887430877 -0.1729336293448066 11.1
      vertex 8.245000000000001 -0.8799999999999999 11.1
    endloop
  endfacet
  facet normal 0 0 1
    outer loop
      vertex 8.462648887430877 -1.5870663706551933 11.1
      vertex 8.6536618828645 -1.2562221576582355 11.1
      vertex 8.6536618828645 -0.5037778423417643 11.1
    endloop
  endfacet
  facet normal 0 0 1
    outer loop
      vertex 8.462648887430877 -1.5870663706551933 11.1
      vertex 8.6536618828645 -0.5037778423417643 11.1
      vertex 8.462648887430877 -0.1729336293448066 11.1
    endloop
  endfacet
  facet normal 0 0 1
    outer loop
      vertex 8.6536618828645 -1.2562221576582355 11.1
      vertex 8.72 -0.8799999999999999 11.1
      vertex 8.6536618828645 -0.5037778423417643 11.1
    endloop
  endfacet
  facet normal 0 0 1
    outer loop
      vertex 8.245000000000001 -0.8799999999999999 11.1
      vertex 8.462648887430877 -0.1729336293448066 11.1
      vertex 8.125635621484342 -0.5126342173172042 11.1
    endloop
  endfacet
  facet normal 0 0 1
    outer loop
      vertex 8.125635621484342 -0.5126342173172042 11.1
      vertex 8.462648887430877 -0.1729336293448066 11.1
      vertex 8.17 0.07262794416288265 11.1
    endloop
  endfacet
  facet normal -0.9848077530122079 0.1736481776669317 0
    outer loop
      vertex 8.6536618828645 -1.2562221576582355 11.1
      vertex 8.6536618828645 -1.2562221576582355 11.9
      vertex 8.72 -0.8799999999999999 11.1
    endloop
  endfacet
  facet normal -0.9848077530122079 -0.1736481776669317 0
    outer loop
      vertex 8.72 -0.8799999999999999 11.1
      vertex 8.72 -0.8799999999999999 11.9
      vertex 8.6536618828645 -0.5037778423417643 11.1
    endloop
  endfacet
  facet normal -0.8660254037844399 0.4999999999999979 0
    outer loop
      vertex 8.462648887430877 -1.5870663706551933 11.9
      vertex 8.6536618828645 -1.2562221576582355 11.9
      vertex 8.6536618828645 -1.2562221576582355 11.1
    endloop
  endfacet
  facet normal -0.9848077530122079 0.1736481776669317 0
    outer loop
      vertex 8.72 -0.8799999999999999 11.1
      vertex 8.6536618828645 -1.2562221576582355 11.9
      vertex 8.72 -0.8799999999999999 11.9
    endloop
  endfacet
  facet normal -0.6427876096865377 -0.7660444431189792 0
    outer loop
      vertex 8.462648887430877 -0.1729336293448066 11.1
      vertex 8.462648887430877 -0.1729336293448066 11.9
      vertex 8.17 0.07262794416288265 11.1
    endloop
  endfacet
  facet normal -0.8660254037844397 -0.499999999999998 0
    outer loop
      vertex 8.6536618828645 -0.5037778423417643 11.1
      vertex 8.6536618828645 -0.5037778423417643 11.9
      vertex 8.462648887430877 -0.1729336293448066 11.1
    endloop
  endfacet
  facet normal -0.6427876096865377 -0.7660444431189792 0
    outer loop
      vertex 8.462648887430877 -0.1729336293448066 11.9
      vertex 8.17 0.07262794416288265 11.9
      vertex 8.17 0.07262794416288265 11.1
    endloop
  endfacet
  facet normal -0.9848077530122079 -0.1736481776669317 0
    outer loop
      vertex 8.6536618828645 -0.5037778423417643 11.1
      vertex 8.72 -0.8799999999999999 11.9
      vertex 8.6536618828645 -0.5037778423417643 11.9
    endloop
  endfacet
  facet normal -0.8660254037844397 -0.499999999999998 0
    outer loop
      vertex 8.462648887430877 -0.1729336293448066 11.1
      vertex 8.6536618828645 -0.5037778423417643 11.9
      vertex 8.462648887430877 -0.1729336293448066 11.9
    endloop
  endfacet
  facet normal 0 0 1
    outer loop
      vertex 7.426864378515658 -0.285589677315529 11.1
      vertex 7.811012995433623 0.20328852831342892 11.1
      vertex 7.428987004566377 0.20328852831342892 11.1
    endloop
  endfacet
  facet normal 0.3420201433256686 -0.9396926207859084 0
    outer loop
      vertex 7.07 0.07262794416288265 11.1
      vertex 7.428987004566377 0.20328852831342892 11.9
      vertex 7.07 0.07262794416288265 11.9
    endloop
  endfacet
  facet normal 0.3420201433256686 -0.9396926207859084 0
    outer loop
      vertex 7.07 0.07262794416288265 11.1
      vertex 7.428987004566377 0.20328852831342892 11.1
      vertex 7.428987004566377 0.20328852831342892 11.9
    endloop
  endfacet
  facet normal 0 -1 0
    outer loop
      vertex 7.428987004566377 0.20328852831342892 11.1
      vertex 7.811012995433623 0.20328852831342892 11.1
      vertex 7.811012995433623 0.20328852831342892 11.9
    endloop
  endfacet
  facet normal 0 -1 0
    outer loop
      vertex 7.428987004566377 0.20328852831342892 11.1
      vertex 7.811012995433623 0.20328852831342892 11.9
      vertex 7.428987004566377 0.20328852831342892 11.9
    endloop
  endfacet
  facet normal -0.3420201433256686 -0.9396926207859084 0
    outer loop
      vertex 7.811012995433623 0.20328852831342892 11.1
      vertex 8.17 0.07262794416288265 11.1
      vertex 8.17 0.07262794416288265 11.9
    endloop
  endfacet
  facet normal -0.3420201433256686 -0.9396926207859084 0
    outer loop
      vertex 7.811012995433623 0.20328852831342892 11.1
      vertex 8.17 0.07262794416288265 11.9
      vertex 7.811012995433623 0.20328852831342892 11.9
    endloop
  endfacet
  facet normal -1 0 0
    outer loop
      vertex 6.220000000000001 -17.52 11.9
      vertex 6.220000000000001 0.5199999999999996 2
      vertex 6.220000000000001 -17.52 2
    endloop
  endfacet
  facet normal 0 -1 0
    outer loop
      vertex 6.220000000000001 -17.52 11.9
      vertex 6.220000000000001 -17.52 2
      vertex 9.02 -17.52 11.9
    endloop
  endfacet
  facet normal 0 0 1
    outer loop
      vertex 6.220000000000001 -17.52 11.9
      vertex 7.428987004566377 -17.20328852831343 11.9
      vertex 7.07 -17.072627944162882 11.9
    endloop
  endfacet
  facet normal 0 0 1
    outer loop
      vertex 6.220000000000001 -17.52 11.9
      vertex 7.811012995433623 -17.20328852831343 11.9
      vertex 7.428987004566377 -17.20328852831343 11.9
    endloop
  endfacet
  facet normal 0 0 1
    outer loop
      vertex 6.220000000000001 -17.52 11.9
      vertex 9.02 -17.52 11.9
      vertex 7.811012995433623 -17.20328852831343 11.9
    endloop
  endfacet
  facet normal 0 0 1
    outer loop
      vertex 6.220000000000001 -17.52 11.9
      vertex 6.777351112569124 -16.827066370655196 11.9
      vertex 6.586338117135501 -16.496222157658238 11.9
    endloop
  endfacet
  facet normal 0 0 1
    outer loop
      vertex 6.220000000000001 -17.52 11.9
      vertex 6.586338117135501 -16.496222157658238 11.9
      vertex 6.52 -16.12 11.9
    endloop
  endfacet
  facet normal 0 0 1
    outer loop
      vertex 6.220000000000001 -17.52 11.9
      vertex 7.07 -17.072627944162882 11.9
      vertex 6.777351112569124 -16.827066370655196 11.9
    endloop
  endfacet
  facet normal 0 0 1
    outer loop
      vertex 6.220000000000001 -17.52 11.9
      vertex 6.52 -16.12 11.9
      vertex 6.52 -13.58 11.9
    endloop
  endfacet
  facet normal 0 0 1
    outer loop
      vertex 6.52 -16.12 11.9
      vertex 6.586338117135501 -15.743777842341766 11.9
      vertex 6.52 -13.58 11.9
    endloop
  endfacet
  facet normal 0 0 1
    outer loop
      vertex 6.586338117135501 -15.743777842341766 11.9
      vertex 6.777351112569124 -15.412933629344808 11.9
      vertex 6.586338117135501 -13.956222157658235 11.9
    endloop
  endfacet
  facet normal 0 0 1
    outer loop
      vertex 6.586338117135501 -15.743777842341766 11.9
      vertex 6.586338117135501 -13.956222157658235 11.9
      vertex 6.52 -13.58 11.9
    endloop
  endfacet
  facet normal 0 0 1
    outer loop
      vertex 6.777351112569124 -15.412933629344808 11.9
      vertex 6.777351112569124 -14.287066370655193 11.9
      vertex 6.586338117135501 -13.956222157658235 11.9
    endloop
  endfacet
  facet normal 0 0 1
    outer loop
      vertex 6.777351112569124 -15.412933629344808 11.9
      vertex 7.07 -15.167372055837118 11.9
      vertex 6.777351112569124 -14.287066370655193 11.9
    endloop
  endfacet
  facet normal 0 0 1
    outer loop
      vertex 7.07 -15.167372055837118 11.9
      vertex 7.07 -14.532627944162883 11.9
      vertex 6.777351112569124 -14.287066370655193 11.9
    endloop
  endfacet
  facet normal 0 0 1
    outer loop
      vertex 7.07 -15.167372055837118 11.9
      vertex 7.428987004566377 -15.036711471686573 11.9
      vertex 7.07 -14.532627944162883 11.9
    endloop
  endfacet
  facet normal 0 0 1
    outer loop
      vertex 7.07 -14.532627944162883 11.9
      vertex 7.428987004566377 -15.036711471686573 11.9
      vertex 7.428987004566377 -14.663288528313428 11.9
    endloop
  endfacet
  facet normal 0 0 1
    outer loop
      vertex 7.428987004566377 -15.036711471686573 11.9
      vertex 7.811012995433623 -15.036711471686573 11.9
      vertex 7.428987004566377 -14.663288528313428 11.9
    endloop
  endfacet
  facet normal 0 0 1
    outer loop
      vertex 7.811012995433623 -15.036711471686573 11.9
      vertex 7.811012995433623 -14.663288528313428 11.9
      vertex 7.428987004566377 -14.663288528313428 11.9
    endloop
  endfacet
  facet normal 0 0 1
    outer loop
      vertex 6.220000000000001 -17.52 11.9
      vertex 6.52 -13.58 11.9
      vertex 6.52 -11.04 11.9
    endloop
  endfacet
  facet normal 0 0 1
    outer loop
      vertex 6.52 -13.58 11.9
      vertex 6.586338117135501 -13.203777842341765 11.9
      vertex 6.52 -11.04 11.9
    endloop
  endfacet
  facet normal 0 0 1
    outer loop
      vertex 6.586338117135501 -13.203777842341765 11.9
      vertex 6.777351112569124 -12.872933629344807 11.9
      vertex 6.586338117135501 -11.416222157658234 11.9
    endloop
  endfacet
  facet normal 0 0 1
    outer loop
      vertex 6.586338117135501 -13.203777842341765 11.9
      vertex 6.586338117135501 -11.416222157658234 11.9
      vertex 6.52 -11.04 11.9
    endloop
  endfacet
  facet normal 0 0 1
    outer loop
      vertex 6.586338117135501 -11.416222157658234 11.9
      vertex 6.777351112569124 -12.872933629344807 11.9
      vertex 6.777351112569124 -11.747066370655192 11.9
    endloop
  endfacet
  facet normal 0 0 1
    outer loop
      vertex 6.777351112569124 -12.872933629344807 11.9
      vertex 7.07 -12.627372055837117 11.9
      vertex 6.777351112569124 -11.747066370655192 11.9
    endloop
  endfacet
  facet normal 0 0 1
    outer loop
      vertex 7.07 -12.627372055837117 11.9
      vertex 7.428987004566377 -12.496711471686572 11.9
      vertex 7.07 -11.992627944162882 11.9
    endloop
  endfacet
  facet normal 0 0 1
    outer loop
      vertex 7.07 -12.627372055837117 11.9
      vertex 7.07 -11.992627944162882 11.9
      vertex 6.777351112569124 -11.747066370655192 11.9
    endloop
  endfacet
  facet normal 0 0 1
    outer loop
      vertex 7.428987004566377 -12.496711471686572 11.9
      vertex 7.811012995433623 -12.496711471686572 11.9
      vertex 7.428987004566377 -12.123288528313427 11.9
    endloop
  endfacet
  facet normal 0 0 1
    outer loop
      vertex 7.428987004566377 -12.123288528313427 11.9
      vertex 7.811012995433623 -12.496711471686572 11.9
      vertex 7.811012995433623 -12.123288528313427 11.9
    endloop
  endfacet
  facet normal 0 0 1
    outer loop
      vertex 7.07 -11.992627944162882 11.9
      vertex 7.428987004566377 -12.496711471686572 11.9
      vertex 7.428987004566377 -12.123288528313427 11.9
    endloop
  endfacet
  facet normal 0 0 1
    outer loop
      vertex 6.52 -11.04 11.9
      vertex 6.586338117135501 -10.663777842341764 11.9
      vertex 6.52 -8.5 11.9
    endloop
  endfacet
  facet normal 0 0 1
    outer loop
      vertex 6.220000000000001 -17.52 11.9
      vertex 6.52 -11.04 11.9
      vertex 6.220000000000001 0.5199999999999996 11.9
    endloop
  endfacet
  facet normal 0 0 1
    outer loop
      vertex 6.586338117135501 -10.663777842341764 11.9
      vertex 6.777351112569124 -10.332933629344806 11.9
      vertex 6.586338117135501 -8.876222157658235 11.9
    endloop
  endfacet
  facet normal 0 0 1
    outer loop
      vertex 6.586338117135501 -10.663777842341764 11.9
      vertex 6.586338117135501 -8.876222157658235 11.9
      vertex 6.52 -8.5 11.9
    endloop
  endfacet
  facet normal 0 0 1
    outer loop
      vertex 6.586338117135501 -8.876222157658235 11.9
      vertex 6.777351112569124 -10.332933629344806 11.9
      vertex 6.777351112569124 -9.207066370655193 11.9
    endloop
  endfacet
  facet normal 0 0 1
    outer loop
      vertex 6.777351112569124 -10.332933629344806 11.9
      vertex 7.07 -10.087372055837116 11.9
      vertex 6.777351112569124 -9.207066370655193 11.9
    endloop
  endfacet
  facet normal 0 0 1
    outer loop
      vertex 7.07 -10.087372055837116 11.9
      vertex 7.07 -9.452627944162883 11.9
      vertex 6.777351112569124 -9.207066370655193 11.9
    endloop
  endfacet
  facet normal 0 0 1
    outer loop
      vertex 7.07 -10.087372055837116 11.9
      vertex 7.428987004566377 -9.956711471686571 11.9
      vertex 7.07 -9.452627944162883 11.9
    endloop
  endfacet
  facet normal 0 0 1
    outer loop
      vertex 7.428987004566377 -9.956711471686571 11.9
      vertex 7.428987004566377 -9.583288528313428 11.9
      vertex 7.07 -9.452627944162883 11.9
    endloop
  endfacet
  facet normal 0 0 1
    outer loop
      vertex 7.428987004566377 -9.956711471686571 11.9
      vertex 7.811012995433623 -9.956711471686571 11.9
      vertex 7.428987004566377 -9.583288528313428 11.9
    endloop
  endfacet
  facet normal 0 0 1
    outer loop
      vertex 6.52 -8.5 11.9
      vertex 6.586338117135501 -8.123777842341765 11.9
      vertex 6.52 -5.96 11.9
    endloop
  endfacet
  facet normal 0 0 1
    outer loop
      vertex 6.586338117135501 -8.123777842341765 11.9
      vertex 6.777351112569124 -7.792933629344807 11.9
      vertex 6.586338117135501 -6.336222157658236 11.9
    endloop
  endfacet
  facet normal 0 0 1
    outer loop
      vertex 6.586338117135501 -6.336222157658236 11.9
      vertex 6.777351112569124 -7.792933629344807 11.9
      vertex 6.777351112569124 -6.667066370655193 11.9
    endloop
  endfacet
  facet normal 0 0 1
    outer loop
      vertex 6.586338117135501 -8.123777842341765 11.9
      vertex 6.586338117135501 -6.336222157658236 11.9
      vertex 6.52 -5.96 11.9
    endloop
  endfacet
  facet normal 0 0 1
    outer loop
      vertex 6.52 -11.04 11.9
      vertex 6.52 -8.5 11.9
      vertex 6.220000000000001 0.5199999999999996 11.9
    endloop
  endfacet
  facet normal 0 0 1
    outer loop
      vertex 6.777351112569124 -7.792933629344807 11.9
      vertex 7.07 -7.547372055837117 11.9
      vertex 6.777351112569124 -6.667066370655193 11.9
    endloop
  endfacet
  facet normal 0 0 1
    outer loop
      vertex 7.07 -7.547372055837117 11.9
      vertex 7.428987004566377 -7.416711471686571 11.9
      vertex 7.07 -6.912627944162883 11.9
    endloop
  endfacet
  facet normal 0 0 1
    outer loop
      vertex 7.428987004566377 -7.416711471686571 11.9
      vertex 7.811012995433623 -7.416711471686571 11.9
      vertex 7.07 -6.912627944162883 11.9
    endloop
  endfacet
  facet normal 0 0 1
    outer loop
      vertex 7.07 -7.547372055837117 11.9
      vertex 7.07 -6.912627944162883 11.9
      vertex 6.777351112569124 -6.667066370655193 11.9
    endloop
  endfacet
  facet normal 0 0 1
    outer loop
      vertex 7.811012995433623 -7.416711471686571 11.9
      vertex 7.428987004566377 -7.043288528313429 11.9
      vertex 7.07 -6.912627944162883 11.9
    endloop
  endfacet
  facet normal 0 0 1
    outer loop
      vertex 7.811012995433623 -7.416711471686571 11.9
      vertex 7.811012995433623 -7.043288528313429 11.9
      vertex 7.428987004566377 -7.043288528313429 11.9
    endloop
  endfacet
  facet normal -1 0 0
    outer loop
      vertex 6.220000000000001 -17.52 11.9
      vertex 6.220000000000001 0.5199999999999996 11.9
      vertex 6.220000000000001 0.5199999999999996 2
    endloop
  endfacet
  facet normal 0 0 1
    outer loop
      vertex 6.52 -8.5 11.9
      vertex 6.52 -5.96 11.9
      vertex 6.220000000000001 0.5199999999999996 11.9
    endloop
  endfacet
  facet normal 0 0 1
    outer loop
      vertex 6.52 -5.96 11.9
      vertex 6.586338117135501 -5.583777842341764 11.9
      vertex 6.52 -3.42 11.9
    endloop
  endfacet
  facet normal 0 0 1
    outer loop
      vertex 6.586338117135501 -5.583777842341764 11.9
      vertex 6.777351112569124 -5.252933629344807 11.9
      vertex 6.586338117135501 -3.7962221576582356 11.9
    endloop
  endfacet
  facet normal 0 0 1
    outer loop
      vertex 6.586338117135501 -3.7962221576582356 11.9
      vertex 6.777351112569124 -5.252933629344807 11.9
      vertex 6.777351112569124 -4.127066370655193 11.9
    endloop
  endfacet
  facet normal 0 0 1
    outer loop
      vertex 6.586338117135501 -5.583777842341764 11.9
      vertex 6.586338117135501 -3.7962221576582356 11.9
      vertex 6.52 -3.42 11.9
    endloop
  endfacet
  facet normal 0 0 1
    outer loop
      vertex 6.52 -5.96 11.9
      vertex 6.52 -3.42 11.9
      vertex 6.220000000000001 0.5199999999999996 11.9
    endloop
  endfacet
  facet normal 0 0 1
    outer loop
      vertex 6.777351112569124 -5.252933629344807 11.9
      vertex 7.07 -5.007372055837117 11.9
      vertex 6.777351112569124 -4.127066370655193 11.9
    endloop
  endfacet
  facet normal 0 0 1
    outer loop
      vertex 7.07 -5.007372055837117 11.9
      vertex 7.428987004566377 -4.876711471686571 11.9
      vertex 6.777351112569124 -4.127066370655193 11.9
    endloop
  endfacet
  facet normal 0 0 1
    outer loop
      vertex 7.07 -4.372627944162883 11.9
      vertex 6.777351112569124 -4.127066370655193 11.9
      vertex 7.428987004566377 -4.876711471686571 11.9
    endloop
  endfacet
  facet normal 0 0 1
    outer loop
      vertex 7.07 -4.372627944162883 11.9
      vertex 7.428987004566377 -4.876711471686571 11.9
      vertex 7.428987004566377 -4.503288528313429 11.9
    endloop
  endfacet
  facet normal 0 0 1
    outer loop
      vertex 7.428987004566377 -4.876711471686571 11.9
      vertex 7.811012995433623 -4.876711471686571 11.9
      vertex 7.428987004566377 -4.503288528313429 11.9
    endloop
  endfacet
  facet normal 0 0 1
    outer loop
      vertex 7.428987004566377 -4.503288528313429 11.9
      vertex 7.811012995433623 -4.876711471686571 11.9
      vertex 7.811012995433623 -4.503288528313429 11.9
    endloop
  endfacet
  facet normal 0 0 1
    outer loop
      vertex 6.52 -3.42 11.9
      vertex 6.586338117135501 -3.0437778423417643 11.9
      vertex 6.220000000000001 0.5199999999999996 11.9
    endloop
  endfacet
  facet normal 0 0 1
    outer loop
      vertex 6.586338117135501 -3.0437778423417643 11.9
      vertex 6.777351112569124 -2.7129336293448065 11.9
      vertex 6.220000000000001 0.5199999999999996 11.9
    endloop
  endfacet
  facet normal 0 0 1
    outer loop
      vertex 6.586338117135501 -1.2562221576582355 11.9
      vertex 6.777351112569124 -2.7129336293448065 11.9
      vertex 6.777351112569124 -1.5870663706551933 11.9
    endloop
  endfacet
  facet normal 0 0 1
    outer loop
      vertex 6.586338117135501 -1.2562221576582355 11.9
      vertex 6.52 -0.8799999999999999 11.9
      vertex 6.777351112569124 -2.7129336293448065 11.9
    endloop
  endfacet
  facet normal 0 0 1
    outer loop
      vertex 6.52 -0.8799999999999999 11.9
      vertex 6.220000000000001 0.5199999999999996 11.9
      vertex 6.777351112569124 -2.7129336293448065 11.9
    endloop
  endfacet
  facet normal 0 0 1
    outer loop
      vertex 6.52 -0.8799999999999999 11.9
      vertex 6.586338117135501 -0.5037778423417643 11.9
      vertex 6.220000000000001 0.5199999999999996 11.9
    endloop
  endfacet
  facet normal 0 0 1
    outer loop
      vertex 6.586338117135501 -0.5037778423417643 11.9
      vertex 6.777351112569124 -0.1729336293448066 11.9
      vertex 6.220000000000001 0.5199999999999996 11.9
    endloop
  endfacet
  facet normal 0 0 1
    outer loop
      vertex 6.777351112569124 -2.7129336293448065 11.9
      vertex 7.07 -2.4673720558371173 11.9
      vertex 6.777351112569124 -1.5870663706551933 11.9
    endloop
  endfacet
  facet normal 0 0 1
    outer loop
      vertex 7.07 -2.4673720558371173 11.9
      vertex 7.428987004566377 -2.336711471686571 11.9
      vertex 7.07 -1.8326279441628825 11.9
    endloop
  endfacet
  facet normal 0 0 1
    outer loop
      vertex 7.07 -2.4673720558371173 11.9
      vertex 7.07 -1.8326279441628825 11.9
      vertex 6.777351112569124 -1.5870663706551933 11.9
    endloop
  endfacet
  facet normal 0 0 1
    outer loop
      vertex 7.428987004566377 -2.336711471686571 11.9
      vertex 7.811012995433623 -2.336711471686571 11.9
      vertex 7.428987004566377 -1.9632885283134287 11.9
    endloop
  endfacet
  facet normal 0 0 1
    outer loop
      vertex 7.07 -1.8326279441628825 11.9
      vertex 7.428987004566377 -2.336711471686571 11.9
      vertex 7.428987004566377 -1.9632885283134287 11.9
    endloop
  endfacet
  facet normal 0 0 1
    outer loop
      vertex 7.811012995433623 -2.336711471686571 11.9
      vertex 7.811012995433623 -1.9632885283134287 11.9
      vertex 7.428987004566377 -1.9632885283134287 11.9
    endloop
  endfacet
  facet normal 0 -1 0
    outer loop
      vertex 9.02 -17.52 11.9
      vertex 6.220000000000001 -17.52 2
      vertex 9.02 -17.52 2
    endloop
  endfacet
  facet normal 0 0 1
    outer loop
      vertex 7.811012995433623 -17.20328852831343 11.9
      vertex 9.02 -17.52 11.9
      vertex 8.17 -17.072627944162882 11.9
    endloop
  endfacet
  facet normal 1 0 0
    outer loop
      vertex 9.02 -17.52 11.9
      vertex 9.02 -17.52 2
      vertex 9.02 0.5199999999999996 11.9
    endloop
  endfacet
  facet normal 0 0 1
    outer loop
      vertex 8.17 -17.072627944162882 11.9
      vertex 9.02 -17.52 11.9
      vertex 8.462648887430877 -16.827066370655196 11.9
    endloop
  endfacet
  facet normal 0 0 1
    outer loop
      vertex 9.02 -17.52 11.9
      vertex 8.6536618828645 -16.496222157658238 11.9
      vertex 8.462648887430877 -16.827066370655196 11.9
    endloop
  endfacet
  facet normal 0 0 1
    outer loop
      vertex 7.811012995433623 -15.036711471686573 11.9
      vertex 8.17 -15.167372055837118 11.9
      vertex 7.811012995433623 -14.663288528313428 11.9
    endloop
  endfacet
  facet normal 0 0 1
    outer loop
      vertex 7.811012995433623 -14.663288528313428 11.9
      vertex 8.17 -15.167372055837118 11.9
      vertex 8.17 -14.532627944162883 11.9
    endloop
  endfacet
  facet normal 0 0 1
    outer loop
      vertex 8.6536618828645 -15.743777842341766 11.9
      vertex 8.462648887430877 -14.287066370655193 11.9
      vertex 8.462648887430877 -15.412933629344808 11.9
    endloop
  endfacet
  facet normal 0 0 1
    outer loop
      vertex 8.72 -16.12 11.9
      vertex 8.462648887430877 -14.287066370655193 11.9
      vertex 8.6536618828645 -15.743777842341766 11.9
    endloop
  endfacet
  facet normal 0 0 1
    outer loop
      vertex 9.02 -17.52 11.9
      vertex 8.6536618828645 -13.956222157658235 11.9
      vertex 8.462648887430877 -14.287066370655193 11.9
    endloop
  endfacet
  facet normal 0 0 1
    outer loop
      vertex 8.17 -15.167372055837118 11.9
      vertex 8.462648887430877 -15.412933629344808 11.9
      vertex 8.17 -14.532627944162883 11.9
    endloop
  endfacet
  facet normal 0 0 1
    outer loop
      vertex 8.17 -14.532627944162883 11.9
      vertex 8.462648887430877 -15.412933629344808 11.9
      vertex 8.462648887430877 -14.287066370655193 11.9
    endloop
  endfacet
  facet normal 0 0 1
    outer loop
      vertex 9.02 -17.52 11.9
      vertex 8.72 -16.12 11.9
      vertex 8.6536618828645 -16.496222157658238 11.9
    endloop
  endfacet
  facet normal 0 0 1
    outer loop
      vertex 9.02 -17.52 11.9
      vertex 8.462648887430877 -14.287066370655193 11.9
      vertex 8.72 -16.12 11.9
    endloop
  endfacet
  facet normal 0 0 1
    outer loop
      vertex 9.02 -17.52 11.9
      vertex 8.72 -13.58 11.9
      vertex 8.6536618828645 -13.956222157658235 11.9
    endloop
  endfacet
  facet normal 0 0 1
    outer loop
      vertex 7.811012995433623 -12.496711471686572 11.9
      vertex 8.17 -12.627372055837117 11.9
      vertex 7.811012995433623 -12.123288528313427 11.9
    endloop
  endfacet
  facet normal 0 0 1
    outer loop
      vertex 7.811012995433623 -12.123288528313427 11.9
      vertex 8.17 -12.627372055837117 11.9
      vertex 8.462648887430877 -12.872933629344807 11.9
    endloop
  endfacet
  facet normal 0 0 1
    outer loop
      vertex 7.811012995433623 -12.123288528313427 11.9
      vertex 8.462648887430877 -12.872933629344807 11.9
      vertex 8.17 -11.992627944162882 11.9
    endloop
  endfacet
  facet normal 0 0 1
    outer loop
      vertex 8.6536618828645 -13.203777842341765 11.9
      vertex 8.462648887430877 -11.747066370655192 11.9
      vertex 8.462648887430877 -12.872933629344807 11.9
    endloop
  endfacet
  facet normal 0 0 1
    outer loop
      vertex 8.72 -13.58 11.9
      vertex 8.6536618828645 -11.416222157658234 11.9
      vertex 8.6536618828645 -13.203777842341765 11.9
    endloop
  endfacet
  facet normal 0 0 1
    outer loop
      vertex 8.462648887430877 -12.872933629344807 11.9
      vertex 8.462648887430877 -11.747066370655192 11.9
      vertex 8.17 -11.992627944162882 11.9
    endloop
  endfacet
  facet normal 0 0 1
    outer loop
      vertex 8.6536618828645 -13.203777842341765 11.9
      vertex 8.6536618828645 -11.416222157658234 11.9
      vertex 8.462648887430877 -11.747066370655192 11.9
    endloop
  endfacet
  facet normal 0 0 1
    outer loop
      vertex 8.72 -13.58 11.9
      vertex 8.72 -11.04 11.9
      vertex 8.6536618828645 -11.416222157658234 11.9
    endloop
  endfacet
  facet normal 0 0 1
    outer loop
      vertex 9.02 -17.52 11.9
      vertex 8.72 -11.04 11.9
      vertex 8.72 -13.58 11.9
    endloop
  endfacet
  facet normal 0 0 1
    outer loop
      vertex 9.02 -17.52 11.9
      vertex 8.72 -8.5 11.9
      vertex 8.72 -11.04 11.9
    endloop
  endfacet
  facet normal 1 0 0
    outer loop
      vertex 9.02 0.5199999999999996 11.9
      vertex 9.02 -17.52 2
      vertex 9.02 0.5199999999999996 2
    endloop
  endfacet
  facet normal 0 0 1
    outer loop
      vertex 8.6536618828645 -10.663777842341764 11.9
      vertex 8.462648887430877 -9.207066370655193 11.9
      vertex 8.462648887430877 -10.332933629344806 11.9
    endloop
  endfacet
  facet normal 0 0 1
    outer loop
      vertex 8.72 -11.04 11.9
      vertex 8.6536618828645 -8.876222157658235 11.9
      vertex 8.6536618828645 -10.663777842341764 11.9
    endloop
  endfacet
  facet normal 0 0 1
    outer loop
      vertex 7.811012995433623 -9.956711471686571 11.9
      vertex 8.17 -10.087372055837116 11.9
      vertex 7.428987004566377 -9.583288528313428 11.9
    endloop
  endfacet
  facet normal 0 0 1
    outer loop
      vertex 7.428987004566377 -9.583288528313428 11.9
      vertex 8.17 -10.087372055837116 11.9
      vertex 7.811012995433623 -9.583288528313428 11.9
    endloop
  endfacet
  facet normal 0 0 1
    outer loop
      vertex 7.811012995433623 -9.583288528313428 11.9
      vertex 8.17 -10.087372055837116 11.9
      vertex 8.17 -9.452627944162883 11.9
    endloop
  endfacet
  facet normal 0 0 1
    outer loop
      vertex 8.17 -10.087372055837116 11.9
      vertex 8.462648887430877 -10.332933629344806 11.9
      vertex 8.17 -9.452627944162883 11.9
    endloop
  endfacet
  facet normal 0 0 1
    outer loop
      vertex 8.462648887430877 -10.332933629344806 11.9
      vertex 8.462648887430877 -9.207066370655193 11.9
      vertex 8.17 -9.452627944162883 11.9
    endloop
  endfacet
  facet normal 0 0 1
    outer loop
      vertex 8.6536618828645 -10.663777842341764 11.9
      vertex 8.6536618828645 -8.876222157658235 11.9
      vertex 8.462648887430877 -9.207066370655193 11.9
    endloop
  endfacet
  facet normal 0 0 1
    outer loop
      vertex 8.72 -11.04 11.9
      vertex 8.72 -8.5 11.9
      vertex 8.6536618828645 -8.876222157658235 11.9
    endloop
  endfacet
  facet normal 0 0 1
    outer loop
      vertex 9.02 -17.52 11.9
      vertex 8.72 -5.96 11.9
      vertex 8.72 -8.5 11.9
    endloop
  endfacet
  facet normal 0 0 1
    outer loop
      vertex 9.02 -17.52 11.9
      vertex 8.72 -3.42 11.9
      vertex 8.72 -5.96 11.9
    endloop
  endfacet
  facet normal 0 0 1
    outer loop
      vertex 7.811012995433623 -7.416711471686571 11.9
      vertex 8.17 -7.547372055837117 11.9
      vertex 7.811012995433623 -7.043288528313429 11.9
    endloop
  endfacet
  facet normal 0 0 1
    outer loop
      vertex 8.17 -7.547372055837117 11.9
      vertex 8.462648887430877 -7.792933629344807 11.9
      vertex 8.17 -6.912627944162883 11.9
    endloop
  endfacet
  facet normal 0 0 1
    outer loop
      vertex 8.72 -8.5 11.9
      vertex 8.6536618828645 -6.336222157658236 11.9
      vertex 8.6536618828645 -8.123777842341765 11.9
    endloop
  endfacet
  facet normal 0 0 1
    outer loop
      vertex 8.6536618828645 -8.123777842341765 11.9
      vertex 8.462648887430877 -6.667066370655193 11.9
      vertex 8.462648887430877 -7.792933629344807 11.9
    endloop
  endfacet
  facet normal 0 0 1
    outer loop
      vertex 7.811012995433623 -7.043288528313429 11.9
      vertex 8.17 -7.547372055837117 11.9
      vertex 8.17 -6.912627944162883 11.9
    endloop
  endfacet
  facet normal 0 0 1
    outer loop
      vertex 8.462648887430877 -7.792933629344807 11.9
      vertex 8.462648887430877 -6.667066370655193 11.9
      vertex 8.17 -6.912627944162883 11.9
    endloop
  endfacet
  facet normal 0 0 1
    outer loop
      vertex 8.6536618828645 -8.123777842341765 11.9
      vertex 8.6536618828645 -6.336222157658236 11.9
      vertex 8.462648887430877 -6.667066370655193 11.9
    endloop
  endfacet
  facet normal 0 0 1
    outer loop
      vertex 8.72 -8.5 11.9
      vertex 8.72 -5.96 11.9
      vertex 8.6536618828645 -6.336222157658236 11.9
    endloop
  endfacet
  facet normal 0 0 1
    outer loop
      vertex 9.02 -17.52 11.9
      vertex 9.02 0.5199999999999996 11.9
      vertex 8.72 -3.42 11.9
    endloop
  endfacet
  facet normal 0 0 1
    outer loop
      vertex 7.811012995433623 -4.876711471686571 11.9
      vertex 8.17 -5.007372055837117 11.9
      vertex 7.811012995433623 -4.503288528313429 11.9
    endloop
  endfacet
  facet normal 0 0 1
    outer loop
      vertex 7.811012995433623 -4.503288528313429 11.9
      vertex 8.17 -5.007372055837117 11.9
      vertex 8.17 -4.372627944162883 11.9
    endloop
  endfacet
  facet normal 0 0 1
    outer loop
      vertex 8.72 -5.96 11.9
      vertex 8.6536618828645 -3.7962221576582356 11.9
      vertex 8.6536618828645 -5.583777842341764 11.9
    endloop
  endfacet
  facet normal 0 0 1
    outer loop
      vertex 8.17 -5.007372055837117 11.9
      vertex 8.462648887430877 -5.252933629344807 11.9
      vertex 8.17 -4.372627944162883 11.9
    endloop
  endfacet
  facet normal 0 0 1
    outer loop
      vertex 8.17 -4.372627944162883 11.9
      vertex 8.462648887430877 -5.252933629344807 11.9
      vertex 8.462648887430877 -4.127066370655193 11.9
    endloop
  endfacet
  facet normal 0 0 1
    outer loop
      vertex 8.6536618828645 -5.583777842341764 11.9
      vertex 8.462648887430877 -4.127066370655193 11.9
      vertex 8.462648887430877 -5.252933629344807 11.9
    endloop
  endfacet
  facet normal 0 0 1
    outer loop
      vertex 8.6536618828645 -5.583777842341764 11.9
      vertex 8.6536618828645 -3.7962221576582356 11.9
      vertex 8.462648887430877 -4.127066370655193 11.9
    endloop
  endfacet
  facet normal 0 0 1
    outer loop
      vertex 8.72 -5.96 11.9
      vertex 8.72 -3.42 11.9
      vertex 8.6536618828645 -3.7962221576582356 11.9
    endloop
  endfacet
  facet normal 0 0 1
    outer loop
      vertex 7.811012995433623 -2.336711471686571 11.9
      vertex 8.17 -2.4673720558371173 11.9
      vertex 7.811012995433623 -1.9632885283134287 11.9
    endloop
  endfacet
  facet normal 0 0 1
    outer loop
      vertex 7.811012995433623 -1.9632885283134287 11.9
      vertex 8.17 -2.4673720558371173 11.9
      vertex 8.17 -1.8326279441628825 11.9
    endloop
  endfacet
  facet normal 0 0 1
    outer loop
      vertex 8.17 -2.4673720558371173 11.9
      vertex 8.462648887430877 -2.7129336293448065 11.9
      vertex 8.17 -1.8326279441628825 11.9
    endloop
  endfacet
  facet normal 0 0 1
    outer loop
      vertex 8.72 -3.42 11.9
      vertex 8.6536618828645 -1.2562221576582355 11.9
      vertex 8.6536618828645 -3.0437778423417643 11.9
    endloop
  endfacet
  facet normal 0 0 1
    outer loop
      vertex 8.6536618828645 -3.0437778423417643 11.9
      vertex 8.462648887430877 -1.5870663706551933 11.9
      vertex 8.462648887430877 -2.7129336293448065 11.9
    endloop
  endfacet
  facet normal 0 0 1
    outer loop
      vertex 8.17 -1.8326279441628825 11.9
      vertex 8.462648887430877 -2.7129336293448065 11.9
      vertex 8.462648887430877 -1.5870663706551933 11.9
    endloop
  endfacet
  facet normal 0 0 1
    outer loop
      vertex 8.6536618828645 -3.0437778423417643 11.9
      vertex 8.6536618828645 -1.2562221576582355 11.9
      vertex 8.462648887430877 -1.5870663706551933 11.9
    endloop
  endfacet
  facet normal 0 0 1
    outer loop
      vertex 8.72 -3.42 11.9
      vertex 8.72 -0.8799999999999999 11.9
      vertex 8.6536618828645 -1.2562221576582355 11.9
    endloop
  endfacet
  facet normal 0 0 1
    outer loop
      vertex 8.6536618828645 -0.5037778423417643 11.9
      vertex 9.02 0.5199999999999996 11.9
      vertex 8.462648887430877 -0.1729336293448066 11.9
    endloop
  endfacet
  facet normal 0 0 1
    outer loop
      vertex 8.72 -3.42 11.9
      vertex 9.02 0.5199999999999996 11.9
      vertex 8.72 -0.8799999999999999 11.9
    endloop
  endfacet
  facet normal 0 0 1
    outer loop
      vertex 8.72 -0.8799999999999999 11.9
      vertex 9.02 0.5199999999999996 11.9
      vertex 8.6536618828645 -0.5037778423417643 11.9
    endloop
  endfacet
  facet normal 0 1 0
    outer loop
      vertex 6.220000000000001 0.5199999999999996 11.9
      vertex 9.02 0.5199999999999996 2
      vertex 6.220000000000001 0.5199999999999996 2
    endloop
  endfacet
  facet normal 0 0 1
    outer loop
      vertex 6.220000000000001 0.5199999999999996 11.9
      vertex 6.777351112569124 -0.1729336293448066 11.9
      vertex 7.07 0.07262794416288265 11.9
    endloop
  endfacet
  facet normal 0 0 1
    outer loop
      vertex 6.220000000000001 0.5199999999999996 11.9
      vertex 7.07 0.07262794416288265 11.9
      vertex 7.428987004566377 0.20328852831342892 11.9
    endloop
  endfacet
  facet normal 0 0 1
    outer loop
      vertex 6.220000000000001 0.5199999999999996 11.9
      vertex 7.428987004566377 0.20328852831342892 11.9
      vertex 7.811012995433623 0.20328852831342892 11.9
    endloop
  endfacet
  facet normal 0 0 1
    outer loop
      vertex 6.220000000000001 0.5199999999999996 11.9
      vertex 7.811012995433623 0.20328852831342892 11.9
      vertex 9.02 0.5199999999999996 11.9
    endloop
  endfacet
  facet normal 0 1 0
    outer loop
      vertex 6.220000000000001 0.5199999999999996 11.9
      vertex 9.02 0.5199999999999996 11.9
      vertex 9.02 0.5199999999999996 2
    endloop
  endfacet
  facet normal 0 0 1
    outer loop
      vertex 7.811012995433623 0.20328852831342892 11.9
      vertex 8.17 0.07262794416288265 11.9
      vertex 9.02 0.5199999999999996 11.9
    endloop
  endfacet
  facet normal 0 0 1
    outer loop
      vertex 8.462648887430877 -0.1729336293448066 11.9
      vertex 9.02 0.5199999999999996 11.9
      vertex 8.17 0.07262794416288265 11.9
    endloop
  endfacet
endsolid OpenSCAD_Model
