solid OpenSCAD_Model
  facet normal -0.7660444446750496 -0.6427876078320856 0
    outer loop
      vertex -12.666610784828663 -20.23653519153595 2
      vertex -12.666610784828663 -20.23653519153595 2.02
      vertex -12.92032928019762 -19.93416526168585 2.02
    endloop
  endfacet
  facet normal -0.5971585970645978 -0.8021231887633231 0
    outer loop
      vertex -12.666610784828663 -20.23653519153595 2
      vertex -12.350000001490116 -20.472243189811707 2
      vertex -12.666610784828663 -20.23653519153595 2.02
    endloop
  endfacet
  facet normal -0.5971585970645978 -0.8021231887633231 0
    outer loop
      vertex -12.666610784828663 -20.23653519153595 2.02
      vertex -12.350000001490116 -20.472243189811707 2
      vertex -12.350000001490116 -20.472243189811707 2.02
    endloop
  endfacet
  facet normal -0.573527965807757 -0.7703817428737364 0.27852763360794336
    outer loop
      vertex -12.666610784828663 -20.23653519153595 2.02
      vertex -12.350000001490116 -20.472243189811707 2.02
      vertex -12.384061992168427 -20.02026192843914 3.2
    endloop
  endfacet
  facet normal -0.9730448713221533 -0.23061586761030578 0
    outer loop
      vertex -13.097477458417416 -19.58143424242735 2
      vertex -13.097477458417416 -19.58143424242735 2.02
      vertex -13.188505209982395 -19.197357952594757 2
    endloop
  endfacet
  facet normal -0.8936326380987791 -0.44879918463007107 0
    outer loop
      vertex -12.92032928019762 -19.93416526168585 2
      vertex -12.92032928019762 -19.93416526168585 2.02
      vertex -13.097477458417416 -19.58143424242735 2
    endloop
  endfacet
  facet normal -0.8936326380987791 -0.44879918463007107 0
    outer loop
      vertex -12.92032928019762 -19.93416526168585 2.02
      vertex -13.097477458417416 -19.58143424242735 2.02
      vertex -13.097477458417416 -19.58143424242735 2
    endloop
  endfacet
  facet normal -0.9730448713221533 -0.23061586761030578 0
    outer loop
      vertex -13.097477458417416 -19.58143424242735 2.02
      vertex -13.188505209982395 -19.197357952594757 2.02
      vertex -13.188505209982395 -19.197357952594757 2
    endloop
  endfacet
  facet normal -0.7660444446750496 -0.6427876078320856 0
    outer loop
      vertex -12.666610784828663 -20.23653519153595 2
      vertex -12.92032928019762 -19.93416526168585 2.02
      vertex -12.92032928019762 -19.93416526168585 2
    endloop
  endfacet
  facet normal -0.8575183842921331 -0.4306619244507326 0.2814116689645278
    outer loop
      vertex -12.92032928019762 -19.93416526168585 2.02
      vertex -12.63569226861 -19.729865103960037 3.2
      vertex -13.097477458417416 -19.58143424242735 2.02
    endloop
  endfacet
  facet normal -0.9349227201270954 -0.22158075193154603 0.2771668771040355
    outer loop
      vertex -13.097477458417416 -19.58143424242735 2.02
      vertex -12.795315511524677 -19.380338951945305 3.2
      vertex -13.188505209982395 -19.197357952594757 2.02
    endloop
  endfacet
  facet normal -0.7345266157954047 -0.616341009373687 0.2838915476944928
    outer loop
      vertex -12.666610784828663 -20.23653519153595 2.02
      vertex -12.63569226861 -19.729865103960037 3.2
      vertex -12.92032928019762 -19.93416526168585 2.02
    endloop
  endfacet
  facet normal -0.9460348338820619 -0.13601928520804987 0.2941374629883635
    outer loop
      vertex -13.188505209982395 -19.197357952594757 2.02
      vertex -12.795315511524677 -19.380338951945305 3.2
      vertex -12.850000001490116 -19 3.2
    endloop
  endfacet
  facet normal -0.8703723002654384 -0.3974857054633785 0.2906151628579104
    outer loop
      vertex -13.097477458417416 -19.58143424242735 2.02
      vertex -12.63569226861 -19.729865103960037 3.2
      vertex -12.795315511524677 -19.380338951945305 3.2
    endloop
  endfacet
  facet normal -0.7236798703198674 -0.6270721663380123 0.2882150993580526
    outer loop
      vertex -12.666610784828663 -20.23653519153595 2.02
      vertex -12.384061992168427 -20.02026192843914 3.2
      vertex -12.63569226861 -19.729865103960037 3.2
    endloop
  endfacet
  facet normal 0 0 1
    outer loop
      vertex -12.63569226861 -19.729865103960037 3.2
      vertex -12.850000001490116 -19 3.2
      vertex -12.795315511524677 -19.380338951945305 3.2
    endloop
  endfacet
  facet normal -1 0 0
    outer loop
      vertex -13.188505209982395 -19.197357952594757 2
      vertex -13.188505209982395 -19.197357952594757 2.02
      vertex -13.188505209982395 -2.5 2
    endloop
  endfacet
  facet normal -0.961230252370618 0 0.2757469889727136
    outer loop
      vertex -13.188505209982395 -19.197357952594757 2.02
      vertex -12.850000001490116 -19 3.2
      vertex -13.188505209982395 -2.5 2.02
    endloop
  endfacet
  facet normal -0.39607975943396295 -0.9182161097294765 0
    outer loop
      vertex -12.350000001490116 -20.472243189811707 2
      vertex -11.987565495073795 -20.628582172095776 2.02
      vertex -12.350000001490116 -20.472243189811707 2.02
    endloop
  endfacet
  facet normal -0.39607975943396295 -0.9182161097294765 0
    outer loop
      vertex -12.350000001490116 -20.472243189811707 2
      vertex -11.987565495073795 -20.628582172095776 2
      vertex -11.987565495073795 -20.628582172095776 2.02
    endloop
  endfacet
  facet normal -0.17364817922820444 -0.9848077527369135 0
    outer loop
      vertex -11.987565495073795 -20.628582172095776 2
      vertex -11.598846212029457 -20.697123870253563 2
      vertex -11.987565495073795 -20.628582172095776 2.02
    endloop
  endfacet
  facet normal -0.17364817922820444 -0.9848077527369135 0
    outer loop
      vertex -11.987565495073795 -20.628582172095776 2.02
      vertex -11.598846212029457 -20.697123870253563 2
      vertex -11.598846212029457 -20.697123870253563 2.02
    endloop
  endfacet
  facet normal -0.3806980037260679 -0.882557191164446 0.27597433627587614
    outer loop
      vertex -12.350000001490116 -20.472243189811707 2.02
      vertex -11.987565495073795 -20.628582172095776 2.02
      vertex -12.060810267925262 -20.228003196418285 3.2
    endloop
  endfacet
  facet normal -0.1668903804017487 -0.9464823714670988 0.27625843232628466
    outer loop
      vertex -11.987565495073795 -20.628582172095776 2.02
      vertex -11.598846212029457 -20.697123870253563 2.02
      vertex -11.692125029861927 -20.336258947849274 3.2
    endloop
  endfacet
  facet normal -0.5168882051988322 -0.8042937505717466 0.293152087008711
    outer loop
      vertex -12.350000001490116 -20.472243189811707 2.02
      vertex -12.060810267925262 -20.228003196418285 3.2
      vertex -12.384061992168427 -20.02026192843914 3.2
    endloop
  endfacet
  facet normal -0.2692329587764991 -0.9169232691002858 0.29455955678079243
    outer loop
      vertex -11.987565495073795 -20.628582172095776 2.02
      vertex -11.692125029861927 -20.336258947849274 3.2
      vertex -12.060810267925262 -20.228003196418285 3.2
    endloop
  endfacet
  facet normal 0 0 1
    outer loop
      vertex -12.384061992168427 -20.02026192843914 3.2
      vertex -12.060810267925262 -20.228003196418285 3.2
      vertex -11.692125029861927 -20.336258947849274 3.2
    endloop
  endfacet
  facet normal 0 0 1
    outer loop
      vertex -12.63569226861 -19.729865103960037 3.2
      vertex -12.384061992168427 -20.02026192843914 3.2
      vertex -11.692125029861927 -20.336258947849274 3.2
    endloop
  endfacet
  facet normal 0 0 1
    outer loop
      vertex -12.63569226861 -19.729865103960037 3.2
      vertex -11.5 -19.5 3.2
      vertex -11.853553391993046 -19.353553391993046 3.2
    endloop
  endfacet
  facet normal 0 0 1
    outer loop
      vertex -12.63569226861 -19.729865103960037 3.2
      vertex -11.853553391993046 -19.353553391993046 3.2
      vertex -12 -19 3.2
    endloop
  endfacet
  facet normal -1 0 0
    outer loop
      vertex -13.188505209982395 -19.197357952594757 2.02
      vertex -13.188505209982395 -2.5 2.02
      vertex -13.188505209982395 -2.5 2
    endloop
  endfacet
  facet normal -0.961230252370618 0 0.27574698897271355
    outer loop
      vertex -12.850000001490116 -19 3.2
      vertex -13.188505209982395 2.5 2.02
      vertex -13.188505209982395 -2.5 2.02
    endloop
  endfacet
  facet normal 0 0 1
    outer loop
      vertex -12.63569226861 -19.729865103960037 3.2
      vertex -12.63569226861 19.729865103960037 3.2
      vertex -12.850000001490116 -19 3.2
    endloop
  endfacet
  facet normal 0 0 1
    outer loop
      vertex -12.63569226861 -19.729865103960037 3.2
      vertex -12 -19 3.2
      vertex -12 19 3.2
    endloop
  endfacet
  facet normal 0 0 1
    outer loop
      vertex -12.63569226861 -19.729865103960037 3.2
      vertex -11.692125029861927 -20.336258947849274 3.2
      vertex 11.692125029861927 -20.336258947849274 3.2
    endloop
  endfacet
  facet normal 0 0 1
    outer loop
      vertex -12.63569226861 -19.729865103960037 3.2
      vertex 11.692125029861927 -20.336258947849274 3.2
      vertex -11.5 -19.5 3.2
    endloop
  endfacet
  facet normal 0 -1 0
    outer loop
      vertex -11.598846212029457 -20.697123870253563 2
      vertex 11.401153787970543 -20.697123870253563 2.02
      vertex -11.598846212029457 -20.697123870253563 2.02
    endloop
  endfacet
  facet normal 0 -0.9562814782836901 0.29244783174364647
    outer loop
      vertex -11.598846212029457 -20.697123870253563 2.02
      vertex 11.401153787970543 -20.697123870253563 2.02
      vertex -11.692125029861927 -20.336258947849274 3.2
    endloop
  endfacet
  facet normal -0.961230252370618 0 0.2757469889727136
    outer loop
      vertex -12.850000001490116 -19 3.2
      vertex -13.188505209982395 19.197357952594757 2.02
      vertex -13.188505209982395 2.5 2.02
    endloop
  endfacet
  facet normal -1 0 0
    outer loop
      vertex -13.188505209982395 19.197357952594757 2
      vertex -13.188505209982395 2.5 2
      vertex -13.188505209982395 2.5 2.02
    endloop
  endfacet
  facet normal -0.9612302523706181 0 0.2757469889727136
    outer loop
      vertex -12.850000001490116 -19 3.2
      vertex -12.850000001490116 19 3.2
      vertex -13.188505209982395 19.197357952594757 2.02
    endloop
  endfacet
  facet normal 0 0 1
    outer loop
      vertex -12.63569226861 -19.729865103960037 3.2
      vertex -12 19 3.2
      vertex -12.63569226861 19.729865103960037 3.2
    endloop
  endfacet
  facet normal 0 0 1
    outer loop
      vertex -12.850000001490116 -19 3.2
      vertex -12.63569226861 19.729865103960037 3.2
      vertex -12.850000001490116 19 3.2
    endloop
  endfacet
  facet normal -1 0 0
    outer loop
      vertex -13.188505209982395 19.197357952594757 2
      vertex -13.188505209982395 2.5 2.02
      vertex -13.188505209982395 19.197357952594757 2.02
    endloop
  endfacet
  facet normal -0.9730448713221533 0.23061586761030578 0
    outer loop
      vertex -13.188505209982395 19.197357952594757 2
      vertex -13.188505209982395 19.197357952594757 2.02
      vertex -13.097477458417416 19.58143424242735 2.02
    endloop
  endfacet
  facet normal -0.9730448713221533 0.23061586761030578 0
    outer loop
      vertex -13.188505209982395 19.197357952594757 2
      vertex -13.097477458417416 19.58143424242735 2.02
      vertex -13.097477458417416 19.58143424242735 2
    endloop
  endfacet
  facet normal -0.8936326380987791 0.44879918463007107 0
    outer loop
      vertex -13.097477458417416 19.58143424242735 2
      vertex -13.097477458417416 19.58143424242735 2.02
      vertex -12.92032928019762 19.93416526168585 2
    endloop
  endfacet
  facet normal -0.8936326380987791 0.44879918463007107 0
    outer loop
      vertex -13.097477458417416 19.58143424242735 2.02
      vertex -12.92032928019762 19.93416526168585 2.02
      vertex -12.92032928019762 19.93416526168585 2
    endloop
  endfacet
  facet normal -0.7660444446750496 0.6427876078320856 0
    outer loop
      vertex -12.92032928019762 19.93416526168585 2
      vertex -12.92032928019762 19.93416526168585 2.02
      vertex -12.666610784828663 20.23653519153595 2.02
    endloop
  endfacet
  facet normal -0.9349227201270954 0.22158075193154603 0.2771668771040355
    outer loop
      vertex -13.188505209982395 19.197357952594757 2.02
      vertex -12.795315511524677 19.380338951945305 3.2
      vertex -13.097477458417416 19.58143424242735 2.02
    endloop
  endfacet
  facet normal -0.8575183842921331 0.4306619244507326 0.2814116689645278
    outer loop
      vertex -13.097477458417416 19.58143424242735 2.02
      vertex -12.63569226861 19.729865103960037 3.2
      vertex -12.92032928019762 19.93416526168585 2.02
    endloop
  endfacet
  facet normal -0.7345266157954047 0.616341009373687 0.2838915476944928
    outer loop
      vertex -12.92032928019762 19.93416526168585 2.02
      vertex -12.63569226861 19.729865103960037 3.2
      vertex -12.666610784828663 20.23653519153595 2.02
    endloop
  endfacet
  facet normal -0.9460348338820619 0.13601928520804987 0.2941374629883635
    outer loop
      vertex -13.188505209982395 19.197357952594757 2.02
      vertex -12.850000001490116 19 3.2
      vertex -12.795315511524677 19.380338951945305 3.2
    endloop
  endfacet
  facet normal -0.8703723002654384 0.3974857054633785 0.2906151628579104
    outer loop
      vertex -13.097477458417416 19.58143424242735 2.02
      vertex -12.795315511524677 19.380338951945305 3.2
      vertex -12.63569226861 19.729865103960037 3.2
    endloop
  endfacet
  facet normal -0.7236798703198674 0.6270721663380123 0.2882150993580526
    outer loop
      vertex -12.666610784828663 20.23653519153595 2.02
      vertex -12.63569226861 19.729865103960037 3.2
      vertex -12.384061992168427 20.02026192843914 3.2
    endloop
  endfacet
  facet normal -0.7660444446750496 0.6427876078320856 0
    outer loop
      vertex -12.92032928019762 19.93416526168585 2
      vertex -12.666610784828663 20.23653519153595 2.02
      vertex -12.666610784828663 20.23653519153595 2
    endloop
  endfacet
  facet normal -0.5971585970645978 0.8021231887633231 0
    outer loop
      vertex -12.666610784828663 20.23653519153595 2
      vertex -12.666610784828663 20.23653519153595 2.02
      vertex -12.350000001490116 20.472243189811707 2
    endloop
  endfacet
  facet normal -0.5971585970645978 0.8021231887633231 0
    outer loop
      vertex -12.666610784828663 20.23653519153595 2.02
      vertex -12.350000001490116 20.472243189811707 2.02
      vertex -12.350000001490116 20.472243189811707 2
    endloop
  endfacet
  facet normal -0.573527965807757 0.7703817428737364 0.27852763360794336
    outer loop
      vertex -12.666610784828663 20.23653519153595 2.02
      vertex -12.384061992168427 20.02026192843914 3.2
      vertex -12.350000001490116 20.472243189811707 2.02
    endloop
  endfacet
  facet normal 0 0 1
    outer loop
      vertex -12.850000001490116 19 3.2
      vertex -12.63569226861 19.729865103960037 3.2
      vertex -12.795315511524677 19.380338951945305 3.2
    endloop
  endfacet
  facet normal 0 0 1
    outer loop
      vertex -12.63569226861 19.729865103960037 3.2
      vertex -12.060810267925262 20.228003196418285 3.2
      vertex -12.384061992168427 20.02026192843914 3.2
    endloop
  endfacet
  facet normal -0.39607975943396295 0.9182161097294765 0
    outer loop
      vertex -12.350000001490116 20.472243189811707 2
      vertex -12.350000001490116 20.472243189811707 2.02
      vertex -11.987565495073795 20.628582172095776 2.02
    endloop
  endfacet
  facet normal -0.39607975943396295 0.9182161097294765 0
    outer loop
      vertex -12.350000001490116 20.472243189811707 2
      vertex -11.987565495073795 20.628582172095776 2.02
      vertex -11.987565495073795 20.628582172095776 2
    endloop
  endfacet
  facet normal -0.17364817922820444 0.9848077527369135 0
    outer loop
      vertex -11.987565495073795 20.628582172095776 2
      vertex -11.987565495073795 20.628582172095776 2.02
      vertex -11.598846212029457 20.697123870253563 2
    endloop
  endfacet
  facet normal -0.17364817922820444 0.9848077527369135 0
    outer loop
      vertex -11.987565495073795 20.628582172095776 2.02
      vertex -11.598846212029457 20.697123870253563 2.02
      vertex -11.598846212029457 20.697123870253563 2
    endloop
  endfacet
  facet normal -0.3806980037260679 0.882557191164446 0.27597433627587614
    outer loop
      vertex -12.350000001490116 20.472243189811707 2.02
      vertex -12.060810267925262 20.228003196418285 3.2
      vertex -11.987565495073795 20.628582172095776 2.02
    endloop
  endfacet
  facet normal -0.1668903804017487 0.9464823714670988 0.27625843232628466
    outer loop
      vertex -11.987565495073795 20.628582172095776 2.02
      vertex -11.692125029861927 20.336258947849274 3.2
      vertex -11.598846212029457 20.697123870253563 2.02
    endloop
  endfacet
  facet normal -0.5168882051988322 0.8042937505717466 0.293152087008711
    outer loop
      vertex -12.350000001490116 20.472243189811707 2.02
      vertex -12.384061992168427 20.02026192843914 3.2
      vertex -12.060810267925262 20.228003196418285 3.2
    endloop
  endfacet
  facet normal -0.2692329587764991 0.9169232691002858 0.29455955678079243
    outer loop
      vertex -11.987565495073795 20.628582172095776 2.02
      vertex -12.060810267925262 20.228003196418285 3.2
      vertex -11.692125029861927 20.336258947849274 3.2
    endloop
  endfacet
  facet normal 0 0 1
    outer loop
      vertex -12.63569226861 19.729865103960037 3.2
      vertex -12 19 3.2
      vertex -11.853553391993046 19.353553391993046 3.2
    endloop
  endfacet
  facet normal 0 0 1
    outer loop
      vertex -12.63569226861 19.729865103960037 3.2
      vertex -11.853553391993046 19.353553391993046 3.2
      vertex -11.5 19.5 3.2
    endloop
  endfacet
  facet normal 0 0 1
    outer loop
      vertex -12.63569226861 19.729865103960037 3.2
      vertex -11.5 19.5 3.2
      vertex 11.5 19.5 3.2
    endloop
  endfacet
  facet normal 0 0 1
    outer loop
      vertex -12.63569226861 19.729865103960037 3.2
      vertex 11.692125029861927 20.336258947849274 3.2
      vertex -12.060810267925262 20.228003196418285 3.2
    endloop
  endfacet
  facet normal 0 1 0
    outer loop
      vertex -11.598846212029457 20.697123870253563 2
      vertex -11.598846212029457 20.697123870253563 2.02
      vertex 11.401153787970543 20.697123870253563 2
    endloop
  endfacet
  facet normal 0 0.9562814782836903 0.2924478317436464
    outer loop
      vertex -11.598846212029457 20.697123870253563 2.02
      vertex -11.692125029861927 20.336258947849274 3.2
      vertex 11.692125029861927 20.336258947849274 3.2
    endloop
  endfacet
  facet normal 0 0 1
    outer loop
      vertex -12.060810267925262 20.228003196418285 3.2
      vertex 11.692125029861927 20.336258947849274 3.2
      vertex -11.692125029861927 20.336258947849274 3.2
    endloop
  endfacet
  facet normal 0 -1 0
    outer loop
      vertex -11.598846212029457 -20.697123870253563 2
      vertex 11.401153787970543 -20.697123870253563 2
      vertex 11.401153787970543 -20.697123870253563 2.02
    endloop
  endfacet
  facet normal 0 -0.9562814782836901 0.29244783174364647
    outer loop
      vertex -11.692125029861927 -20.336258947849274 3.2
      vertex 11.401153787970543 -20.697123870253563 2.02
      vertex 11.692125029861927 -20.336258947849274 3.2
    endloop
  endfacet
  facet normal 0 0 1
    outer loop
      vertex -11.5 -19.5 3.2
      vertex 11.692125029861927 -20.336258947849274 3.2
      vertex 11.5 -19.5 3.2
    endloop
  endfacet
  facet normal 0.058144821914470526 -0.9983081586787391 0
    outer loop
      vertex 11.401153787970543 -20.697123870253563 2
      vertex 11.795201905071735 -20.674173183739185 2
      vertex 11.401153787970543 -20.697123870253563 2.02
    endloop
  endfacet
  facet normal 0.058144821914470526 -0.9983081586787391 0
    outer loop
      vertex 11.401153787970543 -20.697123870253563 2.02
      vertex 11.795201905071735 -20.674173183739185 2
      vertex 11.795201905071735 -20.674173183739185 2.02
    endloop
  endfacet
  facet normal 0.28680324962943077 -0.9579895072504699 0
    outer loop
      vertex 11.795201905071735 -20.674173183739185 2
      vertex 12.17333560436964 -20.56096737831831 2.02
      vertex 11.795201905071735 -20.674173183739185 2.02
    endloop
  endfacet
  facet normal 0.28680324962943077 -0.9579895072504699 0
    outer loop
      vertex 11.795201905071735 -20.674173183739185 2
      vertex 12.17333560436964 -20.56096737831831 2
      vertex 12.17333560436964 -20.56096737831831 2.02
    endloop
  endfacet
  facet normal 0.4999999999218642 -0.8660254038295505 0
    outer loop
      vertex 12.17333560436964 -20.56096737831831 2
      vertex 12.515169605612755 -20.363609425723553 2.02
      vertex 12.17333560436964 -20.56096737831831 2.02
    endloop
  endfacet
  facet normal 0.05582958247986733 -0.9585570279545103 0.2793769530207169
    outer loop
      vertex 11.401153787970543 -20.697123870253563 2.02
      vertex 11.795201905071735 -20.674173183739185 2.02
      vertex 11.692125029861927 -20.336258947849274 3.2
    endloop
  endfacet
  facet normal 0.2748834542371042 -0.9181746204624872 0.2852971309446443
    outer loop
      vertex 11.795201905071735 -20.674173183739185 2.02
      vertex 12.17333560436964 -20.56096737831831 2.02
      vertex 12.060810267925262 -20.228003196418285 3.2
    endloop
  endfacet
  facet normal 0.47995061347438317 -0.8312988478346947 0.28033842800135805
    outer loop
      vertex 12.17333560436964 -20.56096737831831 2.02
      vertex 12.515169605612755 -20.363609425723553 2.02
      vertex 12.060810267925262 -20.228003196418285 3.2
    endloop
  endfacet
  facet normal 0.26989697859301176 -0.9191847129579436 0.28680147212102325
    outer loop
      vertex 11.795201905071735 -20.674173183739185 2.02
      vertex 12.060810267925262 -20.228003196418285 3.2
      vertex 11.692125029861927 -20.336258947849274 3.2
    endloop
  endfacet
  facet normal 0.5171443808857146 -0.8046923677232615 0.291602267903153
    outer loop
      vertex 12.060810267925262 -20.228003196418285 3.2
      vertex 12.515169605612755 -20.363609425723553 2.02
      vertex 12.384061992168427 -20.02026192843914 3.2
    endloop
  endfacet
  facet normal 0 0 1
    outer loop
      vertex 11.692125029861927 -20.336258947849274 3.2
      vertex 12.060810267925262 -20.228003196418285 3.2
      vertex 12.384061992168427 -20.02026192843914 3.2
    endloop
  endfacet
  facet normal 0 0 1
    outer loop
      vertex 11.692125029861927 -20.336258947849274 3.2
      vertex 11.853553391993046 -19.353553391993046 3.2
      vertex 11.5 -19.5 3.2
    endloop
  endfacet
  facet normal 0 0 1
    outer loop
      vertex 11.692125029861927 -20.336258947849274 3.2
      vertex 12.384061992168427 -20.02026192843914 3.2
      vertex 12.850000001490116 -19 3.2
    endloop
  endfacet
  facet normal 0 0 1
    outer loop
      vertex 11.692125029861927 -20.336258947849274 3.2
      vertex 12.850000001490116 -19 3.2
      vertex 11.853553391993046 -19.353553391993046 3.2
    endloop
  endfacet
  facet normal 0 0 1
    outer loop
      vertex 11.853553391993046 -19.353553391993046 3.2
      vertex 12.850000001490116 -19 3.2
      vertex 12 -19 3.2
    endloop
  endfacet
  facet normal 0.4999999999218642 -0.8660254038295505 0
    outer loop
      vertex 12.17333560436964 -20.56096737831831 2
      vertex 12.515169605612755 -20.363609425723553 2
      vertex 12.515169605612755 -20.363609425723553 2.02
    endloop
  endfacet
  facet normal 0.6862416383229121 -0.7273736411445534 0
    outer loop
      vertex 12.515169605612755 -20.363609425723553 2
      vertex 12.80227555334568 -20.092738933861256 2.02
      vertex 12.515169605612755 -20.363609425723553 2.02
    endloop
  endfacet
  facet normal 0.6862416383229121 -0.7273736411445534 0
    outer loop
      vertex 12.515169605612755 -20.363609425723553 2
      vertex 12.80227555334568 -20.092738933861256 2
      vertex 12.80227555334568 -20.092738933861256 2.02
    endloop
  endfacet
  facet normal 0.6594569555355106 -0.6989835360299952 0.2766559960579924
    outer loop
      vertex 12.515169605612755 -20.363609425723553 2.02
      vertex 12.80227555334568 -20.092738933861256 2.02
      vertex 12.384061992168427 -20.02026192843914 3.2
    endloop
  endfacet
  facet normal 0.8354878034891515 -0.5495089901183353 0
    outer loop
      vertex 12.80227555334568 -20.092738933861256 2
      vertex 13.019175492227077 -19.762958608567715 2
      vertex 12.80227555334568 -20.092738933861256 2.02
    endloop
  endfacet
  facet normal 0.8354878034891515 -0.5495089901183353 0
    outer loop
      vertex 12.80227555334568 -20.092738933861256 2.02
      vertex 13.019175492227077 -19.762958608567715 2
      vertex 13.019175492227077 -19.762958608567715 2.02
    endloop
  endfacet
  facet normal 0.9396926244196283 -0.3420201333421054 0
    outer loop
      vertex 13.019175492227077 -19.762958608567715 2
      vertex 13.154176279902458 -19.392046980559826 2.02
      vertex 13.019175492227077 -19.762958608567715 2.02
    endloop
  endfacet
  facet normal 0.9396926244196283 -0.3420201333421054 0
    outer loop
      vertex 13.019175492227077 -19.762958608567715 2
      vertex 13.154176279902458 -19.392046980559826 2
      vertex 13.154176279902458 -19.392046980559826 2.02
    endloop
  endfacet
  facet normal 0.9932383568571778 -0.11609292169488157 0
    outer loop
      vertex 13.154176279902458 -19.392046980559826 2
      vertex 13.200000002980232 -19 2
      vertex 13.154176279902458 -19.392046980559826 2.02
    endloop
  endfacet
  facet normal 0.9932383568571778 -0.11609292169488157 0
    outer loop
      vertex 13.154176279902458 -19.392046980559826 2.02
      vertex 13.200000002980232 -19 2
      vertex 13.200000002980232 -19 2.02
    endloop
  endfacet
  facet normal 0.8030825265418229 -0.52819570351443 0.27580383309899587
    outer loop
      vertex 12.80227555334568 -20.092738933861256 2.02
      vertex 13.019175492227077 -19.762958608567715 2.02
      vertex 12.63569226861 -19.729865103960037 3.2
    endloop
  endfacet
  facet normal 0.9027078089015196 -0.32855876181867844 0.27779084178639574
    outer loop
      vertex 13.019175492227077 -19.762958608567715 2.02
      vertex 13.154176279902458 -19.392046980559826 2.02
      vertex 12.795315511524677 -19.380338951945305 3.2
    endloop
  endfacet
  facet normal 0.9527529286500154 -0.1113608534917265 0.28259620885357445
    outer loop
      vertex 13.154176279902458 -19.392046980559826 2.02
      vertex 13.200000002980232 -19 2.02
      vertex 12.850000001490116 -19 3.2
    endloop
  endfacet
  facet normal 0.7222520960576014 -0.6258349929186591 0.29441887062296657
    outer loop
      vertex 12.80227555334568 -20.092738933861256 2.02
      vertex 12.63569226861 -19.729865103960037 3.2
      vertex 12.384061992168427 -20.02026192843914 3.2
    endloop
  endfacet
  facet normal 0.8695108244604819 -0.3970922826511309 0.2937152451013865
    outer loop
      vertex 13.019175492227077 -19.762958608567715 2.02
      vertex 12.795315511524677 -19.380338951945305 3.2
      vertex 12.63569226861 -19.729865103960037 3.2
    endloop
  endfacet
  facet normal 0.9474394477825435 -0.13622123821431797 0.28948621218439213
    outer loop
      vertex 13.154176279902458 -19.392046980559826 2.02
      vertex 12.850000001490116 -19 3.2
      vertex 12.795315511524677 -19.380338951945305 3.2
    endloop
  endfacet
  facet normal 0 0 1
    outer loop
      vertex 12.384061992168427 -20.02026192843914 3.2
      vertex 12.63569226861 -19.729865103960037 3.2
      vertex 12.795315511524677 -19.380338951945305 3.2
    endloop
  endfacet
  facet normal 0 0 1
    outer loop
      vertex 12.384061992168427 -20.02026192843914 3.2
      vertex 12.795315511524677 -19.380338951945305 3.2
      vertex 12.850000001490116 -19 3.2
    endloop
  endfacet
  facet normal 1 0 0
    outer loop
      vertex 13.200000002980232 -19 2
      vertex 13.200000002980232 -2.5 2.02
      vertex 13.200000002980232 -19 2.02
    endloop
  endfacet
  facet normal 1 0 0
    outer loop
      vertex 13.200000002980232 -19 2
      vertex 13.200000002980232 -2.5 2
      vertex 13.200000002980232 -2.5 2.02
    endloop
  endfacet
  facet normal 0.9587161081565585 0 0.28436494854524896
    outer loop
      vertex 13.200000002980232 -19 2.02
      vertex 12.850000001490116 19 3.2
      vertex 12.850000001490116 -19 3.2
    endloop
  endfacet
  facet normal 0 0 1
    outer loop
      vertex 12 -19 3.2
      vertex 12.850000001490116 -19 3.2
      vertex 12.384061992168427 20.02026192843914 3.2
    endloop
  endfacet
  facet normal 0.9587161081565584 0 0.2843649485452489
    outer loop
      vertex 13.200000002980232 -19 2.02
      vertex 13.200000002980232 -2.5 2.02
      vertex 12.850000001490116 19 3.2
    endloop
  endfacet
  facet normal 0 1 0
    outer loop
      vertex -11.598846212029457 20.697123870253563 2.02
      vertex 11.401153787970543 20.697123870253563 2.02
      vertex 11.401153787970543 20.697123870253563 2
    endloop
  endfacet
  facet normal 0 0.9562814782836901 0.29244783174364647
    outer loop
      vertex -11.598846212029457 20.697123870253563 2.02
      vertex 11.692125029861927 20.336258947849274 3.2
      vertex 11.401153787970543 20.697123870253563 2.02
    endloop
  endfacet
  facet normal 0 0 1
    outer loop
      vertex -12.63569226861 19.729865103960037 3.2
      vertex 11.5 19.5 3.2
      vertex 12.384061992168427 20.02026192843914 3.2
    endloop
  endfacet
  facet normal 0 0 1
    outer loop
      vertex -12.63569226861 19.729865103960037 3.2
      vertex 12.384061992168427 20.02026192843914 3.2
      vertex 11.692125029861927 20.336258947849274 3.2
    endloop
  endfacet
  facet normal 0 0 1
    outer loop
      vertex 12 -19 3.2
      vertex 12.384061992168427 20.02026192843914 3.2
      vertex 12 19 3.2
    endloop
  endfacet
  facet normal 0.9587161081565585 0 0.2843649485452489
    outer loop
      vertex 12.850000001490116 19 3.2
      vertex 13.200000002980232 -2.5 2.02
      vertex 13.200000002980232 2.5 2.02
    endloop
  endfacet
  facet normal 1 0 0
    outer loop
      vertex 13.200000002980232 19 2.02
      vertex 13.200000002980232 2.5 2.02
      vertex 13.200000002980232 2.5 2
    endloop
  endfacet
  facet normal 0 0 1
    outer loop
      vertex 12.850000001490116 -19 3.2
      vertex 12.850000001490116 19 3.2
      vertex 12.384061992168427 20.02026192843914 3.2
    endloop
  endfacet
  facet normal 0.058144821914470526 0.9983081586787391 0
    outer loop
      vertex 11.401153787970543 20.697123870253563 2
      vertex 11.401153787970543 20.697123870253563 2.02
      vertex 11.795201905071735 20.674173183739185 2.02
    endloop
  endfacet
  facet normal 0.058144821914470526 0.9983081586787391 0
    outer loop
      vertex 11.401153787970543 20.697123870253563 2
      vertex 11.795201905071735 20.674173183739185 2.02
      vertex 11.795201905071735 20.674173183739185 2
    endloop
  endfacet
  facet normal 0.28680324962943077 0.9579895072504699 0
    outer loop
      vertex 11.795201905071735 20.674173183739185 2
      vertex 11.795201905071735 20.674173183739185 2.02
      vertex 12.17333560436964 20.56096737831831 2
    endloop
  endfacet
  facet normal 0.28680324962943077 0.9579895072504699 0
    outer loop
      vertex 11.795201905071735 20.674173183739185 2.02
      vertex 12.17333560436964 20.56096737831831 2.02
      vertex 12.17333560436964 20.56096737831831 2
    endloop
  endfacet
  facet normal 0.4999999999218642 0.8660254038295505 0
    outer loop
      vertex 12.17333560436964 20.56096737831831 2
      vertex 12.17333560436964 20.56096737831831 2.02
      vertex 12.515169605612755 20.363609425723553 2.02
    endloop
  endfacet
  facet normal 0.05582958247986733 0.9585570279545103 0.2793769530207169
    outer loop
      vertex 11.401153787970543 20.697123870253563 2.02
      vertex 11.692125029861927 20.336258947849274 3.2
      vertex 11.795201905071735 20.674173183739185 2.02
    endloop
  endfacet
  facet normal 0.2748834542371042 0.9181746204624872 0.2852971309446443
    outer loop
      vertex 11.795201905071735 20.674173183739185 2.02
      vertex 12.060810267925262 20.228003196418285 3.2
      vertex 12.17333560436964 20.56096737831831 2.02
    endloop
  endfacet
  facet normal 0.47995061347438317 0.8312988478346947 0.28033842800135805
    outer loop
      vertex 12.17333560436964 20.56096737831831 2.02
      vertex 12.060810267925262 20.228003196418285 3.2
      vertex 12.515169605612755 20.363609425723553 2.02
    endloop
  endfacet
  facet normal 0.26989697859301176 0.9191847129579436 0.28680147212102325
    outer loop
      vertex 11.795201905071735 20.674173183739185 2.02
      vertex 11.692125029861927 20.336258947849274 3.2
      vertex 12.060810267925262 20.228003196418285 3.2
    endloop
  endfacet
  facet normal 0.5171443808857146 0.8046923677232615 0.291602267903153
    outer loop
      vertex 12.060810267925262 20.228003196418285 3.2
      vertex 12.384061992168427 20.02026192843914 3.2
      vertex 12.515169605612755 20.363609425723553 2.02
    endloop
  endfacet
  facet normal 0 0 1
    outer loop
      vertex 11.5 19.5 3.2
      vertex 11.853553391993046 19.353553391993046 3.2
      vertex 12.384061992168427 20.02026192843914 3.2
    endloop
  endfacet
  facet normal 0 0 1
    outer loop
      vertex 12 19 3.2
      vertex 12.384061992168427 20.02026192843914 3.2
      vertex 11.853553391993046 19.353553391993046 3.2
    endloop
  endfacet
  facet normal 0 0 1
    outer loop
      vertex 11.692125029861927 20.336258947849274 3.2
      vertex 12.384061992168427 20.02026192843914 3.2
      vertex 12.060810267925262 20.228003196418285 3.2
    endloop
  endfacet
  facet normal 1 0 0
    outer loop
      vertex 13.200000002980232 19 2
      vertex 13.200000002980232 19 2.02
      vertex 13.200000002980232 2.5 2
    endloop
  endfacet
  facet normal 0.9587161081565584 0 0.2843649485452489
    outer loop
      vertex 13.200000002980232 19 2.02
      vertex 12.850000001490116 19 3.2
      vertex 13.200000002980232 2.5 2.02
    endloop
  endfacet
  facet normal 0.9932383568571778 0.11609292169488157 0
    outer loop
      vertex 13.200000002980232 19 2
      vertex 13.154176279902458 19.392046980559826 2
      vertex 13.200000002980232 19 2.02
    endloop
  endfacet
  facet normal 0.9932383568571778 0.11609292169488157 0
    outer loop
      vertex 13.200000002980232 19 2.02
      vertex 13.154176279902458 19.392046980559826 2
      vertex 13.154176279902458 19.392046980559826 2.02
    endloop
  endfacet
  facet normal 0.9396926244196283 0.3420201333421054 0
    outer loop
      vertex 13.154176279902458 19.392046980559826 2
      vertex 13.019175492227077 19.762958608567715 2
      vertex 13.019175492227077 19.762958608567715 2.02
    endloop
  endfacet
  facet normal 0.8354878034891515 0.5495089901183353 0
    outer loop
      vertex 12.80227555334568 20.092738933861256 2.02
      vertex 13.019175492227077 19.762958608567715 2.02
      vertex 13.019175492227077 19.762958608567715 2
    endloop
  endfacet
  facet normal 0.8354878034891515 0.5495089901183353 0
    outer loop
      vertex 12.80227555334568 20.092738933861256 2
      vertex 12.80227555334568 20.092738933861256 2.02
      vertex 13.019175492227077 19.762958608567715 2
    endloop
  endfacet
  facet normal 0.9396926244196283 0.3420201333421054 0
    outer loop
      vertex 13.154176279902458 19.392046980559826 2
      vertex 13.019175492227077 19.762958608567715 2.02
      vertex 13.154176279902458 19.392046980559826 2.02
    endloop
  endfacet
  facet normal 0.8030825265418229 0.52819570351443 0.27580383309899587
    outer loop
      vertex 12.80227555334568 20.092738933861256 2.02
      vertex 12.63569226861 19.729865103960037 3.2
      vertex 13.019175492227077 19.762958608567715 2.02
    endloop
  endfacet
  facet normal 0.9527529286500154 0.1113608534917265 0.28259620885357445
    outer loop
      vertex 13.200000002980232 19 2.02
      vertex 13.154176279902458 19.392046980559826 2.02
      vertex 12.850000001490116 19 3.2
    endloop
  endfacet
  facet normal 0.9027078089015196 0.32855876181867844 0.27779084178639574
    outer loop
      vertex 13.154176279902458 19.392046980559826 2.02
      vertex 13.019175492227077 19.762958608567715 2.02
      vertex 12.795315511524677 19.380338951945305 3.2
    endloop
  endfacet
  facet normal 0.8695108244604819 0.3970922826511309 0.2937152451013865
    outer loop
      vertex 13.019175492227077 19.762958608567715 2.02
      vertex 12.63569226861 19.729865103960037 3.2
      vertex 12.795315511524677 19.380338951945305 3.2
    endloop
  endfacet
  facet normal 0.7222520960576014 0.6258349929186591 0.29441887062296657
    outer loop
      vertex 12.80227555334568 20.092738933861256 2.02
      vertex 12.384061992168427 20.02026192843914 3.2
      vertex 12.63569226861 19.729865103960037 3.2
    endloop
  endfacet
  facet normal 0.9474394477825435 0.13622123821431797 0.28948621218439213
    outer loop
      vertex 13.154176279902458 19.392046980559826 2.02
      vertex 12.795315511524677 19.380338951945305 3.2
      vertex 12.850000001490116 19 3.2
    endloop
  endfacet
  facet normal 0.4999999999218642 0.8660254038295505 0
    outer loop
      vertex 12.17333560436964 20.56096737831831 2
      vertex 12.515169605612755 20.363609425723553 2.02
      vertex 12.515169605612755 20.363609425723553 2
    endloop
  endfacet
  facet normal 0.6862416383229121 0.7273736411445534 0
    outer loop
      vertex 12.80227555334568 20.092738933861256 2.02
      vertex 12.515169605612755 20.363609425723553 2
      vertex 12.515169605612755 20.363609425723553 2.02
    endloop
  endfacet
  facet normal 0.6862416383229121 0.7273736411445534 0
    outer loop
      vertex 12.80227555334568 20.092738933861256 2
      vertex 12.515169605612755 20.363609425723553 2
      vertex 12.80227555334568 20.092738933861256 2.02
    endloop
  endfacet
  facet normal 0.6594569555355106 0.6989835360299952 0.2766559960579924
    outer loop
      vertex 12.80227555334568 20.092738933861256 2.02
      vertex 12.515169605612755 20.363609425723553 2.02
      vertex 12.384061992168427 20.02026192843914 3.2
    endloop
  endfacet
  facet normal 0 0 1
    outer loop
      vertex 12.850000001490116 19 3.2
      vertex 12.795315511524677 19.380338951945305 3.2
      vertex 12.63569226861 19.729865103960037 3.2
    endloop
  endfacet
  facet normal 0 0 1
    outer loop
      vertex 12.850000001490116 19 3.2
      vertex 12.63569226861 19.729865103960037 3.2
      vertex 12.384061992168427 20.02026192843914 3.2
    endloop
  endfacet
  facet normal 0.9238795343401771 0.38268342794975796 0
    outer loop
      vertex -11.853553391993046 -19.353553391993046 2
      vertex -12 -19 2
      vertex -12 -19 3.2
    endloop
  endfacet
  facet normal 0.38268342794975796 0.9238795343401771 0
    outer loop
      vertex -11.853553391993046 -19.353553391993046 2
      vertex -11.853553391993046 -19.353553391993046 3.2
      vertex -11.5 -19.5 2
    endloop
  endfacet
  facet normal 0.9238795343401771 0.38268342794975796 0
    outer loop
      vertex -11.853553391993046 -19.353553391993046 2
      vertex -12 -19 3.2
      vertex -11.853553391993046 -19.353553391993046 3.2
    endloop
  endfacet
  facet normal 0.38268342794975796 0.9238795343401771 0
    outer loop
      vertex -11.5 -19.5 2
      vertex -11.853553391993046 -19.353553391993046 3.2
      vertex -11.5 -19.5 3.2
    endloop
  endfacet
  facet normal 1 0 0
    outer loop
      vertex -12 -19 2
      vertex -12 19 3.2
      vertex -12 -19 3.2
    endloop
  endfacet
  facet normal 0 1 0
    outer loop
      vertex -11.5 -19.5 2
      vertex -11.5 -19.5 3.2
      vertex 11.5 -19.5 2
    endloop
  endfacet
  facet normal 1 0 0
    outer loop
      vertex -12 -19 2
      vertex -12 19 2
      vertex -12 19 3.2
    endloop
  endfacet
  facet normal 0.9238795343401771 -0.38268342794975796 0
    outer loop
      vertex -12 19 2
      vertex -11.853553391993046 19.353553391993046 2
      vertex -11.853553391993046 19.353553391993046 3.2
    endloop
  endfacet
  facet normal 0.38268342794975796 -0.9238795343401771 0
    outer loop
      vertex -11.853553391993046 19.353553391993046 2
      vertex -11.5 19.5 2
      vertex -11.5 19.5 3.2
    endloop
  endfacet
  facet normal 0.9238795343401771 -0.38268342794975796 0
    outer loop
      vertex -12 19 2
      vertex -11.853553391993046 19.353553391993046 3.2
      vertex -12 19 3.2
    endloop
  endfacet
  facet normal 0.38268342794975796 -0.9238795343401771 0
    outer loop
      vertex -11.853553391993046 19.353553391993046 2
      vertex -11.5 19.5 3.2
      vertex -11.853553391993046 19.353553391993046 3.2
    endloop
  endfacet
  facet normal 0 -1 0
    outer loop
      vertex -11.5 19.5 2
      vertex 11.5 19.5 3.2
      vertex -11.5 19.5 3.2
    endloop
  endfacet
  facet normal 0 1 0
    outer loop
      vertex -11.5 -19.5 3.2
      vertex 11.5 -19.5 3.2
      vertex 11.5 -19.5 2
    endloop
  endfacet
  facet normal -0.38268342794975796 0.9238795343401771 0
    outer loop
      vertex 11.5 -19.5 2
      vertex 11.5 -19.5 3.2
      vertex 11.853553391993046 -19.353553391993046 2
    endloop
  endfacet
  facet normal -0.9238795343401771 0.38268342794975796 0
    outer loop
      vertex 11.853553391993046 -19.353553391993046 2
      vertex 11.853553391993046 -19.353553391993046 3.2
      vertex 12 -19 2
    endloop
  endfacet
  facet normal -0.38268342794975796 0.9238795343401771 0
    outer loop
      vertex 11.853553391993046 -19.353553391993046 2
      vertex 11.5 -19.5 3.2
      vertex 11.853553391993046 -19.353553391993046 3.2
    endloop
  endfacet
  facet normal -0.9238795343401771 0.38268342794975796 0
    outer loop
      vertex 12 -19 2
      vertex 11.853553391993046 -19.353553391993046 3.2
      vertex 12 -19 3.2
    endloop
  endfacet
  facet normal -1 0 0
    outer loop
      vertex 12 -19 2
      vertex 12 -19 3.2
      vertex 12 19 2
    endloop
  endfacet
  facet normal 0 -1 0
    outer loop
      vertex -11.5 19.5 2
      vertex 11.5 19.5 2
      vertex 11.5 19.5 3.2
    endloop
  endfacet
  facet normal -1 0 0
    outer loop
      vertex 12 -19 3.2
      vertex 12 19 3.2
      vertex 12 19 2
    endloop
  endfacet
  facet normal -0.38268342794975796 -0.9238795343401771 0
    outer loop
      vertex 11.5 19.5 2
      vertex 11.853553391993046 19.353553391993046 2
      vertex 11.853553391993046 19.353553391993046 3.2
    endloop
  endfacet
  facet normal -0.9238795343401771 -0.38268342794975796 0
    outer loop
      vertex 12 19 2
      vertex 12 19 3.2
      vertex 11.853553391993046 19.353553391993046 2
    endloop
  endfacet
  facet normal -0.38268342794975796 -0.9238795343401771 0
    outer loop
      vertex 11.5 19.5 2
      vertex 11.853553391993046 19.353553391993046 3.2
      vertex 11.5 19.5 3.2
    endloop
  endfacet
  facet normal -0.9238795343401771 -0.38268342794975796 0
    outer loop
      vertex 11.853553391993046 19.353553391993046 2
      vertex 12 19 3.2
      vertex 11.853553391993046 19.353553391993046 3.2
    endloop
  endfacet
  facet normal 0 -1 0
    outer loop
      vertex 15.73 -11.5 5.5
      vertex 15.75 -11.5 5.5
      vertex 15.75 -11.5 6.8
    endloop
  endfacet
  facet normal 0 -1 0
    outer loop
      vertex 15.73 -11.5 5.5
      vertex 15.75 -11.5 6.8
      vertex 15.2 -11.5 6.7
    endloop
  endfacet
  facet normal 0 -1 0
    outer loop
      vertex 15.2 -11.5 6.7
      vertex 15.75 -11.5 6.8
      vertex 15.2 -11.5 6.75
    endloop
  endfacet
  facet normal 0 -1 0
    outer loop
      vertex 15.2 -11.5 6.75
      vertex 15.75 -11.5 6.8
      vertex 15.2 -11.5 6.8
    endloop
  endfacet
  facet normal 0 0 -1
    outer loop
      vertex 15.73 -11.5 5.5
      vertex 15.73 -6.5 5.5
      vertex 15.75 -11.5 5.5
    endloop
  endfacet
  facet normal -0.9147521286096371 0 -0.4040155234692572
    outer loop
      vertex 15.73 -11.5 5.5
      vertex 15.2 -11.5 6.7
      vertex 15.73 -6.5 5.5
    endloop
  endfacet
  facet normal 0 0 -1
    outer loop
      vertex 15.75 -11.5 5.5
      vertex 15.73 -6.5 5.5
      vertex 15.75 -6.5 5.5
    endloop
  endfacet
  facet normal 0 1 0
    outer loop
      vertex 15.73 -6.5 5.5
      vertex 15.24076923076923 -6.5 6.7
      vertex 15.75 -6.5 5.5
    endloop
  endfacet
  facet normal -1 0 0
    outer loop
      vertex 15.2 -11.5 6.7
      vertex 15.2 -11.5 6.75
      vertex 15.2 -9 6.75
    endloop
  endfacet
  facet normal -1 0 0
    outer loop
      vertex 15.2 -11.5 6.7
      vertex 15.2 -9 6.75
      vertex 15.2 -6.5 6.7
    endloop
  endfacet
  facet normal -0.9147521286096371 0 -0.4040155234692572
    outer loop
      vertex 15.2 -11.5 6.7
      vertex 15.2 -6.5 6.7
      vertex 15.73 -6.5 5.5
    endloop
  endfacet
  facet normal 0 1 0
    outer loop
      vertex 15.73 -6.5 5.5
      vertex 15.2 -6.5 6.7
      vertex 15.24076923076923 -6.5 6.7
    endloop
  endfacet
  facet normal 0 1 0
    outer loop
      vertex 15.75 -6.5 5.5
      vertex 15.24076923076923 -6.5 6.7
      vertex 15.75 -6.5 6.7
    endloop
  endfacet
  facet normal 0 1 0
    outer loop
      vertex 15.2 -6.5 6.7
      vertex 15.221125874125873 -6.5 6.748181818181818
      vertex 15.24076923076923 -6.5 6.7
    endloop
  endfacet
  facet normal 0 -1 0
    outer loop
      vertex -15.75 -11.5 5.5
      vertex -15.73 -11.5 5.5
      vertex -15.75 -11.5 6.8
    endloop
  endfacet
  facet normal 0 -1 0
    outer loop
      vertex -15.73 -11.5 5.5
      vertex -15.2 -11.5 6.7
      vertex -15.75 -11.5 6.8
    endloop
  endfacet
  facet normal 0 -1 0
    outer loop
      vertex -15.75 -11.5 6.8
      vertex -15.2 -11.5 6.7
      vertex -15.2 -11.5 6.75
    endloop
  endfacet
  facet normal 0 -1 0
    outer loop
      vertex -15.75 -11.5 6.8
      vertex -15.2 -11.5 6.75
      vertex -15.2 -11.5 6.8
    endloop
  endfacet
  facet normal 0 0 -1
    outer loop
      vertex -15.75 -11.5 5.5
      vertex -15.73 -6.5 5.5
      vertex -15.73 -11.5 5.5
    endloop
  endfacet
  facet normal 0.9147521286096371 0 -0.4040155234692572
    outer loop
      vertex -15.73 -11.5 5.5
      vertex -15.73 -6.5 5.5
      vertex -15.2 -11.5 6.7
    endloop
  endfacet
  facet normal 0 0 -1
    outer loop
      vertex -15.75 -11.5 5.5
      vertex -15.75 -6.5 5.5
      vertex -15.73 -6.5 5.5
    endloop
  endfacet
  facet normal 0 1 0
    outer loop
      vertex -15.75 -6.5 5.5
      vertex -15.24076923076923 -6.5 6.7
      vertex -15.73 -6.5 5.5
    endloop
  endfacet
  facet normal 1 0 0
    outer loop
      vertex -15.2 -11.5 6.7
      vertex -15.2 -9 6.75
      vertex -15.2 -11.5 6.75
    endloop
  endfacet
  facet normal 1 0 0
    outer loop
      vertex -15.2 -11.5 6.7
      vertex -15.2 -6.5 6.7
      vertex -15.2 -9 6.75
    endloop
  endfacet
  facet normal 0 1 0
    outer loop
      vertex -15.75 -6.5 5.5
      vertex -15.75 -6.5 6.7
      vertex -15.24076923076923 -6.5 6.7
    endloop
  endfacet
  facet normal 0.9147521286096371 0 -0.4040155234692572
    outer loop
      vertex -15.2 -11.5 6.7
      vertex -15.73 -6.5 5.5
      vertex -15.2 -6.5 6.7
    endloop
  endfacet
  facet normal 0 1 0
    outer loop
      vertex -15.73 -6.5 5.5
      vertex -15.24076923076923 -6.5 6.7
      vertex -15.2 -6.5 6.7
    endloop
  endfacet
  facet normal 0 1 0
    outer loop
      vertex -15.24076923076923 -6.5 6.7
      vertex -15.221125874125873 -6.5 6.748181818181818
      vertex -15.2 -6.5 6.7
    endloop
  endfacet
  facet normal 0 -1 0
    outer loop
      vertex 15.2 -11.5 6.8
      vertex 15.75 -11.5 6.8
      vertex 15.75 -11.5 8
    endloop
  endfacet
  facet normal 0 -1 0
    outer loop
      vertex 15.2 -11.5 6.8
      vertex 15.75 -11.5 8
      vertex 15.73 -11.5 8
    endloop
  endfacet
  facet normal -1 0 0
    outer loop
      vertex 15.2 -11.5 6.75
      vertex 15.2 -11.5 6.8
      vertex 15.2 -9 6.75
    endloop
  endfacet
  facet normal -1 0 0
    outer loop
      vertex 15.2 -11.5 6.8
      vertex 15.2 -6.5 6.8
      vertex 15.2 -9 6.75
    endloop
  endfacet
  facet normal -1 0 0
    outer loop
      vertex 15.2 -9 6.75
      vertex 15.2 -6.5 6.8
      vertex 15.2 -6.5 6.7
    endloop
  endfacet
  facet normal 0 1 0
    outer loop
      vertex 15.2 -6.5 6.7
      vertex 15.2 -6.5 6.8
      vertex 15.221125874125873 -6.5 6.748181818181818
    endloop
  endfacet
  facet normal 0 1 0
    outer loop
      vertex 15.24076923076923 -6.5 6.7
      vertex 15.221125874125873 -6.5 6.748181818181818
      vertex 15.75 -6.5 6.7
    endloop
  endfacet
  facet normal 0 1 0
    outer loop
      vertex 15.221125874125873 -6.5 6.748181818181818
      vertex 15.2 -6.5 6.8
      vertex 15.75 -6.5 6.7
    endloop
  endfacet
  facet normal -0.9147521286096371 0 0.4040155234692572
    outer loop
      vertex 15.2 -11.5 6.8
      vertex 15.73 -11.5 8
      vertex 15.2 -6.5 6.8
    endloop
  endfacet
  facet normal 0 0 1
    outer loop
      vertex 15.73 -11.5 8
      vertex 15.75 -11.5 8
      vertex 15.768918918918919 -6.635135135135132 8
    endloop
  endfacet
  facet normal 0 1 0
    outer loop
      vertex 15.2 -6.5 6.8
      vertex 15.73 -6.5 8
      vertex 15.75 -6.5 6.7
    endloop
  endfacet
  facet normal -0.9147521286096371 0 0.4040155234692572
    outer loop
      vertex 15.73 -11.5 8
      vertex 15.73 -6.5 8
      vertex 15.2 -6.5 6.8
    endloop
  endfacet
  facet normal 0 0 1
    outer loop
      vertex 15.73 -11.5 8
      vertex 15.768918918918919 -6.635135135135132 8
      vertex 15.73 -6.5 8
    endloop
  endfacet
  facet normal 0 1 0
    outer loop
      vertex 15.75 -6.5 6.7
      vertex 15.73 -6.5 8
      vertex 15.75 -6.5 8
    endloop
  endfacet
  facet normal 0 0 1
    outer loop
      vertex 15.73 -6.5 8
      vertex 15.768918918918919 -6.635135135135132 8
      vertex 15.75 -6.5 8
    endloop
  endfacet
  facet normal 0 -1 0
    outer loop
      vertex -15.75 -11.5 6.8
      vertex -15.2 -11.5 6.8
      vertex -15.75 -11.5 8
    endloop
  endfacet
  facet normal 0 -1 0
    outer loop
      vertex -15.2 -11.5 6.8
      vertex -15.73 -11.5 8
      vertex -15.75 -11.5 8
    endloop
  endfacet
  facet normal 1 0 0
    outer loop
      vertex -15.2 -11.5 6.75
      vertex -15.2 -9 6.75
      vertex -15.2 -11.5 6.8
    endloop
  endfacet
  facet normal 1 0 0
    outer loop
      vertex -15.2 -11.5 6.8
      vertex -15.2 -9 6.75
      vertex -15.2 -6.5 6.8
    endloop
  endfacet
  facet normal 1 0 0
    outer loop
      vertex -15.2 -9 6.75
      vertex -15.2 -6.5 6.7
      vertex -15.2 -6.5 6.8
    endloop
  endfacet
  facet normal 0 1 0
    outer loop
      vertex -15.75 -6.5 6.7
      vertex -15.221125874125873 -6.5 6.748181818181818
      vertex -15.24076923076923 -6.5 6.7
    endloop
  endfacet
  facet normal 0 1 0
    outer loop
      vertex -15.75 -6.5 6.7
      vertex -15.2 -6.5 6.8
      vertex -15.221125874125873 -6.5 6.748181818181818
    endloop
  endfacet
  facet normal 0 1 0
    outer loop
      vertex -15.2 -6.5 6.7
      vertex -15.221125874125873 -6.5 6.748181818181818
      vertex -15.2 -6.5 6.8
    endloop
  endfacet
  facet normal 0.9147521286096371 0 0.4040155234692572
    outer loop
      vertex -15.2 -11.5 6.8
      vertex -15.2 -6.5 6.8
      vertex -15.73 -11.5 8
    endloop
  endfacet
  facet normal 0 0 1
    outer loop
      vertex -15.75 -11.5 8
      vertex -15.73 -11.5 8
      vertex -15.768918918918919 -6.635135135135132 8
    endloop
  endfacet
  facet normal 0 1 0
    outer loop
      vertex -15.75 -6.5 6.7
      vertex -15.73 -6.5 8
      vertex -15.2 -6.5 6.8
    endloop
  endfacet
  facet normal 0.9147521286096371 0 0.4040155234692572
    outer loop
      vertex -15.73 -11.5 8
      vertex -15.2 -6.5 6.8
      vertex -15.73 -6.5 8
    endloop
  endfacet
  facet normal 0 0 1
    outer loop
      vertex -15.73 -11.5 8
      vertex -15.73 -6.5 8
      vertex -15.768918918918919 -6.635135135135132 8
    endloop
  endfacet
  facet normal 0 1 0
    outer loop
      vertex -15.75 -6.5 6.7
      vertex -15.75 -6.5 8
      vertex -15.73 -6.5 8
    endloop
  endfacet
  facet normal 0 0 1
    outer loop
      vertex -15.768918918918919 -6.635135135135132 8
      vertex -15.73 -6.5 8
      vertex -15.75 -6.5 8
    endloop
  endfacet
  facet normal 0 -1 0
    outer loop
      vertex 15.5 -11.5 0
      vertex 16.45 -11.5 0
      vertex 15.75 -11.5 1.98
    endloop
  endfacet
  facet normal 0 -1 0
    outer loop
      vertex 15.5 -11.5 0
      vertex 15.75 -11.5 1.98
      vertex 15.5 -11.5 2
    endloop
  endfacet
  facet normal 0 -1 0
    outer loop
      vertex 16.45 -11.5 0
      vertex 16.45 -11.5 1.98
      vertex 15.75 -11.5 1.98
    endloop
  endfacet
  facet normal 0 -1 0
    outer loop
      vertex 15.3 -11.5 2
      vertex 15.5 -11.5 2
      vertex 15.3 -11.5 2.02
    endloop
  endfacet
  facet normal 0 -1 0
    outer loop
      vertex 15.75 -11.5 1.98
      vertex 15.3 -11.5 2.02
      vertex 15.5 -11.5 2
    endloop
  endfacet
  facet normal 0 -1 0
    outer loop
      vertex 15.75 -11.5 1.98
      vertex 15.75 -11.5 2.02
      vertex 15.3 -11.5 2.02
    endloop
  endfacet
  facet normal 0 -1 0
    outer loop
      vertex 15.75 -11.5 1.98
      vertex 15.754651162790697 -11.5 2.02
      vertex 15.75 -11.5 2.02
    endloop
  endfacet
  facet normal 0 0 -1
    outer loop
      vertex 15.5 -11.5 0
      vertex 15.495677216654958 -10.649229492804533 0
      vertex 16.45 -11.5 0
    endloop
  endfacet
  facet normal 0 0 -1
    outer loop
      vertex 16.45 -11.5 0
      vertex 15.495677216654958 -10.649229492804533 0
      vertex 15.5 -10.630434782608697 0
    endloop
  endfacet
  facet normal 0 0 -1
    outer loop
      vertex 16.45 -11.5 0
      vertex 15.5 -10.630434782608697 0
      vertex 16.45 -6.5 0
    endloop
  endfacet
  facet normal 1 0 0
    outer loop
      vertex 16.45 -11.5 0
      vertex 16.45 -6.5 0
      vertex 16.45 -11.5 1.98
    endloop
  endfacet
  facet normal 0 0 -1
    outer loop
      vertex 15.5 -10.630434782608697 0
      vertex 15.5 -6.5 0
      vertex 16.45 -6.5 0
    endloop
  endfacet
  facet normal 0 1 0
    outer loop
      vertex 15.5 -6.5 0
      vertex 15.5 -6.5 2
      vertex 16.45 -6.5 0
    endloop
  endfacet
  facet normal 1 0 0
    outer loop
      vertex 16.45 -11.5 1.98
      vertex 16.45 -6.5 0
      vertex 16.45 -11.5 2.02
    endloop
  endfacet
  facet normal 1 0 0
    outer loop
      vertex 16.45 -11.5 2.02
      vertex 16.45 -6.5 0
      vertex 16.45 -6.5 2.02
    endloop
  endfacet
  facet normal 0 1 0
    outer loop
      vertex 16.45 -6.5 0
      vertex 15.5 -6.5 2
      vertex 15.75 -6.5 2.02
    endloop
  endfacet
  facet normal 0 1 0
    outer loop
      vertex 16.45 -6.5 0
      vertex 15.75 -6.5 2.02
      vertex 16.45 -6.5 2.02
    endloop
  endfacet
  facet normal -1 0 0
    outer loop
      vertex 15.3 -11.5 2
      vertex 15.3 -11.5 2.02
      vertex 15.3 -6.5 2.02
    endloop
  endfacet
  facet normal 0 0 1
    outer loop
      vertex 15.3 -11.5 2.02
      vertex 15.75 -11.5 2.02
      vertex 15.75 -6.5 2.02
    endloop
  endfacet
  facet normal -1 0 0
    outer loop
      vertex 15.3 -11.5 2
      vertex 15.3 -6.5 2.02
      vertex 15.3 -6.5 2
    endloop
  endfacet
  facet normal 0 0 1
    outer loop
      vertex 15.3 -11.5 2.02
      vertex 15.75 -6.5 2.02
      vertex 15.3 -6.5 2.02
    endloop
  endfacet
  facet normal 0 1 0
    outer loop
      vertex 15.3 -6.5 2
      vertex 15.3 -6.5 2.02
      vertex 15.75 -6.5 2.02
    endloop
  endfacet
  facet normal 0 1 0
    outer loop
      vertex 15.3 -6.5 2
      vertex 15.75 -6.5 2.02
      vertex 15.5 -6.5 2
    endloop
  endfacet
  facet normal 0 -1 0
    outer loop
      vertex -16.45 -11.5 0
      vertex -15.49502768367529 -11.5 0
      vertex -15.49502768367529 -11.5 2
    endloop
  endfacet
  facet normal 0 -1 0
    outer loop
      vertex -16.45 -11.5 0
      vertex -15.75 -11.5 1.98
      vertex -16.45 -11.5 1.98
    endloop
  endfacet
  facet normal 0 -1 0
    outer loop
      vertex -16.45 -11.5 0
      vertex -15.49502768367529 -11.5 2
      vertex -15.75 -11.5 1.98
    endloop
  endfacet
  facet normal 0 -1 0
    outer loop
      vertex -15.75 -11.5 1.98
      vertex -15.75 -11.5 2.02
      vertex -15.754651162790697 -11.5 2.02
    endloop
  endfacet
  facet normal 0 -1 0
    outer loop
      vertex -15.75 -11.5 1.98
      vertex -15.3 -11.5 2.02
      vertex -15.75 -11.5 2.02
    endloop
  endfacet
  facet normal 0 -1 0
    outer loop
      vertex -15.75 -11.5 1.98
      vertex -15.49502768367529 -11.5 2
      vertex -15.3 -11.5 2.02
    endloop
  endfacet
  facet normal 0 -1 0
    outer loop
      vertex -15.49502768367529 -11.5 2
      vertex -15.3 -11.5 2
      vertex -15.3 -11.5 2.02
    endloop
  endfacet
  facet normal 0 0 -1
    outer loop
      vertex -16.45 -11.5 0
      vertex -15.49502768367529 -10.652053549237875 0
      vertex -15.49502768367529 -11.5 0
    endloop
  endfacet
  facet normal 0 0 -1
    outer loop
      vertex -16.45 -11.5 0
      vertex -16.45 -6.5 0
      vertex -15.49502768367529 -10.652053549237875 0
    endloop
  endfacet
  facet normal -1 0 0
    outer loop
      vertex -16.45 -11.5 0
      vertex -16.45 -11.5 1.98
      vertex -16.45 -6.5 0
    endloop
  endfacet
  facet normal 0 0 -1
    outer loop
      vertex -15.49502768367529 -10.652053549237875 0
      vertex -16.45 -6.5 0
      vertex -15.49502768367529 -6.5 0
    endloop
  endfacet
  facet normal 0 1 0
    outer loop
      vertex -16.45 -6.5 0
      vertex -15.75 -6.5 2.02
      vertex -15.49502768367529 -6.5 0
    endloop
  endfacet
  facet normal -1 0 0
    outer loop
      vertex -16.45 -11.5 1.98
      vertex -16.45 -11.5 2.02
      vertex -16.45 -6.5 0
    endloop
  endfacet
  facet normal -1 0 0
    outer loop
      vertex -16.45 -11.5 2.02
      vertex -16.45 -6.5 2.02
      vertex -16.45 -6.5 0
    endloop
  endfacet
  facet normal 0 1 0
    outer loop
      vertex -16.45 -6.5 0
      vertex -16.45 -6.5 2.02
      vertex -15.75 -6.5 2.02
    endloop
  endfacet
  facet normal 0 1 0
    outer loop
      vertex -15.49502768367529 -6.5 0
      vertex -15.75 -6.5 2.02
      vertex -15.49502768367529 -6.5 2
    endloop
  endfacet
  facet normal 0 0 1
    outer loop
      vertex -15.75 -11.5 2.02
      vertex -15.3 -11.5 2.02
      vertex -15.75 -6.5 2.02
    endloop
  endfacet
  facet normal 1 0 0
    outer loop
      vertex -15.3 -11.5 2
      vertex -15.3 -6.5 2
      vertex -15.3 -11.5 2.02
    endloop
  endfacet
  facet normal 0 0 1
    outer loop
      vertex -15.3 -11.5 2.02
      vertex -15.3 -6.5 2.02
      vertex -15.75 -6.5 2.02
    endloop
  endfacet
  facet normal 0 1 0
    outer loop
      vertex -15.75 -6.5 2.02
      vertex -15.3 -6.5 2.02
      vertex -15.49502768367529 -6.5 2
    endloop
  endfacet
  facet normal 1 0 0
    outer loop
      vertex -15.3 -11.5 2.02
      vertex -15.3 -6.5 2
      vertex -15.3 -6.5 2.02
    endloop
  endfacet
  facet normal 0 1 0
    outer loop
      vertex -15.49502768367529 -6.5 2
      vertex -15.3 -6.5 2.02
      vertex -15.3 -6.5 2
    endloop
  endfacet
  facet normal 0 -1 0
    outer loop
      vertex 15.75 -11.5 1.98
      vertex 16.45 -11.5 1.98
      vertex 15.754651162790697 -11.5 2.02
    endloop
  endfacet
  facet normal 0 -1 0
    outer loop
      vertex 16.45 -11.5 1.98
      vertex 16.45 -11.5 2.02
      vertex 15.754651162790697 -11.5 2.02
    endloop
  endfacet
  facet normal 0 -1 0
    outer loop
      vertex 15.75 -11.5 2.02
      vertex 15.754651162790697 -11.5 2.02
      vertex 15.75 -11.5 5.5
    endloop
  endfacet
  facet normal -1 0 0
    outer loop
      vertex 15.75 -11.5 2.02
      vertex 15.75 -11.5 5.5
      vertex 15.75 -6.5 2.02
    endloop
  endfacet
  facet normal 0 1 0
    outer loop
      vertex 15.75 -6.5 2.02
      vertex 15.75 -6.5 5.5
      vertex 16.45 -6.5 2.02
    endloop
  endfacet
  facet normal 0 -1 0
    outer loop
      vertex 15.754651162790697 -11.5 2.02
      vertex 16.45 -11.5 2.02
      vertex 16.45 -11.5 8
    endloop
  endfacet
  facet normal 0 -1 0
    outer loop
      vertex 15.754651162790697 -11.5 2.02
      vertex 15.75 -11.5 6.8
      vertex 15.75 -11.5 5.5
    endloop
  endfacet
  facet normal 0 -1 0
    outer loop
      vertex 15.754651162790697 -11.5 2.02
      vertex 16.45 -11.5 8
      vertex 15.75 -11.5 6.8
    endloop
  endfacet
  facet normal 0 -1 0
    outer loop
      vertex 15.75 -11.5 6.8
      vertex 16.45 -11.5 8
      vertex 15.75 -11.5 8
    endloop
  endfacet
  facet normal 1 0 0
    outer loop
      vertex 16.45 -11.5 2.02
      vertex 16.45 -6.5 2.02
      vertex 16.45 -6.5 8
    endloop
  endfacet
  facet normal -1 0 0
    outer loop
      vertex 15.75 -6.5 2.02
      vertex 15.75 -11.5 5.5
      vertex 15.75 -6.5 5.5
    endloop
  endfacet
  facet normal 0 1 0
    outer loop
      vertex 16.45 -6.5 2.02
      vertex 15.75 -6.5 5.5
      vertex 15.75 -6.5 6.7
    endloop
  endfacet
  facet normal 0 1 0
    outer loop
      vertex 16.45 -6.5 2.02
      vertex 15.75 -6.5 6.7
      vertex 15.75 -6.5 8
    endloop
  endfacet
  facet normal 1 0 0
    outer loop
      vertex 16.45 -11.5 2.02
      vertex 16.45 -6.5 8
      vertex 16.45 -11.5 8
    endloop
  endfacet
  facet normal 0 1 0
    outer loop
      vertex 16.45 -6.5 2.02
      vertex 15.75 -6.5 8
      vertex 16.45 -6.5 8
    endloop
  endfacet
  facet normal 0 0 1
    outer loop
      vertex 15.75 -11.5 8
      vertex 16.45 -11.5 8
      vertex 15.768918918918919 -6.635135135135132 8
    endloop
  endfacet
  facet normal 0 0 1
    outer loop
      vertex 16.45 -11.5 8
      vertex 16.45 -6.5 8
      vertex 15.768918918918919 -6.635135135135132 8
    endloop
  endfacet
  facet normal 0 0 1
    outer loop
      vertex 15.768918918918919 -6.635135135135132 8
      vertex 16.45 -6.5 8
      vertex 15.75 -6.5 8
    endloop
  endfacet
  facet normal 0 -1 0
    outer loop
      vertex -16.45 -11.5 1.98
      vertex -15.75 -11.5 1.98
      vertex -15.754651162790697 -11.5 2.02
    endloop
  endfacet
  facet normal 0 -1 0
    outer loop
      vertex -16.45 -11.5 1.98
      vertex -15.754651162790697 -11.5 2.02
      vertex -16.45 -11.5 2.02
    endloop
  endfacet
  facet normal 0 -1 0
    outer loop
      vertex -15.75 -11.5 2.02
      vertex -15.75 -11.5 5.5
      vertex -15.754651162790697 -11.5 2.02
    endloop
  endfacet
  facet normal 1 0 0
    outer loop
      vertex -15.75 -11.5 2.02
      vertex -15.75 -6.5 2.02
      vertex -15.75 -11.5 5.5
    endloop
  endfacet
  facet normal 0 1 0
    outer loop
      vertex -16.45 -6.5 2.02
      vertex -15.75 -6.5 5.5
      vertex -15.75 -6.5 2.02
    endloop
  endfacet
  facet normal 0 -1 0
    outer loop
      vertex -16.45 -11.5 2.02
      vertex -15.754651162790697 -11.5 2.02
      vertex -16.45 -11.5 8
    endloop
  endfacet
  facet normal 0 -1 0
    outer loop
      vertex -15.754651162790697 -11.5 2.02
      vertex -15.75 -11.5 5.5
      vertex -15.75 -11.5 6.8
    endloop
  endfacet
  facet normal 0 -1 0
    outer loop
      vertex -15.754651162790697 -11.5 2.02
      vertex -15.75 -11.5 6.8
      vertex -16.45 -11.5 8
    endloop
  endfacet
  facet normal 0 -1 0
    outer loop
      vertex -15.75 -11.5 6.8
      vertex -15.75 -11.5 8
      vertex -16.45 -11.5 8
    endloop
  endfacet
  facet normal -1 0 0
    outer loop
      vertex -16.45 -11.5 2.02
      vertex -16.45 -6.5 8
      vertex -16.45 -6.5 2.02
    endloop
  endfacet
  facet normal 1 0 0
    outer loop
      vertex -15.75 -6.5 2.02
      vertex -15.75 -6.5 5.5
      vertex -15.75 -11.5 5.5
    endloop
  endfacet
  facet normal 0 1 0
    outer loop
      vertex -16.45 -6.5 2.02
      vertex -15.75 -6.5 6.7
      vertex -15.75 -6.5 5.5
    endloop
  endfacet
  facet normal 0 1 0
    outer loop
      vertex -16.45 -6.5 2.02
      vertex -15.75 -6.5 8
      vertex -15.75 -6.5 6.7
    endloop
  endfacet
  facet normal -1 0 0
    outer loop
      vertex -16.45 -11.5 2.02
      vertex -16.45 -11.5 8
      vertex -16.45 -6.5 8
    endloop
  endfacet
  facet normal 0 1 0
    outer loop
      vertex -16.45 -6.5 2.02
      vertex -16.45 -6.5 8
      vertex -15.75 -6.5 8
    endloop
  endfacet
  facet normal 0 0 1
    outer loop
      vertex -16.45 -11.5 8
      vertex -15.75 -11.5 8
      vertex -15.768918918918919 -6.635135135135132 8
    endloop
  endfacet
  facet normal 0 0 1
    outer loop
      vertex -16.45 -11.5 8
      vertex -15.768918918918919 -6.635135135135132 8
      vertex -16.45 -6.5 8
    endloop
  endfacet
  facet normal 0 0 1
    outer loop
      vertex -16.45 -6.5 8
      vertex -15.768918918918919 -6.635135135135132 8
      vertex -15.75 -6.5 8
    endloop
  endfacet
  facet normal 0 -1 0
    outer loop
      vertex 15.73 6.5 5.5
      vertex 15.75 6.5 5.5
      vertex 15.75 6.5 6.8
    endloop
  endfacet
  facet normal 0 0 -1
    outer loop
      vertex 15.73 6.5 5.5
      vertex 15.73 11.5 5.5
      vertex 15.75 6.5 5.5
    endloop
  endfacet
  facet normal -0.9147521286096371 0 -0.4040155234692572
    outer loop
      vertex 15.73 6.5 5.5
      vertex 15.2 6.5 6.7
      vertex 15.73 11.5 5.5
    endloop
  endfacet
  facet normal 0 0 -1
    outer loop
      vertex 15.75 6.5 5.5
      vertex 15.73 11.5 5.5
      vertex 15.75 11.5 5.5
    endloop
  endfacet
  facet normal 0 -1 0
    outer loop
      vertex 15.73 6.5 5.5
      vertex 15.75 6.5 6.8
      vertex 15.2 6.5 6.7
    endloop
  endfacet
  facet normal 0 -1 0
    outer loop
      vertex 15.2 6.5 6.7
      vertex 15.75 6.5 6.8
      vertex 15.2 6.5 6.75
    endloop
  endfacet
  facet normal 0 -1 0
    outer loop
      vertex 15.2 6.5 6.75
      vertex 15.75 6.5 6.8
      vertex 15.2 6.5 6.8
    endloop
  endfacet
  facet normal -1 0 0
    outer loop
      vertex 15.2 6.5 6.7
      vertex 15.2 6.5 6.75
      vertex 15.2 9 6.75
    endloop
  endfacet
  facet normal -0.9147521286096371 0 -0.4040155234692572
    outer loop
      vertex 15.2 6.5 6.7
      vertex 15.2 11.5 6.7
      vertex 15.73 11.5 5.5
    endloop
  endfacet
  facet normal -1 0 0
    outer loop
      vertex 15.2 6.5 6.7
      vertex 15.2 9 6.75
      vertex 15.2 11.5 6.7
    endloop
  endfacet
  facet normal 0 1 0
    outer loop
      vertex 15.73 11.5 5.5
      vertex 15.24076923076923 11.5 6.7
      vertex 15.75 11.5 5.5
    endloop
  endfacet
  facet normal 0 1 0
    outer loop
      vertex 15.73 11.5 5.5
      vertex 15.2 11.5 6.7
      vertex 15.24076923076923 11.5 6.7
    endloop
  endfacet
  facet normal 0 1 0
    outer loop
      vertex 15.75 11.5 5.5
      vertex 15.24076923076923 11.5 6.7
      vertex 15.75 11.5 6.7
    endloop
  endfacet
  facet normal 0 1 0
    outer loop
      vertex 15.2 11.5 6.7
      vertex 15.221125874125873 11.5 6.748181818181818
      vertex 15.24076923076923 11.5 6.7
    endloop
  endfacet
  facet normal 0 -1 0
    outer loop
      vertex -15.75 6.5 5.5
      vertex -15.73 6.5 5.5
      vertex -15.75 6.5 6.8
    endloop
  endfacet
  facet normal 0 0 -1
    outer loop
      vertex -15.75 6.5 5.5
      vertex -15.73 11.5 5.5
      vertex -15.73 6.5 5.5
    endloop
  endfacet
  facet normal 0.9147521286096371 0 -0.4040155234692572
    outer loop
      vertex -15.73 6.5 5.5
      vertex -15.73 11.5 5.5
      vertex -15.2 6.5 6.7
    endloop
  endfacet
  facet normal 0 0 -1
    outer loop
      vertex -15.75 6.5 5.5
      vertex -15.75 11.5 5.5
      vertex -15.73 11.5 5.5
    endloop
  endfacet
  facet normal 0 -1 0
    outer loop
      vertex -15.73 6.5 5.5
      vertex -15.2 6.5 6.7
      vertex -15.75 6.5 6.8
    endloop
  endfacet
  facet normal 0 -1 0
    outer loop
      vertex -15.75 6.5 6.8
      vertex -15.2 6.5 6.7
      vertex -15.2 6.5 6.75
    endloop
  endfacet
  facet normal 0 -1 0
    outer loop
      vertex -15.75 6.5 6.8
      vertex -15.2 6.5 6.75
      vertex -15.2 6.5 6.8
    endloop
  endfacet
  facet normal 1 0 0
    outer loop
      vertex -15.2 6.5 6.7
      vertex -15.2 9 6.75
      vertex -15.2 6.5 6.75
    endloop
  endfacet
  facet normal 0.9147521286096371 0 -0.4040155234692572
    outer loop
      vertex -15.2 6.5 6.7
      vertex -15.73 11.5 5.5
      vertex -15.2 11.5 6.7
    endloop
  endfacet
  facet normal 1 0 0
    outer loop
      vertex -15.2 6.5 6.7
      vertex -15.2 11.5 6.7
      vertex -15.2 9 6.75
    endloop
  endfacet
  facet normal 0 1 0
    outer loop
      vertex -15.75 11.5 5.5
      vertex -15.24076923076923 11.5 6.7
      vertex -15.73 11.5 5.5
    endloop
  endfacet
  facet normal 0 1 0
    outer loop
      vertex -15.75 11.5 5.5
      vertex -15.75 11.5 6.7
      vertex -15.24076923076923 11.5 6.7
    endloop
  endfacet
  facet normal 0 1 0
    outer loop
      vertex -15.73 11.5 5.5
      vertex -15.24076923076923 11.5 6.7
      vertex -15.2 11.5 6.7
    endloop
  endfacet
  facet normal 0 1 0
    outer loop
      vertex -15.24076923076923 11.5 6.7
      vertex -15.221125874125873 11.5 6.748181818181818
      vertex -15.2 11.5 6.7
    endloop
  endfacet
  facet normal -1 0 0
    outer loop
      vertex 15.2 6.5 6.75
      vertex 15.2 6.5 6.8
      vertex 15.2 9 6.75
    endloop
  endfacet
  facet normal -1 0 0
    outer loop
      vertex 15.2 6.5 6.8
      vertex 15.2 11.5 6.8
      vertex 15.2 9 6.75
    endloop
  endfacet
  facet normal -1 0 0
    outer loop
      vertex 15.2 9 6.75
      vertex 15.2 11.5 6.8
      vertex 15.2 11.5 6.7
    endloop
  endfacet
  facet normal -0.9147521286096371 0 0.4040155234692572
    outer loop
      vertex 15.2 6.5 6.8
      vertex 15.73 6.5 8
      vertex 15.2 11.5 6.8
    endloop
  endfacet
  facet normal 0 -1 0
    outer loop
      vertex 15.2 6.5 6.8
      vertex 15.75 6.5 6.8
      vertex 15.75 6.5 8
    endloop
  endfacet
  facet normal 0 -1 0
    outer loop
      vertex 15.2 6.5 6.8
      vertex 15.75 6.5 8
      vertex 15.73 6.5 8
    endloop
  endfacet
  facet normal 0 0 1
    outer loop
      vertex 15.73 6.5 8
      vertex 15.75 6.5 8
      vertex 15.768918918918919 11.364864864864867 8
    endloop
  endfacet
  facet normal -0.9147521286096371 0 0.4040155234692572
    outer loop
      vertex 15.73 6.5 8
      vertex 15.73 11.5 8
      vertex 15.2 11.5 6.8
    endloop
  endfacet
  facet normal 0 0 1
    outer loop
      vertex 15.73 6.5 8
      vertex 15.768918918918919 11.364864864864867 8
      vertex 15.73 11.5 8
    endloop
  endfacet
  facet normal 0 0 1
    outer loop
      vertex 15.768918918918919 11.364864864864867 8
      vertex 15.75 11.5 8
      vertex 15.73 11.5 8
    endloop
  endfacet
  facet normal 0 1 0
    outer loop
      vertex 15.2 11.5 6.7
      vertex 15.2 11.5 6.8
      vertex 15.221125874125873 11.5 6.748181818181818
    endloop
  endfacet
  facet normal 0 1 0
    outer loop
      vertex 15.24076923076923 11.5 6.7
      vertex 15.221125874125873 11.5 6.748181818181818
      vertex 15.75 11.5 6.7
    endloop
  endfacet
  facet normal 0 1 0
    outer loop
      vertex 15.221125874125873 11.5 6.748181818181818
      vertex 15.2 11.5 6.8
      vertex 15.75 11.5 6.7
    endloop
  endfacet
  facet normal 0 1 0
    outer loop
      vertex 15.2 11.5 6.8
      vertex 15.73 11.5 8
      vertex 15.75 11.5 6.7
    endloop
  endfacet
  facet normal 0 1 0
    outer loop
      vertex 15.75 11.5 6.7
      vertex 15.73 11.5 8
      vertex 15.75 11.5 8
    endloop
  endfacet
  facet normal 1 0 0
    outer loop
      vertex -15.2 6.5 6.75
      vertex -15.2 9 6.75
      vertex -15.2 6.5 6.8
    endloop
  endfacet
  facet normal 1 0 0
    outer loop
      vertex -15.2 6.5 6.8
      vertex -15.2 9 6.75
      vertex -15.2 11.5 6.8
    endloop
  endfacet
  facet normal 1 0 0
    outer loop
      vertex -15.2 9 6.75
      vertex -15.2 11.5 6.7
      vertex -15.2 11.5 6.8
    endloop
  endfacet
  facet normal 0 -1 0
    outer loop
      vertex -15.75 6.5 6.8
      vertex -15.2 6.5 6.8
      vertex -15.75 6.5 8
    endloop
  endfacet
  facet normal 0.9147521286096371 0 0.4040155234692572
    outer loop
      vertex -15.2 6.5 6.8
      vertex -15.2 11.5 6.8
      vertex -15.73 6.5 8
    endloop
  endfacet
  facet normal 0 -1 0
    outer loop
      vertex -15.2 6.5 6.8
      vertex -15.73 6.5 8
      vertex -15.75 6.5 8
    endloop
  endfacet
  facet normal 0 0 1
    outer loop
      vertex -15.75 6.5 8
      vertex -15.73 6.5 8
      vertex -15.768918918918919 11.364864864864867 8
    endloop
  endfacet
  facet normal 0.9147521286096371 0 0.4040155234692572
    outer loop
      vertex -15.73 6.5 8
      vertex -15.2 11.5 6.8
      vertex -15.73 11.5 8
    endloop
  endfacet
  facet normal 0 0 1
    outer loop
      vertex -15.73 6.5 8
      vertex -15.73 11.5 8
      vertex -15.768918918918919 11.364864864864867 8
    endloop
  endfacet
  facet normal 0 0 1
    outer loop
      vertex -15.768918918918919 11.364864864864867 8
      vertex -15.73 11.5 8
      vertex -15.75 11.5 8
    endloop
  endfacet
  facet normal 0 1 0
    outer loop
      vertex -15.75 11.5 6.7
      vertex -15.221125874125873 11.5 6.748181818181818
      vertex -15.24076923076923 11.5 6.7
    endloop
  endfacet
  facet normal 0 1 0
    outer loop
      vertex -15.75 11.5 6.7
      vertex -15.2 11.5 6.8
      vertex -15.221125874125873 11.5 6.748181818181818
    endloop
  endfacet
  facet normal 0 1 0
    outer loop
      vertex -15.2 11.5 6.7
      vertex -15.221125874125873 11.5 6.748181818181818
      vertex -15.2 11.5 6.8
    endloop
  endfacet
  facet normal 0 1 0
    outer loop
      vertex -15.75 11.5 6.7
      vertex -15.73 11.5 8
      vertex -15.2 11.5 6.8
    endloop
  endfacet
  facet normal 0 1 0
    outer loop
      vertex -15.75 11.5 6.7
      vertex -15.75 11.5 8
      vertex -15.73 11.5 8
    endloop
  endfacet
  facet normal 0 0 -1
    outer loop
      vertex 15.5 6.5 0
      vertex 15.486380425460945 7.310349675917148 0
      vertex 16.45 6.5 0
    endloop
  endfacet
  facet normal 0 0 -1
    outer loop
      vertex 16.45 6.5 0
      vertex 15.486380425460945 7.310349675917148 0
      vertex 15.5 7.369565217391303 0
    endloop
  endfacet
  facet normal 0 0 -1
    outer loop
      vertex 16.45 6.5 0
      vertex 15.5 7.369565217391303 0
      vertex 16.45 11.5 0
    endloop
  endfacet
  facet normal 0 -1 0
    outer loop
      vertex 15.5 6.5 0
      vertex 16.45 6.5 0
      vertex 15.75 6.5 1.98
    endloop
  endfacet
  facet normal 1 0 0
    outer loop
      vertex 16.45 6.5 0
      vertex 16.45 11.5 0
      vertex 16.45 6.5 1.98
    endloop
  endfacet
  facet normal 0 0 -1
    outer loop
      vertex 15.5 7.369565217391303 0
      vertex 15.5 11.5 0
      vertex 16.45 11.5 0
    endloop
  endfacet
  facet normal 0 -1 0
    outer loop
      vertex 15.5 6.5 0
      vertex 15.75 6.5 1.98
      vertex 15.5 6.5 2
    endloop
  endfacet
  facet normal 0 -1 0
    outer loop
      vertex 16.45 6.5 0
      vertex 16.45 6.5 1.98
      vertex 15.75 6.5 1.98
    endloop
  endfacet
  facet normal 1 0 0
    outer loop
      vertex 16.45 6.5 1.98
      vertex 16.45 11.5 0
      vertex 16.45 6.5 2.02
    endloop
  endfacet
  facet normal 1 0 0
    outer loop
      vertex 16.45 6.5 2.02
      vertex 16.45 11.5 0
      vertex 16.45 11.5 2.02
    endloop
  endfacet
  facet normal 0 -1 0
    outer loop
      vertex 15.3 6.5 2
      vertex 15.5 6.5 2
      vertex 15.3 6.5 2.02
    endloop
  endfacet
  facet normal -1 0 0
    outer loop
      vertex 15.3 6.5 2
      vertex 15.3 6.5 2.02
      vertex 15.3 11.5 2.02
    endloop
  endfacet
  facet normal 0 -1 0
    outer loop
      vertex 15.75 6.5 1.98
      vertex 15.3 6.5 2.02
      vertex 15.5 6.5 2
    endloop
  endfacet
  facet normal 0 -1 0
    outer loop
      vertex 15.75 6.5 1.98
      vertex 15.75 6.5 2.02
      vertex 15.3 6.5 2.02
    endloop
  endfacet
  facet normal 0 -1 0
    outer loop
      vertex 15.75 6.5 1.98
      vertex 15.754651162790697 6.5 2.02
      vertex 15.75 6.5 2.02
    endloop
  endfacet
  facet normal 0 0 1
    outer loop
      vertex 15.3 6.5 2.02
      vertex 15.75 6.5 2.02
      vertex 15.75 11.5 2.02
    endloop
  endfacet
  facet normal -1 0 0
    outer loop
      vertex 15.3 6.5 2
      vertex 15.3 11.5 2.02
      vertex 15.3 11.5 2
    endloop
  endfacet
  facet normal 0 0 1
    outer loop
      vertex 15.3 6.5 2.02
      vertex 15.75 11.5 2.02
      vertex 15.3 11.5 2.02
    endloop
  endfacet
  facet normal 0 1 0
    outer loop
      vertex 15.5 11.5 0
      vertex 15.5 11.5 2
      vertex 16.45 11.5 0
    endloop
  endfacet
  facet normal 0 1 0
    outer loop
      vertex 16.45 11.5 0
      vertex 15.5 11.5 2
      vertex 15.75 11.5 2.02
    endloop
  endfacet
  facet normal 0 1 0
    outer loop
      vertex 16.45 11.5 0
      vertex 15.75 11.5 2.02
      vertex 16.45 11.5 2.02
    endloop
  endfacet
  facet normal 0 1 0
    outer loop
      vertex 15.3 11.5 2
      vertex 15.3 11.5 2.02
      vertex 15.75 11.5 2.02
    endloop
  endfacet
  facet normal 0 1 0
    outer loop
      vertex 15.3 11.5 2
      vertex 15.75 11.5 2.02
      vertex 15.5 11.5 2
    endloop
  endfacet
  facet normal 0 0 -1
    outer loop
      vertex -16.45 6.5 0
      vertex -15.49502768367529 7.347946450762125 0
      vertex -15.49502768367529 6.5 0
    endloop
  endfacet
  facet normal 0 0 -1
    outer loop
      vertex -16.45 6.5 0
      vertex -16.45 11.5 0
      vertex -15.49502768367529 7.347946450762125 0
    endloop
  endfacet
  facet normal 0 -1 0
    outer loop
      vertex -16.45 6.5 0
      vertex -15.49502768367529 6.5 0
      vertex -15.49502768367529 6.5 2
    endloop
  endfacet
  facet normal -1 0 0
    outer loop
      vertex -16.45 6.5 0
      vertex -16.45 6.5 1.98
      vertex -16.45 11.5 0
    endloop
  endfacet
  facet normal 0 0 -1
    outer loop
      vertex -15.49502768367529 7.347946450762125 0
      vertex -16.45 11.5 0
      vertex -15.49502768367529 11.5 0
    endloop
  endfacet
  facet normal 0 -1 0
    outer loop
      vertex -16.45 6.5 0
      vertex -15.75 6.5 1.98
      vertex -16.45 6.5 1.98
    endloop
  endfacet
  facet normal 0 -1 0
    outer loop
      vertex -16.45 6.5 0
      vertex -15.49502768367529 6.5 2
      vertex -15.75 6.5 1.98
    endloop
  endfacet
  facet normal -1 0 0
    outer loop
      vertex -16.45 6.5 1.98
      vertex -16.45 6.5 2.02
      vertex -16.45 11.5 0
    endloop
  endfacet
  facet normal -1 0 0
    outer loop
      vertex -16.45 6.5 2.02
      vertex -16.45 11.5 2.02
      vertex -16.45 11.5 0
    endloop
  endfacet
  facet normal 0 -1 0
    outer loop
      vertex -15.75 6.5 1.98
      vertex -15.75 6.5 2.02
      vertex -15.754651162790697 6.5 2.02
    endloop
  endfacet
  facet normal 0 -1 0
    outer loop
      vertex -15.75 6.5 1.98
      vertex -15.3 6.5 2.02
      vertex -15.75 6.5 2.02
    endloop
  endfacet
  facet normal 0 -1 0
    outer loop
      vertex -15.75 6.5 1.98
      vertex -15.49502768367529 6.5 2
      vertex -15.3 6.5 2.02
    endloop
  endfacet
  facet normal 0 0 1
    outer loop
      vertex -15.75 6.5 2.02
      vertex -15.3 6.5 2.02
      vertex -15.75 11.5 2.02
    endloop
  endfacet
  facet normal 0 -1 0
    outer loop
      vertex -15.49502768367529 6.5 2
      vertex -15.3 6.5 2
      vertex -15.3 6.5 2.02
    endloop
  endfacet
  facet normal 1 0 0
    outer loop
      vertex -15.3 6.5 2
      vertex -15.3 11.5 2
      vertex -15.3 6.5 2.02
    endloop
  endfacet
  facet normal 0 0 1
    outer loop
      vertex -15.3 6.5 2.02
      vertex -15.3 11.5 2.02
      vertex -15.75 11.5 2.02
    endloop
  endfacet
  facet normal 1 0 0
    outer loop
      vertex -15.3 6.5 2.02
      vertex -15.3 11.5 2
      vertex -15.3 11.5 2.02
    endloop
  endfacet
  facet normal 0 1 0
    outer loop
      vertex -16.45 11.5 0
      vertex -15.75 11.5 2.02
      vertex -15.49502768367529 11.5 0
    endloop
  endfacet
  facet normal 0 1 0
    outer loop
      vertex -16.45 11.5 0
      vertex -16.45 11.5 2.02
      vertex -15.75 11.5 2.02
    endloop
  endfacet
  facet normal 0 1 0
    outer loop
      vertex -15.49502768367529 11.5 0
      vertex -15.75 11.5 2.02
      vertex -15.49502768367529 11.5 2
    endloop
  endfacet
  facet normal 0 1 0
    outer loop
      vertex -15.75 11.5 2.02
      vertex -15.3 11.5 2.02
      vertex -15.49502768367529 11.5 2
    endloop
  endfacet
  facet normal 0 1 0
    outer loop
      vertex -15.49502768367529 11.5 2
      vertex -15.3 11.5 2.02
      vertex -15.3 11.5 2
    endloop
  endfacet
  facet normal 0 -1 0
    outer loop
      vertex 15.75 6.5 1.98
      vertex 16.45 6.5 1.98
      vertex 15.754651162790697 6.5 2.02
    endloop
  endfacet
  facet normal 0 -1 0
    outer loop
      vertex 16.45 6.5 1.98
      vertex 16.45 6.5 2.02
      vertex 15.754651162790697 6.5 2.02
    endloop
  endfacet
  facet normal 0 -1 0
    outer loop
      vertex 15.75 6.5 2.02
      vertex 15.754651162790697 6.5 2.02
      vertex 15.75 6.5 5.5
    endloop
  endfacet
  facet normal -1 0 0
    outer loop
      vertex 15.75 6.5 2.02
      vertex 15.75 6.5 5.5
      vertex 15.75 11.5 2.02
    endloop
  endfacet
  facet normal 0 1 0
    outer loop
      vertex 15.75 11.5 2.02
      vertex 15.75 11.5 5.5
      vertex 16.45 11.5 2.02
    endloop
  endfacet
  facet normal 0 -1 0
    outer loop
      vertex 15.754651162790697 6.5 2.02
      vertex 16.45 6.5 2.02
      vertex 16.45 6.5 8
    endloop
  endfacet
  facet normal 0 -1 0
    outer loop
      vertex 15.754651162790697 6.5 2.02
      vertex 15.75 6.5 6.8
      vertex 15.75 6.5 5.5
    endloop
  endfacet
  facet normal 1 0 0
    outer loop
      vertex 16.45 6.5 2.02
      vertex 16.45 11.5 2.02
      vertex 16.45 11.5 8
    endloop
  endfacet
  facet normal -1 0 0
    outer loop
      vertex 15.75 11.5 2.02
      vertex 15.75 6.5 5.5
      vertex 15.75 11.5 5.5
    endloop
  endfacet
  facet normal 0 -1 0
    outer loop
      vertex 15.754651162790697 6.5 2.02
      vertex 16.45 6.5 8
      vertex 15.75 6.5 6.8
    endloop
  endfacet
  facet normal 1 0 0
    outer loop
      vertex 16.45 6.5 2.02
      vertex 16.45 11.5 8
      vertex 16.45 6.5 8
    endloop
  endfacet
  facet normal 0 -1 0
    outer loop
      vertex 15.75 6.5 6.8
      vertex 16.45 6.5 8
      vertex 15.75 6.5 8
    endloop
  endfacet
  facet normal 0 0 1
    outer loop
      vertex 15.75 6.5 8
      vertex 16.45 6.5 8
      vertex 15.768918918918919 11.364864864864867 8
    endloop
  endfacet
  facet normal 0 0 1
    outer loop
      vertex 16.45 6.5 8
      vertex 16.45 11.5 8
      vertex 15.768918918918919 11.364864864864867 8
    endloop
  endfacet
  facet normal 0 0 1
    outer loop
      vertex 15.768918918918919 11.364864864864867 8
      vertex 16.45 11.5 8
      vertex 15.75 11.5 8
    endloop
  endfacet
  facet normal 0 1 0
    outer loop
      vertex 16.45 11.5 2.02
      vertex 15.75 11.5 5.5
      vertex 15.75 11.5 6.7
    endloop
  endfacet
  facet normal 0 1 0
    outer loop
      vertex 16.45 11.5 2.02
      vertex 15.75 11.5 6.7
      vertex 15.75 11.5 8
    endloop
  endfacet
  facet normal 0 1 0
    outer loop
      vertex 16.45 11.5 2.02
      vertex 15.75 11.5 8
      vertex 16.45 11.5 8
    endloop
  endfacet
  facet normal 0 -1 0
    outer loop
      vertex -16.45 6.5 1.98
      vertex -15.75 6.5 1.98
      vertex -15.754651162790697 6.5 2.02
    endloop
  endfacet
  facet normal 0 -1 0
    outer loop
      vertex -16.45 6.5 1.98
      vertex -15.754651162790697 6.5 2.02
      vertex -16.45 6.5 2.02
    endloop
  endfacet
  facet normal 0 -1 0
    outer loop
      vertex -15.75 6.5 2.02
      vertex -15.75 6.5 5.5
      vertex -15.754651162790697 6.5 2.02
    endloop
  endfacet
  facet normal 1 0 0
    outer loop
      vertex -15.75 6.5 2.02
      vertex -15.75 11.5 2.02
      vertex -15.75 6.5 5.5
    endloop
  endfacet
  facet normal 0 1 0
    outer loop
      vertex -16.45 11.5 2.02
      vertex -15.75 11.5 5.5
      vertex -15.75 11.5 2.02
    endloop
  endfacet
  facet normal 0 -1 0
    outer loop
      vertex -16.45 6.5 2.02
      vertex -15.754651162790697 6.5 2.02
      vertex -16.45 6.5 8
    endloop
  endfacet
  facet normal 0 -1 0
    outer loop
      vertex -15.754651162790697 6.5 2.02
      vertex -15.75 6.5 5.5
      vertex -15.75 6.5 6.8
    endloop
  endfacet
  facet normal -1 0 0
    outer loop
      vertex -16.45 6.5 2.02
      vertex -16.45 11.5 8
      vertex -16.45 11.5 2.02
    endloop
  endfacet
  facet normal 1 0 0
    outer loop
      vertex -15.75 11.5 2.02
      vertex -15.75 11.5 5.5
      vertex -15.75 6.5 5.5
    endloop
  endfacet
  facet normal 0 -1 0
    outer loop
      vertex -15.754651162790697 6.5 2.02
      vertex -15.75 6.5 6.8
      vertex -16.45 6.5 8
    endloop
  endfacet
  facet normal -1 0 0
    outer loop
      vertex -16.45 6.5 2.02
      vertex -16.45 6.5 8
      vertex -16.45 11.5 8
    endloop
  endfacet
  facet normal 0 -1 0
    outer loop
      vertex -15.75 6.5 6.8
      vertex -15.75 6.5 8
      vertex -16.45 6.5 8
    endloop
  endfacet
  facet normal 0 0 1
    outer loop
      vertex -16.45 6.5 8
      vertex -15.75 6.5 8
      vertex -15.768918918918919 11.364864864864867 8
    endloop
  endfacet
  facet normal 0 0 1
    outer loop
      vertex -16.45 6.5 8
      vertex -15.768918918918919 11.364864864864867 8
      vertex -16.45 11.5 8
    endloop
  endfacet
  facet normal 0 0 1
    outer loop
      vertex -15.768918918918919 11.364864864864867 8
      vertex -15.75 11.5 8
      vertex -16.45 11.5 8
    endloop
  endfacet
  facet normal 0 1 0
    outer loop
      vertex -16.45 11.5 2.02
      vertex -15.75 11.5 6.7
      vertex -15.75 11.5 5.5
    endloop
  endfacet
  facet normal 0 1 0
    outer loop
      vertex -16.45 11.5 2.02
      vertex -15.75 11.5 8
      vertex -15.75 11.5 6.7
    endloop
  endfacet
  facet normal 0 1 0
    outer loop
      vertex -16.45 11.5 2.02
      vertex -16.45 11.5 8
      vertex -15.75 11.5 8
    endloop
  endfacet
  facet normal -0.8782215711562958 -0.4782539826867803 0
    outer loop
      vertex -14.913163527846336 -21.085740812122822 0
      vertex -15.10387547314167 -20.735534958541393 2
      vertex -15.10387547314167 -20.735534958541393 0
    endloop
  endfacet
  facet normal -0.9214762169360164 -0.38843478425765066 0
    outer loop
      vertex -15.258770480751991 -20.36808057129383 0
      vertex -15.10387547314167 -20.735534958541393 0
      vertex -15.258770480751991 -20.36808057129383 2
    endloop
  endfacet
  facet normal -0.8262387700764153 -0.563320064281943 0
    outer loop
      vertex -14.913163527846336 -21.085740812122822 0
      vertex -14.688530027866364 -21.415217638015747 0
      vertex -14.913163527846336 -21.085740812122822 2
    endloop
  endfacet
  facet normal -0.7660444476977989 -0.642787604229713 0
    outer loop
      vertex -14.432207487523556 -21.720690950751305 0
      vertex -14.688530027866364 -21.415217638015747 2
      vertex -14.688530027866364 -21.415217638015747 0
    endloop
  endfacet
  facet normal -0.9801724881350783 -0.19814614178199375 0
    outer loop
      vertex -15.455323301255703 -19.59616906195879 0
      vertex -15.376309141516685 -19.98702958971262 0
      vertex -15.455323301255703 -19.59616906195879 2
    endloop
  endfacet
  facet normal -0.9950307747072564 -0.09956785317298553 0
    outer loop
      vertex -15.455323301255703 -19.59616906195879 0
      vertex -15.49502768367529 -19.199383541941643 2
      vertex -15.49502768367529 -19.199383541941643 0
    endloop
  endfacet
  facet normal -0.9555728062888861 -0.2947551727810439 0
    outer loop
      vertex -15.258770480751991 -20.36808057129383 0
      vertex -15.376309141516685 -19.98702958971262 2
      vertex -15.376309141516685 -19.98702958971262 0
    endloop
  endfacet
  facet normal -0.6982368151579369 -0.7158668521157416 0
    outer loop
      vertex -14.432207487523556 -21.720690950751305 0
      vertex -14.146743349730968 -21.9991248100996 0
      vertex -14.432207487523556 -21.720690950751305 2
    endloop
  endfacet
  facet normal -0.623489812611992 -0.7818314738925922 0
    outer loop
      vertex -14.146743349730968 -21.9991248100996 0
      vertex -13.834974691271782 -22.247752025723457 0
      vertex -14.146743349730968 -21.9991248100996 2
    endloop
  endfacet
  facet normal -0.5425462515912699 -0.8400259310784771 0
    outer loop
      vertex -13.5 -22.4641016125679 0
      vertex -13.834974691271782 -22.247752025723457 2
      vertex -13.834974691271782 -22.247752025723457 0
    endloop
  endfacet
  facet normal -0.45621065799394167 -0.8898718084829605 0
    outer loop
      vertex -13.5 -22.4641016125679 0
      vertex -13.145148411393166 -22.64602340757847 0
      vertex -13.5 -22.4641016125679 2
    endloop
  endfacet
  facet normal -0.365341029022533 -0.9308737468168048 0
    outer loop
      vertex -13.145148411393166 -22.64602340757847 0
      vertex -12.773946598172188 -22.791709385812283 0
      vertex -13.145148411393166 -22.64602340757847 2
    endloop
  endfacet
  facet normal -0.27084046253226474 -0.9626242485286296 0
    outer loop
      vertex -12.773946598172188 -22.791709385812283 0
      vertex -12.390083737671375 -22.89971164613962 0
      vertex -12.773946598172188 -22.791709385812283 2
    endloop
  endfacet
  facet normal -0.7660444476977989 -0.642787604229713 0
    outer loop
      vertex -14.432207487523556 -21.720690950751305 0
      vertex -14.432207487523556 -21.720690950751305 2
      vertex -14.688530027866364 -21.415217638015747 2
    endloop
  endfacet
  facet normal -0.8782215711562958 -0.4782539826867803 0
    outer loop
      vertex -14.913163527846336 -21.085740812122822 0
      vertex -14.913163527846336 -21.085740812122822 2
      vertex -15.10387547314167 -20.735534958541393 2
    endloop
  endfacet
  facet normal -0.9555728062888861 -0.2947551727810439 0
    outer loop
      vertex -15.258770480751991 -20.36808057129383 0
      vertex -15.258770480751991 -20.36808057129383 2
      vertex -15.376309141516685 -19.98702958971262 2
    endloop
  endfacet
  facet normal -0.9214762169360164 -0.38843478425765066 0
    outer loop
      vertex -15.10387547314167 -20.735534958541393 0
      vertex -15.10387547314167 -20.735534958541393 2
      vertex -15.258770480751991 -20.36808057129383 2
    endloop
  endfacet
  facet normal -0.8262387700764153 -0.563320064281943 0
    outer loop
      vertex -14.688530027866364 -21.415217638015747 0
      vertex -14.688530027866364 -21.415217638015747 2
      vertex -14.913163527846336 -21.085740812122822 2
    endloop
  endfacet
  facet normal -0.9950307747072564 -0.09956785317298553 0
    outer loop
      vertex -15.455323301255703 -19.59616906195879 0
      vertex -15.455323301255703 -19.59616906195879 2
      vertex -15.49502768367529 -19.199383541941643 2
    endloop
  endfacet
  facet normal -0.9801724881350783 -0.19814614178199375 0
    outer loop
      vertex -15.376309141516685 -19.98702958971262 0
      vertex -15.376309141516685 -19.98702958971262 2
      vertex -15.455323301255703 -19.59616906195879 2
    endloop
  endfacet
  facet normal -0.6982368151579369 -0.7158668521157416 0
    outer loop
      vertex -14.146743349730968 -21.9991248100996 0
      vertex -14.146743349730968 -21.9991248100996 2
      vertex -14.432207487523556 -21.720690950751305 2
    endloop
  endfacet
  facet normal -0.623489812611992 -0.7818314738925922 0
    outer loop
      vertex -13.834974691271782 -22.247752025723457 0
      vertex -13.834974691271782 -22.247752025723457 2
      vertex -14.146743349730968 -21.9991248100996 2
    endloop
  endfacet
  facet normal -0.5425462515912699 -0.8400259310784771 0
    outer loop
      vertex -13.5 -22.4641016125679 0
      vertex -13.5 -22.4641016125679 2
      vertex -13.834974691271782 -22.247752025723457 2
    endloop
  endfacet
  facet normal -0.45621065799394167 -0.8898718084829605 0
    outer loop
      vertex -13.145148411393166 -22.64602340757847 0
      vertex -13.145148411393166 -22.64602340757847 2
      vertex -13.5 -22.4641016125679 2
    endloop
  endfacet
  facet normal -0.365341029022533 -0.9308737468168048 0
    outer loop
      vertex -12.773946598172188 -22.791709385812283 0
      vertex -12.773946598172188 -22.791709385812283 2
      vertex -13.145148411393166 -22.64602340757847 2
    endloop
  endfacet
  facet normal -0.27084046253226474 -0.9626242485286296 0
    outer loop
      vertex -12.390083737671375 -22.89971164613962 0
      vertex -12.390083737671375 -22.89971164613962 2
      vertex -12.773946598172188 -22.791709385812283 2
    endloop
  endfacet
  facet normal 0 0 -1
    outer loop
      vertex -15.455323301255703 -19.59616906195879 0
      vertex -15.49502768367529 -19.199383541941643 0
      vertex -15.49502768367529 -11.5 0
    endloop
  endfacet
  facet normal 0 0 -1
    outer loop
      vertex -15.455323301255703 -19.59616906195879 0
      vertex -15.49502768367529 -11.5 0
      vertex -15.49502768367529 -10.652053549237875 0
    endloop
  endfacet
  facet normal 0 0 -1
    outer loop
      vertex -15.455323301255703 -19.59616906195879 0
      vertex -15.49502768367529 -10.652053549237875 0
      vertex -15.49502768367529 -6.5 0
    endloop
  endfacet
  facet normal 0 0 -1
    outer loop
      vertex -15.455323301255703 -19.59616906195879 0
      vertex -12.5 -2.5 0
      vertex -15.376309141516685 -19.98702958971262 0
    endloop
  endfacet
  facet normal -1 0 0
    outer loop
      vertex -15.49502768367529 -19.199383541941643 0
      vertex -15.49502768367529 -11.5 2
      vertex -15.49502768367529 -11.5 0
    endloop
  endfacet
  facet normal 0 0 -1
    outer loop
      vertex -14.913163527846336 -21.085740812122822 0
      vertex -15.10387547314167 -20.735534958541393 0
      vertex -12.5 -2.5 0
    endloop
  endfacet
  facet normal 0 0 -1
    outer loop
      vertex -15.258770480751991 -20.36808057129383 0
      vertex -12.5 -2.5 0
      vertex -15.10387547314167 -20.735534958541393 0
    endloop
  endfacet
  facet normal 0 0 -1
    outer loop
      vertex -14.913163527846336 -21.085740812122822 0
      vertex -12.5 -2.5 0
      vertex -14.688530027866364 -21.415217638015747 0
    endloop
  endfacet
  facet normal 0 0 -1
    outer loop
      vertex -14.432207487523556 -21.720690950751305 0
      vertex -14.688530027866364 -21.415217638015747 0
      vertex -12.5 -2.5 0
    endloop
  endfacet
  facet normal 0 0 -1
    outer loop
      vertex -14.432207487523556 -21.720690950751305 0
      vertex -12.5 -2.5 0
      vertex -14.146743349730968 -21.9991248100996 0
    endloop
  endfacet
  facet normal 0 0 -1
    outer loop
      vertex -14.146743349730968 -21.9991248100996 0
      vertex -12.5 -2.5 0
      vertex -13.834974691271782 -22.247752025723457 0
    endloop
  endfacet
  facet normal 0 0 -1
    outer loop
      vertex -13.5 -22.4641016125679 0
      vertex -12.5 -2.5 0
      vertex -13.145148411393166 -22.64602340757847 0
    endloop
  endfacet
  facet normal 0 0 -1
    outer loop
      vertex -13.145148411393166 -22.64602340757847 0
      vertex -12.5 -2.5 0
      vertex -12.773946598172188 -22.791709385812283 0
    endloop
  endfacet
  facet normal 0 0 -1
    outer loop
      vertex -12.773946598172188 -22.791709385812283 0
      vertex -12.5 -2.5 0
      vertex -12.390083737671375 -22.89971164613962 0
    endloop
  endfacet
  facet normal 0 0 -1
    outer loop
      vertex -13.5 -22.4641016125679 0
      vertex -13.834974691271782 -22.247752025723457 0
      vertex -12.5 -2.5 0
    endloop
  endfacet
  facet normal 0 0 -1
    outer loop
      vertex -15.258770480751991 -20.36808057129383 0
      vertex -15.376309141516685 -19.98702958971262 0
      vertex -12.5 -2.5 0
    endloop
  endfacet
  facet normal -1 0 0
    outer loop
      vertex -15.49502768367529 -19.199383541941643 0
      vertex -15.49502768367529 -19.199383541941643 2
      vertex -15.49502768367529 -11.5 2
    endloop
  endfacet
  facet normal -0.17364818697468923 -0.984807751370999 0
    outer loop
      vertex -12.390083737671375 -22.89971164613962 0
      vertex -11.997374817728996 -22.96895682811737 0
      vertex -12.390083737671375 -22.89971164613962 2
    endloop
  endfacet
  facet normal -0.07473009182479184 -0.9972037973131963 0
    outer loop
      vertex -11.997374817728996 -22.96895682811737 0
      vertex -11.599722765386105 -22.998756729066372 0
      vertex -11.997374817728996 -22.96895682811737 2
    endloop
  endfacet
  facet normal 0 0 -1
    outer loop
      vertex -11.599722765386105 -22.998756729066372 0
      vertex -11.6 -17 0
      vertex -9.399999999999999 -17 0
    endloop
  endfacet
  facet normal -0.17364818697468923 -0.984807751370999 0
    outer loop
      vertex -11.997374817728996 -22.96895682811737 0
      vertex -11.997374817728996 -22.96895682811737 2
      vertex -12.390083737671375 -22.89971164613962 2
    endloop
  endfacet
  facet normal -0.07473009182479184 -0.9972037973131963 0
    outer loop
      vertex -11.599722765386105 -22.998756729066372 0
      vertex -11.599722765386105 -22.998756729066372 2
      vertex -11.997374817728996 -22.96895682811737 2
    endloop
  endfacet
  facet normal 0 0 1
    outer loop
      vertex -15.258770480751991 -20.36808057129383 2
      vertex -15.3 -11.5 2
      vertex -15.376309141516685 -19.98702958971262 2
    endloop
  endfacet
  facet normal 0 0 1
    outer loop
      vertex -13.145148411393166 -22.64602340757847 2
      vertex -12.773946598172188 -22.791709385812283 2
      vertex -12.92032928019762 -19.93416526168585 2
    endloop
  endfacet
  facet normal 0 0 1
    outer loop
      vertex -12.773946598172188 -22.791709385812283 2
      vertex -12.390083737671375 -22.89971164613962 2
      vertex -12.666610784828663 -20.23653519153595 2
    endloop
  endfacet
  facet normal 0 0 1
    outer loop
      vertex -13.5 -22.4641016125679 2
      vertex -13.145148411393166 -22.64602340757847 2
      vertex -13.188505209982395 -19.197357952594757 2
    endloop
  endfacet
  facet normal 0 0 1
    outer loop
      vertex -13.145148411393166 -22.64602340757847 2
      vertex -13.097477458417416 -19.58143424242735 2
      vertex -13.188505209982395 -19.197357952594757 2
    endloop
  endfacet
  facet normal 0 0 1
    outer loop
      vertex -13.145148411393166 -22.64602340757847 2
      vertex -12.92032928019762 -19.93416526168585 2
      vertex -13.097477458417416 -19.58143424242735 2
    endloop
  endfacet
  facet normal 0 0 1
    outer loop
      vertex -12.773946598172188 -22.791709385812283 2
      vertex -12.666610784828663 -20.23653519153595 2
      vertex -12.92032928019762 -19.93416526168585 2
    endloop
  endfacet
  facet normal 0 0 1
    outer loop
      vertex -12.390083737671375 -22.89971164613962 2
      vertex -12.350000001490116 -20.472243189811707 2
      vertex -12.666610784828663 -20.23653519153595 2
    endloop
  endfacet
  facet normal 0 0 1
    outer loop
      vertex -15.455323301255703 -19.59616906195879 2
      vertex -15.376309141516685 -19.98702958971262 2
      vertex -15.3 -11.5 2
    endloop
  endfacet
  facet normal 0 0 1
    outer loop
      vertex -15.455323301255703 -19.59616906195879 2
      vertex -15.3 -11.5 2
      vertex -15.49502768367529 -19.199383541941643 2
    endloop
  endfacet
  facet normal 0 0 1
    outer loop
      vertex -14.913163527846336 -21.085740812122822 2
      vertex -13.188505209982395 -2.5 2
      vertex -15.10387547314167 -20.735534958541393 2
    endloop
  endfacet
  facet normal 0 0 1
    outer loop
      vertex -15.258770480751991 -20.36808057129383 2
      vertex -15.10387547314167 -20.735534958541393 2
      vertex -13.188505209982395 -2.5 2
    endloop
  endfacet
  facet normal 0 0 1
    outer loop
      vertex -15.49502768367529 -19.199383541941643 2
      vertex -15.3 -11.5 2
      vertex -15.49502768367529 -11.5 2
    endloop
  endfacet
  facet normal 0 0 1
    outer loop
      vertex -15.258770480751991 -20.36808057129383 2
      vertex -15.3 -6.5 2
      vertex -15.3 -11.5 2
    endloop
  endfacet
  facet normal 0 0 1
    outer loop
      vertex -14.432207487523556 -21.720690950751305 2
      vertex -13.188505209982395 -2.5 2
      vertex -14.688530027866364 -21.415217638015747 2
    endloop
  endfacet
  facet normal 0 0 1
    outer loop
      vertex -14.432207487523556 -21.720690950751305 2
      vertex -14.146743349730968 -21.9991248100996 2
      vertex -13.188505209982395 -2.5 2
    endloop
  endfacet
  facet normal 0 0 1
    outer loop
      vertex -14.913163527846336 -21.085740812122822 2
      vertex -14.688530027866364 -21.415217638015747 2
      vertex -13.188505209982395 -2.5 2
    endloop
  endfacet
  facet normal 0 0 1
    outer loop
      vertex -14.146743349730968 -21.9991248100996 2
      vertex -13.834974691271782 -22.247752025723457 2
      vertex -13.188505209982395 -2.5 2
    endloop
  endfacet
  facet normal 0 0 1
    outer loop
      vertex -13.5 -22.4641016125679 2
      vertex -13.188505209982395 -2.5 2
      vertex -13.834974691271782 -22.247752025723457 2
    endloop
  endfacet
  facet normal 0 0 1
    outer loop
      vertex -13.5 -22.4641016125679 2
      vertex -13.188505209982395 -19.197357952594757 2
      vertex -13.188505209982395 -2.5 2
    endloop
  endfacet
  facet normal 0 0 1
    outer loop
      vertex -12.390083737671375 -22.89971164613962 2
      vertex -11.997374817728996 -22.96895682811737 2
      vertex -12.350000001490116 -20.472243189811707 2
    endloop
  endfacet
  facet normal 0 0 1
    outer loop
      vertex -11.997374817728996 -22.96895682811737 2
      vertex -11.599722765386105 -22.998756729066372 2
      vertex -11.987565495073795 -20.628582172095776 2
    endloop
  endfacet
  facet normal 0 0 1
    outer loop
      vertex -12.350000001490116 -20.472243189811707 2
      vertex -11.997374817728996 -22.96895682811737 2
      vertex -11.987565495073795 -20.628582172095776 2
    endloop
  endfacet
  facet normal 0 0 1
    outer loop
      vertex -11.599722765386105 -22.998756729066372 2
      vertex -11.598846212029457 -20.697123870253563 2
      vertex -11.987565495073795 -20.628582172095776 2
    endloop
  endfacet
  facet normal 0 0 1
    outer loop
      vertex -11.853553391993046 -19.353553391993046 2
      vertex -11.5 -19.5 2
      vertex -11.6 -17 2
    endloop
  endfacet
  facet normal 0 0 1
    outer loop
      vertex -11.5 -19.5 2
      vertex -9.399999999999999 -17 2
      vertex -11.6 -17 2
    endloop
  endfacet
  facet normal 0 0 -1
    outer loop
      vertex -15.455323301255703 -19.59616906195879 0
      vertex -15.49502768367529 -6.5 0
      vertex -12.5 -2.5 0
    endloop
  endfacet
  facet normal 0 0 -1
    outer loop
      vertex -15.49502768367529 -6.5 0
      vertex -15.49502768367529 -2.5 0
      vertex -12.5 -2.5 0
    endloop
  endfacet
  facet normal -1 0 0
    outer loop
      vertex -15.49502768367529 -6.5 0
      vertex -15.49502768367529 -6.5 2
      vertex -15.49502768367529 -2.5 0
    endloop
  endfacet
  facet normal 0 0 -1
    outer loop
      vertex -12.390083737671375 -22.89971164613962 0
      vertex -12.5 -2.5 0
      vertex -12.390083737671375 22.89971164613962 0
    endloop
  endfacet
  facet normal -1 0 0
    outer loop
      vertex -15.49502768367529 -6.5 2
      vertex -15.49502768367529 -2.5 2
      vertex -15.49502768367529 -2.5 0
    endloop
  endfacet
  facet normal 0 0 -1
    outer loop
      vertex -12.390083737671375 -22.89971164613962 0
      vertex -12.390083737671375 22.89971164613962 0
      vertex -11.997374817728996 -22.96895682811737 0
    endloop
  endfacet
  facet normal 0 0 -1
    outer loop
      vertex -11.997374817728996 -22.96895682811737 0
      vertex -11.997374817728996 22.96895682811737 0
      vertex -11.599722765386105 -22.998756729066372 0
    endloop
  endfacet
  facet normal 0 0 -1
    outer loop
      vertex -11.599722765386105 -22.998756729066372 0
      vertex -11.997374817728996 22.96895682811737 0
      vertex -11.6 -17 0
    endloop
  endfacet
  facet normal 0 0 -1
    outer loop
      vertex -11.997374817728996 22.96895682811737 0
      vertex -11.6 -11 0
      vertex -11.6 -17 0
    endloop
  endfacet
  facet normal 0 0 -1
    outer loop
      vertex -9.399999999999999 -11 0
      vertex -11.6 -11 0
      vertex -9.399999999999999 11 0
    endloop
  endfacet
  facet normal 0 0 1
    outer loop
      vertex -15.258770480751991 -20.36808057129383 2
      vertex -13.188505209982395 -2.5 2
      vertex -15.3 -6.5 2
    endloop
  endfacet
  facet normal 0 0 1
    outer loop
      vertex -15.49502768367529 -6.5 2
      vertex -15.3 -6.5 2
      vertex -15.49502768367529 -2.5 2
    endloop
  endfacet
  facet normal 0 0 1
    outer loop
      vertex -15.3 -6.5 2
      vertex -13.188505209982395 -2.5 2
      vertex -15.49502768367529 -2.5 2
    endloop
  endfacet
  facet normal 0 0 1
    outer loop
      vertex -11.853553391993046 -19.353553391993046 2
      vertex -12 19 2
      vertex -12 -19 2
    endloop
  endfacet
  facet normal 0 0 1
    outer loop
      vertex -11.853553391993046 -19.353553391993046 2
      vertex -11.6 -17 2
      vertex -12 19 2
    endloop
  endfacet
  facet normal 0 0 1
    outer loop
      vertex -12 19 2
      vertex -11.6 -17 2
      vertex -11.6 -11 2
    endloop
  endfacet
  facet normal 0 0 1
    outer loop
      vertex -11.6 -11 2
      vertex -9.399999999999999 -11 2
      vertex -11.6 11 2
    endloop
  endfacet
  facet normal 0 0 -1
    outer loop
      vertex -11.599722765386105 -22.998756729066372 0
      vertex -9.399999999999999 -17 0
      vertex 11.400277234613895 -22.998756729066372 0
    endloop
  endfacet
  facet normal 0 -1 0
    outer loop
      vertex -11.599722765386105 -22.998756729066372 0
      vertex 11.400277234613895 -22.998756729066372 0
      vertex -11.599722765386105 -22.998756729066372 2
    endloop
  endfacet
  facet normal 0 0 -1
    outer loop
      vertex 11.400277234613895 -22.998756729066372 0
      vertex -9.399999999999999 -17 0
      vertex -9.399999999999999 -11 0
    endloop
  endfacet
  facet normal 0 0 1
    outer loop
      vertex -11.599722765386105 -22.998756729066372 2
      vertex 11.400277234613895 -22.998756729066372 2
      vertex -11.598846212029457 -20.697123870253563 2
    endloop
  endfacet
  facet normal 0 0 1
    outer loop
      vertex -11.5 -19.5 2
      vertex 9.4 -11 2
      vertex -9.399999999999999 -17 2
    endloop
  endfacet
  facet normal 0 0 1
    outer loop
      vertex 9.4 -11 2
      vertex -9.399999999999999 -11 2
      vertex -9.399999999999999 -17 2
    endloop
  endfacet
  facet normal 0 0 -1
    outer loop
      vertex 11.400277234613895 -22.998756729066372 0
      vertex -9.399999999999999 -11 0
      vertex -9.399999999999999 11 0
    endloop
  endfacet
  facet normal 0 0 1
    outer loop
      vertex 9.4 -11 2
      vertex -9.399999999999999 11 2
      vertex -9.399999999999999 -11 2
    endloop
  endfacet
  facet normal -1 0 0
    outer loop
      vertex -15.49502768367529 6.5 0
      vertex -15.49502768367529 2.5 0
      vertex -15.49502768367529 2.5 2
    endloop
  endfacet
  facet normal -1 0 0
    outer loop
      vertex -15.49502768367529 6.5 0
      vertex -15.49502768367529 2.5 2
      vertex -15.49502768367529 6.5 2
    endloop
  endfacet
  facet normal 0 0 -1
    outer loop
      vertex -15.49502768367529 6.5 0
      vertex -15.455323301255703 19.59616906195879 0
      vertex -15.49502768367529 2.5 0
    endloop
  endfacet
  facet normal 0 0 -1
    outer loop
      vertex -15.49502768367529 7.347946450762125 0
      vertex -15.455323301255703 19.59616906195879 0
      vertex -15.49502768367529 6.5 0
    endloop
  endfacet
  facet normal 0 0 -1
    outer loop
      vertex -12.390083737671375 22.89971164613962 0
      vertex -12.5 -2.5 0
      vertex -12.5 2.5 0
    endloop
  endfacet
  facet normal 0 0 -1
    outer loop
      vertex -12.773946598172188 22.791709385812283 0
      vertex -12.5 2.5 0
      vertex -15.49502768367529 2.5 0
    endloop
  endfacet
  facet normal 0 0 -1
    outer loop
      vertex -11.6 -11 0
      vertex -11.6 11 0
      vertex -9.399999999999999 11 0
    endloop
  endfacet
  facet normal 0 0 -1
    outer loop
      vertex -11.997374817728996 -22.96895682811737 0
      vertex -12.390083737671375 22.89971164613962 0
      vertex -11.997374817728996 22.96895682811737 0
    endloop
  endfacet
  facet normal 0 0 -1
    outer loop
      vertex -11.997374817728996 22.96895682811737 0
      vertex -11.6 11 0
      vertex -11.6 -11 0
    endloop
  endfacet
  facet normal 0 0 1
    outer loop
      vertex -15.49502768367529 6.5 2
      vertex -15.49502768367529 2.5 2
      vertex -13.188505209982395 2.5 2
    endloop
  endfacet
  facet normal 0 0 1
    outer loop
      vertex -15.49502768367529 6.5 2
      vertex -13.188505209982395 2.5 2
      vertex -15.3 6.5 2
    endloop
  endfacet
  facet normal 0 0 1
    outer loop
      vertex -15.3 6.5 2
      vertex -13.188505209982395 2.5 2
      vertex -15.258770480751991 20.36808057129383 2
    endloop
  endfacet
  facet normal 0 0 1
    outer loop
      vertex -9.399999999999999 -11 2
      vertex -9.399999999999999 11 2
      vertex -11.6 11 2
    endloop
  endfacet
  facet normal 0 0 1
    outer loop
      vertex -11.853553391993046 19.353553391993046 2
      vertex -11.6 -11 2
      vertex -11.6 11 2
    endloop
  endfacet
  facet normal 0 0 1
    outer loop
      vertex -12 19 2
      vertex -11.6 -11 2
      vertex -11.853553391993046 19.353553391993046 2
    endloop
  endfacet
  facet normal 0 0 -1
    outer loop
      vertex -15.49502768367529 11.5 0
      vertex -15.455323301255703 19.59616906195879 0
      vertex -15.49502768367529 7.347946450762125 0
    endloop
  endfacet
  facet normal 0 0 -1
    outer loop
      vertex -15.455323301255703 19.59616906195879 0
      vertex -15.376309141516685 19.98702958971262 0
      vertex -15.49502768367529 2.5 0
    endloop
  endfacet
  facet normal 0 0 -1
    outer loop
      vertex -15.376309141516685 19.98702958971262 0
      vertex -15.258770480751991 20.36808057129383 0
      vertex -15.49502768367529 2.5 0
    endloop
  endfacet
  facet normal 0 0 -1
    outer loop
      vertex -15.49502768367529 19.199383541941643 0
      vertex -15.455323301255703 19.59616906195879 0
      vertex -15.49502768367529 11.5 0
    endloop
  endfacet
  facet normal 0 0 -1
    outer loop
      vertex -15.258770480751991 20.36808057129383 0
      vertex -15.10387547314167 20.735534958541393 0
      vertex -15.49502768367529 2.5 0
    endloop
  endfacet
  facet normal 0 0 -1
    outer loop
      vertex -15.10387547314167 20.735534958541393 0
      vertex -14.913163527846336 21.085740812122822 0
      vertex -15.49502768367529 2.5 0
    endloop
  endfacet
  facet normal 0 0 -1
    outer loop
      vertex -14.913163527846336 21.085740812122822 0
      vertex -14.688530027866364 21.415217638015747 0
      vertex -15.49502768367529 2.5 0
    endloop
  endfacet
  facet normal 0 0 -1
    outer loop
      vertex -14.688530027866364 21.415217638015747 0
      vertex -14.432207487523556 21.720690950751305 0
      vertex -15.49502768367529 2.5 0
    endloop
  endfacet
  facet normal 0 0 -1
    outer loop
      vertex -14.432207487523556 21.720690950751305 0
      vertex -14.146743349730968 21.9991248100996 0
      vertex -15.49502768367529 2.5 0
    endloop
  endfacet
  facet normal 0 0 -1
    outer loop
      vertex -14.146743349730968 21.9991248100996 0
      vertex -13.834974691271782 22.247752025723457 0
      vertex -15.49502768367529 2.5 0
    endloop
  endfacet
  facet normal -1 0 0
    outer loop
      vertex -15.49502768367529 11.5 0
      vertex -15.49502768367529 19.199383541941643 2
      vertex -15.49502768367529 19.199383541941643 0
    endloop
  endfacet
  facet normal 0 0 -1
    outer loop
      vertex -13.834974691271782 22.247752025723457 0
      vertex -13.5 22.4641016125679 0
      vertex -15.49502768367529 2.5 0
    endloop
  endfacet
  facet normal 0 0 -1
    outer loop
      vertex -13.5 22.4641016125679 0
      vertex -13.145148411393166 22.64602340757847 0
      vertex -15.49502768367529 2.5 0
    endloop
  endfacet
  facet normal 0 0 -1
    outer loop
      vertex -13.145148411393166 22.64602340757847 0
      vertex -12.773946598172188 22.791709385812283 0
      vertex -15.49502768367529 2.5 0
    endloop
  endfacet
  facet normal 0 0 -1
    outer loop
      vertex -12.773946598172188 22.791709385812283 0
      vertex -12.390083737671375 22.89971164613962 0
      vertex -12.5 2.5 0
    endloop
  endfacet
  facet normal -1 0 0
    outer loop
      vertex -15.49502768367529 11.5 0
      vertex -15.49502768367529 11.5 2
      vertex -15.49502768367529 19.199383541941643 2
    endloop
  endfacet
  facet normal -0.9950307747072564 0.09956785317298553 0
    outer loop
      vertex -15.49502768367529 19.199383541941643 0
      vertex -15.455323301255703 19.59616906195879 2
      vertex -15.455323301255703 19.59616906195879 0
    endloop
  endfacet
  facet normal -0.9801724881350783 0.19814614178199375 0
    outer loop
      vertex -15.455323301255703 19.59616906195879 0
      vertex -15.376309141516685 19.98702958971262 2
      vertex -15.376309141516685 19.98702958971262 0
    endloop
  endfacet
  facet normal -0.9555728062888861 0.2947551727810439 0
    outer loop
      vertex -15.376309141516685 19.98702958971262 0
      vertex -15.258770480751991 20.36808057129383 2
      vertex -15.258770480751991 20.36808057129383 0
    endloop
  endfacet
  facet normal -0.9214762169360164 0.38843478425765066 0
    outer loop
      vertex -15.258770480751991 20.36808057129383 0
      vertex -15.10387547314167 20.735534958541393 2
      vertex -15.10387547314167 20.735534958541393 0
    endloop
  endfacet
  facet normal -0.8782215711562958 0.4782539826867803 0
    outer loop
      vertex -15.10387547314167 20.735534958541393 0
      vertex -14.913163527846336 21.085740812122822 2
      vertex -14.913163527846336 21.085740812122822 0
    endloop
  endfacet
  facet normal -0.8262387700764153 0.563320064281943 0
    outer loop
      vertex -14.913163527846336 21.085740812122822 0
      vertex -14.688530027866364 21.415217638015747 2
      vertex -14.688530027866364 21.415217638015747 0
    endloop
  endfacet
  facet normal -0.7660444476977989 0.642787604229713 0
    outer loop
      vertex -14.688530027866364 21.415217638015747 0
      vertex -14.432207487523556 21.720690950751305 2
      vertex -14.432207487523556 21.720690950751305 0
    endloop
  endfacet
  facet normal -0.6982368151579369 0.7158668521157416 0
    outer loop
      vertex -14.432207487523556 21.720690950751305 0
      vertex -14.146743349730968 21.9991248100996 2
      vertex -14.146743349730968 21.9991248100996 0
    endloop
  endfacet
  facet normal -0.623489812611992 0.7818314738925922 0
    outer loop
      vertex -14.146743349730968 21.9991248100996 0
      vertex -13.834974691271782 22.247752025723457 2
      vertex -13.834974691271782 22.247752025723457 0
    endloop
  endfacet
  facet normal -0.5425462515912699 0.8400259310784771 0
    outer loop
      vertex -13.834974691271782 22.247752025723457 0
      vertex -13.5 22.4641016125679 2
      vertex -13.5 22.4641016125679 0
    endloop
  endfacet
  facet normal -0.45621065799394167 0.8898718084829605 0
    outer loop
      vertex -13.5 22.4641016125679 0
      vertex -13.145148411393166 22.64602340757847 2
      vertex -13.145148411393166 22.64602340757847 0
    endloop
  endfacet
  facet normal -0.365341029022533 0.9308737468168048 0
    outer loop
      vertex -13.145148411393166 22.64602340757847 0
      vertex -12.773946598172188 22.791709385812283 2
      vertex -12.773946598172188 22.791709385812283 0
    endloop
  endfacet
  facet normal -0.27084046253226474 0.9626242485286296 0
    outer loop
      vertex -12.773946598172188 22.791709385812283 0
      vertex -12.390083737671375 22.89971164613962 2
      vertex -12.390083737671375 22.89971164613962 0
    endloop
  endfacet
  facet normal -0.9950307747072564 0.09956785317298553 0
    outer loop
      vertex -15.49502768367529 19.199383541941643 0
      vertex -15.49502768367529 19.199383541941643 2
      vertex -15.455323301255703 19.59616906195879 2
    endloop
  endfacet
  facet normal -0.9801724881350783 0.19814614178199375 0
    outer loop
      vertex -15.455323301255703 19.59616906195879 0
      vertex -15.455323301255703 19.59616906195879 2
      vertex -15.376309141516685 19.98702958971262 2
    endloop
  endfacet
  facet normal -0.9555728062888861 0.2947551727810439 0
    outer loop
      vertex -15.376309141516685 19.98702958971262 0
      vertex -15.376309141516685 19.98702958971262 2
      vertex -15.258770480751991 20.36808057129383 2
    endloop
  endfacet
  facet normal -0.9214762169360164 0.38843478425765066 0
    outer loop
      vertex -15.258770480751991 20.36808057129383 0
      vertex -15.258770480751991 20.36808057129383 2
      vertex -15.10387547314167 20.735534958541393 2
    endloop
  endfacet
  facet normal -0.8782215711562958 0.4782539826867803 0
    outer loop
      vertex -15.10387547314167 20.735534958541393 0
      vertex -15.10387547314167 20.735534958541393 2
      vertex -14.913163527846336 21.085740812122822 2
    endloop
  endfacet
  facet normal -0.8262387700764153 0.563320064281943 0
    outer loop
      vertex -14.913163527846336 21.085740812122822 0
      vertex -14.913163527846336 21.085740812122822 2
      vertex -14.688530027866364 21.415217638015747 2
    endloop
  endfacet
  facet normal -0.7660444476977989 0.642787604229713 0
    outer loop
      vertex -14.688530027866364 21.415217638015747 0
      vertex -14.688530027866364 21.415217638015747 2
      vertex -14.432207487523556 21.720690950751305 2
    endloop
  endfacet
  facet normal -0.6982368151579369 0.7158668521157416 0
    outer loop
      vertex -14.432207487523556 21.720690950751305 0
      vertex -14.432207487523556 21.720690950751305 2
      vertex -14.146743349730968 21.9991248100996 2
    endloop
  endfacet
  facet normal -0.623489812611992 0.7818314738925922 0
    outer loop
      vertex -14.146743349730968 21.9991248100996 0
      vertex -14.146743349730968 21.9991248100996 2
      vertex -13.834974691271782 22.247752025723457 2
    endloop
  endfacet
  facet normal -0.5425462515912699 0.8400259310784771 0
    outer loop
      vertex -13.834974691271782 22.247752025723457 0
      vertex -13.834974691271782 22.247752025723457 2
      vertex -13.5 22.4641016125679 2
    endloop
  endfacet
  facet normal -0.45621065799394167 0.8898718084829605 0
    outer loop
      vertex -13.5 22.4641016125679 0
      vertex -13.5 22.4641016125679 2
      vertex -13.145148411393166 22.64602340757847 2
    endloop
  endfacet
  facet normal -0.365341029022533 0.9308737468168048 0
    outer loop
      vertex -13.145148411393166 22.64602340757847 0
      vertex -13.145148411393166 22.64602340757847 2
      vertex -12.773946598172188 22.791709385812283 2
    endloop
  endfacet
  facet normal -0.27084046253226474 0.9626242485286296 0
    outer loop
      vertex -12.773946598172188 22.791709385812283 0
      vertex -12.773946598172188 22.791709385812283 2
      vertex -12.390083737671375 22.89971164613962 2
    endloop
  endfacet
  facet normal 0 0 -1
    outer loop
      vertex -11.997374817728996 22.96895682811737 0
      vertex -11.6 17 0
      vertex -11.6 11 0
    endloop
  endfacet
  facet normal 0 0 -1
    outer loop
      vertex -11.599722765386105 22.998756729066372 0
      vertex -9.399999999999999 17 0
      vertex -11.6 17 0
    endloop
  endfacet
  facet normal 0 0 -1
    outer loop
      vertex -11.997374817728996 22.96895682811737 0
      vertex -11.599722765386105 22.998756729066372 0
      vertex -11.6 17 0
    endloop
  endfacet
  facet normal -0.17364818697468923 0.984807751370999 0
    outer loop
      vertex -12.390083737671375 22.89971164613962 0
      vertex -11.997374817728996 22.96895682811737 2
      vertex -11.997374817728996 22.96895682811737 0
    endloop
  endfacet
  facet normal -0.07473009182479184 0.9972037973131963 0
    outer loop
      vertex -11.997374817728996 22.96895682811737 0
      vertex -11.599722765386105 22.998756729066372 2
      vertex -11.599722765386105 22.998756729066372 0
    endloop
  endfacet
  facet normal -0.17364818697468923 0.984807751370999 0
    outer loop
      vertex -12.390083737671375 22.89971164613962 0
      vertex -12.390083737671375 22.89971164613962 2
      vertex -11.997374817728996 22.96895682811737 2
    endloop
  endfacet
  facet normal -0.07473009182479184 0.9972037973131963 0
    outer loop
      vertex -11.997374817728996 22.96895682811737 0
      vertex -11.997374817728996 22.96895682811737 2
      vertex -11.599722765386105 22.998756729066372 2
    endloop
  endfacet
  facet normal 0 0 1
    outer loop
      vertex -15.3 6.5 2
      vertex -15.258770480751991 20.36808057129383 2
      vertex -15.3 11.5 2
    endloop
  endfacet
  facet normal 0 0 1
    outer loop
      vertex -15.49502768367529 11.5 2
      vertex -15.3 11.5 2
      vertex -15.376309141516685 19.98702958971262 2
    endloop
  endfacet
  facet normal 0 0 1
    outer loop
      vertex -15.49502768367529 11.5 2
      vertex -15.455323301255703 19.59616906195879 2
      vertex -15.49502768367529 19.199383541941643 2
    endloop
  endfacet
  facet normal 0 0 1
    outer loop
      vertex -15.49502768367529 11.5 2
      vertex -15.376309141516685 19.98702958971262 2
      vertex -15.455323301255703 19.59616906195879 2
    endloop
  endfacet
  facet normal 0 0 1
    outer loop
      vertex -15.258770480751991 20.36808057129383 2
      vertex -13.188505209982395 2.5 2
      vertex -15.10387547314167 20.735534958541393 2
    endloop
  endfacet
  facet normal 0 0 1
    outer loop
      vertex -15.10387547314167 20.735534958541393 2
      vertex -13.188505209982395 2.5 2
      vertex -14.913163527846336 21.085740812122822 2
    endloop
  endfacet
  facet normal 0 0 1
    outer loop
      vertex -14.913163527846336 21.085740812122822 2
      vertex -13.188505209982395 2.5 2
      vertex -14.688530027866364 21.415217638015747 2
    endloop
  endfacet
  facet normal 0 0 1
    outer loop
      vertex -14.688530027866364 21.415217638015747 2
      vertex -13.188505209982395 2.5 2
      vertex -14.432207487523556 21.720690950751305 2
    endloop
  endfacet
  facet normal 0 0 1
    outer loop
      vertex -14.432207487523556 21.720690950751305 2
      vertex -13.188505209982395 2.5 2
      vertex -14.146743349730968 21.9991248100996 2
    endloop
  endfacet
  facet normal 0 0 1
    outer loop
      vertex -14.146743349730968 21.9991248100996 2
      vertex -13.188505209982395 2.5 2
      vertex -13.834974691271782 22.247752025723457 2
    endloop
  endfacet
  facet normal 0 0 1
    outer loop
      vertex -13.834974691271782 22.247752025723457 2
      vertex -13.188505209982395 2.5 2
      vertex -13.5 22.4641016125679 2
    endloop
  endfacet
  facet normal 0 0 1
    outer loop
      vertex -13.188505209982395 19.197357952594757 2
      vertex -13.5 22.4641016125679 2
      vertex -13.188505209982395 2.5 2
    endloop
  endfacet
  facet normal 0 0 1
    outer loop
      vertex -15.3 11.5 2
      vertex -15.258770480751991 20.36808057129383 2
      vertex -15.376309141516685 19.98702958971262 2
    endloop
  endfacet
  facet normal 0 0 1
    outer loop
      vertex -13.188505209982395 19.197357952594757 2
      vertex -13.097477458417416 19.58143424242735 2
      vertex -13.5 22.4641016125679 2
    endloop
  endfacet
  facet normal 0 0 1
    outer loop
      vertex -13.097477458417416 19.58143424242735 2
      vertex -12.92032928019762 19.93416526168585 2
      vertex -13.145148411393166 22.64602340757847 2
    endloop
  endfacet
  facet normal 0 0 1
    outer loop
      vertex -12.92032928019762 19.93416526168585 2
      vertex -12.666610784828663 20.23653519153595 2
      vertex -13.145148411393166 22.64602340757847 2
    endloop
  endfacet
  facet normal 0 0 1
    outer loop
      vertex -12.666610784828663 20.23653519153595 2
      vertex -12.350000001490116 20.472243189811707 2
      vertex -12.773946598172188 22.791709385812283 2
    endloop
  endfacet
  facet normal 0 0 1
    outer loop
      vertex -13.097477458417416 19.58143424242735 2
      vertex -13.145148411393166 22.64602340757847 2
      vertex -13.5 22.4641016125679 2
    endloop
  endfacet
  facet normal 0 0 1
    outer loop
      vertex -12.666610784828663 20.23653519153595 2
      vertex -12.773946598172188 22.791709385812283 2
      vertex -13.145148411393166 22.64602340757847 2
    endloop
  endfacet
  facet normal 0 0 1
    outer loop
      vertex -12.350000001490116 20.472243189811707 2
      vertex -12.390083737671375 22.89971164613962 2
      vertex -12.773946598172188 22.791709385812283 2
    endloop
  endfacet
  facet normal 0 0 1
    outer loop
      vertex -11.853553391993046 19.353553391993046 2
      vertex -11.6 11 2
      vertex -11.6 17 2
    endloop
  endfacet
  facet normal 0 0 1
    outer loop
      vertex -11.853553391993046 19.353553391993046 2
      vertex -11.6 17 2
      vertex -9.399999999999999 17 2
    endloop
  endfacet
  facet normal 0 0 1
    outer loop
      vertex -11.853553391993046 19.353553391993046 2
      vertex -9.399999999999999 17 2
      vertex -11.5 19.5 2
    endloop
  endfacet
  facet normal 0 0 1
    outer loop
      vertex -12.350000001490116 20.472243189811707 2
      vertex -11.987565495073795 20.628582172095776 2
      vertex -12.390083737671375 22.89971164613962 2
    endloop
  endfacet
  facet normal 0 0 1
    outer loop
      vertex -11.987565495073795 20.628582172095776 2
      vertex -11.598846212029457 20.697123870253563 2
      vertex -11.997374817728996 22.96895682811737 2
    endloop
  endfacet
  facet normal 0 0 1
    outer loop
      vertex -12.390083737671375 22.89971164613962 2
      vertex -11.987565495073795 20.628582172095776 2
      vertex -11.997374817728996 22.96895682811737 2
    endloop
  endfacet
  facet normal 0 0 1
    outer loop
      vertex -11.598846212029457 20.697123870253563 2
      vertex -11.599722765386105 22.998756729066372 2
      vertex -11.997374817728996 22.96895682811737 2
    endloop
  endfacet
  facet normal 0 0 -1
    outer loop
      vertex 11.400277234613895 -22.998756729066372 0
      vertex -9.399999999999999 11 0
      vertex -9.399999999999999 17 0
    endloop
  endfacet
  facet normal 0 0 -1
    outer loop
      vertex -11.599722765386105 22.998756729066372 0
      vertex 11.400277234613895 -22.998756729066372 0
      vertex -9.399999999999999 17 0
    endloop
  endfacet
  facet normal 0 0 -1
    outer loop
      vertex -11.599722765386105 22.998756729066372 0
      vertex -0.9238795325112867 7.61731656763491 0
      vertex 11.400277234613895 -22.998756729066372 0
    endloop
  endfacet
  facet normal 0 0 1
    outer loop
      vertex -9.399999999999999 11 2
      vertex 9.4 -11 2
      vertex -0.9238795325112867 7.61731656763491 2
    endloop
  endfacet
  facet normal 0 0 1
    outer loop
      vertex -9.399999999999999 11 2
      vertex -0.9238795325112867 7.61731656763491 2
      vertex -1 8 2
    endloop
  endfacet
  facet normal 0 0 1
    outer loop
      vertex -9.399999999999999 11 2
      vertex -1 8 2
      vertex -0.9238795325112867 8.38268343236509 2
    endloop
  endfacet
  facet normal 0 0 1
    outer loop
      vertex -9.399999999999999 11 2
      vertex -0.9238795325112867 8.38268343236509 2
      vertex -0.7071067811865476 8.707106781186548 2
    endloop
  endfacet
  facet normal 0 0 1
    outer loop
      vertex -9.399999999999999 11 2
      vertex -0.7071067811865476 8.707106781186548 2
      vertex -0.3826834323650898 8.923879532511286 2
    endloop
  endfacet
  facet normal 0 0 1
    outer loop
      vertex -9.399999999999999 11 2
      vertex -0.3826834323650898 8.923879532511286 2
      vertex 0 9 2
    endloop
  endfacet
  facet normal 0 0 -1
    outer loop
      vertex -11.599722765386105 22.998756729066372 0
      vertex -1 8 0
      vertex -0.9238795325112867 7.61731656763491 0
    endloop
  endfacet
  facet normal 0 0 -1
    outer loop
      vertex -11.599722765386105 22.998756729066372 0
      vertex -0.9238795325112867 8.38268343236509 0
      vertex -1 8 0
    endloop
  endfacet
  facet normal 0 0 -1
    outer loop
      vertex -11.599722765386105 22.998756729066372 0
      vertex -0.7071067811865476 8.707106781186548 0
      vertex -0.9238795325112867 8.38268343236509 0
    endloop
  endfacet
  facet normal 0 0 -1
    outer loop
      vertex -11.599722765386105 22.998756729066372 0
      vertex -0.3826834323650898 8.923879532511286 0
      vertex -0.7071067811865476 8.707106781186548 0
    endloop
  endfacet
  facet normal 0 0 -1
    outer loop
      vertex -11.599722765386105 22.998756729066372 0
      vertex 9.4 17 0
      vertex -0.3826834323650898 8.923879532511286 0
    endloop
  endfacet
  facet normal 0 1 0
    outer loop
      vertex -11.599722765386105 22.998756729066372 0
      vertex -11.599722765386105 22.998756729066372 2
      vertex 11.400277234613895 22.998756729066372 2
    endloop
  endfacet
  facet normal 0 0 1
    outer loop
      vertex 11.5 19.5 2
      vertex -9.399999999999999 17 2
      vertex -9.399999999999999 11 2
    endloop
  endfacet
  facet normal 0 0 1
    outer loop
      vertex -11.5 19.5 2
      vertex -9.399999999999999 17 2
      vertex 11.5 19.5 2
    endloop
  endfacet
  facet normal 0 0 1
    outer loop
      vertex -11.598846212029457 20.697123870253563 2
      vertex 11.401153787970543 20.697123870253563 2
      vertex -11.599722765386105 22.998756729066372 2
    endloop
  endfacet
  facet normal 0 -1 0
    outer loop
      vertex -11.599722765386105 -22.998756729066372 2
      vertex 11.400277234613895 -22.998756729066372 0
      vertex 11.400277234613895 -22.998756729066372 2
    endloop
  endfacet
  facet normal 0 0 1
    outer loop
      vertex -11.598846212029457 -20.697123870253563 2
      vertex 11.400277234613895 -22.998756729066372 2
      vertex 11.401153787970543 -20.697123870253563 2
    endloop
  endfacet
  facet normal 0 0 1
    outer loop
      vertex -11.5 -19.5 2
      vertex 11.5 -19.5 2
      vertex 9.4 -17 2
    endloop
  endfacet
  facet normal 0 0 1
    outer loop
      vertex -11.5 -19.5 2
      vertex 9.4 -17 2
      vertex 9.4 -11 2
    endloop
  endfacet
  facet normal 0 0 -1
    outer loop
      vertex -0.7071067811865476 7.292893218813452 0
      vertex -0.3826834323650898 7.076120467488713 0
      vertex 9.4 -17 0
    endloop
  endfacet
  facet normal 0 0 -1
    outer loop
      vertex -0.7071067811865476 7.292893218813452 0
      vertex 9.4 -17 0
      vertex -0.9238795325112867 7.61731656763491 0
    endloop
  endfacet
  facet normal 0 0 -1
    outer loop
      vertex -0.3826834323650898 7.076120467488713 0
      vertex 9.4 -11 0
      vertex 9.4 -17 0
    endloop
  endfacet
  facet normal 0 0 -1
    outer loop
      vertex 11.400277234613895 -22.998756729066372 0
      vertex -0.9238795325112867 7.61731656763491 0
      vertex 9.4 -17 0
    endloop
  endfacet
  facet normal 0 0 -1
    outer loop
      vertex 11.400277234613895 -22.998756729066372 0
      vertex 11.600000000000001 -17 0
      vertex 11.79892037063837 -22.988815188407898 0
    endloop
  endfacet
  facet normal 0.024930695526006467 -0.9996891819063511 0
    outer loop
      vertex 11.400277234613895 -22.998756729066372 0
      vertex 11.79892037063837 -22.988815188407898 0
      vertex 11.400277234613895 -22.998756729066372 2
    endloop
  endfacet
  facet normal 0.12434369247354911 -0.9922392081257642 0
    outer loop
      vertex 11.79892037063837 -22.988815188407898 0
      vertex 12.194592714309692 -22.939231015741825 0
      vertex 11.79892037063837 -22.988815188407898 2
    endloop
  endfacet
  facet normal 0.22252095193184765 -0.9749279080790253 0
    outer loop
      vertex 12.194592714309692 -22.939231015741825 0
      vertex 12.583361871540546 -22.850496985018253 0
      vertex 12.194592714309692 -22.939231015741825 2
    endloop
  endfacet
  facet normal 0 0 -1
    outer loop
      vertex 11.400277234613895 -22.998756729066372 0
      vertex 9.4 -17 0
      vertex 11.600000000000001 -17 0
    endloop
  endfacet
  facet normal 0.024930695526006467 -0.9996891819063511 0
    outer loop
      vertex 11.79892037063837 -22.988815188407898 0
      vertex 11.79892037063837 -22.988815188407898 2
      vertex 11.400277234613895 -22.998756729066372 2
    endloop
  endfacet
  facet normal 0.12434369247354911 -0.9922392081257642 0
    outer loop
      vertex 12.194592714309692 -22.939231015741825 0
      vertex 12.194592714309692 -22.939231015741825 2
      vertex 11.79892037063837 -22.988815188407898 2
    endloop
  endfacet
  facet normal 0 0 -1
    outer loop
      vertex 11.79892037063837 -22.988815188407898 0
      vertex 11.600000000000001 -17 0
      vertex 11.600000000000001 -11 0
    endloop
  endfacet
  facet normal 0.3184866494509788 -0.9479273464361545 0
    outer loop
      vertex 12.583361871540546 -22.850496985018253 0
      vertex 12.961364097893238 -22.723494991660118 0
      vertex 12.583361871540546 -22.850496985018253 2
    endloop
  endfacet
  facet normal 0.41128708836042205 -0.9115058589762363 0
    outer loop
      vertex 12.961364097893238 -22.723494991660118 0
      vertex 13.324842631816864 -22.559487238526344 0
      vertex 12.961364097893238 -22.723494991660118 2
    endloop
  endfacet
  facet normal 0.5000000192191725 -0.866025392688244 0
    outer loop
      vertex 13.324842631816864 -22.559487238526344 0
      vertex 13.670185051858425 -22.36010368913412 0
      vertex 13.324842631816864 -22.559487238526344 2
    endloop
  endfacet
  facet normal 0.5837436584827609 -0.8119380156028919 0
    outer loop
      vertex 13.670185051858425 -22.36010368913412 0
      vertex 13.993959210813046 -22.12732592970133 0
      vertex 13.670185051858425 -22.36010368913412 2
    endloop
  endfacet
  facet normal 0.6616858469486819 -0.7497811947147016 0
    outer loop
      vertex 13.993959210813046 -22.12732592970133 0
      vertex 14.292947269976139 -21.863467395305634 0
      vertex 13.993959210813046 -22.12732592970133 2
    endloop
  endfacet
  facet normal 0.7330518671150557 -0.6801727428522337 0
    outer loop
      vertex 14.292947269976139 -21.863467395305634 0
      vertex 14.56417777389288 -21.571150436997414 0
      vertex 14.292947269976139 -21.863467395305634 2
    endloop
  endfacet
  facet normal 0.7971325121866317 -0.6038044037724711 0
    outer loop
      vertex 14.56417777389288 -21.571150436997414 0
      vertex 14.80495509505272 -21.253280229866505 0
      vertex 14.56417777389288 -21.571150436997414 2
    endloop
  endfacet
  facet normal 0.8532908761377529 -0.5214352123706895 0
    outer loop
      vertex 14.80495509505272 -21.253280229866505 0
      vertex 15.012886293232441 -20.91301591694355 0
      vertex 14.80495509505272 -21.253280229866505 2
    endloop
  endfacet
  facet normal 0.9009688718240638 -0.43388373097417887 0
    outer loop
      vertex 15.012886293232441 -20.91301591694355 0
      vertex 15.18590484559536 -20.553739182651043 0
      vertex 15.012886293232441 -20.91301591694355 2
    endloop
  endfacet
  facet normal 0.9396926175566497 -0.3420201521979843 0
    outer loop
      vertex 15.18590484559536 -20.553739182651043 0
      vertex 15.322291225194931 -20.179020695388317 0
      vertex 15.18590484559536 -20.553739182651043 2
    endloop
  endfacet
  facet normal 0.9690772887625725 -0.2467573877406342 0
    outer loop
      vertex 15.322291225194931 -20.179020695388317 0
      vertex 15.420689947903156 -19.79258457571268 0
      vertex 15.322291225194931 -20.179020695388317 2
    endloop
  endfacet
  facet normal 0.9888308244897689 -0.14904227768953318 0
    outer loop
      vertex 15.420689947903156 -19.79258457571268 0
      vertex 15.480123102664948 -19.39827138930559 0
      vertex 15.420689947903156 -19.79258457571268 2
    endloop
  endfacet
  facet normal 0.9987569213873613 -0.0498458822857024 0
    outer loop
      vertex 15.480123102664948 -19.39827138930559 0
      vertex 15.5 -19 0
      vertex 15.480123102664948 -19.39827138930559 2
    endloop
  endfacet
  facet normal 0.22252095193184765 -0.9749279080790253 0
    outer loop
      vertex 12.583361871540546 -22.850496985018253 0
      vertex 12.583361871540546 -22.850496985018253 2
      vertex 12.194592714309692 -22.939231015741825 2
    endloop
  endfacet
  facet normal 0.3184866494509788 -0.9479273464361545 0
    outer loop
      vertex 12.961364097893238 -22.723494991660118 0
      vertex 12.961364097893238 -22.723494991660118 2
      vertex 12.583361871540546 -22.850496985018253 2
    endloop
  endfacet
  facet normal 0.41128708836042205 -0.9115058589762363 0
    outer loop
      vertex 13.324842631816864 -22.559487238526344 0
      vertex 13.324842631816864 -22.559487238526344 2
      vertex 12.961364097893238 -22.723494991660118 2
    endloop
  endfacet
  facet normal 0.5000000192191725 -0.866025392688244 0
    outer loop
      vertex 13.670185051858425 -22.36010368913412 0
      vertex 13.670185051858425 -22.36010368913412 2
      vertex 13.324842631816864 -22.559487238526344 2
    endloop
  endfacet
  facet normal 0.5837436584827609 -0.8119380156028919 0
    outer loop
      vertex 13.993959210813046 -22.12732592970133 0
      vertex 13.993959210813046 -22.12732592970133 2
      vertex 13.670185051858425 -22.36010368913412 2
    endloop
  endfacet
  facet normal 0.6616858469486819 -0.7497811947147016 0
    outer loop
      vertex 14.292947269976139 -21.863467395305634 0
      vertex 14.292947269976139 -21.863467395305634 2
      vertex 13.993959210813046 -22.12732592970133 2
    endloop
  endfacet
  facet normal 0.7330518671150557 -0.6801727428522337 0
    outer loop
      vertex 14.56417777389288 -21.571150436997414 0
      vertex 14.56417777389288 -21.571150436997414 2
      vertex 14.292947269976139 -21.863467395305634 2
    endloop
  endfacet
  facet normal 0.7971325121866317 -0.6038044037724711 0
    outer loop
      vertex 14.80495509505272 -21.253280229866505 0
      vertex 14.80495509505272 -21.253280229866505 2
      vertex 14.56417777389288 -21.571150436997414 2
    endloop
  endfacet
  facet normal 0.8532908761377529 -0.5214352123706895 0
    outer loop
      vertex 15.012886293232441 -20.91301591694355 0
      vertex 15.012886293232441 -20.91301591694355 2
      vertex 14.80495509505272 -21.253280229866505 2
    endloop
  endfacet
  facet normal 0.9009688718240638 -0.43388373097417887 0
    outer loop
      vertex 15.18590484559536 -20.553739182651043 0
      vertex 15.18590484559536 -20.553739182651043 2
      vertex 15.012886293232441 -20.91301591694355 2
    endloop
  endfacet
  facet normal 0.9396926175566497 -0.3420201521979843 0
    outer loop
      vertex 15.322291225194931 -20.179020695388317 0
      vertex 15.322291225194931 -20.179020695388317 2
      vertex 15.18590484559536 -20.553739182651043 2
    endloop
  endfacet
  facet normal 0.9690772887625725 -0.2467573877406342 0
    outer loop
      vertex 15.420689947903156 -19.79258457571268 0
      vertex 15.420689947903156 -19.79258457571268 2
      vertex 15.322291225194931 -20.179020695388317 2
    endloop
  endfacet
  facet normal 0.9888308244897689 -0.14904227768953318 0
    outer loop
      vertex 15.480123102664948 -19.39827138930559 0
      vertex 15.480123102664948 -19.39827138930559 2
      vertex 15.420689947903156 -19.79258457571268 2
    endloop
  endfacet
  facet normal 0.9987569213873613 -0.0498458822857024 0
    outer loop
      vertex 15.5 -19 0
      vertex 15.5 -19 2
      vertex 15.480123102664948 -19.39827138930559 2
    endloop
  endfacet
  facet normal 0 0 -1
    outer loop
      vertex 12.583361871540546 -22.850496985018253 0
      vertex 15.5 -2.5 0
      vertex 12.961364097893238 -22.723494991660118 0
    endloop
  endfacet
  facet normal 0 0 -1
    outer loop
      vertex 12.961364097893238 -22.723494991660118 0
      vertex 15.5 -2.5 0
      vertex 13.324842631816864 -22.559487238526344 0
    endloop
  endfacet
  facet normal 0 0 -1
    outer loop
      vertex 13.324842631816864 -22.559487238526344 0
      vertex 15.5 -2.5 0
      vertex 13.670185051858425 -22.36010368913412 0
    endloop
  endfacet
  facet normal 0 0 -1
    outer loop
      vertex 13.670185051858425 -22.36010368913412 0
      vertex 15.5 -2.5 0
      vertex 13.993959210813046 -22.12732592970133 0
    endloop
  endfacet
  facet normal 0 0 -1
    outer loop
      vertex 13.993959210813046 -22.12732592970133 0
      vertex 15.5 -2.5 0
      vertex 14.292947269976139 -21.863467395305634 0
    endloop
  endfacet
  facet normal 0 0 -1
    outer loop
      vertex 14.292947269976139 -21.863467395305634 0
      vertex 15.5 -2.5 0
      vertex 14.56417777389288 -21.571150436997414 0
    endloop
  endfacet
  facet normal 0 0 -1
    outer loop
      vertex 14.56417777389288 -21.571150436997414 0
      vertex 15.5 -2.5 0
      vertex 14.80495509505272 -21.253280229866505 0
    endloop
  endfacet
  facet normal 0 0 -1
    outer loop
      vertex 14.80495509505272 -21.253280229866505 0
      vertex 15.5 -2.5 0
      vertex 15.012886293232441 -20.91301591694355 0
    endloop
  endfacet
  facet normal 0 0 -1
    outer loop
      vertex 15.012886293232441 -20.91301591694355 0
      vertex 15.5 -2.5 0
      vertex 15.18590484559536 -20.553739182651043 0
    endloop
  endfacet
  facet normal 0 0 -1
    outer loop
      vertex 15.18590484559536 -20.553739182651043 0
      vertex 15.5 -2.5 0
      vertex 15.322291225194931 -20.179020695388317 0
    endloop
  endfacet
  facet normal 0 0 -1
    outer loop
      vertex 15.480123102664948 -19.39827138930559 0
      vertex 15.495677216654958 -10.649229492804533 0
      vertex 15.5 -19 0
    endloop
  endfacet
  facet normal 1 0 0
    outer loop
      vertex 15.5 -19 0
      vertex 15.5 -11.5 0
      vertex 15.5 -19 2
    endloop
  endfacet
  facet normal 0 0 -1
    outer loop
      vertex 15.322291225194931 -20.179020695388317 0
      vertex 15.5 -2.5 0
      vertex 15.420689947903156 -19.79258457571268 0
    endloop
  endfacet
  facet normal 0 0 -1
    outer loop
      vertex 15.420689947903156 -19.79258457571268 0
      vertex 15.5 -2.5 0
      vertex 15.480123102664948 -19.39827138930559 0
    endloop
  endfacet
  facet normal 0 0 -1
    outer loop
      vertex 15.5 -19 0
      vertex 15.495677216654958 -10.649229492804533 0
      vertex 15.5 -11.5 0
    endloop
  endfacet
  facet normal 1 0 0
    outer loop
      vertex 15.5 -11.5 0
      vertex 15.5 -11.5 2
      vertex 15.5 -19 2
    endloop
  endfacet
  facet normal 0 0 1
    outer loop
      vertex 11.400277234613895 -22.998756729066372 2
      vertex 11.79892037063837 -22.988815188407898 2
      vertex 11.401153787970543 -20.697123870253563 2
    endloop
  endfacet
  facet normal 0 0 1
    outer loop
      vertex 11.79892037063837 -22.988815188407898 2
      vertex 12.194592714309692 -22.939231015741825 2
      vertex 11.795201905071735 -20.674173183739185 2
    endloop
  endfacet
  facet normal 0 0 1
    outer loop
      vertex 12.194592714309692 -22.939231015741825 2
      vertex 12.583361871540546 -22.850496985018253 2
      vertex 12.17333560436964 -20.56096737831831 2
    endloop
  endfacet
  facet normal 0 0 1
    outer loop
      vertex 11.79892037063837 -22.988815188407898 2
      vertex 11.795201905071735 -20.674173183739185 2
      vertex 11.401153787970543 -20.697123870253563 2
    endloop
  endfacet
  facet normal 0 0 1
    outer loop
      vertex 12.194592714309692 -22.939231015741825 2
      vertex 12.17333560436964 -20.56096737831831 2
      vertex 11.795201905071735 -20.674173183739185 2
    endloop
  endfacet
  facet normal 0 0 1
    outer loop
      vertex 11.5 -19.5 2
      vertex 11.853553391993046 -19.353553391993046 2
      vertex 9.4 -17 2
    endloop
  endfacet
  facet normal 0 0 1
    outer loop
      vertex 11.853553391993046 -19.353553391993046 2
      vertex 11.600000000000001 -17 2
      vertex 9.4 -17 2
    endloop
  endfacet
  facet normal 0 0 1
    outer loop
      vertex 11.853553391993046 -19.353553391993046 2
      vertex 11.600000000000001 -11 2
      vertex 11.600000000000001 -17 2
    endloop
  endfacet
  facet normal 0 0 1
    outer loop
      vertex 12.583361871540546 -22.850496985018253 2
      vertex 12.961364097893238 -22.723494991660118 2
      vertex 12.515169605612755 -20.363609425723553 2
    endloop
  endfacet
  facet normal 0 0 1
    outer loop
      vertex 12.961364097893238 -22.723494991660118 2
      vertex 13.324842631816864 -22.559487238526344 2
      vertex 12.80227555334568 -20.092738933861256 2
    endloop
  endfacet
  facet normal 0 0 1
    outer loop
      vertex 12.17333560436964 -20.56096737831831 2
      vertex 12.583361871540546 -22.850496985018253 2
      vertex 12.515169605612755 -20.363609425723553 2
    endloop
  endfacet
  facet normal 0 0 1
    outer loop
      vertex 12.961364097893238 -22.723494991660118 2
      vertex 12.80227555334568 -20.092738933861256 2
      vertex 12.515169605612755 -20.363609425723553 2
    endloop
  endfacet
  facet normal 0 0 1
    outer loop
      vertex 13.324842631816864 -22.559487238526344 2
      vertex 13.019175492227077 -19.762958608567715 2
      vertex 12.80227555334568 -20.092738933861256 2
    endloop
  endfacet
  facet normal 0 0 1
    outer loop
      vertex 13.324842631816864 -22.559487238526344 2
      vertex 13.154176279902458 -19.392046980559826 2
      vertex 13.019175492227077 -19.762958608567715 2
    endloop
  endfacet
  facet normal 0 0 1
    outer loop
      vertex 13.324842631816864 -22.559487238526344 2
      vertex 13.200000002980232 -19 2
      vertex 13.154176279902458 -19.392046980559826 2
    endloop
  endfacet
  facet normal 0 0 1
    outer loop
      vertex 13.324842631816864 -22.559487238526344 2
      vertex 13.200000002980232 -2.5 2
      vertex 13.200000002980232 -19 2
    endloop
  endfacet
  facet normal 0 0 1
    outer loop
      vertex 13.324842631816864 -22.559487238526344 2
      vertex 13.670185051858425 -22.36010368913412 2
      vertex 13.200000002980232 -2.5 2
    endloop
  endfacet
  facet normal 0 0 1
    outer loop
      vertex 13.670185051858425 -22.36010368913412 2
      vertex 13.993959210813046 -22.12732592970133 2
      vertex 13.200000002980232 -2.5 2
    endloop
  endfacet
  facet normal 0 0 1
    outer loop
      vertex 13.993959210813046 -22.12732592970133 2
      vertex 14.292947269976139 -21.863467395305634 2
      vertex 13.200000002980232 -2.5 2
    endloop
  endfacet
  facet normal 0 0 1
    outer loop
      vertex 14.292947269976139 -21.863467395305634 2
      vertex 14.56417777389288 -21.571150436997414 2
      vertex 13.200000002980232 -2.5 2
    endloop
  endfacet
  facet normal 0 0 1
    outer loop
      vertex 14.56417777389288 -21.571150436997414 2
      vertex 14.80495509505272 -21.253280229866505 2
      vertex 13.200000002980232 -2.5 2
    endloop
  endfacet
  facet normal 0 0 1
    outer loop
      vertex 14.80495509505272 -21.253280229866505 2
      vertex 15.012886293232441 -20.91301591694355 2
      vertex 13.200000002980232 -2.5 2
    endloop
  endfacet
  facet normal 0 0 1
    outer loop
      vertex 15.322291225194931 -20.179020695388317 2
      vertex 15.420689947903156 -19.79258457571268 2
      vertex 15.5 -11.5 2
    endloop
  endfacet
  facet normal 0 0 1
    outer loop
      vertex 15.012886293232441 -20.91301591694355 2
      vertex 15.18590484559536 -20.553739182651043 2
      vertex 13.200000002980232 -2.5 2
    endloop
  endfacet
  facet normal 0 0 1
    outer loop
      vertex 15.18590484559536 -20.553739182651043 2
      vertex 15.322291225194931 -20.179020695388317 2
      vertex 13.200000002980232 -2.5 2
    endloop
  endfacet
  facet normal 0 0 1
    outer loop
      vertex 15.322291225194931 -20.179020695388317 2
      vertex 15.5 -11.5 2
      vertex 15.3 -11.5 2
    endloop
  endfacet
  facet normal 0 0 1
    outer loop
      vertex 15.420689947903156 -19.79258457571268 2
      vertex 15.480123102664948 -19.39827138930559 2
      vertex 15.5 -11.5 2
    endloop
  endfacet
  facet normal 0 0 1
    outer loop
      vertex 15.480123102664948 -19.39827138930559 2
      vertex 15.5 -19 2
      vertex 15.5 -11.5 2
    endloop
  endfacet
  facet normal 0 0 -1
    outer loop
      vertex 11.79892037063837 -22.988815188407898 0
      vertex 11.600000000000001 -11 0
      vertex 11.600000000000001 11 0
    endloop
  endfacet
  facet normal 0 0 -1
    outer loop
      vertex 11.79892037063837 -22.988815188407898 0
      vertex 11.79892037063837 22.988815188407898 0
      vertex 12.194592714309692 -22.939231015741825 0
    endloop
  endfacet
  facet normal 0 0 -1
    outer loop
      vertex 12.194592714309692 -22.939231015741825 0
      vertex 12.194592714309692 22.939231015741825 0
      vertex 12.583361871540546 -22.850496985018253 0
    endloop
  endfacet
  facet normal 0 0 -1
    outer loop
      vertex 11.600000000000001 11 0
      vertex 11.600000000000001 -11 0
      vertex 9.4 -11 0
    endloop
  endfacet
  facet normal 0 0 -1
    outer loop
      vertex 12.583361871540546 -22.850496985018253 0
      vertex 12.5 -2.5 0
      vertex 15.5 -2.5 0
    endloop
  endfacet
  facet normal 0 0 -1
    outer loop
      vertex 15.480123102664948 -19.39827138930559 0
      vertex 15.5 -2.5 0
      vertex 15.495677216654958 -10.649229492804533 0
    endloop
  endfacet
  facet normal 0 0 -1
    outer loop
      vertex 15.495677216654958 -10.649229492804533 0
      vertex 15.5 -6.5 0
      vertex 15.5 -10.630434782608697 0
    endloop
  endfacet
  facet normal 0 0 -1
    outer loop
      vertex 15.495677216654958 -10.649229492804533 0
      vertex 15.5 -2.5 0
      vertex 15.5 -6.5 0
    endloop
  endfacet
  facet normal 0 0 -1
    outer loop
      vertex 12.583361871540546 -22.850496985018253 0
      vertex 12.194592714309692 22.939231015741825 0
      vertex 12.5 -2.5 0
    endloop
  endfacet
  facet normal 1 0 0
    outer loop
      vertex 15.5 -6.5 0
      vertex 15.5 -2.5 0
      vertex 15.5 -2.5 2
    endloop
  endfacet
  facet normal 1 0 0
    outer loop
      vertex 15.5 -6.5 0
      vertex 15.5 -2.5 2
      vertex 15.5 -6.5 2
    endloop
  endfacet
  facet normal 0 0 1
    outer loop
      vertex 11.853553391993046 -19.353553391993046 2
      vertex 11.600000000000001 11 2
      vertex 11.600000000000001 -11 2
    endloop
  endfacet
  facet normal 0 0 1
    outer loop
      vertex 11.853553391993046 -19.353553391993046 2
      vertex 12 -19 2
      vertex 12 19 2
    endloop
  endfacet
  facet normal 0 0 1
    outer loop
      vertex 11.600000000000001 11 2
      vertex 9.4 -11 2
      vertex 11.600000000000001 -11 2
    endloop
  endfacet
  facet normal 0 0 1
    outer loop
      vertex 15.322291225194931 -20.179020695388317 2
      vertex 15.3 -11.5 2
      vertex 13.200000002980232 -2.5 2
    endloop
  endfacet
  facet normal 0 0 1
    outer loop
      vertex 15.3 -11.5 2
      vertex 15.3 -6.5 2
      vertex 13.200000002980232 -2.5 2
    endloop
  endfacet
  facet normal 0 0 1
    outer loop
      vertex 15.3 -6.5 2
      vertex 15.5 -6.5 2
      vertex 13.200000002980232 -2.5 2
    endloop
  endfacet
  facet normal 0 0 1
    outer loop
      vertex 15.5 -6.5 2
      vertex 15.5 -2.5 2
      vertex 13.200000002980232 -2.5 2
    endloop
  endfacet
  facet normal 0 0 -1
    outer loop
      vertex -0.3826834323650898 7.076120467488713 0
      vertex 0 7 0
      vertex 9.4 -11 0
    endloop
  endfacet
  facet normal 0 0 -1
    outer loop
      vertex 0 7 0
      vertex 0.3826834323650898 7.076120467488713 0
      vertex 9.4 -11 0
    endloop
  endfacet
  facet normal 0 0 -1
    outer loop
      vertex 9.4 -11 0
      vertex 0.3826834323650898 7.076120467488713 0
      vertex 0.7071067811865476 7.292893218813452 0
    endloop
  endfacet
  facet normal 0 0 -1
    outer loop
      vertex 9.4 -11 0
      vertex 0.7071067811865476 7.292893218813452 0
      vertex 0.9238795325112867 7.61731656763491 0
    endloop
  endfacet
  facet normal 0 0 -1
    outer loop
      vertex 9.4 -11 0
      vertex 0.9238795325112867 7.61731656763491 0
      vertex 1 8 0
    endloop
  endfacet
  facet normal 0 0 -1
    outer loop
      vertex -0.3826834323650898 8.923879532511286 0
      vertex 9.4 11 0
      vertex 0 9 0
    endloop
  endfacet
  facet normal 0 0 -1
    outer loop
      vertex 0.3826834323650898 8.923879532511286 0
      vertex 0 9 0
      vertex 9.4 11 0
    endloop
  endfacet
  facet normal 0 0 -1
    outer loop
      vertex 9.4 11 0
      vertex 0.7071067811865476 8.707106781186548 0
      vertex 0.3826834323650898 8.923879532511286 0
    endloop
  endfacet
  facet normal 0 0 -1
    outer loop
      vertex 0.9238795325112867 8.38268343236509 0
      vertex 9.4 11 0
      vertex 1 8 0
    endloop
  endfacet
  facet normal 0 0 -1
    outer loop
      vertex 0.7071067811865476 8.707106781186548 0
      vertex 9.4 11 0
      vertex 0.9238795325112867 8.38268343236509 0
    endloop
  endfacet
  facet normal 0 0 -1
    outer loop
      vertex 9.4 -11 0
      vertex 1 8 0
      vertex 9.4 11 0
    endloop
  endfacet
  facet normal 0 0 1
    outer loop
      vertex -0.9238795325112867 7.61731656763491 2
      vertex 9.4 -11 2
      vertex -0.7071067811865476 7.292893218813452 2
    endloop
  endfacet
  facet normal 0 0 1
    outer loop
      vertex -0.3826834323650898 7.076120467488713 2
      vertex -0.7071067811865476 7.292893218813452 2
      vertex 9.4 -11 2
    endloop
  endfacet
  facet normal 0 0 1
    outer loop
      vertex 0 7 2
      vertex -0.3826834323650898 7.076120467488713 2
      vertex 9.4 -11 2
    endloop
  endfacet
  facet normal 0 0 1
    outer loop
      vertex 9.4 -11 2
      vertex 0.3826834323650898 7.076120467488713 2
      vertex 0 7 2
    endloop
  endfacet
  facet normal 0 0 1
    outer loop
      vertex 9.4 -11 2
      vertex 0.7071067811865476 7.292893218813452 2
      vertex 0.3826834323650898 7.076120467488713 2
    endloop
  endfacet
  facet normal 0 0 1
    outer loop
      vertex 1 8 2
      vertex 9.4 11 2
      vertex 0.9238795325112867 8.38268343236509 2
    endloop
  endfacet
  facet normal 0 0 1
    outer loop
      vertex 0.9238795325112867 8.38268343236509 2
      vertex 9.4 11 2
      vertex 0.7071067811865476 8.707106781186548 2
    endloop
  endfacet
  facet normal 0 0 1
    outer loop
      vertex 11.600000000000001 11 2
      vertex 0.7071067811865476 7.292893218813452 2
      vertex 9.4 -11 2
    endloop
  endfacet
  facet normal 0 0 1
    outer loop
      vertex 11.600000000000001 11 2
      vertex 0.9238795325112867 7.61731656763491 2
      vertex 0.7071067811865476 7.292893218813452 2
    endloop
  endfacet
  facet normal 0 0 1
    outer loop
      vertex 11.600000000000001 11 2
      vertex 1 8 2
      vertex 0.9238795325112867 7.61731656763491 2
    endloop
  endfacet
  facet normal 0 0 1
    outer loop
      vertex 11.600000000000001 11 2
      vertex 9.4 11 2
      vertex 1 8 2
    endloop
  endfacet
  facet normal 0 0 -1
    outer loop
      vertex -11.599722765386105 22.998756729066372 0
      vertex 11.400277234613895 22.998756729066372 0
      vertex 9.4 17 0
    endloop
  endfacet
  facet normal 0 1 0
    outer loop
      vertex -11.599722765386105 22.998756729066372 0
      vertex 11.400277234613895 22.998756729066372 2
      vertex 11.400277234613895 22.998756729066372 0
    endloop
  endfacet
  facet normal 0 0 -1
    outer loop
      vertex -0.3826834323650898 8.923879532511286 0
      vertex 9.4 17 0
      vertex 9.4 11 0
    endloop
  endfacet
  facet normal 0 0 1
    outer loop
      vertex -9.399999999999999 11 2
      vertex 0 9 2
      vertex 9.4 17 2
    endloop
  endfacet
  facet normal 0 0 1
    outer loop
      vertex 0 9 2
      vertex 0.3826834323650898 8.923879532511286 2
      vertex 9.4 17 2
    endloop
  endfacet
  facet normal 0 0 1
    outer loop
      vertex 0.3826834323650898 8.923879532511286 2
      vertex 0.7071067811865476 8.707106781186548 2
      vertex 9.4 17 2
    endloop
  endfacet
  facet normal 0 0 1
    outer loop
      vertex 11.5 19.5 2
      vertex -9.399999999999999 11 2
      vertex 9.4 17 2
    endloop
  endfacet
  facet normal 0 0 1
    outer loop
      vertex -11.599722765386105 22.998756729066372 2
      vertex 11.401153787970543 20.697123870253563 2
      vertex 11.400277234613895 22.998756729066372 2
    endloop
  endfacet
  facet normal 0 0 1
    outer loop
      vertex 9.4 17 2
      vertex 0.7071067811865476 8.707106781186548 2
      vertex 9.4 11 2
    endloop
  endfacet
  facet normal 0 0 -1
    outer loop
      vertex 9.4 -11 0
      vertex 9.4 11 0
      vertex 11.600000000000001 11 0
    endloop
  endfacet
  facet normal 0 0 -1
    outer loop
      vertex 11.79892037063837 -22.988815188407898 0
      vertex 11.600000000000001 11 0
      vertex 11.600000000000001 17 0
    endloop
  endfacet
  facet normal 0 0 -1
    outer loop
      vertex 11.79892037063837 -22.988815188407898 0
      vertex 11.600000000000001 17 0
      vertex 11.79892037063837 22.988815188407898 0
    endloop
  endfacet
  facet normal 0 0 -1
    outer loop
      vertex 12.194592714309692 -22.939231015741825 0
      vertex 11.79892037063837 22.988815188407898 0
      vertex 12.194592714309692 22.939231015741825 0
    endloop
  endfacet
  facet normal 0 0 -1
    outer loop
      vertex 15.5 6.5 0
      vertex 15.5 2.5 0
      vertex 12.5 2.5 0
    endloop
  endfacet
  facet normal 0 0 -1
    outer loop
      vertex 15.5 6.5 0
      vertex 12.5 2.5 0
      vertex 15.486380425460945 7.310349675917148 0
    endloop
  endfacet
  facet normal 1 0 0
    outer loop
      vertex 15.5 6.5 0
      vertex 15.5 6.5 2
      vertex 15.5 2.5 0
    endloop
  endfacet
  facet normal 1 0 0
    outer loop
      vertex 15.5 6.5 2
      vertex 15.5 2.5 2
      vertex 15.5 2.5 0
    endloop
  endfacet
  facet normal 0 0 -1
    outer loop
      vertex 12.194592714309692 22.939231015741825 0
      vertex 12.5 2.5 0
      vertex 12.5 -2.5 0
    endloop
  endfacet
  facet normal 0 0 -1
    outer loop
      vertex 15.486380425460945 7.310349675917148 0
      vertex 12.5 2.5 0
      vertex 15.480123102664948 19.39827138930559 0
    endloop
  endfacet
  facet normal 0 0 -1
    outer loop
      vertex 15.486380425460945 7.310349675917148 0
      vertex 15.5 11.5 0
      vertex 15.5 7.369565217391303 0
    endloop
  endfacet
  facet normal 0 0 1
    outer loop
      vertex 11.853553391993046 -19.353553391993046 2
      vertex 11.600000000000001 17 2
      vertex 11.600000000000001 11 2
    endloop
  endfacet
  facet normal 0 0 1
    outer loop
      vertex 11.853553391993046 -19.353553391993046 2
      vertex 12 19 2
      vertex 11.600000000000001 17 2
    endloop
  endfacet
  facet normal 0 0 1
    outer loop
      vertex 15.3 6.5 2
      vertex 13.200000002980232 2.5 2
      vertex 15.5 2.5 2
    endloop
  endfacet
  facet normal 0 0 1
    outer loop
      vertex 15.3 6.5 2
      vertex 15.5 2.5 2
      vertex 15.5 6.5 2
    endloop
  endfacet
  facet normal 0 0 1
    outer loop
      vertex 15.3 6.5 2
      vertex 15.18590484559536 20.553739182651043 2
      vertex 13.200000002980232 2.5 2
    endloop
  endfacet
  facet normal 0 0 -1
    outer loop
      vertex 11.79892037063837 22.988815188407898 0
      vertex 11.600000000000001 17 0
      vertex 9.4 17 0
    endloop
  endfacet
  facet normal 0 0 -1
    outer loop
      vertex 11.400277234613895 22.998756729066372 0
      vertex 11.79892037063837 22.988815188407898 0
      vertex 9.4 17 0
    endloop
  endfacet
  facet normal 0.024930695526006467 0.9996891819063511 0
    outer loop
      vertex 11.400277234613895 22.998756729066372 0
      vertex 11.79892037063837 22.988815188407898 2
      vertex 11.79892037063837 22.988815188407898 0
    endloop
  endfacet
  facet normal 0.12434369247354911 0.9922392081257642 0
    outer loop
      vertex 11.79892037063837 22.988815188407898 0
      vertex 12.194592714309692 22.939231015741825 2
      vertex 12.194592714309692 22.939231015741825 0
    endloop
  endfacet
  facet normal 0.024930695526006467 0.9996891819063511 0
    outer loop
      vertex 11.400277234613895 22.998756729066372 0
      vertex 11.400277234613895 22.998756729066372 2
      vertex 11.79892037063837 22.988815188407898 2
    endloop
  endfacet
  facet normal 0.12434369247354911 0.9922392081257642 0
    outer loop
      vertex 11.79892037063837 22.988815188407898 0
      vertex 11.79892037063837 22.988815188407898 2
      vertex 12.194592714309692 22.939231015741825 2
    endloop
  endfacet
  facet normal 0.22252095193184765 0.9749279080790253 0
    outer loop
      vertex 12.194592714309692 22.939231015741825 0
      vertex 12.194592714309692 22.939231015741825 2
      vertex 12.583361871540546 22.850496985018253 2
    endloop
  endfacet
  facet normal 0 0 -1
    outer loop
      vertex 13.324842631816864 22.559487238526344 0
      vertex 13.670185051858425 22.36010368913412 0
      vertex 12.5 2.5 0
    endloop
  endfacet
  facet normal 0 0 -1
    outer loop
      vertex 12.194592714309692 22.939231015741825 0
      vertex 12.583361871540546 22.850496985018253 0
      vertex 12.5 2.5 0
    endloop
  endfacet
  facet normal 0 0 -1
    outer loop
      vertex 12.583361871540546 22.850496985018253 0
      vertex 12.961364097893238 22.723494991660118 0
      vertex 12.5 2.5 0
    endloop
  endfacet
  facet normal 0 0 -1
    outer loop
      vertex 12.961364097893238 22.723494991660118 0
      vertex 13.324842631816864 22.559487238526344 0
      vertex 12.5 2.5 0
    endloop
  endfacet
  facet normal 0 0 -1
    outer loop
      vertex 13.670185051858425 22.36010368913412 0
      vertex 13.993959210813046 22.12732592970133 0
      vertex 12.5 2.5 0
    endloop
  endfacet
  facet normal 0 0 -1
    outer loop
      vertex 13.993959210813046 22.12732592970133 0
      vertex 14.292947269976139 21.863467395305634 0
      vertex 12.5 2.5 0
    endloop
  endfacet
  facet normal 0 0 -1
    outer loop
      vertex 14.292947269976139 21.863467395305634 0
      vertex 14.56417777389288 21.571150436997414 0
      vertex 12.5 2.5 0
    endloop
  endfacet
  facet normal 0 0 -1
    outer loop
      vertex 14.80495509505272 21.253280229866505 0
      vertex 15.012886293232441 20.91301591694355 0
      vertex 12.5 2.5 0
    endloop
  endfacet
  facet normal 0 0 -1
    outer loop
      vertex 15.18590484559536 20.553739182651043 0
      vertex 12.5 2.5 0
      vertex 15.012886293232441 20.91301591694355 0
    endloop
  endfacet
  facet normal 0 0 -1
    outer loop
      vertex 15.322291225194931 20.179020695388317 0
      vertex 12.5 2.5 0
      vertex 15.18590484559536 20.553739182651043 0
    endloop
  endfacet
  facet normal 0 0 -1
    outer loop
      vertex 14.80495509505272 21.253280229866505 0
      vertex 12.5 2.5 0
      vertex 14.56417777389288 21.571150436997414 0
    endloop
  endfacet
  facet normal 0 0 -1
    outer loop
      vertex 15.420689947903156 19.79258457571268 0
      vertex 15.480123102664948 19.39827138930559 0
      vertex 12.5 2.5 0
    endloop
  endfacet
  facet normal 0 0 -1
    outer loop
      vertex 15.420689947903156 19.79258457571268 0
      vertex 12.5 2.5 0
      vertex 15.322291225194931 20.179020695388317 0
    endloop
  endfacet
  facet normal 0 0 -1
    outer loop
      vertex 15.486380425460945 7.310349675917148 0
      vertex 15.5 19 0
      vertex 15.5 11.5 0
    endloop
  endfacet
  facet normal 1 0 0
    outer loop
      vertex 15.5 11.5 0
      vertex 15.5 19 0
      vertex 15.5 11.5 2
    endloop
  endfacet
  facet normal 0 0 -1
    outer loop
      vertex 15.486380425460945 7.310349675917148 0
      vertex 15.480123102664948 19.39827138930559 0
      vertex 15.5 19 0
    endloop
  endfacet
  facet normal 1 0 0
    outer loop
      vertex 15.5 19 0
      vertex 15.5 19 2
      vertex 15.5 11.5 2
    endloop
  endfacet
  facet normal 0.22252095193184765 0.9749279080790253 0
    outer loop
      vertex 12.194592714309692 22.939231015741825 0
      vertex 12.583361871540546 22.850496985018253 2
      vertex 12.583361871540546 22.850496985018253 0
    endloop
  endfacet
  facet normal 0.3184866494509788 0.9479273464361545 0
    outer loop
      vertex 12.583361871540546 22.850496985018253 0
      vertex 12.961364097893238 22.723494991660118 2
      vertex 12.961364097893238 22.723494991660118 0
    endloop
  endfacet
  facet normal 0.41128708836042205 0.9115058589762363 0
    outer loop
      vertex 12.961364097893238 22.723494991660118 0
      vertex 13.324842631816864 22.559487238526344 2
      vertex 13.324842631816864 22.559487238526344 0
    endloop
  endfacet
  facet normal 0.5000000192191725 0.866025392688244 0
    outer loop
      vertex 13.324842631816864 22.559487238526344 0
      vertex 13.670185051858425 22.36010368913412 2
      vertex 13.670185051858425 22.36010368913412 0
    endloop
  endfacet
  facet normal 0.5837436584827609 0.8119380156028919 0
    outer loop
      vertex 13.670185051858425 22.36010368913412 0
      vertex 13.993959210813046 22.12732592970133 2
      vertex 13.993959210813046 22.12732592970133 0
    endloop
  endfacet
  facet normal 0.6616858469486819 0.7497811947147016 0
    outer loop
      vertex 13.993959210813046 22.12732592970133 0
      vertex 14.292947269976139 21.863467395305634 2
      vertex 14.292947269976139 21.863467395305634 0
    endloop
  endfacet
  facet normal 0.9690772887625725 0.2467573877406342 0
    outer loop
      vertex 15.420689947903156 19.79258457571268 0
      vertex 15.322291225194931 20.179020695388317 0
      vertex 15.420689947903156 19.79258457571268 2
    endloop
  endfacet
  facet normal 0.9987569213873613 0.0498458822857024 0
    outer loop
      vertex 15.5 19 0
      vertex 15.480123102664948 19.39827138930559 0
      vertex 15.5 19 2
    endloop
  endfacet
  facet normal 0.9888308244897689 0.14904227768953318 0
    outer loop
      vertex 15.420689947903156 19.79258457571268 0
      vertex 15.480123102664948 19.39827138930559 2
      vertex 15.480123102664948 19.39827138930559 0
    endloop
  endfacet
  facet normal 0.7971325121866317 0.6038044037724711 0
    outer loop
      vertex 14.80495509505272 21.253280229866505 0
      vertex 14.56417777389288 21.571150436997414 0
      vertex 14.80495509505272 21.253280229866505 2
    endloop
  endfacet
  facet normal 0.9009688718240638 0.43388373097417887 0
    outer loop
      vertex 15.18590484559536 20.553739182651043 0
      vertex 15.012886293232441 20.91301591694355 0
      vertex 15.18590484559536 20.553739182651043 2
    endloop
  endfacet
  facet normal 0.9396926175566497 0.3420201521979843 0
    outer loop
      vertex 15.322291225194931 20.179020695388317 0
      vertex 15.18590484559536 20.553739182651043 0
      vertex 15.322291225194931 20.179020695388317 2
    endloop
  endfacet
  facet normal 0.8532908761377529 0.5214352123706895 0
    outer loop
      vertex 14.80495509505272 21.253280229866505 0
      vertex 15.012886293232441 20.91301591694355 2
      vertex 15.012886293232441 20.91301591694355 0
    endloop
  endfacet
  facet normal 0.7330518671150557 0.6801727428522337 0
    outer loop
      vertex 14.292947269976139 21.863467395305634 0
      vertex 14.56417777389288 21.571150436997414 2
      vertex 14.56417777389288 21.571150436997414 0
    endloop
  endfacet
  facet normal 0.3184866494509788 0.9479273464361545 0
    outer loop
      vertex 12.583361871540546 22.850496985018253 0
      vertex 12.583361871540546 22.850496985018253 2
      vertex 12.961364097893238 22.723494991660118 2
    endloop
  endfacet
  facet normal 0.41128708836042205 0.9115058589762363 0
    outer loop
      vertex 12.961364097893238 22.723494991660118 0
      vertex 12.961364097893238 22.723494991660118 2
      vertex 13.324842631816864 22.559487238526344 2
    endloop
  endfacet
  facet normal 0.5000000192191725 0.866025392688244 0
    outer loop
      vertex 13.324842631816864 22.559487238526344 0
      vertex 13.324842631816864 22.559487238526344 2
      vertex 13.670185051858425 22.36010368913412 2
    endloop
  endfacet
  facet normal 0.5837436584827609 0.8119380156028919 0
    outer loop
      vertex 13.670185051858425 22.36010368913412 0
      vertex 13.670185051858425 22.36010368913412 2
      vertex 13.993959210813046 22.12732592970133 2
    endloop
  endfacet
  facet normal 0.6616858469486819 0.7497811947147016 0
    outer loop
      vertex 13.993959210813046 22.12732592970133 0
      vertex 13.993959210813046 22.12732592970133 2
      vertex 14.292947269976139 21.863467395305634 2
    endloop
  endfacet
  facet normal 0.7330518671150557 0.6801727428522337 0
    outer loop
      vertex 14.292947269976139 21.863467395305634 0
      vertex 14.292947269976139 21.863467395305634 2
      vertex 14.56417777389288 21.571150436997414 2
    endloop
  endfacet
  facet normal 0.9690772887625725 0.2467573877406342 0
    outer loop
      vertex 15.322291225194931 20.179020695388317 0
      vertex 15.322291225194931 20.179020695388317 2
      vertex 15.420689947903156 19.79258457571268 2
    endloop
  endfacet
  facet normal 0.9987569213873613 0.0498458822857024 0
    outer loop
      vertex 15.480123102664948 19.39827138930559 0
      vertex 15.480123102664948 19.39827138930559 2
      vertex 15.5 19 2
    endloop
  endfacet
  facet normal 0.9888308244897689 0.14904227768953318 0
    outer loop
      vertex 15.420689947903156 19.79258457571268 0
      vertex 15.420689947903156 19.79258457571268 2
      vertex 15.480123102664948 19.39827138930559 2
    endloop
  endfacet
  facet normal 0.7971325121866317 0.6038044037724711 0
    outer loop
      vertex 14.56417777389288 21.571150436997414 0
      vertex 14.56417777389288 21.571150436997414 2
      vertex 14.80495509505272 21.253280229866505 2
    endloop
  endfacet
  facet normal 0.8532908761377529 0.5214352123706895 0
    outer loop
      vertex 14.80495509505272 21.253280229866505 0
      vertex 14.80495509505272 21.253280229866505 2
      vertex 15.012886293232441 20.91301591694355 2
    endloop
  endfacet
  facet normal 0.9009688718240638 0.43388373097417887 0
    outer loop
      vertex 15.012886293232441 20.91301591694355 0
      vertex 15.012886293232441 20.91301591694355 2
      vertex 15.18590484559536 20.553739182651043 2
    endloop
  endfacet
  facet normal 0.9396926175566497 0.3420201521979843 0
    outer loop
      vertex 15.18590484559536 20.553739182651043 0
      vertex 15.18590484559536 20.553739182651043 2
      vertex 15.322291225194931 20.179020695388317 2
    endloop
  endfacet
  facet normal 0 0 1
    outer loop
      vertex 11.5 19.5 2
      vertex 9.4 17 2
      vertex 11.600000000000001 17 2
    endloop
  endfacet
  facet normal 0 0 1
    outer loop
      vertex 11.5 19.5 2
      vertex 11.600000000000001 17 2
      vertex 12 19 2
    endloop
  endfacet
  facet normal 0 0 1
    outer loop
      vertex 11.5 19.5 2
      vertex 12 19 2
      vertex 11.853553391993046 19.353553391993046 2
    endloop
  endfacet
  facet normal 0 0 1
    outer loop
      vertex 11.401153787970543 20.697123870253563 2
      vertex 11.795201905071735 20.674173183739185 2
      vertex 11.400277234613895 22.998756729066372 2
    endloop
  endfacet
  facet normal 0 0 1
    outer loop
      vertex 11.795201905071735 20.674173183739185 2
      vertex 12.17333560436964 20.56096737831831 2
      vertex 11.79892037063837 22.988815188407898 2
    endloop
  endfacet
  facet normal 0 0 1
    outer loop
      vertex 12.17333560436964 20.56096737831831 2
      vertex 12.515169605612755 20.363609425723553 2
      vertex 12.194592714309692 22.939231015741825 2
    endloop
  endfacet
  facet normal 0 0 1
    outer loop
      vertex 11.795201905071735 20.674173183739185 2
      vertex 11.79892037063837 22.988815188407898 2
      vertex 11.400277234613895 22.998756729066372 2
    endloop
  endfacet
  facet normal 0 0 1
    outer loop
      vertex 12.17333560436964 20.56096737831831 2
      vertex 12.194592714309692 22.939231015741825 2
      vertex 11.79892037063837 22.988815188407898 2
    endloop
  endfacet
  facet normal 0 0 1
    outer loop
      vertex 13.200000002980232 19 2
      vertex 13.200000002980232 2.5 2
      vertex 13.324842631816864 22.559487238526344 2
    endloop
  endfacet
  facet normal 0 0 1
    outer loop
      vertex 13.324842631816864 22.559487238526344 2
      vertex 13.200000002980232 2.5 2
      vertex 13.670185051858425 22.36010368913412 2
    endloop
  endfacet
  facet normal 0 0 1
    outer loop
      vertex 13.670185051858425 22.36010368913412 2
      vertex 13.200000002980232 2.5 2
      vertex 13.993959210813046 22.12732592970133 2
    endloop
  endfacet
  facet normal 0 0 1
    outer loop
      vertex 13.993959210813046 22.12732592970133 2
      vertex 13.200000002980232 2.5 2
      vertex 14.292947269976139 21.863467395305634 2
    endloop
  endfacet
  facet normal 0 0 1
    outer loop
      vertex 14.80495509505272 21.253280229866505 2
      vertex 13.200000002980232 2.5 2
      vertex 15.012886293232441 20.91301591694355 2
    endloop
  endfacet
  facet normal 0 0 1
    outer loop
      vertex 14.292947269976139 21.863467395305634 2
      vertex 13.200000002980232 2.5 2
      vertex 14.56417777389288 21.571150436997414 2
    endloop
  endfacet
  facet normal 0 0 1
    outer loop
      vertex 14.80495509505272 21.253280229866505 2
      vertex 14.56417777389288 21.571150436997414 2
      vertex 13.200000002980232 2.5 2
    endloop
  endfacet
  facet normal 0 0 1
    outer loop
      vertex 15.3 6.5 2
      vertex 15.3 11.5 2
      vertex 15.18590484559536 20.553739182651043 2
    endloop
  endfacet
  facet normal 0 0 1
    outer loop
      vertex 15.3 11.5 2
      vertex 15.5 11.5 2
      vertex 15.5 19 2
    endloop
  endfacet
  facet normal 0 0 1
    outer loop
      vertex 15.18590484559536 20.553739182651043 2
      vertex 15.012886293232441 20.91301591694355 2
      vertex 13.200000002980232 2.5 2
    endloop
  endfacet
  facet normal 0 0 1
    outer loop
      vertex 15.3 11.5 2
      vertex 15.480123102664948 19.39827138930559 2
      vertex 15.420689947903156 19.79258457571268 2
    endloop
  endfacet
  facet normal 0 0 1
    outer loop
      vertex 15.3 11.5 2
      vertex 15.420689947903156 19.79258457571268 2
      vertex 15.322291225194931 20.179020695388317 2
    endloop
  endfacet
  facet normal 0 0 1
    outer loop
      vertex 15.3 11.5 2
      vertex 15.5 19 2
      vertex 15.480123102664948 19.39827138930559 2
    endloop
  endfacet
  facet normal 0 0 1
    outer loop
      vertex 12.80227555334568 20.092738933861256 2
      vertex 12.583361871540546 22.850496985018253 2
      vertex 12.515169605612755 20.363609425723553 2
    endloop
  endfacet
  facet normal 0 0 1
    outer loop
      vertex 13.200000002980232 19 2
      vertex 13.324842631816864 22.559487238526344 2
      vertex 13.154176279902458 19.392046980559826 2
    endloop
  endfacet
  facet normal 0 0 1
    outer loop
      vertex 13.154176279902458 19.392046980559826 2
      vertex 13.324842631816864 22.559487238526344 2
      vertex 13.019175492227077 19.762958608567715 2
    endloop
  endfacet
  facet normal 0 0 1
    outer loop
      vertex 12.80227555334568 20.092738933861256 2
      vertex 13.019175492227077 19.762958608567715 2
      vertex 12.961364097893238 22.723494991660118 2
    endloop
  endfacet
  facet normal 0 0 1
    outer loop
      vertex 12.194592714309692 22.939231015741825 2
      vertex 12.515169605612755 20.363609425723553 2
      vertex 12.583361871540546 22.850496985018253 2
    endloop
  endfacet
  facet normal 0 0 1
    outer loop
      vertex 12.80227555334568 20.092738933861256 2
      vertex 12.961364097893238 22.723494991660118 2
      vertex 12.583361871540546 22.850496985018253 2
    endloop
  endfacet
  facet normal 0 0 1
    outer loop
      vertex 13.019175492227077 19.762958608567715 2
      vertex 13.324842631816864 22.559487238526344 2
      vertex 12.961364097893238 22.723494991660118 2
    endloop
  endfacet
  facet normal 0 0 1
    outer loop
      vertex 15.3 11.5 2
      vertex 15.322291225194931 20.179020695388317 2
      vertex 15.18590484559536 20.553739182651043 2
    endloop
  endfacet
  facet normal 0 1 0
    outer loop
      vertex -9.399999999999999 -17 0
      vertex -11.6 -17 0
      vertex -11.6 -17 2
    endloop
  endfacet
  facet normal 1 0 0
    outer loop
      vertex -11.6 -17 0
      vertex -11.6 -11 0
      vertex -11.6 -11 2
    endloop
  endfacet
  facet normal -1 0 0
    outer loop
      vertex -9.399999999999999 -17 0
      vertex -9.399999999999999 -17 2
      vertex -9.399999999999999 -11 0
    endloop
  endfacet
  facet normal 1 0 0
    outer loop
      vertex -11.6 -11 2
      vertex -11.6 -17 2
      vertex -11.6 -17 0
    endloop
  endfacet
  facet normal 0 1 0
    outer loop
      vertex -9.399999999999999 -17 0
      vertex -11.6 -17 2
      vertex -9.399999999999999 -17 2
    endloop
  endfacet
  facet normal -1 0 0
    outer loop
      vertex -9.399999999999999 -11 0
      vertex -9.399999999999999 -17 2
      vertex -9.399999999999999 -11 2
    endloop
  endfacet
  facet normal 0 -1 0
    outer loop
      vertex -9.399999999999999 -11 0
      vertex -9.399999999999999 -11 2
      vertex -11.6 -11 0
    endloop
  endfacet
  facet normal 0 -1 0
    outer loop
      vertex -11.6 -11 2
      vertex -11.6 -11 0
      vertex -9.399999999999999 -11 2
    endloop
  endfacet
  facet normal 0 1 0
    outer loop
      vertex -9.399999999999999 11 0
      vertex -11.6 11 0
      vertex -11.6 11 2
    endloop
  endfacet
  facet normal 0 1 0
    outer loop
      vertex -9.399999999999999 11 0
      vertex -11.6 11 2
      vertex -9.399999999999999 11 2
    endloop
  endfacet
  facet normal 1 0 0
    outer loop
      vertex -11.6 11 0
      vertex -11.6 17 0
      vertex -11.6 17 2
    endloop
  endfacet
  facet normal -1 0 0
    outer loop
      vertex -9.399999999999999 11 0
      vertex -9.399999999999999 11 2
      vertex -9.399999999999999 17 0
    endloop
  endfacet
  facet normal 0 -1 0
    outer loop
      vertex -11.6 17 0
      vertex -9.399999999999999 17 0
      vertex -9.399999999999999 17 2
    endloop
  endfacet
  facet normal 1 0 0
    outer loop
      vertex -11.6 11 0
      vertex -11.6 17 2
      vertex -11.6 11 2
    endloop
  endfacet
  facet normal 0 -1 0
    outer loop
      vertex -11.6 17 0
      vertex -9.399999999999999 17 2
      vertex -11.6 17 2
    endloop
  endfacet
  facet normal -1 0 0
    outer loop
      vertex -9.399999999999999 11 2
      vertex -9.399999999999999 17 2
      vertex -9.399999999999999 17 0
    endloop
  endfacet
  facet normal 0 1 0
    outer loop
      vertex 9.4 -17 2
      vertex 11.600000000000001 -17 0
      vertex 9.4 -17 0
    endloop
  endfacet
  facet normal 1 0 0
    outer loop
      vertex 9.4 -17 0
      vertex 9.4 -11 0
      vertex 9.4 -11 2
    endloop
  endfacet
  facet normal -1 0 0
    outer loop
      vertex 11.600000000000001 -17 0
      vertex 11.600000000000001 -17 2
      vertex 11.600000000000001 -11 0
    endloop
  endfacet
  facet normal 1 0 0
    outer loop
      vertex 9.4 -11 2
      vertex 9.4 -17 2
      vertex 9.4 -17 0
    endloop
  endfacet
  facet normal 0 1 0
    outer loop
      vertex 11.600000000000001 -17 0
      vertex 9.4 -17 2
      vertex 11.600000000000001 -17 2
    endloop
  endfacet
  facet normal -1 0 0
    outer loop
      vertex 11.600000000000001 -11 0
      vertex 11.600000000000001 -17 2
      vertex 11.600000000000001 -11 2
    endloop
  endfacet
  facet normal 0 -1 0
    outer loop
      vertex 11.600000000000001 -11 0
      vertex 11.600000000000001 -11 2
      vertex 9.4 -11 0
    endloop
  endfacet
  facet normal 0 -1 0
    outer loop
      vertex 9.4 -11 0
      vertex 11.600000000000001 -11 2
      vertex 9.4 -11 2
    endloop
  endfacet
  facet normal 0 1 0
    outer loop
      vertex 11.600000000000001 11 0
      vertex 9.4 11 0
      vertex 9.4 11 2
    endloop
  endfacet
  facet normal 0 1 0
    outer loop
      vertex 11.600000000000001 11 2
      vertex 11.600000000000001 11 0
      vertex 9.4 11 2
    endloop
  endfacet
  facet normal 1 0 0
    outer loop
      vertex 9.4 11 0
      vertex 9.4 17 0
      vertex 9.4 17 2
    endloop
  endfacet
  facet normal -1 0 0
    outer loop
      vertex 11.600000000000001 11 0
      vertex 11.600000000000001 11 2
      vertex 11.600000000000001 17 0
    endloop
  endfacet
  facet normal 0 -1 0
    outer loop
      vertex 11.600000000000001 17 0
      vertex 11.600000000000001 17 2
      vertex 9.4 17 0
    endloop
  endfacet
  facet normal 1 0 0
    outer loop
      vertex 9.4 11 0
      vertex 9.4 17 2
      vertex 9.4 11 2
    endloop
  endfacet
  facet normal 0 -1 0
    outer loop
      vertex 9.4 17 0
      vertex 11.600000000000001 17 2
      vertex 9.4 17 2
    endloop
  endfacet
  facet normal -1 0 0
    outer loop
      vertex 11.600000000000001 17 0
      vertex 11.600000000000001 11 2
      vertex 11.600000000000001 17 2
    endloop
  endfacet
  facet normal 0 1 0
    outer loop
      vertex -13.188505209982395 -2.5 2
      vertex -12.5 -2.5 0
      vertex -15.49502768367529 -2.5 0
    endloop
  endfacet
  facet normal -1 0 0
    outer loop
      vertex -12.5 -2.5 2.02
      vertex -12.5 2.5 0
      vertex -12.5 -2.5 0
    endloop
  endfacet
  facet normal 0 1 0
    outer loop
      vertex -13.188505209982395 -2.5 2
      vertex -15.49502768367529 -2.5 0
      vertex -15.49502768367529 -2.5 2
    endloop
  endfacet
  facet normal 0 1 0
    outer loop
      vertex -12.5 -2.5 2.02
      vertex -12.5 -2.5 0
      vertex -13.188505209982395 -2.5 2
    endloop
  endfacet
  facet normal 0 1 0
    outer loop
      vertex -12.5 -2.5 2.02
      vertex -13.188505209982395 -2.5 2
      vertex -13.188505209982395 -2.5 2.02
    endloop
  endfacet
  facet normal 0 0 -1
    outer loop
      vertex -12.5 -2.5 2.02
      vertex -13.188505209982395 -2.5 2.02
      vertex -12.5 2.5 2.02
    endloop
  endfacet
  facet normal 0 -1 0
    outer loop
      vertex -12.5 2.5 2.02
      vertex -15.49502768367529 2.5 0
      vertex -12.5 2.5 0
    endloop
  endfacet
  facet normal 0 -1 0
    outer loop
      vertex -15.49502768367529 2.5 2
      vertex -15.49502768367529 2.5 0
      vertex -13.188505209982395 2.5 2
    endloop
  endfacet
  facet normal 0 -1 0
    outer loop
      vertex -12.5 2.5 2.02
      vertex -13.188505209982395 2.5 2
      vertex -15.49502768367529 2.5 0
    endloop
  endfacet
  facet normal -1 0 0
    outer loop
      vertex -12.5 -2.5 2.02
      vertex -12.5 2.5 2.02
      vertex -12.5 2.5 0
    endloop
  endfacet
  facet normal 0 0 -1
    outer loop
      vertex -12.5 2.5 2.02
      vertex -13.188505209982395 -2.5 2.02
      vertex -13.188505209982395 2.5 2.02
    endloop
  endfacet
  facet normal 0 -1 0
    outer loop
      vertex -12.5 2.5 2.02
      vertex -13.188505209982395 2.5 2.02
      vertex -13.188505209982395 2.5 2
    endloop
  endfacet
  facet normal 0 1 0
    outer loop
      vertex 12.5 -2.5 2.02
      vertex 15.5 -2.5 0
      vertex 12.5 -2.5 0
    endloop
  endfacet
  facet normal 1 0 0
    outer loop
      vertex 12.5 -2.5 2.02
      vertex 12.5 -2.5 0
      vertex 12.5 2.5 2.02
    endloop
  endfacet
  facet normal 0 1 0
    outer loop
      vertex 12.5 -2.5 2.02
      vertex 13.200000002980232 -2.5 2
      vertex 15.5 -2.5 0
    endloop
  endfacet
  facet normal 0 1 0
    outer loop
      vertex 15.5 -2.5 0
      vertex 13.200000002980232 -2.5 2
      vertex 15.5 -2.5 2
    endloop
  endfacet
  facet normal 0 1 0
    outer loop
      vertex 12.5 -2.5 2.02
      vertex 13.200000002980232 -2.5 2.02
      vertex 13.200000002980232 -2.5 2
    endloop
  endfacet
  facet normal 0 0 -1
    outer loop
      vertex 12.5 -2.5 2.02
      vertex 13.200000002980232 2.5 2.02
      vertex 13.200000002980232 -2.5 2.02
    endloop
  endfacet
  facet normal 1 0 0
    outer loop
      vertex 12.5 2.5 2.02
      vertex 12.5 -2.5 0
      vertex 12.5 2.5 0
    endloop
  endfacet
  facet normal 0 -1 0
    outer loop
      vertex 15.5 2.5 0
      vertex 13.200000002980232 2.5 2
      vertex 12.5 2.5 0
    endloop
  endfacet
  facet normal 0 -1 0
    outer loop
      vertex 12.5 2.5 2.02
      vertex 12.5 2.5 0
      vertex 13.200000002980232 2.5 2
    endloop
  endfacet
  facet normal 0 -1 0
    outer loop
      vertex 15.5 2.5 0
      vertex 15.5 2.5 2
      vertex 13.200000002980232 2.5 2
    endloop
  endfacet
  facet normal 0 0 -1
    outer loop
      vertex 12.5 -2.5 2.02
      vertex 12.5 2.5 2.02
      vertex 13.200000002980232 2.5 2.02
    endloop
  endfacet
  facet normal 0 -1 0
    outer loop
      vertex 12.5 2.5 2.02
      vertex 13.200000002980232 2.5 2
      vertex 13.200000002980232 2.5 2.02
    endloop
  endfacet
  facet normal 0.19509032201612778 0.9807852804032305 0
    outer loop
      vertex -0.3826834323650898 7.076120467488713 0
      vertex -0.3826834323650898 7.076120467488713 2
      vertex 0 7 0
    endloop
  endfacet
  facet normal 0.8314696123025458 0.5555702330196015 0
    outer loop
      vertex -0.7071067811865476 7.292893218813452 0
      vertex -0.9238795325112867 7.61731656763491 0
      vertex -0.9238795325112867 7.61731656763491 2
    endloop
  endfacet
  facet normal 0.9807852804032304 0.1950903220161284 0
    outer loop
      vertex -0.9238795325112867 7.61731656763491 0
      vertex -1 8 0
      vertex -1 8 2
    endloop
  endfacet
  facet normal 0.5555702330196018 0.8314696123025455 0
    outer loop
      vertex -0.7071067811865476 7.292893218813452 0
      vertex -0.7071067811865476 7.292893218813452 2
      vertex -0.3826834323650898 7.076120467488713 0
    endloop
  endfacet
  facet normal 0.9807852804032304 -0.1950903220161284 0
    outer loop
      vertex -1 8 0
      vertex -0.9238795325112867 8.38268343236509 0
      vertex -0.9238795325112867 8.38268343236509 2
    endloop
  endfacet
  facet normal 0.8314696123025458 -0.5555702330196015 0
    outer loop
      vertex -0.9238795325112867 8.38268343236509 0
      vertex -0.7071067811865476 8.707106781186548 0
      vertex -0.7071067811865476 8.707106781186548 2
    endloop
  endfacet
  facet normal 0.5555702330196003 -0.8314696123025465 0
    outer loop
      vertex -0.3826834323650898 8.923879532511286 0
      vertex -0.3826834323650898 8.923879532511286 2
      vertex -0.7071067811865476 8.707106781186548 0
    endloop
  endfacet
  facet normal 0.19509032201612997 -0.9807852804032302 0
    outer loop
      vertex -0.3826834323650898 8.923879532511286 0
      vertex 0 9 0
      vertex 0 9 2
    endloop
  endfacet
  facet normal 0.5555702330196018 0.8314696123025455 0
    outer loop
      vertex -0.3826834323650898 7.076120467488713 0
      vertex -0.7071067811865476 7.292893218813452 2
      vertex -0.3826834323650898 7.076120467488713 2
    endloop
  endfacet
  facet normal 0.19509032201612778 0.9807852804032305 0
    outer loop
      vertex 0 7 0
      vertex -0.3826834323650898 7.076120467488713 2
      vertex 0 7 2
    endloop
  endfacet
  facet normal 0.8314696123025458 0.5555702330196015 0
    outer loop
      vertex -0.7071067811865476 7.292893218813452 0
      vertex -0.9238795325112867 7.61731656763491 2
      vertex -0.7071067811865476 7.292893218813452 2
    endloop
  endfacet
  facet normal 0.9807852804032304 0.1950903220161284 0
    outer loop
      vertex -0.9238795325112867 7.61731656763491 0
      vertex -1 8 2
      vertex -0.9238795325112867 7.61731656763491 2
    endloop
  endfacet
  facet normal 0.9807852804032304 -0.1950903220161284 0
    outer loop
      vertex -1 8 0
      vertex -0.9238795325112867 8.38268343236509 2
      vertex -1 8 2
    endloop
  endfacet
  facet normal 0.8314696123025458 -0.5555702330196015 0
    outer loop
      vertex -0.9238795325112867 8.38268343236509 0
      vertex -0.7071067811865476 8.707106781186548 2
      vertex -0.9238795325112867 8.38268343236509 2
    endloop
  endfacet
  facet normal 0.5555702330196003 -0.8314696123025465 0
    outer loop
      vertex -0.7071067811865476 8.707106781186548 0
      vertex -0.3826834323650898 8.923879532511286 2
      vertex -0.7071067811865476 8.707106781186548 2
    endloop
  endfacet
  facet normal 0.19509032201612997 -0.9807852804032302 0
    outer loop
      vertex -0.3826834323650898 8.923879532511286 0
      vertex 0 9 2
      vertex -0.3826834323650898 8.923879532511286 2
    endloop
  endfacet
  facet normal -0.19509032201612778 0.9807852804032305 0
    outer loop
      vertex 0 7 0
      vertex 0 7 2
      vertex 0.3826834323650898 7.076120467488713 0
    endloop
  endfacet
  facet normal -0.5555702330196018 0.8314696123025455 0
    outer loop
      vertex 0.3826834323650898 7.076120467488713 0
      vertex 0.3826834323650898 7.076120467488713 2
      vertex 0.7071067811865476 7.292893218813452 0
    endloop
  endfacet
  facet normal -0.8314696123025458 0.5555702330196015 0
    outer loop
      vertex 0.7071067811865476 7.292893218813452 0
      vertex 0.7071067811865476 7.292893218813452 2
      vertex 0.9238795325112867 7.61731656763491 0
    endloop
  endfacet
  facet normal -0.9807852804032304 0.1950903220161284 0
    outer loop
      vertex 1 8 0
      vertex 0.9238795325112867 7.61731656763491 0
      vertex 0.9238795325112867 7.61731656763491 2
    endloop
  endfacet
  facet normal -0.9807852804032304 -0.1950903220161284 0
    outer loop
      vertex 0.9238795325112867 8.38268343236509 0
      vertex 1 8 0
      vertex 1 8 2
    endloop
  endfacet
  facet normal -0.8314696123025458 -0.5555702330196015 0
    outer loop
      vertex 0.7071067811865476 8.707106781186548 0
      vertex 0.9238795325112867 8.38268343236509 0
      vertex 0.9238795325112867 8.38268343236509 2
    endloop
  endfacet
  facet normal -0.19509032201612997 -0.9807852804032302 0
    outer loop
      vertex 0.3826834323650898 8.923879532511286 0
      vertex 0.3826834323650898 8.923879532511286 2
      vertex 0 9 0
    endloop
  endfacet
  facet normal -0.5555702330196003 -0.8314696123025465 0
    outer loop
      vertex 0.3826834323650898 8.923879532511286 0
      vertex 0.7071067811865476 8.707106781186548 0
      vertex 0.7071067811865476 8.707106781186548 2
    endloop
  endfacet
  facet normal -0.19509032201612778 0.9807852804032305 0
    outer loop
      vertex 0.3826834323650898 7.076120467488713 0
      vertex 0 7 2
      vertex 0.3826834323650898 7.076120467488713 2
    endloop
  endfacet
  facet normal -0.5555702330196018 0.8314696123025455 0
    outer loop
      vertex 0.7071067811865476 7.292893218813452 0
      vertex 0.3826834323650898 7.076120467488713 2
      vertex 0.7071067811865476 7.292893218813452 2
    endloop
  endfacet
  facet normal -0.8314696123025458 0.5555702330196015 0
    outer loop
      vertex 0.9238795325112867 7.61731656763491 0
      vertex 0.7071067811865476 7.292893218813452 2
      vertex 0.9238795325112867 7.61731656763491 2
    endloop
  endfacet
  facet normal -0.9807852804032304 0.1950903220161284 0
    outer loop
      vertex 1 8 0
      vertex 0.9238795325112867 7.61731656763491 2
      vertex 1 8 2
    endloop
  endfacet
  facet normal -0.9807852804032304 -0.1950903220161284 0
    outer loop
      vertex 0.9238795325112867 8.38268343236509 0
      vertex 1 8 2
      vertex 0.9238795325112867 8.38268343236509 2
    endloop
  endfacet
  facet normal -0.8314696123025458 -0.5555702330196015 0
    outer loop
      vertex 0.7071067811865476 8.707106781186548 0
      vertex 0.9238795325112867 8.38268343236509 2
      vertex 0.7071067811865476 8.707106781186548 2
    endloop
  endfacet
  facet normal -0.19509032201612997 -0.9807852804032302 0
    outer loop
      vertex 0 9 0
      vertex 0.3826834323650898 8.923879532511286 2
      vertex 0 9 2
    endloop
  endfacet
  facet normal -0.5555702330196003 -0.8314696123025465 0
    outer loop
      vertex 0.3826834323650898 8.923879532511286 0
      vertex 0.7071067811865476 8.707106781186548 2
      vertex 0.3826834323650898 8.923879532511286 2
    endloop
  endfacet
endsolid OpenSCAD_Model
