solid OpenSCAD_Model
  facet normal 0 0 -1
    outer loop
      vertex -93.02499999999999 0 0
      vertex -92.96833168345138 3.2465256807501524 0
      vertex -92.79839577542013 6.489095970047256 0
    endloop
  endfacet
  facet normal 0 0 -1
    outer loop
      vertex -93.02499999999999 0 0
      vertex -92.79839577542013 6.489095970047256 0
      vertex -92.51539931663362 9.723760295473463 0
    endloop
  endfacet
  facet normal 0 0 -1
    outer loop
      vertex -93.02499999999999 0 0
      vertex -92.51539931663362 9.723760295473463 0
      vertex -92.11968709468458 12.946577716810086 0
    endloop
  endfacet
  facet normal 0 0 -1
    outer loop
      vertex -93.02499999999999 0 0
      vertex -92.11968709468458 12.946577716810086 0
      vertex -91.61174122396065 16.15362172746619 0
    endloop
  endfacet
  facet normal 0 0 -1
    outer loop
      vertex -93.02499999999999 0 0
      vertex -91.61174122396065 16.15362172746619 0
      vertex -90.99218055826226 19.34098503832206 0
    endloop
  endfacet
  facet normal 0 0 -1
    outer loop
      vertex -93.02499999999999 0 0
      vertex -90.99218055826226 19.34098503832206 0
      vertex -90.26175993682456 22.504784338159087 0
    endloop
  endfacet
  facet normal 0 0 -1
    outer loop
      vertex -93.02499999999999 0 0
      vertex -83.61031615698 40.77947593005393 0
      vertex -84.02499999999999 0 0
    endloop
  endfacet
  facet normal 0 0 -1
    outer loop
      vertex -84.02499999999999 0 0
      vertex -83.61031615698 40.77947593005393 0
      vertex -83.97381424027951 2.932430210427644 0
    endloop
  endfacet
  facet normal 0 0 -1
    outer loop
      vertex -93.02499999999999 0 0
      vertex -90.26175993682456 22.504784338159087 0
      vertex -89.4213692646621 25.641165024876344 0
    endloop
  endfacet
  facet normal 0 0 -1
    outer loop
      vertex -93.02499999999999 0 0
      vertex -89.4213692646621 25.641165024876344 0
      vertex -88.47203242835666 28.746305901729478 0
    endloop
  endfacet
  facet normal 0 0 -1
    outer loop
      vertex -93.02499999999999 0 0
      vertex -88.47203242835666 28.746305901729478 0
      vertex -87.41490604860913 31.816423832870328 0
    endloop
  endfacet
  facet normal 0 0 -1
    outer loop
      vertex -93.02499999999999 0 0
      vertex -87.41490604860913 31.816423832870328 0
      vertex -86.25127807107539 34.84777835251521 0
    endloop
  endfacet
  facet normal 0 0 -1
    outer loop
      vertex -93.02499999999999 0 0
      vertex -86.25127807107539 34.84777835251521 0
      vertex -84.98256619720294 37.836676222126314 0
    endloop
  endfacet
  facet normal 0 0 -1
    outer loop
      vertex -83.97381424027951 2.932430210427644 0
      vertex -83.61031615698 40.77947593005393 0
      vertex -83.82031932308172 5.861287706350128 0
    endloop
  endfacet
  facet normal 0 0 -1
    outer loop
      vertex -83.82031932308172 5.861287706350128 0
      vertex -83.61031615698 40.77947593005393 0
      vertex -83.56470225831916 8.783004126064583 0
    endloop
  endfacet
  facet normal 0 0 -1
    outer loop
      vertex -83.56470225831916 8.783004126064583 0
      vertex -83.61031615698 40.77947593005393 0
      vertex -83.20727447601044 11.694019808169497 0
    endloop
  endfacet
  facet normal 0 0 -1
    outer loop
      vertex -83.20727447601044 11.694019808169497 0
      vertex -83.61031615698 40.77947593005393 0
      vertex -82.74847144685077 14.590788128463819 0
    endloop
  endfacet
  facet normal 0 0 -1
    outer loop
      vertex -93.02499999999999 0 0
      vertex -84.98256619720294 37.836676222126314 0
      vertex -83.61031615698 40.77947593005393 0
    endloop
  endfacet
  facet normal 0 0 -1
    outer loop
      vertex -82.74847144685077 14.590788128463819 0
      vertex -82.13619982570168 43.67259212815749 0
      vertex -82.18885215165801 17.469779820962227 0
    endloop
  endfacet
  facet normal 0 0 -1
    outer loop
      vertex -82.18885215165801 17.469779820962227 0
      vertex -82.13619982570168 43.67259212815749 0
      vertex -81.5290984003406 20.327487277762078 0
    endloop
  endfacet
  facet normal 0 0 -1
    outer loop
      vertex -81.5290984003406 20.327487277762078 0
      vertex -80.5620131870474 46.512499999999996 0
      vertex -80.77001400121723 23.160428822523354 0
    endloop
  endfacet
  facet normal 0 0 -1
    outer loop
      vertex -82.74847144685077 14.590788128463819 0
      vertex -83.61031615698 40.77947593005393 0
      vertex -82.13619982570168 43.67259212815749 0
    endloop
  endfacet
  facet normal 0 0 -1
    outer loop
      vertex -81.5290984003406 20.327487277762078 0
      vertex -82.13619982570168 43.67259212815749 0
      vertex -80.5620131870474 46.512499999999996 0
    endloop
  endfacet
  facet normal 0 0 -1
    outer loop
      vertex -80.77001400121723 23.160428822523354 0
      vertex -80.5620131870474 46.512499999999996 0
      vertex -79.91252378170027 25.965152952354952 0
    endloop
  endfacet
  facet normal 0 0 -1
    outer loop
      vertex -79.91252378170027 25.965152952354952 0
      vertex -78.88967414495151 49.295739555293885 0
      vertex -78.95767246153595 28.73824254293931 0
    endloop
  endfacet
  facet normal 0 0 -1
    outer loop
      vertex -78.95767246153595 28.73824254293931 0
      vertex -78.88967414495151 49.295739555293885 0
      vertex -77.9066233799743 31.476319011772002 0
    endloop
  endfacet
  facet normal 0 0 -1
    outer loop
      vertex -79.91252378170027 25.965152952354952 0
      vertex -80.5620131870474 46.512499999999996 0
      vertex -78.88967414495151 49.295739555293885 0
    endloop
  endfacet
  facet normal 0 0 -1
    outer loop
      vertex -77.9066233799743 31.476319011772002 0
      vertex -77.12122018693275 52.01891984536623 0
      vertex -76.76065707841953 34.17604643444411 0
    endloop
  endfacet
  facet normal 0 0 -1
    outer loop
      vertex -76.76065707841953 34.17604643444411 0
      vertex -75.25880590172947 54.67872309450731 0
      vertex -75.5211697402875 36.83413560895223 0
    endloop
  endfacet
  facet normal 0 0 -1
    outer loop
      vertex -77.9066233799743 31.476319011772002 0
      vertex -78.88967414495151 49.295739555293885 0
      vertex -77.12122018693275 52.01891984536623 0
    endloop
  endfacet
  facet normal 0 0 -1
    outer loop
      vertex -75.5211697402875 36.83413560895223 0
      vertex -75.25880590172947 54.67872309450731 0
      vertex -74.18967148997133 39.44734806308447 0
    endloop
  endfacet
  facet normal 0 0 -1
    outer loop
      vertex -76.76065707841953 34.17604643444411 0
      vertex -77.12122018693275 52.01891984536623 0
      vertex -75.25880590172947 54.67872309450731 0
    endloop
  endfacet
  facet normal 0 0 -1
    outer loop
      vertex -74.18967148997133 39.44734806308447 0
      vertex -73.3047003542653 57.27190874216936 0
      vertex -72.76778455298745 42.012499999999996 0
    endloop
  endfacet
  facet normal 0 0 -1
    outer loop
      vertex -74.18967148997133 39.44734806308447 0
      vertex -75.25880590172947 54.67872309450731 0
      vertex -73.3047003542653 57.27190874216936 0
    endloop
  endfacet
  facet normal 0 0 -1
    outer loop
      vertex -72.76778455298745 42.012499999999996 0
      vertex -71.26128432114292 59.79531739109031 0
      vertex -71.25724127954368 44.52646617719504 0
    endloop
  endfacet
  facet normal 0 0 -1
    outer loop
      vertex -72.76778455298745 42.012499999999996 0
      vertex -73.3047003542653 57.27190874216936 0
      vertex -71.26128432114292 59.79531739109031 0
    endloop
  endfacet
  facet normal 0 0 -1
    outer loop
      vertex -71.25724127954368 44.52646617719504 0
      vertex -71.26128432114292 59.79531739109031 0
      vertex -69.65988203393738 46.9861837141295 0
    endloop
  endfacet
  facet normal 0 0 -1
    outer loop
      vertex -71.26128432114292 59.79531739109031 0
      vertex -69.1310473900346 62.245874656532784 0
      vertex -69.65988203393738 46.9861837141295 0
    endloop
  endfacet
  facet normal 0 0 -1
    outer loop
      vertex -69.65988203393738 46.9861837141295 0
      vertex -69.1310473900346 62.245874656532784 0
      vertex -67.97765295235496 49.38865582387505 0
    endloop
  endfacet
  facet normal 0 0 -1
    outer loop
      vertex -66.2126035718048 51.730955464238434 0
      vertex -65.93142432394153 54.41302873318318 0
      vertex -65.78609754928343 52.25764653869515 0
    endloop
  endfacet
  facet normal 0 0 -1
    outer loop
      vertex -67.97765295235496 49.38865582387505 0
      vertex -66.91658492650302 64.62059491194822 0
      vertex -66.2126035718048 51.730955464238434 0
    endloop
  endfacet
  facet normal 0 0 -1
    outer loop
      vertex -67.97765295235496 49.38865582387505 0
      vertex -69.1310473900346 62.245874656532784 0
      vertex -66.91658492650302 64.62059491194822 0
    endloop
  endfacet
  facet normal 0 0 -1
    outer loop
      vertex -66.2126035718048 51.730955464238434 0
      vertex -66.91658492650302 64.62059491194822 0
      vertex -65.93142432394153 54.41302873318318 0
    endloop
  endfacet
  facet normal 0 0 -1
    outer loop
      vertex -65.43740943665358 52.68824049749932 0
      vertex -65.83296106566662 55.352236284946635 0
      vertex -64.71058250964026 53.585797002961186 0
    endloop
  endfacet
  facet normal 0 0 -1
    outer loop
      vertex -64.71058250964026 53.585797002961186 0
      vertex -65.83296106566662 55.352236284946635 0
      vertex -64.36927970076005 54.13208219171007 0
    endloop
  endfacet
  facet normal 0 0 -1
    outer loop
      vertex -64.36927970076005 54.13208219171007 0
      vertex -65.83296106566662 55.352236284946635 0
      vertex -64.4074926433974 56.07598947588174 0
    endloop
  endfacet
  facet normal 0 0 -1
    outer loop
      vertex -65.93142432394153 54.41302873318318 0
      vertex -66.91658492650302 64.62059491194822 0
      vertex -65.83296106566662 55.352236284946635 0
    endloop
  endfacet
  facet normal 0 0 -1
    outer loop
      vertex -65.83296106566662 55.352236284946635 0
      vertex -64.62059491194822 66.91658492650302 0
      vertex -64.4074926433974 56.07598947588174 0
    endloop
  endfacet
  facet normal 0 0 -1
    outer loop
      vertex -64.4074926433974 56.07598947588174 0
      vertex -64.62059491194822 66.91658492650302 0
      vertex -64.07497460621846 56.09127268363143 0
    endloop
  endfacet
  facet normal 0 0 -1
    outer loop
      vertex -64.07497460621846 56.09127268363143 0
      vertex -62.88737142073054 55.712213816344764 0
      vertex -63.921068892925575 54.52308090170737 0
    endloop
  endfacet
  facet normal 0 0 -1
    outer loop
      vertex -64.07497460621846 56.09127268363143 0
      vertex -62.245874656532784 69.1310473900346 0
      vertex -62.88737142073054 55.712213816344764 0
    endloop
  endfacet
  facet normal 0 0 -1
    outer loop
      vertex -62.88737142073054 55.712213816344764 0
      vertex -62.245874656532784 69.1310473900346 0
      vertex -62.44274396073804 56.223699199303056 0
    endloop
  endfacet
  facet normal -0.9998476951563912 0.017452406437280434 -2.42472700581844e-19
    outer loop
      vertex -93.02499999999999 0 0
      vertex -92.96833168345138 3.2465256807501524 15
      vertex -92.96833168345138 3.2465256807501524 0
    endloop
  endfacet
  facet normal -0.9986295347545737 0.05233595624294979 2.9401047769982648e-19
    outer loop
      vertex -92.96833168345138 3.2465256807501524 0
      vertex -92.79839577542013 6.489095970047256 15
      vertex -92.79839577542013 6.489095970047256 0
    endloop
  endfacet
  facet normal -0.9961946980917458 0.08715574274765514 6.694993646078446e-19
    outer loop
      vertex -92.79839577542013 6.489095970047256 0
      vertex -92.51539931663362 9.723760295473463 15
      vertex -92.51539931663362 9.723760295473463 0
    endloop
  endfacet
  facet normal -0.9925461516413223 0.12186934340514491 3.259768609861047e-19
    outer loop
      vertex -92.51539931663362 9.723760295473463 0
      vertex -92.11968709468458 12.946577716810086 15
      vertex -92.11968709468458 12.946577716810086 0
    endloop
  endfacet
  facet normal -0.9876883405951374 0.15643446504023276 -1.4136184246989743e-18
    outer loop
      vertex -92.11968709468458 12.946577716810086 0
      vertex -91.61174122396065 16.15362172746619 15
      vertex -91.61174122396065 16.15362172746619 0
    endloop
  endfacet
  facet normal -0.9816271834476639 0.19080899537654522 3.0742013959680904e-19
    outer loop
      vertex -91.61174122396065 16.15362172746619 0
      vertex -90.99218055826226 19.34098503832206 15
      vertex -90.99218055826226 19.34098503832206 0
    endloop
  endfacet
  facet normal -0.9743700647852349 0.22495105434386622 1.1543175353747661e-18
    outer loop
      vertex -90.99218055826226 19.34098503832206 0
      vertex -90.26175993682456 22.504784338159087 15
      vertex -90.26175993682456 22.504784338159087 0
    endloop
  endfacet
  facet normal -0.9659258262890685 0.25881904510252013 2.597175646895892e-18
    outer loop
      vertex -90.26175993682456 22.504784338159087 0
      vertex -89.4213692646621 25.641165024876344 15
      vertex -89.4213692646621 25.641165024876344 0
    endloop
  endfacet
  facet normal -0.9563047559630357 0.29237170472273605 -6.465950016770348e-19
    outer loop
      vertex -89.4213692646621 25.641165024876344 0
      vertex -88.47203242835666 28.746305901729478 15
      vertex -88.47203242835666 28.746305901729478 0
    endloop
  endfacet
  facet normal -0.9455185755993171 0.3255681544571556 -2.1684039343691323e-18
    outer loop
      vertex -88.47203242835666 28.746305901729478 0
      vertex -87.41490604860913 31.816423832870328 15
      vertex -87.41490604860913 31.816423832870328 0
    endloop
  endfacet
  facet normal -0.9335804264972013 0.3583679495453017 -1.4501573918988204e-18
    outer loop
      vertex -87.41490604860913 31.816423832870328 0
      vertex -86.25127807107539 34.84777835251521 15
      vertex -86.25127807107539 34.84777835251521 0
    endloop
  endfacet
  facet normal -0.9205048534524407 0.3907311284892729 -2.6543280747385854e-18
    outer loop
      vertex -86.25127807107539 34.84777835251521 0
      vertex -84.98256619720294 37.836676222126314 15
      vertex -84.98256619720294 37.836676222126314 0
    endloop
  endfacet
  facet normal -0.90630778703665 0.422618261740699 7.319146953272776e-18
    outer loop
      vertex -84.98256619720294 37.836676222126314 0
      vertex -83.61031615698 40.77947593005393 15
      vertex -83.61031615698 40.77947593005393 0
    endloop
  endfacet
  facet normal -0.8910065241883687 0.4539904997395452 -7.322777319278118e-18
    outer loop
      vertex -83.61031615698 40.77947593005393 0
      vertex -82.13619982570168 43.67259212815749 15
      vertex -82.13619982570168 43.67259212815749 0
    endloop
  endfacet
  facet normal -0.8746197071393943 0.4848096202463397 4.174669185709962e-18
    outer loop
      vertex -82.13619982570168 43.67259212815749 0
      vertex -80.5620131870474 46.512499999999996 15
      vertex -80.5620131870474 46.512499999999996 0
    endloop
  endfacet
  facet normal -0.8571673007021113 0.5150380749100557 -1.3931083568518806e-18
    outer loop
      vertex -80.5620131870474 46.512499999999996 0
      vertex -78.88967414495151 49.295739555293885 15
      vertex -78.88967414495151 49.295739555293885 0
    endloop
  endfacet
  facet normal -0.8386705679454256 0.5446390350150248 -3.501785653790113e-18
    outer loop
      vertex -78.88967414495151 49.295739555293885 0
      vertex -77.12122018693275 52.01891984536623 15
      vertex -77.12122018693275 52.01891984536623 0
    endloop
  endfacet
  facet normal -0.8191520442889909 0.5735764363510473 -1.575813132224272e-18
    outer loop
      vertex -77.12122018693275 52.01891984536623 0
      vertex -75.25880590172947 54.67872309450731 15
      vertex -75.25880590172947 54.67872309450731 0
    endloop
  endfacet
  facet normal -0.7986355100472916 0.6018150231520499 4.143272217073726e-18
    outer loop
      vertex -75.25880590172947 54.67872309450731 0
      vertex -73.3047003542653 57.27190874216936 15
      vertex -73.3047003542653 57.27190874216936 0
    endloop
  endfacet
  facet normal -0.7771459614569709 0.6293203910498374 -1.1476139460189158e-18
    outer loop
      vertex -73.3047003542653 57.27190874216936 0
      vertex -71.26128432114292 59.79531739109031 15
      vertex -71.26128432114292 59.79531739109031 0
    endloop
  endfacet
  facet normal 0 0 -1
    outer loop
      vertex -65.83296106566662 55.352236284946635 0
      vertex -66.91658492650302 64.62059491194822 0
      vertex -64.62059491194822 66.91658492650302 0
    endloop
  endfacet
  facet normal 0 0 -1
    outer loop
      vertex -64.07497460621846 56.09127268363143 0
      vertex -64.62059491194822 66.91658492650302 0
      vertex -62.245874656532784 69.1310473900346 0
    endloop
  endfacet
  facet normal 0 0 -1
    outer loop
      vertex -62.44274396073804 56.223699199303056 0
      vertex -62.245874656532784 69.1310473900346 0
      vertex -60.44252672345516 58.368669577817236 0
    endloop
  endfacet
  facet normal 0 0 -1
    outer loop
      vertex -60.44252672345516 58.368669577817236 0
      vertex -59.79531739109031 71.26128432114292 0
      vertex -58.368669577817236 60.44252672345516 0
    endloop
  endfacet
  facet normal 0 0 -1
    outer loop
      vertex -60.44252672345516 58.368669577817236 0
      vertex -62.245874656532784 69.1310473900346 0
      vertex -59.79531739109031 71.26128432114292 0
    endloop
  endfacet
  facet normal 0 0 -1
    outer loop
      vertex -58.368669577817236 60.44252672345516 0
      vertex -59.79531739109031 71.26128432114292 0
      vertex -57.27190874216936 73.3047003542653 0
    endloop
  endfacet
  facet normal 0 0 -1
    outer loop
      vertex -58.368669577817236 60.44252672345516 0
      vertex -57.27190874216936 73.3047003542653 0
      vertex -56.223699199303056 62.44274396073804 0
    endloop
  endfacet
  facet normal 0 0 -1
    outer loop
      vertex -56.223699199303056 62.44274396073804 0
      vertex -54.67872309450731 75.25880590172947 0
      vertex -54.010228903911454 64.36688433307212 0
    endloop
  endfacet
  facet normal 0 0 -1
    outer loop
      vertex -56.223699199303056 62.44274396073804 0
      vertex -57.27190874216936 73.3047003542653 0
      vertex -54.67872309450731 75.25880590172947 0
    endloop
  endfacet
  facet normal 0 0 -1
    outer loop
      vertex -54.010228903911454 64.36688433307212 0
      vertex -52.01891984536623 77.12122018693275 0
      vertex -51.730955464238434 66.2126035718048 0
    endloop
  endfacet
  facet normal 0 0 -1
    outer loop
      vertex -54.010228903911454 64.36688433307212 0
      vertex -54.67872309450731 75.25880590172947 0
      vertex -52.01891984536623 77.12122018693275 0
    endloop
  endfacet
  facet normal 0 0 -1
    outer loop
      vertex -51.730955464238434 66.2126035718048 0
      vertex -49.295739555293885 78.88967414495151 0
      vertex -49.38865582387505 67.97765295235496 0
    endloop
  endfacet
  facet normal 0 0 -1
    outer loop
      vertex -51.730955464238434 66.2126035718048 0
      vertex -52.01891984536623 77.12122018693275 0
      vertex -49.295739555293885 78.88967414495151 0
    endloop
  endfacet
  facet normal 0 0 -1
    outer loop
      vertex -49.38865582387505 67.97765295235496 0
      vertex -49.295739555293885 78.88967414495151 0
      vertex -46.9861837141295 69.65988203393738 0
    endloop
  endfacet
  facet normal 0 0 -1
    outer loop
      vertex -46.9861837141295 69.65988203393738 0
      vertex -49.295739555293885 78.88967414495151 0
      vertex -46.512499999999996 80.5620131870474 0
    endloop
  endfacet
  facet normal -0.7547095802227743 0.6560590289905045 1.9522339982669094e-18
    outer loop
      vertex -71.26128432114292 59.79531739109031 0
      vertex -69.1310473900346 62.245874656532784 15
      vertex -69.1310473900346 62.245874656532784 0
    endloop
  endfacet
  facet normal -0.73135370161917 0.6819983600624989 -3.436634405599548e-18
    outer loop
      vertex -69.1310473900346 62.245874656532784 0
      vertex -66.91658492650302 64.62059491194822 15
      vertex -66.91658492650302 64.62059491194822 0
    endloop
  endfacet
  facet normal -0.7071067811865475 0.7071067811865475 6.1961304790393065e-18
    outer loop
      vertex -66.91658492650302 64.62059491194822 0
      vertex -64.62059491194822 66.91658492650302 15
      vertex -64.62059491194822 66.91658492650302 0
    endloop
  endfacet
  facet normal -0.6819983600624989 0.73135370161917 0
    outer loop
      vertex -64.62059491194822 66.91658492650302 0
      vertex -64.62059491194822 66.91658492650302 15
      vertex -62.245874656532784 69.1310473900346 0
    endloop
  endfacet
  facet normal -0.6560590289905045 0.7547095802227743 0
    outer loop
      vertex -62.245874656532784 69.1310473900346 0
      vertex -62.245874656532784 69.1310473900346 15
      vertex -59.79531739109031 71.26128432114292 0
    endloop
  endfacet
  facet normal -0.6293203910498374 0.7771459614569709 0
    outer loop
      vertex -59.79531739109031 71.26128432114292 0
      vertex -59.79531739109031 71.26128432114292 15
      vertex -57.27190874216936 73.3047003542653 0
    endloop
  endfacet
  facet normal -0.6018150231520499 0.7986355100472916 0
    outer loop
      vertex -57.27190874216936 73.3047003542653 0
      vertex -57.27190874216936 73.3047003542653 15
      vertex -54.67872309450731 75.25880590172947 0
    endloop
  endfacet
  facet normal -0.5735764363510473 0.8191520442889909 0
    outer loop
      vertex -54.67872309450731 75.25880590172947 0
      vertex -54.67872309450731 75.25880590172947 15
      vertex -52.01891984536623 77.12122018693275 0
    endloop
  endfacet
  facet normal -0.5446390350150248 0.8386705679454256 0
    outer loop
      vertex -52.01891984536623 77.12122018693275 0
      vertex -52.01891984536623 77.12122018693275 15
      vertex -49.295739555293885 78.88967414495151 0
    endloop
  endfacet
  facet normal -0.5150380749100557 0.8571673007021113 0
    outer loop
      vertex -49.295739555293885 78.88967414495151 0
      vertex -49.295739555293885 78.88967414495151 15
      vertex -46.512499999999996 80.5620131870474 0
    endloop
  endfacet
  facet normal 0 0 -1
    outer loop
      vertex -46.9861837141295 69.65988203393738 0
      vertex -46.512499999999996 80.5620131870474 0
      vertex -44.52646617719504 71.25724127954368 0
    endloop
  endfacet
  facet normal 0 0 -1
    outer loop
      vertex -44.52646617719504 71.25724127954368 0
      vertex -43.67259212815749 82.13619982570168 0
      vertex -43.94554265833692 71.60629534469243 0
    endloop
  endfacet
  facet normal 0 0 -1
    outer loop
      vertex -43.94554265833692 71.60629534469243 0
      vertex -42.3183994658107 74.4940702083485 0
      vertex -42.77039424190211 72.31239574964071 0
    endloop
  endfacet
  facet normal 0 0 -1
    outer loop
      vertex -43.94554265833692 71.60629534469243 0
      vertex -43.67259212815749 82.13619982570168 0
      vertex -42.3183994658107 74.4940702083485 0
    endloop
  endfacet
  facet normal 0 0 -1
    outer loop
      vertex -41.646759567425555 72.9705177852457 0
      vertex -41.783709518900096 74.77964148464231 0
      vertex -40.04009951022658 73.86110399755873 0
    endloop
  endfacet
  facet normal 0 0 -1
    outer loop
      vertex -42.19856304256668 73.81779606747133 0
      vertex -42.3183994658107 74.4940702083485 0
      vertex -41.783709518900096 74.77964148464231 0
    endloop
  endfacet
  facet normal 0 0 -1
    outer loop
      vertex -44.52646617719504 71.25724127954368 0
      vertex -46.512499999999996 80.5620131870474 0
      vertex -43.67259212815749 82.13619982570168 0
    endloop
  endfacet
  facet normal 0 0 -1
    outer loop
      vertex -42.3183994658107 74.4940702083485 0
      vertex -43.67259212815749 82.13619982570168 0
      vertex -41.783709518900096 74.77964148464231 0
    endloop
  endfacet
  facet normal 0 0 -1
    outer loop
      vertex -41.783709518900096 74.77964148464231 0
      vertex -40.77947593005393 83.61031615698 0
      vertex -40.04009951022658 73.86110399755873 0
    endloop
  endfacet
  facet normal 0 0 -1
    outer loop
      vertex -41.783709518900096 74.77964148464231 0
      vertex -43.67259212815749 82.13619982570168 0
      vertex -40.77947593005393 83.61031615698 0
    endloop
  endfacet
  facet normal 0 0 -1
    outer loop
      vertex -40.04009951022658 73.86110399755873 0
      vertex -40.77947593005393 83.61031615698 0
      vertex -39.44734806308447 74.18967148997133 0
    endloop
  endfacet
  facet normal 0 0 -1
    outer loop
      vertex -39.44734806308447 74.18967148997133 0
      vertex -37.836676222126314 84.98256619720294 0
      vertex -36.83413560895223 75.5211697402875 0
    endloop
  endfacet
  facet normal 0 0 -1
    outer loop
      vertex -39.44734806308447 74.18967148997133 0
      vertex -40.77947593005393 83.61031615698 0
      vertex -37.836676222126314 84.98256619720294 0
    endloop
  endfacet
  facet normal 0 0 -1
    outer loop
      vertex -36.83413560895223 75.5211697402875 0
      vertex -34.84777835251521 86.25127807107539 0
      vertex -34.17604643444411 76.76065707841953 0
    endloop
  endfacet
  facet normal 0 0 -1
    outer loop
      vertex -36.83413560895223 75.5211697402875 0
      vertex -37.836676222126314 84.98256619720294 0
      vertex -34.84777835251521 86.25127807107539 0
    endloop
  endfacet
  facet normal 0 0 -1
    outer loop
      vertex -34.17604643444411 76.76065707841953 0
      vertex -34.84777835251521 86.25127807107539 0
      vertex -31.816423832870328 87.41490604860913 0
    endloop
  endfacet
  facet normal 0 0 -1
    outer loop
      vertex -34.17604643444411 76.76065707841953 0
      vertex -31.816423832870328 87.41490604860913 0
      vertex -31.476319011772002 77.9066233799743 0
    endloop
  endfacet
  facet normal 0 0 -1
    outer loop
      vertex -31.476319011772002 77.9066233799743 0
      vertex -28.746305901729478 88.47203242835666 0
      vertex -28.73824254293931 78.95767246153595 0
    endloop
  endfacet
  facet normal 0 0 -1
    outer loop
      vertex -31.476319011772002 77.9066233799743 0
      vertex -31.816423832870328 87.41490604860913 0
      vertex -28.746305901729478 88.47203242835666 0
    endloop
  endfacet
  facet normal 0 0 -1
    outer loop
      vertex -28.73824254293931 78.95767246153595 0
      vertex -28.746305901729478 88.47203242835666 0
      vertex -25.965152952354952 79.91252378170027 0
    endloop
  endfacet
  facet normal 0 0 -1
    outer loop
      vertex -25.965152952354952 79.91252378170027 0
      vertex -25.641165024876344 89.4213692646621 0
      vertex -23.160428822523354 80.77001400121723 0
    endloop
  endfacet
  facet normal 0 0 -1
    outer loop
      vertex -25.965152952354952 79.91252378170027 0
      vertex -28.746305901729478 88.47203242835666 0
      vertex -25.641165024876344 89.4213692646621 0
    endloop
  endfacet
  facet normal 0 0 -1
    outer loop
      vertex -25.641165024876344 89.4213692646621 0
      vertex -22.504784338159087 90.26175993682456 0
      vertex -23.160428822523354 80.77001400121723 0
    endloop
  endfacet
  facet normal 0 0 -1
    outer loop
      vertex -23.160428822523354 80.77001400121723 0
      vertex -22.504784338159087 90.26175993682456 0
      vertex -20.327487277762078 81.5290984003406 0
    endloop
  endfacet
  facet normal 0 0 -1
    outer loop
      vertex -20.327487277762078 81.5290984003406 0
      vertex -22.504784338159087 90.26175993682456 0
      vertex -19.34098503832206 90.99218055826226 0
    endloop
  endfacet
  facet normal 0 0 -1
    outer loop
      vertex -20.327487277762078 81.5290984003406 0
      vertex -18.79041009017405 88.40192907968058 0
      vertex -18.873420766313668 81.86479610561496 0
    endloop
  endfacet
  facet normal 0 0 -1
    outer loop
      vertex -20.327487277762078 81.5290984003406 0
      vertex -19.34098503832206 90.99218055826226 0
      vertex -18.79041009017405 88.40192907968058 0
    endloop
  endfacet
  facet normal 0 0 -1
    outer loop
      vertex -18.79041009017405 88.40192907968058 0
      vertex -17.469779820962227 82.18885215165801 0
      vertex -18.873420766313668 81.86479610561496 0
    endloop
  endfacet
  facet normal 0 0 -1
    outer loop
      vertex -19.34098503832206 90.99218055826226 0
      vertex -18.64419860353271 91.12762212085958 0
      vertex -18.79041009017405 88.40192907968058 0
    endloop
  endfacet
  facet normal -0.4848096202463397 0.8746197071393943 0
    outer loop
      vertex -46.512499999999996 80.5620131870474 0
      vertex -46.512499999999996 80.5620131870474 15
      vertex -43.67259212815749 82.13619982570168 0
    endloop
  endfacet
  facet normal -0.4539904997395452 0.8910065241883687 0
    outer loop
      vertex -43.67259212815749 82.13619982570168 0
      vertex -43.67259212815749 82.13619982570168 15
      vertex -40.77947593005393 83.61031615698 0
    endloop
  endfacet
  facet normal -0.422618261740699 0.90630778703665 0
    outer loop
      vertex -40.77947593005393 83.61031615698 0
      vertex -40.77947593005393 83.61031615698 15
      vertex -37.836676222126314 84.98256619720294 0
    endloop
  endfacet
  facet normal -0.3907311284892729 0.9205048534524407 0
    outer loop
      vertex -37.836676222126314 84.98256619720294 0
      vertex -37.836676222126314 84.98256619720294 15
      vertex -34.84777835251521 86.25127807107539 0
    endloop
  endfacet
  facet normal -0.3583679495453017 0.9335804264972013 0
    outer loop
      vertex -34.84777835251521 86.25127807107539 0
      vertex -34.84777835251521 86.25127807107539 15
      vertex -31.816423832870328 87.41490604860913 0
    endloop
  endfacet
  facet normal -0.3255681544571556 0.9455185755993171 0
    outer loop
      vertex -31.816423832870328 87.41490604860913 0
      vertex -31.816423832870328 87.41490604860913 15
      vertex -28.746305901729478 88.47203242835666 0
    endloop
  endfacet
  facet normal -0.29237170472273605 0.9563047559630357 0
    outer loop
      vertex -28.746305901729478 88.47203242835666 0
      vertex -28.746305901729478 88.47203242835666 15
      vertex -25.641165024876344 89.4213692646621 0
    endloop
  endfacet
  facet normal -0.25881904510252013 0.9659258262890685 0
    outer loop
      vertex -25.641165024876344 89.4213692646621 0
      vertex -25.641165024876344 89.4213692646621 15
      vertex -22.504784338159087 90.26175993682456 0
    endloop
  endfacet
  facet normal -0.22495105434386622 0.9743700647852349 0
    outer loop
      vertex -22.504784338159087 90.26175993682456 0
      vertex -22.504784338159087 90.26175993682456 15
      vertex -19.34098503832206 90.99218055826226 0
    endloop
  endfacet
  facet normal -0.190808995376544 0.9816271834476641 0
    outer loop
      vertex -19.34098503832206 90.99218055826226 0
      vertex -19.34098503832206 90.99218055826226 15
      vertex -18.64419860353271 91.12762212085958 0
    endloop
  endfacet
  facet normal -0.9998476951563912 0.017452406437280434 0
    outer loop
      vertex -93.02499999999999 0 0
      vertex -93.02499999999999 0 15
      vertex -92.96833168345138 3.2465256807501524 15
    endloop
  endfacet
  facet normal -0.9986295347545737 0.05233595624294979 0
    outer loop
      vertex -92.96833168345138 3.2465256807501524 0
      vertex -92.96833168345138 3.2465256807501524 15
      vertex -92.79839577542013 6.489095970047256 15
    endloop
  endfacet
  facet normal -0.9961946980917458 0.08715574274765514 0
    outer loop
      vertex -92.79839577542013 6.489095970047256 0
      vertex -92.79839577542013 6.489095970047256 15
      vertex -92.51539931663362 9.723760295473463 15
    endloop
  endfacet
  facet normal -0.9925461516413223 0.12186934340514491 0
    outer loop
      vertex -92.51539931663362 9.723760295473463 0
      vertex -92.51539931663362 9.723760295473463 15
      vertex -92.11968709468458 12.946577716810086 15
    endloop
  endfacet
  facet normal -0.9876883405951374 0.15643446504023276 0
    outer loop
      vertex -92.11968709468458 12.946577716810086 0
      vertex -92.11968709468458 12.946577716810086 15
      vertex -91.61174122396065 16.15362172746619 15
    endloop
  endfacet
  facet normal -0.9816271834476639 0.19080899537654522 0
    outer loop
      vertex -91.61174122396065 16.15362172746619 0
      vertex -91.61174122396065 16.15362172746619 15
      vertex -90.99218055826226 19.34098503832206 15
    endloop
  endfacet
  facet normal -0.9743700647852349 0.22495105434386622 0
    outer loop
      vertex -90.99218055826226 19.34098503832206 0
      vertex -90.99218055826226 19.34098503832206 15
      vertex -90.26175993682456 22.504784338159087 15
    endloop
  endfacet
  facet normal -0.9659258262890685 0.25881904510252013 0
    outer loop
      vertex -90.26175993682456 22.504784338159087 0
      vertex -90.26175993682456 22.504784338159087 15
      vertex -89.4213692646621 25.641165024876344 15
    endloop
  endfacet
  facet normal -0.9563047559630357 0.29237170472273605 0
    outer loop
      vertex -89.4213692646621 25.641165024876344 0
      vertex -89.4213692646621 25.641165024876344 15
      vertex -88.47203242835666 28.746305901729478 15
    endloop
  endfacet
  facet normal -0.9455185755993171 0.3255681544571556 0
    outer loop
      vertex -88.47203242835666 28.746305901729478 0
      vertex -88.47203242835666 28.746305901729478 15
      vertex -87.41490604860913 31.816423832870328 15
    endloop
  endfacet
  facet normal -0.9335804264972013 0.3583679495453017 0
    outer loop
      vertex -87.41490604860913 31.816423832870328 0
      vertex -87.41490604860913 31.816423832870328 15
      vertex -86.25127807107539 34.84777835251521 15
    endloop
  endfacet
  facet normal -0.9205048534524407 0.3907311284892729 0
    outer loop
      vertex -86.25127807107539 34.84777835251521 0
      vertex -86.25127807107539 34.84777835251521 15
      vertex -84.98256619720294 37.836676222126314 15
    endloop
  endfacet
  facet normal -0.90630778703665 0.422618261740699 0
    outer loop
      vertex -84.98256619720294 37.836676222126314 0
      vertex -84.98256619720294 37.836676222126314 15
      vertex -83.61031615698 40.77947593005393 15
    endloop
  endfacet
  facet normal -0.8910065241883687 0.4539904997395452 0
    outer loop
      vertex -83.61031615698 40.77947593005393 0
      vertex -83.61031615698 40.77947593005393 15
      vertex -82.13619982570168 43.67259212815749 15
    endloop
  endfacet
  facet normal -0.8746197071393943 0.4848096202463397 0
    outer loop
      vertex -82.13619982570168 43.67259212815749 0
      vertex -82.13619982570168 43.67259212815749 15
      vertex -80.5620131870474 46.512499999999996 15
    endloop
  endfacet
  facet normal -0.8571673007021113 0.5150380749100557 0
    outer loop
      vertex -80.5620131870474 46.512499999999996 0
      vertex -80.5620131870474 46.512499999999996 15
      vertex -78.88967414495151 49.295739555293885 15
    endloop
  endfacet
  facet normal -0.8386705679454256 0.5446390350150248 0
    outer loop
      vertex -78.88967414495151 49.295739555293885 0
      vertex -78.88967414495151 49.295739555293885 15
      vertex -77.12122018693275 52.01891984536623 15
    endloop
  endfacet
  facet normal -0.8191520442889909 0.5735764363510473 0
    outer loop
      vertex -77.12122018693275 52.01891984536623 0
      vertex -77.12122018693275 52.01891984536623 15
      vertex -75.25880590172947 54.67872309450731 15
    endloop
  endfacet
  facet normal -0.7986355100472916 0.6018150231520499 0
    outer loop
      vertex -75.25880590172947 54.67872309450731 0
      vertex -75.25880590172947 54.67872309450731 15
      vertex -73.3047003542653 57.27190874216936 15
    endloop
  endfacet
  facet normal -0.7771459614569709 0.6293203910498374 0
    outer loop
      vertex -73.3047003542653 57.27190874216936 0
      vertex -73.3047003542653 57.27190874216936 15
      vertex -71.26128432114292 59.79531739109031 15
    endloop
  endfacet
  facet normal -0.7547095802227743 0.6560590289905045 0
    outer loop
      vertex -71.26128432114292 59.79531739109031 0
      vertex -71.26128432114292 59.79531739109031 15
      vertex -69.1310473900346 62.245874656532784 15
    endloop
  endfacet
  facet normal 0 0 1
    outer loop
      vertex -93.02499999999999 0 15
      vertex -84.02499999999999 0 15
      vertex -92.96833168345138 3.2465256807501524 15
    endloop
  endfacet
  facet normal 0 0 1
    outer loop
      vertex -92.96833168345138 3.2465256807501524 15
      vertex -84.02499999999999 0 15
      vertex -92.79839577542013 6.489095970047256 15
    endloop
  endfacet
  facet normal 0 0 1
    outer loop
      vertex -84.02499999999999 0 15
      vertex -92.51539931663362 9.723760295473463 15
      vertex -92.79839577542013 6.489095970047256 15
    endloop
  endfacet
  facet normal 0 0 1
    outer loop
      vertex -84.02499999999999 0 15
      vertex -92.11968709468458 12.946577716810086 15
      vertex -92.51539931663362 9.723760295473463 15
    endloop
  endfacet
  facet normal 0 0 1
    outer loop
      vertex -84.02499999999999 0 15
      vertex -91.61174122396065 16.15362172746619 15
      vertex -92.11968709468458 12.946577716810086 15
    endloop
  endfacet
  facet normal 0 0 1
    outer loop
      vertex -84.02499999999999 0 15
      vertex -90.99218055826226 19.34098503832206 15
      vertex -91.61174122396065 16.15362172746619 15
    endloop
  endfacet
  facet normal 0 0 1
    outer loop
      vertex -84.02499999999999 0 15
      vertex -90.26175993682456 22.504784338159087 15
      vertex -90.99218055826226 19.34098503832206 15
    endloop
  endfacet
  facet normal 0 0 1
    outer loop
      vertex -84.02499999999999 0 15
      vertex -83.97381424027951 2.932430210427644 15
      vertex -84.98256619720294 37.836676222126314 15
    endloop
  endfacet
  facet normal 0 0 1
    outer loop
      vertex -84.02499999999999 0 15
      vertex -89.4213692646621 25.641165024876344 15
      vertex -90.26175993682456 22.504784338159087 15
    endloop
  endfacet
  facet normal 0 0 1
    outer loop
      vertex -84.02499999999999 0 15
      vertex -88.47203242835666 28.746305901729478 15
      vertex -89.4213692646621 25.641165024876344 15
    endloop
  endfacet
  facet normal 0 0 1
    outer loop
      vertex -84.02499999999999 0 15
      vertex -87.41490604860913 31.816423832870328 15
      vertex -88.47203242835666 28.746305901729478 15
    endloop
  endfacet
  facet normal 0 0 1
    outer loop
      vertex -84.02499999999999 0 15
      vertex -86.25127807107539 34.84777835251521 15
      vertex -87.41490604860913 31.816423832870328 15
    endloop
  endfacet
  facet normal 0 0 1
    outer loop
      vertex -83.97381424027951 2.932430210427644 15
      vertex -83.82031932308172 5.861287706350128 15
      vertex -84.98256619720294 37.836676222126314 15
    endloop
  endfacet
  facet normal 0 0 1
    outer loop
      vertex -83.82031932308172 5.861287706350128 15
      vertex -83.56470225831916 8.783004126064583 15
      vertex -84.98256619720294 37.836676222126314 15
    endloop
  endfacet
  facet normal 0 0 1
    outer loop
      vertex -83.56470225831916 8.783004126064583 15
      vertex -83.20727447601044 11.694019808169497 15
      vertex -83.61031615698 40.77947593005393 15
    endloop
  endfacet
  facet normal 0 0 1
    outer loop
      vertex -83.20727447601044 11.694019808169497 15
      vertex -82.74847144685077 14.590788128463819 15
      vertex -83.61031615698 40.77947593005393 15
    endloop
  endfacet
  facet normal 0 0 1
    outer loop
      vertex -84.02499999999999 0 15
      vertex -84.98256619720294 37.836676222126314 15
      vertex -86.25127807107539 34.84777835251521 15
    endloop
  endfacet
  facet normal 0 0 1
    outer loop
      vertex -82.74847144685077 14.590788128463819 15
      vertex -82.18885215165801 17.469779820962227 15
      vertex -83.61031615698 40.77947593005393 15
    endloop
  endfacet
  facet normal 0 0 1
    outer loop
      vertex -82.18885215165801 17.469779820962227 15
      vertex -81.5290984003406 20.327487277762078 15
      vertex -83.61031615698 40.77947593005393 15
    endloop
  endfacet
  facet normal 0 0 1
    outer loop
      vertex -83.56470225831916 8.783004126064583 15
      vertex -83.61031615698 40.77947593005393 15
      vertex -84.98256619720294 37.836676222126314 15
    endloop
  endfacet
  facet normal 0 0 1
    outer loop
      vertex -81.5290984003406 20.327487277762078 15
      vertex -80.77001400121723 23.160428822523354 15
      vertex -82.13619982570168 43.67259212815749 15
    endloop
  endfacet
  facet normal 0 0 1
    outer loop
      vertex -81.5290984003406 20.327487277762078 15
      vertex -82.13619982570168 43.67259212815749 15
      vertex -83.61031615698 40.77947593005393 15
    endloop
  endfacet
  facet normal 0 0 1
    outer loop
      vertex -80.77001400121723 23.160428822523354 15
      vertex -79.91252378170027 25.965152952354952 15
      vertex -82.13619982570168 43.67259212815749 15
    endloop
  endfacet
  facet normal 0 0 1
    outer loop
      vertex -79.91252378170027 25.965152952354952 15
      vertex -78.95767246153595 28.73824254293931 15
      vertex -80.5620131870474 46.512499999999996 15
    endloop
  endfacet
  facet normal 0 0 1
    outer loop
      vertex -78.95767246153595 28.73824254293931 15
      vertex -77.9066233799743 31.476319011772002 15
      vertex -80.5620131870474 46.512499999999996 15
    endloop
  endfacet
  facet normal 0 0 1
    outer loop
      vertex -79.91252378170027 25.965152952354952 15
      vertex -80.5620131870474 46.512499999999996 15
      vertex -82.13619982570168 43.67259212815749 15
    endloop
  endfacet
  facet normal 0 0 1
    outer loop
      vertex -77.9066233799743 31.476319011772002 15
      vertex -78.88967414495151 49.295739555293885 15
      vertex -80.5620131870474 46.512499999999996 15
    endloop
  endfacet
  facet normal 0 0 1
    outer loop
      vertex -77.9066233799743 31.476319011772002 15
      vertex -76.76065707841953 34.17604643444411 15
      vertex -78.88967414495151 49.295739555293885 15
    endloop
  endfacet
  facet normal 0 0 1
    outer loop
      vertex -76.76065707841953 34.17604643444411 15
      vertex -75.5211697402875 36.83413560895223 15
      vertex -77.12122018693275 52.01891984536623 15
    endloop
  endfacet
  facet normal 0 0 1
    outer loop
      vertex -76.76065707841953 34.17604643444411 15
      vertex -77.12122018693275 52.01891984536623 15
      vertex -78.88967414495151 49.295739555293885 15
    endloop
  endfacet
  facet normal 0 0 1
    outer loop
      vertex -75.5211697402875 36.83413560895223 15
      vertex -74.18967148997133 39.44734806308447 15
      vertex -77.12122018693275 52.01891984536623 15
    endloop
  endfacet
  facet normal 0 0 1
    outer loop
      vertex -74.18967148997133 39.44734806308447 15
      vertex -72.76778455298745 42.012499999999996 15
      vertex -75.25880590172947 54.67872309450731 15
    endloop
  endfacet
  facet normal 0 0 1
    outer loop
      vertex -74.18967148997133 39.44734806308447 15
      vertex -75.25880590172947 54.67872309450731 15
      vertex -77.12122018693275 52.01891984536623 15
    endloop
  endfacet
  facet normal 0 0 1
    outer loop
      vertex -72.76778455298745 42.012499999999996 15
      vertex -73.3047003542653 57.27190874216936 15
      vertex -75.25880590172947 54.67872309450731 15
    endloop
  endfacet
  facet normal 0 0 1
    outer loop
      vertex -72.76778455298745 42.012499999999996 15
      vertex -71.25724127954368 44.52646617719504 15
      vertex -73.3047003542653 57.27190874216936 15
    endloop
  endfacet
  facet normal 0 0 1
    outer loop
      vertex -71.25724127954368 44.52646617719504 15
      vertex -69.65988203393738 46.9861837141295 15
      vertex -71.26128432114292 59.79531739109031 15
    endloop
  endfacet
  facet normal 0 0 1
    outer loop
      vertex -71.25724127954368 44.52646617719504 15
      vertex -71.26128432114292 59.79531739109031 15
      vertex -73.3047003542653 57.27190874216936 15
    endloop
  endfacet
  facet normal 0 0 1
    outer loop
      vertex -71.26128432114292 59.79531739109031 15
      vertex -69.65988203393738 46.9861837141295 15
      vertex -67.97765295235496 49.38865582387505 15
    endloop
  endfacet
  facet normal 0 0 1
    outer loop
      vertex -71.26128432114292 59.79531739109031 15
      vertex -67.97765295235496 49.38865582387505 15
      vertex -69.1310473900346 62.245874656532784 15
    endloop
  endfacet
  facet normal 0 0 1
    outer loop
      vertex -67.97765295235496 49.38865582387505 15
      vertex -66.2126035718048 51.730955464238434 15
      vertex -69.1310473900346 62.245874656532784 15
    endloop
  endfacet
  facet normal 0 0 1
    outer loop
      vertex -66.2126035718048 51.730955464238434 15
      vertex -66.91658492650302 64.62059491194822 15
      vertex -69.1310473900346 62.245874656532784 15
    endloop
  endfacet
  facet normal 0 0 1
    outer loop
      vertex -66.2126035718048 51.730955464238434 15
      vertex -65.78609754928343 52.25764653869515 15
      vertex -66.91658492650302 64.62059491194822 15
    endloop
  endfacet
  facet normal 0 0 1
    outer loop
      vertex -65.78609754928343 52.25764653869515 15
      vertex -65.54464618150877 52.55581414620159 15
      vertex -66.91658492650302 64.62059491194822 15
    endloop
  endfacet
  facet normal 0 0 1
    outer loop
      vertex -65.54464618150877 52.55581414620159 15
      vertex -64.99352964005978 53.23638639615638 15
      vertex -66.91658492650302 64.62059491194822 15
    endloop
  endfacet
  facet normal 0 0 1
    outer loop
      vertex -64.99352964005978 53.23638639615638 15
      vertex -64.65144898198929 55.19442091678491 15
      vertex -66.91658492650302 64.62059491194822 15
    endloop
  endfacet
  facet normal 0 0 1
    outer loop
      vertex -64.36927970076005 54.13208219171007 15
      vertex -66.91658492650302 64.62059491194822 15
      vertex -64.65144898198929 55.19442091678491 15
    endloop
  endfacet
  facet normal 0 0 1
    outer loop
      vertex -64.36927970076005 54.13208219171007 15
      vertex -63.921068892925575 54.52308090170737 15
      vertex -64.62059491194822 66.91658492650302 15
    endloop
  endfacet
  facet normal 0 0 1
    outer loop
      vertex -63.921068892925575 54.52308090170737 15
      vertex -62.88737142073054 55.712213816344764 15
      vertex -64.62059491194822 66.91658492650302 15
    endloop
  endfacet
  facet normal 0 0 1
    outer loop
      vertex -62.88737142073054 55.712213816344764 15
      vertex -62.44274396073804 56.223699199303056 15
      vertex -64.62059491194822 66.91658492650302 15
    endloop
  endfacet
  facet normal 0 0 1
    outer loop
      vertex -62.44274396073804 56.223699199303056 15
      vertex -60.44252672345516 58.368669577817236 15
      vertex -64.62059491194822 66.91658492650302 15
    endloop
  endfacet
  facet normal -0.73135370161917 0.6819983600624989 0
    outer loop
      vertex -69.1310473900346 62.245874656532784 0
      vertex -69.1310473900346 62.245874656532784 15
      vertex -66.91658492650302 64.62059491194822 15
    endloop
  endfacet
  facet normal -0.7071067811865475 0.7071067811865475 0
    outer loop
      vertex -66.91658492650302 64.62059491194822 0
      vertex -66.91658492650302 64.62059491194822 15
      vertex -64.62059491194822 66.91658492650302 15
    endloop
  endfacet
  facet normal -0.6819983600624989 0.73135370161917 0
    outer loop
      vertex -62.245874656532784 69.1310473900346 0
      vertex -64.62059491194822 66.91658492650302 15
      vertex -62.245874656532784 69.1310473900346 15
    endloop
  endfacet
  facet normal -0.6560590289905045 0.7547095802227743 0
    outer loop
      vertex -59.79531739109031 71.26128432114292 0
      vertex -62.245874656532784 69.1310473900346 15
      vertex -59.79531739109031 71.26128432114292 15
    endloop
  endfacet
  facet normal -0.6293203910498374 0.7771459614569709 0
    outer loop
      vertex -57.27190874216936 73.3047003542653 0
      vertex -59.79531739109031 71.26128432114292 15
      vertex -57.27190874216936 73.3047003542653 15
    endloop
  endfacet
  facet normal -0.6018150231520499 0.7986355100472916 0
    outer loop
      vertex -54.67872309450731 75.25880590172947 0
      vertex -57.27190874216936 73.3047003542653 15
      vertex -54.67872309450731 75.25880590172947 15
    endloop
  endfacet
  facet normal -0.5735764363510473 0.8191520442889909 0
    outer loop
      vertex -52.01891984536623 77.12122018693275 0
      vertex -54.67872309450731 75.25880590172947 15
      vertex -52.01891984536623 77.12122018693275 15
    endloop
  endfacet
  facet normal -0.5446390350150248 0.8386705679454256 0
    outer loop
      vertex -49.295739555293885 78.88967414495151 0
      vertex -52.01891984536623 77.12122018693275 15
      vertex -49.295739555293885 78.88967414495151 15
    endloop
  endfacet
  facet normal -0.5150380749100557 0.8571673007021113 0
    outer loop
      vertex -46.512499999999996 80.5620131870474 0
      vertex -49.295739555293885 78.88967414495151 15
      vertex -46.512499999999996 80.5620131870474 15
    endloop
  endfacet
  facet normal 0 0 1
    outer loop
      vertex -64.36927970076005 54.13208219171007 15
      vertex -64.62059491194822 66.91658492650302 15
      vertex -66.91658492650302 64.62059491194822 15
    endloop
  endfacet
  facet normal 0 0 1
    outer loop
      vertex -60.44252672345516 58.368669577817236 15
      vertex -62.245874656532784 69.1310473900346 15
      vertex -64.62059491194822 66.91658492650302 15
    endloop
  endfacet
  facet normal 0 0 1
    outer loop
      vertex -60.44252672345516 58.368669577817236 15
      vertex -58.368669577817236 60.44252672345516 15
      vertex -62.245874656532784 69.1310473900346 15
    endloop
  endfacet
  facet normal 0 0 1
    outer loop
      vertex -58.368669577817236 60.44252672345516 15
      vertex -59.79531739109031 71.26128432114292 15
      vertex -62.245874656532784 69.1310473900346 15
    endloop
  endfacet
  facet normal 0 0 1
    outer loop
      vertex -58.368669577817236 60.44252672345516 15
      vertex -56.223699199303056 62.44274396073804 15
      vertex -59.79531739109031 71.26128432114292 15
    endloop
  endfacet
  facet normal 0 0 1
    outer loop
      vertex -56.223699199303056 62.44274396073804 15
      vertex -54.010228903911454 64.36688433307212 15
      vertex -57.27190874216936 73.3047003542653 15
    endloop
  endfacet
  facet normal 0 0 1
    outer loop
      vertex -54.010228903911454 64.36688433307212 15
      vertex -51.730955464238434 66.2126035718048 15
      vertex -54.67872309450731 75.25880590172947 15
    endloop
  endfacet
  facet normal 0 0 1
    outer loop
      vertex -56.223699199303056 62.44274396073804 15
      vertex -57.27190874216936 73.3047003542653 15
      vertex -59.79531739109031 71.26128432114292 15
    endloop
  endfacet
  facet normal 0 0 1
    outer loop
      vertex -54.010228903911454 64.36688433307212 15
      vertex -54.67872309450731 75.25880590172947 15
      vertex -57.27190874216936 73.3047003542653 15
    endloop
  endfacet
  facet normal 0 0 1
    outer loop
      vertex -51.730955464238434 66.2126035718048 15
      vertex -52.01891984536623 77.12122018693275 15
      vertex -54.67872309450731 75.25880590172947 15
    endloop
  endfacet
  facet normal 0 0 1
    outer loop
      vertex -51.730955464238434 66.2126035718048 15
      vertex -49.38865582387505 67.97765295235496 15
      vertex -52.01891984536623 77.12122018693275 15
    endloop
  endfacet
  facet normal 0 0 1
    outer loop
      vertex -49.38865582387505 67.97765295235496 15
      vertex -46.9861837141295 69.65988203393738 15
      vertex -52.01891984536623 77.12122018693275 15
    endloop
  endfacet
  facet normal 0 0 1
    outer loop
      vertex -46.9861837141295 69.65988203393738 15
      vertex -49.295739555293885 78.88967414495151 15
      vertex -52.01891984536623 77.12122018693275 15
    endloop
  endfacet
  facet normal 0 0 1
    outer loop
      vertex -46.9861837141295 69.65988203393738 15
      vertex -44.52646617719504 71.25724127954368 15
      vertex -49.295739555293885 78.88967414495151 15
    endloop
  endfacet
  facet normal 0 0 1
    outer loop
      vertex -49.295739555293885 78.88967414495151 15
      vertex -44.52646617719504 71.25724127954368 15
      vertex -46.512499999999996 80.5620131870474 15
    endloop
  endfacet
  facet normal -0.4848096202463397 0.8746197071393943 0
    outer loop
      vertex -43.67259212815749 82.13619982570168 0
      vertex -46.512499999999996 80.5620131870474 15
      vertex -43.67259212815749 82.13619982570168 15
    endloop
  endfacet
  facet normal -0.4539904997395452 0.8910065241883687 0
    outer loop
      vertex -40.77947593005393 83.61031615698 0
      vertex -43.67259212815749 82.13619982570168 15
      vertex -40.77947593005393 83.61031615698 15
    endloop
  endfacet
  facet normal -0.422618261740699 0.90630778703665 0
    outer loop
      vertex -37.836676222126314 84.98256619720294 0
      vertex -40.77947593005393 83.61031615698 15
      vertex -37.836676222126314 84.98256619720294 15
    endloop
  endfacet
  facet normal -0.3907311284892729 0.9205048534524407 0
    outer loop
      vertex -34.84777835251521 86.25127807107539 0
      vertex -37.836676222126314 84.98256619720294 15
      vertex -34.84777835251521 86.25127807107539 15
    endloop
  endfacet
  facet normal -0.3583679495453017 0.9335804264972013 0
    outer loop
      vertex -31.816423832870328 87.41490604860913 0
      vertex -34.84777835251521 86.25127807107539 15
      vertex -31.816423832870328 87.41490604860913 15
    endloop
  endfacet
  facet normal -0.3255681544571556 0.9455185755993171 0
    outer loop
      vertex -28.746305901729478 88.47203242835666 0
      vertex -31.816423832870328 87.41490604860913 15
      vertex -28.746305901729478 88.47203242835666 15
    endloop
  endfacet
  facet normal -0.29237170472273605 0.9563047559630357 0
    outer loop
      vertex -25.641165024876344 89.4213692646621 0
      vertex -28.746305901729478 88.47203242835666 15
      vertex -25.641165024876344 89.4213692646621 15
    endloop
  endfacet
  facet normal -0.25881904510252013 0.9659258262890685 0
    outer loop
      vertex -22.504784338159087 90.26175993682456 0
      vertex -25.641165024876344 89.4213692646621 15
      vertex -22.504784338159087 90.26175993682456 15
    endloop
  endfacet
  facet normal -0.22495105434386622 0.9743700647852349 0
    outer loop
      vertex -19.34098503832206 90.99218055826226 0
      vertex -22.504784338159087 90.26175993682456 15
      vertex -19.34098503832206 90.99218055826226 15
    endloop
  endfacet
  facet normal -0.190808995376544 0.9816271834476641 -4.510435963892779e-19
    outer loop
      vertex -19.34098503832206 90.99218055826226 15
      vertex -18.64419860353271 91.12762212085958 15
      vertex -18.64419860353271 91.12762212085958 0
    endloop
  endfacet
  facet normal 0 0 1
    outer loop
      vertex -44.52646617719504 71.25724127954368 15
      vertex -43.94554265833692 71.60629534469243 15
      vertex -46.512499999999996 80.5620131870474 15
    endloop
  endfacet
  facet normal 0 0 1
    outer loop
      vertex -43.94554265833692 71.60629534469243 15
      vertex -43.807053445452595 71.68950805887475 15
      vertex -46.512499999999996 80.5620131870474 15
    endloop
  endfacet
  facet normal 0 0 1
    outer loop
      vertex -43.807053445452595 71.68950805887475 15
      vertex -42.77039424190211 72.31239574964071 15
      vertex -46.512499999999996 80.5620131870474 15
    endloop
  endfacet
  facet normal 0 0 1
    outer loop
      vertex -42.77039424190211 72.31239574964071 15
      vertex -42.378651861962624 73.40197818119266 15
      vertex -46.512499999999996 80.5620131870474 15
    endloop
  endfacet
  facet normal 0 0 1
    outer loop
      vertex -42.378651861962624 73.40197818119266 15
      vertex -42.19856304256668 73.81779606747133 15
      vertex -46.512499999999996 80.5620131870474 15
    endloop
  endfacet
  facet normal 0 0 1
    outer loop
      vertex -42.378651861962624 73.40197818119266 15
      vertex -42.09891356476794 72.91745723762868 15
      vertex -42.19856304256668 73.81779606747133 15
    endloop
  endfacet
  facet normal 0 0 1
    outer loop
      vertex -42.19856304256668 73.81779606747133 15
      vertex -41.646759567425555 72.9705177852457 15
      vertex -40.04009951022658 73.86110399755873 15
    endloop
  endfacet
  facet normal 0 0 1
    outer loop
      vertex -42.19856304256668 73.81779606747133 15
      vertex -43.67259212815749 82.13619982570168 15
      vertex -46.512499999999996 80.5620131870474 15
    endloop
  endfacet
  facet normal 0 0 1
    outer loop
      vertex -42.19856304256668 73.81779606747133 15
      vertex -40.04009951022658 73.86110399755873 15
      vertex -43.67259212815749 82.13619982570168 15
    endloop
  endfacet
  facet normal 0 0 1
    outer loop
      vertex -40.04009951022658 73.86110399755873 15
      vertex -39.44734806308447 74.18967148997133 15
      vertex -43.67259212815749 82.13619982570168 15
    endloop
  endfacet
  facet normal 0 0 1
    outer loop
      vertex -39.44734806308447 74.18967148997133 15
      vertex -40.77947593005393 83.61031615698 15
      vertex -43.67259212815749 82.13619982570168 15
    endloop
  endfacet
  facet normal 0 0 1
    outer loop
      vertex -39.44734806308447 74.18967148997133 15
      vertex -36.83413560895223 75.5211697402875 15
      vertex -40.77947593005393 83.61031615698 15
    endloop
  endfacet
  facet normal 0 0 1
    outer loop
      vertex -36.83413560895223 75.5211697402875 15
      vertex -37.836676222126314 84.98256619720294 15
      vertex -40.77947593005393 83.61031615698 15
    endloop
  endfacet
  facet normal 0 0 1
    outer loop
      vertex -36.83413560895223 75.5211697402875 15
      vertex -34.17604643444411 76.76065707841953 15
      vertex -37.836676222126314 84.98256619720294 15
    endloop
  endfacet
  facet normal 0 0 1
    outer loop
      vertex -34.17604643444411 76.76065707841953 15
      vertex -34.84777835251521 86.25127807107539 15
      vertex -37.836676222126314 84.98256619720294 15
    endloop
  endfacet
  facet normal 0 0 1
    outer loop
      vertex -34.17604643444411 76.76065707841953 15
      vertex -31.476319011772002 77.9066233799743 15
      vertex -34.84777835251521 86.25127807107539 15
    endloop
  endfacet
  facet normal 0 0 1
    outer loop
      vertex -31.476319011772002 77.9066233799743 15
      vertex -31.816423832870328 87.41490604860913 15
      vertex -34.84777835251521 86.25127807107539 15
    endloop
  endfacet
  facet normal 0 0 1
    outer loop
      vertex -31.476319011772002 77.9066233799743 15
      vertex -28.73824254293931 78.95767246153595 15
      vertex -31.816423832870328 87.41490604860913 15
    endloop
  endfacet
  facet normal 0 0 1
    outer loop
      vertex -28.73824254293931 78.95767246153595 15
      vertex -28.746305901729478 88.47203242835666 15
      vertex -31.816423832870328 87.41490604860913 15
    endloop
  endfacet
  facet normal 0 0 1
    outer loop
      vertex -28.73824254293931 78.95767246153595 15
      vertex -25.965152952354952 79.91252378170027 15
      vertex -28.746305901729478 88.47203242835666 15
    endloop
  endfacet
  facet normal 0 0 1
    outer loop
      vertex -25.965152952354952 79.91252378170027 15
      vertex -23.160428822523354 80.77001400121723 15
      vertex -28.746305901729478 88.47203242835666 15
    endloop
  endfacet
  facet normal 0 0 1
    outer loop
      vertex -28.746305901729478 88.47203242835666 15
      vertex -23.160428822523354 80.77001400121723 15
      vertex -25.641165024876344 89.4213692646621 15
    endloop
  endfacet
  facet normal 0 0 1
    outer loop
      vertex -20.327487277762078 81.5290984003406 15
      vertex -18.873420766313668 81.86479610561496 15
      vertex -18.5301257648556 83.88896483203199 15
    endloop
  endfacet
  facet normal 0 0 1
    outer loop
      vertex -18.873420766313668 81.86479610561496 15
      vertex -17.469779820962227 82.18885215165801 15
      vertex -18.5301257648556 83.88896483203199 15
    endloop
  endfacet
  facet normal 0 0 1
    outer loop
      vertex -25.641165024876344 89.4213692646621 15
      vertex -23.160428822523354 80.77001400121723 15
      vertex -20.327487277762078 81.5290984003406 15
    endloop
  endfacet
  facet normal 0 0 1
    outer loop
      vertex -25.641165024876344 89.4213692646621 15
      vertex -20.327487277762078 81.5290984003406 15
      vertex -22.504784338159087 90.26175993682456 15
    endloop
  endfacet
  facet normal 0 0 1
    outer loop
      vertex -20.327487277762078 81.5290984003406 15
      vertex -18.5301257648556 83.88896483203199 15
      vertex -22.504784338159087 90.26175993682456 15
    endloop
  endfacet
  facet normal 0 0 1
    outer loop
      vertex -19.34098503832206 90.99218055826226 15
      vertex -18.5301257648556 83.88896483203199 15
      vertex -15.295475621736355 82.95248833976007 15
    endloop
  endfacet
  facet normal 0 0 1
    outer loop
      vertex -22.504784338159087 90.26175993682456 15
      vertex -18.5301257648556 83.88896483203199 15
      vertex -19.34098503832206 90.99218055826226 15
    endloop
  endfacet
  facet normal 0 0 1
    outer loop
      vertex -19.34098503832206 90.99218055826226 15
      vertex -15.07308903109606 83.58547850590972 15
      vertex -18.34762492754295 89.5766513538878 15
    endloop
  endfacet
  facet normal 0 0 1
    outer loop
      vertex -19.34098503832206 90.99218055826226 15
      vertex -18.34762492754295 89.5766513538878 15
      vertex -18.64419860353271 91.12762212085958 15
    endloop
  endfacet
  facet normal 0 0 1
    outer loop
      vertex -18.34762492754295 89.5766513538878 15
      vertex -18.154177312894372 91.22287261081793 15
      vertex -18.64419860353271 91.12762212085958 15
    endloop
  endfacet
  facet normal 0 0 1
    outer loop
      vertex -15.07308903109606 83.58547850590972 15
      vertex -14.831256688534966 83.55841129879362 15
      vertex -14.9891096296219 84.02499999999999 15
    endloop
  endfacet
  facet normal 0 0 1
    outer loop
      vertex -14.874238225716452 84.02499999999999 15
      vertex -14.9891096296219 84.02499999999999 15
      vertex -14.831256688534966 83.55841129879362 15
    endloop
  endfacet
  facet normal 0 0 1
    outer loop
      vertex -14.323378595943586 82.79082495599644 15
      vertex -12.714027882224116 83.32143939501235 15
      vertex -14.717022359697669 84.02499999999999 15
    endloop
  endfacet
  facet normal 0 0 1
    outer loop
      vertex -14.323378595943586 82.79082495599644 15
      vertex -12.363400669856224 83.10125496286823 15
      vertex -12.714027882224116 83.32143939501235 15
    endloop
  endfacet
  facet normal 0 0 1
    outer loop
      vertex -12.714027882224116 83.32143939501235 15
      vertex -11.694019808169497 83.20727447601044 15
      vertex -14.717022359697669 84.02499999999999 15
    endloop
  endfacet
  facet normal 0 0 1
    outer loop
      vertex -11.694019808169497 83.20727447601044 15
      vertex -11.959618351759675 83.70781559342473 15
      vertex -14.717022359697669 84.02499999999999 15
    endloop
  endfacet
  facet normal 0 0 1
    outer loop
      vertex -11.959618351759675 83.70781559342473 15
      vertex -11.763122125689412 83.69896301383822 15
      vertex -14.717022359697669 84.02499999999999 15
    endloop
  endfacet
  facet normal 0 0 1
    outer loop
      vertex -15.07308903109606 83.58547850590972 15
      vertex -14.9891096296219 84.02499999999999 15
      vertex -18.34762492754295 89.5766513538878 15
    endloop
  endfacet
  facet normal 0 0 1
    outer loop
      vertex -19.34098503832206 90.99218055826226 15
      vertex -15.295475621736355 82.95248833976007 15
      vertex -15.07308903109606 83.58547850590972 15
    endloop
  endfacet
  facet normal 0 0 1
    outer loop
      vertex -11.763122125689412 83.69896301383822 15
      vertex -9.007023637238413 84.02499999999999 15
      vertex -14.717022359697669 84.02499999999999 15
    endloop
  endfacet
  facet normal 0 0 1
    outer loop
      vertex -11.763122125689412 83.69896301383822 15
      vertex -11.694019808169497 83.20727447601044 15
      vertex -9.007023637238413 84.02499999999999 15
    endloop
  endfacet
  facet normal 0 0 1
    outer loop
      vertex -11.694019808169497 83.20727447601044 15
      vertex -8.930680294287422 83.86813567970675 15
      vertex -9.007023637238413 84.02499999999999 15
    endloop
  endfacet
  facet normal 0 0 1
    outer loop
      vertex -11.694019808169497 83.20727447601044 15
      vertex -8.783004126064583 83.56470225831916 15
      vertex -8.930680294287422 83.86813567970675 15
    endloop
  endfacet
  facet normal 0 0 1
    outer loop
      vertex -8.930680294287422 83.86813567970675 15
      vertex -8.814706372677449 83.8663289866116 15
      vertex -9.007023637238413 84.02499999999999 15
    endloop
  endfacet
  facet normal 0 0 1
    outer loop
      vertex -5.933719392699211 83.98337531696673 15
      vertex -9.007023637238413 84.02499999999999 15
      vertex -8.814706372677449 83.8663289866116 15
    endloop
  endfacet
  facet normal 0 0 1
    outer loop
      vertex -5.933719392699211 83.98337531696673 15
      vertex -5.872676093994044 83.98318085397943 15
      vertex -9.007023637238413 84.02499999999999 15
    endloop
  endfacet
  facet normal 0 0 1
    outer loop
      vertex -2.9530601562503445 84.02499999999999 15
      vertex -9.007023637238413 84.02499999999999 15
      vertex -5.872676093994044 83.98318085397943 15
    endloop
  endfacet
  facet normal 0 0 1
    outer loop
      vertex -2.932430210427644 83.97381424027951 15
      vertex 0 84.02499999999999 15
      vertex -2.934217656544103 84.02499999999999 15
    endloop
  endfacet
  facet normal 0 0 -1
    outer loop
      vertex 18.98748875078079 84.6222807996963 0
      vertex 18.873420766313668 81.86479610561496 0
      vertex 17.469779820962227 82.18885215165801 0
    endloop
  endfacet
  facet normal 0 0 -1
    outer loop
      vertex 20.327487277762078 81.5290984003406 0
      vertex 18.873420766313668 81.86479610561496 0
      vertex 18.98748875078079 84.6222807996963 0
    endloop
  endfacet
  facet normal 0 0 -1
    outer loop
      vertex 22.504784338159087 90.26175993682456 0
      vertex 18.98748875078079 84.6222807996963 0
      vertex 18.790688213967357 88.40323754925275 0
    endloop
  endfacet
  facet normal 0 0 -1
    outer loop
      vertex 19.34098503832206 90.99218055826226 0
      vertex 18.790688213967357 88.40323754925275 0
      vertex 18.710326758103236 89.89770731652413 0
    endloop
  endfacet
  facet normal 0 0 -1
    outer loop
      vertex 19.34098503832206 90.99218055826226 0
      vertex 18.710326758103236 89.89770731652413 0
      vertex 18.64419101892231 91.12762359515851 0
    endloop
  endfacet
  facet normal 0 0 -1
    outer loop
      vertex 19.34098503832206 90.99218055826226 0
      vertex 22.504784338159087 90.26175993682456 0
      vertex 18.790688213967357 88.40323754925275 0
    endloop
  endfacet
  facet normal 0 0 -1
    outer loop
      vertex 20.327487277762078 81.5290984003406 0
      vertex 18.98748875078079 84.6222807996963 0
      vertex 22.504784338159087 90.26175993682456 0
    endloop
  endfacet
  facet normal 0 0 -1
    outer loop
      vertex 23.160428822523354 80.77001400121723 0
      vertex 20.327487277762078 81.5290984003406 0
      vertex 25.641165024876344 89.4213692646621 0
    endloop
  endfacet
  facet normal 0 0 -1
    outer loop
      vertex 20.327487277762078 81.5290984003406 0
      vertex 22.504784338159087 90.26175993682456 0
      vertex 25.641165024876344 89.4213692646621 0
    endloop
  endfacet
  facet normal 0 0 -1
    outer loop
      vertex 23.160428822523354 80.77001400121723 0
      vertex 28.746305901729478 88.47203242835666 0
      vertex 25.965152952354952 79.91252378170027 0
    endloop
  endfacet
  facet normal 0 0 -1
    outer loop
      vertex 25.965152952354952 79.91252378170027 0
      vertex 28.746305901729478 88.47203242835666 0
      vertex 28.73824254293931 78.95767246153595 0
    endloop
  endfacet
  facet normal 0 0 -1
    outer loop
      vertex 23.160428822523354 80.77001400121723 0
      vertex 25.641165024876344 89.4213692646621 0
      vertex 28.746305901729478 88.47203242835666 0
    endloop
  endfacet
  facet normal 0 0 -1
    outer loop
      vertex 28.73824254293931 78.95767246153595 0
      vertex 31.816423832870328 87.41490604860913 0
      vertex 31.476319011772002 77.9066233799743 0
    endloop
  endfacet
  facet normal 0 0 -1
    outer loop
      vertex 31.476319011772002 77.9066233799743 0
      vertex 31.816423832870328 87.41490604860913 0
      vertex 34.84777835251521 86.25127807107539 0
    endloop
  endfacet
  facet normal 0 0 -1
    outer loop
      vertex 31.476319011772002 77.9066233799743 0
      vertex 34.84777835251521 86.25127807107539 0
      vertex 34.17604643444411 76.76065707841953 0
    endloop
  endfacet
  facet normal 0 0 -1
    outer loop
      vertex 28.73824254293931 78.95767246153595 0
      vertex 28.746305901729478 88.47203242835666 0
      vertex 31.816423832870328 87.41490604860913 0
    endloop
  endfacet
  facet normal 0 0 -1
    outer loop
      vertex 40.04009951022658 73.86110399755873 0
      vertex 42.19856304256668 73.81779606747133 0
      vertex 41.646759567425555 72.9705177852457 0
    endloop
  endfacet
  facet normal 0 0 -1
    outer loop
      vertex 40.04009951022658 73.86110399755873 0
      vertex 42.362542794100456 74.74318471466042 0
      vertex 42.19856304256668 73.81779606747133 0
    endloop
  endfacet
  facet normal 0 0 -1
    outer loop
      vertex 42.77039424190211 72.31239574964071 0
      vertex 43.01249999999999 74.49983536055632 0
      vertex 43.94554265833692 71.60629534469243 0
    endloop
  endfacet
  facet normal 0 0 -1
    outer loop
      vertex 43.94554265833692 71.60629534469243 0
      vertex 46.512499999999996 80.5620131870474 0
      vertex 44.52646617719504 71.25724127954368 0
    endloop
  endfacet
  facet normal 0 0 -1
    outer loop
      vertex 43.94554265833692 71.60629534469243 0
      vertex 43.01249999999999 74.49983536055632 0
      vertex 46.512499999999996 80.5620131870474 0
    endloop
  endfacet
  facet normal 0 0 -1
    outer loop
      vertex 34.17604643444411 76.76065707841953 0
      vertex 37.836676222126314 84.98256619720294 0
      vertex 36.83413560895223 75.5211697402875 0
    endloop
  endfacet
  facet normal 0 0 -1
    outer loop
      vertex 34.17604643444411 76.76065707841953 0
      vertex 34.84777835251521 86.25127807107539 0
      vertex 37.836676222126314 84.98256619720294 0
    endloop
  endfacet
  facet normal 0 0 -1
    outer loop
      vertex 36.83413560895223 75.5211697402875 0
      vertex 40.77947593005393 83.61031615698 0
      vertex 39.44734806308447 74.18967148997133 0
    endloop
  endfacet
  facet normal 0 0 -1
    outer loop
      vertex 36.83413560895223 75.5211697402875 0
      vertex 37.836676222126314 84.98256619720294 0
      vertex 40.77947593005393 83.61031615698 0
    endloop
  endfacet
  facet normal 0 0 -1
    outer loop
      vertex 40.04009951022658 73.86110399755873 0
      vertex 39.44734806308447 74.18967148997133 0
      vertex 43.67259212815749 82.13619982570168 0
    endloop
  endfacet
  facet normal 0 0 -1
    outer loop
      vertex 40.04009951022658 73.86110399755873 0
      vertex 43.67259212815749 82.13619982570168 0
      vertex 42.362542794100456 74.74318471466042 0
    endloop
  endfacet
  facet normal 0 0 -1
    outer loop
      vertex 39.44734806308447 74.18967148997133 0
      vertex 40.77947593005393 83.61031615698 0
      vertex 43.67259212815749 82.13619982570168 0
    endloop
  endfacet
  facet normal 0 0 -1
    outer loop
      vertex 42.362542794100456 74.74318471466042 0
      vertex 46.512499999999996 80.5620131870474 0
      vertex 43.01249999999999 74.49983536055632 0
    endloop
  endfacet
  facet normal 0 0 -1
    outer loop
      vertex 42.362542794100456 74.74318471466042 0
      vertex 43.67259212815749 82.13619982570168 0
      vertex 46.512499999999996 80.5620131870474 0
    endloop
  endfacet
  facet normal 0.19080899537656035 0.9816271834476609 -5.181730551413553e-19
    outer loop
      vertex 19.34098503832206 90.99218055826226 0
      vertex 18.64419101892231 91.12762359515851 0
      vertex 18.64419101892231 91.12762359515851 15
    endloop
  endfacet
  facet normal 0.22495105434386622 0.9743700647852349 0
    outer loop
      vertex 19.34098503832206 90.99218055826226 0
      vertex 19.34098503832206 90.99218055826226 15
      vertex 22.504784338159087 90.26175993682456 0
    endloop
  endfacet
  facet normal 0.25881904510252013 0.9659258262890685 0
    outer loop
      vertex 22.504784338159087 90.26175993682456 0
      vertex 22.504784338159087 90.26175993682456 15
      vertex 25.641165024876344 89.4213692646621 0
    endloop
  endfacet
  facet normal 0.29237170472273605 0.9563047559630357 0
    outer loop
      vertex 25.641165024876344 89.4213692646621 0
      vertex 25.641165024876344 89.4213692646621 15
      vertex 28.746305901729478 88.47203242835666 0
    endloop
  endfacet
  facet normal 0.3255681544571556 0.9455185755993171 0
    outer loop
      vertex 28.746305901729478 88.47203242835666 0
      vertex 28.746305901729478 88.47203242835666 15
      vertex 31.816423832870328 87.41490604860913 0
    endloop
  endfacet
  facet normal 0.3583679495453017 0.9335804264972013 1.4501573918988204e-18
    outer loop
      vertex 34.84777835251521 86.25127807107539 0
      vertex 31.816423832870328 87.41490604860913 0
      vertex 31.816423832870328 87.41490604860913 15
    endloop
  endfacet
  facet normal 0.3907311284892729 0.9205048534524407 0
    outer loop
      vertex 34.84777835251521 86.25127807107539 0
      vertex 34.84777835251521 86.25127807107539 15
      vertex 37.836676222126314 84.98256619720294 0
    endloop
  endfacet
  facet normal 0.422618261740699 0.90630778703665 0
    outer loop
      vertex 37.836676222126314 84.98256619720294 0
      vertex 37.836676222126314 84.98256619720294 15
      vertex 40.77947593005393 83.61031615698 0
    endloop
  endfacet
  facet normal 0.4539904997395452 0.8910065241883687 0
    outer loop
      vertex 40.77947593005393 83.61031615698 0
      vertex 40.77947593005393 83.61031615698 15
      vertex 43.67259212815749 82.13619982570168 0
    endloop
  endfacet
  facet normal 0.4848096202463397 0.8746197071393943 0
    outer loop
      vertex 43.67259212815749 82.13619982570168 0
      vertex 43.67259212815749 82.13619982570168 15
      vertex 46.512499999999996 80.5620131870474 0
    endloop
  endfacet
  facet normal 0 0 -1
    outer loop
      vertex 63.921068892925575 54.52308090170737 0
      vertex 62.88737142073054 55.712213816344764 0
      vertex 64.62059491194822 66.91658492650302 0
    endloop
  endfacet
  facet normal 0 0 -1
    outer loop
      vertex 62.44274396073804 56.223699199303056 0
      vertex 60.44252672345516 58.368669577817236 0
      vertex 64.62059491194822 66.91658492650302 0
    endloop
  endfacet
  facet normal 0 0 -1
    outer loop
      vertex 62.44274396073804 56.223699199303056 0
      vertex 64.62059491194822 66.91658492650302 0
      vertex 62.88737142073054 55.712213816344764 0
    endloop
  endfacet
  facet normal 0 0 -1
    outer loop
      vertex 65.78609754928343 52.25764653869515 0
      vertex 64.83998720239182 55.97900696980185 0
      vertex 66.2126035718048 51.730955464238434 0
    endloop
  endfacet
  facet normal 0 0 -1
    outer loop
      vertex 69.65988203393738 46.9861837141295 0
      vertex 67.97765295235496 49.38865582387505 0
      vertex 71.26128432114292 59.79531739109031 0
    endloop
  endfacet
  facet normal 0 0 -1
    outer loop
      vertex 65.78609754928343 52.25764653869515 0
      vertex 64.99352964005978 53.23638639615638 0
      vertex 64.83998720239182 55.97900696980185 0
    endloop
  endfacet
  facet normal 0 0 -1
    outer loop
      vertex 66.2126035718048 51.730955464238434 0
      vertex 64.83998720239182 55.97900696980185 0
      vertex 69.1310473900346 62.245874656532784 0
    endloop
  endfacet
  facet normal 0 0 -1
    outer loop
      vertex 63.921068892925575 54.52308090170737 0
      vertex 64.62059491194822 66.91658492650302 0
      vertex 64.36927970076005 54.13208219171007 0
    endloop
  endfacet
  facet normal 0 0 -1
    outer loop
      vertex 64.36927970076005 54.13208219171007 0
      vertex 64.62059491194822 66.91658492650302 0
      vertex 64.65144898198929 55.19442091678491 0
    endloop
  endfacet
  facet normal 0 0 -1
    outer loop
      vertex 64.65144898198929 55.19442091678491 0
      vertex 64.62059491194822 66.91658492650302 0
      vertex 64.83998720239182 55.97900696980185 0
    endloop
  endfacet
  facet normal 0 0 -1
    outer loop
      vertex 67.97765295235496 49.38865582387505 0
      vertex 66.2126035718048 51.730955464238434 0
      vertex 69.1310473900346 62.245874656532784 0
    endloop
  endfacet
  facet normal 0 0 -1
    outer loop
      vertex 67.97765295235496 49.38865582387505 0
      vertex 69.1310473900346 62.245874656532784 0
      vertex 71.26128432114292 59.79531739109031 0
    endloop
  endfacet
  facet normal 0 0 -1
    outer loop
      vertex 64.83998720239182 55.97900696980185 0
      vertex 66.91658492650302 64.62059491194822 0
      vertex 69.1310473900346 62.245874656532784 0
    endloop
  endfacet
  facet normal 0 0 -1
    outer loop
      vertex 84.02499999999999 0 0
      vertex 83.97381424027951 2.932430210427644 0
      vertex 84.98256619720294 37.836676222126314 0
    endloop
  endfacet
  facet normal 0 0 -1
    outer loop
      vertex 84.02499999999999 0 0
      vertex 92.96833168345138 3.2465256807501524 0
      vertex 93.02499999999999 0 0
    endloop
  endfacet
  facet normal 0 0 -1
    outer loop
      vertex 84.02499999999999 0 0
      vertex 92.79839577542013 6.489095970047256 0
      vertex 92.96833168345138 3.2465256807501524 0
    endloop
  endfacet
  facet normal 0 0 -1
    outer loop
      vertex 84.02499999999999 0 0
      vertex 92.51539931663362 9.723760295473463 0
      vertex 92.79839577542013 6.489095970047256 0
    endloop
  endfacet
  facet normal 0 0 -1
    outer loop
      vertex 84.02499999999999 0 0
      vertex 92.11968709468458 12.946577716810086 0
      vertex 92.51539931663362 9.723760295473463 0
    endloop
  endfacet
  facet normal 0 0 -1
    outer loop
      vertex 84.02499999999999 0 0
      vertex 91.61174122396065 16.15362172746619 0
      vertex 92.11968709468458 12.946577716810086 0
    endloop
  endfacet
  facet normal 0 0 -1
    outer loop
      vertex 84.02499999999999 0 0
      vertex 90.26175993682456 22.504784338159087 0
      vertex 90.99218055826226 19.34098503832206 0
    endloop
  endfacet
  facet normal 0 0 -1
    outer loop
      vertex 84.02499999999999 0 0
      vertex 90.99218055826226 19.34098503832206 0
      vertex 91.61174122396065 16.15362172746619 0
    endloop
  endfacet
  facet normal 0 0 -1
    outer loop
      vertex 83.97381424027951 2.932430210427644 0
      vertex 83.82031932308172 5.861287706350128 0
      vertex 84.98256619720294 37.836676222126314 0
    endloop
  endfacet
  facet normal 0 0 -1
    outer loop
      vertex 83.82031932308172 5.861287706350128 0
      vertex 83.56470225831916 8.783004126064583 0
      vertex 84.98256619720294 37.836676222126314 0
    endloop
  endfacet
  facet normal 0 0 -1
    outer loop
      vertex 83.56470225831916 8.783004126064583 0
      vertex 83.20727447601044 11.694019808169497 0
      vertex 83.61031615698 40.77947593005393 0
    endloop
  endfacet
  facet normal 0 0 -1
    outer loop
      vertex 83.20727447601044 11.694019808169497 0
      vertex 82.74847144685077 14.590788128463819 0
      vertex 83.61031615698 40.77947593005393 0
    endloop
  endfacet
  facet normal 0 0 -1
    outer loop
      vertex 84.02499999999999 0 0
      vertex 87.41490604860913 31.816423832870328 0
      vertex 88.47203242835666 28.746305901729478 0
    endloop
  endfacet
  facet normal 0 0 -1
    outer loop
      vertex 84.02499999999999 0 0
      vertex 86.25127807107539 34.84777835251521 0
      vertex 87.41490604860913 31.816423832870328 0
    endloop
  endfacet
  facet normal 0 0 -1
    outer loop
      vertex 82.74847144685077 14.590788128463819 0
      vertex 82.18885215165801 17.469779820962227 0
      vertex 83.61031615698 40.77947593005393 0
    endloop
  endfacet
  facet normal 0 0 -1
    outer loop
      vertex 82.18885215165801 17.469779820962227 0
      vertex 81.5290984003406 20.327487277762078 0
      vertex 83.61031615698 40.77947593005393 0
    endloop
  endfacet
  facet normal 0 0 -1
    outer loop
      vertex 80.77001400121723 23.160428822523354 0
      vertex 82.13619982570168 43.67259212815749 0
      vertex 81.5290984003406 20.327487277762078 0
    endloop
  endfacet
  facet normal 0 0 -1
    outer loop
      vertex 83.56470225831916 8.783004126064583 0
      vertex 83.61031615698 40.77947593005393 0
      vertex 84.98256619720294 37.836676222126314 0
    endloop
  endfacet
  facet normal 0 0 -1
    outer loop
      vertex 84.02499999999999 0 0
      vertex 84.98256619720294 37.836676222126314 0
      vertex 86.25127807107539 34.84777835251521 0
    endloop
  endfacet
  facet normal 0 0 -1
    outer loop
      vertex 84.02499999999999 0 0
      vertex 89.4213692646621 25.641165024876344 0
      vertex 90.26175993682456 22.504784338159087 0
    endloop
  endfacet
  facet normal 0 0 -1
    outer loop
      vertex 84.02499999999999 0 0
      vertex 88.47203242835666 28.746305901729478 0
      vertex 89.4213692646621 25.641165024876344 0
    endloop
  endfacet
  facet normal 0 0 -1
    outer loop
      vertex 74.18967148997133 39.44734806308447 0
      vertex 72.76778455298745 42.012499999999996 0
      vertex 75.25880590172947 54.67872309450731 0
    endloop
  endfacet
  facet normal 0 0 -1
    outer loop
      vertex 79.91252378170027 25.965152952354952 0
      vertex 78.95767246153595 28.73824254293931 0
      vertex 80.5620131870474 46.512499999999996 0
    endloop
  endfacet
  facet normal 0 0 -1
    outer loop
      vertex 80.77001400121723 23.160428822523354 0
      vertex 79.91252378170027 25.965152952354952 0
      vertex 82.13619982570168 43.67259212815749 0
    endloop
  endfacet
  facet normal 0 0 -1
    outer loop
      vertex 78.95767246153595 28.73824254293931 0
      vertex 77.9066233799743 31.476319011772002 0
      vertex 80.5620131870474 46.512499999999996 0
    endloop
  endfacet
  facet normal 0 0 -1
    outer loop
      vertex 76.76065707841953 34.17604643444411 0
      vertex 75.5211697402875 36.83413560895223 0
      vertex 77.12122018693275 52.01891984536623 0
    endloop
  endfacet
  facet normal 0 0 -1
    outer loop
      vertex 77.9066233799743 31.476319011772002 0
      vertex 76.76065707841953 34.17604643444411 0
      vertex 78.88967414495151 49.295739555293885 0
    endloop
  endfacet
  facet normal 0 0 -1
    outer loop
      vertex 75.5211697402875 36.83413560895223 0
      vertex 74.18967148997133 39.44734806308447 0
      vertex 77.12122018693275 52.01891984536623 0
    endloop
  endfacet
  facet normal 0 0 -1
    outer loop
      vertex 76.76065707841953 34.17604643444411 0
      vertex 77.12122018693275 52.01891984536623 0
      vertex 78.88967414495151 49.295739555293885 0
    endloop
  endfacet
  facet normal 0 0 -1
    outer loop
      vertex 79.91252378170027 25.965152952354952 0
      vertex 80.5620131870474 46.512499999999996 0
      vertex 82.13619982570168 43.67259212815749 0
    endloop
  endfacet
  facet normal 0 0 -1
    outer loop
      vertex 77.9066233799743 31.476319011772002 0
      vertex 78.88967414495151 49.295739555293885 0
      vertex 80.5620131870474 46.512499999999996 0
    endloop
  endfacet
  facet normal 0 0 -1
    outer loop
      vertex 72.76778455298745 42.012499999999996 0
      vertex 71.25724127954368 44.52646617719504 0
      vertex 73.3047003542653 57.27190874216936 0
    endloop
  endfacet
  facet normal 0 0 -1
    outer loop
      vertex 71.25724127954368 44.52646617719504 0
      vertex 69.65988203393738 46.9861837141295 0
      vertex 71.26128432114292 59.79531739109031 0
    endloop
  endfacet
  facet normal 0 0 -1
    outer loop
      vertex 74.18967148997133 39.44734806308447 0
      vertex 75.25880590172947 54.67872309450731 0
      vertex 77.12122018693275 52.01891984536623 0
    endloop
  endfacet
  facet normal 0 0 -1
    outer loop
      vertex 72.76778455298745 42.012499999999996 0
      vertex 73.3047003542653 57.27190874216936 0
      vertex 75.25880590172947 54.67872309450731 0
    endloop
  endfacet
  facet normal 0 0 -1
    outer loop
      vertex 71.25724127954368 44.52646617719504 0
      vertex 71.26128432114292 59.79531739109031 0
      vertex 73.3047003542653 57.27190874216936 0
    endloop
  endfacet
  facet normal 0 0 -1
    outer loop
      vertex 81.5290984003406 20.327487277762078 0
      vertex 82.13619982570168 43.67259212815749 0
      vertex 83.61031615698 40.77947593005393 0
    endloop
  endfacet
  facet normal 0.9998476951563912 0.017452406437280434 0
    outer loop
      vertex 93.02499999999999 0 0
      vertex 92.96833168345138 3.2465256807501524 0
      vertex 93.02499999999999 0 15
    endloop
  endfacet
  facet normal 0.9986295347545737 0.05233595624294979 0
    outer loop
      vertex 92.96833168345138 3.2465256807501524 0
      vertex 92.79839577542013 6.489095970047256 0
      vertex 92.96833168345138 3.2465256807501524 15
    endloop
  endfacet
  facet normal 0.9961946980917458 0.08715574274765514 0
    outer loop
      vertex 92.79839577542013 6.489095970047256 0
      vertex 92.51539931663362 9.723760295473463 0
      vertex 92.79839577542013 6.489095970047256 15
    endloop
  endfacet
  facet normal 0.9925461516413223 0.12186934340514491 0
    outer loop
      vertex 92.51539931663362 9.723760295473463 0
      vertex 92.11968709468458 12.946577716810086 0
      vertex 92.51539931663362 9.723760295473463 15
    endloop
  endfacet
  facet normal 0.9876883405951374 0.15643446504023276 0
    outer loop
      vertex 92.11968709468458 12.946577716810086 0
      vertex 91.61174122396065 16.15362172746619 0
      vertex 92.11968709468458 12.946577716810086 15
    endloop
  endfacet
  facet normal 0.9816271834476639 0.19080899537654522 0
    outer loop
      vertex 91.61174122396065 16.15362172746619 0
      vertex 90.99218055826226 19.34098503832206 0
      vertex 91.61174122396065 16.15362172746619 15
    endloop
  endfacet
  facet normal 0.9743700647852349 0.22495105434386622 0
    outer loop
      vertex 90.99218055826226 19.34098503832206 0
      vertex 90.26175993682456 22.504784338159087 0
      vertex 90.99218055826226 19.34098503832206 15
    endloop
  endfacet
  facet normal 0.9659258262890685 0.25881904510252013 0
    outer loop
      vertex 90.26175993682456 22.504784338159087 0
      vertex 89.4213692646621 25.641165024876344 0
      vertex 90.26175993682456 22.504784338159087 15
    endloop
  endfacet
  facet normal 0.9563047559630357 0.29237170472273605 0
    outer loop
      vertex 89.4213692646621 25.641165024876344 0
      vertex 88.47203242835666 28.746305901729478 0
      vertex 89.4213692646621 25.641165024876344 15
    endloop
  endfacet
  facet normal 0.9455185755993171 0.3255681544571556 0
    outer loop
      vertex 88.47203242835666 28.746305901729478 0
      vertex 87.41490604860913 31.816423832870328 0
      vertex 88.47203242835666 28.746305901729478 15
    endloop
  endfacet
  facet normal 0.7547095802227743 0.6560590289905045 -1.9522339982669094e-18
    outer loop
      vertex 69.1310473900346 62.245874656532784 0
      vertex 71.26128432114292 59.79531739109031 15
      vertex 71.26128432114292 59.79531739109031 0
    endloop
  endfacet
  facet normal 0.7771459614569709 0.6293203910498374 0
    outer loop
      vertex 73.3047003542653 57.27190874216936 0
      vertex 71.26128432114292 59.79531739109031 0
      vertex 73.3047003542653 57.27190874216936 15
    endloop
  endfacet
  facet normal 0.7986355100472916 0.6018150231520499 0
    outer loop
      vertex 75.25880590172947 54.67872309450731 0
      vertex 73.3047003542653 57.27190874216936 0
      vertex 75.25880590172947 54.67872309450731 15
    endloop
  endfacet
  facet normal 0.8191520442889909 0.5735764363510473 0
    outer loop
      vertex 77.12122018693275 52.01891984536623 0
      vertex 75.25880590172947 54.67872309450731 0
      vertex 77.12122018693275 52.01891984536623 15
    endloop
  endfacet
  facet normal 0.8386705679454256 0.5446390350150248 0
    outer loop
      vertex 78.88967414495151 49.295739555293885 0
      vertex 77.12122018693275 52.01891984536623 0
      vertex 78.88967414495151 49.295739555293885 15
    endloop
  endfacet
  facet normal 0.8571673007021113 0.5150380749100557 0
    outer loop
      vertex 80.5620131870474 46.512499999999996 0
      vertex 78.88967414495151 49.295739555293885 0
      vertex 80.5620131870474 46.512499999999996 15
    endloop
  endfacet
  facet normal 0.9335804264972013 0.3583679495453017 1.4501573918988204e-18
    outer loop
      vertex 86.25127807107539 34.84777835251521 0
      vertex 87.41490604860913 31.816423832870328 15
      vertex 87.41490604860913 31.816423832870328 0
    endloop
  endfacet
  facet normal 0.9205048534524407 0.3907311284892729 0
    outer loop
      vertex 86.25127807107539 34.84777835251521 0
      vertex 84.98256619720294 37.836676222126314 0
      vertex 86.25127807107539 34.84777835251521 15
    endloop
  endfacet
  facet normal 0.8910065241883687 0.4539904997395452 0
    outer loop
      vertex 83.61031615698 40.77947593005393 0
      vertex 82.13619982570168 43.67259212815749 0
      vertex 83.61031615698 40.77947593005393 15
    endloop
  endfacet
  facet normal 0.8746197071393943 0.4848096202463397 0
    outer loop
      vertex 82.13619982570168 43.67259212815749 0
      vertex 80.5620131870474 46.512499999999996 0
      vertex 82.13619982570168 43.67259212815749 15
    endloop
  endfacet
  facet normal 0.90630778703665 0.422618261740699 0
    outer loop
      vertex 84.98256619720294 37.836676222126314 0
      vertex 83.61031615698 40.77947593005393 0
      vertex 84.98256619720294 37.836676222126314 15
    endloop
  endfacet
  facet normal 0 0 -1
    outer loop
      vertex 44.52646617719504 71.25724127954368 0
      vertex 49.295739555293885 78.88967414495151 0
      vertex 46.9861837141295 69.65988203393738 0
    endloop
  endfacet
  facet normal 0 0 -1
    outer loop
      vertex 49.38865582387505 67.97765295235496 0
      vertex 46.9861837141295 69.65988203393738 0
      vertex 52.01891984536623 77.12122018693275 0
    endloop
  endfacet
  facet normal 0 0 -1
    outer loop
      vertex 51.730955464238434 66.2126035718048 0
      vertex 49.38865582387505 67.97765295235496 0
      vertex 52.01891984536623 77.12122018693275 0
    endloop
  endfacet
  facet normal 0 0 -1
    outer loop
      vertex 46.9861837141295 69.65988203393738 0
      vertex 49.295739555293885 78.88967414495151 0
      vertex 52.01891984536623 77.12122018693275 0
    endloop
  endfacet
  facet normal 0 0 -1
    outer loop
      vertex 51.730955464238434 66.2126035718048 0
      vertex 54.67872309450731 75.25880590172947 0
      vertex 54.010228903911454 64.36688433307212 0
    endloop
  endfacet
  facet normal 0 0 -1
    outer loop
      vertex 56.223699199303056 62.44274396073804 0
      vertex 59.79531739109031 71.26128432114292 0
      vertex 58.368669577817236 60.44252672345516 0
    endloop
  endfacet
  facet normal 0 0 -1
    outer loop
      vertex 56.223699199303056 62.44274396073804 0
      vertex 54.010228903911454 64.36688433307212 0
      vertex 57.27190874216936 73.3047003542653 0
    endloop
  endfacet
  facet normal 0 0 -1
    outer loop
      vertex 51.730955464238434 66.2126035718048 0
      vertex 52.01891984536623 77.12122018693275 0
      vertex 54.67872309450731 75.25880590172947 0
    endloop
  endfacet
  facet normal 0 0 -1
    outer loop
      vertex 54.010228903911454 64.36688433307212 0
      vertex 54.67872309450731 75.25880590172947 0
      vertex 57.27190874216936 73.3047003542653 0
    endloop
  endfacet
  facet normal 0 0 -1
    outer loop
      vertex 56.223699199303056 62.44274396073804 0
      vertex 57.27190874216936 73.3047003542653 0
      vertex 59.79531739109031 71.26128432114292 0
    endloop
  endfacet
  facet normal 0 0 -1
    outer loop
      vertex 44.52646617719504 71.25724127954368 0
      vertex 46.512499999999996 80.5620131870474 0
      vertex 49.295739555293885 78.88967414495151 0
    endloop
  endfacet
  facet normal 0 0 -1
    outer loop
      vertex 60.44252672345516 58.368669577817236 0
      vertex 58.368669577817236 60.44252672345516 0
      vertex 62.245874656532784 69.1310473900346 0
    endloop
  endfacet
  facet normal 0 0 -1
    outer loop
      vertex 58.368669577817236 60.44252672345516 0
      vertex 59.79531739109031 71.26128432114292 0
      vertex 62.245874656532784 69.1310473900346 0
    endloop
  endfacet
  facet normal 0 0 -1
    outer loop
      vertex 60.44252672345516 58.368669577817236 0
      vertex 62.245874656532784 69.1310473900346 0
      vertex 64.62059491194822 66.91658492650302 0
    endloop
  endfacet
  facet normal 0 0 -1
    outer loop
      vertex 64.83998720239182 55.97900696980185 0
      vertex 64.62059491194822 66.91658492650302 0
      vertex 66.91658492650302 64.62059491194822 0
    endloop
  endfacet
  facet normal 0.6018150231520499 0.7986355100472916 0
    outer loop
      vertex 54.67872309450731 75.25880590172947 0
      vertex 54.67872309450731 75.25880590172947 15
      vertex 57.27190874216936 73.3047003542653 0
    endloop
  endfacet
  facet normal 0.6293203910498374 0.7771459614569709 0
    outer loop
      vertex 57.27190874216936 73.3047003542653 0
      vertex 57.27190874216936 73.3047003542653 15
      vertex 59.79531739109031 71.26128432114292 0
    endloop
  endfacet
  facet normal 0.5150380749100557 0.8571673007021113 1.3931083568518806e-18
    outer loop
      vertex 49.295739555293885 78.88967414495151 0
      vertex 46.512499999999996 80.5620131870474 0
      vertex 46.512499999999996 80.5620131870474 15
    endloop
  endfacet
  facet normal 0.5446390350150248 0.8386705679454256 3.501785653790113e-18
    outer loop
      vertex 52.01891984536623 77.12122018693275 0
      vertex 49.295739555293885 78.88967414495151 0
      vertex 49.295739555293885 78.88967414495151 15
    endloop
  endfacet
  facet normal 0.5735764363510473 0.8191520442889909 1.575813132224272e-18
    outer loop
      vertex 54.67872309450731 75.25880590172947 0
      vertex 52.01891984536623 77.12122018693275 0
      vertex 52.01891984536623 77.12122018693275 15
    endloop
  endfacet
  facet normal 0.6819983600624989 0.73135370161917 0
    outer loop
      vertex 62.245874656532784 69.1310473900346 0
      vertex 62.245874656532784 69.1310473900346 15
      vertex 64.62059491194822 66.91658492650302 0
    endloop
  endfacet
  facet normal 0.6560590289905045 0.7547095802227743 -1.9522339982669094e-18
    outer loop
      vertex 62.245874656532784 69.1310473900346 0
      vertex 59.79531739109031 71.26128432114292 0
      vertex 59.79531739109031 71.26128432114292 15
    endloop
  endfacet
  facet normal 0.7071067811865475 0.7071067811865475 0
    outer loop
      vertex 66.91658492650302 64.62059491194822 0
      vertex 64.62059491194822 66.91658492650302 0
      vertex 66.91658492650302 64.62059491194822 15
    endloop
  endfacet
  facet normal 0.73135370161917 0.6819983600624989 0
    outer loop
      vertex 69.1310473900346 62.245874656532784 0
      vertex 66.91658492650302 64.62059491194822 0
      vertex 69.1310473900346 62.245874656532784 15
    endloop
  endfacet
  facet normal 0.19080899537656035 0.9816271834476609 0
    outer loop
      vertex 19.34098503832206 90.99218055826226 0
      vertex 18.64419101892231 91.12762359515851 15
      vertex 19.34098503832206 90.99218055826226 15
    endloop
  endfacet
  facet normal 0.22495105434386622 0.9743700647852349 0
    outer loop
      vertex 22.504784338159087 90.26175993682456 0
      vertex 19.34098503832206 90.99218055826226 15
      vertex 22.504784338159087 90.26175993682456 15
    endloop
  endfacet
  facet normal 0.25881904510252013 0.9659258262890685 0
    outer loop
      vertex 25.641165024876344 89.4213692646621 0
      vertex 22.504784338159087 90.26175993682456 15
      vertex 25.641165024876344 89.4213692646621 15
    endloop
  endfacet
  facet normal 0.29237170472273605 0.9563047559630357 0
    outer loop
      vertex 28.746305901729478 88.47203242835666 0
      vertex 25.641165024876344 89.4213692646621 15
      vertex 28.746305901729478 88.47203242835666 15
    endloop
  endfacet
  facet normal 0.3255681544571556 0.9455185755993171 0
    outer loop
      vertex 31.816423832870328 87.41490604860913 0
      vertex 28.746305901729478 88.47203242835666 15
      vertex 31.816423832870328 87.41490604860913 15
    endloop
  endfacet
  facet normal 0.3583679495453017 0.9335804264972013 0
    outer loop
      vertex 34.84777835251521 86.25127807107539 0
      vertex 31.816423832870328 87.41490604860913 15
      vertex 34.84777835251521 86.25127807107539 15
    endloop
  endfacet
  facet normal 0.3907311284892729 0.9205048534524407 0
    outer loop
      vertex 37.836676222126314 84.98256619720294 0
      vertex 34.84777835251521 86.25127807107539 15
      vertex 37.836676222126314 84.98256619720294 15
    endloop
  endfacet
  facet normal 0.422618261740699 0.90630778703665 0
    outer loop
      vertex 40.77947593005393 83.61031615698 0
      vertex 37.836676222126314 84.98256619720294 15
      vertex 40.77947593005393 83.61031615698 15
    endloop
  endfacet
  facet normal 0.4539904997395452 0.8910065241883687 0
    outer loop
      vertex 43.67259212815749 82.13619982570168 0
      vertex 40.77947593005393 83.61031615698 15
      vertex 43.67259212815749 82.13619982570168 15
    endloop
  endfacet
  facet normal 0.4848096202463397 0.8746197071393943 0
    outer loop
      vertex 46.512499999999996 80.5620131870474 0
      vertex 43.67259212815749 82.13619982570168 15
      vertex 46.512499999999996 80.5620131870474 15
    endloop
  endfacet
  facet normal 0 0 1
    outer loop
      vertex 8.814706372677449 83.8663289866116 15
      vertex 11.591579504765486 83.69123464808497 15
      vertex 14.272773997462947 84.02499999999999 15
    endloop
  endfacet
  facet normal 0 0 1
    outer loop
      vertex 5.814789958690588 83.98299644863054 15
      vertex 14.272773997462947 84.02499999999999 15
      vertex 2.934217656544103 84.02499999999999 15
    endloop
  endfacet
  facet normal 0 0 1
    outer loop
      vertex 5.814789958690588 83.98299644863054 15
      vertex 5.872676093994044 83.98318085397943 15
      vertex 14.272773997462947 84.02499999999999 15
    endloop
  endfacet
  facet normal 0 0 1
    outer loop
      vertex 14.272773997462947 84.02499999999999 15
      vertex 5.872676093994044 83.98318085397943 15
      vertex 8.708482695088847 83.86467418713448 15
    endloop
  endfacet
  facet normal 0 0 1
    outer loop
      vertex 8.708482695088847 83.86467418713448 15
      vertex 8.814706372677449 83.8663289866116 15
      vertex 14.272773997462947 84.02499999999999 15
    endloop
  endfacet
  facet normal 0 0 1
    outer loop
      vertex 11.591579504765486 83.69123464808497 15
      vertex 11.763122125689412 83.69896301383822 15
      vertex 14.272773997462947 84.02499999999999 15
    endloop
  endfacet
  facet normal 0 0 1
    outer loop
      vertex 11.763122125689412 83.69896301383822 15
      vertex 12.375186479034777 83.28351439977595 15
      vertex 14.272773997462947 84.02499999999999 15
    endloop
  endfacet
  facet normal 0 0 1
    outer loop
      vertex 14.32337859594357 82.79082495599643 15
      vertex 12.6042805031451 83.30915586416398 15
      vertex 12.363400669856224 83.10125496286823 15
    endloop
  endfacet
  facet normal 0 0 1
    outer loop
      vertex 14.272773997462947 84.02499999999999 15
      vertex 12.375186479034777 83.28351439977595 15
      vertex 12.6042805031451 83.30915586416398 15
    endloop
  endfacet
  facet normal 0 0 1
    outer loop
      vertex 14.32337859594357 82.79082495599643 15
      vertex 14.272773997462947 84.02499999999999 15
      vertex 12.6042805031451 83.30915586416398 15
    endloop
  endfacet
  facet normal 0 0 1
    outer loop
      vertex 14.76119067106203 82.79780536808056 15
      vertex 17.785315732671492 83.67333190250716 15
      vertex 14.874238225716452 84.02499999999999 15
    endloop
  endfacet
  facet normal 0 0 1
    outer loop
      vertex 17.213312740334686 84.02499999999999 15
      vertex 14.874238225716452 84.02499999999999 15
      vertex 17.785315732671492 83.67333190250716 15
    endloop
  endfacet
  facet normal 0 0 1
    outer loop
      vertex 18.873420766313668 81.86479610561496 15
      vertex 17.785315732671492 83.67333190250716 15
      vertex 17.469779820962227 82.18885215165801 15
    endloop
  endfacet
  facet normal 0 0 1
    outer loop
      vertex 19.34098503832206 90.99218055826226 15
      vertex 17.785315732671492 83.67333190250716 15
      vertex 18.873420766313668 81.86479610561496 15
    endloop
  endfacet
  facet normal 0 0 1
    outer loop
      vertex 19.34098503832206 90.99218055826226 15
      vertex 17.213312740334686 84.02499999999999 15
      vertex 17.785315732671492 83.67333190250716 15
    endloop
  endfacet
  facet normal 0 0 1
    outer loop
      vertex 20.327487277762078 81.5290984003406 15
      vertex 19.34098503832206 90.99218055826226 15
      vertex 18.873420766313668 81.86479610561496 15
    endloop
  endfacet
  facet normal 0 0 1
    outer loop
      vertex 18.64419101892231 91.12762359515851 15
      vertex 18.619050238650775 91.13251046779963 15
      vertex 17.213312740334686 84.02499999999999 15
    endloop
  endfacet
  facet normal 0 0 1
    outer loop
      vertex 17.213312740334686 84.02499999999999 15
      vertex 18.619050238650775 91.13251046779963 15
      vertex 18.135882064137054 91.22642884692712 15
    endloop
  endfacet
  facet normal 0 0 1
    outer loop
      vertex 19.34098503832206 90.99218055826226 15
      vertex 18.64419101892231 91.12762359515851 15
      vertex 17.213312740334686 84.02499999999999 15
    endloop
  endfacet
  facet normal 0 0 1
    outer loop
      vertex 20.327487277762078 81.5290984003406 15
      vertex 22.504784338159087 90.26175993682456 15
      vertex 19.34098503832206 90.99218055826226 15
    endloop
  endfacet
  facet normal 0 0 1
    outer loop
      vertex 23.160428822523354 80.77001400121723 15
      vertex 22.504784338159087 90.26175993682456 15
      vertex 20.327487277762078 81.5290984003406 15
    endloop
  endfacet
  facet normal 0 0 1
    outer loop
      vertex 23.160428822523354 80.77001400121723 15
      vertex 25.965152952354952 79.91252378170027 15
      vertex 25.641165024876344 89.4213692646621 15
    endloop
  endfacet
  facet normal 0 0 1
    outer loop
      vertex 25.965152952354952 79.91252378170027 15
      vertex 28.73824254293931 78.95767246153595 15
      vertex 28.746305901729478 88.47203242835666 15
    endloop
  endfacet
  facet normal 0 0 1
    outer loop
      vertex 23.160428822523354 80.77001400121723 15
      vertex 25.641165024876344 89.4213692646621 15
      vertex 22.504784338159087 90.26175993682456 15
    endloop
  endfacet
  facet normal 0 0 1
    outer loop
      vertex 25.965152952354952 79.91252378170027 15
      vertex 28.746305901729478 88.47203242835666 15
      vertex 25.641165024876344 89.4213692646621 15
    endloop
  endfacet
  facet normal 0 0 1
    outer loop
      vertex 28.73824254293931 78.95767246153595 15
      vertex 31.476319011772002 77.9066233799743 15
      vertex 28.746305901729478 88.47203242835666 15
    endloop
  endfacet
  facet normal 0 0 1
    outer loop
      vertex 31.476319011772002 77.9066233799743 15
      vertex 34.17604643444411 76.76065707841953 15
      vertex 31.816423832870328 87.41490604860913 15
    endloop
  endfacet
  facet normal 0 0 1
    outer loop
      vertex 34.17604643444411 76.76065707841953 15
      vertex 34.84777835251521 86.25127807107539 15
      vertex 31.816423832870328 87.41490604860913 15
    endloop
  endfacet
  facet normal 0 0 1
    outer loop
      vertex 31.476319011772002 77.9066233799743 15
      vertex 31.816423832870328 87.41490604860913 15
      vertex 28.746305901729478 88.47203242835666 15
    endloop
  endfacet
  facet normal 0 0 1
    outer loop
      vertex 40.04009951022658 73.86110399755873 15
      vertex 41.646759567425555 72.9705177852457 15
      vertex 41.783709518900096 74.77964148464231 15
    endloop
  endfacet
  facet normal 0 0 1
    outer loop
      vertex 42.19856304256668 73.81779606747133 15
      vertex 42.3183994658107 74.4940702083485 15
      vertex 41.783709518900096 74.77964148464231 15
    endloop
  endfacet
  facet normal 0 0 1
    outer loop
      vertex 42.77039424190211 72.31239574964071 15
      vertex 43.94554265833692 71.60629534469243 15
      vertex 42.3183994658107 74.4940702083485 15
    endloop
  endfacet
  facet normal 0 0 1
    outer loop
      vertex 43.94554265833692 71.60629534469243 15
      vertex 43.67259212815749 82.13619982570168 15
      vertex 42.3183994658107 74.4940702083485 15
    endloop
  endfacet
  facet normal 0 0 1
    outer loop
      vertex 43.94554265833692 71.60629534469243 15
      vertex 44.52646617719504 71.25724127954368 15
      vertex 43.67259212815749 82.13619982570168 15
    endloop
  endfacet
  facet normal 0 0 1
    outer loop
      vertex 44.52646617719504 71.25724127954368 15
      vertex 46.9861837141295 69.65988203393738 15
      vertex 46.512499999999996 80.5620131870474 15
    endloop
  endfacet
  facet normal 0 0 1
    outer loop
      vertex 34.17604643444411 76.76065707841953 15
      vertex 36.83413560895223 75.5211697402875 15
      vertex 34.84777835251521 86.25127807107539 15
    endloop
  endfacet
  facet normal 0 0 1
    outer loop
      vertex 36.83413560895223 75.5211697402875 15
      vertex 37.836676222126314 84.98256619720294 15
      vertex 34.84777835251521 86.25127807107539 15
    endloop
  endfacet
  facet normal 0 0 1
    outer loop
      vertex 36.83413560895223 75.5211697402875 15
      vertex 39.44734806308447 74.18967148997133 15
      vertex 37.836676222126314 84.98256619720294 15
    endloop
  endfacet
  facet normal 0 0 1
    outer loop
      vertex 40.04009951022658 73.86110399755873 15
      vertex 40.77947593005393 83.61031615698 15
      vertex 39.44734806308447 74.18967148997133 15
    endloop
  endfacet
  facet normal 0 0 1
    outer loop
      vertex 39.44734806308447 74.18967148997133 15
      vertex 40.77947593005393 83.61031615698 15
      vertex 37.836676222126314 84.98256619720294 15
    endloop
  endfacet
  facet normal 0 0 1
    outer loop
      vertex 40.04009951022658 73.86110399755873 15
      vertex 41.783709518900096 74.77964148464231 15
      vertex 40.77947593005393 83.61031615698 15
    endloop
  endfacet
  facet normal 0 0 1
    outer loop
      vertex 41.783709518900096 74.77964148464231 15
      vertex 42.3183994658107 74.4940702083485 15
      vertex 43.67259212815749 82.13619982570168 15
    endloop
  endfacet
  facet normal 0 0 1
    outer loop
      vertex 41.783709518900096 74.77964148464231 15
      vertex 43.67259212815749 82.13619982570168 15
      vertex 40.77947593005393 83.61031615698 15
    endloop
  endfacet
  facet normal 0 0 1
    outer loop
      vertex 44.52646617719504 71.25724127954368 15
      vertex 46.512499999999996 80.5620131870474 15
      vertex 43.67259212815749 82.13619982570168 15
    endloop
  endfacet
  facet normal 0.9998476951563912 0.017452406437280434 0
    outer loop
      vertex 92.96833168345138 3.2465256807501524 0
      vertex 92.96833168345138 3.2465256807501524 15
      vertex 93.02499999999999 0 15
    endloop
  endfacet
  facet normal 0.9986295347545737 0.05233595624294979 0
    outer loop
      vertex 92.79839577542013 6.489095970047256 0
      vertex 92.79839577542013 6.489095970047256 15
      vertex 92.96833168345138 3.2465256807501524 15
    endloop
  endfacet
  facet normal 0.9961946980917458 0.08715574274765514 0
    outer loop
      vertex 92.51539931663362 9.723760295473463 0
      vertex 92.51539931663362 9.723760295473463 15
      vertex 92.79839577542013 6.489095970047256 15
    endloop
  endfacet
  facet normal 0.9925461516413223 0.12186934340514491 0
    outer loop
      vertex 92.11968709468458 12.946577716810086 0
      vertex 92.11968709468458 12.946577716810086 15
      vertex 92.51539931663362 9.723760295473463 15
    endloop
  endfacet
  facet normal 0.9876883405951374 0.15643446504023276 0
    outer loop
      vertex 91.61174122396065 16.15362172746619 0
      vertex 91.61174122396065 16.15362172746619 15
      vertex 92.11968709468458 12.946577716810086 15
    endloop
  endfacet
  facet normal 0.9816271834476639 0.19080899537654522 0
    outer loop
      vertex 90.99218055826226 19.34098503832206 0
      vertex 90.99218055826226 19.34098503832206 15
      vertex 91.61174122396065 16.15362172746619 15
    endloop
  endfacet
  facet normal 0.9743700647852349 0.22495105434386622 0
    outer loop
      vertex 90.26175993682456 22.504784338159087 0
      vertex 90.26175993682456 22.504784338159087 15
      vertex 90.99218055826226 19.34098503832206 15
    endloop
  endfacet
  facet normal 0.9659258262890685 0.25881904510252013 0
    outer loop
      vertex 89.4213692646621 25.641165024876344 0
      vertex 89.4213692646621 25.641165024876344 15
      vertex 90.26175993682456 22.504784338159087 15
    endloop
  endfacet
  facet normal 0.9563047559630357 0.29237170472273605 0
    outer loop
      vertex 88.47203242835666 28.746305901729478 0
      vertex 88.47203242835666 28.746305901729478 15
      vertex 89.4213692646621 25.641165024876344 15
    endloop
  endfacet
  facet normal 0.8746197071393943 0.4848096202463397 -4.174669185709962e-18
    outer loop
      vertex 82.13619982570168 43.67259212815749 15
      vertex 80.5620131870474 46.512499999999996 0
      vertex 80.5620131870474 46.512499999999996 15
    endloop
  endfacet
  facet normal 0.7771459614569709 0.6293203910498374 0
    outer loop
      vertex 71.26128432114292 59.79531739109031 0
      vertex 71.26128432114292 59.79531739109031 15
      vertex 73.3047003542653 57.27190874216936 15
    endloop
  endfacet
  facet normal 0.7986355100472916 0.6018150231520499 0
    outer loop
      vertex 73.3047003542653 57.27190874216936 0
      vertex 73.3047003542653 57.27190874216936 15
      vertex 75.25880590172947 54.67872309450731 15
    endloop
  endfacet
  facet normal 0.8386705679454256 0.5446390350150248 0
    outer loop
      vertex 77.12122018693275 52.01891984536623 0
      vertex 77.12122018693275 52.01891984536623 15
      vertex 78.88967414495151 49.295739555293885 15
    endloop
  endfacet
  facet normal 0.8571673007021113 0.5150380749100557 0
    outer loop
      vertex 78.88967414495151 49.295739555293885 0
      vertex 78.88967414495151 49.295739555293885 15
      vertex 80.5620131870474 46.512499999999996 15
    endloop
  endfacet
  facet normal 0.8191520442889909 0.5735764363510473 0
    outer loop
      vertex 75.25880590172947 54.67872309450731 0
      vertex 75.25880590172947 54.67872309450731 15
      vertex 77.12122018693275 52.01891984536623 15
    endloop
  endfacet
  facet normal 0.9335804264972013 0.3583679495453017 0
    outer loop
      vertex 86.25127807107539 34.84777835251521 0
      vertex 86.25127807107539 34.84777835251521 15
      vertex 87.41490604860913 31.816423832870328 15
    endloop
  endfacet
  facet normal 0.9205048534524407 0.3907311284892729 0
    outer loop
      vertex 84.98256619720294 37.836676222126314 0
      vertex 84.98256619720294 37.836676222126314 15
      vertex 86.25127807107539 34.84777835251521 15
    endloop
  endfacet
  facet normal 0.90630778703665 0.422618261740699 0
    outer loop
      vertex 83.61031615698 40.77947593005393 0
      vertex 83.61031615698 40.77947593005393 15
      vertex 84.98256619720294 37.836676222126314 15
    endloop
  endfacet
  facet normal 0.8910065241883687 0.4539904997395452 0
    outer loop
      vertex 82.13619982570168 43.67259212815749 0
      vertex 82.13619982570168 43.67259212815749 15
      vertex 83.61031615698 40.77947593005393 15
    endloop
  endfacet
  facet normal 0.9455185755993171 0.3255681544571556 0
    outer loop
      vertex 87.41490604860913 31.816423832870328 0
      vertex 87.41490604860913 31.816423832870328 15
      vertex 88.47203242835666 28.746305901729478 15
    endloop
  endfacet
  facet normal 0 0 1
    outer loop
      vertex 63.921068892925575 54.52308090170737 15
      vertex 62.245874656532784 69.1310473900346 15
      vertex 62.88737142073054 55.712213816344764 15
    endloop
  endfacet
  facet normal 0 0 1
    outer loop
      vertex 62.44274396073804 56.223699199303056 15
      vertex 62.88737142073054 55.712213816344764 15
      vertex 62.245874656532784 69.1310473900346 15
    endloop
  endfacet
  facet normal 0 0 1
    outer loop
      vertex 63.921068892925575 54.52308090170737 15
      vertex 64.35993170199288 54.059794671438574 15
      vertex 62.245874656532784 69.1310473900346 15
    endloop
  endfacet
  facet normal 0 0 1
    outer loop
      vertex 69.65988203393738 46.9861837141295 15
      vertex 69.1310473900346 62.245874656532784 15
      vertex 67.97765295235496 49.38865582387505 15
    endloop
  endfacet
  facet normal 0 0 1
    outer loop
      vertex 65.78609754928343 52.25764653869515 15
      vertex 66.2126035718048 51.730955464238434 15
      vertex 64.62059491194822 66.91658492650302 15
    endloop
  endfacet
  facet normal 0 0 1
    outer loop
      vertex 64.35993170199288 54.059794671438574 15
      vertex 64.36927970076005 54.13208219171007 15
      vertex 64.62059491194822 66.91658492650302 15
    endloop
  endfacet
  facet normal 0 0 1
    outer loop
      vertex 64.71058250964026 53.585797002961186 15
      vertex 64.62059491194822 66.91658492650302 15
      vertex 64.36927970076005 54.13208219171007 15
    endloop
  endfacet
  facet normal 0 0 1
    outer loop
      vertex 65.78609754928343 52.25764653869515 15
      vertex 64.62059491194822 66.91658492650302 15
      vertex 64.71058250964026 53.585797002961186 15
    endloop
  endfacet
  facet normal 0 0 1
    outer loop
      vertex 67.97765295235496 49.38865582387505 15
      vertex 66.91658492650302 64.62059491194822 15
      vertex 66.2126035718048 51.730955464238434 15
    endloop
  endfacet
  facet normal 0 0 1
    outer loop
      vertex 67.97765295235496 49.38865582387505 15
      vertex 69.1310473900346 62.245874656532784 15
      vertex 66.91658492650302 64.62059491194822 15
    endloop
  endfacet
  facet normal 0 0 1
    outer loop
      vertex 80.77001400121723 23.160428822523354 15
      vertex 81.5290984003406 20.327487277762078 15
      vertex 80.5620131870474 46.512499999999996 15
    endloop
  endfacet
  facet normal 0 0 1
    outer loop
      vertex 84.02499999999999 0 15
      vertex 83.61031615698 40.77947593005393 15
      vertex 83.97381424027951 2.932430210427644 15
    endloop
  endfacet
  facet normal 0 0 1
    outer loop
      vertex 84.02499999999999 0 15
      vertex 93.02499999999999 0 15
      vertex 83.61031615698 40.77947593005393 15
    endloop
  endfacet
  facet normal 0 0 1
    outer loop
      vertex 93.02499999999999 0 15
      vertex 92.96833168345138 3.2465256807501524 15
      vertex 92.79839577542013 6.489095970047256 15
    endloop
  endfacet
  facet normal 0 0 1
    outer loop
      vertex 93.02499999999999 0 15
      vertex 92.79839577542013 6.489095970047256 15
      vertex 92.51539931663362 9.723760295473463 15
    endloop
  endfacet
  facet normal 0 0 1
    outer loop
      vertex 93.02499999999999 0 15
      vertex 92.51539931663362 9.723760295473463 15
      vertex 92.11968709468458 12.946577716810086 15
    endloop
  endfacet
  facet normal 0 0 1
    outer loop
      vertex 93.02499999999999 0 15
      vertex 92.11968709468458 12.946577716810086 15
      vertex 91.61174122396065 16.15362172746619 15
    endloop
  endfacet
  facet normal 0 0 1
    outer loop
      vertex 93.02499999999999 0 15
      vertex 90.99218055826226 19.34098503832206 15
      vertex 90.26175993682456 22.504784338159087 15
    endloop
  endfacet
  facet normal 0 0 1
    outer loop
      vertex 93.02499999999999 0 15
      vertex 91.61174122396065 16.15362172746619 15
      vertex 90.99218055826226 19.34098503832206 15
    endloop
  endfacet
  facet normal 0 0 1
    outer loop
      vertex 83.97381424027951 2.932430210427644 15
      vertex 83.61031615698 40.77947593005393 15
      vertex 83.82031932308172 5.861287706350128 15
    endloop
  endfacet
  facet normal 0 0 1
    outer loop
      vertex 83.82031932308172 5.861287706350128 15
      vertex 83.61031615698 40.77947593005393 15
      vertex 83.56470225831916 8.783004126064583 15
    endloop
  endfacet
  facet normal 0 0 1
    outer loop
      vertex 83.56470225831916 8.783004126064583 15
      vertex 83.61031615698 40.77947593005393 15
      vertex 83.20727447601044 11.694019808169497 15
    endloop
  endfacet
  facet normal 0 0 1
    outer loop
      vertex 83.20727447601044 11.694019808169497 15
      vertex 83.61031615698 40.77947593005393 15
      vertex 82.74847144685077 14.590788128463819 15
    endloop
  endfacet
  facet normal 0 0 1
    outer loop
      vertex 82.74847144685077 14.590788128463819 15
      vertex 82.13619982570168 43.67259212815749 15
      vertex 82.18885215165801 17.469779820962227 15
    endloop
  endfacet
  facet normal 0 0 1
    outer loop
      vertex 82.18885215165801 17.469779820962227 15
      vertex 82.13619982570168 43.67259212815749 15
      vertex 81.5290984003406 20.327487277762078 15
    endloop
  endfacet
  facet normal 0 0 1
    outer loop
      vertex 93.02499999999999 0 15
      vertex 84.98256619720294 37.836676222126314 15
      vertex 83.61031615698 40.77947593005393 15
    endloop
  endfacet
  facet normal 0 0 1
    outer loop
      vertex 93.02499999999999 0 15
      vertex 88.47203242835666 28.746305901729478 15
      vertex 87.41490604860913 31.816423832870328 15
    endloop
  endfacet
  facet normal 0 0 1
    outer loop
      vertex 93.02499999999999 0 15
      vertex 87.41490604860913 31.816423832870328 15
      vertex 86.25127807107539 34.84777835251521 15
    endloop
  endfacet
  facet normal 0 0 1
    outer loop
      vertex 93.02499999999999 0 15
      vertex 90.26175993682456 22.504784338159087 15
      vertex 89.4213692646621 25.641165024876344 15
    endloop
  endfacet
  facet normal 0 0 1
    outer loop
      vertex 93.02499999999999 0 15
      vertex 89.4213692646621 25.641165024876344 15
      vertex 88.47203242835666 28.746305901729478 15
    endloop
  endfacet
  facet normal 0 0 1
    outer loop
      vertex 93.02499999999999 0 15
      vertex 86.25127807107539 34.84777835251521 15
      vertex 84.98256619720294 37.836676222126314 15
    endloop
  endfacet
  facet normal 0 0 1
    outer loop
      vertex 75.5211697402875 36.83413560895223 15
      vertex 75.25880590172947 54.67872309450731 15
      vertex 74.18967148997133 39.44734806308447 15
    endloop
  endfacet
  facet normal 0 0 1
    outer loop
      vertex 80.77001400121723 23.160428822523354 15
      vertex 80.5620131870474 46.512499999999996 15
      vertex 79.91252378170027 25.965152952354952 15
    endloop
  endfacet
  facet normal 0 0 1
    outer loop
      vertex 79.91252378170027 25.965152952354952 15
      vertex 78.88967414495151 49.295739555293885 15
      vertex 78.95767246153595 28.73824254293931 15
    endloop
  endfacet
  facet normal 0 0 1
    outer loop
      vertex 78.95767246153595 28.73824254293931 15
      vertex 78.88967414495151 49.295739555293885 15
      vertex 77.9066233799743 31.476319011772002 15
    endloop
  endfacet
  facet normal 0 0 1
    outer loop
      vertex 76.76065707841953 34.17604643444411 15
      vertex 75.25880590172947 54.67872309450731 15
      vertex 75.5211697402875 36.83413560895223 15
    endloop
  endfacet
  facet normal 0 0 1
    outer loop
      vertex 77.9066233799743 31.476319011772002 15
      vertex 77.12122018693275 52.01891984536623 15
      vertex 76.76065707841953 34.17604643444411 15
    endloop
  endfacet
  facet normal 0 0 1
    outer loop
      vertex 77.9066233799743 31.476319011772002 15
      vertex 78.88967414495151 49.295739555293885 15
      vertex 77.12122018693275 52.01891984536623 15
    endloop
  endfacet
  facet normal 0 0 1
    outer loop
      vertex 79.91252378170027 25.965152952354952 15
      vertex 80.5620131870474 46.512499999999996 15
      vertex 78.88967414495151 49.295739555293885 15
    endloop
  endfacet
  facet normal 0 0 1
    outer loop
      vertex 72.76778455298745 42.012499999999996 15
      vertex 71.26128432114292 59.79531739109031 15
      vertex 71.25724127954368 44.52646617719504 15
    endloop
  endfacet
  facet normal 0 0 1
    outer loop
      vertex 71.25724127954368 44.52646617719504 15
      vertex 71.26128432114292 59.79531739109031 15
      vertex 69.65988203393738 46.9861837141295 15
    endloop
  endfacet
  facet normal 0 0 1
    outer loop
      vertex 72.76778455298745 42.012499999999996 15
      vertex 73.3047003542653 57.27190874216936 15
      vertex 71.26128432114292 59.79531739109031 15
    endloop
  endfacet
  facet normal 0 0 1
    outer loop
      vertex 74.18967148997133 39.44734806308447 15
      vertex 73.3047003542653 57.27190874216936 15
      vertex 72.76778455298745 42.012499999999996 15
    endloop
  endfacet
  facet normal 0 0 1
    outer loop
      vertex 74.18967148997133 39.44734806308447 15
      vertex 75.25880590172947 54.67872309450731 15
      vertex 73.3047003542653 57.27190874216936 15
    endloop
  endfacet
  facet normal 0 0 1
    outer loop
      vertex 69.65988203393738 46.9861837141295 15
      vertex 71.26128432114292 59.79531739109031 15
      vertex 69.1310473900346 62.245874656532784 15
    endloop
  endfacet
  facet normal 0 0 1
    outer loop
      vertex 76.76065707841953 34.17604643444411 15
      vertex 77.12122018693275 52.01891984536623 15
      vertex 75.25880590172947 54.67872309450731 15
    endloop
  endfacet
  facet normal 0 0 1
    outer loop
      vertex 82.74847144685077 14.590788128463819 15
      vertex 83.61031615698 40.77947593005393 15
      vertex 82.13619982570168 43.67259212815749 15
    endloop
  endfacet
  facet normal 0 0 1
    outer loop
      vertex 81.5290984003406 20.327487277762078 15
      vertex 82.13619982570168 43.67259212815749 15
      vertex 80.5620131870474 46.512499999999996 15
    endloop
  endfacet
  facet normal 0.5735764363510473 0.8191520442889909 0
    outer loop
      vertex 54.67872309450731 75.25880590172947 0
      vertex 52.01891984536623 77.12122018693275 15
      vertex 54.67872309450731 75.25880590172947 15
    endloop
  endfacet
  facet normal 0.6018150231520499 0.7986355100472916 0
    outer loop
      vertex 57.27190874216936 73.3047003542653 0
      vertex 54.67872309450731 75.25880590172947 15
      vertex 57.27190874216936 73.3047003542653 15
    endloop
  endfacet
  facet normal 0.5150380749100557 0.8571673007021113 0
    outer loop
      vertex 49.295739555293885 78.88967414495151 0
      vertex 46.512499999999996 80.5620131870474 15
      vertex 49.295739555293885 78.88967414495151 15
    endloop
  endfacet
  facet normal 0.5446390350150248 0.8386705679454256 0
    outer loop
      vertex 52.01891984536623 77.12122018693275 0
      vertex 49.295739555293885 78.88967414495151 15
      vertex 52.01891984536623 77.12122018693275 15
    endloop
  endfacet
  facet normal 0.6819983600624989 0.73135370161917 0
    outer loop
      vertex 64.62059491194822 66.91658492650302 0
      vertex 62.245874656532784 69.1310473900346 15
      vertex 64.62059491194822 66.91658492650302 15
    endloop
  endfacet
  facet normal 0.6293203910498374 0.7771459614569709 0
    outer loop
      vertex 59.79531739109031 71.26128432114292 0
      vertex 57.27190874216936 73.3047003542653 15
      vertex 59.79531739109031 71.26128432114292 15
    endloop
  endfacet
  facet normal 0.6560590289905045 0.7547095802227743 0
    outer loop
      vertex 62.245874656532784 69.1310473900346 0
      vertex 59.79531739109031 71.26128432114292 15
      vertex 62.245874656532784 69.1310473900346 15
    endloop
  endfacet
  facet normal 0.7071067811865475 0.7071067811865475 0
    outer loop
      vertex 64.62059491194822 66.91658492650302 0
      vertex 64.62059491194822 66.91658492650302 15
      vertex 66.91658492650302 64.62059491194822 15
    endloop
  endfacet
  facet normal 0.73135370161917 0.6819983600624989 0
    outer loop
      vertex 66.91658492650302 64.62059491194822 0
      vertex 66.91658492650302 64.62059491194822 15
      vertex 69.1310473900346 62.245874656532784 15
    endloop
  endfacet
  facet normal 0.7547095802227743 0.6560590289905045 0
    outer loop
      vertex 69.1310473900346 62.245874656532784 0
      vertex 69.1310473900346 62.245874656532784 15
      vertex 71.26128432114292 59.79531739109031 15
    endloop
  endfacet
  facet normal 0 0 1
    outer loop
      vertex 49.38865582387505 67.97765295235496 15
      vertex 49.295739555293885 78.88967414495151 15
      vertex 46.9861837141295 69.65988203393738 15
    endloop
  endfacet
  facet normal 0 0 1
    outer loop
      vertex 51.730955464238434 66.2126035718048 15
      vertex 49.295739555293885 78.88967414495151 15
      vertex 49.38865582387505 67.97765295235496 15
    endloop
  endfacet
  facet normal 0 0 1
    outer loop
      vertex 51.730955464238434 66.2126035718048 15
      vertex 52.01891984536623 77.12122018693275 15
      vertex 49.295739555293885 78.88967414495151 15
    endloop
  endfacet
  facet normal 0 0 1
    outer loop
      vertex 56.223699199303056 62.44274396073804 15
      vertex 54.67872309450731 75.25880590172947 15
      vertex 54.010228903911454 64.36688433307212 15
    endloop
  endfacet
  facet normal 0 0 1
    outer loop
      vertex 56.223699199303056 62.44274396073804 15
      vertex 58.368669577817236 60.44252672345516 15
      vertex 57.27190874216936 73.3047003542653 15
    endloop
  endfacet
  facet normal 0 0 1
    outer loop
      vertex 51.730955464238434 66.2126035718048 15
      vertex 54.010228903911454 64.36688433307212 15
      vertex 52.01891984536623 77.12122018693275 15
    endloop
  endfacet
  facet normal 0 0 1
    outer loop
      vertex 54.010228903911454 64.36688433307212 15
      vertex 54.67872309450731 75.25880590172947 15
      vertex 52.01891984536623 77.12122018693275 15
    endloop
  endfacet
  facet normal 0 0 1
    outer loop
      vertex 56.223699199303056 62.44274396073804 15
      vertex 57.27190874216936 73.3047003542653 15
      vertex 54.67872309450731 75.25880590172947 15
    endloop
  endfacet
  facet normal 0 0 1
    outer loop
      vertex 46.9861837141295 69.65988203393738 15
      vertex 49.295739555293885 78.88967414495151 15
      vertex 46.512499999999996 80.5620131870474 15
    endloop
  endfacet
  facet normal 0 0 1
    outer loop
      vertex 60.44252672345516 58.368669577817236 15
      vertex 59.79531739109031 71.26128432114292 15
      vertex 58.368669577817236 60.44252672345516 15
    endloop
  endfacet
  facet normal 0 0 1
    outer loop
      vertex 58.368669577817236 60.44252672345516 15
      vertex 59.79531739109031 71.26128432114292 15
      vertex 57.27190874216936 73.3047003542653 15
    endloop
  endfacet
  facet normal 0 0 1
    outer loop
      vertex 60.44252672345516 58.368669577817236 15
      vertex 62.245874656532784 69.1310473900346 15
      vertex 59.79531739109031 71.26128432114292 15
    endloop
  endfacet
  facet normal 0 0 1
    outer loop
      vertex 62.44274396073804 56.223699199303056 15
      vertex 62.245874656532784 69.1310473900346 15
      vertex 60.44252672345516 58.368669577817236 15
    endloop
  endfacet
  facet normal 0 0 1
    outer loop
      vertex 64.35993170199288 54.059794671438574 15
      vertex 64.62059491194822 66.91658492650302 15
      vertex 62.245874656532784 69.1310473900346 15
    endloop
  endfacet
  facet normal 0 0 1
    outer loop
      vertex 66.2126035718048 51.730955464238434 15
      vertex 66.91658492650302 64.62059491194822 15
      vertex 64.62059491194822 66.91658492650302 15
    endloop
  endfacet
  facet normal 0.9998476951563913 -0.017452406437283876 2.6485978783243563e-19
    outer loop
      vertex -84.02499999999999 0 0
      vertex -83.97381424027951 2.932430210427644 0
      vertex -83.97381424027951 2.932430210427644 15
    endloop
  endfacet
  facet normal 0.9986295347545738 -0.052335956242945084 -1.4877413016981783e-19
    outer loop
      vertex -83.97381424027951 2.932430210427644 0
      vertex -83.82031932308172 5.861287706350128 0
      vertex -83.82031932308172 5.861287706350128 15
    endloop
  endfacet
  facet normal 0.9961946980917458 -0.0871557427476566 -4.462417966488657e-19
    outer loop
      vertex -83.82031932308172 5.861287706350128 0
      vertex -83.56470225831916 8.783004126064583 0
      vertex -83.56470225831916 8.783004126064583 15
    endloop
  endfacet
  facet normal 0.9925461516413222 -0.12186934340514666 -1.6952046828725575e-18
    outer loop
      vertex -83.56470225831916 8.783004126064583 0
      vertex -83.20727447601044 11.694019808169497 0
      vertex -83.20727447601044 11.694019808169497 15
    endloop
  endfacet
  facet normal 0.9876883405951375 -0.15643446504023245 -4.166757052733128e-20
    outer loop
      vertex -83.20727447601044 11.694019808169497 0
      vertex -82.74847144685077 14.590788128463819 0
      vertex -82.74847144685077 14.590788128463819 15
    endloop
  endfacet
  facet normal 0.9816271834476642 -0.19080899537654372 1.0222369097190862e-19
    outer loop
      vertex -82.74847144685077 14.590788128463819 0
      vertex -82.18885215165801 17.469779820962227 0
      vertex -82.18885215165801 17.469779820962227 15
    endloop
  endfacet
  facet normal 0.9743700647852356 -0.22495105434386353 2.3058282383092984e-18
    outer loop
      vertex -82.18885215165801 17.469779820962227 0
      vertex -81.5290984003406 20.327487277762078 0
      vertex -81.5290984003406 20.327487277762078 15
    endloop
  endfacet
  facet normal 0.9659258262890678 -0.25881904510252257 4.725982488975176e-18
    outer loop
      vertex -81.5290984003406 20.327487277762078 0
      vertex -80.77001400121723 23.160428822523354 0
      vertex -80.77001400121723 23.160428822523354 15
    endloop
  endfacet
  facet normal 0.9563047559630355 -0.29237170472273627 8.452830899871927e-20
    outer loop
      vertex -80.77001400121723 23.160428822523354 0
      vertex -79.91252378170027 25.965152952354952 0
      vertex -79.91252378170027 25.965152952354952 15
    endloop
  endfacet
  facet normal 0.9455185755993172 -0.3255681544571554 -2.5045207967373176e-18
    outer loop
      vertex -79.91252378170027 25.965152952354952 0
      vertex -78.95767246153595 28.73824254293931 0
      vertex -78.95767246153595 28.73824254293931 15
    endloop
  endfacet
  facet normal 0.9335804264972014 -0.3583679495453014 -2.296618593138727e-18
    outer loop
      vertex -78.95767246153595 28.73824254293931 0
      vertex -77.9066233799743 31.476319011772002 0
      vertex -77.9066233799743 31.476319011772002 15
    endloop
  endfacet
  facet normal 0.9205048534524396 -0.3907311284892755 1.6074144701319334e-19
    outer loop
      vertex -77.9066233799743 31.476319011772002 0
      vertex -76.76065707841953 34.17604643444411 0
      vertex -76.76065707841953 34.17604643444411 15
    endloop
  endfacet
  facet normal 0.9063077870366516 -0.42261826174069594 -3.3866879839402676e-18
    outer loop
      vertex -76.76065707841953 34.17604643444411 0
      vertex -75.5211697402875 36.83413560895223 0
      vertex -75.5211697402875 36.83413560895223 15
    endloop
  endfacet
  facet normal 0.8910065241883672 -0.4539904997395481 -2.704527839345881e-18
    outer loop
      vertex -75.5211697402875 36.83413560895223 0
      vertex -74.18967148997133 39.44734806308447 0
      vertex -74.18967148997133 39.44734806308447 15
    endloop
  endfacet
  facet normal 0.8746197071393954 -0.4848096202463378 -3.870602433783862e-18
    outer loop
      vertex -74.18967148997133 39.44734806308447 0
      vertex -72.76778455298745 42.012499999999996 0
      vertex -72.76778455298745 42.012499999999996 15
    endloop
  endfacet
  facet normal 0.857167300702111 -0.5150380749100564 4.921107095136632e-18
    outer loop
      vertex -72.76778455298745 42.012499999999996 0
      vertex -71.25724127954368 44.52646617719504 0
      vertex -71.25724127954368 44.52646617719504 15
    endloop
  endfacet
  facet normal 0.838670567945427 -0.5446390350150224 1.613379226678056e-18
    outer loop
      vertex -71.25724127954368 44.52646617719504 0
      vertex -69.65988203393738 46.9861837141295 0
      vertex -69.65988203393738 46.9861837141295 15
    endloop
  endfacet
  facet normal 0.819152044288991 -0.573576436351047 3.537073716631729e-18
    outer loop
      vertex -69.65988203393738 46.9861837141295 0
      vertex -67.97765295235496 49.38865582387505 0
      vertex -67.97765295235496 49.38865582387505 15
    endloop
  endfacet
  facet normal 0.798635510047292 -0.6018150231520494 8.454998173037543e-18
    outer loop
      vertex -67.97765295235496 49.38865582387505 0
      vertex -66.2126035718048 51.730955464238434 0
      vertex -66.2126035718048 51.730955464238434 15
    endloop
  endfacet
  facet normal 0.7771459614569634 -0.6293203910498467 8.781985949890693e-19
    outer loop
      vertex -66.2126035718048 51.730955464238434 0
      vertex -65.78609754928343 52.25764653869515 0
      vertex -65.78609754928343 52.25764653869515 15
    endloop
  endfacet
  facet normal 0.7547095802227721 -0.656059028990507 1.203851290665441e-18
    outer loop
      vertex -62.88737142073054 55.712213816344764 0
      vertex -62.44274396073804 56.223699199303056 0
      vertex -62.44274396073804 56.223699199303056 15
    endloop
  endfacet
  facet normal 0.7313537016191707 -0.6819983600624981 -1.6885851742215907e-18
    outer loop
      vertex -62.44274396073804 56.223699199303056 0
      vertex -60.44252672345516 58.368669577817236 0
      vertex -60.44252672345516 58.368669577817236 15
    endloop
  endfacet
  facet normal 0.7071067811865476 -0.7071067811865476 -8.446312300363153e-18
    outer loop
      vertex -60.44252672345516 58.368669577817236 0
      vertex -58.368669577817236 60.44252672345516 0
      vertex -58.368669577817236 60.44252672345516 15
    endloop
  endfacet
  facet normal 0.6819983600624981 -0.7313537016191707 -1.6885851742215907e-18
    outer loop
      vertex -58.368669577817236 60.44252672345516 0
      vertex -56.223699199303056 62.44274396073804 0
      vertex -56.223699199303056 62.44274396073804 15
    endloop
  endfacet
  facet normal 0.6560590289905062 -0.7547095802227729 -6.9189805286310905e-18
    outer loop
      vertex -56.223699199303056 62.44274396073804 0
      vertex -54.010228903911454 64.36688433307212 0
      vertex -54.010228903911454 64.36688433307212 15
    endloop
  endfacet
  facet normal 0.6293203910498394 -0.7771459614569692 -3.80511105343231e-18
    outer loop
      vertex -54.010228903911454 64.36688433307212 0
      vertex -51.730955464238434 66.2126035718048 0
      vertex -51.730955464238434 66.2126035718048 15
    endloop
  endfacet
  facet normal 0.6018150231520494 -0.798635510047292 8.454998173037543e-18
    outer loop
      vertex -51.730955464238434 66.2126035718048 0
      vertex -49.38865582387505 67.97765295235496 0
      vertex -49.38865582387505 67.97765295235496 15
    endloop
  endfacet
  facet normal 0.573576436351047 -0.819152044288991 3.537073716631729e-18
    outer loop
      vertex -49.38865582387505 67.97765295235496 0
      vertex -46.9861837141295 69.65988203393738 0
      vertex -46.9861837141295 69.65988203393738 15
    endloop
  endfacet
  facet normal 0.5446390350150224 -0.838670567945427 1.613379226678056e-18
    outer loop
      vertex -46.9861837141295 69.65988203393738 0
      vertex -44.52646617719504 71.25724127954368 0
      vertex -44.52646617719504 71.25724127954368 15
    endloop
  endfacet
  facet normal 0.5150380749100432 -0.8571673007021188 -4.803646234810926e-19
    outer loop
      vertex -44.52646617719504 71.25724127954368 0
      vertex -43.94554265833692 71.60629534469243 0
      vertex -43.94554265833692 71.60629534469243 15
    endloop
  endfacet
  facet normal 0.48480962024633906 -0.8746197071393946 -9.76541499420824e-19
    outer loop
      vertex -40.04009951022658 73.86110399755873 0
      vertex -39.44734806308447 74.18967148997133 0
      vertex -39.44734806308447 74.18967148997133 15
    endloop
  endfacet
  facet normal 0.4539904997395481 -0.8910065241883672 -2.704527839345881e-18
    outer loop
      vertex -39.44734806308447 74.18967148997133 0
      vertex -36.83413560895223 75.5211697402875 0
      vertex -36.83413560895223 75.5211697402875 15
    endloop
  endfacet
  facet normal 0.42261826174069594 -0.9063077870366516 -3.3866879839402676e-18
    outer loop
      vertex -36.83413560895223 75.5211697402875 0
      vertex -34.17604643444411 76.76065707841953 0
      vertex -34.17604643444411 76.76065707841953 15
    endloop
  endfacet
  facet normal 0.3907311284892755 -0.9205048534524396 1.6074144701319334e-19
    outer loop
      vertex -34.17604643444411 76.76065707841953 0
      vertex -31.476319011772002 77.9066233799743 0
      vertex -31.476319011772002 77.9066233799743 15
    endloop
  endfacet
  facet normal 0.3583679495453014 -0.9335804264972014 -2.296618593138727e-18
    outer loop
      vertex -31.476319011772002 77.9066233799743 0
      vertex -28.73824254293931 78.95767246153595 0
      vertex -28.73824254293931 78.95767246153595 15
    endloop
  endfacet
  facet normal 0.3255681544571554 -0.9455185755993172 -2.5045207967373176e-18
    outer loop
      vertex -28.73824254293931 78.95767246153595 0
      vertex -25.965152952354952 79.91252378170027 0
      vertex -25.965152952354952 79.91252378170027 15
    endloop
  endfacet
  facet normal 0.29237170472273627 -0.9563047559630355 8.452830899871927e-20
    outer loop
      vertex -25.965152952354952 79.91252378170027 0
      vertex -23.160428822523354 80.77001400121723 0
      vertex -23.160428822523354 80.77001400121723 15
    endloop
  endfacet
  facet normal 0.25881904510252257 -0.9659258262890678 4.725982488975176e-18
    outer loop
      vertex -23.160428822523354 80.77001400121723 0
      vertex -20.327487277762078 81.5290984003406 0
      vertex -20.327487277762078 81.5290984003406 15
    endloop
  endfacet
  facet normal 0.22495105434386728 -0.9743700647852346 -7.697013766667432e-19
    outer loop
      vertex -20.327487277762078 81.5290984003406 0
      vertex -18.873420766313668 81.86479610561496 0
      vertex -18.873420766313668 81.86479610561496 15
    endloop
  endfacet
  facet normal 0.12186934340514666 -0.9925461516413222 -1.6952046828725575e-18
    outer loop
      vertex -11.694019808169497 83.20727447601044 0
      vertex -8.783004126064583 83.56470225831916 0
      vertex -8.783004126064583 83.56470225831916 15
    endloop
  endfacet
  facet normal 0.9998476951563913 -0.017452406437283876 0
    outer loop
      vertex -84.02499999999999 0 0
      vertex -83.97381424027951 2.932430210427644 15
      vertex -84.02499999999999 0 15
    endloop
  endfacet
  facet normal 0.9986295347545738 -0.052335956242945084 0
    outer loop
      vertex -83.97381424027951 2.932430210427644 0
      vertex -83.82031932308172 5.861287706350128 15
      vertex -83.97381424027951 2.932430210427644 15
    endloop
  endfacet
  facet normal 0.9961946980917458 -0.0871557427476566 0
    outer loop
      vertex -83.82031932308172 5.861287706350128 0
      vertex -83.56470225831916 8.783004126064583 15
      vertex -83.82031932308172 5.861287706350128 15
    endloop
  endfacet
  facet normal 0.9925461516413222 -0.12186934340514666 0
    outer loop
      vertex -83.56470225831916 8.783004126064583 0
      vertex -83.20727447601044 11.694019808169497 15
      vertex -83.56470225831916 8.783004126064583 15
    endloop
  endfacet
  facet normal 0.9876883405951375 -0.15643446504023245 0
    outer loop
      vertex -83.20727447601044 11.694019808169497 0
      vertex -82.74847144685077 14.590788128463819 15
      vertex -83.20727447601044 11.694019808169497 15
    endloop
  endfacet
  facet normal 0.9816271834476642 -0.19080899537654372 0
    outer loop
      vertex -82.74847144685077 14.590788128463819 0
      vertex -82.18885215165801 17.469779820962227 15
      vertex -82.74847144685077 14.590788128463819 15
    endloop
  endfacet
  facet normal 0.9743700647852356 -0.22495105434386353 0
    outer loop
      vertex -82.18885215165801 17.469779820962227 0
      vertex -81.5290984003406 20.327487277762078 15
      vertex -82.18885215165801 17.469779820962227 15
    endloop
  endfacet
  facet normal 0.9659258262890678 -0.25881904510252257 0
    outer loop
      vertex -81.5290984003406 20.327487277762078 0
      vertex -80.77001400121723 23.160428822523354 15
      vertex -81.5290984003406 20.327487277762078 15
    endloop
  endfacet
  facet normal 0.9563047559630355 -0.29237170472273627 0
    outer loop
      vertex -80.77001400121723 23.160428822523354 0
      vertex -79.91252378170027 25.965152952354952 15
      vertex -80.77001400121723 23.160428822523354 15
    endloop
  endfacet
  facet normal 0.9455185755993172 -0.3255681544571554 0
    outer loop
      vertex -79.91252378170027 25.965152952354952 0
      vertex -78.95767246153595 28.73824254293931 15
      vertex -79.91252378170027 25.965152952354952 15
    endloop
  endfacet
  facet normal 0.9335804264972014 -0.3583679495453014 0
    outer loop
      vertex -78.95767246153595 28.73824254293931 0
      vertex -77.9066233799743 31.476319011772002 15
      vertex -78.95767246153595 28.73824254293931 15
    endloop
  endfacet
  facet normal 0.9205048534524396 -0.3907311284892755 0
    outer loop
      vertex -77.9066233799743 31.476319011772002 0
      vertex -76.76065707841953 34.17604643444411 15
      vertex -77.9066233799743 31.476319011772002 15
    endloop
  endfacet
  facet normal 0.9063077870366516 -0.42261826174069594 0
    outer loop
      vertex -76.76065707841953 34.17604643444411 0
      vertex -75.5211697402875 36.83413560895223 15
      vertex -76.76065707841953 34.17604643444411 15
    endloop
  endfacet
  facet normal 0.8910065241883672 -0.4539904997395481 0
    outer loop
      vertex -75.5211697402875 36.83413560895223 0
      vertex -74.18967148997133 39.44734806308447 15
      vertex -75.5211697402875 36.83413560895223 15
    endloop
  endfacet
  facet normal 0.8746197071393954 -0.4848096202463378 0
    outer loop
      vertex -74.18967148997133 39.44734806308447 0
      vertex -72.76778455298745 42.012499999999996 15
      vertex -74.18967148997133 39.44734806308447 15
    endloop
  endfacet
  facet normal 0.857167300702111 -0.5150380749100564 0
    outer loop
      vertex -72.76778455298745 42.012499999999996 0
      vertex -71.25724127954368 44.52646617719504 15
      vertex -72.76778455298745 42.012499999999996 15
    endloop
  endfacet
  facet normal 0.838670567945427 -0.5446390350150224 0
    outer loop
      vertex -71.25724127954368 44.52646617719504 0
      vertex -69.65988203393738 46.9861837141295 15
      vertex -71.25724127954368 44.52646617719504 15
    endloop
  endfacet
  facet normal 0.819152044288991 -0.573576436351047 0
    outer loop
      vertex -69.65988203393738 46.9861837141295 0
      vertex -67.97765295235496 49.38865582387505 15
      vertex -69.65988203393738 46.9861837141295 15
    endloop
  endfacet
  facet normal 0.798635510047292 -0.6018150231520494 0
    outer loop
      vertex -67.97765295235496 49.38865582387505 0
      vertex -66.2126035718048 51.730955464238434 15
      vertex -67.97765295235496 49.38865582387505 15
    endloop
  endfacet
  facet normal 0.7771459614569634 -0.6293203910498467 0
    outer loop
      vertex -66.2126035718048 51.730955464238434 0
      vertex -65.78609754928343 52.25764653869515 15
      vertex -66.2126035718048 51.730955464238434 15
    endloop
  endfacet
  facet normal 0.7547095802227721 -0.656059028990507 0
    outer loop
      vertex -62.88737142073054 55.712213816344764 0
      vertex -62.44274396073804 56.223699199303056 15
      vertex -62.88737142073054 55.712213816344764 15
    endloop
  endfacet
  facet normal 0.7313537016191707 -0.6819983600624981 0
    outer loop
      vertex -62.44274396073804 56.223699199303056 0
      vertex -60.44252672345516 58.368669577817236 15
      vertex -62.44274396073804 56.223699199303056 15
    endloop
  endfacet
  facet normal 0.7071067811865476 -0.7071067811865476 0
    outer loop
      vertex -60.44252672345516 58.368669577817236 0
      vertex -58.368669577817236 60.44252672345516 15
      vertex -60.44252672345516 58.368669577817236 15
    endloop
  endfacet
  facet normal 0.6819983600624981 -0.7313537016191707 0
    outer loop
      vertex -58.368669577817236 60.44252672345516 0
      vertex -56.223699199303056 62.44274396073804 15
      vertex -58.368669577817236 60.44252672345516 15
    endloop
  endfacet
  facet normal 0.6560590289905062 -0.7547095802227729 0
    outer loop
      vertex -56.223699199303056 62.44274396073804 0
      vertex -54.010228903911454 64.36688433307212 15
      vertex -56.223699199303056 62.44274396073804 15
    endloop
  endfacet
  facet normal 0.6293203910498394 -0.7771459614569692 0
    outer loop
      vertex -54.010228903911454 64.36688433307212 0
      vertex -51.730955464238434 66.2126035718048 15
      vertex -54.010228903911454 64.36688433307212 15
    endloop
  endfacet
  facet normal 0.6018150231520494 -0.798635510047292 0
    outer loop
      vertex -51.730955464238434 66.2126035718048 0
      vertex -49.38865582387505 67.97765295235496 15
      vertex -51.730955464238434 66.2126035718048 15
    endloop
  endfacet
  facet normal 0.573576436351047 -0.819152044288991 0
    outer loop
      vertex -49.38865582387505 67.97765295235496 0
      vertex -46.9861837141295 69.65988203393738 15
      vertex -49.38865582387505 67.97765295235496 15
    endloop
  endfacet
  facet normal 0.5446390350150224 -0.838670567945427 0
    outer loop
      vertex -46.9861837141295 69.65988203393738 0
      vertex -44.52646617719504 71.25724127954368 15
      vertex -46.9861837141295 69.65988203393738 15
    endloop
  endfacet
  facet normal 0.5150380749100432 -0.8571673007021188 0
    outer loop
      vertex -44.52646617719504 71.25724127954368 0
      vertex -43.94554265833692 71.60629534469243 15
      vertex -44.52646617719504 71.25724127954368 15
    endloop
  endfacet
  facet normal 0.48480962024633906 -0.8746197071393946 0
    outer loop
      vertex -40.04009951022658 73.86110399755873 0
      vertex -39.44734806308447 74.18967148997133 15
      vertex -40.04009951022658 73.86110399755873 15
    endloop
  endfacet
  facet normal 0.4539904997395481 -0.8910065241883672 0
    outer loop
      vertex -39.44734806308447 74.18967148997133 0
      vertex -36.83413560895223 75.5211697402875 15
      vertex -39.44734806308447 74.18967148997133 15
    endloop
  endfacet
  facet normal 0.42261826174069594 -0.9063077870366516 0
    outer loop
      vertex -36.83413560895223 75.5211697402875 0
      vertex -34.17604643444411 76.76065707841953 15
      vertex -36.83413560895223 75.5211697402875 15
    endloop
  endfacet
  facet normal 0.3907311284892755 -0.9205048534524396 0
    outer loop
      vertex -34.17604643444411 76.76065707841953 0
      vertex -31.476319011772002 77.9066233799743 15
      vertex -34.17604643444411 76.76065707841953 15
    endloop
  endfacet
  facet normal 0.3583679495453014 -0.9335804264972014 0
    outer loop
      vertex -31.476319011772002 77.9066233799743 0
      vertex -28.73824254293931 78.95767246153595 15
      vertex -31.476319011772002 77.9066233799743 15
    endloop
  endfacet
  facet normal 0.3255681544571554 -0.9455185755993172 0
    outer loop
      vertex -28.73824254293931 78.95767246153595 0
      vertex -25.965152952354952 79.91252378170027 15
      vertex -28.73824254293931 78.95767246153595 15
    endloop
  endfacet
  facet normal 0.29237170472273627 -0.9563047559630355 0
    outer loop
      vertex -25.965152952354952 79.91252378170027 0
      vertex -23.160428822523354 80.77001400121723 15
      vertex -25.965152952354952 79.91252378170027 15
    endloop
  endfacet
  facet normal 0.25881904510252257 -0.9659258262890678 0
    outer loop
      vertex -23.160428822523354 80.77001400121723 0
      vertex -20.327487277762078 81.5290984003406 15
      vertex -23.160428822523354 80.77001400121723 15
    endloop
  endfacet
  facet normal 0.22495105434386728 -0.9743700647852346 0
    outer loop
      vertex -20.327487277762078 81.5290984003406 0
      vertex -18.873420766313668 81.86479610561496 15
      vertex -20.327487277762078 81.5290984003406 15
    endloop
  endfacet
  facet normal 0.12186934340514666 -0.9925461516413222 0
    outer loop
      vertex -11.694019808169497 83.20727447601044 0
      vertex -8.783004126064583 83.56470225831916 15
      vertex -11.694019808169497 83.20727447601044 15
    endloop
  endfacet
  facet normal -0.22495105434386728 -0.9743700647852346 0
    outer loop
      vertex 20.327487277762078 81.5290984003406 0
      vertex 20.327487277762078 81.5290984003406 15
      vertex 18.873420766313668 81.86479610561496 0
    endloop
  endfacet
  facet normal -0.25881904510252257 -0.9659258262890678 0
    outer loop
      vertex 23.160428822523354 80.77001400121723 0
      vertex 23.160428822523354 80.77001400121723 15
      vertex 20.327487277762078 81.5290984003406 0
    endloop
  endfacet
  facet normal -0.29237170472273627 -0.9563047559630355 -8.452830899871927e-20
    outer loop
      vertex 23.160428822523354 80.77001400121723 0
      vertex 25.965152952354952 79.91252378170027 0
      vertex 25.965152952354952 79.91252378170027 15
    endloop
  endfacet
  facet normal -0.3255681544571554 -0.9455185755993172 2.5045207967373176e-18
    outer loop
      vertex 25.965152952354952 79.91252378170027 0
      vertex 28.73824254293931 78.95767246153595 0
      vertex 28.73824254293931 78.95767246153595 15
    endloop
  endfacet
  facet normal -0.3583679495453014 -0.9335804264972014 2.296618593138727e-18
    outer loop
      vertex 28.73824254293931 78.95767246153595 0
      vertex 31.476319011772002 77.9066233799743 0
      vertex 31.476319011772002 77.9066233799743 15
    endloop
  endfacet
  facet normal -0.3907311284892755 -0.9205048534524396 -1.6074144701319334e-19
    outer loop
      vertex 31.476319011772002 77.9066233799743 0
      vertex 34.17604643444411 76.76065707841953 0
      vertex 34.17604643444411 76.76065707841953 15
    endloop
  endfacet
  facet normal -0.42261826174069594 -0.9063077870366516 3.3866879839402676e-18
    outer loop
      vertex 34.17604643444411 76.76065707841953 0
      vertex 36.83413560895223 75.5211697402875 0
      vertex 36.83413560895223 75.5211697402875 15
    endloop
  endfacet
  facet normal -0.4539904997395481 -0.8910065241883672 2.704527839345881e-18
    outer loop
      vertex 36.83413560895223 75.5211697402875 0
      vertex 39.44734806308447 74.18967148997133 0
      vertex 39.44734806308447 74.18967148997133 15
    endloop
  endfacet
  facet normal -0.48480962024633906 -0.8746197071393946 0
    outer loop
      vertex 40.04009951022658 73.86110399755873 0
      vertex 40.04009951022658 73.86110399755873 15
      vertex 39.44734806308447 74.18967148997133 0
    endloop
  endfacet
  facet normal -0.5150380749100432 -0.8571673007021188 4.803646234810926e-19
    outer loop
      vertex 43.94554265833692 71.60629534469243 0
      vertex 44.52646617719504 71.25724127954368 0
      vertex 44.52646617719504 71.25724127954368 15
    endloop
  endfacet
  facet normal -0.5446390350150224 -0.838670567945427 -1.613379226678056e-18
    outer loop
      vertex 44.52646617719504 71.25724127954368 0
      vertex 46.9861837141295 69.65988203393738 0
      vertex 46.9861837141295 69.65988203393738 15
    endloop
  endfacet
  facet normal -0.7071067811865476 -0.7071067811865476 0
    outer loop
      vertex 60.44252672345516 58.368669577817236 0
      vertex 60.44252672345516 58.368669577817236 15
      vertex 58.368669577817236 60.44252672345516 0
    endloop
  endfacet
  facet normal -0.7313537016191707 -0.6819983600624981 0
    outer loop
      vertex 62.44274396073804 56.223699199303056 0
      vertex 62.44274396073804 56.223699199303056 15
      vertex 60.44252672345516 58.368669577817236 0
    endloop
  endfacet
  facet normal -0.7547095802227721 -0.656059028990507 -1.203851290665441e-18
    outer loop
      vertex 62.44274396073804 56.223699199303056 0
      vertex 62.88737142073054 55.712213816344764 0
      vertex 62.88737142073054 55.712213816344764 15
    endloop
  endfacet
  facet normal -0.7771459614569634 -0.6293203910498467 -8.781985949890693e-19
    outer loop
      vertex 65.78609754928343 52.25764653869515 0
      vertex 66.2126035718048 51.730955464238434 0
      vertex 66.2126035718048 51.730955464238434 15
    endloop
  endfacet
  facet normal -0.819152044288991 -0.573576436351047 0
    outer loop
      vertex 69.65988203393738 46.9861837141295 0
      vertex 69.65988203393738 46.9861837141295 15
      vertex 67.97765295235496 49.38865582387505 0
    endloop
  endfacet
  facet normal -0.798635510047292 -0.6018150231520494 0
    outer loop
      vertex 67.97765295235496 49.38865582387505 0
      vertex 67.97765295235496 49.38865582387505 15
      vertex 66.2126035718048 51.730955464238434 0
    endloop
  endfacet
  facet normal -0.9659258262890678 -0.25881904510252257 -4.725982488975176e-18
    outer loop
      vertex 80.77001400121723 23.160428822523354 0
      vertex 81.5290984003406 20.327487277762078 0
      vertex 81.5290984003406 20.327487277762078 15
    endloop
  endfacet
  facet normal -0.9563047559630355 -0.29237170472273627 0
    outer loop
      vertex 80.77001400121723 23.160428822523354 0
      vertex 80.77001400121723 23.160428822523354 15
      vertex 79.91252378170027 25.965152952354952 0
    endloop
  endfacet
  facet normal -0.9455185755993172 -0.3255681544571554 0
    outer loop
      vertex 79.91252378170027 25.965152952354952 0
      vertex 79.91252378170027 25.965152952354952 15
      vertex 78.95767246153595 28.73824254293931 0
    endloop
  endfacet
  facet normal -0.9335804264972014 -0.3583679495453014 0
    outer loop
      vertex 78.95767246153595 28.73824254293931 0
      vertex 78.95767246153595 28.73824254293931 15
      vertex 77.9066233799743 31.476319011772002 0
    endloop
  endfacet
  facet normal -0.9998476951563913 -0.017452406437283876 0
    outer loop
      vertex 84.02499999999999 0 0
      vertex 84.02499999999999 0 15
      vertex 83.97381424027951 2.932430210427644 0
    endloop
  endfacet
  facet normal -0.9986295347545738 -0.052335956242945084 0
    outer loop
      vertex 83.97381424027951 2.932430210427644 0
      vertex 83.97381424027951 2.932430210427644 15
      vertex 83.82031932308172 5.861287706350128 0
    endloop
  endfacet
  facet normal -0.9961946980917458 -0.0871557427476566 0
    outer loop
      vertex 83.82031932308172 5.861287706350128 0
      vertex 83.82031932308172 5.861287706350128 15
      vertex 83.56470225831916 8.783004126064583 0
    endloop
  endfacet
  facet normal -0.9925461516413222 -0.12186934340514666 0
    outer loop
      vertex 83.56470225831916 8.783004126064583 0
      vertex 83.56470225831916 8.783004126064583 15
      vertex 83.20727447601044 11.694019808169497 0
    endloop
  endfacet
  facet normal -0.9876883405951375 -0.15643446504023245 0
    outer loop
      vertex 83.20727447601044 11.694019808169497 0
      vertex 83.20727447601044 11.694019808169497 15
      vertex 82.74847144685077 14.590788128463819 0
    endloop
  endfacet
  facet normal -0.9816271834476642 -0.19080899537654372 0
    outer loop
      vertex 82.74847144685077 14.590788128463819 0
      vertex 82.74847144685077 14.590788128463819 15
      vertex 82.18885215165801 17.469779820962227 0
    endloop
  endfacet
  facet normal -0.9743700647852356 -0.22495105434386353 0
    outer loop
      vertex 82.18885215165801 17.469779820962227 0
      vertex 82.18885215165801 17.469779820962227 15
      vertex 81.5290984003406 20.327487277762078 0
    endloop
  endfacet
  facet normal -0.8910065241883672 -0.4539904997395481 0
    outer loop
      vertex 75.5211697402875 36.83413560895223 0
      vertex 75.5211697402875 36.83413560895223 15
      vertex 74.18967148997133 39.44734806308447 0
    endloop
  endfacet
  facet normal -0.838670567945427 -0.5446390350150224 0
    outer loop
      vertex 71.25724127954368 44.52646617719504 0
      vertex 71.25724127954368 44.52646617719504 15
      vertex 69.65988203393738 46.9861837141295 0
    endloop
  endfacet
  facet normal -0.857167300702111 -0.5150380749100564 0
    outer loop
      vertex 72.76778455298745 42.012499999999996 0
      vertex 72.76778455298745 42.012499999999996 15
      vertex 71.25724127954368 44.52646617719504 0
    endloop
  endfacet
  facet normal -0.8746197071393954 -0.4848096202463378 0
    outer loop
      vertex 74.18967148997133 39.44734806308447 0
      vertex 74.18967148997133 39.44734806308447 15
      vertex 72.76778455298745 42.012499999999996 0
    endloop
  endfacet
  facet normal -0.9205048534524396 -0.3907311284892755 0
    outer loop
      vertex 77.9066233799743 31.476319011772002 0
      vertex 77.9066233799743 31.476319011772002 15
      vertex 76.76065707841953 34.17604643444411 0
    endloop
  endfacet
  facet normal -0.9063077870366516 -0.42261826174069594 0
    outer loop
      vertex 76.76065707841953 34.17604643444411 0
      vertex 76.76065707841953 34.17604643444411 15
      vertex 75.5211697402875 36.83413560895223 0
    endloop
  endfacet
  facet normal -0.573576436351047 -0.819152044288991 0
    outer loop
      vertex 49.38865582387505 67.97765295235496 0
      vertex 49.38865582387505 67.97765295235496 15
      vertex 46.9861837141295 69.65988203393738 0
    endloop
  endfacet
  facet normal -0.6018150231520494 -0.798635510047292 0
    outer loop
      vertex 51.730955464238434 66.2126035718048 0
      vertex 51.730955464238434 66.2126035718048 15
      vertex 49.38865582387505 67.97765295235496 0
    endloop
  endfacet
  facet normal -0.6293203910498394 -0.7771459614569692 3.80511105343231e-18
    outer loop
      vertex 51.730955464238434 66.2126035718048 0
      vertex 54.010228903911454 64.36688433307212 0
      vertex 54.010228903911454 64.36688433307212 15
    endloop
  endfacet
  facet normal -0.6560590289905062 -0.7547095802227729 0
    outer loop
      vertex 56.223699199303056 62.44274396073804 0
      vertex 56.223699199303056 62.44274396073804 15
      vertex 54.010228903911454 64.36688433307212 0
    endloop
  endfacet
  facet normal -0.6819983600624981 -0.7313537016191707 1.6885851742215907e-18
    outer loop
      vertex 56.223699199303056 62.44274396073804 0
      vertex 58.368669577817236 60.44252672345516 0
      vertex 58.368669577817236 60.44252672345516 15
    endloop
  endfacet
  facet normal -0.22495105434386728 -0.9743700647852346 7.697013766667432e-19
    outer loop
      vertex 20.327487277762078 81.5290984003406 15
      vertex 18.873420766313668 81.86479610561496 15
      vertex 18.873420766313668 81.86479610561496 0
    endloop
  endfacet
  facet normal -0.25881904510252257 -0.9659258262890678 0
    outer loop
      vertex 20.327487277762078 81.5290984003406 0
      vertex 23.160428822523354 80.77001400121723 15
      vertex 20.327487277762078 81.5290984003406 15
    endloop
  endfacet
  facet normal -0.29237170472273627 -0.9563047559630355 0
    outer loop
      vertex 23.160428822523354 80.77001400121723 0
      vertex 25.965152952354952 79.91252378170027 15
      vertex 23.160428822523354 80.77001400121723 15
    endloop
  endfacet
  facet normal -0.3255681544571554 -0.9455185755993172 0
    outer loop
      vertex 25.965152952354952 79.91252378170027 0
      vertex 28.73824254293931 78.95767246153595 15
      vertex 25.965152952354952 79.91252378170027 15
    endloop
  endfacet
  facet normal -0.3583679495453014 -0.9335804264972014 0
    outer loop
      vertex 28.73824254293931 78.95767246153595 0
      vertex 31.476319011772002 77.9066233799743 15
      vertex 28.73824254293931 78.95767246153595 15
    endloop
  endfacet
  facet normal -0.3907311284892755 -0.9205048534524396 0
    outer loop
      vertex 31.476319011772002 77.9066233799743 0
      vertex 34.17604643444411 76.76065707841953 15
      vertex 31.476319011772002 77.9066233799743 15
    endloop
  endfacet
  facet normal -0.4539904997395481 -0.8910065241883672 0
    outer loop
      vertex 36.83413560895223 75.5211697402875 0
      vertex 39.44734806308447 74.18967148997133 15
      vertex 36.83413560895223 75.5211697402875 15
    endloop
  endfacet
  facet normal -0.48480962024633906 -0.8746197071393946 0
    outer loop
      vertex 39.44734806308447 74.18967148997133 0
      vertex 40.04009951022658 73.86110399755873 15
      vertex 39.44734806308447 74.18967148997133 15
    endloop
  endfacet
  facet normal -0.5150380749100432 -0.8571673007021188 0
    outer loop
      vertex 43.94554265833692 71.60629534469243 0
      vertex 44.52646617719504 71.25724127954368 15
      vertex 43.94554265833692 71.60629534469243 15
    endloop
  endfacet
  facet normal -0.5446390350150224 -0.838670567945427 0
    outer loop
      vertex 44.52646617719504 71.25724127954368 0
      vertex 46.9861837141295 69.65988203393738 15
      vertex 44.52646617719504 71.25724127954368 15
    endloop
  endfacet
  facet normal -0.42261826174069594 -0.9063077870366516 0
    outer loop
      vertex 34.17604643444411 76.76065707841953 0
      vertex 36.83413560895223 75.5211697402875 15
      vertex 34.17604643444411 76.76065707841953 15
    endloop
  endfacet
  facet normal -0.7071067811865476 -0.7071067811865476 0
    outer loop
      vertex 58.368669577817236 60.44252672345516 0
      vertex 60.44252672345516 58.368669577817236 15
      vertex 58.368669577817236 60.44252672345516 15
    endloop
  endfacet
  facet normal -0.7547095802227721 -0.656059028990507 0
    outer loop
      vertex 62.44274396073804 56.223699199303056 0
      vertex 62.88737142073054 55.712213816344764 15
      vertex 62.44274396073804 56.223699199303056 15
    endloop
  endfacet
  facet normal -0.7313537016191707 -0.6819983600624981 0
    outer loop
      vertex 60.44252672345516 58.368669577817236 0
      vertex 62.44274396073804 56.223699199303056 15
      vertex 60.44252672345516 58.368669577817236 15
    endloop
  endfacet
  facet normal -0.798635510047292 -0.6018150231520494 0
    outer loop
      vertex 66.2126035718048 51.730955464238434 0
      vertex 67.97765295235496 49.38865582387505 15
      vertex 66.2126035718048 51.730955464238434 15
    endloop
  endfacet
  facet normal -0.7771459614569634 -0.6293203910498467 0
    outer loop
      vertex 65.78609754928343 52.25764653869515 0
      vertex 66.2126035718048 51.730955464238434 15
      vertex 65.78609754928343 52.25764653869515 15
    endloop
  endfacet
  facet normal -0.819152044288991 -0.573576436351047 0
    outer loop
      vertex 67.97765295235496 49.38865582387505 0
      vertex 69.65988203393738 46.9861837141295 15
      vertex 67.97765295235496 49.38865582387505 15
    endloop
  endfacet
  facet normal -0.9659258262890678 -0.25881904510252257 0
    outer loop
      vertex 80.77001400121723 23.160428822523354 0
      vertex 81.5290984003406 20.327487277762078 15
      vertex 80.77001400121723 23.160428822523354 15
    endloop
  endfacet
  facet normal -0.9563047559630355 -0.29237170472273627 0
    outer loop
      vertex 79.91252378170027 25.965152952354952 0
      vertex 80.77001400121723 23.160428822523354 15
      vertex 79.91252378170027 25.965152952354952 15
    endloop
  endfacet
  facet normal -0.9455185755993172 -0.3255681544571554 0
    outer loop
      vertex 78.95767246153595 28.73824254293931 0
      vertex 79.91252378170027 25.965152952354952 15
      vertex 78.95767246153595 28.73824254293931 15
    endloop
  endfacet
  facet normal -0.9998476951563913 -0.017452406437283876 0
    outer loop
      vertex 83.97381424027951 2.932430210427644 0
      vertex 84.02499999999999 0 15
      vertex 83.97381424027951 2.932430210427644 15
    endloop
  endfacet
  facet normal -0.9986295347545738 -0.052335956242945084 0
    outer loop
      vertex 83.82031932308172 5.861287706350128 0
      vertex 83.97381424027951 2.932430210427644 15
      vertex 83.82031932308172 5.861287706350128 15
    endloop
  endfacet
  facet normal -0.9961946980917458 -0.0871557427476566 0
    outer loop
      vertex 83.56470225831916 8.783004126064583 0
      vertex 83.82031932308172 5.861287706350128 15
      vertex 83.56470225831916 8.783004126064583 15
    endloop
  endfacet
  facet normal -0.9925461516413222 -0.12186934340514666 0
    outer loop
      vertex 83.20727447601044 11.694019808169497 0
      vertex 83.56470225831916 8.783004126064583 15
      vertex 83.20727447601044 11.694019808169497 15
    endloop
  endfacet
  facet normal -0.9876883405951375 -0.15643446504023245 0
    outer loop
      vertex 82.74847144685077 14.590788128463819 0
      vertex 83.20727447601044 11.694019808169497 15
      vertex 82.74847144685077 14.590788128463819 15
    endloop
  endfacet
  facet normal -0.9816271834476642 -0.19080899537654372 0
    outer loop
      vertex 82.18885215165801 17.469779820962227 0
      vertex 82.74847144685077 14.590788128463819 15
      vertex 82.18885215165801 17.469779820962227 15
    endloop
  endfacet
  facet normal -0.9743700647852356 -0.22495105434386353 0
    outer loop
      vertex 81.5290984003406 20.327487277762078 0
      vertex 82.18885215165801 17.469779820962227 15
      vertex 81.5290984003406 20.327487277762078 15
    endloop
  endfacet
  facet normal -0.857167300702111 -0.5150380749100564 0
    outer loop
      vertex 71.25724127954368 44.52646617719504 0
      vertex 72.76778455298745 42.012499999999996 15
      vertex 71.25724127954368 44.52646617719504 15
    endloop
  endfacet
  facet normal -0.8746197071393954 -0.4848096202463378 0
    outer loop
      vertex 72.76778455298745 42.012499999999996 0
      vertex 74.18967148997133 39.44734806308447 15
      vertex 72.76778455298745 42.012499999999996 15
    endloop
  endfacet
  facet normal -0.8910065241883672 -0.4539904997395481 0
    outer loop
      vertex 74.18967148997133 39.44734806308447 0
      vertex 75.5211697402875 36.83413560895223 15
      vertex 74.18967148997133 39.44734806308447 15
    endloop
  endfacet
  facet normal -0.9335804264972014 -0.3583679495453014 0
    outer loop
      vertex 77.9066233799743 31.476319011772002 0
      vertex 78.95767246153595 28.73824254293931 15
      vertex 77.9066233799743 31.476319011772002 15
    endloop
  endfacet
  facet normal -0.9205048534524396 -0.3907311284892755 0
    outer loop
      vertex 76.76065707841953 34.17604643444411 0
      vertex 77.9066233799743 31.476319011772002 15
      vertex 76.76065707841953 34.17604643444411 15
    endloop
  endfacet
  facet normal -0.9063077870366516 -0.42261826174069594 0
    outer loop
      vertex 75.5211697402875 36.83413560895223 0
      vertex 76.76065707841953 34.17604643444411 15
      vertex 75.5211697402875 36.83413560895223 15
    endloop
  endfacet
  facet normal -0.838670567945427 -0.5446390350150224 -1.613379226678056e-18
    outer loop
      vertex 71.25724127954368 44.52646617719504 15
      vertex 69.65988203393738 46.9861837141295 15
      vertex 69.65988203393738 46.9861837141295 0
    endloop
  endfacet
  facet normal -0.6018150231520494 -0.798635510047292 0
    outer loop
      vertex 49.38865582387505 67.97765295235496 0
      vertex 51.730955464238434 66.2126035718048 15
      vertex 49.38865582387505 67.97765295235496 15
    endloop
  endfacet
  facet normal -0.573576436351047 -0.819152044288991 0
    outer loop
      vertex 46.9861837141295 69.65988203393738 0
      vertex 49.38865582387505 67.97765295235496 15
      vertex 46.9861837141295 69.65988203393738 15
    endloop
  endfacet
  facet normal -0.6560590289905062 -0.7547095802227729 0
    outer loop
      vertex 54.010228903911454 64.36688433307212 0
      vertex 56.223699199303056 62.44274396073804 15
      vertex 54.010228903911454 64.36688433307212 15
    endloop
  endfacet
  facet normal -0.6293203910498394 -0.7771459614569692 0
    outer loop
      vertex 51.730955464238434 66.2126035718048 0
      vertex 54.010228903911454 64.36688433307212 15
      vertex 51.730955464238434 66.2126035718048 15
    endloop
  endfacet
  facet normal -0.6819983600624981 -0.7313537016191707 0
    outer loop
      vertex 56.223699199303056 62.44274396073804 0
      vertex 58.368669577817236 60.44252672345516 15
      vertex 56.223699199303056 62.44274396073804 15
    endloop
  endfacet
  facet normal 0 -1 0
    outer loop
      vertex -93.02499999999999 0 0
      vertex -84.02499999999999 0 0
      vertex -93.02499999999999 0 15
    endloop
  endfacet
  facet normal 0 -1 0
    outer loop
      vertex -84.02499999999999 0 0
      vertex -84.02499999999999 0 15
      vertex -93.02499999999999 0 15
    endloop
  endfacet
  facet normal 0 -1 0
    outer loop
      vertex 84.02499999999999 0 0
      vertex 93.02499999999999 0 0
      vertex 84.02499999999999 0 15
    endloop
  endfacet
  facet normal 0 -1 0
    outer loop
      vertex 93.02499999999999 0 0
      vertex 93.02499999999999 0 15
      vertex 84.02499999999999 0 15
    endloop
  endfacet
  facet normal 0 0 -1
    outer loop
      vertex 62.6425373662481 52.06914515077236 0
      vertex 62.88737142073054 55.712213816344764 0
      vertex 63.29117034652648 51.678595743267394 0
    endloop
  endfacet
  facet normal 0 0 -1
    outer loop
      vertex 63.29117034652648 51.678595743267394 0
      vertex 63.921068892925575 54.52308090170737 0
      vertex 64.0314697881245 51.51981816431827 0
    endloop
  endfacet
  facet normal 0 0 -1
    outer loop
      vertex 62.15586029528021 52.64914429853157 0
      vertex 61.883878145835006 53.35574127927126 0
      vertex 62.075433120401286 54.83702454127926 0
    endloop
  endfacet
  facet normal 0 0 -1
    outer loop
      vertex 61.883878145835006 53.35574127927126 0
      vertex 61.85606440404275 54.11236534614648 0
      vertex 62.075433120401286 54.83702454127926 0
    endloop
  endfacet
  facet normal 0 0 -1
    outer loop
      vertex 62.6425373662481 52.06914515077236 0
      vertex 62.15586029528021 52.64914429853157 0
      vertex 62.51821229063684 55.45119079663103 0
    endloop
  endfacet
  facet normal 0 0 -1
    outer loop
      vertex 62.15586029528021 52.64914429853157 0
      vertex 62.075433120401286 54.83702454127926 0
      vertex 62.51821229063684 55.45119079663103 0
    endloop
  endfacet
  facet normal 0 0 -1
    outer loop
      vertex 62.6425373662481 52.06914515077236 0
      vertex 62.51821229063684 55.45119079663103 0
      vertex 62.88737142073054 55.712213816344764 0
    endloop
  endfacet
  facet normal 0 0 -1
    outer loop
      vertex 63.29117034652648 51.678595743267394 0
      vertex 62.88737142073054 55.712213816344764 0
      vertex 63.921068892925575 54.52308090170737 0
    endloop
  endfacet
  facet normal 0 0 -1
    outer loop
      vertex 64.0314697881245 51.51981816431827 0
      vertex 64.36927970076005 54.13208219171007 0
      vertex 64.78321275961564 51.61001842829209 0
    endloop
  endfacet
  facet normal 0 0 -1
    outer loop
      vertex 64.78321275961564 51.61001842829209 0
      vertex 64.99352964005978 53.23638639615638 0
      vertex 65.4649362455448 51.93942193698603 0
    endloop
  endfacet
  facet normal 0 0 -1
    outer loop
      vertex 64.78321275961564 51.61001842829209 0
      vertex 64.65144898198929 55.19442091678491 0
      vertex 64.99352964005978 53.23638639615638 0
    endloop
  endfacet
  facet normal 0 0 -1
    outer loop
      vertex 65.4649362455448 51.93942193698603 0
      vertex 64.99352964005978 53.23638639615638 0
      vertex 65.78609754928343 52.25764653869515 0
    endloop
  endfacet
  facet normal 0 0 -1
    outer loop
      vertex 64.0314697881245 51.51981816431827 0
      vertex 63.921068892925575 54.52308090170737 0
      vertex 64.36927970076005 54.13208219171007 0
    endloop
  endfacet
  facet normal 0 0 -1
    outer loop
      vertex 64.78321275961564 51.61001842829209 0
      vertex 64.36927970076005 54.13208219171007 0
      vertex 64.65144898198929 55.19442091678491 0
    endloop
  endfacet
  facet normal 0 0 -1
    outer loop
      vertex 64.99352964005978 53.23638639615638 0
      vertex 64.65144898198929 55.19442091678491 0
      vertex 64.83998720239182 55.97900696980185 0
    endloop
  endfacet
  facet normal -0.9332508378874563 -0.3592253799251394 1.0088041989099878e-18
    outer loop
      vertex 62.15586029528021 52.64914429853157 0
      vertex 61.883878145835006 53.35574127927126 15
      vertex 61.883878145835006 53.35574127927126 0
    endloop
  endfacet
  facet normal -0.7660444431189807 -0.6427876096865364 5.191979537358123e-19
    outer loop
      vertex 62.6425373662481 52.06914515077236 0
      vertex 62.15586029528021 52.64914429853157 15
      vertex 62.15586029528021 52.64914429853157 0
    endloop
  endfacet
  facet normal -0.515825246534316 -0.8566938280610011 7.675669135465135e-20
    outer loop
      vertex 62.6425373662481 52.06914515077236 0
      vertex 63.29117034652648 51.678595743267394 0
      vertex 63.29117034652648 51.678595743267394 15
    endloop
  endfacet
  facet normal -0.20970838063430294 -0.9777639771906809 1.3796393262991895e-19
    outer loop
      vertex 63.29117034652648 51.678595743267394 0
      vertex 64.0314697881245 51.51981816431827 0
      vertex 64.0314697881245 51.51981816431827 15
    endloop
  endfacet
  facet normal -0.999325023492064 -0.03673550629276243 5.023355921829949e-20
    outer loop
      vertex 61.883878145835006 53.35574127927126 0
      vertex 61.85606440404275 54.11236534614648 15
      vertex 61.85606440404275 54.11236534614648 0
    endloop
  endfacet
  facet normal -0.9571068366759143 0.2897352294565243 -2.7573880219659725e-20
    outer loop
      vertex 61.85606440404275 54.11236534614648 0
      vertex 62.075433120401286 54.83702454127926 15
      vertex 62.075433120401286 54.83702454127926 0
    endloop
  endfacet
  facet normal -0.8111712730632041 0.5848086573889109 2.357263085427284e-19
    outer loop
      vertex 62.075433120401286 54.83702454127926 0
      vertex 62.51821229063684 55.45119079663103 15
      vertex 62.51821229063684 55.45119079663103 0
    endloop
  endfacet
  facet normal -0.5773327153949567 0.8165089930519357 -8.251279206121632e-19
    outer loop
      vertex 62.51821229063684 55.45119079663103 0
      vertex 62.88737142073054 55.712213816344764 15
      vertex 62.88737142073054 55.712213816344764 0
    endloop
  endfacet
  facet normal 0.11913364226820734 -0.9928782278204669 3.786955068608096e-19
    outer loop
      vertex 64.0314697881245 51.51981816431827 0
      vertex 64.78321275961564 51.61001842829209 0
      vertex 64.78321275961564 51.61001842829209 15
    endloop
  endfacet
  facet normal 0.43506568648208305 -0.9003987163728489 4.171966755823062e-20
    outer loop
      vertex 64.78321275961564 51.61001842829209 0
      vertex 65.4649362455448 51.93942193698603 0
      vertex 65.4649362455448 51.93942193698603 15
    endloop
  endfacet
  facet normal 0.7038516128259169 -0.7103470328806586 0
    outer loop
      vertex 65.4649362455448 51.93942193698603 0
      vertex 65.78609754928343 52.25764653869515 0
      vertex 65.4649362455448 51.93942193698603 15
    endloop
  endfacet
  facet normal -0.7660444431189807 -0.6427876096865364 0
    outer loop
      vertex 62.6425373662481 52.06914515077236 0
      vertex 62.6425373662481 52.06914515077236 15
      vertex 62.15586029528021 52.64914429853157 15
    endloop
  endfacet
  facet normal -0.9332508378874563 -0.3592253799251394 0
    outer loop
      vertex 62.15586029528021 52.64914429853157 0
      vertex 62.15586029528021 52.64914429853157 15
      vertex 61.883878145835006 53.35574127927126 15
    endloop
  endfacet
  facet normal -0.515825246534316 -0.8566938280610011 0
    outer loop
      vertex 62.6425373662481 52.06914515077236 0
      vertex 63.29117034652648 51.678595743267394 15
      vertex 62.6425373662481 52.06914515077236 15
    endloop
  endfacet
  facet normal -0.20970838063430294 -0.9777639771906809 0
    outer loop
      vertex 63.29117034652648 51.678595743267394 0
      vertex 64.0314697881245 51.51981816431827 15
      vertex 63.29117034652648 51.678595743267394 15
    endloop
  endfacet
  facet normal -0.999325023492064 -0.03673550629276243 0
    outer loop
      vertex 61.883878145835006 53.35574127927126 0
      vertex 61.883878145835006 53.35574127927126 15
      vertex 61.85606440404275 54.11236534614648 15
    endloop
  endfacet
  facet normal -0.9571068366759143 0.2897352294565243 0
    outer loop
      vertex 61.85606440404275 54.11236534614648 0
      vertex 61.85606440404275 54.11236534614648 15
      vertex 62.075433120401286 54.83702454127926 15
    endloop
  endfacet
  facet normal -0.8111712730632041 0.5848086573889109 0
    outer loop
      vertex 62.075433120401286 54.83702454127926 0
      vertex 62.075433120401286 54.83702454127926 15
      vertex 62.51821229063684 55.45119079663103 15
    endloop
  endfacet
  facet normal -0.5773327153949567 0.8165089930519357 0
    outer loop
      vertex 62.51821229063684 55.45119079663103 0
      vertex 62.51821229063684 55.45119079663103 15
      vertex 62.88737142073054 55.712213816344764 15
    endloop
  endfacet
  facet normal 0.11913364226820734 -0.9928782278204669 0
    outer loop
      vertex 64.0314697881245 51.51981816431827 0
      vertex 64.78321275961564 51.61001842829209 15
      vertex 64.0314697881245 51.51981816431827 15
    endloop
  endfacet
  facet normal 0.43506568648208305 -0.9003987163728489 0
    outer loop
      vertex 64.78321275961564 51.61001842829209 0
      vertex 65.4649362455448 51.93942193698603 15
      vertex 64.78321275961564 51.61001842829209 15
    endloop
  endfacet
  facet normal 0.7038516128259169 -0.7103470328806586 0
    outer loop
      vertex 65.78609754928343 52.25764653869515 0
      vertex 65.78609754928343 52.25764653869515 15
      vertex 65.4649362455448 51.93942193698603 15
    endloop
  endfacet
  facet normal 0 0 1
    outer loop
      vertex 62.6425373662481 52.06914515077236 15
      vertex 63.29117034652648 51.678595743267394 15
      vertex 63.921068892925575 54.52308090170737 15
    endloop
  endfacet
  facet normal 0 0 1
    outer loop
      vertex 63.29117034652648 51.678595743267394 15
      vertex 64.0314697881245 51.51981816431827 15
      vertex 63.921068892925575 54.52308090170737 15
    endloop
  endfacet
  facet normal 0 0 1
    outer loop
      vertex 62.15586029528021 52.64914429853157 15
      vertex 62.075433120401286 54.83702454127926 15
      vertex 61.883878145835006 53.35574127927126 15
    endloop
  endfacet
  facet normal 0 0 1
    outer loop
      vertex 61.883878145835006 53.35574127927126 15
      vertex 62.075433120401286 54.83702454127926 15
      vertex 61.85606440404275 54.11236534614648 15
    endloop
  endfacet
  facet normal 0 0 1
    outer loop
      vertex 62.6425373662481 52.06914515077236 15
      vertex 62.51821229063684 55.45119079663103 15
      vertex 62.15586029528021 52.64914429853157 15
    endloop
  endfacet
  facet normal 0 0 1
    outer loop
      vertex 62.15586029528021 52.64914429853157 15
      vertex 62.51821229063684 55.45119079663103 15
      vertex 62.075433120401286 54.83702454127926 15
    endloop
  endfacet
  facet normal 0 0 1
    outer loop
      vertex 62.6425373662481 52.06914515077236 15
      vertex 63.921068892925575 54.52308090170737 15
      vertex 62.51821229063684 55.45119079663103 15
    endloop
  endfacet
  facet normal 0 0 1
    outer loop
      vertex 63.921068892925575 54.52308090170737 15
      vertex 62.88737142073054 55.712213816344764 15
      vertex 62.51821229063684 55.45119079663103 15
    endloop
  endfacet
  facet normal 0 0 1
    outer loop
      vertex 64.0314697881245 51.51981816431827 15
      vertex 64.78321275961564 51.61001842829209 15
      vertex 64.71058250964026 53.585797002961186 15
    endloop
  endfacet
  facet normal 0 0 1
    outer loop
      vertex 64.0314697881245 51.51981816431827 15
      vertex 64.35993170199288 54.059794671438574 15
      vertex 63.921068892925575 54.52308090170737 15
    endloop
  endfacet
  facet normal 0 0 1
    outer loop
      vertex 64.0314697881245 51.51981816431827 15
      vertex 64.71058250964026 53.585797002961186 15
      vertex 64.35993170199288 54.059794671438574 15
    endloop
  endfacet
  facet normal 0 0 1
    outer loop
      vertex 64.78321275961564 51.61001842829209 15
      vertex 65.4649362455448 51.93942193698603 15
      vertex 65.78609754928343 52.25764653869515 15
    endloop
  endfacet
  facet normal 0 0 1
    outer loop
      vertex 64.78321275961564 51.61001842829209 15
      vertex 65.78609754928343 52.25764653869515 15
      vertex 64.71058250964026 53.585797002961186 15
    endloop
  endfacet
  facet normal 0 0 1
    outer loop
      vertex 64.71058250964026 53.585797002961186 15
      vertex 64.36927970076005 54.13208219171007 15
      vertex 64.35993170199288 54.059794671438574 15
    endloop
  endfacet
  facet normal 0 0 -1
    outer loop
      vertex 39.90308535967184 71.30352922968 0
      vertex 39.6181683199569 72.00501042207745 0
      vertex 39.78247853039557 73.48956273349384 0
    endloop
  endfacet
  facet normal 0 0 -1
    outer loop
      vertex 40.40033537911707 70.73256863474457 0
      vertex 39.90308535967184 71.30352922968 0
      vertex 40.04009951022658 73.86110399755873 0
    endloop
  endfacet
  facet normal 0 0 -1
    outer loop
      vertex 40.40033537911707 70.73256863474457 0
      vertex 40.04009951022658 73.86110399755873 0
      vertex 41.05603362305666 70.35400107709889 0
    endloop
  endfacet
  facet normal 0 0 -1
    outer loop
      vertex 39.6181683199569 72.00501042207745 0
      vertex 39.57645944216871 72.76099584013849 0
      vertex 39.78247853039557 73.48956273349384 0
    endloop
  endfacet
  facet normal 0 0 -1
    outer loop
      vertex 39.90308535967184 71.30352922968 0
      vertex 39.78247853039557 73.48956273349384 0
      vertex 40.04009951022658 73.86110399755873 0
    endloop
  endfacet
  facet normal 0 0 -1
    outer loop
      vertex 40.04009951022658 73.86110399755873 0
      vertex 41.646759567425555 72.9705177852457 0
      vertex 41.05603362305666 70.35400107709889 0
    endloop
  endfacet
  facet normal 0 0 -1
    outer loop
      vertex 41.05603362305666 70.35400107709889 0
      vertex 41.646759567425555 72.9705177852457 0
      vertex 41.799125012553226 70.20885022569472 0
    endloop
  endfacet
  facet normal 0 0 -1
    outer loop
      vertex 41.799125012553226 70.20885022569472 0
      vertex 41.646759567425555 72.9705177852457 0
      vertex 42.19856304256668 73.81779606747133 0
    endloop
  endfacet
  facet normal 0 0 -1
    outer loop
      vertex 41.799125012553226 70.20885022569472 0
      vertex 42.19856304256668 73.81779606747133 0
      vertex 42.549084065303894 70.31284542752925 0
    endloop
  endfacet
  facet normal 0 0 -1
    outer loop
      vertex 42.549084065303894 70.31284542752925 0
      vertex 42.77039424190211 72.31239574964071 0
      vertex 43.22464108112945 70.65471718883185 0
    endloop
  endfacet
  facet normal 0 0 -1
    outer loop
      vertex 42.549084065303894 70.31284542752925 0
      vertex 42.19856304256668 73.81779606747133 0
      vertex 42.77039424190211 72.31239574964071 0
    endloop
  endfacet
  facet normal 0 0 -1
    outer loop
      vertex 43.22464108112945 70.65471718883185 0
      vertex 42.77039424190211 72.31239574964071 0
      vertex 43.752588975018064 71.19741839957851 0
    endloop
  endfacet
  facet normal 0 0 -1
    outer loop
      vertex 42.77039424190211 72.31239574964071 0
      vertex 43.94554265833692 71.60629534469243 0
      vertex 43.752588975018064 71.19741839957851 0
    endloop
  endfacet
  facet normal 0 0 -1
    outer loop
      vertex 42.77039424190211 72.31239574964071 0
      vertex 42.19856304256668 73.81779606747133 0
      vertex 43.01249999999999 74.49983536055632 0
    endloop
  endfacet
  facet normal 0 0 -1
    outer loop
      vertex 42.19856304256668 73.81779606747133 0
      vertex 42.362542794100456 74.74318471466042 0
      vertex 43.01249999999999 74.49983536055632 0
    endloop
  endfacet
  facet normal -0.9264940672148053 -0.3763093719478266 -7.661410142365217e-19
    outer loop
      vertex 39.90308535967184 71.30352922968 0
      vertex 39.6181683199569 72.00501042207745 15
      vertex 39.6181683199569 72.00501042207745 0
    endloop
  endfacet
  facet normal -0.7541066097769021 -0.6567520240477278 -6.563849783412596e-19
    outer loop
      vertex 40.40033537911707 70.73256863474457 0
      vertex 39.90308535967184 71.30352922968 15
      vertex 39.90308535967184 71.30352922968 0
    endloop
  endfacet
  facet normal -0.9984815164333156 -0.05508776035587455 -2.1456746925510192e-20
    outer loop
      vertex 39.6181683199569 72.00501042207745 0
      vertex 39.57645944216871 72.76099584013849 15
      vertex 39.57645944216871 72.76099584013849 0
    endloop
  endfacet
  facet normal -0.9622680003092492 0.2721034648453392 -2.0617513928713872e-19
    outer loop
      vertex 39.57645944216871 72.76099584013849 0
      vertex 39.78247853039557 73.48956273349384 15
      vertex 39.78247853039557 73.48956273349384 0
    endloop
  endfacet
  facet normal -0.8217778152252553 0.5698080575102515 3.418660042819894e-20
    outer loop
      vertex 39.78247853039557 73.48956273349384 0
      vertex 40.04009951022658 73.86110399755873 15
      vertex 40.04009951022658 73.86110399755873 0
    endloop
  endfacet
  facet normal -0.4999999999999901 -0.8660254037844444 2.474024501344602e-19
    outer loop
      vertex 40.40033537911707 70.73256863474457 0
      vertex 41.05603362305666 70.35400107709889 0
      vertex 41.05603362305666 70.35400107709889 15
    endloop
  endfacet
  facet normal -0.19171063192374538 -0.9814514932524167 -5.918043837818762e-19
    outer loop
      vertex 41.05603362305666 70.35400107709889 0
      vertex 41.799125012553226 70.20885022569472 0
      vertex 41.799125012553226 70.20885022569472 15
    endloop
  endfacet
  facet normal 0.13735355781842778 -0.9905220846375006 -7.873531807548006e-20
    outer loop
      vertex 41.799125012553226 70.20885022569472 0
      vertex 42.549084065303894 70.31284542752925 0
      vertex 42.549084065303894 70.31284542752925 15
    endloop
  endfacet
  facet normal 0.45153335831087155 -0.892254238618403 8.067091934016529e-19
    outer loop
      vertex 42.549084065303894 70.31284542752925 0
      vertex 43.22464108112945 70.65471718883185 0
      vertex 43.22464108112945 70.65471718883185 15
    endloop
  endfacet
  facet normal 0.7167825131684596 -0.6972968010939868 0
    outer loop
      vertex 43.22464108112945 70.65471718883185 0
      vertex 43.752588975018064 71.19741839957851 0
      vertex 43.22464108112945 70.65471718883185 15
    endloop
  endfacet
  facet normal 0.9043571606975747 -0.4267764354964096 0
    outer loop
      vertex 43.752588975018064 71.19741839957851 0
      vertex 43.94554265833692 71.60629534469243 0
      vertex 43.752588975018064 71.19741839957851 15
    endloop
  endfacet
  facet normal -0.9984815164333156 -0.05508776035587455 0
    outer loop
      vertex 39.6181683199569 72.00501042207745 0
      vertex 39.6181683199569 72.00501042207745 15
      vertex 39.57645944216871 72.76099584013849 15
    endloop
  endfacet
  facet normal -0.9264940672148053 -0.3763093719478266 0
    outer loop
      vertex 39.90308535967184 71.30352922968 0
      vertex 39.90308535967184 71.30352922968 15
      vertex 39.6181683199569 72.00501042207745 15
    endloop
  endfacet
  facet normal -0.7541066097769021 -0.6567520240477278 0
    outer loop
      vertex 40.40033537911707 70.73256863474457 0
      vertex 40.40033537911707 70.73256863474457 15
      vertex 39.90308535967184 71.30352922968 15
    endloop
  endfacet
  facet normal -0.4999999999999901 -0.8660254037844444 0
    outer loop
      vertex 40.40033537911707 70.73256863474457 0
      vertex 41.05603362305666 70.35400107709889 15
      vertex 40.40033537911707 70.73256863474457 15
    endloop
  endfacet
  facet normal -0.9622680003092492 0.2721034648453392 0
    outer loop
      vertex 39.57645944216871 72.76099584013849 0
      vertex 39.57645944216871 72.76099584013849 15
      vertex 39.78247853039557 73.48956273349384 15
    endloop
  endfacet
  facet normal -0.8217778152252553 0.5698080575102515 0
    outer loop
      vertex 39.78247853039557 73.48956273349384 0
      vertex 39.78247853039557 73.48956273349384 15
      vertex 40.04009951022658 73.86110399755873 15
    endloop
  endfacet
  facet normal -0.19171063192374538 -0.9814514932524167 0
    outer loop
      vertex 41.05603362305666 70.35400107709889 0
      vertex 41.799125012553226 70.20885022569472 15
      vertex 41.05603362305666 70.35400107709889 15
    endloop
  endfacet
  facet normal 0.13735355781842778 -0.9905220846375006 0
    outer loop
      vertex 41.799125012553226 70.20885022569472 0
      vertex 42.549084065303894 70.31284542752925 15
      vertex 41.799125012553226 70.20885022569472 15
    endloop
  endfacet
  facet normal 0.45153335831087155 -0.892254238618403 0
    outer loop
      vertex 42.549084065303894 70.31284542752925 0
      vertex 43.22464108112945 70.65471718883185 15
      vertex 42.549084065303894 70.31284542752925 15
    endloop
  endfacet
  facet normal 0.7167825131684596 -0.6972968010939868 0
    outer loop
      vertex 43.752588975018064 71.19741839957851 0
      vertex 43.752588975018064 71.19741839957851 15
      vertex 43.22464108112945 70.65471718883185 15
    endloop
  endfacet
  facet normal 0.9043571606975747 -0.4267764354964096 0
    outer loop
      vertex 43.94554265833692 71.60629534469243 0
      vertex 43.94554265833692 71.60629534469243 15
      vertex 43.752588975018064 71.19741839957851 15
    endloop
  endfacet
  facet normal 0 0 1
    outer loop
      vertex 39.90308535967184 71.30352922968 15
      vertex 39.78247853039557 73.48956273349384 15
      vertex 39.6181683199569 72.00501042207745 15
    endloop
  endfacet
  facet normal 0 0 1
    outer loop
      vertex 40.40033537911707 70.73256863474457 15
      vertex 41.646759567425555 72.9705177852457 15
      vertex 39.90308535967184 71.30352922968 15
    endloop
  endfacet
  facet normal 0 0 1
    outer loop
      vertex 39.6181683199569 72.00501042207745 15
      vertex 39.78247853039557 73.48956273349384 15
      vertex 39.57645944216871 72.76099584013849 15
    endloop
  endfacet
  facet normal 0 0 1
    outer loop
      vertex 39.90308535967184 71.30352922968 15
      vertex 41.646759567425555 72.9705177852457 15
      vertex 39.78247853039557 73.48956273349384 15
    endloop
  endfacet
  facet normal 0 0 1
    outer loop
      vertex 39.78247853039557 73.48956273349384 15
      vertex 41.646759567425555 72.9705177852457 15
      vertex 40.04009951022658 73.86110399755873 15
    endloop
  endfacet
  facet normal 0 0 1
    outer loop
      vertex 40.40033537911707 70.73256863474457 15
      vertex 41.05603362305666 70.35400107709889 15
      vertex 41.646759567425555 72.9705177852457 15
    endloop
  endfacet
  facet normal 0 0 1
    outer loop
      vertex 41.05603362305666 70.35400107709889 15
      vertex 41.799125012553226 70.20885022569472 15
      vertex 41.646759567425555 72.9705177852457 15
    endloop
  endfacet
  facet normal 0 0 1
    outer loop
      vertex 41.799125012553226 70.20885022569472 15
      vertex 42.19856304256668 73.81779606747133 15
      vertex 41.646759567425555 72.9705177852457 15
    endloop
  endfacet
  facet normal 0 0 1
    outer loop
      vertex 41.799125012553226 70.20885022569472 15
      vertex 42.549084065303894 70.31284542752925 15
      vertex 42.19856304256668 73.81779606747133 15
    endloop
  endfacet
  facet normal 0 0 1
    outer loop
      vertex 42.549084065303894 70.31284542752925 15
      vertex 43.22464108112945 70.65471718883185 15
      vertex 42.77039424190211 72.31239574964071 15
    endloop
  endfacet
  facet normal 0 0 1
    outer loop
      vertex 42.549084065303894 70.31284542752925 15
      vertex 42.77039424190211 72.31239574964071 15
      vertex 42.3183994658107 74.4940702083485 15
    endloop
  endfacet
  facet normal 0 0 1
    outer loop
      vertex 43.22464108112945 70.65471718883185 15
      vertex 43.94554265833692 71.60629534469243 15
      vertex 42.77039424190211 72.31239574964071 15
    endloop
  endfacet
  facet normal 0 0 1
    outer loop
      vertex 41.646759567425555 72.9705177852457 15
      vertex 42.19856304256668 73.81779606747133 15
      vertex 41.783709518900096 74.77964148464231 15
    endloop
  endfacet
  facet normal 0 0 1
    outer loop
      vertex 42.549084065303894 70.31284542752925 15
      vertex 42.3183994658107 74.4940702083485 15
      vertex 42.19856304256668 73.81779606747133 15
    endloop
  endfacet
  facet normal 0 0 1
    outer loop
      vertex 43.22464108112945 70.65471718883185 15
      vertex 43.752588975018064 71.19741839957851 15
      vertex 43.94554265833692 71.60629534469243 15
    endloop
  endfacet
  facet normal 0 0 -1
    outer loop
      vertex 12.60173643459234 81.21278856033075 0
      vertex 12.363400669856224 83.10125496286823 0
      vertex 13.109391572312681 80.65105922697397 0
    endloop
  endfacet
  facet normal 0 0 -1
    outer loop
      vertex 13.77193377078413 80.28460129207298 0
      vertex 13.109391572312681 80.65105922697397 0
      vertex 12.363400669856224 83.10125496286823 0
    endloop
  endfacet
  facet normal 0 0 -1
    outer loop
      vertex 12.303980668876168 81.90891720274539 0
      vertex 12.248390732536254 82.6640088142635 0
      vertex 12.363400669856224 83.10125496286823 0
    endloop
  endfacet
  facet normal 0 0 -1
    outer loop
      vertex 12.60173643459234 81.21278856033075 0
      vertex 12.303980668876168 81.90891720274539 0
      vertex 12.363400669856224 83.10125496286823 0
    endloop
  endfacet
  facet normal 0 0 -1
    outer loop
      vertex 13.77193377078413 80.28460129207298 0
      vertex 14.323378595943588 82.79082495599644 0
      vertex 14.51756630240087 80.15312615905498 0
    endloop
  endfacet
  facet normal 0 0 -1
    outer loop
      vertex 14.51756630240087 80.15312615905498 0
      vertex 14.323378595943588 82.79082495599644 0
      vertex 14.761190671062028 82.79780536808056 0
    endloop
  endfacet
  facet normal 0 0 -1
    outer loop
      vertex 13.77193377078413 80.28460129207298 0
      vertex 12.363400669856224 83.10125496286823 0
      vertex 14.323378595943588 82.79082495599644 0
    endloop
  endfacet
  facet normal 0 0 -1
    outer loop
      vertex 14.51756630240087 80.15312615905498 0
      vertex 14.761190671062028 82.79780536808056 0
      vertex 15.26548831268143 80.2708811986294 0
    endloop
  endfacet
  facet normal 0 0 -1
    outer loop
      vertex 15.26548831268143 80.2708811986294 0
      vertex 14.761190671062028 82.79780536808056 0
      vertex 14.8342597074918 82.81895987688425 0
    endloop
  endfacet
  facet normal 0 0 -1
    outer loop
      vertex 15.26548831268143 80.2708811986294 0
      vertex 14.8342597074918 82.81895987688425 0
      vertex 15.477837115271806 82.57604659057473 0
    endloop
  endfacet
  facet normal 0 0 -1
    outer loop
      vertex 15.26548831268143 80.2708811986294 0
      vertex 15.477837115271806 82.57604659057473 0
      vertex 15.934650846606203 80.6251058251006 0
    endloop
  endfacet
  facet normal 0 0 -1
    outer loop
      vertex 15.934650846606203 80.6251058251006 0
      vertex 15.477837115271806 82.57604659057473 0
      vertex 16.452539760497906 81.17741430382907 0
    endloop
  endfacet
  facet normal 0 0 -1
    outer loop
      vertex 14.761190671062028 82.79780536808056 0
      vertex 14.323378595943588 82.79082495599644 0
      vertex 14.572167047904797 82.9515299306722 0
    endloop
  endfacet
  facet normal 0 0 -1
    outer loop
      vertex 16.452539760497906 81.17741430382907 0
      vertex 15.477837115271806 82.57604659057473 0
      vertex 16.76303375466192 81.86795544119553 0
    endloop
  endfacet
  facet normal 0 0 -1
    outer loop
      vertex 16.76303375466192 81.86795544119553 0
      vertex 15.477837115271806 82.57604659057473 0
      vertex 16.80450675565968 82.31816813575252 0
    endloop
  endfacet
  facet normal -0.9194245892911044 -0.39326635326059106 -6.231808483710886e-19
    outer loop
      vertex 12.60173643459234 81.21278856033075 0
      vertex 12.303980668876168 81.90891720274539 15
      vertex 12.303980668876168 81.90891720274539 0
    endloop
  endfacet
  facet normal -0.7419142528352963 -0.6704947736111325 0
    outer loop
      vertex 12.60173643459234 81.21278856033075 0
      vertex 13.109391572312681 80.65105922697397 0
      vertex 12.60173643459234 81.21278856033075 15
    endloop
  endfacet
  facet normal -0.9973010051548277 -0.07342142137803218 -2.260935632781868e-19
    outer loop
      vertex 12.303980668876168 81.90891720274539 0
      vertex 12.248390732536254 82.6640088142635 15
      vertex 12.248390732536254 82.6640088142635 0
    endloop
  endfacet
  facet normal -0.967104382390509 0.254379860761563 2.11521171741141e-19
    outer loop
      vertex 12.248390732536254 82.6640088142635 0
      vertex 12.363400669856224 83.10125496286823 15
      vertex 12.363400669856224 83.10125496286823 0
    endloop
  endfacet
  facet normal -0.4840059950989939 -0.8750646814425965 0
    outer loop
      vertex 13.77193377078413 80.28460129207298 0
      vertex 13.77193377078413 80.28460129207298 15
      vertex 13.109391572312681 80.65105922697397 0
    endloop
  endfacet
  facet normal -0.1736481776669452 -0.9848077530122055 -3.8515256309063605e-20
    outer loop
      vertex 13.77193377078413 80.28460129207298 0
      vertex 14.51756630240087 80.15312615905498 0
      vertex 14.51756630240087 80.15312615905498 15
    endloop
  endfacet
  facet normal 0.15552711424446597 -0.9878316236762158 4.322605285558155e-19
    outer loop
      vertex 14.51756630240087 80.15312615905498 0
      vertex 15.26548831268143 80.2708811986294 0
      vertex 15.26548831268143 80.2708811986294 15
    endloop
  endfacet
  facet normal 0.4678486300756061 -0.8838086101279952 -5.74692594116067e-19
    outer loop
      vertex 15.26548831268143 80.2708811986294 0
      vertex 15.934650846606203 80.6251058251006 0
      vertex 15.934650846606203 80.6251058251006 15
    endloop
  endfacet
  facet normal 0.7294714874186183 -0.6840112199688455 0
    outer loop
      vertex 15.934650846606203 80.6251058251006 0
      vertex 16.452539760497906 81.17741430382907 0
      vertex 15.934650846606203 80.6251058251006 15
    endloop
  endfacet
  facet normal 0.9120447901834702 -0.41009060059844066 0
    outer loop
      vertex 16.452539760497906 81.17741430382907 0
      vertex 16.76303375466192 81.86795544119553 0
      vertex 16.452539760497906 81.17741430382907 15
    endloop
  endfacet
  facet normal 0.9957838880989079 -0.09173030144189807 0
    outer loop
      vertex 16.76303375466192 81.86795544119553 0
      vertex 16.80450675565968 82.31816813575252 0
      vertex 16.76303375466192 81.86795544119553 15
    endloop
  endfacet
  facet normal -0.7419142528352963 -0.6704947736111325 0
    outer loop
      vertex 13.109391572312681 80.65105922697397 0
      vertex 13.109391572312681 80.65105922697397 15
      vertex 12.60173643459234 81.21278856033075 15
    endloop
  endfacet
  facet normal -0.9194245892911044 -0.39326635326059106 0
    outer loop
      vertex 12.60173643459234 81.21278856033075 0
      vertex 12.60173643459234 81.21278856033075 15
      vertex 12.303980668876168 81.90891720274539 15
    endloop
  endfacet
  facet normal -0.9973010051548277 -0.07342142137803218 0
    outer loop
      vertex 12.303980668876168 81.90891720274539 0
      vertex 12.303980668876168 81.90891720274539 15
      vertex 12.248390732536254 82.6640088142635 15
    endloop
  endfacet
  facet normal -0.967104382390509 0.254379860761563 0
    outer loop
      vertex 12.248390732536254 82.6640088142635 0
      vertex 12.248390732536254 82.6640088142635 15
      vertex 12.363400669856224 83.10125496286823 15
    endloop
  endfacet
  facet normal -0.4840059950989939 -0.8750646814425965 0
    outer loop
      vertex 13.109391572312681 80.65105922697397 0
      vertex 13.77193377078413 80.28460129207298 15
      vertex 13.109391572312681 80.65105922697397 15
    endloop
  endfacet
  facet normal -0.1736481776669452 -0.9848077530122055 0
    outer loop
      vertex 13.77193377078413 80.28460129207298 0
      vertex 14.51756630240087 80.15312615905498 15
      vertex 13.77193377078413 80.28460129207298 15
    endloop
  endfacet
  facet normal 0.15552711424446597 -0.9878316236762158 0
    outer loop
      vertex 14.51756630240087 80.15312615905498 0
      vertex 15.26548831268143 80.2708811986294 15
      vertex 14.51756630240087 80.15312615905498 15
    endloop
  endfacet
  facet normal 0.4678486300756061 -0.8838086101279952 0
    outer loop
      vertex 15.26548831268143 80.2708811986294 0
      vertex 15.934650846606203 80.6251058251006 15
      vertex 15.26548831268143 80.2708811986294 15
    endloop
  endfacet
  facet normal 0.7294714874186183 -0.6840112199688455 0
    outer loop
      vertex 16.452539760497906 81.17741430382907 0
      vertex 16.452539760497906 81.17741430382907 15
      vertex 15.934650846606203 80.6251058251006 15
    endloop
  endfacet
  facet normal 0.9120447901834702 -0.41009060059844066 0
    outer loop
      vertex 16.76303375466192 81.86795544119553 0
      vertex 16.76303375466192 81.86795544119553 15
      vertex 16.452539760497906 81.17741430382907 15
    endloop
  endfacet
  facet normal 0.9957838880989079 -0.09173030144189807 1.4971282929888787e-19
    outer loop
      vertex 16.76303375466192 81.86795544119553 15
      vertex 16.80450675565968 82.31816813575252 0
      vertex 16.80450675565968 82.31816813575252 15
    endloop
  endfacet
  facet normal 0 0 1
    outer loop
      vertex 12.60173643459234 81.21278856033075 15
      vertex 14.32337859594357 82.79082495599643 15
      vertex 12.303980668876168 81.90891720274539 15
    endloop
  endfacet
  facet normal 0 0 1
    outer loop
      vertex 12.303980668876168 81.90891720274539 15
      vertex 14.32337859594357 82.79082495599643 15
      vertex 12.248390732536254 82.6640088142635 15
    endloop
  endfacet
  facet normal 0 0 1
    outer loop
      vertex 12.248390732536254 82.6640088142635 15
      vertex 14.32337859594357 82.79082495599643 15
      vertex 12.363400669856224 83.10125496286823 15
    endloop
  endfacet
  facet normal 0 0 1
    outer loop
      vertex 12.60173643459234 81.21278856033075 15
      vertex 13.109391572312681 80.65105922697397 15
      vertex 14.32337859594357 82.79082495599643 15
    endloop
  endfacet
  facet normal 0 0 1
    outer loop
      vertex 13.77193377078413 80.28460129207298 15
      vertex 14.32337859594357 82.79082495599643 15
      vertex 13.109391572312681 80.65105922697397 15
    endloop
  endfacet
  facet normal 0 0 1
    outer loop
      vertex 13.77193377078413 80.28460129207298 15
      vertex 14.51756630240087 80.15312615905498 15
      vertex 14.32337859594357 82.79082495599643 15
    endloop
  endfacet
  facet normal 0 0 1
    outer loop
      vertex 14.51756630240087 80.15312615905498 15
      vertex 14.753728475797447 82.71679905176505 15
      vertex 14.32337859594357 82.79082495599643 15
    endloop
  endfacet
  facet normal 0 0 1
    outer loop
      vertex 14.32337859594357 82.79082495599643 15
      vertex 14.76119067106203 82.79780536808056 15
      vertex 14.272773997462947 84.02499999999999 15
    endloop
  endfacet
  facet normal 0 0 1
    outer loop
      vertex 14.51756630240087 80.15312615905498 15
      vertex 15.26548831268143 80.2708811986294 15
      vertex 14.753728475797447 82.71679905176505 15
    endloop
  endfacet
  facet normal 0 0 1
    outer loop
      vertex 15.26548831268143 80.2708811986294 15
      vertex 16.80450675565968 82.31816813575252 15
      vertex 14.753728475797447 82.71679905176505 15
    endloop
  endfacet
  facet normal 0 0 1
    outer loop
      vertex 14.32337859594357 82.79082495599643 15
      vertex 14.753728475797447 82.71679905176505 15
      vertex 14.76119067106203 82.79780536808056 15
    endloop
  endfacet
  facet normal 0 0 1
    outer loop
      vertex 14.272773997462947 84.02499999999999 15
      vertex 14.76119067106203 82.79780536808056 15
      vertex 14.874238225716452 84.02499999999999 15
    endloop
  endfacet
  facet normal 0 0 1
    outer loop
      vertex 15.26548831268143 80.2708811986294 15
      vertex 15.934650846606203 80.6251058251006 15
      vertex 16.80450675565968 82.31816813575252 15
    endloop
  endfacet
  facet normal 0 0 1
    outer loop
      vertex 15.934650846606203 80.6251058251006 15
      vertex 16.452539760497906 81.17741430382907 15
      vertex 16.80450675565968 82.31816813575252 15
    endloop
  endfacet
  facet normal 0 0 1
    outer loop
      vertex 16.452539760497906 81.17741430382907 15
      vertex 16.76303375466192 81.86795544119553 15
      vertex 16.80450675565968 82.31816813575252 15
    endloop
  endfacet
  facet normal 0 0 -1
    outer loop
      vertex -16.452539760497906 81.17741430382907 0
      vertex -16.80450675565968 82.31816813575252 0
      vertex -15.934650846606203 80.6251058251006 0
    endloop
  endfacet
  facet normal 0 0 -1
    outer loop
      vertex -16.452539760497906 81.17741430382907 0
      vertex -16.76303375466192 81.86795544119553 0
      vertex -16.80450675565968 82.31816813575252 0
    endloop
  endfacet
  facet normal 0 0 -1
    outer loop
      vertex -15.26548831268143 80.2708811986294 0
      vertex -15.934650846606203 80.6251058251006 0
      vertex -16.80450675565968 82.31816813575252 0
    endloop
  endfacet
  facet normal 0 0 -1
    outer loop
      vertex -15.26548831268143 80.2708811986294 0
      vertex -16.80450675565968 82.31816813575252 0
      vertex -14.753728475797447 82.71679905176505 0
    endloop
  endfacet
  facet normal 0 0 -1
    outer loop
      vertex -15.26548831268143 80.2708811986294 0
      vertex -14.753728475797447 82.71679905176505 0
      vertex -14.51756630240087 80.15312615905498 0
    endloop
  endfacet
  facet normal 0 0 -1
    outer loop
      vertex -14.323378595943568 82.79082495599644 0
      vertex -14.753728475797447 82.71679905176505 0
      vertex -14.52937305993742 83.43667089609093 0
    endloop
  endfacet
  facet normal 0 0 -1
    outer loop
      vertex -14.51756630240087 80.15312615905498 0
      vertex -14.323378595943568 82.79082495599644 0
      vertex -13.77193377078413 80.28460129207298 0
    endloop
  endfacet
  facet normal 0 0 -1
    outer loop
      vertex -14.51756630240087 80.15312615905498 0
      vertex -14.753728475797447 82.71679905176505 0
      vertex -14.323378595943568 82.79082495599644 0
    endloop
  endfacet
  facet normal 0 0 -1
    outer loop
      vertex -13.77193377078413 80.28460129207298 0
      vertex -14.323378595943568 82.79082495599644 0
      vertex -13.109391572312681 80.65105922697397 0
    endloop
  endfacet
  facet normal 0 0 -1
    outer loop
      vertex -13.109391572312681 80.65105922697397 0
      vertex -14.323378595943568 82.79082495599644 0
      vertex -12.60173643459234 81.21278856033075 0
    endloop
  endfacet
  facet normal 0 0 -1
    outer loop
      vertex -12.60173643459234 81.21278856033075 0
      vertex -14.323378595943568 82.79082495599644 0
      vertex -12.303980668876168 81.90891720274539 0
    endloop
  endfacet
  facet normal 0 0 -1
    outer loop
      vertex -14.323378595943568 82.79082495599644 0
      vertex -12.248390732536254 82.6640088142635 0
      vertex -12.303980668876168 81.90891720274539 0
    endloop
  endfacet
  facet normal 0 0 -1
    outer loop
      vertex -14.323378595943568 82.79082495599644 0
      vertex -12.363400669856224 83.10125496286823 0
      vertex -12.248390732536254 82.6640088142635 0
    endloop
  endfacet
  facet normal -0.7294714874186183 -0.6840112199688455 0
    outer loop
      vertex -16.452539760497906 81.17741430382907 0
      vertex -15.934650846606203 80.6251058251006 0
      vertex -16.452539760497906 81.17741430382907 15
    endloop
  endfacet
  facet normal -0.9120447901834702 -0.41009060059844066 5.109405126354612e-19
    outer loop
      vertex -16.452539760497906 81.17741430382907 0
      vertex -16.76303375466192 81.86795544119553 15
      vertex -16.76303375466192 81.86795544119553 0
    endloop
  endfacet
  facet normal -0.9957838880989079 -0.09173030144189807 -1.4971282929888787e-19
    outer loop
      vertex -16.76303375466192 81.86795544119553 0
      vertex -16.80450675565968 82.31816813575252 15
      vertex -16.80450675565968 82.31816813575252 0
    endloop
  endfacet
  facet normal -0.4678486300756061 -0.8838086101279952 0
    outer loop
      vertex -15.26548831268143 80.2708811986294 0
      vertex -15.26548831268143 80.2708811986294 15
      vertex -15.934650846606203 80.6251058251006 0
    endloop
  endfacet
  facet normal -0.15552711424446597 -0.9878316236762158 -4.322605285558155e-19
    outer loop
      vertex -15.26548831268143 80.2708811986294 0
      vertex -14.51756630240087 80.15312615905498 0
      vertex -14.51756630240087 80.15312615905498 15
    endloop
  endfacet
  facet normal 0.1736481776669452 -0.9848077530122055 3.8515256309063605e-20
    outer loop
      vertex -14.51756630240087 80.15312615905498 0
      vertex -13.77193377078413 80.28460129207298 0
      vertex -13.77193377078413 80.28460129207298 15
    endloop
  endfacet
  facet normal 0.4840059950989939 -0.8750646814425965 5.988734833771343e-20
    outer loop
      vertex -13.77193377078413 80.28460129207298 0
      vertex -13.109391572312681 80.65105922697397 0
      vertex -13.109391572312681 80.65105922697397 15
    endloop
  endfacet
  facet normal 0.7419142528352963 -0.6704947736111325 0
    outer loop
      vertex -13.109391572312681 80.65105922697397 0
      vertex -12.60173643459234 81.21278856033075 0
      vertex -13.109391572312681 80.65105922697397 15
    endloop
  endfacet
  facet normal 0.9194245892911044 -0.39326635326059106 0
    outer loop
      vertex -12.60173643459234 81.21278856033075 0
      vertex -12.303980668876168 81.90891720274539 0
      vertex -12.60173643459234 81.21278856033075 15
    endloop
  endfacet
  facet normal 0.9973010051548277 -0.07342142137803218 0
    outer loop
      vertex -12.303980668876168 81.90891720274539 0
      vertex -12.248390732536254 82.6640088142635 0
      vertex -12.303980668876168 81.90891720274539 15
    endloop
  endfacet
  facet normal 0.967104382390509 0.254379860761563 0
    outer loop
      vertex -12.248390732536254 82.6640088142635 0
      vertex -12.363400669856224 83.10125496286823 0
      vertex -12.248390732536254 82.6640088142635 15
    endloop
  endfacet
  facet normal -0.7294714874186183 -0.6840112199688455 0
    outer loop
      vertex -15.934650846606203 80.6251058251006 0
      vertex -15.934650846606203 80.6251058251006 15
      vertex -16.452539760497906 81.17741430382907 15
    endloop
  endfacet
  facet normal -0.9120447901834702 -0.41009060059844066 0
    outer loop
      vertex -16.452539760497906 81.17741430382907 0
      vertex -16.452539760497906 81.17741430382907 15
      vertex -16.76303375466192 81.86795544119553 15
    endloop
  endfacet
  facet normal -0.9957838880989079 -0.09173030144189807 0
    outer loop
      vertex -16.76303375466192 81.86795544119553 0
      vertex -16.76303375466192 81.86795544119553 15
      vertex -16.80450675565968 82.31816813575252 15
    endloop
  endfacet
  facet normal -0.4678486300756061 -0.8838086101279952 0
    outer loop
      vertex -15.934650846606203 80.6251058251006 0
      vertex -15.26548831268143 80.2708811986294 15
      vertex -15.934650846606203 80.6251058251006 15
    endloop
  endfacet
  facet normal -0.15552711424446597 -0.9878316236762158 0
    outer loop
      vertex -15.26548831268143 80.2708811986294 0
      vertex -14.51756630240087 80.15312615905498 15
      vertex -15.26548831268143 80.2708811986294 15
    endloop
  endfacet
  facet normal 0.1736481776669452 -0.9848077530122055 0
    outer loop
      vertex -14.51756630240087 80.15312615905498 0
      vertex -13.77193377078413 80.28460129207298 15
      vertex -14.51756630240087 80.15312615905498 15
    endloop
  endfacet
  facet normal 0.4840059950989939 -0.8750646814425965 0
    outer loop
      vertex -13.77193377078413 80.28460129207298 0
      vertex -13.109391572312681 80.65105922697397 15
      vertex -13.77193377078413 80.28460129207298 15
    endloop
  endfacet
  facet normal 0.7419142528352963 -0.6704947736111325 0
    outer loop
      vertex -12.60173643459234 81.21278856033075 0
      vertex -12.60173643459234 81.21278856033075 15
      vertex -13.109391572312681 80.65105922697397 15
    endloop
  endfacet
  facet normal 0.9194245892911044 -0.39326635326059106 0
    outer loop
      vertex -12.303980668876168 81.90891720274539 0
      vertex -12.303980668876168 81.90891720274539 15
      vertex -12.60173643459234 81.21278856033075 15
    endloop
  endfacet
  facet normal 0.9973010051548277 -0.07342142137803218 0
    outer loop
      vertex -12.248390732536254 82.6640088142635 0
      vertex -12.248390732536254 82.6640088142635 15
      vertex -12.303980668876168 81.90891720274539 15
    endloop
  endfacet
  facet normal 0.967104382390509 0.254379860761563 -2.11521171741141e-19
    outer loop
      vertex -12.248390732536254 82.6640088142635 15
      vertex -12.363400669856224 83.10125496286823 0
      vertex -12.363400669856224 83.10125496286823 15
    endloop
  endfacet
  facet normal 0 0 1
    outer loop
      vertex -16.452539760497906 81.17741430382907 15
      vertex -15.477837115271806 82.57604659057473 15
      vertex -16.76303375466192 81.86795544119553 15
    endloop
  endfacet
  facet normal 0 0 1
    outer loop
      vertex -16.76303375466192 81.86795544119553 15
      vertex -15.477837115271806 82.57604659057473 15
      vertex -16.80450675565968 82.31816813575252 15
    endloop
  endfacet
  facet normal 0 0 1
    outer loop
      vertex -16.452539760497906 81.17741430382907 15
      vertex -15.934650846606203 80.6251058251006 15
      vertex -15.477837115271806 82.57604659057473 15
    endloop
  endfacet
  facet normal 0 0 1
    outer loop
      vertex -15.26548831268143 80.2708811986294 15
      vertex -15.477837115271806 82.57604659057473 15
      vertex -15.934650846606203 80.6251058251006 15
    endloop
  endfacet
  facet normal 0 0 1
    outer loop
      vertex -15.26548831268143 80.2708811986294 15
      vertex -15.295475621736355 82.95248833976007 15
      vertex -15.477837115271806 82.57604659057473 15
    endloop
  endfacet
  facet normal 0 0 1
    outer loop
      vertex -15.26548831268143 80.2708811986294 15
      vertex -14.51756630240087 80.15312615905498 15
      vertex -14.761190671062028 82.79780536808056 15
    endloop
  endfacet
  facet normal 0 0 1
    outer loop
      vertex -15.26548831268143 80.2708811986294 15
      vertex -14.761190671062028 82.79780536808056 15
      vertex -15.295475621736355 82.95248833976007 15
    endloop
  endfacet
  facet normal 0 0 1
    outer loop
      vertex -14.717022359697669 84.02499999999999 15
      vertex -14.874238225716452 84.02499999999999 15
      vertex -14.831256688534966 83.55841129879362 15
    endloop
  endfacet
  facet normal 0 0 1
    outer loop
      vertex -14.323378595943586 82.79082495599644 15
      vertex -14.717022359697669 84.02499999999999 15
      vertex -14.831256688534966 83.55841129879362 15
    endloop
  endfacet
  facet normal 0 0 1
    outer loop
      vertex -14.51756630240087 80.15312615905498 15
      vertex -13.77193377078413 80.28460129207298 15
      vertex -14.323378595943586 82.79082495599644 15
    endloop
  endfacet
  facet normal 0 0 1
    outer loop
      vertex -14.51756630240087 80.15312615905498 15
      vertex -14.323378595943586 82.79082495599644 15
      vertex -14.761190671062028 82.79780536808056 15
    endloop
  endfacet
  facet normal 0 0 1
    outer loop
      vertex -13.77193377078413 80.28460129207298 15
      vertex -12.363400669856224 83.10125496286823 15
      vertex -14.323378595943586 82.79082495599644 15
    endloop
  endfacet
  facet normal 0 0 1
    outer loop
      vertex -13.77193377078413 80.28460129207298 15
      vertex -13.109391572312681 80.65105922697397 15
      vertex -12.363400669856224 83.10125496286823 15
    endloop
  endfacet
  facet normal 0 0 1
    outer loop
      vertex -13.109391572312681 80.65105922697397 15
      vertex -12.60173643459234 81.21278856033075 15
      vertex -12.363400669856224 83.10125496286823 15
    endloop
  endfacet
  facet normal 0 0 1
    outer loop
      vertex -12.60173643459234 81.21278856033075 15
      vertex -12.303980668876168 81.90891720274539 15
      vertex -12.363400669856224 83.10125496286823 15
    endloop
  endfacet
  facet normal 0 0 1
    outer loop
      vertex -12.303980668876168 81.90891720274539 15
      vertex -12.248390732536254 82.6640088142635 15
      vertex -12.363400669856224 83.10125496286823 15
    endloop
  endfacet
  facet normal 0 0 -1
    outer loop
      vertex -43.752588975018064 71.19741839957851 0
      vertex -43.94554265833692 71.60629534469243 0
      vertex -43.22464108112945 70.65471718883185 0
    endloop
  endfacet
  facet normal 0 0 -1
    outer loop
      vertex -43.94554265833692 71.60629534469243 0
      vertex -42.77039424190211 72.31239574964071 0
      vertex -43.22464108112945 70.65471718883185 0
    endloop
  endfacet
  facet normal 0 0 -1
    outer loop
      vertex -42.549084065303894 70.31284542752925 0
      vertex -43.22464108112945 70.65471718883185 0
      vertex -42.77039424190211 72.31239574964071 0
    endloop
  endfacet
  facet normal 0 0 -1
    outer loop
      vertex -42.549084065303894 70.31284542752925 0
      vertex -42.19856304256668 73.81779606747133 0
      vertex -41.799125012553226 70.20885022569472 0
    endloop
  endfacet
  facet normal 0 0 -1
    outer loop
      vertex -42.549084065303894 70.31284542752925 0
      vertex -42.77039424190211 72.31239574964071 0
      vertex -42.3183994658107 74.4940702083485 0
    endloop
  endfacet
  facet normal 0 0 -1
    outer loop
      vertex -41.799125012553226 70.20885022569472 0
      vertex -41.646759567425555 72.9705177852457 0
      vertex -41.05603362305666 70.35400107709889 0
    endloop
  endfacet
  facet normal 0 0 -1
    outer loop
      vertex -41.799125012553226 70.20885022569472 0
      vertex -42.19856304256668 73.81779606747133 0
      vertex -41.646759567425555 72.9705177852457 0
    endloop
  endfacet
  facet normal 0 0 -1
    outer loop
      vertex -41.05603362305666 70.35400107709889 0
      vertex -41.646759567425555 72.9705177852457 0
      vertex -40.40033537911707 70.73256863474457 0
    endloop
  endfacet
  facet normal 0 0 -1
    outer loop
      vertex -42.549084065303894 70.31284542752925 0
      vertex -42.3183994658107 74.4940702083485 0
      vertex -42.19856304256668 73.81779606747133 0
    endloop
  endfacet
  facet normal 0 0 -1
    outer loop
      vertex -42.19856304256668 73.81779606747133 0
      vertex -41.783709518900096 74.77964148464231 0
      vertex -41.646759567425555 72.9705177852457 0
    endloop
  endfacet
  facet normal 0 0 -1
    outer loop
      vertex -41.646759567425555 72.9705177852457 0
      vertex -39.90308535967184 71.30352922968 0
      vertex -40.40033537911707 70.73256863474457 0
    endloop
  endfacet
  facet normal 0 0 -1
    outer loop
      vertex -39.90308535967184 71.30352922968 0
      vertex -39.78247853039557 73.48956273349384 0
      vertex -39.6181683199569 72.00501042207745 0
    endloop
  endfacet
  facet normal 0 0 -1
    outer loop
      vertex -41.646759567425555 72.9705177852457 0
      vertex -39.78247853039557 73.48956273349384 0
      vertex -39.90308535967184 71.30352922968 0
    endloop
  endfacet
  facet normal 0 0 -1
    outer loop
      vertex -41.646759567425555 72.9705177852457 0
      vertex -40.04009951022658 73.86110399755873 0
      vertex -39.78247853039557 73.48956273349384 0
    endloop
  endfacet
  facet normal 0 0 -1
    outer loop
      vertex -39.6181683199569 72.00501042207745 0
      vertex -39.78247853039557 73.48956273349384 0
      vertex -39.57645944216871 72.76099584013849 0
    endloop
  endfacet
  facet normal -0.9043571606975747 -0.4267764354964096 5.654893550213434e-19
    outer loop
      vertex -43.752588975018064 71.19741839957851 0
      vertex -43.94554265833692 71.60629534469243 15
      vertex -43.94554265833692 71.60629534469243 0
    endloop
  endfacet
  facet normal -0.45153335831087155 -0.892254238618403 0
    outer loop
      vertex -42.549084065303894 70.31284542752925 0
      vertex -42.549084065303894 70.31284542752925 15
      vertex -43.22464108112945 70.65471718883185 0
    endloop
  endfacet
  facet normal -0.7167825131684596 -0.6972968010939868 0
    outer loop
      vertex -43.752588975018064 71.19741839957851 0
      vertex -43.22464108112945 70.65471718883185 0
      vertex -43.752588975018064 71.19741839957851 15
    endloop
  endfacet
  facet normal -0.13735355781842778 -0.9905220846375006 7.873531807548006e-20
    outer loop
      vertex -42.549084065303894 70.31284542752925 0
      vertex -41.799125012553226 70.20885022569472 0
      vertex -41.799125012553226 70.20885022569472 15
    endloop
  endfacet
  facet normal 0.19171063192374538 -0.9814514932524167 5.918043837818762e-19
    outer loop
      vertex -41.799125012553226 70.20885022569472 0
      vertex -41.05603362305666 70.35400107709889 0
      vertex -41.05603362305666 70.35400107709889 15
    endloop
  endfacet
  facet normal 0.4999999999999901 -0.8660254037844444 -2.474024501344602e-19
    outer loop
      vertex -41.05603362305666 70.35400107709889 0
      vertex -40.40033537911707 70.73256863474457 0
      vertex -40.40033537911707 70.73256863474457 15
    endloop
  endfacet
  facet normal 0.7541066097769021 -0.6567520240477278 0
    outer loop
      vertex -40.40033537911707 70.73256863474457 0
      vertex -39.90308535967184 71.30352922968 0
      vertex -40.40033537911707 70.73256863474457 15
    endloop
  endfacet
  facet normal 0.9264940672148053 -0.3763093719478266 0
    outer loop
      vertex -39.90308535967184 71.30352922968 0
      vertex -39.6181683199569 72.00501042207745 0
      vertex -39.90308535967184 71.30352922968 15
    endloop
  endfacet
  facet normal 0.9984815164333156 -0.05508776035587455 0
    outer loop
      vertex -39.6181683199569 72.00501042207745 0
      vertex -39.57645944216871 72.76099584013849 0
      vertex -39.6181683199569 72.00501042207745 15
    endloop
  endfacet
  facet normal 0.9622680003092492 0.2721034648453392 0
    outer loop
      vertex -39.57645944216871 72.76099584013849 0
      vertex -39.78247853039557 73.48956273349384 0
      vertex -39.57645944216871 72.76099584013849 15
    endloop
  endfacet
  facet normal 0.8217778152252553 0.5698080575102515 -3.418660042819894e-20
    outer loop
      vertex -40.04009951022658 73.86110399755873 0
      vertex -39.78247853039557 73.48956273349384 15
      vertex -39.78247853039557 73.48956273349384 0
    endloop
  endfacet
  facet normal -0.9043571606975747 -0.4267764354964096 0
    outer loop
      vertex -43.752588975018064 71.19741839957851 0
      vertex -43.752588975018064 71.19741839957851 15
      vertex -43.94554265833692 71.60629534469243 15
    endloop
  endfacet
  facet normal -0.13735355781842778 -0.9905220846375006 0
    outer loop
      vertex -42.549084065303894 70.31284542752925 0
      vertex -41.799125012553226 70.20885022569472 15
      vertex -42.549084065303894 70.31284542752925 15
    endloop
  endfacet
  facet normal -0.7167825131684596 -0.6972968010939868 0
    outer loop
      vertex -43.22464108112945 70.65471718883185 0
      vertex -43.22464108112945 70.65471718883185 15
      vertex -43.752588975018064 71.19741839957851 15
    endloop
  endfacet
  facet normal -0.45153335831087155 -0.892254238618403 0
    outer loop
      vertex -43.22464108112945 70.65471718883185 0
      vertex -42.549084065303894 70.31284542752925 15
      vertex -43.22464108112945 70.65471718883185 15
    endloop
  endfacet
  facet normal 0.19171063192374538 -0.9814514932524167 0
    outer loop
      vertex -41.799125012553226 70.20885022569472 0
      vertex -41.05603362305666 70.35400107709889 15
      vertex -41.799125012553226 70.20885022569472 15
    endloop
  endfacet
  facet normal 0.4999999999999901 -0.8660254037844444 0
    outer loop
      vertex -41.05603362305666 70.35400107709889 0
      vertex -40.40033537911707 70.73256863474457 15
      vertex -41.05603362305666 70.35400107709889 15
    endloop
  endfacet
  facet normal 0.7541066097769021 -0.6567520240477278 0
    outer loop
      vertex -39.90308535967184 71.30352922968 0
      vertex -39.90308535967184 71.30352922968 15
      vertex -40.40033537911707 70.73256863474457 15
    endloop
  endfacet
  facet normal 0.9264940672148053 -0.3763093719478266 0
    outer loop
      vertex -39.6181683199569 72.00501042207745 0
      vertex -39.6181683199569 72.00501042207745 15
      vertex -39.90308535967184 71.30352922968 15
    endloop
  endfacet
  facet normal 0.9622680003092492 0.2721034648453392 0
    outer loop
      vertex -39.78247853039557 73.48956273349384 0
      vertex -39.78247853039557 73.48956273349384 15
      vertex -39.57645944216871 72.76099584013849 15
    endloop
  endfacet
  facet normal 0.9984815164333156 -0.05508776035587455 0
    outer loop
      vertex -39.57645944216871 72.76099584013849 0
      vertex -39.57645944216871 72.76099584013849 15
      vertex -39.6181683199569 72.00501042207745 15
    endloop
  endfacet
  facet normal 0.8217778152252553 0.5698080575102515 0
    outer loop
      vertex -40.04009951022658 73.86110399755873 0
      vertex -40.04009951022658 73.86110399755873 15
      vertex -39.78247853039557 73.48956273349384 15
    endloop
  endfacet
  facet normal 0 0 1
    outer loop
      vertex -43.752588975018064 71.19741839957851 15
      vertex -43.807053445452595 71.68950805887475 15
      vertex -43.94554265833692 71.60629534469243 15
    endloop
  endfacet
  facet normal 0 0 1
    outer loop
      vertex -43.752588975018064 71.19741839957851 15
      vertex -43.22464108112945 70.65471718883185 15
      vertex -42.77039424190211 72.31239574964071 15
    endloop
  endfacet
  facet normal 0 0 1
    outer loop
      vertex -43.752588975018064 71.19741839957851 15
      vertex -42.77039424190211 72.31239574964071 15
      vertex -43.807053445452595 71.68950805887475 15
    endloop
  endfacet
  facet normal 0 0 1
    outer loop
      vertex -42.549084065303894 70.31284542752925 15
      vertex -42.77039424190211 72.31239574964071 15
      vertex -43.22464108112945 70.65471718883185 15
    endloop
  endfacet
  facet normal 0 0 1
    outer loop
      vertex -42.549084065303894 70.31284542752925 15
      vertex -42.378651861962624 73.40197818119266 15
      vertex -42.77039424190211 72.31239574964071 15
    endloop
  endfacet
  facet normal 0 0 1
    outer loop
      vertex -42.549084065303894 70.31284542752925 15
      vertex -42.09891356476794 72.91745723762868 15
      vertex -42.378651861962624 73.40197818119266 15
    endloop
  endfacet
  facet normal 0 0 1
    outer loop
      vertex -42.549084065303894 70.31284542752925 15
      vertex -41.799125012553226 70.20885022569472 15
      vertex -42.09891356476794 72.91745723762868 15
    endloop
  endfacet
  facet normal 0 0 1
    outer loop
      vertex -41.799125012553226 70.20885022569472 15
      vertex -41.05603362305666 70.35400107709889 15
      vertex -41.646759567425555 72.9705177852457 15
    endloop
  endfacet
  facet normal 0 0 1
    outer loop
      vertex -41.799125012553226 70.20885022569472 15
      vertex -41.646759567425555 72.9705177852457 15
      vertex -42.09891356476794 72.91745723762868 15
    endloop
  endfacet
  facet normal 0 0 1
    outer loop
      vertex -41.05603362305666 70.35400107709889 15
      vertex -40.04009951022658 73.86110399755873 15
      vertex -41.646759567425555 72.9705177852457 15
    endloop
  endfacet
  facet normal 0 0 1
    outer loop
      vertex -42.19856304256668 73.81779606747133 15
      vertex -42.09891356476794 72.91745723762868 15
      vertex -41.646759567425555 72.9705177852457 15
    endloop
  endfacet
  facet normal 0 0 1
    outer loop
      vertex -41.05603362305666 70.35400107709889 15
      vertex -40.40033537911707 70.73256863474457 15
      vertex -40.04009951022658 73.86110399755873 15
    endloop
  endfacet
  facet normal 0 0 1
    outer loop
      vertex -40.40033537911707 70.73256863474457 15
      vertex -39.90308535967184 71.30352922968 15
      vertex -40.04009951022658 73.86110399755873 15
    endloop
  endfacet
  facet normal 0 0 1
    outer loop
      vertex -39.90308535967184 71.30352922968 15
      vertex -39.6181683199569 72.00501042207745 15
      vertex -39.78247853039557 73.48956273349384 15
    endloop
  endfacet
  facet normal 0 0 1
    outer loop
      vertex -39.90308535967184 71.30352922968 15
      vertex -39.78247853039557 73.48956273349384 15
      vertex -40.04009951022658 73.86110399755873 15
    endloop
  endfacet
  facet normal 0 0 1
    outer loop
      vertex -39.6181683199569 72.00501042207745 15
      vertex -39.57645944216871 72.76099584013849 15
      vertex -39.78247853039557 73.48956273349384 15
    endloop
  endfacet
  facet normal 0 0 -1
    outer loop
      vertex -65.4649362455448 51.93942193698603 0
      vertex -65.78609754928343 52.25764653869515 0
      vertex -65.93142432394153 54.41302873318318 0
    endloop
  endfacet
  facet normal 0 0 -1
    outer loop
      vertex -65.4649362455448 51.93942193698603 0
      vertex -65.93142432394153 54.41302873318318 0
      vertex -65.43740943665358 52.68824049749932 0
    endloop
  endfacet
  facet normal 0 0 -1
    outer loop
      vertex -65.4649362455448 51.93942193698603 0
      vertex -65.43740943665358 52.68824049749932 0
      vertex -64.78321275961564 51.61001842829209 0
    endloop
  endfacet
  facet normal 0 0 -1
    outer loop
      vertex -64.78321275961564 51.61001842829209 0
      vertex -65.43740943665358 52.68824049749932 0
      vertex -64.71058250964026 53.585797002961186 0
    endloop
  endfacet
  facet normal 0 0 -1
    outer loop
      vertex -64.0314697881245 51.51981816431827 0
      vertex -64.78321275961564 51.61001842829209 0
      vertex -64.71058250964026 53.585797002961186 0
    endloop
  endfacet
  facet normal 0 0 -1
    outer loop
      vertex -64.0314697881245 51.51981816431827 0
      vertex -64.71058250964026 53.585797002961186 0
      vertex -64.36927970076005 54.13208219171007 0
    endloop
  endfacet
  facet normal 0 0 -1
    outer loop
      vertex -65.43740943665358 52.68824049749932 0
      vertex -65.93142432394153 54.41302873318318 0
      vertex -65.83296106566662 55.352236284946635 0
    endloop
  endfacet
  facet normal 0 0 -1
    outer loop
      vertex -64.0314697881245 51.51981816431827 0
      vertex -64.36927970076005 54.13208219171007 0
      vertex -63.921068892925575 54.52308090170737 0
    endloop
  endfacet
  facet normal 0 0 -1
    outer loop
      vertex -64.36927970076005 54.13208219171007 0
      vertex -64.4074926433974 56.07598947588174 0
      vertex -63.921068892925575 54.52308090170737 0
    endloop
  endfacet
  facet normal 0 0 -1
    outer loop
      vertex -64.4074926433974 56.07598947588174 0
      vertex -64.07497460621846 56.09127268363143 0
      vertex -63.921068892925575 54.52308090170737 0
    endloop
  endfacet
  facet normal 0 0 -1
    outer loop
      vertex -64.0314697881245 51.51981816431827 0
      vertex -63.921068892925575 54.52308090170737 0
      vertex -63.29117034652648 51.678595743267394 0
    endloop
  endfacet
  facet normal 0 0 -1
    outer loop
      vertex -63.29117034652648 51.678595743267394 0
      vertex -63.921068892925575 54.52308090170737 0
      vertex -62.6425373662481 52.06914515077236 0
    endloop
  endfacet
  facet normal 0 0 -1
    outer loop
      vertex -62.6425373662481 52.06914515077236 0
      vertex -63.921068892925575 54.52308090170737 0
      vertex -62.51821229063684 55.45119079663103 0
    endloop
  endfacet
  facet normal 0 0 -1
    outer loop
      vertex -63.921068892925575 54.52308090170737 0
      vertex -62.88737142073054 55.712213816344764 0
      vertex -62.51821229063684 55.45119079663103 0
    endloop
  endfacet
  facet normal 0 0 -1
    outer loop
      vertex -62.6425373662481 52.06914515077236 0
      vertex -62.51821229063684 55.45119079663103 0
      vertex -62.15586029528021 52.64914429853157 0
    endloop
  endfacet
  facet normal 0 0 -1
    outer loop
      vertex -62.15586029528021 52.64914429853157 0
      vertex -62.51821229063684 55.45119079663103 0
      vertex -62.075433120401286 54.83702454127926 0
    endloop
  endfacet
  facet normal 0 0 -1
    outer loop
      vertex -62.15586029528021 52.64914429853157 0
      vertex -62.075433120401286 54.83702454127926 0
      vertex -61.883878145835006 53.35574127927126 0
    endloop
  endfacet
  facet normal 0 0 -1
    outer loop
      vertex -61.883878145835006 53.35574127927126 0
      vertex -62.075433120401286 54.83702454127926 0
      vertex -61.85606440404275 54.11236534614648 0
    endloop
  endfacet
  facet normal -0.7038516128259169 -0.7103470328806586 -5.434548653158314e-19
    outer loop
      vertex -65.4649362455448 51.93942193698603 0
      vertex -65.78609754928343 52.25764653869515 15
      vertex -65.78609754928343 52.25764653869515 0
    endloop
  endfacet
  facet normal -0.43506568648208305 -0.9003987163728489 -4.171966755823062e-20
    outer loop
      vertex -65.4649362455448 51.93942193698603 0
      vertex -64.78321275961564 51.61001842829209 0
      vertex -64.78321275961564 51.61001842829209 15
    endloop
  endfacet
  facet normal -0.11913364226820734 -0.9928782278204669 0
    outer loop
      vertex -64.0314697881245 51.51981816431827 0
      vertex -64.0314697881245 51.51981816431827 15
      vertex -64.78321275961564 51.61001842829209 0
    endloop
  endfacet
  facet normal 0.20970838063430294 -0.9777639771906809 -1.3796393262991895e-19
    outer loop
      vertex -64.0314697881245 51.51981816431827 0
      vertex -63.29117034652648 51.678595743267394 0
      vertex -63.29117034652648 51.678595743267394 15
    endloop
  endfacet
  facet normal 0.515825246534316 -0.8566938280610011 -7.675669135465135e-20
    outer loop
      vertex -63.29117034652648 51.678595743267394 0
      vertex -62.6425373662481 52.06914515077236 0
      vertex -62.6425373662481 52.06914515077236 15
    endloop
  endfacet
  facet normal 0.7660444431189807 -0.6427876096865364 0
    outer loop
      vertex -62.6425373662481 52.06914515077236 0
      vertex -62.15586029528021 52.64914429853157 0
      vertex -62.6425373662481 52.06914515077236 15
    endloop
  endfacet
  facet normal 0.9332508378874563 -0.3592253799251394 0
    outer loop
      vertex -62.15586029528021 52.64914429853157 0
      vertex -61.883878145835006 53.35574127927126 0
      vertex -62.15586029528021 52.64914429853157 15
    endloop
  endfacet
  facet normal 0.5773327153949567 0.8165089930519357 0
    outer loop
      vertex -62.51821229063684 55.45119079663103 0
      vertex -62.88737142073054 55.712213816344764 0
      vertex -62.51821229063684 55.45119079663103 15
    endloop
  endfacet
  facet normal 0.999325023492064 -0.03673550629276243 0
    outer loop
      vertex -61.883878145835006 53.35574127927126 0
      vertex -61.85606440404275 54.11236534614648 0
      vertex -61.883878145835006 53.35574127927126 15
    endloop
  endfacet
  facet normal 0.8111712730632041 0.5848086573889109 0
    outer loop
      vertex -62.075433120401286 54.83702454127926 0
      vertex -62.51821229063684 55.45119079663103 0
      vertex -62.075433120401286 54.83702454127926 15
    endloop
  endfacet
  facet normal 0.9571068366759143 0.2897352294565243 0
    outer loop
      vertex -61.85606440404275 54.11236534614648 0
      vertex -62.075433120401286 54.83702454127926 0
      vertex -61.85606440404275 54.11236534614648 15
    endloop
  endfacet
  facet normal -0.7038516128259169 -0.7103470328806586 0
    outer loop
      vertex -65.4649362455448 51.93942193698603 0
      vertex -65.4649362455448 51.93942193698603 15
      vertex -65.78609754928343 52.25764653869515 15
    endloop
  endfacet
  facet normal -0.43506568648208305 -0.9003987163728489 0
    outer loop
      vertex -65.4649362455448 51.93942193698603 0
      vertex -64.78321275961564 51.61001842829209 15
      vertex -65.4649362455448 51.93942193698603 15
    endloop
  endfacet
  facet normal -0.11913364226820734 -0.9928782278204669 0
    outer loop
      vertex -64.78321275961564 51.61001842829209 0
      vertex -64.0314697881245 51.51981816431827 15
      vertex -64.78321275961564 51.61001842829209 15
    endloop
  endfacet
  facet normal 0.20970838063430294 -0.9777639771906809 0
    outer loop
      vertex -64.0314697881245 51.51981816431827 0
      vertex -63.29117034652648 51.678595743267394 15
      vertex -64.0314697881245 51.51981816431827 15
    endloop
  endfacet
  facet normal 0.515825246534316 -0.8566938280610011 0
    outer loop
      vertex -63.29117034652648 51.678595743267394 0
      vertex -62.6425373662481 52.06914515077236 15
      vertex -63.29117034652648 51.678595743267394 15
    endloop
  endfacet
  facet normal 0.7660444431189807 -0.6427876096865364 0
    outer loop
      vertex -62.15586029528021 52.64914429853157 0
      vertex -62.15586029528021 52.64914429853157 15
      vertex -62.6425373662481 52.06914515077236 15
    endloop
  endfacet
  facet normal 0.9332508378874563 -0.3592253799251394 0
    outer loop
      vertex -61.883878145835006 53.35574127927126 0
      vertex -61.883878145835006 53.35574127927126 15
      vertex -62.15586029528021 52.64914429853157 15
    endloop
  endfacet
  facet normal 0.5773327153949567 0.8165089930519357 0
    outer loop
      vertex -62.88737142073054 55.712213816344764 0
      vertex -62.88737142073054 55.712213816344764 15
      vertex -62.51821229063684 55.45119079663103 15
    endloop
  endfacet
  facet normal 0.999325023492064 -0.03673550629276243 0
    outer loop
      vertex -61.85606440404275 54.11236534614648 0
      vertex -61.85606440404275 54.11236534614648 15
      vertex -61.883878145835006 53.35574127927126 15
    endloop
  endfacet
  facet normal 0.8111712730632041 0.5848086573889109 0
    outer loop
      vertex -62.51821229063684 55.45119079663103 0
      vertex -62.51821229063684 55.45119079663103 15
      vertex -62.075433120401286 54.83702454127926 15
    endloop
  endfacet
  facet normal 0.9571068366759143 0.2897352294565243 0
    outer loop
      vertex -62.075433120401286 54.83702454127926 0
      vertex -62.075433120401286 54.83702454127926 15
      vertex -61.85606440404275 54.11236534614648 15
    endloop
  endfacet
  facet normal 0 0 1
    outer loop
      vertex -65.4649362455448 51.93942193698603 15
      vertex -65.54464618150877 52.55581414620159 15
      vertex -65.78609754928343 52.25764653869515 15
    endloop
  endfacet
  facet normal 0 0 1
    outer loop
      vertex -65.4649362455448 51.93942193698603 15
      vertex -64.78321275961564 51.61001842829209 15
      vertex -64.99352964005978 53.23638639615638 15
    endloop
  endfacet
  facet normal 0 0 1
    outer loop
      vertex -65.4649362455448 51.93942193698603 15
      vertex -64.99352964005978 53.23638639615638 15
      vertex -65.54464618150877 52.55581414620159 15
    endloop
  endfacet
  facet normal 0 0 1
    outer loop
      vertex -64.78321275961564 51.61001842829209 15
      vertex -64.65144898198929 55.19442091678491 15
      vertex -64.99352964005978 53.23638639615638 15
    endloop
  endfacet
  facet normal 0 0 1
    outer loop
      vertex -64.0314697881245 51.51981816431827 15
      vertex -64.36927970076005 54.13208219171007 15
      vertex -64.78321275961564 51.61001842829209 15
    endloop
  endfacet
  facet normal 0 0 1
    outer loop
      vertex -64.78321275961564 51.61001842829209 15
      vertex -64.36927970076005 54.13208219171007 15
      vertex -64.65144898198929 55.19442091678491 15
    endloop
  endfacet
  facet normal 0 0 1
    outer loop
      vertex -64.0314697881245 51.51981816431827 15
      vertex -63.921068892925575 54.52308090170737 15
      vertex -64.36927970076005 54.13208219171007 15
    endloop
  endfacet
  facet normal 0 0 1
    outer loop
      vertex -64.0314697881245 51.51981816431827 15
      vertex -63.29117034652648 51.678595743267394 15
      vertex -63.921068892925575 54.52308090170737 15
    endloop
  endfacet
  facet normal 0 0 1
    outer loop
      vertex -63.29117034652648 51.678595743267394 15
      vertex -62.6425373662481 52.06914515077236 15
      vertex -62.88737142073054 55.712213816344764 15
    endloop
  endfacet
  facet normal 0 0 1
    outer loop
      vertex -63.29117034652648 51.678595743267394 15
      vertex -62.88737142073054 55.712213816344764 15
      vertex -63.921068892925575 54.52308090170737 15
    endloop
  endfacet
  facet normal 0 0 1
    outer loop
      vertex -62.6425373662481 52.06914515077236 15
      vertex -62.51821229063684 55.45119079663103 15
      vertex -62.88737142073054 55.712213816344764 15
    endloop
  endfacet
  facet normal 0 0 1
    outer loop
      vertex -62.6425373662481 52.06914515077236 15
      vertex -62.15586029528021 52.64914429853157 15
      vertex -62.51821229063684 55.45119079663103 15
    endloop
  endfacet
  facet normal 0 0 1
    outer loop
      vertex -62.15586029528021 52.64914429853157 15
      vertex -62.075433120401286 54.83702454127926 15
      vertex -62.51821229063684 55.45119079663103 15
    endloop
  endfacet
  facet normal 0 0 1
    outer loop
      vertex -62.15586029528021 52.64914429853157 15
      vertex -61.883878145835006 53.35574127927126 15
      vertex -62.075433120401286 54.83702454127926 15
    endloop
  endfacet
  facet normal 0 0 1
    outer loop
      vertex -61.883878145835006 53.35574127927126 15
      vertex -61.85606440404275 54.11236534614648 15
      vertex -62.075433120401286 54.83702454127926 15
    endloop
  endfacet
  facet normal 0 0 -1
    outer loop
      vertex -14.323378595943568 82.79082495599644 0
      vertex -14.52937305993742 83.43667089609093 0
      vertex -12.363400669856224 83.10125496286823 0
    endloop
  endfacet
  facet normal 0 0 1
    outer loop
      vertex -18.5301257648556 83.88896483203199 15
      vertex -17.469779820962227 82.18885215165801 15
      vertex -15.295475621736355 82.95248833976007 15
    endloop
  endfacet
  facet normal 0 0 1
    outer loop
      vertex -16.80450675565968 82.31816813575252 15
      vertex -15.295475621736355 82.95248833976007 15
      vertex -17.469779820962227 82.18885215165801 15
    endloop
  endfacet
  facet normal 0 0 1
    outer loop
      vertex -16.80450675565968 82.31816813575252 15
      vertex -15.477837115271806 82.57604659057473 15
      vertex -15.295475621736355 82.95248833976007 15
    endloop
  endfacet
  facet normal 0 0 1
    outer loop
      vertex -14.761190671062028 82.79780536808056 15
      vertex -14.831256688534966 83.55841129879362 15
      vertex -15.295475621736355 82.95248833976007 15
    endloop
  endfacet
  facet normal 0 0 1
    outer loop
      vertex -15.295475621736355 82.95248833976007 15
      vertex -14.831256688534966 83.55841129879362 15
      vertex -15.07308903109606 83.58547850590972 15
    endloop
  endfacet
  facet normal 0 0 1
    outer loop
      vertex -14.761190671062028 82.79780536808056 15
      vertex -14.323378595943586 82.79082495599644 15
      vertex -14.831256688534966 83.55841129879362 15
    endloop
  endfacet
  facet normal 0 0 1
    outer loop
      vertex -12.714027882224116 83.32143939501235 15
      vertex -12.363400669856224 83.10125496286823 15
      vertex -11.694019808169497 83.20727447601044 15
    endloop
  endfacet
  facet normal 0 0 1
    outer loop
      vertex -11.959618351759675 83.70781559342473 15
      vertex -11.694019808169497 83.20727447601044 15
      vertex -11.763122125689412 83.69896301383822 15
    endloop
  endfacet
  facet normal 0 0 1
    outer loop
      vertex -14.874238225716452 84.02499999999999 15
      vertex -18.34762492754295 89.5766513538878 15
      vertex -14.9891096296219 84.02499999999999 15
    endloop
  endfacet
  facet normal 0 0 1
    outer loop
      vertex -14.717022359697669 84.02499999999999 15
      vertex -18.34762492754295 89.5766513538878 15
      vertex -14.874238225716452 84.02499999999999 15
    endloop
  endfacet
  facet normal 0 0 1
    outer loop
      vertex -14.717022359697669 84.02499999999999 15
      vertex -9.007023637238413 84.02499999999999 15
      vertex -18.34762492754295 89.5766513538878 15
    endloop
  endfacet
  facet normal 0 0 1
    outer loop
      vertex -18.34762492754295 89.5766513538878 15
      vertex -2.934217656544103 84.02499999999999 15
      vertex -18.154177312894372 91.22287261081793 15
    endloop
  endfacet
  facet normal 0 0 1
    outer loop
      vertex -8.930680294287422 83.86813567970675 15
      vertex -8.783004126064583 83.56470225831916 15
      vertex -8.814706372677449 83.8663289866116 15
    endloop
  endfacet
  facet normal 0 0 1
    outer loop
      vertex -8.814706372677449 83.8663289866116 15
      vertex -8.783004126064583 83.56470225831916 15
      vertex -5.861287706350128 83.82031932308172 15
    endloop
  endfacet
  facet normal 0 0 1
    outer loop
      vertex -2.9530601562503445 84.02499999999999 15
      vertex -18.34762492754295 89.5766513538878 15
      vertex -9.007023637238413 84.02499999999999 15
    endloop
  endfacet
  facet normal 0 0 1
    outer loop
      vertex -18.34762492754295 89.5766513538878 15
      vertex -2.9530601562503445 84.02499999999999 15
      vertex -2.934217656544103 84.02499999999999 15
    endloop
  endfacet
  facet normal 0 0 1
    outer loop
      vertex -5.933719392699211 83.98337531696673 15
      vertex -8.814706372677449 83.8663289866116 15
      vertex -5.861287706350128 83.82031932308172 15
    endloop
  endfacet
  facet normal 0 0 1
    outer loop
      vertex -5.933719392699211 83.98337531696673 15
      vertex -5.861287706350128 83.82031932308172 15
      vertex -5.872676093994044 83.98318085397943 15
    endloop
  endfacet
  facet normal 0 0 1
    outer loop
      vertex -5.872676093994044 83.98318085397943 15
      vertex -5.861287706350128 83.82031932308172 15
      vertex -2.932430210427644 83.97381424027951 15
    endloop
  endfacet
  facet normal 0 0 1
    outer loop
      vertex -2.9530601562503445 84.02499999999999 15
      vertex -5.872676093994044 83.98318085397943 15
      vertex -2.932430210427644 83.97381424027951 15
    endloop
  endfacet
  facet normal 0 0 1
    outer loop
      vertex -2.9530601562503445 84.02499999999999 15
      vertex -2.932430210427644 83.97381424027951 15
      vertex -2.934217656544103 84.02499999999999 15
    endloop
  endfacet
  facet normal 0 0 -1
    outer loop
      vertex -10.935517528697956 234.21430920266334 0
      vertex -17.469779820962227 82.18885215165801 0
      vertex -18.79041009017405 88.40192907968058 0
    endloop
  endfacet
  facet normal 0 0 -1
    outer loop
      vertex -10.935517528697956 234.21430920266334 0
      vertex -18.79041009017405 88.40192907968058 0
      vertex -18.64419860353271 91.12762212085958 0
    endloop
  endfacet
  facet normal 0 0 -1
    outer loop
      vertex -0.19859564175616365 244.02320711621104 0
      vertex -16.80450675565968 82.31816813575252 0
      vertex -17.469779820962227 82.18885215165801 0
    endloop
  endfacet
  facet normal 0 0 -1
    outer loop
      vertex -0.19859564175616365 244.02320711621104 0
      vertex -14.753728475797447 82.71679905176505 0
      vertex -16.80450675565968 82.31816813575252 0
    endloop
  endfacet
  facet normal 0 0 -1
    outer loop
      vertex -0.19859564175616365 244.02320711621104 0
      vertex -14.52937305993742 83.43667089609093 0
      vertex -14.753728475797447 82.71679905176505 0
    endloop
  endfacet
  facet normal 0 0 -1
    outer loop
      vertex -0.19859564175616365 244.02320711621104 0
      vertex -12.363400669856224 83.10125496286823 0
      vertex -14.52937305993742 83.43667089609093 0
    endloop
  endfacet
  facet normal 0 0 -1
    outer loop
      vertex -0.19859564175616365 244.02320711621104 0
      vertex -11.694019808169497 83.20727447601044 0
      vertex -12.363400669856224 83.10125496286823 0
    endloop
  endfacet
  facet normal 0 0 -1
    outer loop
      vertex -0.19859564175616365 244.02320711621104 0
      vertex -8.783004126064583 83.56470225831916 0
      vertex -11.694019808169497 83.20727447601044 0
    endloop
  endfacet
  facet normal 0 0 -1
    outer loop
      vertex -0.19859564175616365 244.02320711621104 0
      vertex -5.861287706350128 83.82031932308172 0
      vertex -8.783004126064583 83.56470225831916 0
    endloop
  endfacet
  facet normal 0 0 -1
    outer loop
      vertex -0.19859564175616365 244.02320711621104 0
      vertex -2.932430210427644 83.97381424027951 0
      vertex -5.861287706350128 83.82031932308172 0
    endloop
  endfacet
  facet normal 0 0 -1
    outer loop
      vertex -0.19859564175616365 244.02320711621104 0
      vertex 0 84.02499999999999 0
      vertex -2.932430210427644 83.97381424027951 0
    endloop
  endfacet
  facet normal 0 0 -1
    outer loop
      vertex -10.992829049286446 233.42212654552927 0
      vertex -10.935517528697956 234.21430920266334 0
      vertex -18.64419860353271 91.12762212085958 0
    endloop
  endfacet
  facet normal 0 0 -1
    outer loop
      vertex -10.935517528697956 234.21430920266334 0
      vertex -0.19859564175616365 244.02320711621104 0
      vertex -17.469779820962227 82.18885215165801 0
    endloop
  endfacet
  facet normal 0 0 -1
    outer loop
      vertex -10.935517528697956 234.21430920266334 0
      vertex -10.82119328325203 235.00029135230756 0
      vertex -10.650452346628196 235.77597524747168 0
    endloop
  endfacet
  facet normal 0 0 -1
    outer loop
      vertex -10.935517528697956 234.21430920266334 0
      vertex -10.650452346628196 235.77597524747168 0
      vertex -10.424184883010827 236.53731683149576 0
    endloop
  endfacet
  facet normal 0 0 -1
    outer loop
      vertex -10.935517528697956 234.21430920266334 0
      vertex -10.424184883010827 236.53731683149576 0
      vertex -9.810072329369204 238.00119140433168 0
    endloop
  endfacet
  facet normal 0 0 -1
    outer loop
      vertex -10.424184883010827 236.53731683149576 0
      vertex -10.143570546185263 237.2803468218892 0
      vertex -9.810072329369204 238.00119140433168 0
    endloop
  endfacet
  facet normal 0 0 -1
    outer loop
      vertex -10.935517528697956 234.21430920266334 0
      vertex -9.810072329369204 238.00119140433168 0
      vertex -7.419281541545654 241.14622290097248 0
    endloop
  endfacet
  facet normal 0 0 -1
    outer loop
      vertex -9.810072329369204 238.00119140433168 0
      vertex -9.425428937843481 238.69609242894722 0
      vertex -8.991645724147808 239.36142700355762 0
    endloop
  endfacet
  facet normal 0 0 -1
    outer loop
      vertex -9.810072329369204 238.00119140433168 0
      vertex -8.991645724147808 239.36142700355762 0
      vertex -7.419281541545654 241.14622290097248 0
    endloop
  endfacet
  facet normal 0 0 -1
    outer loop
      vertex -8.991645724147808 239.36142700355762 0
      vertex -8.510984233101198 239.99372638176465 0
      vertex -7.985950411154442 240.58969404738764 0
    endloop
  endfacet
  facet normal 0 0 -1
    outer loop
      vertex -10.935517528697956 234.21430920266334 0
      vertex -7.419281541545654 241.14622290097248 0
      vertex -0.19859564175616365 244.02320711621104 0
    endloop
  endfacet
  facet normal 0 0 -1
    outer loop
      vertex -8.991645724147808 239.36142700355762 0
      vertex -7.985950411154442 240.58969404738764 0
      vertex -7.419281541545654 241.14622290097248 0
    endloop
  endfacet
  facet normal 0 0 -1
    outer loop
      vertex -7.419281541545654 241.14622290097248 0
      vertex -6.813931973372953 241.66041145876937 0
      vertex -6.173057718986207 242.12957897972578 0
    endloop
  endfacet
  facet normal 0 0 -1
    outer loop
      vertex -7.419281541545654 241.14622290097248 0
      vertex -6.173057718986207 242.12957897972578 0
      vertex -5.5 242.5512794416288 0
    endloop
  endfacet
  facet normal 0 0 -1
    outer loop
      vertex -7.419281541545654 241.14622290097248 0
      vertex -5.5 242.5512794416288 0
      vertex -4.071519708739056 243.2437439179847 0
    endloop
  endfacet
  facet normal 0 0 -1
    outer loop
      vertex -5.5 242.5512794416288 0
      vertex -4.798267827711241 242.92331429353254 0
      vertex -4.071519708739056 243.2437439179847 0
    endloop
  endfacet
  facet normal 0 0 -1
    outer loop
      vertex -7.419281541545654 241.14622290097248 0
      vertex -4.071519708739056 243.2437439179847 0
      vertex -0.19859564175616365 244.02320711621104 0
    endloop
  endfacet
  facet normal 0 0 -1
    outer loop
      vertex -4.071519708739056 243.2437439179847 0
      vertex -3.3235445712653005 243.51089774329373 0
      vertex -1.7796019620804118 243.88009174795675 0
    endloop
  endfacet
  facet normal 0 0 -1
    outer loop
      vertex -3.3235445712653005 243.51089774329373 0
      vertex -2.5582420113174154 243.72338295311633 0
      vertex -1.7796019620804118 243.88009174795675 0
    endloop
  endfacet
  facet normal 0 0 -1
    outer loop
      vertex -4.071519708739056 243.2437439179847 0
      vertex -1.7796019620804118 243.88009174795675 0
      vertex -0.19859564175616365 244.02320711621104 0
    endloop
  endfacet
  facet normal 0 0 -1
    outer loop
      vertex -1.7796019620804118 243.88009174795675 0
      vertex -0.9916838922327169 243.98020712072054 0
      vertex -0.19859564175616365 244.02320711621104 0
    endloop
  endfacet
  facet normal -0.9985574476717439 0.05369379572438942 0
    outer loop
      vertex -10.992829049286446 233.42212654552927 0
      vertex -18.64419860353271 91.12762212085958 0
      vertex -10.992829049286446 233.42212654552927 15
    endloop
  endfacet
  facet normal -0.9973932315179501 0.07215775580061308 0
    outer loop
      vertex -10.992829049286446 233.42212654552927 0
      vertex -10.992829049286446 233.42212654552927 15
      vertex -10.935517528697956 234.21430920266334 0
    endloop
  endfacet
  facet normal -0.989586516555637 0.14393931447412156 0
    outer loop
      vertex -10.935517528697956 234.21430920266334 0
      vertex -10.935517528697956 234.21430920266334 15
      vertex -10.82119328325203 235.00029135230756 0
    endloop
  endfacet
  facet normal -0.9766205557100873 0.21497044021102066 0
    outer loop
      vertex -10.82119328325203 235.00029135230756 0
      vertex -10.82119328325203 235.00029135230756 15
      vertex -10.650452346628196 235.77597524747168 0
    endloop
  endfacet
  facet normal -0.958562947497441 0.28488080961170076 0
    outer loop
      vertex -10.650452346628196 235.77597524747168 0
      vertex -10.650452346628196 235.77597524747168 15
      vertex -10.424184883010827 236.53731683149576 0
    endloop
  endfacet
  facet normal -0.935507835925598 0.35330594238111007 -4.770595634089586e-19
    outer loop
      vertex -10.424184883010827 236.53731683149576 0
      vertex -10.143570546185263 237.2803468218892 15
      vertex -10.143570546185263 237.2803468218892 0
    endloop
  endfacet
  facet normal -0.9075754196709608 0.4198891015602565 2.643388066566806e-19
    outer loop
      vertex -10.143570546185263 237.2803468218892 0
      vertex -9.810072329369204 238.00119140433168 15
      vertex -9.810072329369204 238.00119140433168 0
    endloop
  endfacet
  facet normal -0.8749113254181513 0.48428315338761674 0
    outer loop
      vertex -9.810072329369204 238.00119140433168 0
      vertex -9.810072329369204 238.00119140433168 15
      vertex -9.425428937843481 238.69609242894722 0
    endloop
  endfacet
  facet normal -0.8376858486299644 0.5461523770936973 -5.563223298697459e-19
    outer loop
      vertex -9.425428937843481 238.69609242894722 0
      vertex -8.991645724147808 239.36142700355762 15
      vertex -8.991645724147808 239.36142700355762 0
    endloop
  endfacet
  facet normal -0.7960930657056425 0.6051742151937668 9.674783435633864e-19
    outer loop
      vertex -8.991645724147808 239.36142700355762 0
      vertex -8.510984233101198 239.99372638176465 15
      vertex -8.510984233101198 239.99372638176465 0
    endloop
  endfacet
  facet normal -0.7503498221564041 0.6610409551531983 0
    outer loop
      vertex -8.510984233101198 239.99372638176465 0
      vertex -8.510984233101198 239.99372638176465 15
      vertex -7.985950411154442 240.58969404738764 0
    endloop
  endfacet
  facet normal -0.7006946020733462 0.7134613336581562 0
    outer loop
      vertex -7.985950411154442 240.58969404738764 0
      vertex -7.985950411154442 240.58969404738764 15
      vertex -7.419281541545654 241.14622290097248 0
    endloop
  endfacet
  facet normal -0.6473862847818195 0.7621620551276435 1.5564947048604752e-18
    outer loop
      vertex -7.419281541545654 241.14622290097248 0
      vertex -6.813931973372953 241.66041145876937 15
      vertex -6.813931973372953 241.66041145876937 0
    endloop
  endfacet
  facet normal -0.5907027951645539 0.8068892165500683 0
    outer loop
      vertex -6.813931973372953 241.66041145876937 0
      vertex -6.813931973372953 241.66041145876937 15
      vertex -6.173057718986207 242.12957897972578 0
    endloop
  endfacet
  facet normal -0.5309396546898738 0.8474096312160947 0
    outer loop
      vertex -6.173057718986207 242.12957897972578 0
      vertex -6.173057718986207 242.12957897972578 15
      vertex -5.5 242.5512794416288 0
    endloop
  endfacet
  facet normal -0.4684084406997904 0.8835120444460228 -1.894122003780473e-18
    outer loop
      vertex -5.5 242.5512794416288 0
      vertex -4.798267827711241 242.92331429353254 15
      vertex -4.798267827711241 242.92331429353254 0
    endloop
  endfacet
  facet normal -0.4034351619898218 0.9150082349740062 0
    outer loop
      vertex -4.798267827711241 242.92331429353254 0
      vertex -4.798267827711241 242.92331429353254 15
      vertex -4.071519708739056 243.2437439179847 0
    endloop
  endfacet
  facet normal -0.33635855915016893 0.9417339962465103 -1.122259325911016e-18
    outer loop
      vertex -4.071519708739056 243.2437439179847 0
      vertex -3.3235445712653005 243.51089774329373 15
      vertex -3.3235445712653005 243.51089774329373 0
    endloop
  endfacet
  facet normal -0.2675283385292177 0.9635499925192238 3.7690177394057503e-19
    outer loop
      vertex -3.3235445712653005 243.51089774329373 0
      vertex -2.5582420113174154 243.72338295311633 15
      vertex -2.5582420113174154 243.72338295311633 0
    endloop
  endfacet
  facet normal -0.1973033490263927 0.9803424852891817 0
    outer loop
      vertex -2.5582420113174154 243.72338295311633 0
      vertex -2.5582420113174154 243.72338295311633 15
      vertex -1.7796019620804118 243.88009174795675 0
    endloop
  endfacet
  facet normal -0.12604971122031716 0.9920239262746009 -3.3227706812618345e-19
    outer loop
      vertex -1.7796019620804118 243.88009174795675 0
      vertex -0.9916838922327169 243.98020712072054 15
      vertex -0.9916838922327169 243.98020712072054 0
    endloop
  endfacet
  facet normal -0.05413890858541416 0.9985334138511242 0
    outer loop
      vertex -0.9916838922327169 243.98020712072054 0
      vertex -0.9916838922327169 243.98020712072054 15
      vertex -0.19859564175616365 244.02320711621104 0
    endloop
  endfacet
  facet normal -0.9985574476717439 0.05369379572438942 -2.1299368781257734e-17
    outer loop
      vertex -10.992829049286446 233.42212654552927 15
      vertex -18.64419860353271 91.12762212085958 0
      vertex -18.64419860353271 91.12762212085958 15
    endloop
  endfacet
  facet normal 0 0 1
    outer loop
      vertex -10.935517528697956 234.21430920266334 15
      vertex -18.64419860353271 91.12762212085958 15
      vertex -18.154177312894372 91.22287261081793 15
    endloop
  endfacet
  facet normal 0 0 1
    outer loop
      vertex -0.19859564175616365 244.02320711621104 15
      vertex -18.154177312894372 91.22287261081793 15
      vertex -2.934217656544103 84.02499999999999 15
    endloop
  endfacet
  facet normal -0.9973932315179501 0.07215775580061308 0
    outer loop
      vertex -10.935517528697956 234.21430920266334 0
      vertex -10.992829049286446 233.42212654552927 15
      vertex -10.935517528697956 234.21430920266334 15
    endloop
  endfacet
  facet normal -0.989586516555637 0.14393931447412156 0
    outer loop
      vertex -10.82119328325203 235.00029135230756 0
      vertex -10.935517528697956 234.21430920266334 15
      vertex -10.82119328325203 235.00029135230756 15
    endloop
  endfacet
  facet normal -0.9766205557100873 0.21497044021102066 0
    outer loop
      vertex -10.650452346628196 235.77597524747168 0
      vertex -10.82119328325203 235.00029135230756 15
      vertex -10.650452346628196 235.77597524747168 15
    endloop
  endfacet
  facet normal -0.958562947497441 0.28488080961170076 0
    outer loop
      vertex -10.424184883010827 236.53731683149576 0
      vertex -10.650452346628196 235.77597524747168 15
      vertex -10.424184883010827 236.53731683149576 15
    endloop
  endfacet
  facet normal -0.935507835925598 0.35330594238111007 0
    outer loop
      vertex -10.424184883010827 236.53731683149576 0
      vertex -10.424184883010827 236.53731683149576 15
      vertex -10.143570546185263 237.2803468218892 15
    endloop
  endfacet
  facet normal -0.9075754196709608 0.4198891015602565 0
    outer loop
      vertex -10.143570546185263 237.2803468218892 0
      vertex -10.143570546185263 237.2803468218892 15
      vertex -9.810072329369204 238.00119140433168 15
    endloop
  endfacet
  facet normal -0.8749113254181513 0.48428315338761674 0
    outer loop
      vertex -9.425428937843481 238.69609242894722 0
      vertex -9.810072329369204 238.00119140433168 15
      vertex -9.425428937843481 238.69609242894722 15
    endloop
  endfacet
  facet normal -0.8376858486299644 0.5461523770936973 0
    outer loop
      vertex -9.425428937843481 238.69609242894722 0
      vertex -9.425428937843481 238.69609242894722 15
      vertex -8.991645724147808 239.36142700355762 15
    endloop
  endfacet
  facet normal -0.7960930657056425 0.6051742151937668 0
    outer loop
      vertex -8.991645724147808 239.36142700355762 0
      vertex -8.991645724147808 239.36142700355762 15
      vertex -8.510984233101198 239.99372638176465 15
    endloop
  endfacet
  facet normal -0.7503498221564041 0.6610409551531983 0
    outer loop
      vertex -7.985950411154442 240.58969404738764 0
      vertex -8.510984233101198 239.99372638176465 15
      vertex -7.985950411154442 240.58969404738764 15
    endloop
  endfacet
  facet normal -0.7006946020733462 0.7134613336581562 0
    outer loop
      vertex -7.419281541545654 241.14622290097248 0
      vertex -7.985950411154442 240.58969404738764 15
      vertex -7.419281541545654 241.14622290097248 15
    endloop
  endfacet
  facet normal -0.6473862847818195 0.7621620551276435 0
    outer loop
      vertex -7.419281541545654 241.14622290097248 0
      vertex -7.419281541545654 241.14622290097248 15
      vertex -6.813931973372953 241.66041145876937 15
    endloop
  endfacet
  facet normal -0.5907027951645539 0.8068892165500683 0
    outer loop
      vertex -6.173057718986207 242.12957897972578 0
      vertex -6.813931973372953 241.66041145876937 15
      vertex -6.173057718986207 242.12957897972578 15
    endloop
  endfacet
  facet normal -0.5309396546898738 0.8474096312160947 0
    outer loop
      vertex -5.5 242.5512794416288 0
      vertex -6.173057718986207 242.12957897972578 15
      vertex -5.5 242.5512794416288 15
    endloop
  endfacet
  facet normal -0.4684084406997904 0.8835120444460228 0
    outer loop
      vertex -5.5 242.5512794416288 0
      vertex -5.5 242.5512794416288 15
      vertex -4.798267827711241 242.92331429353254 15
    endloop
  endfacet
  facet normal -0.4034351619898218 0.9150082349740062 0
    outer loop
      vertex -4.071519708739056 243.2437439179847 0
      vertex -4.798267827711241 242.92331429353254 15
      vertex -4.071519708739056 243.2437439179847 15
    endloop
  endfacet
  facet normal -0.33635855915016893 0.9417339962465103 0
    outer loop
      vertex -4.071519708739056 243.2437439179847 0
      vertex -4.071519708739056 243.2437439179847 15
      vertex -3.3235445712653005 243.51089774329373 15
    endloop
  endfacet
  facet normal -0.2675283385292177 0.9635499925192238 0
    outer loop
      vertex -3.3235445712653005 243.51089774329373 0
      vertex -3.3235445712653005 243.51089774329373 15
      vertex -2.5582420113174154 243.72338295311633 15
    endloop
  endfacet
  facet normal -0.1973033490263927 0.9803424852891817 0
    outer loop
      vertex -1.7796019620804118 243.88009174795675 0
      vertex -2.5582420113174154 243.72338295311633 15
      vertex -1.7796019620804118 243.88009174795675 15
    endloop
  endfacet
  facet normal -0.12604971122031716 0.9920239262746009 0
    outer loop
      vertex -1.7796019620804118 243.88009174795675 0
      vertex -1.7796019620804118 243.88009174795675 15
      vertex -0.9916838922327169 243.98020712072054 15
    endloop
  endfacet
  facet normal -0.05413890858541416 0.9985334138511242 0
    outer loop
      vertex -0.19859564175616365 244.02320711621104 0
      vertex -0.9916838922327169 243.98020712072054 15
      vertex -0.19859564175616365 244.02320711621104 15
    endloop
  endfacet
  facet normal 0 0 1
    outer loop
      vertex -10.992829049286446 233.42212654552927 15
      vertex -18.64419860353271 91.12762212085958 15
      vertex -10.935517528697956 234.21430920266334 15
    endloop
  endfacet
  facet normal 0 0 1
    outer loop
      vertex -10.935517528697956 234.21430920266334 15
      vertex -18.154177312894372 91.22287261081793 15
      vertex -0.19859564175616365 244.02320711621104 15
    endloop
  endfacet
  facet normal 0 0 1
    outer loop
      vertex -10.935517528697956 234.21430920266334 15
      vertex -10.650452346628196 235.77597524747168 15
      vertex -10.82119328325203 235.00029135230756 15
    endloop
  endfacet
  facet normal 0 0 1
    outer loop
      vertex -10.935517528697956 234.21430920266334 15
      vertex -9.810072329369204 238.00119140433168 15
      vertex -10.650452346628196 235.77597524747168 15
    endloop
  endfacet
  facet normal 0 0 1
    outer loop
      vertex -10.650452346628196 235.77597524747168 15
      vertex -10.143570546185263 237.2803468218892 15
      vertex -10.424184883010827 236.53731683149576 15
    endloop
  endfacet
  facet normal 0 0 1
    outer loop
      vertex -10.650452346628196 235.77597524747168 15
      vertex -9.810072329369204 238.00119140433168 15
      vertex -10.143570546185263 237.2803468218892 15
    endloop
  endfacet
  facet normal 0 0 1
    outer loop
      vertex -10.935517528697956 234.21430920266334 15
      vertex -7.419281541545654 241.14622290097248 15
      vertex -9.810072329369204 238.00119140433168 15
    endloop
  endfacet
  facet normal 0 0 1
    outer loop
      vertex -9.810072329369204 238.00119140433168 15
      vertex -8.991645724147808 239.36142700355762 15
      vertex -9.425428937843481 238.69609242894722 15
    endloop
  endfacet
  facet normal 0 0 1
    outer loop
      vertex -9.810072329369204 238.00119140433168 15
      vertex -8.510984233101198 239.99372638176465 15
      vertex -8.991645724147808 239.36142700355762 15
    endloop
  endfacet
  facet normal 0 0 1
    outer loop
      vertex -9.810072329369204 238.00119140433168 15
      vertex -7.419281541545654 241.14622290097248 15
      vertex -8.510984233101198 239.99372638176465 15
    endloop
  endfacet
  facet normal 0 0 1
    outer loop
      vertex -10.935517528697956 234.21430920266334 15
      vertex -0.19859564175616365 244.02320711621104 15
      vertex -7.419281541545654 241.14622290097248 15
    endloop
  endfacet
  facet normal 0 0 1
    outer loop
      vertex -8.510984233101198 239.99372638176465 15
      vertex -7.419281541545654 241.14622290097248 15
      vertex -7.985950411154442 240.58969404738764 15
    endloop
  endfacet
  facet normal 0 0 1
    outer loop
      vertex -7.419281541545654 241.14622290097248 15
      vertex -6.173057718986207 242.12957897972578 15
      vertex -6.813931973372953 241.66041145876937 15
    endloop
  endfacet
  facet normal 0 0 1
    outer loop
      vertex -7.419281541545654 241.14622290097248 15
      vertex -5.5 242.5512794416288 15
      vertex -6.173057718986207 242.12957897972578 15
    endloop
  endfacet
  facet normal 0 0 1
    outer loop
      vertex -7.419281541545654 241.14622290097248 15
      vertex -4.071519708739056 243.2437439179847 15
      vertex -5.5 242.5512794416288 15
    endloop
  endfacet
  facet normal 0 0 1
    outer loop
      vertex -5.5 242.5512794416288 15
      vertex -4.071519708739056 243.2437439179847 15
      vertex -4.798267827711241 242.92331429353254 15
    endloop
  endfacet
  facet normal 0 0 1
    outer loop
      vertex -7.419281541545654 241.14622290097248 15
      vertex -0.19859564175616365 244.02320711621104 15
      vertex -4.071519708739056 243.2437439179847 15
    endloop
  endfacet
  facet normal 0 0 1
    outer loop
      vertex -4.071519708739056 243.2437439179847 15
      vertex -2.5582420113174154 243.72338295311633 15
      vertex -3.3235445712653005 243.51089774329373 15
    endloop
  endfacet
  facet normal 0 0 1
    outer loop
      vertex -4.071519708739056 243.2437439179847 15
      vertex -1.7796019620804118 243.88009174795675 15
      vertex -2.5582420113174154 243.72338295311633 15
    endloop
  endfacet
  facet normal 0 0 1
    outer loop
      vertex -4.071519708739056 243.2437439179847 15
      vertex -0.19859564175616365 244.02320711621104 15
      vertex -1.7796019620804118 243.88009174795675 15
    endloop
  endfacet
  facet normal 0 0 1
    outer loop
      vertex -1.7796019620804118 243.88009174795675 15
      vertex -0.19859564175616365 244.02320711621104 15
      vertex -0.9916838922327169 243.98020712072054 15
    endloop
  endfacet
  facet normal 0 0 -1
    outer loop
      vertex 14.572167047904797 82.9515299306722 0
      vertex 18.98748875078079 84.6222807996963 0
      vertex 14.761190671062028 82.79780536808056 0
    endloop
  endfacet
  facet normal 0 0 -1
    outer loop
      vertex 14.8342597074918 82.81895987688425 0
      vertex 14.761190671062028 82.79780536808056 0
      vertex 18.98748875078079 84.6222807996963 0
    endloop
  endfacet
  facet normal 0 0 -1
    outer loop
      vertex 15.477837115271806 82.57604659057473 0
      vertex 14.8342597074918 82.81895987688425 0
      vertex 18.98748875078079 84.6222807996963 0
    endloop
  endfacet
  facet normal 0 0 -1
    outer loop
      vertex 15.477837115271806 82.57604659057473 0
      vertex 18.98748875078079 84.6222807996963 0
      vertex 16.80450675565968 82.31816813575252 0
    endloop
  endfacet
  facet normal 0 0 -1
    outer loop
      vertex 18.98748875078079 84.6222807996963 0
      vertex 17.469779820962227 82.18885215165801 0
      vertex 16.80450675565968 82.31816813575252 0
    endloop
  endfacet
  facet normal 0 0 -1
    outer loop
      vertex 18.710326758103236 89.89770731652413 0
      vertex 18.790688213967357 88.40323754925275 0
      vertex 18.98748875078079 84.6222807996963 0
    endloop
  endfacet
  facet normal 0 0 -1
    outer loop
      vertex 18.64419101892231 91.12762359515851 0
      vertex 18.710326758103236 89.89770731652413 0
      vertex 18.98748875078079 84.6222807996963 0
    endloop
  endfacet
  facet normal 0 0 1
    outer loop
      vertex 2.934217656544103 84.02499999999999 15
      vertex 0 84.02499999999999 15
      vertex 2.932430210427644 83.97381424027951 15
    endloop
  endfacet
  facet normal 0 0 1
    outer loop
      vertex 2.934217656544103 84.02499999999999 15
      vertex 2.932430210427644 83.97381424027951 15
      vertex 5.814789958690588 83.98299644863054 15
    endloop
  endfacet
  facet normal 0 0 1
    outer loop
      vertex 5.814789958690588 83.98299644863054 15
      vertex 2.932430210427644 83.97381424027951 15
      vertex 5.861287706350128 83.82031932308172 15
    endloop
  endfacet
  facet normal 0 0 1
    outer loop
      vertex 0 84.02499999999999 15
      vertex 18.135882064137054 91.22642884692712 15
      vertex -2.934217656544103 84.02499999999999 15
    endloop
  endfacet
  facet normal 0 0 1
    outer loop
      vertex 8.708482695088847 83.86467418713448 15
      vertex 5.861287706350128 83.82031932308172 15
      vertex 8.783004126064583 83.56470225831916 15
    endloop
  endfacet
  facet normal 0 0 1
    outer loop
      vertex 8.814706372677449 83.8663289866116 15
      vertex 8.708482695088847 83.86467418713448 15
      vertex 8.783004126064583 83.56470225831916 15
    endloop
  endfacet
  facet normal 0 0 1
    outer loop
      vertex 8.814706372677449 83.8663289866116 15
      vertex 8.783004126064583 83.56470225831916 15
      vertex 11.591579504765486 83.69123464808497 15
    endloop
  endfacet
  facet normal 0 0 1
    outer loop
      vertex 11.591579504765486 83.69123464808497 15
      vertex 8.783004126064583 83.56470225831916 15
      vertex 11.694019808169497 83.20727447601044 15
    endloop
  endfacet
  facet normal 0 0 1
    outer loop
      vertex 5.872676093994044 83.98318085397943 15
      vertex 5.814789958690588 83.98299644863054 15
      vertex 5.861287706350128 83.82031932308172 15
    endloop
  endfacet
  facet normal 0 0 1
    outer loop
      vertex 5.872676093994044 83.98318085397943 15
      vertex 5.861287706350128 83.82031932308172 15
      vertex 8.708482695088847 83.86467418713448 15
    endloop
  endfacet
  facet normal 0 0 1
    outer loop
      vertex 2.934217656544103 84.02499999999999 15
      vertex 18.135882064137054 91.22642884692712 15
      vertex 0 84.02499999999999 15
    endloop
  endfacet
  facet normal 0 0 1
    outer loop
      vertex 11.763122125689412 83.69896301383822 15
      vertex 11.694019808169497 83.20727447601044 15
      vertex 12.375186479034777 83.28351439977595 15
    endloop
  endfacet
  facet normal 0 0 1
    outer loop
      vertex 11.763122125689412 83.69896301383822 15
      vertex 11.591579504765486 83.69123464808497 15
      vertex 11.694019808169497 83.20727447601044 15
    endloop
  endfacet
  facet normal 0 0 1
    outer loop
      vertex 12.363400669856224 83.10125496286823 15
      vertex 12.375186479034777 83.28351439977595 15
      vertex 11.694019808169497 83.20727447601044 15
    endloop
  endfacet
  facet normal 0 0 1
    outer loop
      vertex 12.363400669856224 83.10125496286823 15
      vertex 12.6042805031451 83.30915586416398 15
      vertex 12.375186479034777 83.28351439977595 15
    endloop
  endfacet
  facet normal 0 0 1
    outer loop
      vertex 14.753728475797447 82.71679905176505 15
      vertex 17.785315732671492 83.67333190250716 15
      vertex 14.76119067106203 82.79780536808056 15
    endloop
  endfacet
  facet normal 0 0 1
    outer loop
      vertex 14.753728475797447 82.71679905176505 15
      vertex 16.80450675565968 82.31816813575252 15
      vertex 17.785315732671492 83.67333190250716 15
    endloop
  endfacet
  facet normal 0 0 1
    outer loop
      vertex 17.785315732671492 83.67333190250716 15
      vertex 16.80450675565968 82.31816813575252 15
      vertex 17.469779820962227 82.18885215165801 15
    endloop
  endfacet
  facet normal 0 0 1
    outer loop
      vertex 14.272773997462947 84.02499999999999 15
      vertex 18.135882064137054 91.22642884692712 15
      vertex 2.934217656544103 84.02499999999999 15
    endloop
  endfacet
  facet normal 0 0 1
    outer loop
      vertex 14.272773997462947 84.02499999999999 15
      vertex 14.874238225716452 84.02499999999999 15
      vertex 18.135882064137054 91.22642884692712 15
    endloop
  endfacet
  facet normal 0 0 1
    outer loop
      vertex 17.213312740334686 84.02499999999999 15
      vertex 18.135882064137054 91.22642884692712 15
      vertex 14.874238225716452 84.02499999999999 15
    endloop
  endfacet
  facet normal 0 0 -1
    outer loop
      vertex 5.861287706350128 83.82031932308172 0
      vertex -0.19859564175616365 244.02320711621104 0
      vertex 8.783004126064583 83.56470225831916 0
    endloop
  endfacet
  facet normal 0 0 -1
    outer loop
      vertex -0.19859564175616365 244.02320711621104 0
      vertex 11.694019808169497 83.20727447601044 0
      vertex 8.783004126064583 83.56470225831916 0
    endloop
  endfacet
  facet normal 0 0 -1
    outer loop
      vertex -0.19859564175616365 244.02320711621104 0
      vertex 12.363400669856224 83.10125496286823 0
      vertex 11.694019808169497 83.20727447601044 0
    endloop
  endfacet
  facet normal 0 0 -1
    outer loop
      vertex 14.323378595943588 82.79082495599644 0
      vertex 12.363400669856224 83.10125496286823 0
      vertex -0.19859564175616365 244.02320711621104 0
    endloop
  endfacet
  facet normal 0 0 -1
    outer loop
      vertex 14.323378595943588 82.79082495599644 0
      vertex -0.19859564175616365 244.02320711621104 0
      vertex 14.572167047904797 82.9515299306722 0
    endloop
  endfacet
  facet normal 0 0 -1
    outer loop
      vertex -0.19859564175616365 244.02320711621104 0
      vertex 18.98748875078079 84.6222807996963 0
      vertex 14.572167047904797 82.9515299306722 0
    endloop
  endfacet
  facet normal 0 0 -1
    outer loop
      vertex -0.19859564175616365 244.02320711621104 0
      vertex 2.932430210427644 83.97381424027951 0
      vertex 0 84.02499999999999 0
    endloop
  endfacet
  facet normal 0 0 -1
    outer loop
      vertex -0.19859564175616365 244.02320711621104 0
      vertex 5.861287706350128 83.82031932308172 0
      vertex 2.932430210427644 83.97381424027951 0
    endloop
  endfacet
  facet normal 0 0 -1
    outer loop
      vertex 10.971325546697448 233.81873531380674 0
      vertex 18.64419101892231 91.12762359515851 0
      vertex 18.98748875078079 84.6222807996963 0
    endloop
  endfacet
  facet normal 0.9985573839594557 0.05369498058522993 3.56704837950316e-17
    outer loop
      vertex 10.971325546697448 233.81873531380674 0
      vertex 18.64419101892231 91.12762359515851 15
      vertex 18.64419101892231 91.12762359515851 0
    endloop
  endfacet
  facet normal 0 0 -1
    outer loop
      vertex -0.19859564175616365 244.02320711621104 0
      vertex 10.885451682112011 234.6083324592153 0
      vertex 18.98748875078079 84.6222807996963 0
    endloop
  endfacet
  facet normal 0 0 -1
    outer loop
      vertex 10.971325546697448 233.81873531380674 0
      vertex 18.98748875078079 84.6222807996963 0
      vertex 10.885451682112011 234.6083324592153 0
    endloop
  endfacet
  facet normal 0 0 -1
    outer loop
      vertex -0.19859564175616365 244.02320711621104 0
      vertex 0.5955279944395919 244.00886755236235 0
      vertex 1.3865468234231828 243.93726318902063 0
    endloop
  endfacet
  facet normal 0 0 -1
    outer loop
      vertex -0.19859564175616365 244.02320711621104 0
      vertex 1.3865468234231828 243.93726318902063 0
      vertex 3.6999441506519277 243.38407395871155 0
    endloop
  endfacet
  facet normal 0 0 -1
    outer loop
      vertex 1.3865468234231828 243.93726318902063 0
      vertex 2.1703368392904006 243.80876733818096 0
      vertex 2.9428117238214293 243.62404991771143 0
    endloop
  endfacet
  facet normal 0 0 -1
    outer loop
      vertex 1.3865468234231828 243.93726318902063 0
      vertex 2.9428117238214293 243.62404991771143 0
      vertex 3.6999441506519277 243.38407395871155 0
    endloop
  endfacet
  facet normal 0 0 -1
    outer loop
      vertex -0.19859564175616365 244.02320711621104 0
      vertex 3.6999441506519277 243.38407395871155 0
      vertex 7.121249132600103 241.40878260640397 0
    endloop
  endfacet
  facet normal 0 0 -1
    outer loop
      vertex 3.6999441506519277 243.38407395871155 0
      vertex 5.152492847697691 242.74363248890623 0
      vertex 5.840336201588756 242.34650594337694 0
    endloop
  endfacet
  facet normal 0 0 -1
    outer loop
      vertex 3.6999441506519277 243.38407395871155 0
      vertex 4.437786781887892 243.09009058471412 0
      vertex 5.152492847697691 242.74363248890623 0
    endloop
  endfacet
  facet normal 0 0 -1
    outer loop
      vertex 3.6999441506519277 243.38407395871155 0
      vertex 5.840336201588756 242.34650594337694 0
      vertex 7.121249132600103 241.40878260640397 0
    endloop
  endfacet
  facet normal 0 0 -1
    outer loop
      vertex 10.544192422471854 236.15868890572867 0
      vertex 10.742826112810953 235.38967484232126 0
      vertex 10.29058619518161 236.91136536619211 0
    endloop
  endfacet
  facet normal 0 0 -1
    outer loop
      vertex 10.29058619518161 236.91136536619211 0
      vertex 10.742826112810953 235.38967484232126 0
      vertex 10.885451682112011 234.6083324592153 0
    endloop
  endfacet
  facet normal 0 0 -1
    outer loop
      vertex -0.19859564175616365 244.02320711621104 0
      vertex 7.121249132600103 241.40878260640397 0
      vertex 10.885451682112011 234.6083324592153 0
    endloop
  endfacet
  facet normal 0 0 -1
    outer loop
      vertex 7.121249132600103 241.40878260640397 0
      vertex 8.757023722762082 239.6819163671314 0
      vertex 9.624024579599647 238.3521146872638 0
    endloop
  endfacet
  facet normal 0 0 -1
    outer loop
      vertex 5.840336201588756 242.34650594337694 0
      vertex 6.4977307468100625 241.90078138205075 0
      vertex 7.121249132600103 241.40878260640397 0
    endloop
  endfacet
  facet normal 0 0 -1
    outer loop
      vertex 7.121249132600103 241.40878260640397 0
      vertex 7.707640622806767 240.87307467023973 0
      vertex 8.253848043720426 240.29645050668518 0
    endloop
  endfacet
  facet normal 0 0 -1
    outer loop
      vertex 7.121249132600103 241.40878260640397 0
      vertex 8.253848043720426 240.29645050668518 0
      vertex 8.757023722762082 239.6819163671314 0
    endloop
  endfacet
  facet normal 0 0 -1
    outer loop
      vertex 7.121249132600103 241.40878260640397 0
      vertex 9.624024579599647 238.3521146872638 0
      vertex 10.885451682112011 234.6083324592153 0
    endloop
  endfacet
  facet normal 0 0 -1
    outer loop
      vertex 9.624024579599647 238.3521146872638 0
      vertex 9.983329616380527 237.6437801171629 0
      vertex 10.29058619518161 236.91136536619211 0
    endloop
  endfacet
  facet normal 0 0 -1
    outer loop
      vertex 8.757023722762082 239.6819163671314 0
      vertex 9.214544334929613 239.03267614803065 0
      vertex 9.624024579599647 238.3521146872638 0
    endloop
  endfacet
  facet normal 0 0 -1
    outer loop
      vertex 9.624024579599647 238.3521146872638 0
      vertex 10.29058619518161 236.91136536619211 0
      vertex 10.885451682112011 234.6083324592153 0
    endloop
  endfacet
  facet normal 0.018054149250563832 0.9998370105646411 0
    outer loop
      vertex -0.19859564175616365 244.02320711621104 0
      vertex -0.19859564175616365 244.02320711621104 15
      vertex 0.5955279944395919 244.00886755236235 0
    endloop
  endfacet
  facet normal 0.09015308111207194 0.9959279200655037 -4.915791678321971e-20
    outer loop
      vertex 0.5955279944395919 244.00886755236235 0
      vertex 1.3865468234231828 243.93726318902063 15
      vertex 1.3865468234231828 243.93726318902063 0
    endloop
  endfacet
  facet normal 0.16178199655277023 0.9868265225415253 0
    outer loop
      vertex 1.3865468234231828 243.93726318902063 0
      vertex 1.3865468234231828 243.93726318902063 15
      vertex 2.1703368392904006 243.80876733818096 0
    endloop
  endfacet
  facet normal 0.2325674555743044 0.9725802684651247 9.029707775671276e-19
    outer loop
      vertex 2.1703368392904006 243.80876733818096 0
      vertex 2.9428117238214293 243.62404991771143 15
      vertex 2.9428117238214293 243.62404991771143 0
    endloop
  endfacet
  facet normal 0.302140415569589 0.9532634312085175 -1.0787565492243774e-18
    outer loop
      vertex 2.9428117238214293 243.62404991771143 0
      vertex 3.6999441506519277 243.38407395871155 15
      vertex 3.6999441506519277 243.38407395871155 0
    endloop
  endfacet
  facet normal 0.37013815533989247 0.9289767198168002 0
    outer loop
      vertex 3.6999441506519277 243.38407395871155 0
      vertex 3.6999441506519277 243.38407395871155 15
      vertex 4.437786781887892 243.09009058471412 0
    endloop
  endfacet
  facet normal 0.43620616615557584 0.8998467539575026 2.707134674554596e-19
    outer loop
      vertex 4.437786781887892 243.09009058471412 0
      vertex 5.152492847697691 242.74363248890623 15
      vertex 5.152492847697691 242.74363248890623 0
    endloop
  endfacet
  facet normal 0.49999999999998873 0.8660254037844451 3.0679571058830486e-19
    outer loop
      vertex 5.152492847697691 242.74363248890623 0
      vertex 5.840336201588756 242.34650594337694 15
      vertex 5.840336201588756 242.34650594337694 0
    endloop
  endfacet
  facet normal 0.9941379571543598 0.10811901842393921 2.708863847697952e-21
    outer loop
      vertex 10.971325546697448 233.81873531380674 0
      vertex 10.885451682112011 234.6083324592153 0
      vertex 10.885451682112011 234.6083324592153 15
    endloop
  endfacet
  facet normal 0.9837448439320028 0.17957194111887118 0
    outer loop
      vertex 10.885451682112011 234.6083324592153 0
      vertex 10.742826112810953 235.38967484232126 0
      vertex 10.885451682112011 234.6083324592153 15
    endloop
  endfacet
  facet normal 0.9682229406025615 0.25008865886106946 -1.0897294970755308e-18
    outer loop
      vertex 10.544192422471854 236.15868890572867 0
      vertex 10.742826112810953 235.38967484232126 15
      vertex 10.742826112810953 235.38967484232126 0
    endloop
  endfacet
  facet normal 0.773725839372827 0.633520580160435 2.3277054496717554e-18
    outer loop
      vertex 8.253848043720426 240.29645050668518 0
      vertex 8.757023722762082 239.6819163671314 15
      vertex 8.757023722762082 239.6819163671314 0
    endloop
  endfacet
  facet normal 0.6194483612157272 0.785037405342669 1.3392516332980749e-18
    outer loop
      vertex 6.4977307468100625 241.90078138205075 0
      vertex 7.121249132600103 241.40878260640397 15
      vertex 7.121249132600103 241.40878260640397 0
    endloop
  endfacet
  facet normal 0.5611870653623916 0.8276889981568843 0
    outer loop
      vertex 5.840336201588756 242.34650594337694 0
      vertex 5.840336201588756 242.34650594337694 15
      vertex 6.4977307468100625 241.90078138205075 0
    endloop
  endfacet
  facet normal 0.6744801401405149 0.7382929909974978 0
    outer loop
      vertex 7.121249132600103 241.40878260640397 0
      vertex 7.121249132600103 241.40878260640397 15
      vertex 7.707640622806767 240.87307467023973 0
    endloop
  endfacet
  facet normal 0.72599549192313 0.6876994588534242 -1.9996908916491177e-18
    outer loop
      vertex 7.707640622806767 240.87307467023973 0
      vertex 8.253848043720426 240.29645050668518 15
      vertex 8.253848043720426 240.29645050668518 0
    endloop
  endfacet
  facet normal 0.8918247572153826 0.45238103675742636 0
    outer loop
      vertex 9.624024579599647 238.3521146872638 0
      vertex 9.624024579599647 238.3521146872638 15
      vertex 9.983329616380527 237.6437801171629 0
    endloop
  endfacet
  facet normal 0.8174223385588963 0.5760388185052334 0
    outer loop
      vertex 8.757023722762082 239.6819163671314 0
      vertex 8.757023722762082 239.6819163671314 15
      vertex 9.214544334929613 239.03267614803065 0
    endloop
  endfacet
  facet normal 0.8568571761675897 0.515553857177021 1.1518093860232697e-18
    outer loop
      vertex 9.214544334929613 239.03267614803065 0
      vertex 9.624024579599647 238.3521146872638 15
      vertex 9.624024579599647 238.3521146872638 0
    endloop
  endfacet
  facet normal 0.9476531711828052 0.3193015301359717 -3.672421839425153e-20
    outer loop
      vertex 10.544192422471854 236.15868890572867 0
      vertex 10.29058619518161 236.91136536619211 0
      vertex 10.29058619518161 236.91136536619211 15
    endloop
  endfacet
  facet normal 0.922142776925931 0.38684971108084404 -3.751402629234629e-19
    outer loop
      vertex 9.983329616380527 237.6437801171629 0
      vertex 10.29058619518161 236.91136536619211 15
      vertex 10.29058619518161 236.91136536619211 0
    endloop
  endfacet
  facet normal 0 0 1
    outer loop
      vertex -0.19859564175616365 244.02320711621104 15
      vertex -2.934217656544103 84.02499999999999 15
      vertex 18.135882064137054 91.22642884692712 15
    endloop
  endfacet
  facet normal 0 0 1
    outer loop
      vertex 10.971325546697448 233.81873531380674 15
      vertex 18.135882064137054 91.22642884692712 15
      vertex 18.619050238650775 91.13251046779963 15
    endloop
  endfacet
  facet normal 0 0 1
    outer loop
      vertex 10.971325546697448 233.81873531380674 15
      vertex 18.619050238650775 91.13251046779963 15
      vertex 18.64419101892231 91.12762359515851 15
    endloop
  endfacet
  facet normal 0.9985573839594557 0.05369498058522993 0
    outer loop
      vertex 10.971325546697448 233.81873531380674 0
      vertex 10.971325546697448 233.81873531380674 15
      vertex 18.64419101892231 91.12762359515851 15
    endloop
  endfacet
  facet normal 0.018054149250563832 0.9998370105646411 -2.92339744445074e-20
    outer loop
      vertex -0.19859564175616365 244.02320711621104 15
      vertex 0.5955279944395919 244.00886755236235 15
      vertex 0.5955279944395919 244.00886755236235 0
    endloop
  endfacet
  facet normal 0.09015308111207194 0.9959279200655037 0
    outer loop
      vertex 0.5955279944395919 244.00886755236235 0
      vertex 0.5955279944395919 244.00886755236235 15
      vertex 1.3865468234231828 243.93726318902063 15
    endloop
  endfacet
  facet normal 0.16178199655277023 0.9868265225415253 0
    outer loop
      vertex 2.1703368392904006 243.80876733818096 0
      vertex 1.3865468234231828 243.93726318902063 15
      vertex 2.1703368392904006 243.80876733818096 15
    endloop
  endfacet
  facet normal 0.2325674555743044 0.9725802684651247 0
    outer loop
      vertex 2.1703368392904006 243.80876733818096 0
      vertex 2.1703368392904006 243.80876733818096 15
      vertex 2.9428117238214293 243.62404991771143 15
    endloop
  endfacet
  facet normal 0.302140415569589 0.9532634312085175 0
    outer loop
      vertex 2.9428117238214293 243.62404991771143 0
      vertex 2.9428117238214293 243.62404991771143 15
      vertex 3.6999441506519277 243.38407395871155 15
    endloop
  endfacet
  facet normal 0.37013815533989247 0.9289767198168002 0
    outer loop
      vertex 4.437786781887892 243.09009058471412 0
      vertex 3.6999441506519277 243.38407395871155 15
      vertex 4.437786781887892 243.09009058471412 15
    endloop
  endfacet
  facet normal 0.43620616615557584 0.8998467539575026 0
    outer loop
      vertex 4.437786781887892 243.09009058471412 0
      vertex 4.437786781887892 243.09009058471412 15
      vertex 5.152492847697691 242.74363248890623 15
    endloop
  endfacet
  facet normal 0.49999999999998873 0.8660254037844451 0
    outer loop
      vertex 5.152492847697691 242.74363248890623 0
      vertex 5.152492847697691 242.74363248890623 15
      vertex 5.840336201588756 242.34650594337694 15
    endloop
  endfacet
  facet normal 0.9941379571543598 0.10811901842393921 0
    outer loop
      vertex 10.971325546697448 233.81873531380674 0
      vertex 10.885451682112011 234.6083324592153 15
      vertex 10.971325546697448 233.81873531380674 15
    endloop
  endfacet
  facet normal 0.9837448439320028 0.17957194111887118 0
    outer loop
      vertex 10.742826112810953 235.38967484232126 0
      vertex 10.742826112810953 235.38967484232126 15
      vertex 10.885451682112011 234.6083324592153 15
    endloop
  endfacet
  facet normal 0.9682229406025615 0.25008865886106946 0
    outer loop
      vertex 10.544192422471854 236.15868890572867 0
      vertex 10.544192422471854 236.15868890572867 15
      vertex 10.742826112810953 235.38967484232126 15
    endloop
  endfacet
  facet normal 0.773725839372827 0.633520580160435 0
    outer loop
      vertex 8.253848043720426 240.29645050668518 0
      vertex 8.253848043720426 240.29645050668518 15
      vertex 8.757023722762082 239.6819163671314 15
    endloop
  endfacet
  facet normal 0.5611870653623916 0.8276889981568843 0
    outer loop
      vertex 6.4977307468100625 241.90078138205075 0
      vertex 5.840336201588756 242.34650594337694 15
      vertex 6.4977307468100625 241.90078138205075 15
    endloop
  endfacet
  facet normal 0.6194483612157272 0.785037405342669 0
    outer loop
      vertex 6.4977307468100625 241.90078138205075 0
      vertex 6.4977307468100625 241.90078138205075 15
      vertex 7.121249132600103 241.40878260640397 15
    endloop
  endfacet
  facet normal 0.6744801401405149 0.7382929909974978 0
    outer loop
      vertex 7.707640622806767 240.87307467023973 0
      vertex 7.121249132600103 241.40878260640397 15
      vertex 7.707640622806767 240.87307467023973 15
    endloop
  endfacet
  facet normal 0.72599549192313 0.6876994588534242 0
    outer loop
      vertex 7.707640622806767 240.87307467023973 0
      vertex 7.707640622806767 240.87307467023973 15
      vertex 8.253848043720426 240.29645050668518 15
    endloop
  endfacet
  facet normal 0.922142776925931 0.38684971108084404 0
    outer loop
      vertex 9.983329616380527 237.6437801171629 0
      vertex 9.983329616380527 237.6437801171629 15
      vertex 10.29058619518161 236.91136536619211 15
    endloop
  endfacet
  facet normal 0.8918247572153826 0.45238103675742636 0
    outer loop
      vertex 9.983329616380527 237.6437801171629 0
      vertex 9.624024579599647 238.3521146872638 15
      vertex 9.983329616380527 237.6437801171629 15
    endloop
  endfacet
  facet normal 0.8174223385588963 0.5760388185052334 0
    outer loop
      vertex 9.214544334929613 239.03267614803065 0
      vertex 8.757023722762082 239.6819163671314 15
      vertex 9.214544334929613 239.03267614803065 15
    endloop
  endfacet
  facet normal 0.8568571761675897 0.515553857177021 0
    outer loop
      vertex 9.214544334929613 239.03267614803065 0
      vertex 9.214544334929613 239.03267614803065 15
      vertex 9.624024579599647 238.3521146872638 15
    endloop
  endfacet
  facet normal 0.9476531711828052 0.3193015301359717 0
    outer loop
      vertex 10.544192422471854 236.15868890572867 0
      vertex 10.29058619518161 236.91136536619211 15
      vertex 10.544192422471854 236.15868890572867 15
    endloop
  endfacet
  facet normal 0 0 1
    outer loop
      vertex -0.19859564175616365 244.02320711621104 15
      vertex 18.135882064137054 91.22642884692712 15
      vertex 10.885451682112011 234.6083324592153 15
    endloop
  endfacet
  facet normal 0 0 1
    outer loop
      vertex 10.971325546697448 233.81873531380674 15
      vertex 10.885451682112011 234.6083324592153 15
      vertex 18.135882064137054 91.22642884692712 15
    endloop
  endfacet
  facet normal 0 0 1
    outer loop
      vertex -0.19859564175616365 244.02320711621104 15
      vertex 1.3865468234231828 243.93726318902063 15
      vertex 0.5955279944395919 244.00886755236235 15
    endloop
  endfacet
  facet normal 0 0 1
    outer loop
      vertex -0.19859564175616365 244.02320711621104 15
      vertex 3.6999441506519277 243.38407395871155 15
      vertex 1.3865468234231828 243.93726318902063 15
    endloop
  endfacet
  facet normal 0 0 1
    outer loop
      vertex 1.3865468234231828 243.93726318902063 15
      vertex 2.9428117238214293 243.62404991771143 15
      vertex 2.1703368392904006 243.80876733818096 15
    endloop
  endfacet
  facet normal 0 0 1
    outer loop
      vertex 1.3865468234231828 243.93726318902063 15
      vertex 3.6999441506519277 243.38407395871155 15
      vertex 2.9428117238214293 243.62404991771143 15
    endloop
  endfacet
  facet normal 0 0 1
    outer loop
      vertex -0.19859564175616365 244.02320711621104 15
      vertex 7.121249132600103 241.40878260640397 15
      vertex 3.6999441506519277 243.38407395871155 15
    endloop
  endfacet
  facet normal 0 0 1
    outer loop
      vertex 3.6999441506519277 243.38407395871155 15
      vertex 5.840336201588756 242.34650594337694 15
      vertex 5.152492847697691 242.74363248890623 15
    endloop
  endfacet
  facet normal 0 0 1
    outer loop
      vertex 3.6999441506519277 243.38407395871155 15
      vertex 5.152492847697691 242.74363248890623 15
      vertex 4.437786781887892 243.09009058471412 15
    endloop
  endfacet
  facet normal 0 0 1
    outer loop
      vertex 3.6999441506519277 243.38407395871155 15
      vertex 7.121249132600103 241.40878260640397 15
      vertex 5.840336201588756 242.34650594337694 15
    endloop
  endfacet
  facet normal 0 0 1
    outer loop
      vertex 10.544192422471854 236.15868890572867 15
      vertex 10.29058619518161 236.91136536619211 15
      vertex 10.742826112810953 235.38967484232126 15
    endloop
  endfacet
  facet normal 0 0 1
    outer loop
      vertex 10.29058619518161 236.91136536619211 15
      vertex 10.885451682112011 234.6083324592153 15
      vertex 10.742826112810953 235.38967484232126 15
    endloop
  endfacet
  facet normal 0 0 1
    outer loop
      vertex -0.19859564175616365 244.02320711621104 15
      vertex 10.885451682112011 234.6083324592153 15
      vertex 7.121249132600103 241.40878260640397 15
    endloop
  endfacet
  facet normal 0 0 1
    outer loop
      vertex 7.121249132600103 241.40878260640397 15
      vertex 9.624024579599647 238.3521146872638 15
      vertex 8.757023722762082 239.6819163671314 15
    endloop
  endfacet
  facet normal 0 0 1
    outer loop
      vertex 5.840336201588756 242.34650594337694 15
      vertex 7.121249132600103 241.40878260640397 15
      vertex 6.4977307468100625 241.90078138205075 15
    endloop
  endfacet
  facet normal 0 0 1
    outer loop
      vertex 7.121249132600103 241.40878260640397 15
      vertex 8.253848043720426 240.29645050668518 15
      vertex 7.707640622806767 240.87307467023973 15
    endloop
  endfacet
  facet normal 0 0 1
    outer loop
      vertex 7.121249132600103 241.40878260640397 15
      vertex 8.757023722762082 239.6819163671314 15
      vertex 8.253848043720426 240.29645050668518 15
    endloop
  endfacet
  facet normal 0 0 1
    outer loop
      vertex 7.121249132600103 241.40878260640397 15
      vertex 10.885451682112011 234.6083324592153 15
      vertex 9.624024579599647 238.3521146872638 15
    endloop
  endfacet
  facet normal 0 0 1
    outer loop
      vertex 9.624024579599647 238.3521146872638 15
      vertex 10.29058619518161 236.91136536619211 15
      vertex 9.983329616380527 237.6437801171629 15
    endloop
  endfacet
  facet normal 0 0 1
    outer loop
      vertex 8.757023722762082 239.6819163671314 15
      vertex 9.624024579599647 238.3521146872638 15
      vertex 9.214544334929613 239.03267614803065 15
    endloop
  endfacet
  facet normal 0 0 1
    outer loop
      vertex 9.624024579599647 238.3521146872638 15
      vertex 10.885451682112011 234.6083324592153 15
      vertex 10.29058619518161 236.91136536619211 15
    endloop
  endfacet
  facet normal 0.22495105434385962 -0.9743700647852365 0
    outer loop
      vertex -18.873420766313668 81.86479610561496 15
      vertex -18.873420766313668 81.86479610561496 0
      vertex -17.469779820962227 82.18885215165801 0
    endloop
  endfacet
  facet normal 0.19080899537654078 -0.9816271834476648 0
    outer loop
      vertex -17.469779820962227 82.18885215165801 0
      vertex -16.80450675565968 82.31816813575252 0
      vertex -17.469779820962227 82.18885215165801 15
    endloop
  endfacet
  facet normal 0.15643446504024036 -0.9876883405951361 3.901090086892417e-19
    outer loop
      vertex -11.694019808169497 83.20727447601044 0
      vertex -12.363400669856224 83.10125496286823 15
      vertex -12.363400669856224 83.10125496286823 0
    endloop
  endfacet
  facet normal 0.0871557427476566 -0.9961946980917458 0
    outer loop
      vertex -5.861287706350128 83.82031932308172 0
      vertex -5.861287706350128 83.82031932308172 15
      vertex -8.783004126064583 83.56470225831916 0
    endloop
  endfacet
  facet normal 0.052335956242945084 -0.9986295347545738 0
    outer loop
      vertex -2.932430210427644 83.97381424027951 0
      vertex -2.932430210427644 83.97381424027951 15
      vertex -5.861287706350128 83.82031932308172 0
    endloop
  endfacet
  facet normal 0.017452406437283876 -0.9998476951563913 0
    outer loop
      vertex 0 84.02499999999999 0
      vertex 0 84.02499999999999 15
      vertex -2.932430210427644 83.97381424027951 0
    endloop
  endfacet
  facet normal 0.22495105434385962 -0.9743700647852365 0
    outer loop
      vertex -17.469779820962227 82.18885215165801 0
      vertex -17.469779820962227 82.18885215165801 15
      vertex -18.873420766313668 81.86479610561496 15
    endloop
  endfacet
  facet normal 0.19080899537654078 -0.9816271834476648 0
    outer loop
      vertex -16.80450675565968 82.31816813575252 0
      vertex -16.80450675565968 82.31816813575252 15
      vertex -17.469779820962227 82.18885215165801 15
    endloop
  endfacet
  facet normal 0.15643446504024036 -0.9876883405951361 0
    outer loop
      vertex -11.694019808169497 83.20727447601044 0
      vertex -11.694019808169497 83.20727447601044 15
      vertex -12.363400669856224 83.10125496286823 15
    endloop
  endfacet
  facet normal 0.0871557427476566 -0.9961946980917458 0
    outer loop
      vertex -8.783004126064583 83.56470225831916 15
      vertex -8.783004126064583 83.56470225831916 0
      vertex -5.861287706350128 83.82031932308172 15
    endloop
  endfacet
  facet normal 0.052335956242945084 -0.9986295347545738 0
    outer loop
      vertex -5.861287706350128 83.82031932308172 0
      vertex -2.932430210427644 83.97381424027951 15
      vertex -5.861287706350128 83.82031932308172 15
    endloop
  endfacet
  facet normal 0.017452406437283876 -0.9998476951563913 2.6485978783243563e-19
    outer loop
      vertex 0 84.02499999999999 15
      vertex -2.932430210427644 83.97381424027951 15
      vertex -2.932430210427644 83.97381424027951 0
    endloop
  endfacet
  facet normal -0.052335956242945084 -0.9986295347545738 0
    outer loop
      vertex 5.861287706350128 83.82031932308172 0
      vertex 5.861287706350128 83.82031932308172 15
      vertex 2.932430210427644 83.97381424027951 0
    endloop
  endfacet
  facet normal -0.017452406437283876 -0.9998476951563913 0
    outer loop
      vertex 2.932430210427644 83.97381424027951 0
      vertex 2.932430210427644 83.97381424027951 15
      vertex 0 84.02499999999999 0
    endloop
  endfacet
  facet normal -0.0871557427476566 -0.9961946980917458 0
    outer loop
      vertex 8.783004126064583 83.56470225831916 0
      vertex 8.783004126064583 83.56470225831916 15
      vertex 5.861287706350128 83.82031932308172 0
    endloop
  endfacet
  facet normal -0.12186934340514666 -0.9925461516413222 0
    outer loop
      vertex 11.694019808169497 83.20727447601044 0
      vertex 11.694019808169497 83.20727447601044 15
      vertex 8.783004126064583 83.56470225831916 0
    endloop
  endfacet
  facet normal -0.15643446504024036 -0.9876883405951361 0
    outer loop
      vertex 11.694019808169497 83.20727447601044 15
      vertex 11.694019808169497 83.20727447601044 0
      vertex 12.363400669856224 83.10125496286823 0
    endloop
  endfacet
  facet normal -0.19080899537654078 -0.9816271834476648 -3.278030937896201e-19
    outer loop
      vertex 17.469779820962227 82.18885215165801 0
      vertex 16.80450675565968 82.31816813575252 15
      vertex 16.80450675565968 82.31816813575252 0
    endloop
  endfacet
  facet normal -0.22495105434385962 -0.9743700647852365 0
    outer loop
      vertex 17.469779820962227 82.18885215165801 0
      vertex 18.873420766313668 81.86479610561496 0
      vertex 17.469779820962227 82.18885215165801 15
    endloop
  endfacet
  facet normal -0.017452406437283876 -0.9998476951563913 0
    outer loop
      vertex 0 84.02499999999999 15
      vertex 0 84.02499999999999 0
      vertex 2.932430210427644 83.97381424027951 15
    endloop
  endfacet
  facet normal -0.052335956242945084 -0.9986295347545738 0
    outer loop
      vertex 2.932430210427644 83.97381424027951 15
      vertex 2.932430210427644 83.97381424027951 0
      vertex 5.861287706350128 83.82031932308172 15
    endloop
  endfacet
  facet normal -0.0871557427476566 -0.9961946980917458 0
    outer loop
      vertex 5.861287706350128 83.82031932308172 15
      vertex 5.861287706350128 83.82031932308172 0
      vertex 8.783004126064583 83.56470225831916 15
    endloop
  endfacet
  facet normal -0.12186934340514666 -0.9925461516413222 0
    outer loop
      vertex 8.783004126064583 83.56470225831916 15
      vertex 8.783004126064583 83.56470225831916 0
      vertex 11.694019808169497 83.20727447601044 15
    endloop
  endfacet
  facet normal -0.15643446504024036 -0.9876883405951361 -3.901090086892417e-19
    outer loop
      vertex 11.694019808169497 83.20727447601044 15
      vertex 12.363400669856224 83.10125496286823 0
      vertex 12.363400669856224 83.10125496286823 15
    endloop
  endfacet
  facet normal -0.19080899537654078 -0.9816271834476648 0
    outer loop
      vertex 17.469779820962227 82.18885215165801 0
      vertex 17.469779820962227 82.18885215165801 15
      vertex 16.80450675565968 82.31816813575252 15
    endloop
  endfacet
  facet normal -0.22495105434385962 -0.9743700647852365 0
    outer loop
      vertex 18.873420766313668 81.86479610561496 0
      vertex 18.873420766313668 81.86479610561496 15
      vertex 17.469779820962227 82.18885215165801 15
    endloop
  endfacet
endsolid OpenSCAD_Model
